timestamp_iso,status_code,latency_ms,error
2026-09-20T21:56:57.994582+00:00,200,182.132,
2026-09-20T21:56:58.023437+00:00,200,177.18,
2026-09-20T21:56:58.056783+00:00,200,169.516,
2026-09-20T21:56:58.090125+00:00,200,163.217,
2026-09-20T21:56:58.176838+00:00,200,87.9,
2026-09-20T21:56:58.123464+00:00,200,162.667,
2026-09-20T21:56:58.200632+00:00,200,100.936,
2026-09-20T21:56:58.226309+00:00,200,87.322,
2026-09-20T21:56:58.156810+00:00,200,158.499,
2026-09-20T21:56:58.253351+00:00,200,87.732,
2026-09-20T21:56:58.190245+00:00,200,160.762,
2026-09-20T21:56:58.264754+00:00,200,100.486,
2026-09-20T21:56:58.286143+00:00,200,86.737,
2026-09-20T21:56:58.224944+00:00,200,164.295,
2026-09-20T21:56:58.301591+00:00,200,88.984,
2026-09-20T21:56:58.313644+00:00,200,88.267,
2026-09-20T21:56:58.315315+00:00,200,90.529,
2026-09-20T21:56:58.256042+00:00,200,159.286,
2026-09-20T21:56:58.341102+00:00,200,89.389,
2026-09-20T21:56:58.351031+00:00,200,84.654,
2026-09-20T21:56:58.365250+00:00,200,87.605,
2026-09-20T21:56:58.289435+00:00,200,165.897,
2026-09-20T21:56:58.372900+00:00,200,90.137,
2026-09-20T21:56:58.390591+00:00,200,89.956,
2026-09-20T21:56:58.389264+00:00,200,93.346,
2026-09-20T21:56:58.323419+00:00,200,172.965,
2026-09-20T21:56:58.405853+00:00,200,92.948,
2026-09-20T21:56:58.415336+00:00,200,90.993,
2026-09-20T21:56:58.401926+00:00,200,106.451,
2026-09-20T21:56:58.430515+00:00,200,87.165,
2026-09-20T21:56:58.356410+00:00,200,168.017,
2026-09-20T21:56:58.435697+00:00,200,94.487,
2026-09-20T21:56:58.455342+00:00,200,90.106,
2026-09-20T21:56:58.452869+00:00,200,94.561,
2026-09-20T21:56:58.463048+00:00,200,87.99,
2026-09-20T21:56:58.391338+00:00,200,176.487,
2026-09-20T21:56:58.480557+00:00,200,92.074,
2026-09-20T21:56:58.482620+00:00,200,102.863,
2026-09-20T21:56:58.498811+00:00,200,98.281,
2026-09-20T21:56:58.496398+00:00,200,103.483,
2026-09-20T21:56:58.423415+00:00,200,179.824,
2026-09-20T21:56:58.506338+00:00,200,105.844,
2026-09-20T21:56:58.508389+00:00,200,105.71,
2026-09-20T21:56:58.524437+00:00,200,106.459,
2026-09-20T21:56:58.456173+00:00,200,180.156,
2026-09-20T21:56:58.517698+00:00,200,121.27,
2026-09-20T21:56:58.530195+00:00,200,111.988,
2026-09-20T21:56:58.545459+00:00,200,110.657,
2026-09-20T21:56:58.551047+00:00,200,107.351,
2026-09-20T21:56:58.567837+00:00,200,105.436,
2026-09-20T21:56:58.572651+00:00,200,102.253,
2026-09-20T21:56:58.547445+00:00,200,128.663,
2026-09-20T21:56:58.489930+00:00,200,187.858,
2026-09-20T21:56:58.523419+00:00,200,164.449,
2026-09-20T21:56:58.585502+00:00,200,109.099,
2026-09-20T21:56:58.597106+00:00,200,108.395,
2026-09-20T21:56:58.612200+00:00,200,95.427,
2026-09-20T21:56:58.599897+00:00,200,119.43,
2026-09-20T21:56:58.614110+00:00,200,106.971,
2026-09-20T21:56:58.603250+00:00,200,120.699,
2026-09-20T21:56:58.638982+00:00,200,91.077,
2026-09-20T21:56:58.556514+00:00,200,187.918,
2026-09-20T21:56:58.636335+00:00,200,122.782,
2026-09-20T21:56:58.642194+00:00,200,117.626,
2026-09-20T21:56:58.630906+00:00,200,132.425,
2026-09-20T21:56:58.658406+00:00,200,115.521,
2026-09-20T21:56:58.589663+00:00,200,190.601,
2026-09-20T21:56:58.656134+00:00,200,130.517,
2026-09-20T21:56:58.674921+00:00,200,127.897,
2026-09-20T21:56:58.677804+00:00,200,127.676,
2026-09-20T21:56:58.673292+00:00,200,141.397,
2026-09-20T21:56:58.694623+00:00,200,126.091,
2026-09-20T21:56:58.687880+00:00,200,138.933,
2026-09-20T21:56:58.623559+00:00,200,210.984,
2026-09-20T21:56:58.721089+00:00,200,138.425,
2026-09-20T21:56:58.707647+00:00,200,152.698,
2026-09-20T21:56:58.676119+00:00,200,187.248,
2026-09-20T21:56:58.719333+00:00,200,145.017,
2026-09-20T21:56:58.744450+00:00,200,149.845,
2026-09-20T21:56:58.759825+00:00,200,148.981,
2026-09-20T21:56:58.656933+00:00,200,253.098,
2026-09-20T21:56:58.705512+00:00,200,206.708,
2026-09-20T21:56:58.763338+00:00,200,152.337,
2026-09-20T21:56:58.730064+00:00,200,191.928,
2026-09-20T21:56:58.689470+00:00,200,237.214,
2026-09-20T21:56:58.759122+00:00,200,168.342,
2026-09-20T21:56:58.723954+00:00,200,211.587,
2026-09-20T21:56:58.773932+00:00,200,162.363,
2026-09-20T21:56:58.802823+00:00,200,149.911,
2026-09-20T21:56:58.722820+00:00,200,230.434,
2026-09-20T21:56:58.786661+00:00,200,167.462,
2026-09-20T21:56:58.820720+00:00,200,142.34,
2026-09-20T21:56:58.826818+00:00,200,174.29,
2026-09-20T21:56:58.863373+00:00,200,143.056,
2026-09-20T21:56:58.864356+00:00,200,151.619,
2026-09-20T21:56:58.860349+00:00,200,159.97,
2026-09-20T21:56:58.789632+00:00,200,234.893,
2026-09-20T21:56:58.859520+00:00,200,165.648,
2026-09-20T21:56:58.780291+00:00,200,247.929,
2026-09-20T21:56:58.805485+00:00,200,223.972,
2026-09-20T21:56:58.894299+00:00,200,161.533,
2026-09-20T21:56:58.814696+00:00,200,244.336,
2026-09-20T21:56:58.822872+00:00,200,247.857,
2026-09-20T21:56:58.915677+00:00,200,158.384,
2026-09-20T21:56:58.910036+00:00,200,164.512,
2026-09-20T21:56:58.908810+00:00,200,170.973,
2026-09-20T21:56:58.935544+00:00,200,159.061,
2026-09-20T21:56:58.834550+00:00,200,269.005,
2026-09-20T21:56:58.757085+00:00,200,354.641,
2026-09-20T21:56:58.963064+00:00,200,162.926,
2026-09-20T21:56:58.953257+00:00,200,173.448,
2026-09-20T21:56:58.857155+00:00,200,273.206,
2026-09-20T21:56:58.927468+00:00,200,210.075,
2026-09-20T21:56:58.921996+00:00,200,224.603,
2026-09-20T21:56:58.912226+00:00,200,240.425,
2026-09-20T21:56:58.954127+00:00,200,208.26,
2026-09-20T21:56:58.952738+00:00,200,210.294,
2026-09-20T21:56:58.890507+00:00,200,279.802,
2026-09-20T21:56:59.001114+00:00,200,184.176,
2026-09-20T21:56:59.015978+00:00,200,181.247,
2026-09-20T21:56:59.028224+00:00,200,175.903,
2026-09-20T21:56:59.024529+00:00,200,182.823,
2026-09-20T21:56:58.922766+00:00,200,286.672,
2026-09-20T21:56:59.025174+00:00,200,193.387,
2026-09-20T21:56:59.006432+00:00,200,213.509,
2026-09-20T21:56:59.020325+00:00,200,216.293,
2026-09-20T21:56:58.926691+00:00,200,332.921,
2026-09-20T21:56:59.055836+00:00,200,204.797,
2026-09-20T21:56:58.936298+00:00,200,326.06,
2026-09-20T21:56:59.070733+00:00,200,203.14,
2026-09-20T21:56:59.074064+00:00,200,234.799,
2026-09-20T21:56:59.079786+00:00,200,232.83,
2026-09-20T21:56:59.074550+00:00,200,240.545,
2026-09-20T21:56:59.059035+00:00,200,257.112,
2026-09-20T21:56:59.146603+00:00,200,186.212,
2026-09-20T21:56:59.023044+00:00,200,312.331,
2026-09-20T21:56:59.103561+00:00,200,237.715,
2026-09-20T21:56:59.029460+00:00,200,318.476,
2026-09-20T21:56:59.094608+00:00,200,256.458,
2026-09-20T21:56:59.130374+00:00,200,221.645,
2026-09-20T21:56:59.056311+00:00,200,297.268,
2026-09-20T21:56:59.125993+00:00,200,244.028,
2026-09-20T21:56:58.990487+00:00,200,381.925,
2026-09-20T21:56:59.163035+00:00,200,214.337,
2026-09-20T21:56:59.162389+00:00,200,228.891,
2026-09-20T21:56:58.956134+00:00,200,450.762,
2026-09-20T21:56:59.126708+00:00,200,291.032,
2026-09-20T21:56:59.090522+00:00,200,334.678,
2026-09-20T21:56:59.197229+00:00,200,242.262,
2026-09-20T21:56:59.137545+00:00,200,321.659,
2026-09-20T21:56:59.123838+00:00,200,337.807,
2026-09-20T21:56:59.204131+00:00,200,260.006,
2026-09-20T21:56:59.209440+00:00,200,257.011,
2026-09-20T21:56:59.185295+00:00,200,282.272,
2026-09-20T21:56:59.207355+00:00,200,264.594,
2026-09-20T21:56:59.111734+00:00,200,371.957,
2026-09-20T21:56:59.219945+00:00,200,271.698,
2026-09-20T21:56:59.236622+00:00,200,261.317,
2026-09-20T21:56:59.152654+00:00,200,354.556,
2026-09-20T21:56:59.262362+00:00,200,251.925,
2026-09-20T21:56:59.260639+00:00,200,261.208,
2026-09-20T21:56:59.273878+00:00,200,249.242,
2026-09-20T21:56:59.170316+00:00,200,360.297,
2026-09-20T21:56:59.223156+00:00,200,313.997,
2026-09-20T21:56:59.259618+00:00,200,281.371,
2026-09-20T21:56:59.218563+00:00,200,332.88,
2026-09-20T21:56:59.316150+00:00,200,256.726,
2026-09-20T21:56:59.189996+00:00,200,384.917,
2026-09-20T21:56:59.312622+00:00,200,269.09,
2026-09-20T21:56:59.335378+00:00,200,250.362,
2026-09-20T21:56:59.258152+00:00,200,338.96,
2026-09-20T21:56:59.341285+00:00,200,263.168,
2026-09-20T21:56:59.308870+00:00,200,296.933,
2026-09-20T21:56:59.351073+00:00,200,257.806,
2026-09-20T21:56:59.315099+00:00,200,294.619,
2026-09-20T21:56:59.323602+00:00,200,291.345,
2026-09-20T21:56:59.290596+00:00,200,331.127,
2026-09-20T21:56:59.156543+00:00,200,467.092,
2026-09-20T21:56:59.332822+00:00,200,306.024,
2026-09-20T21:56:59.347941+00:00,200,293.371,
2026-09-20T21:56:59.352023+00:00,200,300.08,
2026-09-20T21:56:59.372416+00:00,200,280.658,
2026-09-20T21:56:59.370025+00:00,200,285.229,
2026-09-20T21:56:59.391285+00:00,200,289.965,
2026-09-20T21:56:59.377375+00:00,200,306.532,
2026-09-20T21:56:59.356351+00:00,200,345.533,
2026-09-20T21:56:59.353582+00:00,200,349.736,
2026-09-20T21:56:59.406906+00:00,200,300.817,
2026-09-20T21:56:59.464143+00:00,200,244.953,
2026-09-20T21:56:59.390312+00:00,200,341.447,
2026-09-20T21:56:59.417747+00:00,200,314.778,
2026-09-20T21:56:59.439502+00:00,200,294.95,
2026-09-20T21:56:59.459210+00:00,200,276.015,
2026-09-20T21:56:59.467570+00:00,200,274.403,
2026-09-20T21:56:59.514296+00:00,200,228.457,
2026-09-20T21:56:59.461649+00:00,200,284.107,
2026-09-20T21:56:59.497944+00:00,200,250.506,
2026-09-20T21:56:59.471953+00:00,200,284.315,
2026-09-20T21:56:59.524131+00:00,200,251.357,
2026-09-20T21:56:59.483697+00:00,200,312.715,
2026-09-20T21:56:59.425203+00:00,200,373.618,
2026-09-20T21:56:59.466455+00:00,200,333.78,
2026-09-20T21:56:59.551453+00:00,200,251.336,
2026-09-20T21:56:59.423324+00:00,200,390.769,
2026-09-20T21:56:59.537156+00:00,200,277.917,
2026-09-20T21:56:59.530616+00:00,200,287.793,
2026-09-20T21:56:59.541000+00:00,200,279.601,
2026-09-20T21:56:59.507215+00:00,200,319.273,
2026-09-20T21:56:59.521856+00:00,200,313.416,
2026-09-20T21:56:59.491647+00:00,200,345.308,
2026-09-20T21:56:59.490285+00:00,200,352.669,
2026-09-20T21:56:59.523129+00:00,200,338.641,
2026-09-20T21:56:59.604474+00:00,200,262.988,
2026-09-20T21:56:59.574917+00:00,200,304.551,
2026-09-20T21:56:59.457934+00:00,200,423.894,
2026-09-20T21:56:59.581724+00:00,200,307.698,
2026-09-20T21:56:59.572888+00:00,200,320.468,
2026-09-20T21:56:59.605826+00:00,200,291.373,
2026-09-20T21:56:59.585744+00:00,200,314.276,
2026-09-20T21:56:59.556791+00:00,200,344.682,
2026-09-20T21:56:59.641316+00:00,200,261.853,
2026-09-20T21:56:59.608885+00:00,200,299.912,
2026-09-20T21:56:59.638850+00:00,200,271.242,
2026-09-20T21:56:59.614953+00:00,200,314.604,
2026-09-20T21:56:59.655258+00:00,200,309.977,
2026-09-20T21:56:59.597142+00:00,200,368.904,
2026-09-20T21:56:59.623641+00:00,200,347.064,
2026-09-20T21:56:59.681260+00:00,200,297.904,
2026-09-20T21:56:59.609723+00:00,200,382.503,
2026-09-20T21:56:59.590111+00:00,200,439.597,
2026-09-20T21:56:59.621729+00:00,200,409.235,
2026-09-20T21:56:59.707739+00:00,200,325.995,
2026-09-20T21:56:59.701889+00:00,200,333.357,
2026-09-20T21:56:59.683913+00:00,200,354.513,
2026-09-20T21:56:59.656520+00:00,200,385.911,
2026-09-20T21:56:59.653078+00:00,200,389.963,
2026-09-20T21:56:59.731763+00:00,200,311.92,
2026-09-20T21:56:59.709102+00:00,200,335.872,
2026-09-20T21:56:59.703321+00:00,200,359.301,
2026-09-20T21:56:59.735230+00:00,200,329.249,
2026-09-20T21:56:59.652106+00:00,200,413.492,
2026-09-20T21:56:59.732533+00:00,200,335.007,
2026-09-20T21:56:59.624401+00:00,200,446.848,
2026-09-20T21:56:59.742768+00:00,200,340.484,
2026-09-20T21:56:59.775491+00:00,200,309.482,
2026-09-20T21:56:59.689768+00:00,200,406.034,
2026-09-20T21:56:59.724089+00:00,200,378.709,
2026-09-20T21:56:59.756271+00:00,200,347.573,
2026-09-20T21:56:59.745762+00:00,200,361.021,
2026-09-20T21:56:59.741975+00:00,200,375.134,
2026-09-20T21:56:59.734467+00:00,200,388.85,
2026-09-20T21:56:59.814106+00:00,200,310.264,
2026-09-20T21:56:59.748453+00:00,200,394.658,
2026-09-20T21:56:59.798830+00:00,200,346.642,
2026-09-20T21:56:59.820605+00:00,200,330.175,
2026-09-20T21:56:59.796416+00:00,200,355.433,
2026-09-20T21:56:59.800239+00:00,200,368.84,
2026-09-20T21:56:59.815077+00:00,200,375.252,
2026-09-20T21:56:59.861775+00:00,200,330.526,
2026-09-20T21:56:59.818413+00:00,200,390.242,
2026-09-20T21:56:59.826492+00:00,200,383.974,
2026-09-20T21:56:59.836958+00:00,200,379.296,
2026-09-20T21:56:59.881840+00:00,200,338.09,
2026-09-20T21:56:59.802806+00:00,200,418.181,
2026-09-20T21:56:59.867467+00:00,200,368.298,
2026-09-20T21:56:59.790774+00:00,200,452.405,
2026-09-20T21:56:59.842957+00:00,200,403.386,
2026-09-20T21:56:59.900028+00:00,200,348.164,
2026-09-20T21:56:59.756892+00:00,200,504.263,
2026-09-20T21:56:59.835284+00:00,200,439.29,
2026-09-20T21:56:59.889431+00:00,200,387.457,
2026-09-20T21:56:59.893372+00:00,200,386.094,
2026-09-20T21:56:59.908802+00:00,200,371.752,
2026-09-20T21:56:59.903173+00:00,200,394.419,
2026-09-20T21:56:59.823336+00:00,200,475.896,
2026-09-20T21:56:59.879476+00:00,200,422.325,
2026-09-20T21:56:59.910096+00:00,200,392.744,
2026-09-20T21:56:59.966056+00:00,200,339.124,
2026-09-20T21:57:00.029715+00:00,200,283.465,
2026-09-20T21:56:59.901478+00:00,200,412.609,
2026-09-20T21:56:59.965240+00:00,200,350.332,
2026-09-20T21:56:59.929563+00:00,200,395.726,
2026-09-20T21:56:59.897204+00:00,200,437.618,
2026-09-20T21:56:59.857491+00:00,200,502.455,
2026-09-20T21:56:59.970709+00:00,200,392.908,
2026-09-20T21:56:59.957515+00:00,200,412.231,
2026-09-20T21:56:59.992230+00:00,200,395.878,
2026-09-20T21:56:59.890044+00:00,200,500.329,
2026-09-20T21:57:00.043685+00:00,200,351.991,
2026-09-20T21:57:00.033739+00:00,200,371.159,
2026-09-20T21:56:59.979208+00:00,200,430.42,
2026-09-20T21:56:59.924057+00:00,200,487.517,
2026-09-20T21:57:00.038444+00:00,200,374.051,
2026-09-20T21:57:00.030970+00:00,200,389.981,
2026-09-20T21:57:00.043044+00:00,200,404.887,
2026-09-20T21:57:00.064483+00:00,200,395.38,
2026-09-20T21:57:00.035254+00:00,200,426.768,
2026-09-20T21:57:00.071251+00:00,200,393.269,
2026-09-20T21:57:00.095805+00:00,200,372.312,
2026-09-20T21:56:59.990850+00:00,200,479.062,
2026-09-20T21:57:00.042434+00:00,200,432.875,
2026-09-20T21:57:00.065602+00:00,200,414.339,
2026-09-20T21:57:00.044976+00:00,200,443.615,
2026-09-20T21:57:00.125321+00:00,200,364.344,
2026-09-20T21:57:00.117111+00:00,200,375.97,
2026-09-20T21:57:00.106785+00:00,200,387.951,
2026-09-20T21:57:00.103846+00:00,200,393.931,
2026-09-20T21:57:00.067543+00:00,200,431.516,
2026-09-20T21:57:00.084977+00:00,200,427.827,
2026-09-20T21:57:00.083254+00:00,200,435.156,
2026-09-20T21:57:00.062624+00:00,200,473.294,
2026-09-20T21:57:00.023842+00:00,200,519.289,
2026-09-20T21:57:00.145475+00:00,200,399.55,
2026-09-20T21:57:00.150783+00:00,200,409.953,
2026-09-20T21:57:00.151852+00:00,200,414.966,
2026-09-20T21:57:00.102800+00:00,200,465.679,
2026-09-20T21:57:00.123319+00:00,200,449.502,
2026-09-20T21:57:00.143114+00:00,200,433.235,
2026-09-20T21:57:00.190336+00:00,200,391.082,
2026-09-20T21:57:00.090352+00:00,200,503.636,
2026-09-20T21:57:00.193268+00:00,200,403.859,
2026-09-20T21:57:00.169083+00:00,200,429.102,
2026-09-20T21:57:00.057498+00:00,200,553.819,
2026-09-20T21:57:00.208658+00:00,200,410.795,
2026-09-20T21:57:00.220989+00:00,200,402.048,
2026-09-20T21:57:00.243182+00:00,200,410.285,
2026-09-20T21:57:00.219934+00:00,200,435.072,
2026-09-20T21:57:00.210469+00:00,200,446.78,
2026-09-20T21:57:00.124373+00:00,200,543.006,
2026-09-20T21:57:00.279471+00:00,200,389.72,
2026-09-20T21:57:00.216257+00:00,200,454.442,
2026-09-20T21:57:00.248194+00:00,200,424.883,
2026-09-20T21:57:00.274583+00:00,200,405.96,
2026-09-20T21:57:00.192307+00:00,200,493.774,
2026-09-20T21:57:00.261158+00:00,200,432.496,
2026-09-20T21:57:00.156939+00:00,200,540.277,
2026-09-20T21:57:00.235768+00:00,200,478.329,
2026-09-20T21:57:00.313189+00:00,200,417.987,
2026-09-20T21:57:00.246347+00:00,200,486.02,
2026-09-20T21:57:00.280560+00:00,200,455.011,
2026-09-20T21:57:00.297595+00:00,200,440.986,
2026-09-20T21:57:00.302843+00:00,200,439.026,
2026-09-20T21:57:00.223380+00:00,200,521.54,
2026-09-20T21:57:00.305182+00:00,200,445.516,
2026-09-20T21:57:00.276893+00:00,200,480.386,
2026-09-20T21:57:00.299235+00:00,200,471.128,
2026-09-20T21:57:00.257548+00:00,200,514.47,
2026-09-20T21:57:00.359959+00:00,200,420.186,
2026-09-20T21:57:00.315580+00:00,200,480.056,
2026-09-20T21:57:00.314090+00:00,200,482.805,
2026-09-20T21:57:00.290882+00:00,200,513.022,
2026-09-20T21:57:00.325293+00:00,200,483.626,
2026-09-20T21:57:00.301805+00:00,200,520.233,
2026-09-20T21:57:00.334825+00:00,200,499.973,
2026-09-20T21:57:00.391433+00:00,200,456.872,
2026-09-20T21:57:00.324485+00:00,200,533.346,
2026-09-20T21:57:00.369753+00:00,200,492.552,
2026-09-20T21:57:00.404907+00:00,200,461.362,
2026-09-20T21:57:00.420956+00:00,200,448.545,
2026-09-20T21:57:00.412506+00:00,200,458.172,
2026-09-20T21:57:00.363621+00:00,200,509.85,
2026-09-20T21:57:00.447940+00:00,200,431.375,
2026-09-20T21:57:00.409638+00:00,200,472.83,
2026-09-20T21:57:00.388119+00:00,200,498.331,
2026-09-20T21:57:00.464523+00:00,200,427.794,
2026-09-20T21:57:00.411580+00:00,200,486.444,
2026-09-20T21:57:00.459870+00:00,200,444.361,
2026-09-20T21:57:00.468121+00:00,200,450.275,
2026-09-20T21:57:00.494738+00:00,200,446.718,
2026-09-20T21:57:00.462028+00:00,200,490.928,
2026-09-20T21:57:00.395678+00:00,200,559.864,
2026-09-20T21:57:00.469919+00:00,200,486.688,
2026-09-20T21:57:00.497780+00:00,200,464.905,
2026-09-20T21:57:00.490500+00:00,200,473.404,
2026-09-20T21:57:00.390376+00:00,200,578.381,
2026-09-20T21:57:00.423530+00:00,200,546.267,
2026-09-20T21:57:00.518411+00:00,200,454.046,
2026-09-20T21:57:00.479944+00:00,200,495.45,
2026-09-20T21:57:00.488592+00:00,200,489.892,
2026-09-20T21:57:00.475314+00:00,200,504.061,
2026-09-20T21:57:00.357654+00:00,200,623.803,
2026-09-20T21:57:00.535920+00:00,200,478.392,
2026-09-20T21:57:00.493082+00:00,200,531.972,
2026-09-20T21:57:00.576352+00:00,200,455.796,
2026-09-20T21:57:00.499061+00:00,200,536.926,
2026-09-20T21:57:00.543142+00:00,200,504.697,
2026-09-20T21:57:00.545028+00:00,200,505.84,
2026-09-20T21:57:00.512818+00:00,200,539.113,
2026-09-20T21:57:00.489668+00:00,200,586.742,
2026-09-20T21:57:00.566821+00:00,200,512.69,
2026-09-20T21:57:00.598190+00:00,200,484.675,
2026-09-20T21:57:00.568483+00:00,200,529.123,
2026-09-20T21:57:00.593993+00:00,200,505.153,
2026-09-20T21:57:00.458046+00:00,200,646.348,
2026-09-20T21:57:00.611320+00:00,200,495.181,
2026-09-20T21:57:00.560740+00:00,200,547.605,
2026-09-20T21:57:00.581431+00:00,200,528.063,
2026-09-20T21:57:00.597162+00:00,200,525.485,
2026-09-20T21:57:00.697218+00:00,200,435.643,
2026-09-20T21:57:00.619457+00:00,200,515.16,
2026-09-20T21:57:00.572824+00:00,200,565.466,
2026-09-20T21:57:00.523876+00:00,200,619.495,
2026-09-20T21:57:00.669194+00:00,200,477.873,
2026-09-20T21:57:00.623039+00:00,200,530.941,
2026-09-20T21:57:00.653477+00:00,200,514.754,
2026-09-20T21:57:00.657254+00:00,200,532.754,
2026-09-20T21:57:00.655011+00:00,200,538.668,
2026-09-20T21:57:00.714100+00:00,200,485.699,
2026-09-20T21:57:00.623818+00:00,200,582.339,
2026-09-20T21:57:00.592165+00:00,200,615.224,
2026-09-20T21:57:00.557925+00:00,200,653.298,
2026-09-20T21:57:00.686087+00:00,200,527.562,
2026-09-20T21:57:00.667382+00:00,200,547.445,
2026-09-20T21:57:00.673079+00:00,200,558.604,
2026-09-20T21:57:00.658141+00:00,200,575.228,
2026-09-20T21:57:00.680559+00:00,200,559.797,
2026-09-20T21:57:00.738584+00:00,200,506.326,
2026-09-20T21:57:00.731179+00:00,200,516.262,
2026-09-20T21:57:00.750701+00:00,200,510.839,
2026-09-20T21:57:00.670702+00:00,200,594.505,
2026-09-20T21:57:00.772021+00:00,200,510.351,
2026-09-20T21:57:00.741871+00:00,200,558.048,
2026-09-20T21:57:00.796899+00:00,200,507.389,
2026-09-20T21:57:00.690494+00:00,200,616.942,
2026-09-20T21:57:00.732370+00:00,200,583.524,
2026-09-20T21:57:00.693657+00:00,200,626.264,
2026-09-20T21:57:00.808922+00:00,200,525.786,
2026-09-20T21:57:00.735573+00:00,200,601.706,
2026-09-20T21:57:00.770366+00:00,200,568.269,
2026-09-20T21:57:00.822055+00:00,200,519.577,
2026-09-20T21:57:00.744922+00:00,200,602.488,
2026-09-20T21:57:00.795638+00:00,200,554.701,
2026-09-20T21:57:00.791313+00:00,200,564.818,
2026-09-20T21:57:00.757282+00:00,200,600.137,
2026-09-20T21:57:00.803907+00:00,200,556.602,
2026-09-20T21:57:00.848313+00:00,200,521.495,
2026-09-20T21:57:00.857834+00:00,200,513.071,
2026-09-20T21:57:00.862309+00:00,200,521.077,
2026-09-20T21:57:00.758103+00:00,200,635.213,
2026-09-20T21:57:00.780148+00:00,200,614.296,
2026-09-20T21:57:00.834803+00:00,200,573.822,
2026-09-20T21:57:00.882470+00:00,200,533.662,
2026-09-20T21:57:00.918399+00:00,200,501.984,
2026-09-20T21:57:00.892320+00:00,200,540.2,
2026-09-20T21:57:00.898027+00:00,200,535.784,
2026-09-20T21:57:00.870680+00:00,200,566.356,
2026-09-20T21:57:00.724454+00:00,200,715.083,
2026-09-20T21:57:00.879330+00:00,200,561.294,
2026-09-20T21:57:00.866275+00:00,200,580.968,
2026-09-20T21:57:00.869503+00:00,200,630.477,
2026-09-20T21:57:00.952963+00:00,200,548.62,
2026-09-20T21:57:00.957821+00:00,200,548.159,
2026-09-20T21:57:01.025056+00:00,200,482.398,
2026-09-20T21:57:00.886468+00:00,200,622.384,
2026-09-20T21:57:00.968762+00:00,200,542.258,
2026-09-20T21:57:00.941464+00:00,200,572.837,
2026-09-20T21:57:00.975395+00:00,200,542.029,
2026-09-20T21:57:00.858825+00:00,200,661.488,
2026-09-20T21:57:00.823792+00:00,200,698.476,
2026-09-20T21:57:00.904241+00:00,200,621.172,
2026-09-20T21:57:00.963907+00:00,200,566.04,
2026-09-20T21:57:00.972459+00:00,200,566.738,
2026-09-20T21:57:00.979376+00:00,200,561.197,
2026-09-20T21:57:00.873473+00:00,200,668.052,
2026-09-20T21:57:00.955546+00:00,200,601.806,
2026-09-20T21:57:00.890516+00:00,200,669.251,
2026-09-20T21:57:01.076418+00:00,200,497.518,
2026-09-20T21:57:00.924189+00:00,200,654.905,
2026-09-20T21:57:00.962686+00:00,200,630.12,
2026-09-20T21:57:00.978487+00:00,200,615.836,
2026-09-20T21:57:00.981459+00:00,200,618.132,
2026-09-20T21:57:00.956610+00:00,200,646.293,
2026-09-20T21:57:01.035989+00:00,200,580.722,
2026-09-20T21:57:01.051932+00:00,200,582.743,
2026-09-20T21:57:00.969799+00:00,200,667.119,
2026-09-20T21:57:01.032150+00:00,200,617.452,
2026-09-20T21:57:01.099153+00:00,200,552.861,
2026-09-20T21:57:01.082867+00:00,200,570.92,
2026-09-20T21:57:01.104408+00:00,200,558.797,
2026-09-20T21:57:01.132864+00:00,200,532.048,
2026-09-20T21:57:01.050871+00:00,200,618.77,
2026-09-20T21:57:00.991226+00:00,200,694.393,
2026-09-20T21:57:01.025967+00:00,200,660.978,
2026-09-20T21:57:01.106503+00:00,200,594.177,
2026-09-20T21:57:01.122649+00:00,200,591.981,
2026-09-20T21:57:01.057397+00:00,200,659.372,
2026-09-20T21:57:01.047855+00:00,200,671.2,
2026-09-20T21:57:01.153981+00:00,200,591.098,
2026-09-20T21:57:01.206158+00:00,200,541.983,
2026-09-20T21:57:01.079515+00:00,200,672.323,
2026-09-20T21:57:01.014315+00:00,200,738.679,
2026-09-20T21:57:01.097612+00:00,200,656.645,
2026-09-20T21:57:01.123632+00:00,200,632.015,
2026-09-20T21:57:01.108346+00:00,200,648.816,
2026-09-20T21:57:01.190017+00:00,200,573.599,
2026-09-20T21:57:01.143372+00:00,200,621.219,
2026-09-20T21:57:01.138293+00:00,200,629.484,
2026-09-20T21:57:01.091054+00:00,200,684.763,
2026-09-20T21:57:01.199800+00:00,200,577.467,
2026-09-20T21:57:01.134619+00:00,200,666.269,
2026-09-20T21:57:01.207406+00:00,200,594.454,
2026-09-20T21:57:01.147069+00:00,200,657.985,
2026-09-20T21:57:01.213651+00:00,200,595.595,
2026-09-20T21:57:01.157225+00:00,200,655.724,
2026-09-20T21:57:01.224606+00:00,200,613.371,
2026-09-20T21:57:01.261542+00:00,200,577.56,
2026-09-20T21:57:01.214829+00:00,200,626.864,
2026-09-20T21:57:01.109496+00:00,200,733.2,
2026-09-20T21:57:01.265209+00:00,200,586.501,
2026-09-20T21:57:01.240358+00:00,200,622.503,
2026-09-20T21:57:01.193686+00:00,200,670.83,
2026-09-20T21:57:01.168249+00:00,200,698.052,
2026-09-20T21:57:01.307439+00:00,200,566.721,
2026-09-20T21:57:01.244912+00:00,200,631.002,
2026-09-20T21:57:01.247443+00:00,200,658.42,
2026-09-20T21:57:01.211248+00:00,200,700.454,
2026-09-20T21:57:01.282381+00:00,200,630.463,
2026-09-20T21:57:01.319924+00:00,200,595.916,
2026-09-20T21:57:01.334713+00:00,200,591.624,
2026-09-20T21:57:01.257999+00:00,200,675.668,
2026-09-20T21:57:01.231685+00:00,200,711.272,
2026-09-20T21:57:01.304292+00:00,200,643.662,
2026-09-20T21:57:01.370915+00:00,200,578.757,
2026-09-20T21:57:01.233370+00:00,200,723.208,
2026-09-20T21:57:01.337282+00:00,200,620.874,
2026-09-20T21:57:01.338637+00:00,200,626.69,
2026-09-20T21:57:01.299925+00:00,200,670.746,
2026-09-20T21:57:01.191531+00:00,200,787.82,
2026-09-20T21:57:01.350341+00:00,200,630.992,
2026-09-20T21:57:01.394446+00:00,200,599.403,
2026-09-20T21:57:01.356155+00:00,200,641.878,
2026-09-20T21:57:01.315896+00:00,200,694.26,
2026-09-20T21:57:01.360511+00:00,200,650.815,
2026-09-20T21:57:01.433813+00:00,200,582.932,
2026-09-20T21:57:01.291181+00:00,200,727.248,
2026-09-20T21:57:01.324049+00:00,200,716.484,
2026-09-20T21:57:01.393318+00:00,200,654.207,
2026-09-20T21:57:01.408635+00:00,200,640.28,
2026-09-20T21:57:01.341648+00:00,200,724.193,
2026-09-20T21:57:01.439539+00:00,200,628.063,
2026-09-20T21:57:01.347412+00:00,200,723.605,
2026-09-20T21:57:01.369816+00:00,200,709.484,
2026-09-20T21:57:01.357421+00:00,200,723.605,
2026-09-20T21:57:01.447246+00:00,200,635.51,
2026-09-20T21:57:01.432522+00:00,200,669.123,
2026-09-20T21:57:01.424003+00:00,200,678.974,
2026-09-20T21:57:01.383391+00:00,200,722.101,
2026-09-20T21:57:01.507457+00:00,200,602.318,
2026-09-20T21:57:01.359056+00:00,200,752.291,
2026-09-20T21:57:01.391121+00:00,200,723.782,
2026-09-20T21:57:01.416133+00:00,200,717.741,
2026-09-20T21:57:01.501597+00:00,200,634.307,
2026-09-20T21:57:01.517426+00:00,200,625.135,
2026-09-20T21:57:01.420385+00:00,200,723.749,
2026-09-20T21:57:01.514314+00:00,200,641.21,
2026-09-20T21:57:01.437039+00:00,200,722.99,
2026-09-20T21:57:01.539197+00:00,200,629.601,
2026-09-20T21:57:01.440625+00:00,200,737.409,
2026-09-20T21:57:01.511022+00:00,200,685.824,
2026-09-20T21:57:01.529948+00:00,200,689.757,
2026-09-20T21:57:01.579116+00:00,200,643.832,
2026-09-20T21:57:01.508853+00:00,200,716.699,
2026-09-20T21:57:01.557357+00:00,200,672.732,
2026-09-20T21:57:01.541525+00:00,200,694.474,
2026-09-20T21:57:01.505984+00:00,200,732.58,
2026-09-20T21:57:01.525414+00:00,200,714.891,
2026-09-20T21:57:01.491594+00:00,200,750.481,
2026-09-20T21:57:01.499987+00:00,200,743.757,
2026-09-20T21:57:01.602904+00:00,200,649.352,
2026-09-20T21:57:01.458085+00:00,200,795.374,
2026-09-20T21:57:01.594323+00:00,200,668.542,
2026-09-20T21:57:01.520318+00:00,200,754.173,
2026-09-20T21:57:01.599590+00:00,200,697.191,
2026-09-20T21:57:01.540574+00:00,200,757.548,
2026-09-20T21:57:01.557879+00:00,200,743.989,
2026-09-20T21:57:01.652016+00:00,200,659.75,
2026-09-20T21:57:01.636918+00:00,200,681.103,
2026-09-20T21:57:01.573949+00:00,200,756.577,
2026-09-20T21:57:01.686947+00:00,200,674.655,
2026-09-20T21:57:01.526637+00:00,200,838.584,
2026-09-20T21:57:01.634677+00:00,200,732.128,
2026-09-20T21:57:01.653788+00:00,200,718.375,
2026-09-20T21:57:01.592808+00:00,200,782.269,
2026-09-20T21:57:01.664913+00:00,200,734.518,
2026-09-20T21:57:01.522275+00:00,200,899.451,
2026-09-20T21:57:01.559769+00:00,200,865.346,
2026-09-20T21:57:01.714631+00:00,200,714.822,
2026-09-20T21:57:01.616713+00:00,200,821.984,
2026-09-20T21:57:01.751840+00:00,200,705.099,
2026-09-20T21:57:01.757163+00:00,200,738.348,
2026-09-20T21:57:01.700682+00:00,200,798.672,
2026-09-20T21:57:01.758491+00:00,200,742.567,
2026-09-20T21:57:01.716771+00:00,200,787.605,
2026-09-20T21:57:01.624575+00:00,200,884.049,
2026-09-20T21:57:01.663207+00:00,200,847.673,
2026-09-20T21:57:01.669642+00:00,200,844.376,
2026-09-20T21:57:01.685621+00:00,200,830.446,
2026-09-20T21:57:01.649604+00:00,200,870.648,
2026-09-20T21:57:01.753005+00:00,200,770.789,
2026-09-20T21:57:01.748145+00:00,200,778.809,
2026-09-20T21:57:01.777269+00:00,200,754.054,
2026-09-20T21:57:01.767778+00:00,200,775.369,
2026-09-20T21:57:01.591702+00:00,200,957.408,
2026-09-20T21:57:01.764593+00:00,200,785.604,
2026-09-20T21:57:01.719070+00:00,200,851.303,
2026-09-20T21:57:01.801861+00:00,200,770.9,
2026-09-20T21:57:01.805055+00:00,200,773.61,
2026-09-20T21:57:01.763630+00:00,200,822.498,
2026-09-20T21:57:01.837980+00:00,200,759.01,
2026-09-20T21:57:01.724292+00:00,200,886.214,
2026-09-20T21:57:01.851712+00:00,200,774.231,
2026-09-20T21:57:01.657403+00:00,200,973.377,
2026-09-20T21:57:01.775819+00:00,200,856.952,
2026-09-20T21:57:01.754269+00:00,200,884.107,
2026-09-20T21:57:01.809250+00:00,200,830.775,
2026-09-20T21:57:01.841695+00:00,200,808.329,
2026-09-20T21:57:01.755647+00:00,200,899.348,
2026-09-20T21:57:01.745087+00:00,200,915.753,
2026-09-20T21:57:01.862862+00:00,200,801.92,
2026-09-20T21:57:01.690684+00:00,200,975.368,
2026-09-20T21:57:01.915845+00:00,200,770.215,
2026-09-20T21:57:01.874164+00:00,200,815.377,
2026-09-20T21:57:01.842696+00:00,200,853.254,
2026-09-20T21:57:01.812950+00:00,200,890.559,
2026-09-20T21:57:01.800888+00:00,200,906.378,
2026-09-20T21:57:01.926345+00:00,200,782.172,
2026-09-20T21:57:01.866304+00:00,200,845.226,
2026-09-20T21:57:01.875914+00:00,200,837.781,
2026-09-20T21:57:01.824891+00:00,200,897.905,
2026-09-20T21:57:01.956579+00:00,200,769.247,
2026-09-20T21:57:01.933668+00:00,200,797.325,
2026-09-20T21:57:01.839104+00:00,200,904.79,
2026-09-20T21:57:01.864518+00:00,200,881.294,
2026-09-20T21:57:01.949673+00:00,200,798.139,
2026-09-20T21:57:01.891579+00:00,200,860.43,
2026-09-20T21:57:01.942959+00:00,200,825.211,
2026-09-20T21:57:01.791549+00:00,200,986.591,
2026-09-20T21:57:01.912862+00:00,200,896.616,
2026-09-20T21:57:01.979355+00:00,200,833.078,
2026-09-20T21:57:02.011327+00:00,200,803.101,
2026-09-20T21:57:01.911702+00:00,200,908.162,
2026-09-20T21:57:01.970680+00:00,200,865.702,
2026-09-20T21:57:01.905863+00:00,200,932.133,
2026-09-20T21:57:01.958159+00:00,200,887.548,
2026-09-20T21:57:01.993850+00:00,200,854.033,
2026-09-20T21:57:01.924767+00:00,200,928.587,
2026-09-20T21:57:01.998034+00:00,200,857.194,
2026-09-20T21:57:02.018443+00:00,200,844.205,
2026-09-20T21:57:01.857796+00:00,200,1005.986,
2026-09-20T21:57:02.048916+00:00,200,820.397,
2026-09-20T21:57:02.040539+00:00,200,835.757,
2026-09-20T21:57:01.947960+00:00,200,940.282,
2026-09-20T21:57:01.981335+00:00,200,908.183,
2026-09-20T21:57:02.067604+00:00,200,827.791,
2026-09-20T21:57:02.081027+00:00,200,821.25,
2026-09-20T21:57:01.965330+00:00,200,941.676,
2026-09-20T21:57:02.105494+00:00,200,803.261,
2026-09-20T21:57:02.071018+00:00,200,843.429,
2026-09-20T21:57:02.082757+00:00,200,833.623,
2026-09-20T21:57:02.016747+00:00,200,911.976,
2026-09-20T21:57:01.991615+00:00,200,951.268,
2026-09-20T21:57:02.024512+00:00,200,921.64,
2026-09-20T21:57:01.959121+00:00,200,994.036,
2026-09-20T21:57:02.109776+00:00,200,844.33,
2026-09-20T21:57:02.010160+00:00,200,953.256,
2026-09-20T21:57:02.114904+00:00,200,862.328,
2026-09-20T21:57:02.160029+00:00,200,818.759,
2026-09-20T21:57:02.142561+00:00,200,839.769,
2026-09-20T21:57:02.111347+00:00,200,896.183,
2026-09-20T21:57:02.047526+00:00,200,973.5,
2026-09-20T21:57:02.079302+00:00,200,945.067,
2026-09-20T21:57:02.178036+00:00,200,867.407,
2026-09-20T21:57:02.102979+00:00,200,945.558,
2026-09-20T21:57:02.196851+00:00,200,861.203,
2026-09-20T21:57:02.065848+00:00,200,998.854,
2026-09-20T21:57:02.135910+00:00,200,929.975,
2026-09-20T21:57:02.125001+00:00,200,945.356,
2026-09-20T21:57:02.168798+00:00,200,905.765,
2026-09-20T21:57:02.101646+00:00,200,974.097,
2026-09-20T21:57:02.155525+00:00,200,921.094,
2026-09-20T21:57:02.253460+00:00,200,828.633,
2026-09-20T21:57:02.058163+00:00,200,1024.675,
2026-09-20T21:57:02.240304+00:00,200,847.129,
2026-09-20T21:57:02.225554+00:00,200,862.596,
2026-09-20T21:57:02.222951+00:00,200,869.278,
2026-09-20T21:57:02.144135+00:00,200,949.19,
2026-09-20T21:57:02.157445+00:00,200,946.666,
2026-09-20T21:57:02.133875+00:00,200,973.89,
2026-09-20T21:57:02.243755+00:00,200,897.257,
2026-09-20T21:57:02.191860+00:00,200,952.623,
2026-09-20T21:57:02.235998+00:00,200,912.672,
2026-09-20T21:57:02.296783+00:00,200,886.947,
2026-09-20T21:57:02.091441+00:00,200,1093.432,
2026-09-20T21:57:02.238566+00:00,200,948.531,
2026-09-20T21:57:02.318021+00:00,200,871.068,
2026-09-20T21:57:02.262867+00:00,200,927.175,
2026-09-20T21:57:02.219713+00:00,200,975.875,
2026-09-20T21:57:02.226520+00:00,200,970.023,
2026-09-20T21:57:02.301867+00:00,200,896.819,
2026-09-20T21:57:02.365222+00:00,200,836.069,
2026-09-20T21:57:02.298121+00:00,200,925.187,
2026-09-20T21:57:02.421732+00:00,200,812.183,
2026-09-20T21:57:02.425116+00:00,200,810.971,
2026-09-20T21:57:02.324692+00:00,200,920.441,
2026-09-20T21:57:02.230088+00:00,200,1018.347,
2026-09-20T21:57:02.372165+00:00,200,878.74,
2026-09-20T21:57:02.274490+00:00,200,977.922,
2026-09-20T21:57:02.291882+00:00,200,962.727,
2026-09-20T21:57:02.242104+00:00,200,1015.702,
2026-09-20T21:57:02.311766+00:00,200,963.568,
2026-09-20T21:57:02.252257+00:00,200,1033.391,
2026-09-20T21:57:02.358996+00:00,200,934.141,
2026-09-20T21:57:02.330525+00:00,200,963.806,
2026-09-20T21:57:02.399435+00:00,200,896.662,
2026-09-20T21:57:02.499358+00:00,200,800.47,
2026-09-20T21:57:02.501060+00:00,200,808.725,
2026-09-20T21:57:02.257560+00:00,200,1053.408,
2026-09-20T21:57:02.361606+00:00,200,972.853,
2026-09-20T21:57:02.495515+00:00,200,857.811,
2026-09-20T21:57:02.531322+00:00,200,838.911,
2026-09-20T21:57:02.526955+00:00,200,845.418,
2026-09-20T21:57:02.366807+00:00,200,1008.659,
2026-09-20T21:57:02.375076+00:00,200,1003.312,
2026-09-20T21:57:02.456946+00:00,200,922.747,
2026-09-20T21:57:02.504390+00:00,200,877.635,
2026-09-20T21:57:02.549109+00:00,200,834.105,
2026-09-20T21:57:02.514017+00:00,200,874.309,
2026-09-20T21:57:02.429455+00:00,200,969.809,
2026-09-20T21:57:02.508628+00:00,200,896.79,
2026-09-20T21:57:02.516069+00:00,200,890.977,
2026-09-20T21:57:02.438697+00:00,200,976.053,
2026-09-20T21:57:02.492719+00:00,200,932.156,
2026-09-20T21:57:02.523793+00:00,200,904.219,
2026-09-20T21:57:02.610507+00:00,200,819.157,
2026-09-20T21:57:02.391875+00:00,200,1040.035,
2026-09-20T21:57:02.543146+00:00,200,911.262,
2026-09-20T21:57:02.524534+00:00,200,933.948,
2026-09-20T21:57:02.572760+00:00,200,892.703,
2026-09-20T21:57:02.510881+00:00,200,965.554,
2026-09-20T21:57:02.586126+00:00,200,896.796,
2026-09-20T21:57:02.520252+00:00,200,967.983,
2026-09-20T21:57:02.640024+00:00,200,849.597,
2026-09-20T21:57:02.638376+00:00,200,869.634,
2026-09-20T21:57:02.458723+00:00,200,1050.816,
2026-09-20T21:57:02.426095+00:00,200,1087.98,
2026-09-20T21:57:02.558255+00:00,200,965.65,
2026-09-20T21:57:02.596991+00:00,200,933.238,
2026-09-20T21:57:02.578664+00:00,200,962.068,
2026-09-20T21:57:02.550196+00:00,200,994.059,
2026-09-20T21:57:02.654995+00:00,200,890.837,
2026-09-20T21:57:02.664781+00:00,200,888.97,
2026-09-20T21:57:02.711529+00:00,200,852.531,
2026-09-20T21:57:02.570373+00:00,200,1011.298,
2026-09-20T21:57:02.660855+00:00,200,922.5,
2026-09-20T21:57:02.625949+00:00,200,959.093,
2026-09-20T21:57:02.725826+00:00,200,868.42,
2026-09-20T21:57:02.591289+00:00,200,1004.052,
2026-09-20T21:57:02.627504+00:00,200,969.06,
2026-09-20T21:57:02.689540+00:00,200,908.387,
2026-09-20T21:57:02.703509+00:00,200,909.91,
2026-09-20T21:57:02.632769+00:00,200,999.527,
2026-09-20T21:57:02.707265+00:00,200,926.564,
2026-09-20T21:57:02.743894+00:00,200,891.463,
2026-09-20T21:57:02.713694+00:00,200,928.719,
2026-09-20T21:57:02.630780+00:00,200,1015.885,
2026-09-20T21:57:02.730994+00:00,200,918.463,
2026-09-20T21:57:02.747812+00:00,200,915.24,
2026-09-20T21:57:02.650024+00:00,200,1026.219,
2026-09-20T21:57:02.745811+00:00,200,942.689,
2026-09-20T21:57:02.695949+00:00,200,1023.066,
2026-09-20T21:57:02.812435+00:00,200,909.11,
2026-09-20T21:57:02.778139+00:00,200,945.244,
2026-09-20T21:57:02.819864+00:00,200,908.899,
2026-09-20T21:57:02.837997+00:00,200,896.078,
2026-09-20T21:57:02.686060+00:00,200,1055.399,
2026-09-20T21:57:02.666051+00:00,200,1076.66,
2026-09-20T21:57:02.768170+00:00,200,976.925,
2026-09-20T21:57:02.847883+00:00,200,900.574,
2026-09-20T21:57:02.657705+00:00,200,1109.461,
2026-09-20T21:57:02.708517+00:00,200,1060.338,
2026-09-20T21:57:02.809483+00:00,200,961.421,
2026-09-20T21:57:02.888241+00:00,200,885.959,
2026-09-20T21:57:02.869313+00:00,200,906.488,
2026-09-20T21:57:02.845707+00:00,200,931.665,
2026-09-20T21:57:02.722795+00:00,200,1058.738,
2026-09-20T21:57:02.752008+00:00,200,1030.65,
2026-09-20T21:57:02.758146+00:00,200,1033.931,
2026-09-20T21:57:02.855229+00:00,200,937.971,
2026-09-20T21:57:02.895396+00:00,200,900.862,
2026-09-20T21:57:02.862648+00:00,200,935.134,
2026-09-20T21:57:02.907005+00:00,200,907.577,
2026-09-20T21:57:02.889517+00:00,200,926.192,
2026-09-20T21:57:02.791918+00:00,200,1045.165,
2026-09-20T21:57:02.724254+00:00,200,1117.05,
2026-09-20T21:57:02.690851+00:00,200,1151.705,
2026-09-20T21:57:02.857763+00:00,200,992.156,
2026-09-20T21:57:02.814428+00:00,200,1046.377,
2026-09-20T21:57:02.908754+00:00,200,953.346,
2026-09-20T21:57:02.916380+00:00,200,958.254,
2026-09-20T21:57:02.963415+00:00,200,941.885,
2026-09-20T21:57:02.946152+00:00,200,969.411,
2026-09-20T21:57:02.836384+00:00,200,1082.411,
2026-09-20T21:57:02.863783+00:00,200,1063.267,
2026-09-20T21:57:02.978787+00:00,200,949.323,
2026-09-20T21:57:02.928722+00:00,200,1003.934,
2026-09-20T21:57:02.953155+00:00,200,988.086,
2026-09-20T21:57:02.853354+00:00,200,1091.679,
2026-09-20T21:57:02.824662+00:00,200,1128.553,
2026-09-20T21:57:02.876296+00:00,200,1078.442,
2026-09-20T21:57:02.914448+00:00,200,1047.285,
2026-09-20T21:57:03.065883+00:00,200,900.308,
2026-09-20T21:57:02.891080+00:00,200,1077.502,
2026-09-20T21:57:02.982329+00:00,200,995.705,
2026-09-20T21:57:02.925163+00:00,200,1054.748,
2026-09-20T21:57:02.902277+00:00,200,1079.275,
2026-09-20T21:57:02.991931+00:00,200,999.614,
2026-09-20T21:57:03.074562+00:00,200,921.25,
2026-09-20T21:57:03.024368+00:00,200,978.409,
2026-09-20T21:57:02.957967+00:00,200,1045.847,
2026-09-20T21:57:03.058061+00:00,200,950.358,
2026-09-20T21:57:03.075742+00:00,200,937.076,
2026-09-20T21:57:03.048537+00:00,200,973.297,
2026-09-20T21:57:03.076618+00:00,200,951.217,
2026-09-20T21:57:03.082837+00:00,200,947.484,
2026-09-20T21:57:03.088150+00:00,200,973.463,
2026-09-20T21:57:02.977232+00:00,200,1087.613,
2026-09-20T21:57:02.954106+00:00,200,1125.145,
2026-09-20T21:57:02.942882+00:00,200,1148.3,
2026-09-20T21:57:03.107763+00:00,200,1015.757,
2026-09-20T21:57:03.087432+00:00,200,1037.123,
2026-09-20T21:57:03.082092+00:00,200,1051.717,
2026-09-20T21:57:03.025594+00:00,200,1113.704,
2026-09-20T21:57:03.148669+00:00,200,991.706,
2026-09-20T21:57:03.187096+00:00,200,954.025,
2026-09-20T21:57:03.093323+00:00,200,1056.714,
2026-09-20T21:57:03.045445+00:00,200,1110.327,
2026-09-20T21:57:03.091234+00:00,200,1065.677,
2026-09-20T21:57:03.058744+00:00,200,1099.784,
2026-09-20T21:57:03.007535+00:00,200,1153.203,
2026-09-20T21:57:03.064714+00:00,200,1096.756,
2026-09-20T21:57:03.183729+00:00,200,980.235,
2026-09-20T21:57:03.021034+00:00,200,1154.632,
2026-09-20T21:57:03.125379+00:00,200,1055.006,
2026-09-20T21:57:03.092236+00:00,200,1089.138,
2026-09-20T21:57:03.233927+00:00,200,955.085,
2026-09-20T21:57:03.070356+00:00,200,1132.81,
2026-09-20T21:57:03.252410+00:00,200,952.72,
2026-09-20T21:57:03.190041+00:00,200,1017.053,
2026-09-20T21:57:03.236093+00:00,200,972.693,
2026-09-20T21:57:03.196542+00:00,200,1013.046,
2026-09-20T21:57:03.223308+00:00,200,988.186,
2026-09-20T21:57:03.158728+00:00,200,1057.616,
2026-09-20T21:57:03.248434+00:00,200,982.916,
2026-09-20T21:57:03.195604+00:00,200,1036.738,
2026-09-20T21:57:03.104110+00:00,200,1139.252,
2026-09-20T21:57:03.141011+00:00,200,1109.44,
2026-09-20T21:57:03.144503+00:00,200,1151.543,
2026-09-20T21:57:03.275333+00:00,200,1026.54,
2026-09-20T21:57:03.254628+00:00,200,1066.743,
2026-09-20T21:57:03.293157+00:00,200,1033.054,
2026-09-20T21:57:03.296104+00:00,200,1032.187,
2026-09-20T21:57:03.191065+00:00,200,1140.916,
2026-09-20T21:57:03.294330+00:00,200,1039.778,
2026-09-20T21:57:03.353333+00:00,200,988.07,
2026-09-20T21:57:03.184871+00:00,200,1162.148,
2026-09-20T21:57:03.258571+00:00,200,1099.427,
2026-09-20T21:57:03.224406+00:00,200,1140.065,
2026-09-20T21:57:03.310966+00:00,200,1054.954,
2026-09-20T21:57:03.201296+00:00,200,1167.484,
2026-09-20T21:57:03.379706+00:00,200,996.688,
2026-09-20T21:57:03.189088+00:00,200,1188.651,
2026-09-20T21:57:03.372372+00:00,200,1010.816,
2026-09-20T21:57:03.375467+00:00,200,1009.068,
2026-09-20T21:57:03.291879+00:00,200,1094.118,
2026-09-20T21:57:03.250906+00:00,200,1137.589,
2026-09-20T21:57:03.245133+00:00,200,1144.588,
2026-09-20T21:57:03.198685+00:00,200,1192.757,
2026-09-20T21:57:03.257805+00:00,200,1135.305,
2026-09-20T21:57:03.388326+00:00,200,1012.23,
2026-09-20T21:57:03.407046+00:00,200,994.896,
2026-09-20T21:57:03.414750+00:00,200,989.905,
2026-09-20T21:57:03.383214+00:00,200,1040.565,
2026-09-20T21:57:03.325456+00:00,200,1114.11,
2026-09-20T21:57:03.405418+00:00,200,1036.651,
2026-09-20T21:57:03.285646+00:00,200,1161.696,
2026-09-20T21:57:03.299832+00:00,200,1164.502,
2026-09-20T21:57:03.309789+00:00,200,1170.492,
2026-09-20T21:57:03.431926+00:00,200,1054.022,
2026-09-20T21:57:03.454407+00:00,200,1072.969,
2026-09-20T21:57:03.334464+00:00,200,1203.972,
2026-09-20T21:57:03.391372+00:00,200,1149.571,
2026-09-20T21:57:03.508010+00:00,200,1040.049,
2026-09-20T21:57:03.514075+00:00,200,1036.432,
2026-09-20T21:57:03.489621+00:00,200,1062.223,
2026-09-20T21:57:03.429665+00:00,200,1124.228,
2026-09-20T21:57:03.581670+00:00,200,974.013,
2026-09-20T21:57:03.544253+00:00,200,1015.57,
2026-09-20T21:57:03.465463+00:00,200,1099.394,
2026-09-20T21:57:03.378387+00:00,200,1191.733,
2026-09-20T21:57:03.509541+00:00,200,1061.778,
2026-09-20T21:57:03.370233+00:00,200,1206.306,
2026-09-20T21:57:03.382034+00:00,200,1196.382,
2026-09-20T21:57:03.424892+00:00,200,1154.59,
2026-09-20T21:57:03.488233+00:00,200,1093.433,
2026-09-20T21:57:03.358188+00:00,200,1224.939,
2026-09-20T21:57:03.540730+00:00,200,1058.475,
2026-09-20T21:57:03.523904+00:00,200,1077.145,
2026-09-20T21:57:03.399264+00:00,200,1203.336,
2026-09-20T21:57:03.553750+00:00,200,1054.912,
2026-09-20T21:57:03.428012+00:00,200,1186.144,
2026-09-20T21:57:03.545831+00:00,200,1073.79,
2026-09-20T21:57:03.595340+00:00,200,1027.032,
2026-09-20T21:57:03.491295+00:00,200,1142.234,
2026-09-20T21:57:03.458481+00:00,200,1176.251,
2026-09-20T21:57:03.585058+00:00,200,1051.531,
2026-09-20T21:57:03.613418+00:00,200,1037.543,
2026-09-20T21:57:03.476434+00:00,200,1188.331,
2026-09-20T21:57:03.482922+00:00,200,1219.799,
2026-09-20T21:57:03.596565+00:00,200,1121.011,
2026-09-20T21:57:03.633827+00:00,200,1101.593,
2026-09-20T21:57:03.594246+00:00,200,1153.359,
2026-09-20T21:57:03.646665+00:00,200,1115.331,
2026-09-20T21:57:03.564059+00:00,200,1201.099,
2026-09-20T21:57:03.632295+00:00,200,1135.575,
2026-09-20T21:57:03.676242+00:00,200,1093.405,
2026-09-20T21:57:03.734076+00:00,200,1041.642,
2026-09-20T21:57:03.642413+00:00,200,1135.045,
2026-09-20T21:57:03.530228+00:00,200,1250.731,
2026-09-20T21:57:03.591417+00:00,200,1190.917,
2026-09-20T21:57:03.767163+00:00,200,1017.576,
2026-09-20T21:57:03.425707+00:00,200,1360.645,
2026-09-20T21:57:03.688499+00:00,200,1101.641,
2026-09-20T21:57:03.583354+00:00,200,1209.537,
2026-09-20T21:57:03.524708+00:00,200,1272.657,
2026-09-20T21:57:03.459290+00:00,200,1341.63,
2026-09-20T21:57:03.597927+00:00,200,1204.429,
2026-09-20T21:57:03.728762+00:00,200,1075.129,
2026-09-20T21:57:03.719014+00:00,200,1089.364,
2026-09-20T21:57:03.745094+00:00,200,1067.769,
2026-09-20T21:57:03.775800+00:00,200,1041.97,
2026-09-20T21:57:03.723382+00:00,200,1097.288,
2026-09-20T21:57:03.782657+00:00,200,1039.335,
2026-09-20T21:57:03.635357+00:00,200,1191.242,
2026-09-20T21:57:03.649456+00:00,200,1178.401,
2026-09-20T21:57:03.741458+00:00,200,1087.752,
2026-09-20T21:57:03.748457+00:00,200,1093.167,
2026-09-20T21:57:03.558266+00:00,200,1316.144,
2026-09-20T21:57:03.663051+00:00,200,1225.817,
2026-09-20T21:57:03.770917+00:00,200,1125.092,
2026-09-20T21:57:03.658087+00:00,200,1281.181,
2026-09-20T21:57:03.815708+00:00,200,1129.038,
2026-09-20T21:57:03.781532+00:00,200,1167.65,
2026-09-20T21:57:03.777372+00:00,200,1177.073,
2026-09-20T21:57:03.814582+00:00,200,1141.366,
2026-09-20T21:57:03.792075+00:00,200,1165.489,
2026-09-20T21:57:03.842554+00:00,200,1116.824,
2026-09-20T21:57:03.796258+00:00,200,1164.232,
2026-09-20T21:57:03.625556+00:00,200,1338.215,
2026-09-20T21:57:03.874636+00:00,200,1098.398,
2026-09-20T21:57:03.794027+00:00,200,1180.421,
2026-09-20T21:57:03.774200+00:00,200,1202.4,
2026-09-20T21:57:03.768854+00:00,200,1211.462,
2026-09-20T21:57:03.725302+00:00,200,1258.387,
2026-09-20T21:57:03.691462+00:00,200,1293.217,
2026-09-20T21:57:03.945031+00:00,200,1042.749,
2026-09-20T21:57:03.841303+00:00,200,1155.787,
2026-09-20T21:57:03.721549+00:00,200,1276.591,
2026-09-20T21:57:03.966189+00:00,200,1034.113,
2026-09-20T21:57:03.928109+00:00,200,1073.133,
2026-09-20T21:57:03.860804+00:00,200,1141.938,
2026-09-20T21:57:03.742710+00:00,200,1261.258,
2026-09-20T21:57:03.862099+00:00,200,1145.264,
2026-09-20T21:57:03.927047+00:00,200,1081.256,
2026-09-20T21:57:03.915566+00:00,200,1122.072,
2026-09-20T21:57:03.918796+00:00,200,1156.866,
2026-09-20T21:57:03.793199+00:00,200,1287.759,
2026-09-20T21:57:03.758940+00:00,200,1335.948,
2026-09-20T21:57:03.797780+00:00,200,1310.796,
2026-09-20T21:57:03.858858+00:00,200,1255.967,
2026-09-20T21:57:03.837083+00:00,200,1284.142,
2026-09-20T21:57:03.825611+00:00,200,1313.691,
2026-09-20T21:57:03.892317+00:00,200,1252.616,
2026-09-20T21:57:03.978034+00:00,200,1175.154,
2026-09-20T21:57:03.961735+00:00,200,1199.952,
2026-09-20T21:57:03.981549+00:00,200,1181.777,
2026-09-20T21:57:03.849918+00:00,200,1318.028,
2026-09-20T21:57:04.008419+00:00,200,1160.917,
2026-09-20T21:57:03.925184+00:00,200,1245.755,
2026-09-20T21:57:03.958254+00:00,200,1214.462,
2026-09-20T21:57:03.954736+00:00,200,1221.395,
2026-09-20T21:57:03.932653+00:00,200,1247.754,
2026-09-20T21:57:04.123519+00:00,200,1060.741,
2026-09-20T21:57:04.002782+00:00,200,1187.235,
2026-09-20T21:57:04.141126+00:00,200,1050.615,
2026-09-20T21:57:04.027836+00:00,200,1166.541,
2026-09-20T21:57:03.953214+00:00,200,1242.309,
2026-09-20T21:57:03.905301+00:00,200,1294.01,
2026-09-20T21:57:04.030320+00:00,200,1172.716,
2026-09-20T21:57:03.995811+00:00,200,1209.997,
2026-09-20T21:57:03.941241+00:00,200,1266.931,
2026-09-20T21:57:04.021835+00:00,200,1188.415,
2026-09-20T21:57:03.992013+00:00,200,1227.883,
2026-09-20T21:57:04.133808+00:00,200,1087.407,
2026-09-20T21:57:04.064846+00:00,200,1174.683,
2026-09-20T21:57:03.968579+00:00,200,1305.698,
2026-09-20T21:57:04.024847+00:00,200,1264.121,
2026-09-20T21:57:03.991545+00:00,200,1302.316,
2026-09-20T21:57:04.003814+00:00,200,1297.268,
2026-09-20T21:57:04.158526+00:00,200,1162.101,
2026-09-20T21:57:04.124554+00:00,200,1197.377,
2026-09-20T21:57:04.139297+00:00,200,1197.831,
2026-09-20T21:57:03.979914+00:00,200,1358.467,
2026-09-20T21:57:04.250448+00:00,200,1088.852,
2026-09-20T21:57:04.180382+00:00,200,1168.929,
2026-09-20T21:57:04.156908+00:00,200,1193.448,
2026-09-20T21:57:04.012816+00:00,200,1345.248,
2026-09-20T21:57:04.061615+00:00,200,1300.543,
2026-09-20T21:57:04.079251+00:00,200,1292.748,
2026-09-20T21:57:04.125440+00:00,200,1251.798,
2026-09-20T21:57:04.163964+00:00,200,1215.377,
2026-09-20T21:57:04.189010+00:00,200,1196.016,
2026-09-20T21:57:04.155776+00:00,200,1233.504,
2026-09-20T21:57:04.203167+00:00,200,1187.421,
2026-09-20T21:57:04.175677+00:00,200,1218.348,
2026-09-20T21:57:04.209585+00:00,200,1186.017,
2026-09-20T21:57:04.231349+00:00,200,1170.028,
2026-09-20T21:57:04.205129+00:00,200,1197.411,
2026-09-20T21:57:04.296046+00:00,200,1107.821,
2026-09-20T21:57:04.140372+00:00,200,1265.91,
2026-09-20T21:57:04.160750+00:00,200,1246.942,
2026-09-20T21:57:04.091185+00:00,200,1325.692,
2026-09-20T21:57:04.059102+00:00,200,1362.698,
2026-09-20T21:57:04.216341+00:00,200,1228.346,
2026-09-20T21:57:04.301873+00:00,200,1162.513,
2026-09-20T21:57:04.150036+00:00,200,1322.835,
2026-09-20T21:57:04.334105+00:00,200,1153.902,
2026-09-20T21:57:04.161469+00:00,200,1332.576,
2026-09-20T21:57:04.224861+00:00,200,1298.417,
2026-09-20T21:57:04.232340+00:00,200,1297.976,
2026-09-20T21:57:04.243358+00:00,200,1291.999,
2026-09-20T21:57:04.092950+00:00,200,1444.042,
2026-09-20T21:57:04.384533+00:00,200,1155.359,
2026-09-20T21:57:04.181371+00:00,200,1360.516,
2026-09-20T21:57:04.347017+00:00,200,1201.873,
2026-09-20T21:57:04.393106+00:00,200,1157.828,
2026-09-20T21:57:04.365918+00:00,200,1186.75,
2026-09-20T21:57:04.328295+00:00,200,1226.429,
2026-09-20T21:57:04.364469+00:00,200,1200.428,
2026-09-20T21:57:04.331979+00:00,200,1236.474,
2026-09-20T21:57:04.211493+00:00,200,1359.037,
2026-09-20T21:57:04.341401+00:00,200,1230.377,
2026-09-20T21:57:04.208784+00:00,200,1369.377,
2026-09-20T21:57:04.207091+00:00,200,1376.557,
2026-09-20T21:57:04.159108+00:00,200,1426.218,
2026-09-20T21:57:04.292622+00:00,200,1295.94,
2026-09-20T21:57:04.442068+00:00,200,1156.43,
2026-09-20T21:57:04.400554+00:00,200,1208.651,
2026-09-20T21:57:04.377736+00:00,200,1233.232,
2026-09-20T21:57:04.383186+00:00,200,1229.55,
2026-09-20T21:57:04.404653+00:00,200,1209.715,
2026-09-20T21:57:04.321374+00:00,200,1317.362,
2026-09-20T21:57:04.388491+00:00,200,1251.867,
2026-09-20T21:57:04.191626+00:00,200,1470.235,
2026-09-20T21:57:04.439565+00:00,200,1255.442,
2026-09-20T21:57:04.259013+00:00,200,1440.689,
2026-09-20T21:57:04.326212+00:00,200,1380.33,
2026-09-20T21:57:04.559822+00:00,200,1148.198,
2026-09-20T21:57:04.394686+00:00,200,1330.295,
2026-09-20T21:57:04.480278+00:00,200,1249.202,
2026-09-20T21:57:04.368778+00:00,200,1362.528,
2026-09-20T21:57:04.358993+00:00,200,1384.322,
2026-09-20T21:57:04.570118+00:00,200,1176.643,
2026-09-20T21:57:04.540941+00:00,200,1207.149,
2026-09-20T21:57:04.423776+00:00,200,1327.24,
2026-09-20T21:57:04.391439+00:00,200,1361.06,
2026-09-20T21:57:04.357997+00:00,200,1397.556,
2026-09-20T21:57:04.553890+00:00,200,1203.015,
2026-09-20T21:57:04.538434+00:00,200,1219.985,
2026-09-20T21:57:04.385995+00:00,200,1375.024,
2026-09-20T21:57:04.401940+00:00,200,1360.497,
2026-09-20T21:57:04.424847+00:00,200,1339.055,
2026-09-20T21:57:04.485946+00:00,200,1288.544,
2026-09-20T21:57:04.551842+00:00,200,1232.219,
2026-09-20T21:57:04.376393+00:00,200,1413.725,
2026-09-20T21:57:04.492123+00:00,200,1299.168,
2026-09-20T21:57:04.579478+00:00,200,1215.244,
2026-09-20T21:57:04.389719+00:00,200,1406.498,
2026-09-20T21:57:04.581663+00:00,200,1217.516,
2026-09-20T21:57:04.550506+00:00,200,1266.274,
2026-09-20T21:57:04.525648+00:00,200,1292.485,
2026-09-20T21:57:04.464332+00:00,200,1409.017,
2026-09-20T21:57:04.576538+00:00,200,1302.884,
2026-09-20T21:57:04.608660+00:00,200,1275.161,
2026-09-20T21:57:04.633527+00:00,200,1253.584,
2026-09-20T21:57:04.330119+00:00,200,1564.528,
2026-09-20T21:57:04.527377+00:00,200,1368.811,
2026-09-20T21:57:04.447340+00:00,200,1452.427,
2026-09-20T21:57:04.636587+00:00,200,1283.738,
2026-09-20T21:57:04.735425+00:00,200,1205.546,
2026-09-20T21:57:04.548060+00:00,200,1395.109,
2026-09-20T21:57:04.602598+00:00,200,1342.756,
2026-09-20T21:57:04.459217+00:00,200,1487.992,
2026-09-20T21:57:04.599203+00:00,200,1350.762,
2026-09-20T21:57:04.555681+00:00,200,1396.552,
2026-09-20T21:57:04.578413+00:00,200,1375.152,
2026-09-20T21:57:04.564856+00:00,200,1391.291,
2026-09-20T21:57:04.650958+00:00,200,1306.679,
2026-09-20T21:57:04.619618+00:00,200,1343.647,
2026-09-20T21:57:04.702718+00:00,200,1267.896,
2026-09-20T21:57:04.634730+00:00,200,1339.067,
2026-09-20T21:57:04.659070+00:00,200,1321.259,
2026-09-20T21:57:04.571317+00:00,200,1413.763,
2026-09-20T21:57:04.583125+00:00,200,1405.359,
2026-09-20T21:57:04.625124+00:00,200,1369.267,
2026-09-20T21:57:04.747603+00:00,200,1248.195,
2026-09-20T21:57:04.777455+00:00,200,1221.642,
2026-09-20T21:57:04.767868+00:00,200,1232.887,
2026-09-20T21:57:04.692632+00:00,200,1310.025,
2026-09-20T21:57:04.664764+00:00,200,1350.953,
2026-09-20T21:57:04.797361+00:00,200,1231.626,
2026-09-20T21:57:04.803888+00:00,200,1258.502,
2026-09-20T21:57:04.800916+00:00,200,1262.868,
2026-09-20T21:57:04.601047+00:00,200,1464.128,
2026-09-20T21:57:04.614153+00:00,200,1462.682,
2026-09-20T21:57:04.775716+00:00,200,1304.221,
2026-09-20T21:57:04.622369+00:00,200,1472.989,
2026-09-20T21:57:04.558679+00:00,200,1553.453,
2026-09-20T21:57:04.826595+00:00,200,1292.663,
2026-09-20T21:57:04.830758+00:00,200,1297.233,
2026-09-20T21:57:04.829208+00:00,200,1300.15,
2026-09-20T21:57:04.808376+00:00,200,1323.013,
2026-09-20T21:57:04.761995+00:00,200,1380.937,
2026-09-20T21:57:04.717574+00:00,200,1434.654,
2026-09-20T21:57:04.792889+00:00,200,1360.738,
2026-09-20T21:57:04.782333+00:00,200,1379.45,
2026-09-20T21:57:04.820668+00:00,200,1346.864,
2026-09-20T21:57:04.798815+00:00,200,1370.613,
2026-09-20T21:57:04.765156+00:00,200,1406.068,
2026-09-20T21:57:04.784739+00:00,200,1392.476,
2026-09-20T21:57:04.592436+00:00,200,1586.849,
2026-09-20T21:57:04.769645+00:00,200,1410.981,
2026-09-20T21:57:04.949179+00:00,200,1237.384,
2026-09-20T21:57:04.812860+00:00,200,1381.262,
2026-09-20T21:57:04.821989+00:00,200,1373.519,
2026-09-20T21:57:04.841621+00:00,200,1355.71,
2026-09-20T21:57:04.790138+00:00,200,1409.959,
2026-09-20T21:57:04.780956+00:00,200,1450.936,
2026-09-20T21:57:04.959376+00:00,200,1273.82,
2026-09-20T21:57:04.888865+00:00,200,1349.67,
2026-09-20T21:57:04.725707+00:00,200,1514.36,
2026-09-20T21:57:04.963767+00:00,200,1285.791,
2026-09-20T21:57:04.802352+00:00,200,1458.705,
2026-09-20T21:57:04.874406+00:00,200,1388.056,
2026-09-20T21:57:04.973032+00:00,200,1291.988,
2026-09-20T21:57:04.817768+00:00,200,1483.328,
2026-09-20T21:57:04.955945+00:00,200,1358.091,
2026-09-20T21:57:04.944743+00:00,200,1370.875,
2026-09-20T21:57:04.786348+00:00,200,1535.678,
2026-09-20T21:57:04.925668+00:00,200,1412.604,
2026-09-20T21:57:04.998137+00:00,200,1341.482,
2026-09-20T21:57:04.980314+00:00,200,1361.321,
2026-09-20T21:57:04.759589+00:00,200,1585.152,
2026-09-20T21:57:04.827852+00:00,200,1525.114,
2026-09-20T21:57:04.987779+00:00,200,1366.865,
2026-09-20T21:57:04.859167+00:00,200,1496.911,
2026-09-20T21:57:04.891980+00:00,200,1468.526,
2026-09-20T21:57:04.997087+00:00,200,1372.532,
2026-09-20T21:57:05.008302+00:00,200,1371.567,
2026-09-20T21:57:04.976596+00:00,200,1404.823,
2026-09-20T21:57:04.896006+00:00,200,1486.85,
2026-09-20T21:57:04.957562+00:00,200,1427.538,
2026-09-20T21:57:05.080955+00:00,200,1314.701,
2026-09-20T21:57:05.007360+00:00,200,1389.934,
2026-09-20T21:57:04.939264+00:00,200,1468.756,
2026-09-20T21:57:05.094884+00:00,200,1317.604,
2026-09-20T21:57:05.059441+00:00,200,1360.319,
2026-09-20T21:57:04.960487+00:00,200,1460.524,
2026-09-20T21:57:04.954442+00:00,200,1468.29,
2026-09-20T21:57:05.003963+00:00,200,1420.549,
2026-09-20T21:57:05.002739+00:00,200,1422.953,
2026-09-20T21:57:05.144931+00:00,200,1312.227,
2026-09-20T21:57:04.974444+00:00,200,1486.205,
2026-09-20T21:57:05.163325+00:00,200,1313.948,
2026-09-20T21:57:05.075662+00:00,200,1403.307,
2026-09-20T21:57:04.992160+00:00,200,1491.696,
2026-09-20T21:57:04.983685+00:00,200,1539.419,
2026-09-20T21:57:05.114822+00:00,200,1423.077,
2026-09-20T21:57:05.190027+00:00,200,1349.704,
2026-09-20T21:57:05.153188+00:00,200,1389.235,
2026-09-20T21:57:04.984675+00:00,200,1559.363,
2026-09-20T21:57:04.961213+00:00,200,1586.1,
2026-09-20T21:57:05.169350+00:00,200,1395.358,
2026-09-20T21:57:05.180404+00:00,200,1385.471,
2026-09-20T21:57:05.170937+00:00,200,1396.21,
2026-09-20T21:57:05.000300+00:00,200,1568.261,
2026-09-20T21:57:05.001242+00:00,200,1568.888,
2026-09-20T21:57:05.037638+00:00,200,1536.999,
2026-09-20T21:57:05.199309+00:00,200,1376.665,
2026-09-20T21:57:05.176130+00:00,200,1405.709,
2026-09-20T21:57:05.219892+00:00,200,1370.034,
2026-09-20T21:57:05.205806+00:00,200,1385.417,
2026-09-20T21:57:05.288971+00:00,200,1303.466,
2026-09-20T21:57:05.121222+00:00,200,1477.714,
2026-09-20T21:57:05.026097+00:00,200,1577.18,
2026-09-20T21:57:05.108572+00:00,200,1497.476,
2026-09-20T21:57:05.158945+00:00,200,1451.915,
2026-09-20T21:57:05.092801+00:00,200,1520.525,
2026-09-20T21:57:05.139299+00:00,200,1497.048,
2026-09-20T21:57:05.301079+00:00,200,1336.697,
2026-09-20T21:57:05.161685+00:00,200,1490.617,
2026-09-20T21:57:05.194390+00:00,200,1466.487,
2026-09-20T21:57:05.195525+00:00,200,1466.61,
2026-09-20T21:57:05.320625+00:00,200,1352.214,
2026-09-20T21:57:05.167942+00:00,200,1523.064,
2026-09-20T21:57:05.210252+00:00,200,1488.868,
2026-09-20T21:57:05.172717+00:00,200,1540.291,
2026-09-20T21:57:05.225532+00:00,200,1489.122,
2026-09-20T21:57:05.203035+00:00,200,1516.469,
2026-09-20T21:57:05.338381+00:00,200,1382.731,
2026-09-20T21:57:05.362164+00:00,200,1368.573,
2026-09-20T21:57:05.184265+00:00,200,1554.795,
2026-09-20T21:57:05.191738+00:00,200,1548.954,
2026-09-20T21:57:05.239531+00:00,200,1511.022,
2026-09-20T21:57:05.358065+00:00,200,1393.781,
2026-09-20T21:57:05.274274+00:00,200,1487.346,
2026-09-20T21:57:05.208169+00:00,200,1563.631,
2026-09-20T21:57:05.337127+00:00,200,1436.253,
2026-09-20T21:57:05.325475+00:00,200,1455.863,
2026-09-20T21:57:05.379338+00:00,200,1403.445,
2026-09-20T21:57:05.394024+00:00,200,1396.778,
2026-09-20T21:57:05.125460+00:00,200,1683.223,
2026-09-20T21:57:05.293859+00:00,200,1521.101,
2026-09-20T21:57:05.406278+00:00,200,1411.253,
2026-09-20T21:57:05.193258+00:00,200,1626.735,
2026-09-20T21:57:05.349310+00:00,200,1471.654,
2026-09-20T21:57:05.350352+00:00,200,1472.214,
2026-09-20T21:57:05.421806+00:00,200,1401.713,
2026-09-20T21:57:05.221217+00:00,200,1616.122,
2026-09-20T21:57:05.359804+00:00,200,1491.195,
2026-09-20T21:57:05.321930+00:00,200,1543.775,
2026-09-20T21:57:05.377235+00:00,200,1493.17,
2026-09-20T21:57:05.389277+00:00,200,1486.228,
2026-09-20T21:57:05.488004+00:00,200,1403.89,
2026-09-20T21:57:05.259158+00:00,200,1638.37,
2026-09-20T21:57:05.339297+00:00,200,1580.452,
2026-09-20T21:57:05.401375+00:00,200,1519.727,
2026-09-20T21:57:05.416883+00:00,200,1506.788,
2026-09-20T21:57:05.459601+00:00,200,1472.132,
2026-09-20T21:57:05.541882+00:00,200,1394.356,
2026-09-20T21:57:05.291999+00:00,200,1648.436,
2026-09-20T21:57:05.403870+00:00,200,1537.922,
2026-09-20T21:57:05.372005+00:00,200,1571.55,
2026-09-20T21:57:05.390590+00:00,200,1557.278,
2026-09-20T21:57:05.523278+00:00,200,1429.259,
2026-09-20T21:57:05.396644+00:00,200,1557.103,
2026-09-20T21:57:05.385023+00:00,200,1571.084,
2026-09-20T21:57:05.472871+00:00,200,1489.276,
2026-09-20T21:57:05.564894+00:00,200,1401.602,
2026-09-20T21:57:05.395598+00:00,200,1598.433,
2026-09-20T21:57:05.548890+00:00,200,1447.325,
2026-09-20T21:57:05.570526+00:00,200,1427.258,
2026-09-20T21:57:05.402544+00:00,200,1620.885,
2026-09-20T21:57:05.494041+00:00,200,1536.688,
2026-09-20T21:57:05.598495+00:00,200,1437.395,
2026-09-20T21:57:05.464388+00:00,200,1575.055,
2026-09-20T21:57:05.610965+00:00,200,1431.729,
2026-09-20T21:57:05.583645+00:00,200,1461.093,
2026-09-20T21:57:05.554725+00:00,200,1494.988,
2026-09-20T21:57:05.537003+00:00,200,1524.768,
2026-09-20T21:57:05.407689+00:00,200,1656.426,
2026-09-20T21:57:05.444684+00:00,200,1631.659,
2026-09-20T21:57:05.539889+00:00,200,1544.164,
2026-09-20T21:57:05.661859+00:00,200,1427.053,
2026-09-20T21:57:05.578156+00:00,200,1522.246,
2026-09-20T21:57:05.706547+00:00,200,1396.188,
2026-09-20T21:57:05.492302+00:00,200,1613.142,
2026-09-20T21:57:05.425573+00:00,200,1681.352,
2026-09-20T21:57:05.614365+00:00,200,1494.663,
2026-09-20T21:57:05.530312+00:00,200,1580.66,
2026-09-20T21:57:05.550931+00:00,200,1578.722,
2026-09-20T21:57:05.535354+00:00,200,1595.743,
2026-09-20T21:57:05.640354+00:00,200,1495.091,
2026-09-20T21:57:05.552666+00:00,200,1586.412,
2026-09-20T21:57:05.588605+00:00,200,1554.025,
2026-09-20T21:57:05.609202+00:00,200,1534.786,
2026-09-20T21:57:05.699706+00:00,200,1456.489,
2026-09-20T21:57:05.568457+00:00,200,1603.219,
2026-09-20T21:57:05.743312+00:00,200,1431.256,
2026-09-20T21:57:05.752494+00:00,200,1426.674,
2026-09-20T21:57:05.612736+00:00,200,1569.415,
2026-09-20T21:57:05.659670+00:00,200,1549.195,
2026-09-20T21:57:05.695008+00:00,200,1518.012,
2026-09-20T21:57:05.790114+00:00,200,1453.381,
2026-09-20T21:57:05.758417+00:00,200,1492.318,
2026-09-20T21:57:05.558958+00:00,200,1696.814,
2026-09-20T21:57:05.571778+00:00,200,1685.365,
2026-09-20T21:57:05.724978+00:00,200,1536.041,
2026-09-20T21:57:05.731304+00:00,200,1533.844,
2026-09-20T21:57:05.585321+00:00,200,1683.549,
2026-09-20T21:57:05.759793+00:00,200,1510.832,
2026-09-20T21:57:05.762433+00:00,200,1510.343,
2026-09-20T21:57:05.755549+00:00,200,1524.419,
2026-09-20T21:57:05.525379+00:00,200,1758.202,
2026-09-20T21:57:05.626315+00:00,200,1668.351,
2026-09-20T21:57:05.816776+00:00,200,1495.556,
2026-09-20T21:57:05.751013+00:00,200,1564.277,
2026-09-20T21:57:05.708018+00:00,200,1610.033,
2026-09-20T21:57:05.592282+00:00,200,1727.333,
2026-09-20T21:57:05.784057+00:00,200,1543.439,
2026-09-20T21:57:05.729477+00:00,200,1602.156,
2026-09-20T21:57:05.746759+00:00,200,1586.869,
2026-09-20T21:57:05.792140+00:00,200,1544.7,
2026-09-20T21:57:05.638744+00:00,200,1701.491,
2026-09-20T21:57:05.761015+00:00,200,1580.938,
2026-09-20T21:57:05.873345+00:00,200,1482.753,
2026-09-20T21:57:05.796213+00:00,200,1590.988,
2026-09-20T21:57:05.774487+00:00,200,1616.66,
2026-09-20T21:57:05.943165+00:00,200,1454.161,
2026-09-20T21:57:05.859156+00:00,200,1545.353,
2026-09-20T21:57:05.748087+00:00,200,1668.092,
2026-09-20T21:57:05.887108+00:00,200,1530.639,
2026-09-20T21:57:05.952229+00:00,200,1479.936,
2026-09-20T21:57:05.763898+00:00,200,1683.767,
2026-09-20T21:57:05.791288+00:00,200,1657.547,
2026-09-20T21:57:05.726222+00:00,200,1724.089,
2026-09-20T21:57:05.756902+00:00,200,1695.742,
2026-09-20T21:57:05.953561+00:00,200,1502.01,
2026-09-20T21:57:05.899762+00:00,200,1562.204,
2026-09-20T21:57:05.883817+00:00,200,1579.714,
2026-09-20T21:57:05.970611+00:00,200,1502.798,
2026-09-20T21:57:05.693423+00:00,200,1788.52,
2026-09-20T21:57:05.985076+00:00,200,1498.446,
2026-09-20T21:57:05.794719+00:00,200,1706.566,
2026-09-20T21:57:05.825830+00:00,200,1684.14,
2026-09-20T21:57:05.995796+00:00,200,1519.172,
2026-09-20T21:57:05.879418+00:00,200,1637.076,
2026-09-20T21:57:05.799176+00:00,200,1718.708,
2026-09-20T21:57:05.988480+00:00,200,1531.797,
2026-09-20T21:57:05.896185+00:00,200,1634.523,
2026-09-20T21:57:05.945349+00:00,200,1587.029,
2026-09-20T21:57:05.894644+00:00,200,1639.084,
2026-09-20T21:57:05.949961+00:00,200,1586.177,
2026-09-20T21:57:05.957633+00:00,200,1598.148,
2026-09-20T21:57:05.818131+00:00,200,1745.64,
2026-09-20T21:57:06.002655+00:00,200,1566.867,
2026-09-20T21:57:06.062387+00:00,200,1552.199,
2026-09-20T21:57:05.920321+00:00,200,1696.217,
2026-09-20T21:57:05.892494+00:00,200,1727.085,
2026-09-20T21:57:06.065170+00:00,200,1557.063,
2026-09-20T21:57:05.980326+00:00,200,1643.462,
2026-09-20T21:57:05.925822+00:00,200,1702.405,
2026-09-20T21:57:06.131384+00:00,200,1500.474,
2026-09-20T21:57:05.959335+00:00,200,1678.475,
2026-09-20T21:57:05.947204+00:00,200,1692.367,
2026-09-20T21:57:05.994388+00:00,200,1646.907,
2026-09-20T21:57:06.095354+00:00,200,1547.447,
2026-09-20T21:57:06.167527+00:00,200,1477.954,
2026-09-20T21:57:06.119253+00:00,200,1527.6,
2026-09-20T21:57:05.992422+00:00,200,1672.749,
2026-09-20T21:57:06.152227+00:00,200,1523.978,
2026-09-20T21:57:05.999094+00:00,200,1678.867,
2026-09-20T21:57:05.956142+00:00,200,1723.419,
2026-09-20T21:57:06.079933+00:00,200,1611.125,
2026-09-20T21:57:05.963261+00:00,200,1739.461,
2026-09-20T21:57:05.940978+00:00,200,1764.4,
2026-09-20T21:57:06.177211+00:00,200,1542.08,
2026-09-20T21:57:05.973793+00:00,200,1752.522,
2026-09-20T21:57:06.179280+00:00,200,1554.678,
2026-09-20T21:57:06.129353+00:00,200,1612.673,
2026-09-20T21:57:06.112126+00:00,200,1632.799,
2026-09-20T21:57:06.195502+00:00,200,1550.839,
2026-09-20T21:57:06.142933+00:00,200,1612.693,
2026-09-20T21:57:06.000752+00:00,200,1771.737,
2026-09-20T21:57:06.015717+00:00,200,1764.497,
2026-09-20T21:57:06.161778+00:00,200,1631.422,
2026-09-20T21:57:06.028983+00:00,200,1765.805,
2026-09-20T21:57:06.197325+00:00,200,1610.509,
2026-09-20T21:57:06.093170+00:00,200,1739.766,
2026-09-20T21:57:06.063779+00:00,200,1770.939,
2026-09-20T21:57:06.249554+00:00,200,1587.605,
2026-09-20T21:57:06.076830+00:00,200,1762.349,
2026-09-20T21:57:06.301090+00:00,200,1541.862,
2026-09-20T21:57:06.322021+00:00,200,1522.366,
2026-09-20T21:57:06.194116+00:00,200,1651.891,
2026-09-20T21:57:06.233192+00:00,200,1615.987,
2026-09-20T21:57:06.127986+00:00,200,1722.884,
2026-09-20T21:57:06.200092+00:00,200,1655.776,
2026-09-20T21:57:06.192841+00:00,200,1679.626,
2026-09-20T21:57:06.171222+00:00,200,1709.187,
2026-09-20T21:57:06.231887+00:00,200,1650.006,
2026-09-20T21:57:06.259750+00:00,200,1629.809,
2026-09-20T21:57:06.059837+00:00,200,1839.352,
2026-09-20T21:57:06.352960+00:00,200,1548.819,
2026-09-20T21:57:06.153623+00:00,200,1749.961,
2026-09-20T21:57:06.026543+00:00,200,1879.232,
2026-09-20T21:57:06.238530+00:00,200,1675.805,
2026-09-20T21:57:06.169424+00:00,200,1752.727,
2026-09-20T21:57:06.265017+00:00,200,1690.863,
2026-09-20T21:57:06.315615+00:00,200,1642.091,
2026-09-20T21:57:06.262457+00:00,200,1697.365,
2026-09-20T21:57:06.186559+00:00,200,1774.573,
2026-09-20T21:57:06.180622+00:00,200,1783.188,
2026-09-20T21:57:06.293240+00:00,200,1673.584,
2026-09-20T21:57:06.381415+00:00,200,1590.984,
2026-09-20T21:57:06.126711+00:00,200,1876.964,
2026-09-20T21:57:06.261052+00:00,200,1759.753,
2026-09-20T21:57:06.325820+00:00,200,1697.749,
2026-09-20T21:57:06.424507+00:00,200,1604.252,
2026-09-20T21:57:06.338269+00:00,200,1691.926,
2026-09-20T21:57:06.354639+00:00,200,1677.21,
2026-09-20T21:57:06.419755+00:00,200,1616.076,
2026-09-20T21:57:06.360500+00:00,200,1679.852,
2026-09-20T21:57:06.159348+00:00,200,1885.248,
2026-09-20T21:57:06.344749+00:00,200,1705.515,
2026-09-20T21:57:06.459080+00:00,200,1596.183,
2026-09-20T21:57:06.460644+00:00,200,1595.896,
2026-09-20T21:57:06.240065+00:00,200,1821.95,
2026-09-20T21:57:06.382851+00:00,200,1689.3,
2026-09-20T21:57:06.226533+00:00,200,1850.687,
2026-09-20T21:57:06.339615+00:00,200,1739.731,
2026-09-20T21:57:06.523099+00:00,200,1557.553,
2026-09-20T21:57:06.477270+00:00,200,1604.794,
2026-09-20T21:57:06.412485+00:00,200,1681.037,
2026-09-20T21:57:06.379865+00:00,200,1715.184,
2026-09-20T21:57:06.341630+00:00,200,1788.22,
2026-09-20T21:57:06.395652+00:00,200,1735.797,
2026-09-20T21:57:06.356073+00:00,200,1779.195,
2026-09-20T21:57:06.457156+00:00,200,1680.929,
2026-09-20T21:57:06.314032+00:00,200,1825.588,
2026-09-20T21:57:06.421005+00:00,200,1732.132,
2026-09-20T21:57:06.570123+00:00,200,1584.69,
2026-09-20T21:57:06.425686+00:00,200,1744.374,
2026-09-20T21:57:06.369616+00:00,200,1806.747,
2026-09-20T21:57:06.544032+00:00,200,1644.203,
2026-09-20T21:57:06.483851+00:00,200,1708.924,
2026-09-20T21:57:06.492506+00:00,200,1706.385,
2026-09-20T21:57:06.426671+00:00,200,1782.728,
2026-09-20T21:57:06.591219+00:00,200,1619.676,
2026-09-20T21:57:06.385094+00:00,200,1828.475,
2026-09-20T21:57:06.422726+00:00,200,1806.094,
2026-09-20T21:57:06.542421+00:00,200,1697.563,
2026-09-20T21:57:06.408016+00:00,200,1835.784,
2026-09-20T21:57:06.397290+00:00,200,1850.1,
2026-09-20T21:57:06.567142+00:00,200,1681.984,
2026-09-20T21:57:06.662130+00:00,200,1596.401,
2026-09-20T21:57:06.603272+00:00,200,1656.73,
2026-09-20T21:57:06.564704+00:00,200,1698.769,
2026-09-20T21:57:06.606043+00:00,200,1660.061,
2026-09-20T21:57:06.593919+00:00,200,1682.331,
2026-09-20T21:57:06.637775+00:00,200,1655.436,
2026-09-20T21:57:06.359358+00:00,200,1950.081,
2026-09-20T21:57:06.565871+00:00,200,1745.713,
2026-09-20T21:57:06.392394+00:00,200,1920.69,
2026-09-20T21:57:06.537895+00:00,200,1783.383,
2026-09-20T21:57:06.575969+00:00,200,1747.461,
2026-09-20T21:57:06.478965+00:00,200,1846.309,
2026-09-20T21:57:06.589921+00:00,200,1742.525,
2026-09-20T21:57:06.592462+00:00,200,1745.547,
2026-09-20T21:57:06.539727+00:00,200,1801.752,
2026-09-20T21:57:06.626707+00:00,200,1716.174,
2026-09-20T21:57:06.636346+00:00,200,1729.544,
2026-09-20T21:57:06.525824+00:00,200,1842.342,
2026-09-20T21:57:06.714649+00:00,200,1669.464,
2026-09-20T21:57:06.660872+00:00,200,1725.081,
2026-09-20T21:57:06.659177+00:00,200,1728.6,
2026-09-20T21:57:06.547308+00:00,200,1842.785,
2026-09-20T21:57:06.652298+00:00,200,1752.026,
2026-09-20T21:57:06.574632+00:00,200,1844.244,
2026-09-20T21:57:06.699115+00:00,200,1722.56,
2026-09-20T21:57:06.598932+00:00,200,1824.691,
2026-09-20T21:57:06.761617+00:00,200,1671.837,
2026-09-20T21:57:06.568555+00:00,200,1871.125,
2026-09-20T21:57:06.751852+00:00,200,1689.635,
2026-09-20T21:57:06.725842+00:00,200,1731.804,
2026-09-20T21:57:06.581834+00:00,200,1888.382,
2026-09-20T21:57:06.773379+00:00,200,1698.881,
2026-09-20T21:57:06.672836+00:00,200,1825.754,
2026-09-20T21:57:06.823513+00:00,200,1677.588,
2026-09-20T21:57:06.713003+00:00,200,1790.15,
2026-09-20T21:57:06.814957+00:00,200,1692.082,
2026-09-20T21:57:06.730736+00:00,200,1782.448,
2026-09-20T21:57:06.771795+00:00,200,1752.029,
2026-09-20T21:57:06.613321+00:00,200,1919.477,
2026-09-20T21:57:06.759791+00:00,200,1774.656,
2026-09-20T21:57:06.563558+00:00,200,1974.212,
2026-09-20T21:57:06.691001+00:00,200,1859.547,
2026-09-20T21:57:06.782779+00:00,200,1769.287,
2026-09-20T21:57:06.610856+00:00,200,1943.137,
2026-09-20T21:57:06.865700+00:00,200,1691.842,
2026-09-20T21:57:06.719499+00:00,200,1854.953,
2026-09-20T21:57:06.739054+00:00,200,1837.23,
2026-09-20T21:57:06.750549+00:00,200,1827.655,
2026-09-20T21:57:06.820961+00:00,200,1762.225,
2026-09-20T21:57:06.921096+00:00,200,1669.079,
2026-09-20T21:57:06.721107+00:00,200,1885.557,
2026-09-20T21:57:06.808679+00:00,200,1799.845,
2026-09-20T21:57:06.822561+00:00,200,1789.093,
2026-09-20T21:57:06.792496+00:00,200,1820.66,
2026-09-20T21:57:06.923666+00:00,200,1698.989,
2026-09-20T21:57:06.740686+00:00,200,1893.545,
2026-09-20T21:57:06.692412+00:00,200,1951.217,
2026-09-20T21:57:06.891889+00:00,200,1754.185,
2026-09-20T21:57:06.941786+00:00,200,1708.184,
2026-09-20T21:57:06.953743+00:00,200,1702.157,
2026-09-20T21:57:06.875500+00:00,200,1781.759,
2026-09-20T21:57:06.781335+00:00,200,1903.309,
2026-09-20T21:57:06.897523+00:00,200,1789.97,
2026-09-20T21:57:06.997779+00:00,200,1693.912,
2026-09-20T21:57:06.994026+00:00,200,1700.931,
2026-09-20T21:57:06.952533+00:00,200,1750.084,
2026-09-20T21:57:06.790800+00:00,200,1918.744,
2026-09-20T21:57:06.919745+00:00,200,1801.67,
2026-09-20T21:57:07.030723+00:00,200,1698.943,
2026-09-20T21:57:06.817526+00:00,200,1913.724,
2026-09-20T21:57:06.819986+00:00,200,1912.451,
2026-09-20T21:57:06.837332+00:00,200,1902.153,
2026-09-20T21:57:06.850999+00:00,200,1898.618,
2026-09-20T21:57:06.859172+00:00,200,1896.101,
2026-09-20T21:57:06.947864+00:00,200,1835.177,
2026-09-20T21:57:07.035887+00:00,200,1753.208,
2026-09-20T21:57:06.892785+00:00,200,1899.158,
2026-09-20T21:57:06.962142+00:00,200,1831.146,
2026-09-20T21:57:07.064110+00:00,200,1731.264,
2026-09-20T21:57:06.940433+00:00,200,1856.064,
2026-09-20T21:57:07.023424+00:00,200,1774.223,
2026-09-20T21:57:06.870401+00:00,200,1940.625,
2026-09-20T21:57:06.959360+00:00,200,1853.258,
2026-09-20T21:57:06.825851+00:00,200,1991.422,
2026-09-20T21:57:07.102731+00:00,200,1726.798,
2026-09-20T21:57:07.049708+00:00,200,1782.649,
2026-09-20T21:57:07.110968+00:00,200,1722.69,
2026-09-20T21:57:07.088907+00:00,200,1750.156,
2026-09-20T21:57:06.936234+00:00,200,1905.066,
2026-09-20T21:57:06.931729+00:00,200,1910.592,
2026-09-20T21:57:07.131092+00:00,200,1723.228,
2026-09-20T21:57:07.042689+00:00,200,1822.414,
2026-09-20T21:57:07.061766+00:00,200,1827.924,
2026-09-20T21:57:07.143983+00:00,200,1755.214,
2026-09-20T21:57:06.943552+00:00,200,1962.843,
2026-09-20T21:57:06.956102+00:00,200,1960.376,
2026-09-20T21:57:06.996210+00:00,200,1922.285,
2026-09-20T21:57:07.142625+00:00,200,1780.54,
2026-09-20T21:57:07.084047+00:00,200,1847.331,
2026-09-20T21:57:07.174564+00:00,200,1758.277,
2026-09-20T21:57:06.925800+00:00,200,2024.588,
2026-09-20T21:57:06.966490+00:00,200,1996.003,
2026-09-20T21:57:07.100397+00:00,200,1863.857,
2026-09-20T21:57:07.106919+00:00,200,1858.433,
2026-09-20T21:57:07.039438+00:00,200,1932.043,
2026-09-20T21:57:07.109022+00:00,200,1864.564,
2026-09-20T21:57:07.139072+00:00,200,1840.962,
2026-09-20T21:57:07.208861+00:00,200,1775.808,
2026-09-20T21:57:07.243491+00:00,200,1744.013,
2026-09-20T21:57:07.060240+00:00,200,1935.003,
2026-09-20T21:57:07.171671+00:00,200,1826.34,
2026-09-20T21:57:07.261015+00:00,200,1739.977,
2026-09-20T21:57:07.044733+00:00,200,1959.536,
2026-09-20T21:57:06.992777+00:00,200,2022.964,
2026-09-20T21:57:07.279963+00:00,200,1756.578,
2026-09-20T21:57:07.272770+00:00,200,1766.412,
2026-09-20T21:57:07.257136+00:00,200,1783.705,
2026-09-20T21:57:07.076337+00:00,200,1966.112,
2026-09-20T21:57:07.159437+00:00,200,1893.466,
2026-09-20T21:57:07.025976+00:00,200,2036.252,
2026-09-20T21:57:07.179164+00:00,200,1891.969,
2026-09-20T21:57:07.312328+00:00,200,1769.886,
2026-09-20T21:57:07.135441+00:00,200,1948.193,
2026-09-20T21:57:07.126854+00:00,200,1966.824,
2026-09-20T21:57:07.319609+00:00,200,1785.06,
2026-09-20T21:57:07.255767+00:00,200,1850.47,
2026-09-20T21:57:07.105438+00:00,200,2002.935,
2026-09-20T21:57:07.333622+00:00,200,1779.402,
2026-09-20T21:57:07.129648+00:00,200,2008.767,
2026-09-20T21:57:07.294660+00:00,200,1850.636,
2026-09-20T21:57:07.340229+00:00,200,1812.604,
2026-09-20T21:57:07.156191+00:00,200,1998.188,
2026-09-20T21:57:07.092808+00:00,200,2064.362,
2026-09-20T21:57:07.270620+00:00,200,1891.363,
2026-09-20T21:57:07.404506+00:00,200,1765.161,
2026-09-20T21:57:07.193547+00:00,200,1987.759,
2026-09-20T21:57:07.387199+00:00,200,1798.266,
2026-09-20T21:57:07.315285+00:00,200,1875.142,
2026-09-20T21:57:07.182146+00:00,200,2021.184,
2026-09-20T21:57:07.331628+00:00,200,1873.753,
2026-09-20T21:57:07.336834+00:00,200,1876.945,
2026-09-20T21:57:07.250730+00:00,200,1966.436,
2026-09-20T21:57:07.455566+00:00,200,1767.95,
2026-09-20T21:57:07.213015+00:00,200,2020.743,
2026-09-20T21:57:07.265143+00:00,200,1971.161,
2026-09-20T21:57:07.359532+00:00,200,1878.334,
2026-09-20T21:57:07.416173+00:00,200,1824.846,
2026-09-20T21:57:07.452637+00:00,200,1790.693,
2026-09-20T21:57:07.356095+00:00,200,1900.704,
2026-09-20T21:57:07.268863+00:00,200,1991.343,
2026-09-20T21:57:07.481937+00:00,200,1783.958,
2026-09-20T21:57:07.283575+00:00,200,1983.846,
2026-09-20T21:57:07.293501+00:00,200,1994.38,
2026-09-20T21:57:07.226893+00:00,200,2066.268,
2026-09-20T21:57:07.501277+00:00,200,1804.602,
2026-09-20T21:57:07.397324+00:00,200,1924.856,
2026-09-20T21:57:07.417741+00:00,200,1913.051,
2026-09-20T21:57:07.448828+00:00,200,1885.404,
2026-09-20T21:57:07.520271+00:00,200,1816.322,
2026-09-20T21:57:07.516488+00:00,200,1821.668,
2026-09-20T21:57:07.532373+00:00,200,1808.101,
2026-09-20T21:57:07.450305+00:00,200,1899.14,
2026-09-20T21:57:07.318046+00:00,200,2034.423,
2026-09-20T21:57:07.259337+00:00,200,2118.107,
2026-09-20T21:57:07.341946+00:00,200,2040.559,
2026-09-20T21:57:07.327490+00:00,200,2056.747,
2026-09-20T21:57:07.473404+00:00,200,1913.181,
2026-09-20T21:57:07.463526+00:00,200,1935.178,
2026-09-20T21:57:07.555776+00:00,200,1847.798,
2026-09-20T21:57:07.526600+00:00,200,1880.738,
2026-09-20T21:57:07.391146+00:00,200,2018.336,
2026-09-20T21:57:07.326308+00:00,200,2101.521,
2026-09-20T21:57:07.514963+00:00,200,1914.617,
2026-09-20T21:57:07.426882+00:00,200,2007.185,
2026-09-20T21:57:07.432160+00:00,200,2003.478,
2026-09-20T21:57:07.628222+00:00,200,1809.795,
2026-09-20T21:57:07.645477+00:00,200,1796.862,
2026-09-20T21:57:07.614583+00:00,200,1829.275,
2026-09-20T21:57:07.530703+00:00,200,1917.664,
2026-09-20T21:57:07.639566+00:00,200,1820.312,
2026-09-20T21:57:07.447658+00:00,200,2042.917,
2026-09-20T21:57:07.461960+00:00,200,2041.73,
2026-09-20T21:57:07.393167+00:00,200,2124.079,
2026-09-20T21:57:07.536132+00:00,200,1986.518,
2026-09-20T21:57:07.679554+00:00,200,1846.746,
2026-09-20T21:57:07.593704+00:00,200,1935.873,
2026-09-20T21:57:07.569516+00:00,200,1967.072,
2026-09-20T21:57:07.726307+00:00,200,1817.229,
2026-09-20T21:57:07.702715+00:00,200,1843.149,
2026-09-20T21:57:07.616533+00:00,200,1931.17,
2026-09-20T21:57:07.622228+00:00,200,1928.211,
2026-09-20T21:57:07.493653+00:00,200,2058.309,
2026-09-20T21:57:07.533722+00:00,200,2022.744,
2026-09-20T21:57:07.637804+00:00,200,1946.752,
2026-09-20T21:57:07.742020+00:00,200,1844.838,
2026-09-20T21:57:07.744921+00:00,200,1843.404,
2026-09-20T21:57:07.483516+00:00,200,2112.249,
2026-09-20T21:57:07.459675+00:00,200,2139.707,
2026-09-20T21:57:07.631853+00:00,200,1979.265,
2026-09-20T21:57:07.517877+00:00,200,2096.166,
2026-09-20T21:57:07.619574+00:00,200,1999.051,
2026-09-20T21:57:07.807828+00:00,200,1817.227,
2026-09-20T21:57:07.780218+00:00,200,1846.488,
2026-09-20T21:57:07.677955+00:00,200,1953.911,
2026-09-20T21:57:07.509963+00:00,200,2126.091,
2026-09-20T21:57:07.642795+00:00,200,2009.604,
2026-09-20T21:57:07.563765+00:00,200,2090.593,
2026-09-20T21:57:07.665165+00:00,200,2000.937,
2026-09-20T21:57:07.623782+00:00,200,2044.458,
2026-09-20T21:57:07.796019+00:00,200,1878.275,
2026-09-20T21:57:07.559671+00:00,200,2127.061,
2026-09-20T21:57:07.759771+00:00,200,1949.13,
2026-09-20T21:57:07.626069+00:00,200,2085.055,
2026-09-20T21:57:07.719285+00:00,200,2014.692,
2026-09-20T21:57:07.889553+00:00,200,1846.712,
2026-09-20T21:57:07.641288+00:00,200,2098.921,
2026-09-20T21:57:07.849172+00:00,200,1899.985,
2026-09-20T21:57:07.772483+00:00,200,1978.282,
2026-09-20T21:57:07.880402+00:00,200,1873.431,
2026-09-20T21:57:07.855862+00:00,200,1900.147,
2026-09-20T21:57:07.755621+00:00,200,2005.132,
2026-09-20T21:57:07.660437+00:00,200,2101.859,
2026-09-20T21:57:07.646848+00:00,200,2127.403,
2026-09-20T21:57:07.676200+00:00,200,2099.579,
2026-09-20T21:57:07.914328+00:00,200,1867.861,
2026-09-20T21:57:07.727506+00:00,200,2059.458,
2026-09-20T21:57:07.827158+00:00,200,1965.799,
2026-09-20T21:57:07.691052+00:00,200,2114.325,
2026-09-20T21:57:07.955874+00:00,200,1854.754,
2026-09-20T21:57:07.837154+00:00,200,1978.258,
2026-09-20T21:57:07.705372+00:00,200,2111.561,
2026-09-20T21:57:07.733953+00:00,200,2091.742,
2026-09-20T21:57:07.963803+00:00,200,1865.211,
2026-09-20T21:57:07.746336+00:00,200,2093.549,
2026-09-20T21:57:07.844383+00:00,200,1997.459,
2026-09-20T21:57:07.839173+00:00,200,2015.236,
2026-09-20T21:57:07.692813+00:00,200,2167.382,
2026-09-20T21:57:07.966819+00:00,200,1901.939,
2026-09-20T21:57:07.832931+00:00,200,2040.929,
2026-09-20T21:57:07.793194+00:00,200,2098.725,
2026-09-20T21:57:07.860644+00:00,200,2033.681,
2026-09-20T21:57:08.044589+00:00,200,1861.313,
2026-09-20T21:57:07.959815+00:00,200,1954.238,
2026-09-20T21:57:08.003670+00:00,200,1917.942,
2026-09-20T21:57:08.062008+00:00,200,1863.606,
2026-09-20T21:57:07.834712+00:00,200,2096.168,
2026-09-20T21:57:07.872461+00:00,200,2066.622,
2026-09-20T21:57:07.962163+00:00,200,1985.434,
2026-09-20T21:57:07.901774+00:00,200,2049.371,
2026-09-20T21:57:07.922144+00:00,200,2038.176,
2026-09-20T21:57:07.905773+00:00,200,2058.78,
2026-09-20T21:57:08.028753+00:00,200,1937.627,
2026-09-20T21:57:07.846002+00:00,200,2123.916,
2026-09-20T21:57:07.842947+00:00,200,2128.975,
2026-09-20T21:57:07.993888+00:00,200,1980.052,
2026-09-20T21:57:07.794783+00:00,200,2189.095,
2026-09-20T21:57:08.026365+00:00,200,1971.341,
2026-09-20T21:57:07.961125+00:00,200,2040.195,
2026-09-20T21:57:07.850864+00:00,200,2161.917,
2026-09-20T21:57:07.881888+00:00,200,2140.923,
2026-09-20T21:57:08.079340+00:00,200,1945.967,
2026-09-20T21:57:08.035826+00:00,200,2002.319,
2026-09-20T21:57:08.129843+00:00,200,1913.848,
2026-09-20T21:57:07.899186+00:00,200,2146.792,
2026-09-20T21:57:08.020799+00:00,200,2027.413,
2026-09-20T21:57:08.139614+00:00,200,1910.212,
2026-09-20T21:57:07.926542+00:00,200,2147.524,
2026-09-20T21:57:07.903578+00:00,200,2172.207,
2026-09-20T21:57:08.040347+00:00,200,2038.846,
2026-09-20T21:57:07.957701+00:00,200,2142.975,
2026-09-20T21:57:07.893094+00:00,200,2209.781,
2026-09-20T21:57:08.095043+00:00,200,2034.989,
2026-09-20T21:57:08.056535+00:00,200,2075.86,
2026-09-20T21:57:08.188229+00:00,200,1948.022,
2026-09-20T21:57:08.023565+00:00,200,2119.727,
2026-09-20T21:57:08.160080+00:00,200,1985.973,
2026-09-20T21:57:07.972392+00:00,200,2175.489,
2026-09-20T21:57:08.030194+00:00,200,2119.994,
2026-09-20T21:57:08.055259+00:00,200,2098.307,
2026-09-20T21:57:08.093516+00:00,200,2061.7,
2026-09-20T21:57:08.077213+00:00,200,2080.162,
2026-09-20T21:57:08.192768+00:00,200,1966.421,
2026-09-20T21:57:08.210888+00:00,200,1957.91,
2026-09-20T21:57:08.153130+00:00,200,2017.813,
2026-09-20T21:57:08.249120+00:00,200,1929.575,
2026-09-20T21:57:08.050260+00:00,200,2142.763,
2026-09-20T21:57:08.261293+00:00,200,1938.776,
2026-09-20T21:57:08.266097+00:00,200,1936.211,
2026-09-20T21:57:08.031842+00:00,200,2178.904,
2026-09-20T21:57:08.138082+00:00,200,2074.341,
2026-09-20T21:57:08.313079+00:00,200,1917.152,
2026-09-20T21:57:08.293204+00:00,200,1941.149,
2026-09-20T21:57:08.072145+00:00,200,2163.719,
2026-09-20T21:57:08.059762+00:00,200,2177.818,
2026-09-20T21:57:08.080647+00:00,200,2164.697,
2026-09-20T21:57:08.176356+00:00,200,2071.174,
2026-09-20T21:57:08.095880+00:00,200,2153.454,
2026-09-20T21:57:08.082059+00:00,200,2174.252,
2026-09-20T21:57:08.209392+00:00,200,2063.154,
2026-09-20T21:57:08.131443+00:00,200,2161.079,
2026-09-20T21:57:08.135261+00:00,200,2180.388,
2026-09-20T21:57:08.247382+00:00,200,2072.664,
2026-09-20T21:57:08.243793+00:00,200,2090.261,
2026-09-20T21:57:08.154807+00:00,200,2181.126,
2026-09-20T21:57:08.228813+00:00,200,2111.149,
2026-09-20T21:57:08.365883+00:00,200,1975.953,
2026-09-20T21:57:08.384106+00:00,200,1969.147,
2026-09-20T21:57:08.332439+00:00,200,2022.52,
2026-09-20T21:57:08.198886+00:00,200,2158.343,
2026-09-20T21:57:08.276245+00:00,200,2082.923,
2026-09-20T21:57:08.263467+00:00,200,2097.809,
2026-09-20T21:57:08.418869+00:00,200,1944.013,
2026-09-20T21:57:08.387771+00:00,200,1979.184,
2026-09-20T21:57:08.170054+00:00,200,2200.546,
2026-09-20T21:57:08.259996+00:00,200,2114.673,
2026-09-20T21:57:08.258524+00:00,200,2133.896,
2026-09-20T21:57:08.323423+00:00,200,2070.936,
2026-09-20T21:57:08.213562+00:00,200,2186.011,
2026-09-20T21:57:08.309432+00:00,200,2091.569,
2026-09-20T21:57:08.423615+00:00,200,1981.638,
2026-09-20T21:57:08.470208+00:00,200,1936.764,
2026-09-20T21:57:08.127268+00:00,200,2282.571,
2026-09-20T21:57:08.441481+00:00,200,1979.23,
2026-09-20T21:57:08.503147+00:00,200,1919.503,
2026-09-20T21:57:08.294210+00:00,200,2138.556,
2026-09-20T21:57:08.342875+00:00,200,2096.664,
2026-09-20T21:57:08.325267+00:00,200,2130.665,
2026-09-20T21:57:08.239979+00:00,200,2222.908,
2026-09-20T21:57:08.193815+00:00,200,2287.455,
2026-09-20T21:57:08.227475+00:00,200,2264.547,
2026-09-20T21:57:08.311577+00:00,200,2201.339,
2026-09-20T21:57:08.385948+00:00,200,2140.098,
2026-09-20T21:57:08.421670+00:00,200,2111.546,
2026-09-20T21:57:08.426401+00:00,200,2108.705,
2026-09-20T21:57:08.578197+00:00,200,1959.564,
2026-09-20T21:57:08.321273+00:00,200,2220.44,
2026-09-20T21:57:08.534440+00:00,200,2009.188,
2026-09-20T21:57:08.576277+00:00,200,1970.706,
2026-09-20T21:57:08.404320+00:00,200,2149.157,
2026-09-20T21:57:08.459822+00:00,200,2095.395,
2026-09-20T21:57:08.338003+00:00,200,2221.485,
2026-09-20T21:57:08.341473+00:00,200,2221.137,
2026-09-20T21:57:08.552059+00:00,200,2012.395,
2026-09-20T21:57:08.439672+00:00,200,2131.128,
2026-09-20T21:57:08.457639+00:00,200,2141.618,
2026-09-20T21:57:08.643624+00:00,200,1956.985,
2026-09-20T21:57:08.498588+00:00,200,2103.816,
2026-09-20T21:57:08.613149+00:00,200,2015.826,
2026-09-20T21:57:08.326376+00:00,200,2304.866,
2026-09-20T21:57:08.390086+00:00,200,2242.583,
2026-09-20T21:57:08.649964+00:00,200,1984.303,
2026-09-20T21:57:08.523821+00:00,200,2113.678,
2026-09-20T21:57:08.368161+00:00,200,2274.083,
2026-09-20T21:57:08.608522+00:00,200,2036.427,
2026-09-20T21:57:08.501095+00:00,200,2160.08,
2026-09-20T21:57:08.550542+00:00,200,2117.573,
2026-09-20T21:57:08.393223+00:00,200,2276.339,
2026-09-20T21:57:08.532792+00:00,200,2140.55,
2026-09-20T21:57:08.433447+00:00,200,2244.715,
2026-09-20T21:57:08.684641+00:00,200,2025.181,
2026-09-20T21:57:08.472254+00:00,200,2239.555,
2026-09-20T21:57:08.360685+00:00,200,2353.282,
2026-09-20T21:57:08.626742+00:00,200,2099.571,
2026-09-20T21:57:08.574445+00:00,200,2159.168,
2026-09-20T21:57:08.731243+00:00,200,2007.008,
2026-09-20T21:57:08.537767+00:00,200,2207.606,
2026-09-20T21:57:08.507034+00:00,200,2240.159,
2026-09-20T21:57:08.732429+00:00,200,2020.07,
2026-09-20T21:57:08.526551+00:00,200,2227.502,
2026-09-20T21:57:08.557536+00:00,200,2200.694,
2026-09-20T21:57:08.513178+00:00,200,2254.329,
2026-09-20T21:57:08.687488+00:00,200,2082.0,
2026-09-20T21:57:08.791936+00:00,200,1983.669,
2026-09-20T21:57:08.783036+00:00,200,1998.278,
2026-09-20T21:57:08.606657+00:00,200,2176.233,
2026-09-20T21:57:08.793281+00:00,200,2006.238,
2026-09-20T21:57:08.634225+00:00,200,2169.605,
2026-09-20T21:57:08.553985+00:00,200,2254.734,
2026-09-20T21:57:08.559874+00:00,200,2250.496,
2026-09-20T21:57:08.657253+00:00,200,2156.457,
2026-09-20T21:57:08.583178+00:00,200,2235.185,
2026-09-20T21:57:08.494070+00:00,200,2329.399,
2026-09-20T21:57:08.702613+00:00,200,2137.026,
2026-09-20T21:57:08.797640+00:00,200,2044.952,
2026-09-20T21:57:08.829522+00:00,200,2024.017,
2026-09-20T21:57:08.593341+00:00,200,2262.26,
2026-09-20T21:57:08.590170+00:00,200,2268.512,
2026-09-20T21:57:08.709538+00:00,200,2171.481,
2026-09-20T21:57:08.611647+00:00,200,2282.349,
2026-09-20T21:57:08.839057+00:00,200,2058.522,
2026-09-20T21:57:08.832351+00:00,200,2066.948,
2026-09-20T21:57:08.646068+00:00,200,2257.277,
2026-09-20T21:57:08.798379+00:00,200,2133.83,
2026-09-20T21:57:08.729661+00:00,200,2206.593,
2026-09-20T21:57:08.755267+00:00,200,2194.238,
2026-09-20T21:57:08.906386+00:00,200,2045.882,
2026-09-20T21:57:08.899191+00:00,200,2055.489,
2026-09-20T21:57:08.655895+00:00,200,2304.847,
2026-09-20T21:57:08.697486+00:00,200,2267.779,
2026-09-20T21:57:08.622651+00:00,200,2346.66,
2026-09-20T21:57:08.660015+00:00,200,2311.261,
2026-09-20T21:57:08.691687+00:00,200,2283.323,
2026-09-20T21:57:08.932835+00:00,200,2048.01,
2026-09-20T21:57:08.789090+00:00,200,2196.221,
2026-09-20T21:57:08.721411+00:00,200,2267.363,
2026-09-20T21:57:08.950380+00:00,200,2055.35,
2026-09-20T21:57:08.964247+00:00,200,2047.275,
2026-09-20T21:57:08.727057+00:00,200,2286.507,
2026-09-20T21:57:08.739483+00:00,200,2284.718,
2026-09-20T21:57:08.833653+00:00,200,2197.476,
2026-09-20T21:57:08.812612+00:00,200,2230.912,
2026-09-20T21:57:08.817264+00:00,200,2228.211,
2026-09-20T21:57:08.980027+00:00,200,2067.981,
2026-09-20T21:57:08.749612+00:00,200,2300.87,
2026-09-20T21:57:08.987500+00:00,200,2065.076,
2026-09-20T21:57:08.865099+00:00,200,2211.18,
2026-09-20T21:57:08.796490+00:00,200,2296.707,
2026-09-20T21:57:08.961102+00:00,200,2136.338,
2026-09-20T21:57:08.854314+00:00,200,2245.086,
2026-09-20T21:57:08.927054+00:00,200,2176.303,
2026-09-20T21:57:08.795368+00:00,200,2320.741,
2026-09-20T21:57:08.694955+00:00,200,2423.752,
2026-09-20T21:57:09.036535+00:00,200,2084.002,
2026-09-20T21:57:08.931371+00:00,200,2192.208,
2026-09-20T21:57:08.842313+00:00,200,2296.031,
2026-09-20T21:57:08.760373+00:00,200,2380.539,
2026-09-20T21:57:08.923157+00:00,200,2224.853,
2026-09-20T21:57:08.811018+00:00,200,2338.737,
2026-09-20T21:57:08.841293+00:00,200,2319.377,
2026-09-20T21:57:09.093674+00:00,200,2073.526,
2026-09-20T21:57:09.052896+00:00,200,2117.084,
2026-09-20T21:57:08.994151+00:00,200,2180.194,
2026-09-20T21:57:08.827722+00:00,200,2348.685,
2026-09-20T21:57:08.889684+00:00,200,2300.646,
2026-09-20T21:57:08.962485+00:00,200,2234.096,
2026-09-20T21:57:08.916471+00:00,200,2283.685,
2026-09-20T21:57:08.973579+00:00,200,2243.997,
2026-09-20T21:57:09.104662+00:00,200,2115.199,
2026-09-20T21:57:08.998005+00:00,200,2234.013,
2026-09-20T21:57:08.971474+00:00,200,2263.996,
2026-09-20T21:57:09.138411+00:00,200,2099.068,
2026-09-20T21:57:09.152826+00:00,200,2091.231,
2026-09-20T21:57:09.094707+00:00,200,2162.187,
2026-09-20T21:57:08.918488+00:00,200,2350.385,
2026-09-20T21:57:08.860119+00:00,200,2415.855,
2026-09-20T21:57:09.169663+00:00,200,2109.737,
2026-09-20T21:57:09.213772+00:00,200,2067.957,
2026-09-20T21:57:09.127776+00:00,200,2162.885,
2026-09-20T21:57:08.893749+00:00,200,2402.772,
2026-09-20T21:57:08.984663+00:00,200,2320.372,
2026-09-20T21:57:09.004261+00:00,200,2303.162,
2026-09-20T21:57:09.040834+00:00,200,2272.619,
2026-09-20T21:57:09.071127+00:00,200,2256.812,
2026-09-20T21:57:08.995235+00:00,200,2335.41,
2026-09-20T21:57:08.965344+00:00,200,2371.174,
2026-09-20T21:57:09.015733+00:00,200,2327.018,
2026-09-20T21:57:09.000985+00:00,200,2350.306,
2026-09-20T21:57:09.042442+00:00,200,2325.548,
2026-09-20T21:57:09.256797+00:00,200,2113.055,
2026-09-20T21:57:09.062220+00:00,200,2310.141,
2026-09-20T21:57:09.223509+00:00,200,2150.587,
2026-09-20T21:57:09.027783+00:00,200,2362.03,
2026-09-20T21:57:09.237860+00:00,200,2159.436,
2026-09-20T21:57:09.082210+00:00,200,2317.145,
2026-09-20T21:57:09.108365+00:00,200,2292.706,
2026-09-20T21:57:09.039176+00:00,200,2374.879,
2026-09-20T21:57:09.287874+00:00,200,2127.954,
2026-09-20T21:57:09.267412+00:00,200,2151.738,
2026-09-20T21:57:09.330787+00:00,200,2099.66,
2026-09-20T21:57:09.060713+00:00,200,2371.224,
2026-09-20T21:57:09.161975+00:00,200,2276.125,
2026-09-20T21:57:09.157162+00:00,200,2285.38,
2026-09-20T21:57:09.382497+00:00,200,2073.643,
2026-09-20T21:57:09.294341+00:00,200,2183.125,
2026-09-20T21:57:09.113018+00:00,200,2367.729,
2026-09-20T21:57:09.083626+00:00,200,2399.123,
2026-09-20T21:57:09.261260+00:00,200,2223.467,
2026-09-20T21:57:09.336586+00:00,200,2158.333,
2026-09-20T21:57:09.185470+00:00,200,2311.091,
2026-09-20T21:57:09.154374+00:00,200,2347.214,
2026-09-20T21:57:09.106230+00:00,200,2425.349,
2026-09-20T21:57:09.190420+00:00,200,2343.261,
2026-09-20T21:57:09.145290+00:00,200,2392.255,
2026-09-20T21:57:09.181300+00:00,200,2358.547,
2026-09-20T21:57:09.205374+00:00,200,2340.908,
2026-09-20T21:57:09.407332+00:00,200,2141.046,
2026-09-20T21:57:09.233753+00:00,200,2324.215,
2026-09-20T21:57:09.327285+00:00,200,2233.07,
2026-09-20T21:57:09.217160+00:00,200,2348.256,
2026-09-20T21:57:09.236299+00:00,200,2336.636,
2026-09-20T21:57:09.203323+00:00,200,2377.091,
2026-09-20T21:57:09.442332+00:00,200,2155.974,
2026-09-20T21:57:09.435631+00:00,200,2164.435,
2026-09-20T21:57:09.241014+00:00,200,2360.955,
2026-09-20T21:57:09.503682+00:00,200,2103.108,
2026-09-20T21:57:09.265888+00:00,200,2344.395,
2026-09-20T21:57:09.160273+00:00,200,2452.296,
2026-09-20T21:57:09.193679+00:00,200,2428.749,
2026-09-20T21:57:09.227097+00:00,200,2402.765,
2026-09-20T21:57:09.322176+00:00,200,2323.371,
2026-09-20T21:57:09.430808+00:00,200,2217.165,
2026-09-20T21:57:09.243323+00:00,200,2406.342,
2026-09-20T21:57:09.459871+00:00,200,2192.146,
2026-09-20T21:57:09.545857+00:00,200,2113.321,
2026-09-20T21:57:09.526293+00:00,200,2138.475,
2026-09-20T21:57:09.338149+00:00,200,2342.557,
2026-09-20T21:57:09.293156+00:00,200,2413.985,
2026-09-20T21:57:09.584549+00:00,200,2125.582,
2026-09-20T21:57:09.340467+00:00,200,2379.721,
2026-09-20T21:57:09.260198+00:00,200,2461.943,
2026-09-20T21:57:09.547695+00:00,200,2176.791,
2026-09-20T21:57:09.384229+00:00,200,2350.99,
2026-09-20T21:57:09.377435+00:00,200,2359.794,
2026-09-20T21:57:09.551954+00:00,200,2187.602,
2026-09-20T21:57:09.352461+00:00,200,2390.138,
2026-09-20T21:57:09.334224+00:00,200,2413.738,
2026-09-20T21:57:09.305873+00:00,200,2457.985,
2026-09-20T21:57:09.349437+00:00,200,2416.216,
2026-09-20T21:57:09.403567+00:00,200,2370.768,
2026-09-20T21:57:09.599373+00:00,200,2176.641,
2026-09-20T21:57:09.386577+00:00,200,2392.819,
2026-09-20T21:57:09.448360+00:00,200,2351.816,
2026-09-20T21:57:09.611110+00:00,200,2190.88,
2026-09-20T21:57:09.429575+00:00,200,2375.785,
2026-09-20T21:57:09.434059+00:00,200,2373.184,
2026-09-20T21:57:09.409484+00:00,200,2401.251,
2026-09-20T21:57:09.618616+00:00,200,2197.436,
2026-09-20T21:57:09.398696+00:00,200,2434.38,
2026-09-20T21:57:09.490568+00:00,200,2344.367,
2026-09-20T21:57:09.686724+00:00,200,2156.566,
2026-09-20T21:57:09.361045+00:00,200,2487.68,
2026-09-20T21:57:09.427820+00:00,200,2431.196,
2026-09-20T21:57:09.560577+00:00,200,2300.014,
2026-09-20T21:57:09.674287+00:00,200,2201.906,
2026-09-20T21:57:09.438011+00:00,200,2443.036,
2026-09-20T21:57:09.736258+00:00,200,2147.148,
2026-09-20T21:57:09.443852+00:00,200,2444.279,
2026-09-20T21:57:09.517249+00:00,200,2385.777,
2026-09-20T21:57:09.522642+00:00,200,2382.051,
2026-09-20T21:57:09.652392+00:00,200,2254.228,
2026-09-20T21:57:09.529572+00:00,200,2381.825,
2026-09-20T21:57:09.394285+00:00,200,2534.127,
2026-09-20T21:57:09.753825+00:00,200,2184.283,
2026-09-20T21:57:09.543529+00:00,200,2399.854,
2026-09-20T21:57:09.550431+00:00,200,2410.963,
2026-09-20T21:57:09.536581+00:00,200,2429.234,
2026-09-20T21:57:09.586851+00:00,200,2380.661,
2026-09-20T21:57:09.660917+00:00,200,2308.815,
2026-09-20T21:57:09.760746+00:00,200,2214.215,
2026-09-20T21:57:09.460876+00:00,200,2523.476,
2026-09-20T21:57:09.493849+00:00,200,2494.002,
2026-09-20T21:57:09.728073+00:00,200,2261.423,
2026-09-20T21:57:09.775770+00:00,200,2221.972,
2026-09-20T21:57:09.556458+00:00,200,2443.294,
2026-09-20T21:57:09.588317+00:00,200,2416.264,
2026-09-20T21:57:09.825686+00:00,200,2182.786,
2026-09-20T21:57:09.595756+00:00,200,2431.623,
2026-09-20T21:57:09.626699+00:00,200,2403.734,
2026-09-20T21:57:09.614034+00:00,200,2421.417,
2026-09-20T21:57:09.810622+00:00,200,2226.481,
2026-09-20T21:57:09.668231+00:00,200,2376.003,
2026-09-20T21:57:09.527495+00:00,200,2519.97,
2026-09-20T21:57:09.636046+00:00,200,2413.766,
2026-09-20T21:57:09.625048+00:00,200,2444.726,
2026-09-20T21:57:09.793971+00:00,200,2277.555,
2026-09-20T21:57:09.841834+00:00,200,2231.846,
2026-09-20T21:57:09.666095+00:00,200,2412.489,
2026-09-20T21:57:09.631858+00:00,200,2453.029,
2026-09-20T21:57:09.654350+00:00,200,2432.248,
2026-09-20T21:57:09.711117+00:00,200,2405.623,
2026-09-20T21:57:09.594061+00:00,200,2529.399,
2026-09-20T21:57:09.894317+00:00,200,2251.913,
2026-09-20T21:57:09.861325+00:00,200,2287.034,
2026-09-20T21:57:09.750757+00:00,200,2401.068,
2026-09-20T21:57:09.629986+00:00,200,2523.821,
2026-09-20T21:57:09.740200+00:00,200,2421.578,
2026-09-20T21:57:09.708894+00:00,200,2463.574,
2026-09-20T21:57:09.873853+00:00,200,2301.849,
2026-09-20T21:57:09.749150+00:00,200,2428.716,
2026-09-20T21:57:09.960312+00:00,200,2219.495,
2026-09-20T21:57:09.925606+00:00,200,2263.733,
2026-09-20T21:57:09.782182+00:00,200,2422.139,
2026-09-20T21:57:09.733969+00:00,200,2476.239,
2026-09-20T21:57:09.756003+00:00,200,2455.989,
2026-09-20T21:57:09.774242+00:00,200,2440.001,
2026-09-20T21:57:09.964545+00:00,200,2252.378,
2026-09-20T21:57:09.983869+00:00,200,2234.751,
2026-09-20T21:57:09.792952+00:00,200,2427.811,
2026-09-20T21:57:09.895800+00:00,200,2329.218,
2026-09-20T21:57:09.839876+00:00,200,2394.971,
2026-09-20T21:57:09.763394+00:00,200,2483.773,
2026-09-20T21:57:09.927088+00:00,200,2331.41,
2026-09-20T21:57:09.815413+00:00,200,2444.798,
2026-09-20T21:57:09.829006+00:00,200,2434.846,
2026-09-20T21:57:09.786956+00:00,200,2478.856,
2026-09-20T21:57:09.961710+00:00,200,2308.882,
2026-09-20T21:57:09.816925+00:00,200,2455.334,
2026-09-20T21:57:09.805368+00:00,200,2469.257,
2026-09-20T21:57:09.693781+00:00,200,2586.145,
2026-09-20T21:57:10.049818+00:00,200,2259.538,
2026-09-20T21:57:10.043684+00:00,200,2283.148,
2026-09-20T21:57:09.891912+00:00,200,2458.604,
2026-09-20T21:57:10.130023+00:00,200,2223.25,
2026-09-20T21:57:09.762288+00:00,200,2593.054,
2026-09-20T21:57:09.905895+00:00,200,2454.45,
2026-09-20T21:57:10.150179+00:00,200,2216.603,
2026-09-20T21:57:09.854401+00:00,200,2514.568,
2026-09-20T21:57:09.860186+00:00,200,2523.008,
2026-09-20T21:57:10.132386+00:00,200,2253.766,
2026-09-20T21:57:10.100667+00:00,200,2287.691,
2026-09-20T21:57:09.868750+00:00,200,2521.735,
2026-09-20T21:57:10.168790+00:00,200,2224.239,
2026-09-20T21:57:09.947589+00:00,200,2454.65,
2026-09-20T21:57:09.930873+00:00,200,2473.831,
2026-09-20T21:57:09.939075+00:00,200,2467.329,
2026-09-20T21:57:09.827250+00:00,200,2582.693,
2026-09-20T21:57:09.914046+00:00,200,2502.218,
2026-09-20T21:57:10.146045+00:00,200,2278.425,
2026-09-20T21:57:09.921604+00:00,200,2511.307,
2026-09-20T21:57:09.966372+00:00,200,2474.292,
2026-09-20T21:57:10.202300+00:00,200,2240.856,
2026-09-20T21:57:09.997698+00:00,200,2447.18,
2026-09-20T21:57:09.969909+00:00,200,2476.809,
2026-09-20T21:57:09.971914+00:00,200,2478.314,
2026-09-20T21:57:10.094849+00:00,200,2357.351,
2026-09-20T21:57:09.951137+00:00,200,2505.413,
2026-09-20T21:57:10.012772+00:00,200,2447.014,
2026-09-20T21:57:10.210737+00:00,200,2273.925,
2026-09-20T21:57:10.001312+00:00,200,2485.711,
2026-09-20T21:57:10.025299+00:00,200,2471.92,
2026-09-20T21:57:09.973934+00:00,200,2528.268,
2026-09-20T21:57:10.230223+00:00,200,2281.409,
2026-09-20T21:57:10.237570+00:00,200,2297.515,
2026-09-20T21:57:10.038136+00:00,200,2508.14,
2026-09-20T21:57:10.027179+00:00,200,2522.334,
2026-09-20T21:57:10.022801+00:00,200,2545.302,
2026-09-20T21:57:10.249324+00:00,200,2329.875,
2026-09-20T21:57:10.334045+00:00,200,2247.504,
2026-09-20T21:57:10.048204+00:00,200,2536.061,
2026-09-20T21:57:10.320039+00:00,200,2271.121,
2026-09-20T21:57:09.994817+00:00,200,2598.797,
2026-09-20T21:57:10.045969+00:00,200,2551.869,
2026-09-20T21:57:10.074057+00:00,200,2529.913,
2026-09-20T21:57:10.136243+00:00,200,2476.366,
2026-09-20T21:57:10.079185+00:00,200,2543.031,
2026-09-20T21:57:10.272538+00:00,200,2351.601,
2026-09-20T21:57:10.155207+00:00,200,2472.877,
2026-09-20T21:57:10.153557+00:00,200,2476.793,
2026-09-20T21:57:10.170935+00:00,200,2462.124,
2026-09-20T21:57:10.353245+00:00,200,2281.796,
2026-09-20T21:57:10.075776+00:00,200,2569.96,
2026-09-20T21:57:10.366947+00:00,200,2280.316,
2026-09-20T21:57:10.354951+00:00,200,2296.809,
2026-09-20T21:57:10.061473+00:00,200,2601.579,
2026-09-20T21:57:10.374660+00:00,200,2291.804,
2026-09-20T21:57:10.143284+00:00,200,2534.623,
2026-09-20T21:57:10.102865+00:00,200,2576.565,
2026-09-20T21:57:10.399563+00:00,200,2282.78,
2026-09-20T21:57:10.159181+00:00,200,2535.236,
2026-09-20T21:57:10.147872+00:00,200,2549.189,
2026-09-20T21:57:10.157366+00:00,200,2552.305,
2026-09-20T21:57:10.193014+00:00,200,2538.889,
2026-09-20T21:57:10.420703+00:00,200,2325.506,
2026-09-20T21:57:10.400993+00:00,200,2347.043,
2026-09-20T21:57:10.128170+00:00,200,2631.55,
2026-09-20T21:57:10.178687+00:00,200,2588.002,
2026-09-20T21:57:10.260958+00:00,200,2511.738,
2026-09-20T21:57:10.247522+00:00,200,2529.395,
2026-09-20T21:57:10.439530+00:00,200,2341.305,
2026-09-20T21:57:10.200061+00:00,200,2583.019,
2026-09-20T21:57:10.160522+00:00,200,2645.826,
2026-09-20T21:57:10.541703+00:00,200,2267.089,
2026-09-20T21:57:10.234345+00:00,200,2580.29,
2026-09-20T21:57:10.364000+00:00,200,2459.049,
2026-09-20T21:57:10.555209+00:00,200,2272.355,
2026-09-20T21:57:10.212414+00:00,200,2617.066,
2026-09-20T21:57:10.194125+00:00,200,2638.933,
2026-09-20T21:57:10.481262+00:00,200,2354.157,
2026-09-20T21:57:10.245333+00:00,200,2591.873,
2026-09-20T21:57:10.339953+00:00,200,2504.224,
2026-09-20T21:57:10.543621+00:00,200,2302.951,
2026-09-20T21:57:10.292513+00:00,200,2556.261,
2026-09-20T21:57:10.526037+00:00,200,2326.576,
2026-09-20T21:57:10.235854+00:00,200,2618.786,
2026-09-20T21:57:10.315641+00:00,200,2540.904,
2026-09-20T21:57:10.228198+00:00,200,2640.338,
2026-09-20T21:57:10.256301+00:00,200,2630.945,
2026-09-20T21:57:10.570791+00:00,200,2318.594,
2026-09-20T21:57:10.341829+00:00,200,2553.169,
2026-09-20T21:57:10.599250+00:00,200,2307.37,
2026-09-20T21:57:10.359159+00:00,200,2549.297,
2026-09-20T21:57:10.357220+00:00,200,2554.9,
2026-09-20T21:57:10.335924+00:00,200,2583.548,
2026-09-20T21:57:10.405245+00:00,200,2522.339,
2026-09-20T21:57:10.361267+00:00,200,2583.108,
2026-09-20T21:57:10.494085+00:00,200,2452.545,
2026-09-20T21:57:10.370590+00:00,200,2587.902,
2026-09-20T21:57:10.362875+00:00,200,2605.234,
2026-09-20T21:57:10.392413+00:00,200,2578.201,
2026-09-20T21:57:10.632658+00:00,200,2349.309,
2026-09-20T21:57:10.634261+00:00,200,2355.411,
2026-09-20T21:57:10.427715+00:00,200,2576.211,
2026-09-20T21:57:10.395641+00:00,200,2624.788,
2026-09-20T21:57:10.711800+00:00,200,2311.013,
2026-09-20T21:57:10.327960+00:00,200,2698.185,
2026-09-20T21:57:10.669558+00:00,200,2362.011,
2026-09-20T21:57:10.293910+00:00,200,2742.416,
2026-09-20T21:57:10.535098+00:00,200,2504.019,
2026-09-20T21:57:10.394351+00:00,200,2655.369,
2026-09-20T21:57:10.733604+00:00,200,2325.771,
2026-09-20T21:57:10.455923+00:00,200,2605.705,
2026-09-20T21:57:10.422642+00:00,200,2643.222,
2026-09-20T21:57:10.409830+00:00,200,2658.019,
2026-09-20T21:57:10.678153+00:00,200,2393.678,
2026-09-20T21:57:10.747183+00:00,200,2326.746,
2026-09-20T21:57:10.752491+00:00,200,2326.949,
2026-09-20T21:57:10.432757+00:00,200,2648.643,
2026-09-20T21:57:10.406964+00:00,200,2677.986,
2026-09-20T21:57:10.461022+00:00,200,2633.832,
2026-09-20T21:57:10.462878+00:00,200,2633.875,
2026-09-20T21:57:10.492013+00:00,200,2618.096,
2026-09-20T21:57:10.533207+00:00,200,2578.536,
2026-09-20T21:57:10.695073+00:00,200,2418.787,
2026-09-20T21:57:10.537753+00:00,200,2577.977,
2026-09-20T21:57:10.512907+00:00,200,2619.466,
2026-09-20T21:57:10.553468+00:00,200,2585.805,
2026-09-20T21:57:10.775602+00:00,200,2375.426,
2026-09-20T21:57:10.562600+00:00,200,2593.582,
2026-09-20T21:57:10.546975+00:00,200,2617.543,
2026-09-20T21:57:10.565687+00:00,200,2600.516,
2026-09-20T21:57:10.602395+00:00,200,2579.986,
2026-09-20T21:57:10.527484+00:00,200,2656.662,
2026-09-20T21:57:10.799513+00:00,200,2406.133,
2026-09-20T21:57:10.813702+00:00,200,2403.237,
2026-09-20T21:57:10.839636+00:00,200,2386.61,
2026-09-20T21:57:10.899290+00:00,200,2334.71,
2026-09-20T21:57:10.637493+00:00,200,2606.991,
2026-09-20T21:57:10.936247+00:00,200,2318.304,
2026-09-20T21:57:10.661166+00:00,200,2595.877,
2026-09-20T21:57:10.600606+00:00,200,2658.937,
2026-09-20T21:57:10.823460+00:00,200,2438.32,
2026-09-20T21:57:10.559478+00:00,200,2710.589,
2026-09-20T21:57:10.893989+00:00,200,2391.277,
2026-09-20T21:57:10.631232+00:00,200,2656.163,
2026-09-20T21:57:10.673336+00:00,200,2617.677,
2026-09-20T21:57:10.858672+00:00,200,2438.813,
2026-09-20T21:57:10.668107+00:00,200,2633.177,
2026-09-20T21:57:10.564445+00:00,200,2739.381,
2026-09-20T21:57:10.628972+00:00,200,2676.728,
2026-09-20T21:57:10.726308+00:00,200,2583.051,
2026-09-20T21:57:10.709818+00:00,200,2601.528,
2026-09-20T21:57:10.627656+00:00,200,2687.491,
2026-09-20T21:57:10.642234+00:00,200,2674.795,
2026-09-20T21:57:10.965264+00:00,200,2353.852,
2026-09-20T21:57:10.644941+00:00,200,2681.932,
2026-09-20T21:57:10.754044+00:00,200,2574.632,
2026-09-20T21:57:10.949500+00:00,200,2394.646,
2026-09-20T21:57:10.738244+00:00,200,2618.986,
2026-09-20T21:57:10.595032+00:00,200,2766.768,
2026-09-20T21:57:10.985305+00:00,200,2383.068,
2026-09-20T21:57:10.713958+00:00,200,2661.925,
2026-09-20T21:57:10.758221+00:00,200,2619.374,
2026-09-20T21:57:10.971278+00:00,200,2408.463,
2026-09-20T21:57:11.031119+00:00,200,2354.754,
2026-09-20T21:57:10.781317+00:00,200,2611.283,
2026-09-20T21:57:11.052567+00:00,200,2374.19,
2026-09-20T21:57:10.962011+00:00,200,2473.741,
2026-09-20T21:57:10.818354+00:00,200,2629.082,
2026-09-20T21:57:10.662077+00:00,200,2790.706,
2026-09-20T21:57:10.745366+00:00,200,2728.992,
2026-09-20T21:57:11.097432+00:00,200,2383.497,
2026-09-20T21:57:10.803823+00:00,200,2680.059,
2026-09-20T21:57:10.782883+00:00,200,2703.724,
2026-09-20T21:57:10.767497+00:00,200,2723.189,
2026-09-20T21:57:10.727508+00:00,200,2765.944,
2026-09-20T21:57:10.994701+00:00,200,2504.181,
2026-09-20T21:57:11.005723+00:00,200,2499.4,
2026-09-20T21:57:10.810361+00:00,200,2696.751,
2026-09-20T21:57:10.795123+00:00,200,2714.555,
2026-09-20T21:57:10.855591+00:00,200,2659.278,
2026-09-20T21:57:11.120529+00:00,200,2396.646,
2026-09-20T21:57:11.027749+00:00,200,2495.354,
2026-09-20T21:57:10.808709+00:00,200,2717.775,
2026-09-20T21:57:10.769483+00:00,200,2759.028,
2026-09-20T21:57:10.760929+00:00,200,2775.564,
2026-09-20T21:57:10.954673+00:00,200,2588.511,
2026-09-20T21:57:10.842583+00:00,200,2702.413,
2026-09-20T21:57:11.140904+00:00,200,2405.549,
2026-09-20T21:57:10.903338+00:00,200,2650.48,
2026-09-20T21:57:10.952261+00:00,200,2603.578,
2026-09-20T21:57:11.167191+00:00,200,2390.031,
2026-09-20T21:57:10.881013+00:00,200,2677.828,
2026-09-20T21:57:10.932200+00:00,200,2629.522,
2026-09-20T21:57:11.169973+00:00,200,2405.482,
2026-09-20T21:57:10.853530+00:00,200,2723.444,
2026-09-20T21:57:11.196571+00:00,200,2427.968,
2026-09-20T21:57:10.895293+00:00,200,2744.433,
2026-09-20T21:57:10.897570+00:00,200,2748.817,
2026-09-20T21:57:11.200151+00:00,200,2455.568,
2026-09-20T21:57:10.860871+00:00,200,2799.098,
2026-09-20T21:57:11.290653+00:00,200,2383.068,
2026-09-20T21:57:10.827802+00:00,200,2852.541,
2026-09-20T21:57:10.969305+00:00,200,2718.005,
2026-09-20T21:57:10.975006+00:00,200,2714.121,
2026-09-20T21:57:11.268863+00:00,200,2422.611,
2026-09-20T21:57:11.043516+00:00,200,2651.02,
2026-09-20T21:57:10.928486+00:00,200,2769.003,
2026-09-20T21:57:10.988769+00:00,200,2713.759,
2026-09-20T21:57:11.013564+00:00,200,2691.068,
2026-09-20T21:57:11.281721+00:00,200,2428.402,
2026-09-20T21:57:11.161861+00:00,200,2550.264,
2026-09-20T21:57:11.045468+00:00,200,2669.839,
2026-09-20T21:57:11.011514+00:00,200,2710.339,
2026-09-20T21:57:10.980837+00:00,200,2743.283,
2026-09-20T21:57:11.076274+00:00,200,2649.465,
2026-09-20T21:57:10.960736+00:00,200,2768.57,
2026-09-20T21:57:11.123569+00:00,200,2613.068,
2026-09-20T21:57:11.116101+00:00,200,2623.068,
2026-09-20T21:57:11.261289+00:00,200,2479.695,
2026-09-20T21:57:11.099391+00:00,200,2644.623,
2026-09-20T21:57:11.232009+00:00,200,2513.725,
2026-09-20T21:57:11.333174+00:00,200,2415.496,
2026-09-20T21:57:11.313448+00:00,200,2447.586,
2026-09-20T21:57:11.024200+00:00,200,2762.362,
2026-09-20T21:57:11.047999+00:00,200,2755.14,
2026-09-20T21:57:11.093188+00:00,200,2729.89,
2026-09-20T21:57:11.294581+00:00,200,2556.667,
2026-09-20T21:57:11.138333+00:00,200,2718.683,
2026-09-20T21:57:11.415819+00:00,200,2443.471,
2026-09-20T21:57:11.050477+00:00,200,2811.412,
2026-09-20T21:57:11.401061+00:00,200,2465.072,
2026-09-20T21:57:11.149748+00:00,200,2718.526,
2026-09-20T21:57:11.389804+00:00,200,2495.615,
2026-09-20T21:57:11.103347+00:00,200,2784.04,
2026-09-20T21:57:11.361983+00:00,200,2531.27,
2026-09-20T21:57:11.118708+00:00,200,2776.49,
2026-09-20T21:57:11.176400+00:00,200,2723.482,
2026-09-20T21:57:11.501578+00:00,200,2400.188,
2026-09-20T21:57:11.237471+00:00,200,2669.007,
2026-09-20T21:57:11.061700+00:00,200,2854.811,
2026-09-20T21:57:11.127866+00:00,200,2795.194,
2026-09-20T21:57:11.219852+00:00,200,2704.961,
2026-09-20T21:57:11.480738+00:00,200,2446.262,
2026-09-20T21:57:11.419141+00:00,200,2510.116,
2026-09-20T21:57:11.194583+00:00,200,2737.729,
2026-09-20T21:57:11.244048+00:00,200,2689.86,
2026-09-20T21:57:11.174337+00:00,200,2761.602,
2026-09-20T21:57:11.094522+00:00,200,2843.405,
2026-09-20T21:57:11.148000+00:00,200,2791.831,
2026-09-20T21:57:11.160660+00:00,200,2790.268,
2026-09-20T21:57:11.477458+00:00,200,2477.613,
2026-09-20T21:57:11.296516+00:00,200,2680.138,
2026-09-20T21:57:11.190325+00:00,200,2792.463,
2026-09-20T21:57:11.217566+00:00,200,2783.787,
2026-09-20T21:57:11.429083+00:00,200,2576.318,
2026-09-20T21:57:11.235461+00:00,200,2785.506,
2026-09-20T21:57:11.256884+00:00,200,2775.098,
2026-09-20T21:57:11.327931+00:00,200,2707.094,
2026-09-20T21:57:11.461482+00:00,200,2580.672,
2026-09-20T21:57:11.557958+00:00,200,2486.364,
2026-09-20T21:57:11.565406+00:00,200,2481.333,
2026-09-20T21:57:11.305024+00:00,200,2763.22,
2026-09-20T21:57:11.228438+00:00,200,2841.857,
2026-09-20T21:57:11.275967+00:00,200,2796.543,
2026-09-20T21:57:11.342743+00:00,200,2734.829,
2026-09-20T21:57:11.528714+00:00,200,2566.546,
2026-09-20T21:57:11.562681+00:00,200,2539.718,
2026-09-20T21:57:11.606783+00:00,200,2504.944,
2026-09-20T21:57:11.279392+00:00,200,2838.226,
2026-09-20T21:57:11.649657+00:00,200,2470.652,
2026-09-20T21:57:11.497694+00:00,200,2624.503,
2026-09-20T21:57:11.652009+00:00,200,2473.723,
2026-09-20T21:57:11.430438+00:00,200,2704.212,
2026-09-20T21:57:11.438090+00:00,200,2698.873,
2026-09-20T21:57:11.397287+00:00,200,2741.711,
2026-09-20T21:57:11.399345+00:00,200,2743.161,
2026-09-20T21:57:11.336508+00:00,200,2810.741,
2026-09-20T21:57:11.307413+00:00,200,2841.664,
2026-09-20T21:57:11.351280+00:00,200,2801.751,
2026-09-20T21:57:11.369844+00:00,200,2791.175,
2026-09-20T21:57:11.367980+00:00,200,2808.828,
2026-09-20T21:57:11.442532+00:00,200,2744.424,
2026-09-20T21:57:11.372351+00:00,200,2823.526,
2026-09-20T21:57:11.680696+00:00,200,2518.327,
2026-09-20T21:57:11.374088+00:00,200,2830.403,
2026-09-20T21:57:11.710123+00:00,200,2517.034,
2026-09-20T21:57:11.739546+00:00,200,2489.936,
2026-09-20T21:57:11.456131+00:00,200,2778.442,
2026-09-20T21:57:11.414045+00:00,200,2822.647,
2026-09-20T21:57:11.482738+00:00,200,2757.654,
2026-09-20T21:57:11.330638+00:00,200,2917.469,
2026-09-20T21:57:11.737219+00:00,200,2517.833,
2026-09-20T21:57:11.765643+00:00,200,2507.191,
2026-09-20T21:57:11.431926+00:00,200,2849.745,
2026-09-20T21:57:11.494909+00:00,200,2791.999,
2026-09-20T21:57:11.776007+00:00,200,2518.76,
2026-09-20T21:57:11.805350+00:00,200,2494.284,
2026-09-20T21:57:11.560348+00:00,200,2743.173,
2026-09-20T21:57:11.816043+00:00,200,2489.524,
2026-09-20T21:57:11.533671+00:00,200,2774.476,
2026-09-20T21:57:11.394780+00:00,200,2922.863,
2026-09-20T21:57:11.779386+00:00,200,2543.292,
2026-09-20T21:57:11.531569+00:00,200,2799.91,
2026-09-20T21:57:11.843281+00:00,200,2490.24,
2026-09-20T21:57:11.496551+00:00,200,2844.003,
2026-09-20T21:57:11.484718+00:00,200,2874.981,
2026-09-20T21:57:11.580404+00:00,200,2784.251,
2026-09-20T21:57:11.598297+00:00,200,2773.839,
2026-09-20T21:57:11.610272+00:00,200,2764.153,
2026-09-20T21:57:11.861799+00:00,200,2517.465,
2026-09-20T21:57:11.537534+00:00,200,2847.95,
2026-09-20T21:57:11.612559+00:00,200,2774.977,
2026-09-20T21:57:11.539837+00:00,200,2850.185,
2026-09-20T21:57:11.546272+00:00,200,2848.664,
2026-09-20T21:57:11.600057+00:00,200,2798.35,
2026-09-20T21:57:11.548370+00:00,200,2853.406,
2026-09-20T21:57:11.904685+00:00,200,2501.502,
2026-09-20T21:57:11.876183+00:00,200,2535.331,
2026-09-20T21:57:11.888121+00:00,200,2530.95,
2026-09-20T21:57:11.645540+00:00,200,2798.142,
2026-09-20T21:57:11.928401+00:00,200,2536.809,
2026-09-20T21:57:11.572925+00:00,200,2898.656,
2026-09-20T21:57:11.601960+00:00,200,2874.615,
2026-09-20T21:57:11.628337+00:00,200,2851.876,
2026-09-20T21:57:11.622419+00:00,200,2865.223,
2026-09-20T21:57:11.974951+00:00,200,2519.369,
2026-09-20T21:57:11.860580+00:00,200,2640.857,
2026-09-20T21:57:11.659170+00:00,200,2844.595,
2026-09-20T21:57:11.969723+00:00,200,2536.396,
2026-09-20T21:57:11.664760+00:00,200,2848.303,
2026-09-20T21:57:11.629852+00:00,200,2892.577,
2026-09-20T21:57:11.647963+00:00,200,2892.676,
2026-09-20T21:57:11.720178+00:00,200,2822.53,
2026-09-20T21:57:12.004571+00:00,200,2540.986,
2026-09-20T21:57:11.722131+00:00,200,2830.774,
2026-09-20T21:57:11.742590+00:00,200,2813.216,
2026-09-20T21:57:11.997734+00:00,200,2559.959,
2026-09-20T21:57:11.735209+00:00,200,2824.639,
2026-09-20T21:57:11.595414+00:00,200,2972.552,
2026-09-20T21:57:11.661159+00:00,200,2910.164,
2026-09-20T21:57:11.695452+00:00,200,2883.638,
2026-09-20T21:57:11.724477+00:00,200,2856.675,
2026-09-20T21:57:11.800165+00:00,200,2783.18,
2026-09-20T21:57:11.707131+00:00,200,2878.44,
2026-09-20T21:57:12.030424+00:00,200,2559.474,
2026-09-20T21:57:12.044224+00:00,200,2548.755,
2026-09-20T21:57:11.962605+00:00,200,2636.296,
2026-09-20T21:57:11.994891+00:00,200,2630.707,
2026-09-20T21:57:11.801981+00:00,200,2847.435,
2026-09-20T21:57:11.747952+00:00,200,2903.662,
2026-09-20T21:57:11.763850+00:00,200,2897.953,
2026-09-20T21:57:12.078573+00:00,200,2585.59,
2026-09-20T21:57:11.774325+00:00,200,2898.946,
2026-09-20T21:57:11.728238+00:00,200,2950.111,
2026-09-20T21:57:12.146223+00:00,200,2547.611,
2026-09-20T21:57:11.833066+00:00,200,2863.143,
2026-09-20T21:57:11.807232+00:00,200,2904.439,
2026-09-20T21:57:12.086587+00:00,200,2627.459,
2026-09-20T21:57:11.848716+00:00,200,2873.578,
2026-09-20T21:57:11.762233+00:00,200,2967.233,
2026-09-20T21:57:12.148350+00:00,200,2583.146,
2026-09-20T21:57:11.810725+00:00,200,2927.852,
2026-09-20T21:57:11.834927+00:00,200,2911.29,
2026-09-20T21:57:11.883397+00:00,200,2865.35,
2026-09-20T21:57:12.172460+00:00,200,2578.191,
2026-09-20T21:57:12.220752+00:00,200,2533.4,
2026-09-20T21:57:11.859006+00:00,200,2904.1,
2026-09-20T21:57:12.189329+00:00,200,2578.104,
2026-09-20T21:57:11.881037+00:00,200,2888.174,
2026-09-20T21:57:11.795483+00:00,200,2979.75,
2026-09-20T21:57:11.828783+00:00,200,2951.553,
2026-09-20T21:57:11.943374+00:00,200,2838.722,
2026-09-20T21:57:12.211981+00:00,200,2572.576,
2026-09-20T21:57:12.175693+00:00,200,2611.223,
2026-09-20T21:57:11.903019+00:00,200,2894.433,
2026-09-20T21:57:12.225012+00:00,200,2583.962,
2026-09-20T21:57:11.961384+00:00,200,2853.639,
2026-09-20T21:57:11.906610+00:00,200,2912.478,
2026-09-20T21:57:11.895174+00:00,200,2927.146,
2026-09-20T21:57:11.911388+00:00,200,2926.658,
2026-09-20T21:57:12.260202+00:00,200,2608.968,
2026-09-20T21:57:11.984342+00:00,200,2895.078,
2026-09-20T21:57:11.965806+00:00,200,2924.772,
2026-09-20T21:57:11.938100+00:00,200,2955.073,
2026-09-20T21:57:11.967502+00:00,200,2928.659,
2026-09-20T21:57:12.279919+00:00,200,2620.631,
2026-09-20T21:57:11.999741+00:00,200,2909.471,
2026-09-20T21:57:12.265801+00:00,200,2647.106,
2026-09-20T21:57:11.989492+00:00,200,2935.576,
2026-09-20T21:57:12.272248+00:00,200,2656.816,
2026-09-20T21:57:12.027369+00:00,200,2908.097,
2026-09-20T21:57:12.071516+00:00,200,2866.623,
2026-09-20T21:57:11.987841+00:00,200,2955.657,
2026-09-20T21:57:11.929454+00:00,200,3021.729,
2026-09-20T21:57:12.326823+00:00,200,2632.992,
2026-09-20T21:57:12.353264+00:00,200,2608.5,
2026-09-20T21:57:12.295683+00:00,200,2671.078,
2026-09-20T21:57:12.386143+00:00,200,2582.672,
2026-09-20T21:57:12.049802+00:00,200,2921.258,
2026-09-20T21:57:12.069763+00:00,200,2906.539,
2026-09-20T21:57:12.047455+00:00,200,2931.134,
2026-09-20T21:57:12.328078+00:00,200,2657.035,
2026-09-20T21:57:12.037096+00:00,200,2974.303,
2026-09-20T21:57:12.008464+00:00,200,3009.392,
2026-09-20T21:57:12.035440+00:00,200,2988.698,
2026-09-20T21:57:12.390474+00:00,200,2636.026,
2026-09-20T21:57:12.123454+00:00,200,2905.559,
2026-09-20T21:57:12.028863+00:00,200,3002.848,
2026-09-20T21:57:12.151815+00:00,200,2893.26,
2026-09-20T21:57:12.073671+00:00,200,3002.521,
2026-09-20T21:57:12.424461+00:00,200,2653.733,
2026-09-20T21:57:12.116731+00:00,200,2967.075,
2026-09-20T21:57:12.153796+00:00,200,2935.483,
2026-09-20T21:57:12.084876+00:00,200,3011.07,
2026-09-20T21:57:12.062249+00:00,200,3043.12,
2026-09-20T21:57:12.440653+00:00,200,2668.829,
2026-09-20T21:57:12.161767+00:00,200,2953.985,
2026-09-20T21:57:12.177855+00:00,200,2939.87,
2026-09-20T21:57:12.428341+00:00,200,2693.914,
2026-09-20T21:57:12.394729+00:00,200,2738.553,
2026-09-20T21:57:12.459775+00:00,200,2682.422,
2026-09-20T21:57:12.095313+00:00,200,3049.023,
2026-09-20T21:57:12.549503+00:00,200,2599.471,
2026-09-20T21:57:12.210200+00:00,200,2947.31,
2026-09-20T21:57:12.444867+00:00,200,2719.159,
2026-09-20T21:57:12.214232+00:00,200,2952.379,
2026-09-20T21:57:12.216913+00:00,200,2952.501,
2026-09-20T21:57:12.497210+00:00,200,2682.367,
2026-09-20T21:57:12.218611+00:00,200,2970.315,
2026-09-20T21:57:12.128354+00:00,200,3063.166,
2026-09-20T21:57:12.179800+00:00,200,3014.395,
2026-09-20T21:57:12.162823+00:00,200,3042.616,
2026-09-20T21:57:12.234837+00:00,200,2973.68,
2026-09-20T21:57:12.204311+00:00,200,3007.299,
2026-09-20T21:57:12.579189+00:00,200,2651.185,
2026-09-20T21:57:12.581540+00:00,200,2657.024,
2026-09-20T21:57:12.228213+00:00,200,3024.965,
2026-09-20T21:57:12.263841+00:00,200,2992.712,
2026-09-20T21:57:12.195135+00:00,200,3077.797,
2026-09-20T21:57:12.622205+00:00,200,2661.287,
2026-09-20T21:57:12.270584+00:00,200,3033.391,
2026-09-20T21:57:12.593602+00:00,200,2713.811,
2026-09-20T21:57:12.355330+00:00,200,2974.601,
2026-09-20T21:57:12.247156+00:00,200,3096.808,
2026-09-20T21:57:12.628073+00:00,200,2719.546,
2026-09-20T21:57:12.309347+00:00,200,3042.199,
2026-09-20T21:57:12.258489+00:00,200,3097.132,
2026-09-20T21:57:12.562414+00:00,200,2804.399,
2026-09-20T21:57:12.274615+00:00,200,3106.381,
2026-09-20T21:57:12.261499+00:00,200,3123.483,
2026-09-20T21:57:12.368960+00:00,200,3020.084,
2026-09-20T21:57:12.360336+00:00,200,3033.075,
2026-09-20T21:57:12.682333+00:00,200,2726.209,
2026-09-20T21:57:12.694405+00:00,200,2718.949,
2026-09-20T21:57:12.350506+00:00,200,3067.837,
2026-09-20T21:57:12.651757+00:00,200,2771.691,
2026-09-20T21:57:12.383183+00:00,200,3045.635,
2026-09-20T21:57:12.388348+00:00,200,3046.092,
2026-09-20T21:57:12.663043+00:00,200,2777.143,
2026-09-20T21:57:12.406392+00:00,200,3056.032,
2026-09-20T21:57:12.366773+00:00,200,3121.312,
2026-09-20T21:57:12.731892+00:00,200,2762.365,
2026-09-20T21:57:12.404693+00:00,200,3119.677,
2026-09-20T21:57:12.393020+00:00,200,3137.811,
2026-09-20T21:57:12.402229+00:00,200,3134.98,
2026-09-20T21:57:12.450216+00:00,200,3093.569,
2026-09-20T21:57:12.759709+00:00,200,2790.924,
2026-09-20T21:57:12.432901+00:00,200,3124.856,
2026-09-20T21:57:12.443146+00:00,200,3141.784,
2026-09-20T21:57:12.695622+00:00,200,2896.697,
2026-09-20T21:57:12.446708+00:00,200,3177.817,
2026-09-20T21:57:12.409932+00:00,200,3222.154,
2026-09-20T21:57:12.452192+00:00,200,3187.584,
2026-09-20T21:57:12.535076+00:00,200,3112.657,
2026-09-20T21:57:12.502190+00:00,200,3153.691,
2026-09-20T21:57:12.456539+00:00,200,3207.665,
2026-09-20T21:57:12.806336+00:00,200,2866.406,
2026-09-20T21:57:12.511622+00:00,200,3169.947,
2026-09-20T21:57:12.823039+00:00,200,2906.118,
2026-09-20T21:57:12.783068+00:00,200,2955.533,
2026-09-20T21:57:12.868525+00:00,200,2879.282,
2026-09-20T21:57:12.361567+00:00,200,3395.705,
2026-09-20T21:57:12.463156+00:00,200,3303.857,
2026-09-20T21:57:12.416253+00:00,200,3360.7,
2026-09-20T21:57:12.487011+00:00,200,3300.028,
2026-09-20T21:57:12.835410+00:00,200,2962.05,
2026-09-20T21:57:12.848763+00:00,200,2959.58,
2026-09-20T21:57:12.837194+00:00,200,2982.05,
2026-09-20T21:57:12.484652+00:00,200,3345.335,
2026-09-20T21:57:12.597826+00:00,200,3283.944,
2026-09-20T21:57:12.546266+00:00,200,3346.661,
2026-09-20T21:57:12.795881+00:00,200,3108.423,
2026-09-20T21:57:12.568092+00:00,200,3347.657,
2026-09-20T21:57:12.603962+00:00,200,3381.834,
2026-09-20T21:57:12.495789+00:00,200,3502.285,
2026-09-20T21:57:12.912108+00:00,200,3097.893,
2026-09-20T21:57:12.584253+00:00,200,3438.01,
2026-09-20T21:57:12.591151+00:00,200,3443.714,
2026-09-20T21:57:12.906609+00:00,200,3140.991,
2026-09-20T21:57:12.635030+00:00,200,3425.754,
2026-09-20T21:57:12.666454+00:00,200,3407.637,
2026-09-20T21:57:12.624129+00:00,200,3463.594,
2026-09-20T21:57:12.677897+00:00,200,3423.869,
2026-09-20T21:57:12.529092+00:00,200,3586.851,
2026-09-20T21:57:12.862044+00:00,200,3268.313,
2026-09-20T21:57:12.633048+00:00,200,3511.752,
2026-09-20T21:57:12.970604+00:00,200,3257.43,
2026-09-20T21:57:12.612599+00:00,200,3629.93,
2026-09-20T21:57:12.958480+00:00,200,3298.629,
2026-09-20T21:57:12.636255+00:00,200,3635.64,
2026-09-20T21:57:12.647254+00:00,200,3639.693,
2026-09-20T21:57:12.645726+00:00,200,3656.47,
2026-09-20T21:57:13.039106+00:00,200,3278.902,
2026-09-20T21:57:12.679418+00:00,200,3653.952,
2026-09-20T21:57:12.594842+00:00,200,3754.339,
2026-09-20T21:57:12.697049+00:00,200,3667.839,
2026-09-20T21:57:13.003915+00:00,200,3376.999,
2026-09-20T21:57:13.020419+00:00,200,3376.691,
2026-09-20T21:57:12.746199+00:00,200,3667.307,
2026-09-20T21:57:12.630339+00:00,200,3799.836,
2026-09-20T21:57:12.961818+00:00,200,3485.133,
2026-09-20T21:57:12.709659+00:00,200,3754.232,
2026-09-20T21:57:12.766677+00:00,200,3714.198,
2026-09-20T21:57:12.776905+00:00,200,3721.266,
2026-09-20T21:57:13.065852+00:00,200,3449.818,
2026-09-20T21:57:12.663994+00:00,200,3869.451,
2026-09-20T21:57:13.073918+00:00,200,3477.465,
2026-09-20T21:57:12.748026+00:00,200,3909.609,
2026-09-20T21:57:12.729191+00:00,200,3947.21,
2026-09-20T21:57:13.079429+00:00,200,3615.752,
2026-09-20T21:57:12.761549+00:00,200,3953.007,
2026-09-20T21:57:12.814623+00:00,200,3919.454,
2026-09-20T21:57:12.772685+00:00,200,3980.791,
2026-09-20T21:57:12.829468+00:00,200,3943.281,
2026-09-20T21:57:12.833046+00:00,200,3959.342,
2026-09-20T21:57:13.132362+00:00,200,3679.851,
2026-09-20T21:57:13.111732+00:00,200,3720.824,
2026-09-20T21:57:12.852603+00:00,200,4000.055,
2026-09-20T21:57:12.780824+00:00,200,4092.485,
2026-09-20T21:57:13.028367+00:00,200,3865.836,
2026-09-20T21:57:12.808782+00:00,200,4106.345,
2026-09-20T21:57:13.097868+00:00,200,3838.711,
2026-09-20T21:57:12.844166+00:00,200,4113.815,
2026-09-20T21:57:13.063792+00:00,200,3915.88,
2026-09-20T21:57:12.846562+00:00,200,4155.215,
2026-09-20T21:57:13.182369+00:00,200,3841.794,
2026-09-20T21:57:12.854628+00:00,200,4355.656,
2026-09-20T21:57:12.827555+00:00,200,4405.162,
2026-09-20T21:57:12.856538+00:00,200,4398.855,
2026-09-20T21:57:12.927574+00:00,200,4350.619,
2026-09-20T21:57:13.244473+00:00,200,4057.039,
2026-09-20T21:57:13.216929+00:00,200,4107.833,
2026-09-20T21:57:12.908445+00:00,200,4439.736,
2026-09-20T21:57:12.887234+00:00,200,4484.539,
2026-09-20T21:57:12.889375+00:00,200,4505.745,
2026-09-20T21:57:12.894986+00:00,200,4523.459,
2026-09-20T21:57:12.831190+00:00,200,4611.306,
2026-09-20T21:57:12.989662+00:00,200,4476.714,
2026-09-20T21:57:12.944364+00:00,200,4546.132,
2026-09-20T21:57:13.259530+00:00,200,4255.22,
2026-09-20T21:57:13.261769+00:00,200,4277.642,
2026-09-20T21:57:13.285258+00:00,200,4278.49,
2026-09-20T21:57:12.896152+00:00,200,4692.995,
2026-09-20T21:57:12.919460+00:00,200,4695.276,
2026-09-20T21:57:13.309348+00:00,200,4330.806,
2026-09-20T21:57:13.297474+00:00,200,4368.297,
2026-09-20T21:57:12.946620+00:00,200,4744.833,
2026-09-20T21:57:12.928732+00:00,200,4788.572,
2026-09-20T21:57:12.968099+00:00,200,4775.064,
2026-09-20T21:57:13.026135+00:00,200,4743.323,
2026-09-20T21:57:12.981957+00:00,200,4813.955,
2026-09-20T21:57:13.305688+00:00,200,4517.0,
2026-09-20T21:57:13.022808+00:00,200,4826.643,
2026-09-20T21:57:13.049710+00:00,200,4827.149,
2026-09-20T21:57:13.036315+00:00,200,4868.434,
2026-09-20T21:57:13.328664+00:00,200,4604.338,
2026-09-20T21:57:13.061616+00:00,200,4898.886,
2026-09-20T21:57:13.375870+00:00,200,4612.539,
2026-09-20T21:57:13.263047+00:00,200,4754.025,
2026-09-20T21:57:13.081388+00:00,200,5262.15,
2026-09-20T21:57:13.067837+00:00,200,5304.313,
2026-09-20T21:57:13.084938+00:00,200,5320.979,
2026-09-20T21:57:13.031558+00:00,200,5421.403,
2026-09-20T21:57:13.059365+00:00,200,5460.856,
2026-09-20T21:57:13.361787+00:00,200,5197.575,
2026-09-20T21:57:13.113849+00:00,200,5500.366,
2026-09-20T21:57:12.995436+00:00,200,5651.318,
2026-09-20T21:57:13.071820+00:00,200,5607.494,
2026-09-20T21:57:13.385863+00:00,200,5326.041,
2026-09-20T21:57:13.110097+00:00,200,5634.772,
2026-09-20T21:57:13.139262+00:00,200,5637.877,
2026-09-20T21:57:13.115719+00:00,200,5693.69,
2026-09-20T21:57:13.151018+00:00,200,5691.716,
2026-09-20T21:57:13.426748+00:00,200,5450.227,
2026-09-20T21:57:13.094843+00:00,200,5817.672,
2026-09-20T21:57:13.428439+00:00,200,5517.274,
2026-09-20T21:57:13.474346+00:00,200,5504.853,
2026-09-20T21:57:13.156170+00:00,200,5856.3,
2026-09-20T21:57:13.164505+00:00,200,5881.814,
2026-09-20T21:57:13.486594+00:00,200,5593.542,
2026-09-20T21:57:13.452770+00:00,200,5661.37,
2026-09-20T21:57:13.526475+00:00,200,5622.268,
2026-09-20T21:57:13.184135+00:00,200,5998.272,
2026-09-20T21:57:13.129336+00:00,200,6087.045,
2026-09-20T21:57:13.096741+00:00,200,6154.182,
2026-09-20T21:57:13.166191+00:00,200,6119.188,
2026-09-20T21:57:13.270055+00:00,200,6049.614,
2026-09-20T21:57:13.233989+00:00,200,6120.591,
2026-09-20T21:57:13.254542+00:00,200,6134.892,
2026-09-20T21:57:13.514857+00:00,200,5909.355,
2026-09-20T21:57:13.226237+00:00,200,6233.276,
2026-09-20T21:57:13.544984+00:00,200,5950.282,
2026-09-20T21:57:13.162223+00:00,200,6369.221,
2026-09-20T21:57:13.205635+00:00,200,6361.961,
2026-09-20T21:57:13.287382+00:00,200,6316.467,
2026-09-20T21:57:13.257031+00:00,200,6383.562,
2026-09-20T21:57:13.528497+00:00,200,6148.495,
2026-09-20T21:57:13.301272+00:00,200,6416.573,
2026-09-20T21:57:13.291001+00:00,200,6463.994,
2026-09-20T21:57:13.228460+00:00,200,6563.345,
2026-09-20T21:57:13.196028+00:00,200,6632.598,
2026-09-20T21:57:13.317018+00:00,200,6548.745,
2026-09-20T21:57:13.553805+00:00,200,6349.192,
2026-09-20T21:57:13.563715+00:00,200,6377.411,
2026-09-20T21:57:13.576962+00:00,200,6401.965,
2026-09-20T21:57:13.639714+00:00,200,6376.918,
2026-09-20T21:57:13.315135+00:00,200,6739.316,
2026-09-20T21:57:13.303813+00:00,200,6789.517,
2026-09-20T21:57:13.673711+00:00,200,6495.083,
2026-09-20T21:57:13.655709+00:00,200,6588.62,
2026-09-20T21:57:13.344137+00:00,200,6958.547,
2026-09-20T21:57:13.311334+00:00,200,7544.092,
2026-09-20T21:57:13.687298+00:00,200,7182.823,
2026-09-20T21:57:13.319106+00:00,200,7565.328,
2026-09-20T21:57:13.357218+00:00,200,7541.725,
2026-09-20T21:57:13.368363+00:00,200,7544.86,
2026-09-20T21:57:13.704620+00:00,200,7222.452,
2026-09-20T21:57:13.392587+00:00,200,7548.43,
2026-09-20T21:57:13.326860+00:00,200,7628.566,
2026-09-20T21:57:13.295370+00:00,200,7674.257,
2026-09-20T21:57:13.329685+00:00,200,7694.906,
2026-09-20T21:57:13.748662+00:00,200,7397.381,
2026-09-20T21:57:13.740974+00:00,200,7432.459,
2026-09-20T21:57:13.483871+00:00,200,7716.371,
2026-09-20T21:57:13.739157+00:00,200,7488.467,
2026-09-20T21:57:13.786549+00:00,200,7522.008,
2026-09-20T21:57:13.507100+00:00,200,7854.993,
2026-09-20T21:57:13.493440+00:00,200,7922.235,
2026-09-20T21:57:13.543172+00:00,200,7912.135,
2026-09-20T21:57:13.557211+00:00,200,7924.304,
2026-09-20T21:57:13.546444+00:00,200,8001.099,
2026-09-20T21:57:13.536480+00:00,200,8038.932,
2026-09-20T21:57:13.561711+00:00,200,8044.634,
2026-09-20T21:57:13.495130+00:00,200,8143.026,
2026-09-20T21:57:13.901755+00:00,200,7805.122,
2026-09-20T21:57:13.926989+00:00,200,7806.246,
2026-09-20T21:57:13.509667+00:00,200,8276.544,
2026-09-20T21:57:13.689115+00:00,200,8123.929,
2026-09-20T21:57:13.859279+00:00,200,7993.596,
2026-09-20T21:57:13.937914+00:00,200,7967.035,
2026-09-20T21:57:13.691464+00:00,200,8256.091,
2026-09-20T21:57:13.930797+00:00,200,8062.316,
2026-09-20T21:57:13.702517+00:00,200,8316.324,
2026-09-20T21:57:13.628884+00:00,200,8416.318,
2026-09-20T21:57:13.697477+00:00,200,8374.045,
2026-09-20T21:57:13.744002+00:00,200,8353.488,
2026-09-20T21:57:13.710113+00:00,200,8413.621,
2026-09-20T21:57:13.712114+00:00,200,8438.31,
2026-09-20T21:57:13.761033+00:00,200,8415.806,
2026-09-20T21:57:13.745723+00:00,200,8457.973,
2026-09-20T21:57:13.736626+00:00,200,8507.284,
2026-09-20T21:57:13.661957+00:00,200,8608.312,
2026-09-20T21:57:13.721841+00:00,200,8575.134,
2026-09-20T21:57:13.996336+00:00,200,8327.652,
2026-09-20T21:57:14.046728+00:00,200,8316.708,
2026-09-20T21:57:13.851236+00:00,200,8538.48,
2026-09-20T21:57:14.117606+00:00,200,8311.096,
2026-09-20T21:57:13.803127+00:00,200,8651.848,
2026-09-20T21:57:13.695629+00:00,200,8785.545,
2026-09-20T21:57:13.730272+00:00,200,8777.089,
2026-09-20T21:57:14.134638+00:00,200,8413.84,
2026-09-20T21:57:14.029476+00:00,200,8547.023,
2026-09-20T21:57:13.762036+00:00,200,8842.805,
2026-09-20T21:57:13.377583+00:00,200,9806.015,
2026-09-20T21:57:13.490674+00:00,200,9704.581,
2026-09-20T21:57:13.435741+00:00,200,9770.772,
2026-09-20T21:57:13.715295+00:00,200,9503.05,
2026-09-20T21:57:13.447424+00:00,200,9782.858,
2026-09-20T21:57:13.498870+00:00,200,9743.13,
2026-09-20T21:57:13.694524+00:00,200,9559.114,
2026-09-20T21:57:13.395220+00:00,200,9870.281,
2026-09-20T21:57:13.480919+00:00,200,9796.716,
2026-09-20T21:57:13.724109+00:00,200,9606.738,
2026-09-20T21:57:13.555831+00:00,200,9794.025,
2026-09-20T21:57:13.869644+00:00,200,9493.281,
2026-09-20T21:57:13.823067+00:00,200,9551.827,
2026-09-20T21:57:13.462628+00:00,200,9924.175,
2026-09-20T21:57:13.857005+00:00,200,9541.441,
2026-09-20T21:57:13.523092+00:00,200,9886.746,
2026-09-20T21:57:13.517164+00:00,200,9904.156,
2026-09-20T21:57:13.505112+00:00,200,9927.404,
2026-09-20T21:57:13.531031+00:00,200,9913.113,
2026-09-20T21:57:13.624528+00:00,200,9831.366,
2026-09-20T21:57:13.596196+00:00,200,9871.779,
2026-09-20T21:57:13.558829+00:00,200,9920.785,
2026-09-20T21:57:13.575445+00:00,200,9915.453,
2026-09-20T21:57:13.887375+00:00,200,9615.079,
2026-09-20T21:57:13.646375+00:00,200,9867.579,
2026-09-20T21:57:13.829128+00:00,200,9696.14,
2026-09-20T21:57:13.982775+00:00,200,9553.993,
2026-09-20T21:57:13.680330+00:00,200,9867.878,
2026-09-20T21:57:13.659955+00:00,200,9899.326,
2026-09-20T21:57:13.929246+00:00,200,9641.294,
2026-09-20T21:57:14.020954+00:00,200,9560.622,
2026-09-20T21:57:13.729294+00:00,200,9863.656,
2026-09-20T21:57:13.725729+00:00,200,9878.351,
2026-09-20T21:57:14.044313+00:00,200,9571.12,
2026-09-20T21:57:13.861875+00:00,200,9764.79,
2026-09-20T21:57:14.161005+00:00,200,9487.716,
2026-09-20T21:57:14.138986+00:00,200,9531.665,
2026-09-20T21:57:13.868262+00:00,200,9824.211,
2026-09-20T21:57:13.866122+00:00,200,9858.275,
2026-09-20T21:57:14.186944+00:00,200,9559.376,
2026-09-20T21:57:13.916499+00:00,200,9851.99,
2026-09-20T21:57:13.895186+00:00,200,9895.416,
2026-09-20T21:57:13.885409+00:00,200,9931.483,
2026-09-20T21:57:13.924800+00:00,200,9927.854,
2026-09-20T21:57:14.255041+00:00,200,9633.973,
2026-09-20T21:57:13.893241+00:00,200,10026.458,
2026-09-20T21:57:13.923048+00:00,200,10019.235,
2026-09-20T21:57:13.939819+00:00,200,10025.093,
2026-09-20T21:57:13.796029+00:00,200,10191.3,
2026-09-20T21:57:13.899870+00:00,200,10120.719,
2026-09-20T21:57:13.896513+00:00,200,10157.324,
2026-09-20T21:57:13.976641+00:00,200,10147.391,
2026-09-20T21:57:14.234559+00:00,200,9922.738,
2026-09-20T21:57:14.294757+00:00,200,9896.421,
2026-09-20T21:57:13.950916+00:00,200,10262.906,
2026-09-20T21:57:14.001341+00:00,200,10235.139,
2026-09-20T21:57:14.031970+00:00,200,10227.062,
2026-09-20T21:57:13.962708+00:00,200,10330.11,
2026-09-20T21:57:14.262822+00:00,200,10063.339,
2026-09-20T21:57:14.042143+00:00,200,10318.315,
2026-09-20T21:57:14.005390+00:00,200,10389.534,
2026-09-20T21:57:14.095249+00:00,200,10334.043,
2026-09-20T21:57:14.035017+00:00,200,10428.08,
2026-09-20T21:57:14.136951+00:00,200,10360.653,
2026-09-20T21:57:14.125721+00:00,200,10405.951,
2026-09-20T21:57:14.068231+00:00,200,10487.364,
2026-09-20T21:57:14.072497+00:00,200,10509.249,
2026-09-20T21:57:14.385471+00:00,200,10219.67,
2026-09-20T21:57:14.122185+00:00,200,10505.78,
2026-09-20T21:57:14.406175+00:00,200,10244.601,
2026-09-20T21:57:14.111715+00:00,200,10561.782,
2026-09-20T21:57:14.120298+00:00,200,10576.097,
2026-09-20T21:57:14.062990+00:00,200,10656.313,
2026-09-20T21:57:14.419059+00:00,200,10323.455,
2026-09-20T21:57:14.476561+00:00,200,10289.059,
2026-09-20T21:57:14.147236+00:00,200,10641.48,
2026-09-20T21:57:14.149064+00:00,200,10662.827,
2026-09-20T21:57:14.411502+00:00,200,10423.71,
2026-09-20T21:57:14.542696+00:00,200,10328.707,
2026-09-20T21:57:14.128919+00:00,200,10791.848,
2026-09-20T21:57:14.480200+00:00,200,10464.354,
2026-09-20T21:57:14.176796+00:00,200,10791.779,
2026-09-20T21:57:14.429830+00:00,200,10562.658,
2026-09-20T21:57:14.227146+00:00,200,10789.099,
2026-09-20T21:57:14.229471+00:00,200,10822.653,
2026-09-20T21:57:14.236679+00:00,200,10839.508,
2026-09-20T21:57:14.557681+00:00,200,10542.507,
2026-09-20T21:57:14.195864+00:00,200,10940.32,
2026-09-20T21:57:14.540626+00:00,200,10630.954,
2026-09-20T21:57:14.567952+00:00,200,10627.571,
2026-09-20T21:57:14.281657+00:00,200,10949.671,
2026-09-20T21:57:14.585558+00:00,200,10669.697,
2026-09-20T21:57:14.303511+00:00,200,10999.283,
2026-09-20T21:57:14.322667+00:00,200,11004.059,
2026-09-20T21:57:14.331467+00:00,200,11031.324,
2026-09-20T21:57:14.592967+00:00,200,10805.514,
2026-09-20T21:57:14.374412+00:00,200,11059.462,
2026-09-20T21:57:14.333511+00:00,200,11124.175,
2026-09-20T21:57:14.364642+00:00,200,11116.99,
2026-09-20T21:57:14.340541+00:00,200,11165.172,
2026-09-20T21:57:14.387523+00:00,200,11142.359,
2026-09-20T21:57:14.296250+00:00,200,11257.882,
2026-09-20T21:57:14.394923+00:00,200,11183.386,
2026-09-20T21:57:14.661790+00:00,200,10940.577,
2026-09-20T21:57:14.359686+00:00,200,11266.786,
2026-09-20T21:57:14.629126+00:00,200,11021.691,
2026-09-20T21:57:14.696195+00:00,200,10982.544,
2026-09-20T21:57:14.329629+00:00,200,11376.039,
2026-09-20T21:57:14.729452+00:00,200,11002.246,
2026-09-20T21:57:14.665633+00:00,200,11091.632,
2026-09-20T21:57:14.398394+00:00,200,11385.325,
2026-09-20T21:57:14.401762+00:00,200,11408.116,
2026-09-20T21:57:14.399775+00:00,200,11435.742,
2026-09-20T21:57:14.767420+00:00,200,11093.976,
2026-09-20T21:57:14.465201+00:00,200,11422.321,
2026-09-20T21:57:14.738563+00:00,200,11174.687,
2026-09-20T21:57:14.748733+00:00,200,11190.39,
2026-09-20T21:57:14.780322+00:00,200,11184.804,
2026-09-20T21:57:14.362228+00:00,200,11641.872,
2026-09-20T21:57:14.390008+00:00,200,11639.937,
2026-09-20T21:57:14.487628+00:00,200,11568.299,
2026-09-20T21:57:14.506107+00:00,200,11651.878,
2026-09-20T21:57:14.522416+00:00,200,11661.083,
2026-09-20T21:57:14.495690+00:00,200,11726.596,
2026-09-20T21:57:14.822308+00:00,200,11426.024,
2026-09-20T21:57:14.555792+00:00,200,11731.247,
2026-09-20T21:57:14.579078+00:00,200,11758.43,
2026-09-20T21:57:14.764267+00:00,200,11611.075,
2026-09-20T21:57:14.959804+00:00,200,11465.168,
2026-09-20T21:57:14.829638+00:00,200,11620.148,
2026-09-20T21:57:14.935452+00:00,200,11539.106,
2026-09-20T21:57:14.583332+00:00,200,11916.051,
2026-09-20T21:57:14.901955+00:00,200,11633.972,
2026-09-20T21:57:14.714034+00:00,200,11846.258,
2026-09-20T21:57:14.598889+00:00,200,11985.39,
2026-09-20T21:57:14.943484+00:00,200,11666.106,
2026-09-20T21:57:14.711658+00:00,200,11933.984,
2026-09-20T21:57:14.678335+00:00,200,11991.374,
2026-09-20T21:57:14.673257+00:00,200,12043.132,
2026-09-20T21:57:14.693823+00:00,200,12057.588,
2026-09-20T21:57:14.722280+00:00,200,12052.638,
2026-09-20T21:57:14.651599+00:00,200,12146.588,
2026-09-20T21:57:14.664152+00:00,200,12168.697,
2026-09-20T21:57:14.930313+00:00,200,11925.525,
2026-09-20T21:57:14.731484+00:00,200,12181.765,
2026-09-20T21:57:13.362917+00:00,200,14465.932,
2026-09-20T21:57:14.142493+00:00,200,13695.488,
2026-09-20T21:57:13.906466+00:00,200,13940.687,
2026-09-20T21:57:13.933896+00:00,200,13922.356,
2026-09-20T21:57:14.199011+00:00,200,13666.531,
2026-09-20T21:57:13.932300+00:00,200,13942.594,
2026-09-20T21:57:14.162108+00:00,200,13722.175,
2026-09-20T21:57:13.935926+00:00,200,13957.573,
2026-09-20T21:57:13.955061+00:00,200,13947.647,
2026-09-20T21:57:14.286895+00:00,200,13625.027,
2026-09-20T21:57:14.308134+00:00,200,13613.004,
2026-09-20T21:57:14.232674+00:00,200,13697.827,
2026-09-20T21:57:14.070286+00:00,200,13869.643,
2026-09-20T21:57:14.372123+00:00,200,13577.311,
2026-09-20T21:57:14.153018+00:00,200,13805.929,
2026-09-20T21:57:14.102388+00:00,200,13865.889,
2026-09-20T21:57:14.077560+00:00,200,13900.16,
2026-09-20T21:57:14.379252+00:00,200,13607.895,
2026-09-20T21:57:14.096537+00:00,200,13900.216,
2026-09-20T21:57:14.204477+00:00,200,13802.021,
2026-09-20T21:57:14.197325+00:00,200,13818.806,
2026-09-20T21:57:14.240379+00:00,200,13785.247,
2026-09-20T21:57:14.272822+00:00,200,13762.209,
2026-09-20T21:57:14.503751+00:00,200,13540.725,
2026-09-20T21:57:14.299622+00:00,200,13754.52,
2026-09-20T21:57:14.248103+00:00,200,13815.517,
2026-09-20T21:57:14.317632+00:00,200,13755.46,
2026-09-20T21:57:14.305556+00:00,200,13776.982,
2026-09-20T21:57:14.625586+00:00,200,13466.396,
2026-09-20T21:57:14.471567+00:00,200,13629.993,
2026-09-20T21:57:14.443672+00:00,200,13667.447,
2026-09-20T21:57:14.494309+00:00,200,13626.185,
2026-09-20T21:57:14.552891+00:00,200,13576.962,
2026-09-20T21:57:14.784545+00:00,200,13354.753,
2026-09-20T21:57:14.501425+00:00,200,13647.433,
2026-09-20T21:57:14.545545+00:00,200,13612.736,
2026-09-20T21:57:14.513050+00:00,200,13654.675,
2026-09-20T21:57:14.571309+00:00,200,13605.996,
2026-09-20T21:57:14.795866+00:00,200,13391.056,
2026-09-20T21:57:14.797438+00:00,200,13398.816,
2026-09-20T21:57:14.893160+00:00,200,13312.653,
2026-09-20T21:57:14.559834+00:00,200,13655.175,
2026-09-20T21:57:14.589885+00:00,200,13634.422,
2026-09-20T21:57:14.529479+00:00,200,13704.178,
2026-09-20T21:57:14.649403+00:00,200,13593.426,
2026-09-20T21:57:14.562595+00:00,200,13689.613,
2026-09-20T21:57:14.595729+00:00,200,13665.686,
2026-09-20T21:57:14.754140+00:00,200,13516.506,
2026-09-20T21:57:14.750639+00:00,200,13529.273,
2026-09-20T21:57:14.971045+00:00,200,13318.014,
2026-09-20T21:57:14.746203+00:00,200,13552.089,
2026-09-20T21:57:14.968803+00:00,200,13338.769,
2026-09-20T21:57:15.031696+00:00,200,13303.235,
2026-09-20T21:57:15.122243+00:00,200,13230.893,
2026-09-20T21:57:15.083797+00:00,200,13287.661,
2026-09-20T21:57:14.763091+00:00,200,13626.708,
2026-09-20T21:57:15.109469+00:00,200,13298.938,
2026-09-20T21:57:14.838036+00:00,200,13589.226,
2026-09-20T21:57:14.782085+00:00,200,13664.124,
2026-09-20T21:57:14.769197+00:00,200,13695.823,
2026-09-20T21:57:14.786904+00:00,200,13697.199,
2026-09-20T21:57:15.208503+00:00,200,13294.656,
2026-09-20T21:57:14.697564+00:00,200,13825.328,
2026-09-20T21:57:14.869158+00:00,200,13673.91,
2026-09-20T21:57:14.732919+00:00,200,13829.888,
2026-09-20T21:57:14.863327+00:00,200,13719.198,
2026-09-20T21:57:14.890565+00:00,200,13711.905,
2026-09-20T21:57:15.135694+00:00,200,13486.732,
2026-09-20T21:57:15.164013+00:00,200,13478.343,
2026-09-20T21:57:14.819075+00:00,200,13843.321,
2026-09-20T21:57:14.775220+00:00,200,13907.296,
2026-09-20T21:57:14.912894+00:00,200,13789.587,
2026-09-20T21:57:14.815010+00:00,200,13917.117,
2026-09-20T21:57:14.808961+00:00,200,13943.177,
2026-09-20T21:57:15.272917+00:00,200,13499.097,
2026-09-20T21:57:14.900539+00:00,200,13900.666,
2026-09-20T21:57:15.347608+00:00,200,13473.185,
2026-09-20T21:57:15.380981+00:00,200,13479.401,
2026-09-20T21:57:15.017843+00:00,200,13882.234,
2026-09-20T21:57:14.938125+00:00,200,13981.704,
2026-09-20T21:57:15.039813+00:00,200,13909.609,
2026-09-20T21:57:15.024124+00:00,200,13964.925,
2026-09-20T21:57:14.985101+00:00,200,14043.155,
2026-09-20T21:57:15.019698+00:00,200,14038.268,
2026-09-20T21:57:15.095931+00:00,200,13981.593,
2026-09-20T21:57:15.117710+00:00,200,13988.894,
2026-09-20T21:57:14.966750+00:00,200,14169.044,
2026-09-20T21:57:15.166597+00:00,200,13998.346,
2026-09-20T21:57:15.188911+00:00,200,14014.735,
2026-09-20T21:57:15.133269+00:00,200,14089.85,
2026-09-20T21:57:15.488070+00:00,200,13773.451,
2026-09-20T21:57:15.179564+00:00,200,14120.176,
2026-09-20T21:57:15.256538+00:00,200,14071.53,
2026-09-20T21:57:15.434426+00:00,200,14492.175,
2026-09-20T21:57:15.624509+00:00,200,14324.037,
2026-09-20T21:57:16.034848+00:00,200,13935.546,
2026-09-20T21:57:13.379734+00:00,200,16634.828,
2026-09-20T21:57:14.463152+00:00,200,15566.231,
2026-09-20T21:57:14.581139+00:00,200,15455.62,
2026-09-20T21:57:14.896147+00:00,200,15155.253,
2026-09-20T21:57:14.879406+00:00,200,15179.183,
2026-09-20T21:57:14.909198+00:00,200,15156.552,
2026-09-20T21:57:14.925053+00:00,200,15147.822,
2026-09-20T21:57:14.951169+00:00,200,15128.849,
2026-09-20T21:57:15.011387+00:00,200,15075.611,
2026-09-20T21:57:15.045061+00:00,200,15048.922,
2026-09-20T21:57:14.961752+00:00,200,15139.125,
2026-09-20T21:57:14.963860+00:00,200,15143.787,
2026-09-20T21:57:15.026488+00:00,200,15088.061,
2026-09-20T21:57:14.929052+00:00,200,15192.435,
2026-09-20T21:57:15.115738+00:00,200,15012.684,
2026-09-20T21:57:15.076178+00:00,200,15059.268,
2026-09-20T21:57:15.067750+00:00,200,15074.621,
2026-09-20T21:57:15.100666+00:00,200,15048.547,
2026-09-20T21:57:15.142188+00:00,200,15014.036,
2026-09-20T21:57:15.157497+00:00,200,15005.666,
2026-09-20T21:57:15.283481+00:00,200,14886.523,
2026-09-20T21:57:15.343949+00:00,200,14832.917,
2026-09-20T21:57:15.303961+00:00,200,14879.737,
2026-09-20T21:57:15.329917+00:00,200,14860.504,
2026-09-20T21:57:15.351531+00:00,200,14845.616,
2026-09-20T21:57:15.530816+00:00,200,15447.918,
2026-09-20T21:57:15.881757+00:00,200,15101.589,
2026-09-20T21:57:16.302179+00:00,200,14685.681,
2026-09-20T21:57:17.210262+00:00,200,14089.475,
2026-09-20T21:57:17.371750+00:00,200,13934.885,
2026-09-20T21:57:17.614712+00:00,200,13836.792,
2026-09-20T21:57:25.433813+00:00,200,6146.351,
2026-09-20T21:57:26.609525+00:00,200,4976.211,
2026-09-20T21:57:15.592306+00:00,200,16041.96,
2026-09-20T21:57:15.692442+00:00,200,15947.03,
2026-09-20T21:57:15.332526+00:00,200,16312.107,
2026-09-20T21:57:16.115925+00:00,200,15533.862,
2026-09-20T21:57:16.380899+00:00,200,15274.058,
2026-09-20T21:57:17.324741+00:00,200,14421.314,
2026-09-20T21:57:17.490473+00:00,200,14260.179,
2026-09-20T21:57:17.301491+00:00,200,14470.333,
2026-09-20T21:57:17.743138+00:00,200,14099.734,
2026-09-20T21:57:31.451425+00:00,200,395.553,
2026-09-20T21:57:24.429235+00:00,200,7459.608,
2026-09-20T21:57:15.494246+00:00,200,16428.536,
2026-09-20T21:57:25.554070+00:00,200,6393.218,
2026-09-20T21:57:26.958344+00:00,200,4992.804,
2026-09-20T21:57:15.985779+00:00,200,15973.285,
2026-09-20T21:57:15.537194+00:00,200,16454.413,
2026-09-20T21:57:16.177332+00:00,200,15818.102,
2026-09-20T21:57:16.480856+00:00,200,15518.483,
2026-09-20T21:57:25.457625+00:00,200,6572.577,
2026-09-20T21:57:31.745974+00:00,200,306.292,
2026-09-20T21:57:31.026666+00:00,200,1037.13,
2026-09-20T21:57:31.750572+00:00,200,331.868,
2026-09-20T21:57:31.826239+00:00,200,315.553,
2026-09-20T21:57:31.475258+00:00,200,685.434,
2026-09-20T21:57:31.888803+00:00,200,292.194,
2026-09-20T21:57:17.988386+00:00,200,14206.179,
2026-09-20T21:57:31.893391+00:00,200,319.405,
2026-09-20T21:57:16.271877+00:00,200,16008.035,
2026-09-20T21:57:23.195202+00:00,200,9088.305,
2026-09-20T21:57:25.783658+00:00,200,6519.967,
2026-09-20T21:57:27.146703+00:00,200,5160.492,
2026-09-20T21:57:31.708472+00:00,200,621.725,
2026-09-20T21:57:32.052267+00:00,200,300.245,
2026-09-20T21:57:15.808329+00:00,200,16549.912,
2026-09-20T21:57:15.465998+00:00,200,16924.449,
2026-09-20T21:57:31.064701+00:00,200,1329.433,
2026-09-20T21:57:17.932977+00:00,200,14480.086,
2026-09-20T21:57:32.114814+00:00,200,333.644,
2026-09-20T21:57:24.835155+00:00,200,7642.862,
2026-09-20T21:57:16.155478+00:00,200,16341.179,
2026-09-20T21:57:24.871349+00:00,200,7671.767,
2026-09-20T21:57:18.156358+00:00,200,14403.856,
2026-09-20T21:57:15.213415+00:00,200,17367.0,
2026-09-20T21:57:32.352512+00:00,200,296.746,
2026-09-20T21:57:31.991515+00:00,200,663.52,
2026-09-20T21:57:21.947514+00:00,200,10714.811,
2026-09-20T21:57:25.362731+00:00,200,7340.009,
2026-09-20T21:57:27.326956+00:00,200,5379.153,
2026-09-20T21:57:25.302733+00:00,200,7419.351,
2026-09-20T21:57:31.121935+00:00,200,1640.056,
2026-09-20T21:57:31.649700+00:00,200,1130.045,
2026-09-20T21:57:32.147686+00:00,200,637.465,
2026-09-20T21:57:16.772730+00:00,200,16027.645,
2026-09-20T21:57:21.024549+00:00,200,11814.81,
2026-09-20T21:57:15.205424+00:00,200,17646.361,
2026-09-20T21:57:26.855771+00:00,200,6018.821,
2026-09-20T21:57:16.242511+00:00,200,16681.236,
2026-09-20T21:57:17.348159+00:00,200,15578.992,
2026-09-20T21:57:15.776936+00:00,200,17187.166,
2026-09-20T21:57:16.060767+00:00,200,16918.611,
2026-09-20T21:57:26.449722+00:00,200,6538.302,
2026-09-20T21:57:32.649258+00:00,200,355.769,
2026-09-20T21:57:24.742457+00:00,200,8268.18,
2026-09-20T21:57:32.030166+00:00,200,1023.243,
2026-09-20T21:57:23.581524+00:00,200,9519.062,
2026-09-20T21:57:31.922690+00:00,200,1209.496,
2026-09-20T21:57:27.530642+00:00,200,5605.215,
2026-09-20T21:57:31.125896+00:00,200,2018.746,
2026-09-20T21:57:31.176298+00:00,200,1977.225,
2026-09-20T21:57:31.172460+00:00,200,2020.585,
2026-09-20T21:57:25.650756+00:00,200,7563.342,
2026-09-20T21:57:21.813001+00:00,200,11428.01,
2026-09-20T21:57:16.812194+00:00,200,16437.811,
2026-09-20T21:57:17.001756+00:00,200,16260.892,
2026-09-20T21:57:16.162821+00:00,200,17140.15,
2026-09-20T21:57:22.123688+00:00,200,11201.823,
2026-09-20T21:57:21.308518+00:00,200,12020.474,
2026-09-20T21:57:16.573185+00:00,200,16766.437,
2026-09-20T21:57:16.430157+00:00,200,16928.771,
2026-09-20T21:57:17.539389+00:00,200,15833.83,
2026-09-20T21:57:32.754989+00:00,200,635.749,
2026-09-20T21:57:32.386604+00:00,200,1009.332,
2026-09-20T21:57:16.022247+00:00,200,17402.093,
2026-09-20T21:57:18.711879+00:00,200,14722.036,
2026-09-20T21:57:22.203650+00:00,200,11238.105,
2026-09-20T21:57:31.626523+00:00,200,1851.333,
2026-09-20T21:57:31.129831+00:00,200,2376.071,
2026-09-20T21:57:27.662839+00:00,200,5883.419,
2026-09-20T21:57:31.228920+00:00,200,2353.896,
2026-09-20T21:57:31.221488+00:00,200,2366.546,
2026-09-20T21:57:15.729143+00:00,200,17873.388,
2026-09-20T21:57:17.876834+00:00,200,15741.816,
2026-09-20T21:57:32.862334+00:00,200,766.562,
2026-09-20T21:57:31.047938+00:00,200,2587.211,
2026-09-20T21:57:32.662273+00:00,200,994.452,
2026-09-20T21:57:17.466353+00:00,200,16192.971,
2026-09-20T21:57:15.253164+00:00,200,18411.323,
2026-09-20T21:57:27.264546+00:00,200,6423.704,
2026-09-20T21:57:32.549045+00:00,200,1152.008,
2026-09-20T21:57:23.467923+00:00,200,10243.92,
2026-09-20T21:57:15.584916+00:00,200,18130.345,
2026-09-20T21:57:26.424908+00:00,200,7299.544,
2026-09-20T21:57:23.536716+00:00,200,10236.046,
2026-09-20T21:57:19.114112+00:00,200,14668.014,
2026-09-20T21:57:25.529820+00:00,200,8273.904,
2026-09-20T21:57:31.771743+00:00,200,2048.534,
2026-09-20T21:57:31.202980+00:00,200,2638.849,
2026-09-20T21:57:16.101748+00:00,200,17742.769,
2026-09-20T21:57:32.448458+00:00,200,1402.042,
2026-09-20T21:57:22.788731+00:00,200,11063.621,
2026-09-20T21:57:33.656722+00:00,200,208.256,
2026-09-20T21:57:20.884394+00:00,200,12992.355,
2026-09-20T21:57:18.809380+00:00,200,15071.724,
2026-09-20T21:57:31.271991+00:00,200,2614.852,
2026-09-20T21:57:33.479740+00:00,200,437.484,
2026-09-20T21:57:30.169921+00:00,200,3755.353,
2026-09-20T21:57:30.135362+00:00,200,3802.323,
2026-09-20T21:57:20.913183+00:00,200,13039.27,
2026-09-20T21:57:31.264865+00:00,200,2691.831,
2026-09-20T21:57:31.187794+00:00,200,2771.85,
2026-09-20T21:57:19.080110+00:00,200,14882.993,
2026-09-20T21:57:16.009987+00:00,200,17964.343,
2026-09-20T21:57:33.803678+00:00,200,180.4,
2026-09-20T21:57:32.702699+00:00,200,1304.549,
2026-09-20T21:57:19.603818+00:00,200,14429.282,
2026-09-20T21:57:24.531615+00:00,200,9504.455,
2026-09-20T21:57:27.295905+00:00,200,6742.575,
2026-09-20T21:57:19.865727+00:00,200,14198.979,
2026-09-20T21:57:23.559228+00:00,200,10523.192,
2026-09-20T21:57:27.902630+00:00,200,6184.417,
2026-09-20T21:57:15.915733+00:00,200,18181.195,
2026-09-20T21:57:32.543082+00:00,200,1555.306,
2026-09-20T21:57:33.214057+00:00,200,885.873,
2026-09-20T21:57:18.679288+00:00,200,15433.272,
2026-09-20T21:57:31.145465+00:00,200,2970.994,
2026-09-20T21:57:30.314147+00:00,200,3819.508,
2026-09-20T21:57:27.884206+00:00,200,6255.095,
2026-09-20T21:57:23.218294+00:00,200,10933.436,
2026-09-20T21:57:30.301736+00:00,200,3856.978,
2026-09-20T21:57:34.007242+00:00,200,156.589,
2026-09-20T21:57:15.148962+00:00,200,19016.378,
2026-09-20T21:57:21.786167+00:00,200,12382.907,
2026-09-20T21:57:25.231268+00:00,200,8940.388,
2026-09-20T21:57:34.028496+00:00,200,151.383,
2026-09-20T21:57:15.181433+00:00,200,18999.252,
2026-09-20T21:57:17.795887+00:00,200,16400.026,
2026-09-20T21:57:33.908654+00:00,200,294.734,
2026-09-20T21:57:27.709254+00:00,200,6500.371,
2026-09-20T21:57:23.768435+00:00,200,10443.512,
2026-09-20T21:57:31.541903+00:00,200,2675.517,
2026-09-20T21:57:15.524355+00:00,200,18700.811,
2026-09-20T21:57:15.936651+00:00,200,18304.666,
2026-09-20T21:57:31.236129+00:00,200,3005.628,
2026-09-20T21:57:28.082461+00:00,200,6178.375,
2026-09-20T21:57:33.602431+00:00,200,659.029,
2026-09-20T21:57:23.016191+00:00,200,11246.665,
2026-09-20T21:57:34.112478+00:00,200,156.292,
2026-09-20T21:57:33.984079+00:00,200,286.049,
2026-09-20T21:57:33.257289+00:00,200,1021.299,
2026-09-20T21:57:32.063793+00:00,200,2240.969,
2026-09-20T21:57:18.452935+00:00,200,15853.711,
2026-09-20T21:57:31.191534+00:00,200,3120.325,
2026-09-20T21:57:27.644342+00:00,200,6702.987,
2026-09-20T21:57:34.180577+00:00,200,205.193,
2026-09-20T21:57:31.043739+00:00,200,3367.939,
2026-09-20T21:57:24.020533+00:00,200,10396.797,
2026-09-20T21:57:20.465326+00:00,200,13960.527,
2026-09-20T21:57:25.757206+00:00,200,8669.353,
2026-09-20T21:57:22.866687+00:00,200,11571.71,
2026-09-20T21:57:15.597538+00:00,200,18858.697,
2026-09-20T21:57:34.179881+00:00,200,292.856,
2026-09-20T21:57:26.222221+00:00,200,8254.299,
2026-09-20T21:57:33.240947+00:00,200,1242.517,
2026-09-20T21:57:34.241742+00:00,200,247.337,
2026-09-20T21:57:26.248271+00:00,200,8246.116,
2026-09-20T21:57:26.535862+00:00,200,7970.39,
2026-09-20T21:57:15.211598+00:00,200,19295.637,
2026-09-20T21:57:33.925255+00:00,200,597.388,
2026-09-20T21:57:34.241214+00:00,200,289.623,
2026-09-20T21:57:23.374843+00:00,200,11157.11,
2026-09-20T21:57:32.785150+00:00,200,1749.626,
2026-09-20T21:57:30.465311+00:00,200,4070.655,
2026-09-20T21:57:15.819230+00:00,200,18718.111,
2026-09-20T21:57:34.317331+00:00,200,228.186,
2026-09-20T21:57:34.268772+00:00,200,282.313,
2026-09-20T21:57:27.921062+00:00,200,6631.521,
2026-09-20T21:57:34.304752+00:00,200,249.371,
2026-09-20T21:57:34.278583+00:00,200,285.391,
2026-09-20T21:57:34.347293+00:00,200,232.635,
2026-09-20T21:57:31.081445+00:00,200,3512.504,
2026-09-20T21:57:28.261338+00:00,200,6374.78,
2026-09-20T21:57:33.935391+00:00,200,709.008,
2026-09-20T21:57:28.063543+00:00,200,6597.1,
2026-09-20T21:57:34.133634+00:00,200,528.428,
2026-09-20T21:57:15.423434+00:00,200,19240.264,
2026-09-20T21:57:20.670004+00:00,200,13999.697,
2026-09-20T21:57:34.411661+00:00,200,271.068,
2026-09-20T21:57:30.598187+00:00,200,4101.901,
2026-09-20T21:57:23.362876+00:00,200,11341.108,
2026-09-20T21:57:33.325449+00:00,200,1393.506,
2026-09-20T21:57:16.915107+00:00,200,17805.751,
2026-09-20T21:57:31.337331+00:00,200,3385.301,
2026-09-20T21:57:23.455842+00:00,200,11285.765,
2026-09-20T21:57:32.932795+00:00,200,1816.431,
2026-09-20T21:57:28.214933+00:00,200,6563.324,
2026-09-20T21:57:18.979174+00:00,200,15811.483,
2026-09-20T21:57:33.636744+00:00,200,1164.637,
2026-09-20T21:57:34.456129+00:00,200,363.282,
2026-09-20T21:57:23.888963+00:00,200,10933.605,
2026-09-20T21:57:30.642050+00:00,200,4182.69,
2026-09-20T21:57:31.364209+00:00,200,3485.692,
2026-09-20T21:57:30.430047+00:00,200,4422.134,
2026-09-20T21:57:18.559338+00:00,200,16295.164,
2026-09-20T21:57:19.216351+00:00,200,15640.52,
2026-09-20T21:57:33.426058+00:00,200,1433.218,
2026-09-20T21:57:27.606709+00:00,200,7255.163,
2026-09-20T21:57:22.802681+00:00,200,12061.892,
2026-09-20T21:57:28.307497+00:00,200,6559.84,
2026-09-20T21:57:18.876951+00:00,200,16019.507,
2026-09-20T21:57:19.676961+00:00,200,15252.023,
2026-09-20T21:57:30.609290+00:00,200,4322.622,
2026-09-20T21:57:30.647538+00:00,200,4319.157,
2026-09-20T21:57:28.073015+00:00,200,6896.783,
2026-09-20T21:57:33.193036+00:00,200,1779.923,
2026-09-20T21:57:32.180997+00:00,200,2795.225,
2026-09-20T21:57:30.358359+00:00,200,4621.18,
2026-09-20T21:57:31.367682+00:00,200,3615.257,
2026-09-20T21:57:33.395932+00:00,200,1629.76,
2026-09-20T21:57:30.320304+00:00,200,4709.054,
2026-09-20T21:57:25.678682+00:00,200,9354.534,
2026-09-20T21:57:15.655866+00:00,200,19381.344,
2026-09-20T21:57:17.024143+00:00,200,18017.012,
2026-09-20T21:57:34.188134+00:00,200,856.914,
2026-09-20T21:57:22.150379+00:00,200,12898.863,
2026-09-20T21:57:30.204590+00:00,200,4848.807,
2026-09-20T21:57:18.646730+00:00,200,16457.516,
2026-09-20T21:57:22.980821+00:00,200,12127.606,
2026-09-20T21:57:31.232502+00:00,200,3916.478,
2026-09-20T21:57:22.894844+00:00,200,12271.555,
2026-09-20T21:57:30.382560+00:00,200,4788.129,
2026-09-20T21:57:20.619756+00:00,200,14555.416,
2026-09-20T21:57:28.224232+00:00,200,6955.443,
2026-09-20T21:57:26.337443+00:00,200,8846.931,
2026-09-20T21:57:33.959630+00:00,200,1229.367,
2026-09-20T21:57:25.255196+00:00,200,9938.6,
2026-09-20T21:57:25.626409+00:00,200,9572.307,
2026-09-20T21:57:16.657615+00:00,200,18603.297,
2026-09-20T21:57:23.670599+00:00,200,11595.162,
2026-09-20T21:57:34.211889+00:00,200,1058.981,
2026-09-20T21:57:15.904289+00:00,200,19371.841,
2026-09-20T21:57:28.054065+00:00,200,7227.327,
2026-09-20T21:57:28.408332+00:00,200,6878.454,
2026-09-20T21:57:28.196179+00:00,200,7096.073,
2026-09-20T21:57:21.993071+00:00,200,13304.801,
2026-09-20T21:57:30.307974+00:00,200,4995.592,
2026-09-20T21:57:34.506209+00:00,200,865.651,
2026-09-20T21:57:31.384134+00:00,200,3999.467,
2026-09-20T21:57:20.955384+00:00,200,14434.168,
2026-09-20T21:57:20.568166+00:00,200,14827.373,
2026-09-20T21:57:33.963024+00:00,200,1438.613,
2026-09-20T21:57:33.722113+00:00,200,1685.855,
2026-09-20T21:57:31.113845+00:00,200,4300.435,
2026-09-20T21:57:30.418248+00:00,200,5002.489,
2026-09-20T21:57:30.652954+00:00,200,4774.21,
2026-09-20T21:57:26.560230+00:00,200,8873.496,
2026-09-20T21:57:30.680107+00:00,200,4841.859,
2026-09-20T21:57:27.968199+00:00,200,7560.296,
2026-09-20T21:57:30.224568+00:00,200,5310.559,
2026-09-20T21:57:18.777115+00:00,200,16764.686,
2026-09-20T21:57:23.525215+00:00,200,12023.208,
2026-09-20T21:57:30.370566+00:00,200,5184.688,
2026-09-20T21:57:26.774852+00:00,200,8787.471,
2026-09-20T21:57:21.173393+00:00,200,14396.012,
2026-09-20T21:57:30.701263+00:00,200,4875.254,
2026-09-20T21:57:15.078181+00:00,200,20505.708,
2026-09-20T21:57:34.203388+00:00,200,1387.752,
2026-09-20T21:57:33.841816+00:00,200,1756.816,
2026-09-20T21:57:31.306556+00:00,200,4397.786,
2026-09-20T21:57:32.141793+00:00,200,3570.092,
2026-09-20T21:57:33.132181+00:00,200,2587.403,
2026-09-20T21:57:33.701049+00:00,200,2026.284,
2026-09-20T21:57:24.605086+00:00,200,11130.3,
2026-09-20T21:57:34.530838+00:00,200,1212.48,
2026-09-20T21:57:33.715160+00:00,200,2036.214,
2026-09-20T21:57:20.550252+00:00,200,15209.387,
2026-09-20T21:57:32.483754+00:00,200,3284.122,
2026-09-20T21:57:31.397178+00:00,200,4379.06,
2026-09-20T21:57:31.133756+00:00,200,4650.855,
2026-09-20T21:57:28.464943+00:00,200,7327.938,
2026-09-20T21:57:31.183920+00:00,200,4617.372,
2026-09-20T21:57:31.141533+00:00,200,4668.245,
2026-09-20T21:57:33.956682+00:00,200,1861.616,
2026-09-20T21:57:30.394533+00:00,200,5432.367,
2026-09-20T21:57:22.761364+00:00,200,13074.271,
2026-09-20T21:57:17.085941+00:00,200,18758.479,
2026-09-20T21:57:15.389029+00:00,200,20494.68,
2026-09-20T21:57:33.100535+00:00,200,2877.485,
2026-09-20T21:57:30.283004+00:00,200,5704.016,
2026-09-20T21:57:33.424241+00:00,200,2571.819,
2026-09-20T21:57:30.346019+00:00,200,5659.534,
2026-09-20T21:57:31.403662+00:00,200,4612.078,
2026-09-20T21:57:15.561963+00:00,200,20464.137,
2026-09-20T21:57:33.223427+00:00,200,2811.99,
2026-09-20T21:57:28.484026+00:00,200,7560.905,
2026-09-20T21:57:33.876678+00:00,200,2177.806,
2026-09-20T21:57:20.168761+00:00,200,15895.496,
2026-09-20T21:57:30.706620+00:00,200,5367.449,
2026-09-20T21:57:32.851687+00:00,200,3232.299,
2026-09-20T21:57:34.246568+00:00,200,1847.395,
2026-09-20T21:57:15.307400+00:00,200,20796.869,
2026-09-20T21:57:31.492994+00:00,200,4621.368,
2026-09-20T21:57:23.626612+00:00,200,12497.941,
2026-09-20T21:57:28.016054+00:00,200,8118.767,
2026-09-20T21:57:30.190338+00:00,200,6094.144,
2026-09-20T21:57:30.142286+00:00,200,6152.437,
2026-09-20T21:57:20.701752+00:00,200,15603.361,
2026-09-20T21:57:16.832537+00:00,200,19483.025,
2026-09-20T21:57:31.406893+00:00,200,4919.208,
2026-09-20T21:57:23.604026+00:00,200,12732.813,
2026-09-20T21:57:26.645576+00:00,200,9701.847,
2026-09-20T21:57:31.987687+00:00,200,4370.503,
2026-09-20T21:57:20.512179+00:00,200,15857.066,
2026-09-20T21:57:24.650720+00:00,200,11729.399,
2026-09-20T21:57:20.054414+00:00,200,16336.722,
2026-09-20T21:57:30.711938+00:00,200,5690.775,
2026-09-20T21:57:32.283458+00:00,200,4130.616,
2026-09-20T21:57:30.400393+00:00,200,6025.275,
2026-09-20T21:57:28.503085+00:00,200,7934.287,
2026-09-20T21:57:30.529602+00:00,200,5919.544,
2026-09-20T21:57:20.585555+00:00,200,15875.43,
2026-09-20T21:57:25.195465+00:00,200,11277.364,
2026-09-20T21:57:32.247176+00:00,200,4237.589,
2026-09-20T21:57:30.575598+00:00,200,5921.305,
2026-09-20T21:57:31.210370+00:00,200,5298.613,
2026-09-20T21:57:31.246911+00:00,200,5274.278,
2026-09-20T21:57:31.214158+00:00,200,5319.303,
2026-09-20T21:57:31.478216+00:00,200,5067.727,
2026-09-20T21:57:15.238552+00:00,200,21477.837,
2026-09-20T21:57:27.070568+00:00,200,9696.127,
2026-09-20T21:57:33.532260+00:00,200,3246.935,
2026-09-20T21:57:28.111043+00:00,200,8680.907,
2026-09-20T21:57:34.396076+00:00,200,2408.651,
2026-09-20T21:57:30.727749+00:00,200,6089.942,
2026-09-20T21:57:28.101484+00:00,200,8729.216,
2026-09-20T21:57:28.542993+00:00,200,8300.93,
2026-09-20T21:57:31.180130+00:00,200,5676.935,
2026-09-20T21:57:28.129778+00:00,200,8740.51,
2026-09-20T21:57:33.974228+00:00,200,2909.407,
2026-09-20T21:57:33.772708+00:00,200,3124.169,
2026-09-20T21:57:17.041255+00:00,200,19869.313,
2026-09-20T21:57:19.459480+00:00,200,17464.57,
2026-09-20T21:57:31.416368+00:00,200,5521.143,
2026-09-20T21:57:27.597355+00:00,200,9353.757,
2026-09-20T21:57:17.395096+00:00,200,19569.85,
2026-09-20T21:57:20.653574+00:00,200,16324.897,
2026-09-20T21:57:28.353062+00:00,200,8639.288,
2026-09-20T21:57:28.205740+00:00,200,8800.638,
2026-09-20T21:57:30.586948+00:00,200,6433.431,
2026-09-20T21:57:27.399415+00:00,200,9634.896,
2026-09-20T21:57:33.996104+00:00,200,3052.227,
2026-09-20T21:57:25.481571+00:00,200,11580.99,
2026-09-20T21:57:30.748907+00:00,200,6327.944,
2026-09-20T21:57:15.089265+00:00,200,22001.964,
2026-09-20T21:57:31.343953+00:00,200,5857.474,
2026-09-20T21:57:30.738339+00:00,200,6486.081,
2026-09-20T21:57:27.092564+00:00,200,10154.581,
2026-09-20T21:57:34.353974+00:00,200,2916.093,
2026-09-20T21:57:25.136124+00:00,200,12149.599,
2026-09-20T21:57:34.169008+00:00,200,3132.439,
2026-09-20T21:57:22.842167+00:00,200,14482.716,
2026-09-20T21:57:32.088635+00:00,200,5251.743,
2026-09-20T21:57:34.969761+00:00,200,2401.97,
2026-09-20T21:57:35.104161+00:00,200,2291.187,
2026-09-20T21:57:34.472739+00:00,200,3122.998,
2026-09-20T21:57:33.742944+00:00,200,3867.51,
2026-09-20T21:57:28.602394+00:00,200,9245.507,
2026-09-20T21:57:28.562730+00:00,200,9322.469,
2026-09-20T21:57:34.982921+00:00,200,2947.113,
2026-09-20T21:57:35.704319+00:00,200,2470.925,
2026-09-20T21:57:34.156772+00:00,200,4117.282,
2026-09-20T21:57:30.231140+00:00,200,8065.663,
2026-09-20T21:57:30.790517+00:00,200,7702.524,
2026-09-20T21:57:36.284449+00:00,200,2354.397,
2026-09-20T21:57:27.081546+00:00,200,11571.771,
2026-09-20T21:57:34.563975+00:00,200,4395.387,
2026-09-20T21:57:34.861832+00:00,200,4119.821,
2026-09-20T21:57:26.669642+00:00,200,12334.459,
2026-09-20T21:57:34.976208+00:00,200,4050.787,
2026-09-20T21:57:24.581690+00:00,200,14468.34,
2026-09-20T21:57:17.904724+00:00,200,21160.78,
2026-09-20T21:57:31.842793+00:00,200,7253.754,
2026-09-20T21:57:32.194485+00:00,200,6925.315,
2026-09-20T21:57:31.350722+00:00,200,8060.06,
2026-09-20T21:57:15.998056+00:00,200,23471.357,
2026-09-20T21:57:15.930373+00:00,200,23553.699,
2026-09-20T21:57:17.232694+00:00,200,22310.474,
2026-09-20T21:57:20.446756+00:00,200,19178.776,
2026-09-20T21:57:22.097445+00:00,200,17551.179,
2026-09-20T21:57:29.327989+00:00,200,10335.748,
2026-09-20T21:57:35.265698+00:00,200,4449.812,
2026-09-20T21:57:35.541711+00:00,200,4357.894,
2026-09-20T21:57:35.743313+00:00,200,4174.36,
2026-09-20T21:57:34.579930+00:00,200,5428.266,
2026-09-20T21:57:31.862339+00:00,200,8162.778,
2026-09-20T21:57:27.634895+00:00,200,12580.085,
2026-09-20T21:57:36.336768+00:00,200,3891.527,
2026-09-20T21:57:31.432712+00:00,200,8874.25,
2026-09-20T21:57:16.979652+00:00,200,23339.383,
2026-09-20T21:57:38.861474+00:00,200,1489.229,
2026-09-20T21:57:31.547650+00:00,200,8859.184,
2026-09-20T21:57:17.108196+00:00,200,23306.365,
2026-09-20T21:57:35.286748+00:00,200,5139.204,
2026-09-20T21:57:31.410046+00:00,200,9034.499,
2026-09-20T21:57:16.563819+00:00,200,23940.675,
2026-09-20T21:57:22.071476+00:00,200,18444.017,
2026-09-20T21:57:32.651352+00:00,200,7895.351,
2026-09-20T21:57:39.308434+00:00,200,1311.83,
2026-09-20T21:57:34.438333+00:00,200,6199.977,
2026-09-20T21:57:33.886830+00:00,200,6790.188,
2026-09-20T21:57:16.582449+00:00,200,24100.743,
2026-09-20T21:57:35.591134+00:00,200,5157.111,
2026-09-20T21:57:30.806074+00:00,200,10024.991,
2026-09-20T21:57:25.076127+00:00,200,15761.906,
2026-09-20T21:57:31.035205+00:00,200,9809.817,
2026-09-20T21:57:35.801267+00:00,200,5070.383,
2026-09-20T21:57:17.640132+00:00,200,23243.349,
2026-09-20T21:57:30.086918+00:00,200,10804.064,
2026-09-20T21:57:35.188992+00:00,200,5718.916,
2026-09-20T21:57:36.414052+00:00,200,4517.186,
2026-09-20T21:57:38.906870+00:00,200,2029.193,
2026-09-20T21:57:29.501364+00:00,200,11442.043,
2026-09-20T21:57:28.371384+00:00,200,12599.534,
2026-09-20T21:57:30.149129+00:00,200,10897.704,
2026-09-20T21:57:33.302874+00:00,200,7770.852,
2026-09-20T21:57:34.098381+00:00,200,6981.128,
2026-09-20T21:57:40.638276+00:00,200,466.114,
2026-09-20T21:57:15.766997+00:00,200,25359.54,
2026-09-20T21:57:31.354136+00:00,200,9775.919,
2026-09-20T21:57:23.051684+00:00,200,18097.696,
2026-09-20T21:57:29.429855+00:00,200,11724.451,
2026-09-20T21:57:30.058504+00:00,200,11109.566,
2026-09-20T21:57:30.620261+00:00,200,10570.785,
2026-09-20T21:57:27.178996+00:00,200,14066.45,
2026-09-20T21:57:35.605801+00:00,200,5664.718,
2026-09-20T21:57:35.407960+00:00,200,5880.107,
2026-09-20T21:57:27.275108+00:00,200,14017.721,
2026-09-20T21:57:35.860957+00:00,200,5466.804,
2026-09-20T21:57:27.419719+00:00,200,13918.496,
2026-09-20T21:57:35.202905+00:00,200,6175.074,
2026-09-20T21:57:30.625714+00:00,200,10756.152,
2026-09-20T21:57:36.508954+00:00,200,4888.114,
2026-09-20T21:57:27.136054+00:00,200,14262.498,
2026-09-20T21:57:36.305027+00:00,200,5106.71,
2026-09-20T21:57:16.144785+00:00,200,25285.167,
2026-09-20T21:57:31.333923+00:00,200,10108.557,
2026-09-20T21:57:40.620259+00:00,200,827.922,
2026-09-20T21:57:30.552758+00:00,200,10915.811,
2026-09-20T21:57:36.779179+00:00,200,4704.235,
2026-09-20T21:57:34.217407+00:00,200,7274.178,
2026-09-20T21:57:23.490843+00:00,200,18027.279,
2026-09-20T21:57:35.045046+00:00,200,6475.8,
2026-09-20T21:57:36.870240+00:00,200,4683.936,
2026-09-20T21:57:30.406509+00:00,200,11157.323,
2026-09-20T21:57:40.251241+00:00,200,1317.006,
2026-09-20T21:57:33.711789+00:00,200,7868.548,
2026-09-20T21:57:36.358166+00:00,200,5225.913,
2026-09-20T21:57:30.163078+00:00,200,11450.946,
2026-09-20T21:57:24.788657+00:00,200,16841.678,
2026-09-20T21:57:25.965064+00:00,200,15671.679,
2026-09-20T21:57:30.861215+00:00,200,10787.52,
2026-09-20T21:57:34.801376+00:00,200,6855.86,
2026-09-20T21:57:30.669278+00:00,200,10994.051,
2026-09-20T21:57:36.472767+00:00,200,5208.703,
2026-09-20T21:57:32.979282+00:00,200,8704.157,
2026-09-20T21:57:29.669709+00:00,200,12016.608,
2026-09-20T21:57:36.597052+00:00,200,5103.644,
2026-09-20T21:57:41.468509+00:00,200,242.068,
2026-09-20T21:57:30.983262+00:00,200,10761.122,
2026-09-20T21:57:18.127860+00:00,200,23620.248,
2026-09-20T21:57:37.640599+00:00,200,4112.055,
2026-09-20T21:57:41.218616+00:00,200,536.007,
2026-09-20T21:57:39.049952+00:00,200,2764.852,
2026-09-20T21:57:29.836398+00:00,200,11980.089,
2026-09-20T21:57:31.085602+00:00,200,10741.133,
2026-09-20T21:57:37.034257+00:00,200,4818.41,
2026-09-20T21:57:37.974846+00:00,200,3891.214,
2026-09-20T21:57:35.844314+00:00,200,6045.943,
2026-09-20T21:57:28.288984+00:00,200,13605.549,
2026-09-20T21:57:29.653223+00:00,200,12246.299,
2026-09-20T21:57:37.699171+00:00,200,4206.893,
2026-09-20T21:57:34.531893+00:00,200,7383.516,
2026-09-20T21:57:38.175232+00:00,200,3743.24,
2026-09-20T21:57:40.997301+00:00,200,923.685,
2026-09-20T21:57:36.054474+00:00,200,5869.032,
2026-09-20T21:57:37.120648+00:00,200,4808.816,
2026-09-20T21:57:29.813251+00:00,200,12120.71,
2026-09-20T21:57:27.449897+00:00,200,14485.187,
2026-09-20T21:57:18.912487+00:00,200,23032.921,
2026-09-20T21:57:30.846471+00:00,200,11100.762,
2026-09-20T21:57:35.041053+00:00,200,6923.06,
2026-09-20T21:57:27.037383+00:00,200,14933.924,
2026-09-20T21:57:36.391044+00:00,200,5605.856,
2026-09-20T21:57:40.260539+00:00,200,1743.127,
2026-09-20T21:57:38.243683+00:00,200,3764.54,
2026-09-20T21:57:31.030989+00:00,200,10980.542,
2026-09-20T21:57:29.896861+00:00,200,12115.546,
2026-09-20T21:57:33.507489+00:00,200,8513.984,
2026-09-20T21:57:35.719571+00:00,200,6311.066,
2026-09-20T21:57:29.365710+00:00,200,12666.47,
2026-09-20T21:57:36.992302+00:00,200,5061.055,
2026-09-20T21:57:27.015018+00:00,200,15038.945,
2026-09-20T21:57:40.819126+00:00,200,1236.057,
2026-09-20T21:57:41.140908+00:00,200,916.73,
2026-09-20T21:57:15.639760+00:00,200,26421.005,
2026-09-20T21:57:22.045159+00:00,200,20022.762,
2026-09-20T21:57:29.970316+00:00,200,12103.51,
2026-09-20T21:57:41.920983+00:00,200,158.203,
2026-09-20T21:57:30.754093+00:00,200,11329.695,
2026-09-20T21:57:32.218683+00:00,200,9878.498,
2026-09-20T21:57:33.820267+00:00,200,8282.288,
2026-09-20T21:57:37.967391+00:00,200,4136.307,
2026-09-20T21:57:35.442489+00:00,200,6663.702,
2026-09-20T21:57:35.303539+00:00,200,6806.83,
2026-09-20T21:57:35.166334+00:00,200,6951.559,
2026-09-20T21:57:30.079933+00:00,200,12066.132,
2026-09-20T21:57:34.116444+00:00,200,8069.554,
2026-09-20T21:57:38.884128+00:00,200,3304.547,
2026-09-20T21:57:39.942939+00:00,200,2264.124,
2026-09-20T21:57:22.604793+00:00,200,19620.687,
2026-09-20T21:57:16.286928+00:00,200,25945.881,
2026-09-20T21:57:30.722420+00:00,200,11526.135,
2026-09-20T21:57:27.489590+00:00,200,14765.782,
2026-09-20T21:57:15.285452+00:00,200,26988.684,
2026-09-20T21:57:15.836311+00:00,200,26438.484,
2026-09-20T21:57:18.614189+00:00,200,23667.467,
2026-09-20T21:57:30.447518+00:00,200,11835.422,
2026-09-20T21:57:40.883348+00:00,200,1409.901,
2026-09-20T21:57:39.543041+00:00,200,2756.843,
2026-09-20T21:57:39.337919+00:00,200,2963.538,
2026-09-20T21:57:42.117855+00:00,200,184.766,
2026-09-20T21:57:30.494840+00:00,200,11811.637,
2026-09-20T21:57:29.028177+00:00,200,13281.21,
2026-09-20T21:57:30.866066+00:00,200,11446.861,
2026-09-20T21:57:42.145998+00:00,200,168.574,
2026-09-20T21:57:36.603284+00:00,200,5722.6,
2026-09-20T21:57:41.810257+00:00,200,518.583,
2026-09-20T21:57:37.706739+00:00,200,4645.058,
2026-09-20T21:57:39.119762+00:00,200,3233.808,
2026-09-20T21:57:22.176793+00:00,200,20183.991,
2026-09-20T21:57:29.203568+00:00,200,13167.12,
2026-09-20T21:57:39.625428+00:00,200,2748.516,
2026-09-20T21:57:38.448744+00:00,200,3930.662,
2026-09-20T21:57:37.510210+00:00,200,4880.447,
2026-09-20T21:57:29.726340+00:00,200,12679.169,
2026-09-20T21:57:40.306912+00:00,200,2111.501,
2026-09-20T21:57:42.248491+00:00,200,172.734,
2026-09-20T21:57:21.638115+00:00,200,20787.486,
2026-09-20T21:57:42.281527+00:00,200,169.718,
2026-09-20T21:57:34.741547+00:00,200,7720.018,
2026-09-20T21:57:39.550675+00:00,200,2924.985,
2026-09-20T21:57:36.124485+00:00,200,6389.044,
2026-09-20T21:57:24.497548+00:00,200,18068.459,
2026-09-20T21:57:27.568913+00:00,200,14998.486,
2026-09-20T21:57:34.151671+00:00,200,8449.286,
2026-09-20T21:57:34.718949+00:00,200,7899.616,
2026-09-20T21:57:35.562277+00:00,200,7077.516,
2026-09-20T21:57:32.412982+00:00,200,10267.717,
2026-09-20T21:57:35.978006+00:00,200,6718.816,
2026-09-20T21:57:30.663717+00:00,200,12034.063,
2026-09-20T21:57:29.702379+00:00,200,12996.412,
2026-09-20T21:57:16.074074+00:00,200,26625.916,
2026-09-20T21:57:35.735326+00:00,200,6965.734,
2026-09-20T21:57:42.067811+00:00,200,634.554,
2026-09-20T21:57:38.478321+00:00,200,4225.393,
2026-09-20T21:57:15.366800+00:00,200,27338.515,
2026-09-20T21:57:17.849427+00:00,200,24857.416,
2026-09-20T21:57:24.968516+00:00,200,17739.947,
2026-09-20T21:57:32.024383+00:00,200,10685.697,
2026-09-20T21:57:25.578247+00:00,200,17133.61,
2026-09-20T21:57:39.096507+00:00,200,3642.226,
2026-09-20T21:57:38.296758+00:00,200,4443.991,
2026-09-20T21:57:35.521941+00:00,200,7220.94,
2026-09-20T21:57:25.705608+00:00,200,17039.485,
2026-09-20T21:57:32.800285+00:00,200,9947.039,
2026-09-20T21:57:23.206460+00:00,200,19553.961,
2026-09-20T21:57:16.333352+00:00,200,26441.839,
2026-09-20T21:57:41.816420+00:00,200,967.56,
2026-09-20T21:57:16.498152+00:00,200,26288.532,
2026-09-20T21:57:21.455265+00:00,200,21333.974,
2026-09-20T21:57:21.200201+00:00,200,21591.69,
2026-09-20T21:57:31.629113+00:00,200,11199.393,
2026-09-20T21:57:39.565622+00:00,200,3302.618,
2026-09-20T21:57:30.875649+00:00,200,11995.617,
2026-09-20T21:57:41.411710+00:00,200,1462.465,
2026-09-20T21:57:35.414257+00:00,200,7505.384,
2026-09-20T21:57:19.012441+00:00,200,23910.484,
2026-09-20T21:57:39.917651+00:00,200,3008.504,
2026-09-20T21:57:36.484742+00:00,200,6444.88,
2026-09-20T21:57:29.402519+00:00,200,13530.722,
2026-09-20T21:57:34.064627+00:00,200,8872.248,
2026-09-20T21:57:36.044890+00:00,200,6895.736,
2026-09-20T21:57:42.057634+00:00,200,943.13,
2026-09-20T21:57:20.636567+00:00,200,22368.308,
2026-09-20T21:57:41.971223+00:00,200,1037.579,
2026-09-20T21:57:30.364481+00:00,200,12648.485,
2026-09-20T21:57:24.765564+00:00,200,18251.611,
2026-09-20T21:57:37.371719+00:00,200,5649.758,
2026-09-20T21:57:39.948990+00:00,200,3076.949,
2026-09-20T21:57:30.100793+00:00,200,12929.783,
2026-09-20T21:57:31.390696+00:00,200,11644.555,
2026-09-20T21:57:30.856449+00:00,200,12183.597,
2026-09-20T21:57:29.734257+00:00,200,13310.687,
2026-09-20T21:57:37.766559+00:00,200,5283.411,
2026-09-20T21:57:19.941092+00:00,200,23123.244,
2026-09-20T21:57:30.471306+00:00,200,12629.446,
2026-09-20T21:57:15.393397+00:00,200,27746.066,
2026-09-20T21:57:36.326075+00:00,200,6818.867,
2026-09-20T21:57:35.883593+00:00,200,7267.07,
2026-09-20T21:57:22.692334+00:00,200,20464.186,
2026-09-20T21:57:42.284937+00:00,200,877.425,
2026-09-20T21:57:29.510117+00:00,200,13658.286,
2026-09-20T21:57:36.578072+00:00,200,6676.358,
2026-09-20T21:57:30.257369+00:00,200,13003.23,
2026-09-20T21:57:21.706836+00:00,200,21649.438,
2026-09-20T21:57:34.979515+00:00,200,8382.931,
2026-09-20T21:57:30.263773+00:00,200,13105.12,
2026-09-20T21:57:30.121402+00:00,200,13254.045,
2026-09-20T21:57:35.389472+00:00,200,7992.477,
2026-09-20T21:57:42.097125+00:00,200,1291.563,
2026-09-20T21:57:26.375278+00:00,200,17020.26,
2026-09-20T21:57:35.175092+00:00,200,8227.374,
2026-09-20T21:57:27.211040+00:00,200,16198.513,
2026-09-20T21:57:20.093294+00:00,200,23323.481,
2026-09-20T21:57:29.805592+00:00,200,13618.519,
2026-09-20T21:57:30.836590+00:00,200,12594.991,
2026-09-20T21:57:42.160075+00:00,200,1279.049,
2026-09-20T21:57:27.200462+00:00,200,16246.408,
2026-09-20T21:57:33.782048+00:00,200,9672.517,
2026-09-20T21:57:33.441694+00:00,200,10020.81,
2026-09-20T21:57:34.522642+00:00,200,8947.798,
2026-09-20T21:57:19.902962+00:00,200,23575.641,
2026-09-20T21:57:35.548356+00:00,200,7938.278,
2026-09-20T21:57:42.224790+00:00,200,1270.124,
2026-09-20T21:57:35.576491+00:00,200,7926.774,
2026-09-20T21:57:37.419504+00:00,200,6214.598,
2026-09-20T21:57:18.520195+00:00,200,25122.654,
2026-09-20T21:57:29.527190+00:00,200,14124.363,
2026-09-20T21:57:40.367535+00:00,200,3292.885,
2026-09-20T21:57:15.687874+00:00,200,27981.624,
2026-09-20T21:57:38.981631+00:00,200,4696.842,
2026-09-20T21:57:25.171522+00:00,200,18516.269,
2026-09-20T21:57:32.422657+00:00,200,11274.362,
2026-09-20T21:57:28.034954+00:00,200,15671.469,
2026-09-20T21:57:35.569326+00:00,200,8146.545,
2026-09-20T21:57:42.351772+00:00,200,1373.796,
2026-09-20T21:57:42.405438+00:00,200,1424.784,
2026-09-20T21:57:42.475646+00:00,200,1369.289,
2026-09-20T21:57:15.892911+00:00,200,27986.764,
2026-09-20T21:57:28.167649+00:00,200,15721.818,
2026-09-20T21:57:39.985772+00:00,200,3913.788,
2026-09-20T21:57:29.057888+00:00,200,14852.087,
2026-09-20T21:57:16.676382+00:00,200,27243.917,
2026-09-20T21:57:16.463872+00:00,200,27466.796,
2026-09-20T21:57:38.891716+00:00,200,5049.349,
2026-09-20T21:57:40.546660+00:00,200,3405.075,
2026-09-20T21:57:38.034543+00:00,200,5927.996,
2026-09-20T21:57:23.548155+00:00,200,20520.509,
2026-09-20T21:57:36.159784+00:00,200,7985.937,
2026-09-20T21:57:36.571848+00:00,200,7584.638,
2026-09-20T21:57:42.565907+00:00,200,1601.502,
2026-09-20T21:57:42.021425+00:00,200,2157.001,
2026-09-20T21:57:33.454419+00:00,200,10735.367,
2026-09-20T21:57:35.851891+00:00,200,8349.215,
2026-09-20T21:57:37.150071+00:00,200,7062.53,
2026-09-20T21:57:22.389671+00:00,200,21834.562,
2026-09-20T21:57:41.220677+00:00,200,3014.921,
2026-09-20T21:57:27.911846+00:00,200,16335.356,
2026-09-20T21:57:35.759555+00:00,200,8499.422,
2026-09-20T21:57:27.828769+00:00,200,16442.001,
2026-09-20T21:57:42.439097+00:00,200,1843.434,
2026-09-20T21:57:22.956270+00:00,200,21338.293,
2026-09-20T21:57:26.029881+00:00,200,18276.591,
2026-09-20T21:57:34.669624+00:00,200,9648.84,
2026-09-20T21:57:15.408529+00:00,200,28922.248,
2026-09-20T21:57:42.696785+00:00,200,1646.148,
2026-09-20T21:57:23.253586+00:00,200,21101.813,
2026-09-20T21:57:40.504358+00:00,200,3863.453,
2026-09-20T21:57:30.658274+00:00,200,13722.217,
2026-09-20T21:57:29.766169+00:00,200,14627.022,
2026-09-20T21:57:29.384316+00:00,200,15021.624,
2026-09-20T21:57:37.773958+00:00,200,6644.859,
2026-09-20T21:57:41.710577+00:00,200,2721.309,
2026-09-20T21:57:21.575369+00:00,200,22869.998,
2026-09-20T21:57:36.533433+00:00,200,7925.193,
2026-09-20T21:57:41.752633+00:00,200,2719.371,
2026-09-20T21:57:30.014468+00:00,200,14471.286,
2026-09-20T21:57:19.828591+00:00,200,24670.944,
2026-09-20T21:57:37.494416+00:00,200,7018.919,
2026-09-20T21:57:16.533426+00:00,200,27994.03,
2026-09-20T21:57:28.702407+00:00,200,15839.074,
2026-09-20T21:57:15.029000+00:00,200,29526.763,
2026-09-20T21:57:38.470853+00:00,200,6248.773,
2026-09-20T21:57:30.690832+00:00,200,14043.062,
2026-09-20T21:57:42.639754+00:00,200,2137.19,
2026-09-20T21:57:42.705159+00:00,200,2086.208,
2026-09-20T21:57:41.455136+00:00,200,3365.292,
2026-09-20T21:57:30.388622+00:00,200,14446.594,
2026-09-20T21:57:27.368719+00:00,200,17481.075,
2026-09-20T21:57:28.025549+00:00,200,16838.914,
2026-09-20T21:57:40.626342+00:00,200,4253.076,
2026-09-20T21:57:28.446132+00:00,200,16448.386,
2026-09-20T21:57:31.995345+00:00,200,12914.271,
2026-09-20T21:57:37.324804+00:00,200,7600.07,
2026-09-20T21:57:27.439929+00:00,200,17500.401,
2026-09-20T21:57:15.191507+00:00,200,29764.312,
2026-09-20T21:57:37.930019+00:00,200,7041.24,
2026-09-20T21:57:40.444495+00:00,200,4542.345,
2026-09-20T21:57:31.073051+00:00,200,13929.734,
2026-09-20T21:57:31.591277+00:00,200,13427.305,
2026-09-20T21:57:21.547500+00:00,200,23487.084,
2026-09-20T21:57:42.008203+00:00,200,3042.152,
2026-09-20T21:57:38.441255+00:00,200,6625.273,
2026-09-20T21:57:27.157448+00:00,200,17925.328,
2026-09-20T21:57:28.158205+00:00,200,16940.914,
2026-09-20T21:57:38.205821+00:00,200,6909.614,
2026-09-20T21:57:31.644540+00:00,200,13487.577,
2026-09-20T21:57:35.025685+00:00,200,10122.969,
2026-09-20T21:57:18.185077+00:00,200,26980.415,
2026-09-20T21:57:29.694187+00:00,200,15488.177,
2026-09-20T21:57:17.563726+00:00,200,27635.829,
2026-09-20T21:57:24.673440+00:00,200,20543.214,
2026-09-20T21:57:30.453478+00:00,200,14780.489,
2026-09-20T21:57:42.524361+00:00,200,2727.38,
2026-09-20T21:57:33.292503+00:00,200,11977.187,
2026-09-20T21:57:40.623335+00:00,200,4664.244,
2026-09-20T21:57:22.881575+00:00,200,22424.088,
2026-09-20T21:57:36.830651+00:00,200,8493.227,
2026-09-20T21:57:42.507908+00:00,200,2834.151,
2026-09-20T21:57:41.049424+00:00,200,4311.082,
2026-09-20T21:57:35.420710+00:00,200,9958.255,
2026-09-20T21:57:19.424181+00:00,200,25973.418,
2026-09-20T21:57:30.696000+00:00,200,14720.178,
2026-09-20T21:57:34.722614+00:00,200,10899.358,
2026-09-20T21:57:22.854419+00:00,200,22834.618,
2026-09-20T21:57:42.328840+00:00,200,3407.022,
2026-09-20T21:57:41.299035+00:00,200,4455.726,
2026-09-20T21:57:29.393460+00:00,200,16380.119,
2026-09-20T21:57:19.567564+00:00,200,26224.77,
2026-09-20T21:57:27.681472+00:00,200,18129.561,
2026-09-20T21:57:41.130000+00:00,200,4699.666,
2026-09-20T21:57:31.958975+00:00,200,13889.471,
2026-09-20T21:57:35.986989+00:00,200,9880.48,
2026-09-20T21:57:37.020343+00:00,200,8866.429,
2026-09-20T21:57:21.362052+00:00,200,24544.016,
2026-09-20T21:57:38.190623+00:00,200,7734.697,
2026-09-20T21:57:41.659540+00:00,200,4285.241,
2026-09-20T21:57:41.759497+00:00,200,4204.714,
2026-09-20T21:57:29.484151+00:00,200,16499.774,
2026-09-20T21:57:40.707680+00:00,200,5296.072,
2026-09-20T21:57:40.831009+00:00,200,5192.571,
2026-09-20T21:57:29.718336+00:00,200,16325.252,
2026-09-20T21:57:28.252131+00:00,200,17811.615,
2026-09-20T21:57:29.577930+00:00,200,16505.877,
2026-09-20T21:57:40.557450+00:00,200,5546.767,
2026-09-20T21:57:36.857034+00:00,200,9267.665,
2026-09-20T21:57:34.778222+00:00,200,11367.064,
2026-09-20T21:57:22.323943+00:00,200,23842.127,
2026-09-20T21:57:26.832781+00:00,200,19354.175,
2026-09-20T21:57:36.521161+00:00,200,9686.725,
2026-09-20T21:57:39.899582+00:00,200,6329.224,
2026-09-20T21:57:31.960921+00:00,200,14289.094,
2026-09-20T21:57:39.315917+00:00,200,6955.522,
2026-09-20T21:57:33.262556+00:00,200,13030.855,
2026-09-20T21:57:38.027097+00:00,200,8288.117,
2026-09-20T21:57:34.473669+00:00,200,11863.527,
2026-09-20T21:57:30.114465+00:00,200,16244.787,
2026-09-20T21:57:34.849882+00:00,200,11531.525,
2026-09-20T21:57:36.843877+00:00,200,9949.046,
2026-09-20T21:57:42.874168+00:00,200,3984.818,
2026-09-20T21:57:42.922794+00:00,200,3958.416,
2026-09-20T21:57:32.279822+00:00,200,14623.602,
2026-09-20T21:57:33.330744+00:00,200,13594.915,
2026-09-20T21:57:32.779740+00:00,200,14168.416,
2026-09-20T21:57:42.073758+00:00,200,4896.771,
2026-09-20T21:57:41.899454+00:00,200,5093.725,
2026-09-20T21:57:19.148715+00:00,200,27867.38,
2026-09-20T21:57:29.774117+00:00,200,17264.676,
2026-09-20T21:57:16.397094+00:00,200,30664.711,
2026-09-20T21:57:30.918312+00:00,200,16166.481,
2026-09-20T21:57:34.426515+00:00,200,12681.011,
2026-09-20T21:57:16.551366+00:00,200,30579.267,
2026-09-20T21:57:33.664383+00:00,200,13489.084,
2026-09-20T21:57:17.691428+00:00,200,29485.204,
2026-09-20T21:57:35.037100+00:00,200,12162.75,
2026-09-20T21:57:25.913188+00:00,200,21310.218,
2026-09-20T21:57:36.449114+00:00,200,10797.775,
2026-09-20T21:57:30.880328+00:00,200,16390.323,
2026-09-20T21:57:22.296928+00:00,200,24997.784,
2026-09-20T21:57:30.927788+00:00,200,16391.058,
2026-09-20T21:57:36.093955+00:00,200,11249.212,
2026-09-20T21:57:34.700066+00:00,200,12667.298,
2026-09-20T21:57:35.148960+00:00,200,12242.796,
2026-09-20T21:57:15.797446+00:00,200,31618.642,
2026-09-20T21:57:42.110332+00:00,200,5329.911,
2026-09-20T21:57:43.049942+00:00,200,4414.735,
2026-09-20T21:57:33.660637+00:00,200,13828.678,
2026-09-20T21:57:17.442472+00:00,200,30071.666,
2026-09-20T21:57:31.426292+00:00,200,16112.421,
2026-09-20T21:57:43.064206+00:00,200,4830.936,
2026-09-20T21:57:30.785256+00:00,200,17142.4,
2026-09-20T21:57:26.004036+00:00,200,21996.227,
2026-09-20T21:57:42.011469+00:00,200,6862.122,
2026-09-20T21:57:30.923032+00:00,200,18000.509,
2026-09-20T21:57:34.896372+00:00,200,14044.928,
2026-09-20T21:57:40.130952+00:00,200,8844.974,
2026-09-20T21:57:39.483938+00:00,200,9509.268,
2026-09-20T21:57:30.743663+00:00,200,18415.202,
2026-09-20T21:57:28.522815+00:00,200,20811.195,
2026-09-20T21:57:18.343513+00:00,200,31033.216,
2026-09-20T21:57:31.484267+00:00,200,17950.623,
2026-09-20T21:57:42.309313+00:00,200,7142.77,
2026-09-20T21:57:34.033023+00:00,200,15530.76,
2026-09-20T21:57:37.751839+00:00,200,11823.689,
2026-09-20T21:57:34.533580+00:00,200,15049.926,
2026-09-20T21:57:41.754622+00:00,200,7902.852,
2026-09-20T21:57:24.292761+00:00,200,25387.749,
2026-09-20T21:57:34.779598+00:00,200,14916.416,
2026-09-20T21:57:29.644850+00:00,200,20074.52,
2026-09-20T21:57:15.747793+00:00,200,33979.415,
2026-09-20T21:57:47.464653+00:00,200,2270.107,
2026-09-20T21:57:30.908952+00:00,200,18858.261,
2026-09-20T21:57:30.547002+00:00,200,19236.434,
2026-09-20T21:57:40.515391+00:00,200,9300.616,
2026-09-20T21:57:31.299659+00:00,200,18585.473,
2026-09-20T21:57:16.413487+00:00,200,33506.837,
2026-09-20T21:57:34.662061+00:00,200,15271.725,
2026-09-20T21:57:42.828444+00:00,200,7135.603,
2026-09-20T21:57:41.426269+00:00,200,8574.632,
2026-09-20T21:57:16.170167+00:00,200,33840.647,
2026-09-20T21:57:25.861335+00:00,200,24235.992,
2026-09-20T21:57:49.333893+00:00,200,832.735,
2026-09-20T21:57:15.244067+00:00,200,34988.586,
2026-09-20T21:57:30.614787+00:00,200,19661.449,
2026-09-20T21:57:34.286875+00:00,200,16035.758,
2026-09-20T21:57:37.113282+00:00,200,13232.308,
2026-09-20T21:57:22.968620+00:00,200,27381.653,
2026-09-20T21:57:33.006991+00:00,200,17395.757,
2026-09-20T21:57:47.564080+00:00,200,2849.305,
2026-09-20T21:57:41.613960+00:00,200,8803.666,
2026-09-20T21:57:41.098631+00:00,200,9363.811,
2026-09-20T21:57:27.469767+00:00,200,23003.419,
2026-09-20T21:57:35.445894+00:00,200,15031.55,
2026-09-20T21:57:41.429808+00:00,200,9051.902,
2026-09-20T21:57:43.100681+00:00,200,7392.193,
2026-09-20T21:57:30.964801+00:00,200,19539.023,
2026-09-20T21:57:34.720757+00:00,200,15789.707,
2026-09-20T21:57:36.149017+00:00,200,14425.463,
2026-09-20T21:57:30.913607+00:00,200,19669.261,
2026-09-20T21:57:29.661529+00:00,200,20975.327,
2026-09-20T21:57:37.076816+00:00,200,13564.406,
2026-09-20T21:57:34.082363+00:00,200,16591.227,
2026-09-20T21:57:32.082440+00:00,200,18595.498,
2026-09-20T21:57:27.700031+00:00,200,22982.305,
2026-09-20T21:57:42.791769+00:00,200,7982.662,
2026-09-20T21:57:42.786535+00:00,200,8067.708,
2026-09-20T21:57:37.997258+00:00,200,12872.878,
2026-09-20T21:57:19.495235+00:00,200,31385.67,
2026-09-20T21:57:42.188658+00:00,200,8756.165,
2026-09-20T21:57:41.993219+00:00,200,8956.51,
2026-09-20T21:57:33.864979+00:00,200,17098.829,
2026-09-20T21:57:25.835455+00:00,200,25131.666,
2026-09-20T21:57:47.652184+00:00,200,3319.665,
2026-09-20T21:57:28.298216+00:00,200,22677.114,
2026-09-20T21:57:31.164705+00:00,200,19813.994,
2026-09-20T21:57:27.048427+00:00,200,23951.314,
2026-09-20T21:57:34.931888+00:00,200,16079.557,
2026-09-20T21:57:30.894644+00:00,200,20126.763,
2026-09-20T21:57:25.602307+00:00,200,25425.653,
2026-09-20T21:57:29.636599+00:00,200,21397.726,
2026-09-20T21:57:41.945283+00:00,200,9092.242,
2026-09-20T21:57:29.911630+00:00,200,21141.9,
2026-09-20T21:57:36.460897+00:00,200,14601.768,
2026-09-20T21:57:40.837944+00:00,200,10252.721,
2026-09-20T21:57:39.954914+00:00,200,11151.516,
2026-09-20T21:57:43.053786+00:00,200,8087.974,
2026-09-20T21:57:32.358148+00:00,200,18838.337,
2026-09-20T21:57:39.410738+00:00,200,11804.127,
2026-09-20T21:57:18.043193+00:00,200,33198.807,
2026-09-20T21:57:17.665749+00:00,200,33592.249,
2026-09-20T21:57:42.871198+00:00,200,8415.32,
2026-09-20T21:57:43.844929+00:00,200,7466.166,
2026-09-20T21:57:34.495539+00:00,200,16817.947,
2026-09-20T21:57:33.724412+00:00,200,17619.938,
2026-09-20T21:57:41.929438+00:00,200,9418.93,
2026-09-20T21:57:50.097192+00:00,200,1262.424,
2026-09-20T21:57:37.467033+00:00,200,13896.755,
2026-09-20T21:57:47.840921+00:00,200,3532.561,
2026-09-20T21:57:28.682437+00:00,200,22695.675,
2026-09-20T21:57:29.261444+00:00,200,22130.164,
2026-09-20T21:57:31.387446+00:00,200,20009.212,
2026-09-20T21:57:43.168326+00:00,200,8235.23,
2026-09-20T21:57:38.019641+00:00,200,13387.095,
2026-09-20T21:57:43.388683+00:00,200,8020.079,
2026-09-20T21:57:44.178416+00:00,200,7240.712,
2026-09-20T21:57:43.402421+00:00,200,8031.141,
2026-09-20T21:57:42.940587+00:00,200,8495.012,
2026-09-20T21:57:43.000763+00:00,200,8450.623,
2026-09-20T21:57:42.056770+00:00,200,9419.44,
2026-09-20T21:57:28.044403+00:00,200,23450.21,
2026-09-20T21:57:44.776934+00:00,200,6719.552,
2026-09-20T21:57:36.437328+00:00,200,15100.039,
2026-09-20T21:57:42.060614+00:00,200,9485.592,
2026-09-20T21:57:29.439610+00:00,200,22120.847,
2026-09-20T21:57:41.866040+00:00,200,9715.234,
2026-09-20T21:57:44.201060+00:00,200,7399.986,
2026-09-20T21:57:45.735844+00:00,200,5873.787,
2026-09-20T21:57:30.244400+00:00,200,21376.806,
2026-09-20T21:57:41.442423+00:00,200,10180.631,
2026-09-20T21:57:24.944498+00:00,200,26728.99,
2026-09-20T21:57:43.930511+00:00,200,7755.645,
2026-09-20T21:57:46.858965+00:00,200,4839.152,
2026-09-20T21:57:36.951060+00:00,200,14781.969,
2026-09-20T21:57:31.254117+00:00,200,20480.897,
2026-09-20T21:57:51.494480+00:00,200,259.4,
2026-09-20T21:57:43.920144+00:00,200,7839.75,
2026-09-20T21:57:33.882343+00:00,200,17881.665,
2026-09-20T21:57:43.470390+00:00,200,8297.627,
2026-09-20T21:57:50.143927+00:00,200,1631.226,
2026-09-20T21:57:44.971221+00:00,200,6817.779,
2026-09-20T21:57:44.330612+00:00,200,7469.74,
2026-09-20T21:57:46.903342+00:00,200,4906.893,
2026-09-20T21:57:51.287851+00:00,200,546.481,
2026-09-20T21:57:47.862668+00:00,200,4002.977,
2026-09-20T21:57:44.955649+00:00,200,6925.454,
2026-09-20T21:57:23.039938+00:00,200,28850.358,
2026-09-20T21:57:33.155388+00:00,200,18741.885,
2026-09-20T21:57:40.676981+00:00,200,11226.263,
2026-09-20T21:57:41.967513+00:00,200,9937.752,
2026-09-20T21:57:27.578453+00:00,200,24348.822,
2026-09-20T21:57:51.164229+00:00,200,777.899,
2026-09-20T21:57:40.550576+00:00,200,11416.598,
2026-09-20T21:57:43.356159+00:00,200,8630.833,
2026-09-20T21:57:42.698718+00:00,200,9292.339,
2026-09-20T21:57:33.805787+00:00,200,18196.809,
2026-09-20T21:57:46.003723+00:00,200,6011.145,
2026-09-20T21:57:17.255370+00:00,200,34763.755,
2026-09-20T21:57:18.099302+00:00,200,33926.805,
2026-09-20T21:57:41.683391+00:00,200,10376.223,
2026-09-20T21:57:27.520914+00:00,200,24552.128,
2026-09-20T21:57:31.060625+00:00,200,21020.966,
2026-09-20T21:57:47.246829+00:00,200,4836.849,
2026-09-20T21:57:49.920133+00:00,200,2171.831,
2026-09-20T21:57:42.926140+00:00,200,9178.397,
2026-09-20T21:57:31.639382+00:00,200,20467.939,
2026-09-20T21:57:31.156952+00:00,200,20960.958,
2026-09-20T21:57:42.207052+00:00,200,9917.237,
2026-09-20T21:57:51.644299+00:00,200,487.767,
2026-09-20T21:57:47.223286+00:00,200,4927.314,
2026-09-20T21:57:19.319638+00:00,200,32833.489,
2026-09-20T21:57:44.527296+00:00,200,7636.037,
2026-09-20T21:57:41.915369+00:00,200,10274.414,
2026-09-20T21:57:52.002493+00:00,200,197.622,
2026-09-20T21:57:44.235583+00:00,200,7968.721,
2026-09-20T21:57:31.268388+00:00,200,20939.347,
2026-09-20T21:57:45.199398+00:00,200,7013.421,
2026-09-20T21:57:31.160811+00:00,200,21073.192,
2026-09-20T21:57:44.835134+00:00,200,7405.134,
2026-09-20T21:57:27.718524+00:00,200,24527.359,
2026-09-20T21:57:40.371629+00:00,200,11922.342,
2026-09-20T21:57:48.700298+00:00,200,3599.42,
2026-09-20T21:57:46.337130+00:00,200,5973.42,
2026-09-20T21:57:36.015715+00:00,200,16296.136,
2026-09-20T21:57:49.046246+00:00,200,3269.018,
2026-09-20T21:57:18.113544+00:00,200,34209.785,
2026-09-20T21:57:42.747268+00:00,200,9587.773,
2026-09-20T21:57:51.476158+00:00,200,859.645,
2026-09-20T21:57:39.558095+00:00,200,12778.986,
2026-09-20T21:57:42.185953+00:00,200,10154.878,
2026-09-20T21:57:15.787023+00:00,200,36563.403,
2026-09-20T21:57:42.325853+00:00,200,10026.396,
2026-09-20T21:57:22.706411+00:00,200,29648.7,
2026-09-20T21:57:51.286471+00:00,200,1071.972,
2026-09-20T21:57:30.821406+00:00,200,21540.009,
2026-09-20T21:57:48.993153+00:00,200,3373.208,
2026-09-20T21:57:52.204260+00:00,200,171.534,
2026-09-20T21:57:44.342926+00:00,200,8046.64,
2026-09-20T21:57:36.716267+00:00,200,15676.642,
2026-09-20T21:57:33.053405+00:00,200,19346.614,
2026-09-20T21:57:37.224385+00:00,200,15179.163,
2026-09-20T21:57:36.154317+00:00,200,16250.27,
2026-09-20T21:57:16.734058+00:00,200,35671.723,
2026-09-20T21:57:17.097060+00:00,200,35312.94,
2026-09-20T21:57:27.977642+00:00,200,24433.806,
2026-09-20T21:57:15.672730+00:00,200,36751.024,
2026-09-20T21:57:43.139305+00:00,200,9295.976,
2026-09-20T21:57:15.440172+00:00,200,37001.499,
2026-09-20T21:57:45.460223+00:00,200,6984.999,
2026-09-20T21:57:51.666492+00:00,200,823.553,
2026-09-20T21:57:40.106485+00:00,200,12400.388,
2026-09-20T21:57:49.123699+00:00,200,3422.765,
2026-09-20T21:57:40.463553+00:00,200,12120.609,
2026-09-20T21:57:43.737686+00:00,200,8872.466,
2026-09-20T21:57:29.866749+00:00,200,22766.006,
2026-09-20T21:57:46.565635+00:00,200,6068.167,
2026-09-20T21:57:26.055862+00:00,200,26582.388,
2026-09-20T21:57:43.056396+00:00,200,9582.662,
2026-09-20T21:57:32.496564+00:00,200,20156.39,
2026-09-20T21:57:49.483164+00:00,200,3170.568,
2026-09-20T21:57:49.105134+00:00,200,3549.46,
2026-09-20T21:57:47.038696+00:00,200,5619.545,
2026-09-20T21:57:20.927034+00:00,200,31737.068,
2026-09-20T21:57:49.262693+00:00,200,3408.863,
2026-09-20T21:57:46.521047+00:00,200,6151.6,
2026-09-20T21:57:49.058045+00:00,200,3616.374,
2026-09-20T21:57:31.360800+00:00,200,21315.451,
2026-09-20T21:57:49.116846+00:00,200,3578.737,
2026-09-20T21:57:32.964005+00:00,200,19741.285,
2026-09-20T21:57:50.149694+00:00,200,2573.918,
2026-09-20T21:57:51.753880+00:00,200,976.133,
2026-09-20T21:57:42.353554+00:00,200,10378.118,
2026-09-20T21:57:48.277184+00:00,200,4462.034,
2026-09-20T21:57:50.774387+00:00,200,1974.754,
2026-09-20T21:57:45.251727+00:00,200,7509.241,
2026-09-20T21:57:52.506803+00:00,200,262.196,
2026-09-20T21:57:52.150573+00:00,200,634.953,
2026-09-20T21:57:52.584094+00:00,200,218.79,
2026-09-20T21:57:49.491537+00:00,200,3322.596,
2026-09-20T21:57:46.792868+00:00,200,6025.248,
2026-09-20T21:57:32.285561+00:00,200,20546.22,
2026-09-20T21:57:52.627433+00:00,200,210.43,
2026-09-20T21:57:23.028198+00:00,200,29827.179,
2026-09-20T21:57:51.601005+00:00,200,1281.576,
2026-09-20T21:57:40.126174+00:00,200,12769.401,
2026-09-20T21:57:52.652840+00:00,200,259.296,
2026-09-20T21:57:27.837905+00:00,200,25079.79,
2026-09-20T21:57:35.033171+00:00,200,17904.522,
2026-09-20T21:57:43.017072+00:00,200,9925.909,
2026-09-20T21:57:49.158761+00:00,200,3794.272,
2026-09-20T21:57:22.720543+00:00,200,30240.991,
2026-09-20T21:57:50.963711+00:00,200,2031.653,
2026-09-20T21:57:49.314330+00:00,200,3681.913,
2026-09-20T21:57:38.899351+00:00,200,14101.017,
2026-09-20T21:57:48.646040+00:00,200,4380.451,
2026-09-20T21:57:34.864507+00:00,200,18162.908,
2026-09-20T21:57:50.000854+00:00,200,3027.398,
2026-09-20T21:57:51.317117+00:00,200,1712.105,
2026-09-20T21:57:51.732946+00:00,200,1315.326,
2026-09-20T21:57:31.429509+00:00,200,21620.013,
2026-09-20T21:57:33.844417+00:00,200,19206.354,
2026-09-20T21:57:48.152985+00:00,200,4899.049,
2026-09-20T21:57:40.943343+00:00,200,12110.119,
2026-09-20T21:57:34.934504+00:00,200,18120.443,
2026-09-20T21:57:27.616051+00:00,200,25440.517,
2026-09-20T21:57:50.604560+00:00,200,2467.838,
2026-09-20T21:57:49.755070+00:00,200,3331.038,
2026-09-20T21:57:37.459148+00:00,200,15628.708,
2026-09-20T21:57:27.059475+00:00,200,26030.12,
2026-09-20T21:57:42.936827+00:00,200,10154.471,
2026-09-20T21:57:30.535354+00:00,200,22557.888,
2026-09-20T21:57:42.312864+00:00,200,10782.259,
2026-09-20T21:57:15.169400+00:00,200,37927.938,
2026-09-20T21:57:50.417578+00:00,200,2713.376,
2026-09-20T21:57:42.701021+00:00,200,10432.12,
2026-09-20T21:57:30.276607+00:00,200,22858.848,
2026-09-20T21:57:40.748218+00:00,200,12460.637,
2026-09-20T21:57:47.176464+00:00,200,6073.157,
2026-09-20T21:57:34.260803+00:00,200,18991.269,
2026-09-20T21:57:30.759300+00:00,200,22495.246,
2026-09-20T21:57:30.969354+00:00,200,22287.679,
2026-09-20T21:57:41.718385+00:00,200,11541.203,
2026-09-20T21:57:46.431584+00:00,200,6830.575,
2026-09-20T21:57:37.676891+00:00,200,15588.073,
2026-09-20T21:57:32.794773+00:00,200,20516.339,
2026-09-20T21:57:49.575462+00:00,200,3738.496,
2026-09-20T21:57:52.460107+00:00,200,856.814,
2026-09-20T21:57:37.502331+00:00,200,15817.691,
2026-09-20T21:57:48.162106+00:00,200,5160.946,
2026-09-20T21:57:16.317992+00:00,200,37061.68,
2026-09-20T21:57:30.197063+00:00,200,23185.761,
2026-09-20T21:57:39.026973+00:00,200,14359.255,
2026-09-20T21:57:28.820717+00:00,200,24569.036,
2026-09-20T21:57:45.886723+00:00,200,7506.514,
2026-09-20T21:57:52.184253+00:00,200,1212.553,
2026-09-20T21:57:34.535945+00:00,200,18864.676,
2026-09-20T21:57:51.759851+00:00,200,1644.462,
2026-09-20T21:57:43.651474+00:00,200,9815.008,
2026-09-20T21:57:42.274645+00:00,200,11195.782,
2026-09-20T21:57:31.377594+00:00,200,22096.887,
2026-09-20T21:57:43.035186+00:00,200,10443.261,
2026-09-20T21:57:47.391688+00:00,200,6090.984,
2026-09-20T21:57:50.582756+00:00,200,2904.092,
2026-09-20T21:57:26.992349+00:00,200,26498.861,
2026-09-20T21:57:46.315168+00:00,200,7180.31,
2026-09-20T21:57:34.217951+00:00,200,19282.142,
2026-09-20T21:57:50.971832+00:00,200,2603.941,
2026-09-20T21:57:48.171242+00:00,200,5409.235,
2026-09-20T21:57:48.268549+00:00,200,5316.611,
2026-09-20T21:57:47.807855+00:00,200,5782.05,
2026-09-20T21:57:51.214799+00:00,200,2380.004,
2026-09-20T21:57:50.724072+00:00,200,2888.508,
2026-09-20T21:57:28.801128+00:00,200,24881.565,
2026-09-20T21:57:35.776215+00:00,200,17911.602,
2026-09-20T21:57:40.946024+00:00,200,12746.923,
2026-09-20T21:57:48.784309+00:00,200,4913.812,
2026-09-20T21:57:34.537235+00:00,200,19166.424,
2026-09-20T21:57:40.363378+00:00,200,13345.651,
2026-09-20T21:57:30.841533+00:00,200,22873.108,
2026-09-20T21:57:50.978587+00:00,200,2741.579,
2026-09-20T21:57:30.951093+00:00,200,22774.945,
2026-09-20T21:57:29.628320+00:00,200,24103.462,
2026-09-20T21:57:30.987777+00:00,200,22749.888,
2026-09-20T21:57:43.375372+00:00,200,10368.227,
2026-09-20T21:57:15.550621+00:00,200,38292.599,
2026-09-20T21:57:45.488698+00:00,200,8360.222,
2026-09-20T21:57:31.137661+00:00,200,22717.215,
2026-09-20T21:57:23.432462+00:00,200,30428.495,
2026-09-20T21:57:29.299662+00:00,200,24567.346,
2026-09-20T21:57:51.761009+00:00,200,2112.215,
2026-09-20T21:57:34.261458+00:00,200,19618.681,
2026-09-20T21:57:49.376552+00:00,200,4509.993,
2026-09-20T21:57:41.935633+00:00,200,11957.456,
2026-09-20T21:57:48.726483+00:00,200,5280.611,
2026-09-20T21:57:49.583422+00:00,200,4430.329,
2026-09-20T21:57:51.090608+00:00,200,2929.776,
2026-09-20T21:57:43.518987+00:00,200,10508.154,
2026-09-20T21:57:34.209589+00:00,200,19824.343,
2026-09-20T21:57:50.641145+00:00,200,3399.412,
2026-09-20T21:57:28.242754+00:00,200,25804.834,
2026-09-20T21:57:38.012197+00:00,200,16042.269,
2026-09-20T21:57:48.251120+00:00,200,5810.391,
2026-09-20T21:57:28.642281+00:00,200,25426.378,
2026-09-20T21:57:46.293337+00:00,200,7782.422,
2026-09-20T21:57:39.602868+00:00,200,14480.428,
2026-09-20T21:57:41.288035+00:00,200,12802.606,
2026-09-20T21:57:49.293982+00:00,200,4804.101,
2026-09-20T21:57:28.186848+00:00,200,25918.967,
2026-09-20T21:57:51.451340+00:00,200,2661.991,
2026-09-20T21:57:51.865624+00:00,200,2255.435,
2026-09-20T21:57:40.948635+00:00,200,13180.34,
2026-09-20T21:57:23.444090+00:00,200,30692.929,
2026-09-20T21:57:46.397841+00:00,200,7747.034,
2026-09-20T21:57:52.375795+00:00,200,1777.149,
2026-09-20T21:57:26.183435+00:00,200,27977.834,
2026-09-20T21:57:32.452382+00:00,200,21860.836,
2026-09-20T21:57:50.981109+00:00,200,3340.288,
2026-09-20T21:57:46.498740+00:00,200,7831.088,
2026-09-20T21:57:30.764503+00:00,200,23573.871,
2026-09-20T21:57:30.107562+00:00,200,24239.456,
2026-09-20T21:57:29.164865+00:00,200,25190.868,
2026-09-20T21:57:47.773902+00:00,200,6590.317,
2026-09-20T21:57:52.025914+00:00,200,2347.017,
2026-09-20T21:57:42.083725+00:00,200,12298.146,
2026-09-20T21:57:21.733193+00:00,200,32657.55,
2026-09-20T21:57:29.475324+00:00,200,24924.209,
2026-09-20T21:57:35.784586+00:00,200,18624.038,
2026-09-20T21:57:47.715328+00:00,200,6702.355,
2026-09-20T21:57:49.028583+00:00,200,5398.15,
2026-09-20T21:57:49.478777+00:00,200,4957.227,
2026-09-20T21:57:48.673661+00:00,200,5823.86,
2026-09-20T21:57:33.079671+00:00,200,21507.719,
2026-09-20T21:57:51.673339+00:00,200,2928.234,
2026-09-20T21:57:50.362274+00:00,200,4272.674,
2026-09-20T21:57:52.877685+00:00,200,1766.955,
2026-09-20T21:57:49.278519+00:00,200,5375.958,
2026-09-20T21:57:53.026468+00:00,200,1637.794,
2026-09-20T21:57:34.270129+00:00,200,20404.304,
2026-09-20T21:57:35.198664+00:00,200,19485.786,
2026-09-20T21:57:47.551554+00:00,200,7142.962,
2026-09-20T21:57:44.576172+00:00,200,10128.505,
2026-09-20T21:57:52.936822+00:00,200,1777.975,
2026-09-20T21:57:49.614929+00:00,200,5110.229,
2026-09-20T21:57:50.854198+00:00,200,3881.457,
2026-09-20T21:57:26.716323+00:00,200,28029.929,
2026-09-20T21:57:50.477359+00:00,200,4279.419,
2026-09-20T21:57:36.978382+00:00,200,17789.3,
2026-09-20T21:57:52.244155+00:00,200,2534.334,
2026-09-20T21:57:51.881065+00:00,200,2908.264,
2026-09-20T21:57:29.223040+00:00,200,25577.315,
2026-09-20T21:57:42.301442+00:00,200,12509.938,
2026-09-20T21:57:34.171606+00:00,200,20650.865,
2026-09-20T21:57:44.270677+00:00,200,10563.014,
2026-09-20T21:57:51.621085+00:00,200,3332.085,
2026-09-20T21:57:41.563769+00:00,200,13441.162,
2026-09-20T21:57:51.408718+00:00,200,3613.022,
2026-09-20T21:57:31.422729+00:00,200,23616.066,
2026-09-20T21:57:45.360483+00:00,200,9701.159,
2026-09-20T21:57:52.995355+00:00,200,2077.844,
2026-09-20T21:57:53.029214+00:00,200,2055.709,
2026-09-20T21:57:53.379460+00:00,200,1717.731,
2026-09-20T21:57:48.941222+00:00,200,6272.896,
2026-09-20T21:57:51.609599+00:00,200,3650.508,
2026-09-20T21:57:50.664857+00:00,200,4606.873,
2026-09-20T21:57:30.156140+00:00,200,25127.393,
2026-09-20T21:57:35.281352+00:00,200,20019.43,
2026-09-20T21:57:53.575761+00:00,200,1748.435,
2026-09-20T21:57:23.063464+00:00,200,32399.527,
2026-09-20T21:57:26.286974+00:00,200,29358.664,
2026-09-20T21:57:53.843000+00:00,200,1942.493,
2026-09-20T21:57:54.007066+00:00,200,2201.469,
2026-09-20T21:57:54.083214+00:00,200,2138.708,
2026-09-20T21:57:27.958870+00:00,200,28361.867,
2026-09-20T21:57:48.285805+00:00,200,8179.024,
2026-09-20T21:57:33.135826+00:00,200,23371.24,
2026-09-20T21:57:21.904906+00:00,200,34686.035,
2026-09-20T21:57:47.750670+00:00,200,8892.78,
2026-09-20T21:57:43.486591+00:00,200,13174.566,
2026-09-20T21:57:41.491545+00:00,200,15187.228,
2026-09-20T21:57:42.640813+00:00,200,14055.595,
2026-09-20T21:57:28.279836+00:00,200,28633.658,
2026-09-20T21:57:42.793775+00:00,200,14131.186,
2026-09-20T21:57:53.400514+00:00,200,3535.979,
2026-09-20T21:57:50.481660+00:00,200,6658.49,
2026-09-20T21:57:49.466003+00:00,200,7691.534,
2026-09-20T21:57:53.599991+00:00,200,3575.128,
2026-09-20T21:57:33.852291+00:00,200,23433.294,
2026-09-20T21:57:41.270489+00:00,200,16056.004,
2026-09-20T21:57:53.873214+00:00,200,3541.32,
2026-09-20T21:57:44.431873+00:00,200,13117.88,
2026-09-20T21:57:54.047441+00:00,200,3603.635,
2026-09-20T21:57:52.340775+00:00,200,5389.723,
2026-09-20T21:57:52.973041+00:00,200,4785.763,
2026-09-20T21:57:22.775205+00:00,200,35173.853,
2026-09-20T21:57:16.446934+00:00,200,41568.042,
2026-09-20T21:57:34.139267+00:00,200,23903.091,
2026-09-20T21:57:54.128900+00:00,200,3977.03,
2026-09-20T21:57:52.304344+00:00,200,5862.426,
2026-09-20T21:57:40.886139+00:00,200,17319.237,
2026-09-20T21:57:49.743242+00:00,200,8620.882,
2026-09-20T21:57:19.717812+00:00,200,38658.599,
2026-09-20T21:57:53.135325+00:00,200,5276.7,
2026-09-20T21:57:37.475174+00:00,200,20950.584,
2026-09-20T21:57:53.316918+00:00,200,5120.491,
2026-09-20T21:57:46.532197+00:00,200,11921.028,
2026-09-20T21:57:23.241948+00:00,200,35283.655,
2026-09-20T21:57:24.191125+00:00,200,34359.065,
2026-09-20T21:57:44.007869+00:00,200,14555.296,
2026-09-20T21:57:46.554439+00:00,200,12076.438,
2026-09-20T21:57:51.813414+00:00,200,6834.74,
2026-09-20T21:57:52.769001+00:00,200,5925.206,
2026-09-20T21:57:43.742592+00:00,200,14960.304,
2026-09-20T21:57:43.642711+00:00,200,15065.62,
2026-09-20T21:57:50.462390+00:00,200,8251.357,
2026-09-20T21:57:28.233581+00:00,200,30567.742,
2026-09-20T21:57:49.734749+00:00,200,9143.813,
2026-09-20T21:57:53.906943+00:00,200,4982.445,
2026-09-20T21:57:30.932469+00:00,200,27988.643,
2026-09-20T21:57:34.644397+00:00,200,24282.853,
2026-09-20T21:57:28.732050+00:00,200,30239.417,
2026-09-20T21:57:56.590747+00:00,200,2388.343,
2026-09-20T21:57:32.212795+00:00,200,26785.775,
2026-09-20T21:57:54.177505+00:00,200,4916.379,
2026-09-20T21:57:19.046291+00:00,200,40054.421,
2026-09-20T21:57:36.005523+00:00,200,23100.754,
2026-09-20T21:57:51.927136+00:00,200,7201.447,
2026-09-20T21:57:35.297801+00:00,200,23858.862,
2026-09-20T21:57:28.120418+00:00,200,31061.802,
2026-09-20T21:57:45.621912+00:00,200,13582.831,
2026-09-20T21:57:47.343104+00:00,200,11873.795,
2026-09-20T21:57:43.996728+00:00,200,15224.073,
2026-09-20T21:57:31.093745+00:00,200,28130.967,
2026-09-20T21:57:27.378970+00:00,200,31870.772,
2026-09-20T21:57:36.134776+00:00,200,23118.913,
2026-09-20T21:57:45.498024+00:00,200,13765.025,
2026-09-20T21:57:31.340688+00:00,200,27926.437,
2026-09-20T21:57:48.797194+00:00,200,10475.282,
2026-09-20T21:57:30.851411+00:00,200,28451.28,
2026-09-20T21:57:43.494909+00:00,200,15817.831,
2026-09-20T21:57:58.801149+00:00,200,520.067,
2026-09-20T21:57:30.523840+00:00,200,28817.711,
2026-09-20T21:57:38.675841+00:00,200,20675.921,
2026-09-20T21:57:33.505890+00:00,200,25852.097,
2026-09-20T21:57:52.639004+00:00,200,6720.948,
2026-09-20T21:57:31.153169+00:00,200,28211.925,
2026-09-20T21:57:42.299870+00:00,200,17076.644,
2026-09-20T21:57:48.822567+00:00,200,10572.796,
2026-09-20T21:57:51.403511+00:00,200,8000.468,
2026-09-20T21:57:52.852063+00:00,200,6559.085,
2026-09-20T21:57:46.043495+00:00,200,13384.581,
2026-09-20T21:57:33.635136+00:00,200,25815.966,
2026-09-20T21:57:34.761378+00:00,200,24718.48,
2026-09-20T21:57:50.831080+00:00,200,8682.192,
2026-09-20T21:57:31.056415+00:00,200,28463.423,
2026-09-20T21:57:48.303060+00:00,200,11219.386,
2026-09-20T21:57:32.307168+00:00,200,27297.49,
2026-09-20T21:57:15.418329+00:00,200,44195.339,
2026-09-20T21:57:42.396359+00:00,200,17228.565,
2026-09-20T21:57:42.710020+00:00,200,16925.031,
2026-09-20T21:57:23.421266+00:00,200,36224.636,
2026-09-20T21:57:46.145222+00:00,200,13502.989,
2026-09-20T21:57:42.233215+00:00,200,17420.671,
2026-09-20T21:57:34.262794+00:00,200,25405.198,
2026-09-20T21:57:29.710391+00:00,200,29971.766,
2026-09-20T21:57:50.510375+00:00,200,9177.781,
2026-09-20T21:57:51.890133+00:00,200,7804.683,
2026-09-20T21:57:39.151369+00:00,200,20554.967,
2026-09-20T21:57:40.242048+00:00,200,19470.606,
2026-09-20T21:57:27.347934+00:00,200,32373.404,
2026-09-20T21:57:53.058449+00:00,200,6664.573,
2026-09-20T21:57:45.925277+00:00,200,13799.108,
2026-09-20T21:57:47.576674+00:00,200,12153.959,
2026-09-20T21:57:43.025924+00:00,200,16722.754,
2026-09-20T21:57:27.549828+00:00,200,32203.826,
2026-09-20T21:57:20.940977+00:00,200,38825.932,
2026-09-20T21:57:36.035403+00:00,200,23739.42,
2026-09-20T21:57:39.183128+00:00,200,20595.385,
2026-09-20T21:57:50.829161+00:00,200,8957.318,
2026-09-20T21:57:51.935905+00:00,200,7851.414,
2026-09-20T21:57:55.061588+00:00,200,4730.066,
2026-09-20T21:57:49.434789+00:00,200,10362.114,
2026-09-20T21:57:30.512288+00:00,200,29296.811,
2026-09-20T21:57:30.937104+00:00,200,28873.763,
2026-09-20T21:57:37.669323+00:00,200,22146.791,
2026-09-20T21:57:28.389724+00:00,200,31428.47,
2026-09-20T21:57:38.638834+00:00,200,21185.904,
2026-09-20T21:57:44.583429+00:00,200,15243.809,
2026-09-20T21:57:49.040318+00:00,200,10793.393,
2026-09-20T21:57:52.389522+00:00,200,7446.803,
2026-09-20T21:57:47.015941+00:00,200,12823.888,
2026-09-20T21:57:49.081522+00:00,200,10758.99,
2026-09-20T21:57:23.479560+00:00,200,36362.723,
2026-09-20T21:57:52.240227+00:00,200,7626.898,
2026-09-20T21:57:55.832580+00:00,200,4040.559,
2026-09-20T21:57:51.453719+00:00,200,8429.558,
2026-09-20T21:57:41.327731+00:00,200,18567.991,
2026-09-20T21:57:48.758569+00:00,200,11139.585,
2026-09-20T21:57:59.357839+00:00,200,544.094,
2026-09-20T21:57:46.509904+00:00,200,13416.28,
2026-09-20T21:57:34.087013+00:00,200,25844.421,
2026-09-20T21:57:56.977475+00:00,200,2960.78,
2026-09-20T21:57:53.491059+00:00,200,6462.32,
2026-09-20T21:57:27.949359+00:00,200,32010.306,
2026-09-20T21:57:39.786970+00:00,200,20175.376,
2026-09-20T21:57:30.029296+00:00,200,29935.581,
2026-09-20T21:57:59.224551+00:00,200,742.325,
2026-09-20T21:57:17.769434+00:00,200,42202.062,
2026-09-20T21:57:50.982859+00:00,200,9007.854,
2026-09-20T21:57:45.148599+00:00,200,14859.897,
2026-09-20T21:57:41.747974+00:00,200,18261.314,
2026-09-20T21:57:44.405855+00:00,200,15605.973,
2026-09-20T21:57:57.680331+00:00,200,2341.133,
2026-09-20T21:57:58.116881+00:00,200,1905.71,
2026-09-20T21:57:36.766641+00:00,200,23267.088,
2026-09-20T21:57:52.855208+00:00,200,7180.981,
2026-09-20T21:57:50.673496+00:00,200,9372.584,
2026-09-20T21:57:55.156824+00:00,200,4899.18,
2026-09-20T21:57:24.463041+00:00,200,35604.775,
2026-09-20T21:57:59.898092+00:00,200,191.941,
2026-09-20T21:57:59.359916+00:00,200,730.709,
2026-09-20T21:57:48.311803+00:00,200,11783.698,
2026-09-20T21:57:59.901932+00:00,200,194.651,
2026-09-20T21:57:48.215614+00:00,200,11884.575,
2026-09-20T21:57:20.532161+00:00,200,39574.261,
2026-09-20T21:57:53.585131+00:00,200,6531.77,
2026-09-20T21:57:51.763907+00:00,200,8368.224,
2026-09-20T21:57:28.148782+00:00,200,31985.589,
2026-09-20T21:57:28.860306+00:00,200,31287.836,
2026-09-20T21:57:59.926109+00:00,200,244.292,
2026-09-20T21:57:36.937481+00:00,200,23239.751,
2026-09-20T21:57:37.847850+00:00,200,22331.258,
2026-09-20T21:57:53.506106+00:00,200,6680.497,
2026-09-20T21:57:58.364078+00:00,200,1836.888,
2026-09-20T21:57:43.678448+00:00,200,16527.939,
2026-09-20T21:58:00.008412+00:00,200,198.634,
2026-09-20T21:57:46.454012+00:00,200,13756.14,
2026-09-20T21:57:53.687715+00:00,200,6523.625,
2026-09-20T21:57:52.399910+00:00,200,7818.023,
2026-09-20T21:58:00.033596+00:00,200,188.538,
2026-09-20T21:57:54.664255+00:00,200,5560.821,
2026-09-20T21:57:48.666879+00:00,200,11575.818,
2026-09-20T21:57:22.992531+00:00,200,37252.433,
2026-09-20T21:57:50.503713+00:00,200,9746.781,
2026-09-20T21:57:17.514729+00:00,200,42746.353,
2026-09-20T21:58:00.090034+00:00,200,184.5,
2026-09-20T21:57:54.372919+00:00,200,5909.086,
2026-09-20T21:57:54.054375+00:00,200,6232.704,
2026-09-20T21:57:50.166625+00:00,200,10130.884,
2026-09-20T21:57:31.654871+00:00,200,28652.931,
2026-09-20T21:57:41.366089+00:00,200,18958.227,
2026-09-20T21:57:33.559226+00:00,200,26786.563,
2026-09-20T21:57:18.372123+00:00,200,41976.937,
2026-09-20T21:57:54.684339+00:00,200,5668.409,
2026-09-20T21:57:29.677827+00:00,200,30693.998,
2026-09-20T21:57:45.034452+00:00,200,15356.158,
2026-09-20T21:57:55.820968+00:00,200,4571.298,
2026-09-20T21:57:40.255918+00:00,200,20137.794,
2026-09-20T21:57:20.483463+00:00,200,39911.124,
2026-09-20T21:57:54.105667+00:00,200,6289.924,
2026-09-20T21:57:27.874816+00:00,200,32555.454,
2026-09-20T21:57:58.480272+00:00,200,1972.996,
2026-09-20T21:57:53.714511+00:00,200,6745.964,
2026-09-20T21:57:33.112940+00:00,200,27368.036,
2026-09-20T21:57:56.780974+00:00,200,3713.501,
2026-09-20T21:57:52.152943+00:00,200,8361.82,
2026-09-20T21:57:59.430154+00:00,200,1107.612,
2026-09-20T21:57:57.232839+00:00,200,3312.896,
2026-09-20T21:57:36.104152+00:00,200,24442.496,
2026-09-20T21:57:16.047587+00:00,200,44529.41,
2026-09-20T21:57:33.249912+00:00,200,27344.905,
2026-09-20T21:57:35.535098+00:00,200,25062.461,
2026-09-20T21:57:52.153803+00:00,200,8453.981,
2026-09-20T21:57:57.458354+00:00,200,3152.92,
2026-09-20T21:57:57.674765+00:00,200,2953.192,
2026-09-20T21:57:27.847075+00:00,200,32782.02,
2026-09-20T21:57:43.660403+00:00,200,16970.678,
2026-09-20T21:57:54.746093+00:00,200,5886.074,
2026-09-20T21:57:59.624826+00:00,200,1008.474,
2026-09-20T21:57:34.551086+00:00,200,26083.611,
2026-09-20T21:57:35.111963+00:00,200,25549.98,
2026-09-20T21:57:57.452594+00:00,200,3210.664,
2026-09-20T21:57:32.303594+00:00,200,28361.179,
2026-09-20T21:57:57.157494+00:00,200,3509.03,
2026-09-20T21:57:47.829981+00:00,200,12838.186,
2026-09-20T21:57:30.376532+00:00,200,30306.722,
2026-09-20T21:57:53.731644+00:00,200,6966.41,
2026-09-20T21:57:54.027083+00:00,200,6672.628,
2026-09-20T21:57:37.127961+00:00,200,23573.505,
2026-09-20T21:57:53.031147+00:00,200,7684.48,
2026-09-20T21:57:56.030003+00:00,200,4706.342,
2026-09-20T21:57:35.056005+00:00,200,25682.409,
2026-09-20T21:57:32.688277+00:00,200,28052.091,
2026-09-20T21:57:47.318753+00:00,200,13439.167,
2026-09-20T21:57:28.949345+00:00,200,31823.637,
2026-09-20T21:57:17.074776+00:00,200,43705.819,
2026-09-20T21:57:52.403463+00:00,200,8379.135,
2026-09-20T21:57:27.168248+00:00,200,33616.767,
2026-09-20T21:57:50.486324+00:00,200,10300.921,
2026-09-20T21:57:44.306368+00:00,200,16503.566,
2026-09-20T21:58:00.514716+00:00,200,341.491,
2026-09-20T21:57:55.826785+00:00,200,5031.854,
2026-09-20T21:57:52.441459+00:00,200,8420.913,
2026-09-20T21:57:56.268959+00:00,200,4605.445,
2026-09-20T21:58:00.480820+00:00,200,396.151,
2026-09-20T21:58:00.494456+00:00,200,385.024,
2026-09-20T21:57:39.580539+00:00,200,21313.551,
2026-09-20T21:57:53.470364+00:00,200,7427.831,
2026-09-20T21:57:29.619996+00:00,200,31281.168,
2026-09-20T21:57:29.828615+00:00,200,31078.31,
2026-09-20T21:57:56.041372+00:00,200,4868.498,
2026-09-20T21:57:20.898903+00:00,200,40023.456,
2026-09-20T21:57:29.106526+00:00,200,31834.635,
2026-09-20T21:57:49.267992+00:00,200,11700.229,
2026-09-20T21:57:30.500709+00:00,200,30470.106,
2026-09-20T21:57:37.135324+00:00,200,23896.265,
2026-09-20T21:57:59.479718+00:00,200,1554.201,
2026-09-20T21:57:58.610368+00:00,200,2426.054,
2026-09-20T21:57:29.347006+00:00,200,31692.175,
2026-09-20T21:57:56.251787+00:00,200,4789.865,
2026-09-20T21:57:52.642098+00:00,200,8402.278,
2026-09-20T21:57:23.570486+00:00,200,37476.868,
2026-09-20T21:57:34.038442+00:00,200,27011.75,
2026-09-20T21:57:54.364183+00:00,200,6688.842,
2026-09-20T21:57:43.951718+00:00,200,17104.392,
2026-09-20T21:57:51.942126+00:00,200,9117.032,
2026-09-20T21:57:46.409199+00:00,200,14653.155,
2026-09-20T21:57:52.632625+00:00,200,8432.87,
2026-09-20T21:57:41.518023+00:00,200,19550.893,
2026-09-20T21:57:49.093332+00:00,200,11978.876,
2026-09-20T21:57:42.740725+00:00,200,18334.927,
2026-09-20T21:57:30.483183+00:00,200,30601.97,
2026-09-20T21:58:00.628907+00:00,200,510.842,
2026-09-20T21:57:15.413341+00:00,200,45732.054,
2026-09-20T21:57:15.384966+00:00,200,45809.147,
2026-09-20T21:58:00.698016+00:00,200,513.863,
2026-09-20T21:57:47.738914+00:00,200,13476.632,
2026-09-20T21:57:36.025983+00:00,200,25226.842,
2026-09-20T21:57:58.205279+00:00,200,3070.572,
2026-09-20T21:57:45.115397+00:00,200,16176.32,
2026-09-20T21:58:00.447709+00:00,200,847.897,
2026-09-20T21:57:42.708365+00:00,200,18591.308,
2026-09-20T21:57:53.893022+00:00,200,7410.679,
2026-09-20T21:57:59.513224+00:00,200,1794.578,
2026-09-20T21:57:22.646930+00:00,200,38665.282,
2026-09-20T21:57:53.682551+00:00,200,7633.694,
2026-09-20T21:57:33.186048+00:00,200,28134.698,
2026-09-20T21:57:47.677488+00:00,200,13647.59,
2026-09-20T21:58:00.034584+00:00,200,1376.413,
2026-09-20T21:57:54.185886+00:00,200,7229.535,
2026-09-20T21:57:55.382601+00:00,200,6037.331,
2026-09-20T21:57:34.854414+00:00,200,26570.129,
2026-09-20T21:57:41.620871+00:00,200,19808.229,
2026-09-20T21:57:57.440887+00:00,200,3992.84,
2026-09-20T21:57:33.850494+00:00,200,27588.09,
2026-09-20T21:57:27.672130+00:00,200,33804.477,
2026-09-20T21:57:38.004734+00:00,200,23532.764,
2026-09-20T21:57:53.097121+00:00,200,8445.231,
2026-09-20T21:57:29.881808+00:00,200,31665.703,
2026-09-20T21:57:48.618053+00:00,200,12934.452,
2026-09-20T21:57:52.695564+00:00,200,8862.093,
2026-09-20T21:57:51.196378+00:00,200,10366.562,
2026-09-20T21:57:53.407748+00:00,200,8160.444,
2026-09-20T21:57:33.659232+00:00,200,27914.561,
2026-09-20T21:57:33.952380+00:00,200,27714.002,
2026-09-20T21:57:50.776792+00:00,200,10940.885,
2026-09-20T21:57:32.054244+00:00,200,29669.617,
2026-09-20T21:57:59.428001+00:00,200,2301.056,
2026-09-20T21:57:53.382692+00:00,200,8352.282,
2026-09-20T21:57:41.046772+00:00,200,20693.733,
2026-09-20T21:57:42.680642+00:00,200,19066.402,
2026-09-20T21:57:53.267210+00:00,200,8485.641,
2026-09-20T21:57:35.818289+00:00,200,25940.479,
2026-09-20T21:57:37.721779+00:00,200,24043.049,
2026-09-20T21:57:29.466487+00:00,200,32304.195,
2026-09-20T21:57:36.064168+00:00,200,25712.322,
2026-09-20T21:57:37.759277+00:00,200,24023.242,
2026-09-20T21:57:41.073684+00:00,200,20715.142,
2026-09-20T21:57:31.089680+00:00,200,30705.175,
2026-09-20T21:57:57.730469+00:00,200,4143.941,
2026-09-20T21:57:40.931214+00:00,200,20991.477,
2026-09-20T21:57:52.902586+00:00,200,9041.513,
2026-09-20T21:57:37.595721+00:00,200,24355.334,
2026-09-20T21:57:19.791771+00:00,200,42168.369,
2026-09-20T21:57:34.827272+00:00,200,27139.259,
2026-09-20T21:57:15.194179+00:00,200,46782.83,
2026-09-20T21:57:49.099179+00:00,200,12884.613,
2026-09-20T21:57:54.811310+00:00,200,7178.873,
2026-09-20T21:57:45.688908+00:00,200,16309.986,
2026-09-20T21:57:52.059556+00:00,200,9947.075,
2026-09-20T21:57:39.595330+00:00,200,22420.371,
2026-09-20T21:57:52.837863+00:00,200,9186.044,
2026-09-20T21:57:55.399917+00:00,200,6633.488,
2026-09-20T21:57:19.978892+00:00,200,42064.862,
2026-09-20T21:57:52.814116+00:00,200,9238.312,
2026-09-20T21:57:43.503221+00:00,200,18607.87,
2026-09-20T21:57:23.724343+00:00,200,38412.045,
2026-09-20T21:57:31.077293+00:00,200,31082.003,
2026-09-20T21:57:57.758779+00:00,200,4412.644,
2026-09-20T21:57:54.013727+00:00,200,8200.901,
2026-09-20T21:57:50.926656+00:00,200,11296.033,
2026-09-20T21:57:51.377984+00:00,200,10894.617,
2026-09-20T21:57:47.084702+00:00,200,15215.836,
2026-09-20T21:57:42.929587+00:00,200,19384.729,
2026-09-20T21:57:39.004033+00:00,200,23346.972,
2026-09-20T21:57:54.338239+00:00,200,8072.476,
2026-09-20T21:57:45.867414+00:00,200,16630.893,
2026-09-20T21:57:28.771939+00:00,200,33754.757,
2026-09-20T21:57:52.269716+00:00,200,10302.921,
2026-09-20T21:57:16.228018+00:00,200,46374.881,
2026-09-20T21:57:50.548849+00:00,200,12096.56,
2026-09-20T21:57:40.228275+00:00,200,22428.633,
2026-09-20T21:57:58.967435+00:00,200,3723.79,
2026-09-20T21:57:36.369167+00:00,200,26372.38,
2026-09-20T21:57:51.622997+00:00,200,11172.276,
2026-09-20T21:57:30.581283+00:00,200,32273.979,
2026-09-20T21:57:32.839296+00:00,200,30067.63,
2026-09-20T21:57:49.470309+00:00,200,13559.27,
2026-09-20T21:57:58.411998+00:00,200,4768.629,
2026-09-20T21:57:45.944759+00:00,200,17306.11,
2026-09-20T21:57:59.679961+00:00,200,3581.757,
2026-09-20T21:57:31.680973+00:00,200,31588.336,
2026-09-20T21:57:58.437381+00:00,200,4861.187,
2026-09-20T21:57:30.592591+00:00,200,32724.604,
2026-09-20T21:57:53.503711+00:00,200,9839.111,
2026-09-20T21:57:51.022920+00:00,200,12490.847,
2026-09-20T21:57:38.653252+00:00,200,24885.39,
2026-09-20T21:57:51.525789+00:00,200,12038.085,
2026-09-20T21:57:30.217992+00:00,200,33353.335,
2026-09-20T21:57:44.145676+00:00,200,19451.312,
2026-09-20T21:57:51.581220+00:00,200,12045.418,
2026-09-20T21:57:23.330796+00:00,200,40371.51,
2026-09-20T21:57:24.394866+00:00,200,39318.888,
2026-09-20T21:57:42.390631+00:00,200,21367.517,
2026-09-20T21:57:40.425924+00:00,200,23358.919,
2026-09-20T21:58:00.242633+00:00,200,3564.473,
2026-09-20T21:57:33.392696+00:00,200,30485.772,
2026-09-20T21:57:34.824717+00:00,200,29064.996,
2026-09-20T21:57:50.882648+00:00,200,13029.973,
2026-09-20T21:57:33.961549+00:00,200,30026.988,
2026-09-20T21:57:45.441145+00:00,200,18584.531,
2026-09-20T21:57:59.239061+00:00,200,4837.587,
2026-09-20T21:57:41.400235+00:00,200,22691.014,
2026-09-20T21:57:57.226921+00:00,200,6918.796,
2026-09-20T21:57:52.822641+00:00,200,11369.989,
2026-09-20T21:57:52.423544+00:00,200,11920.565,
2026-09-20T21:57:59.959482+00:00,200,4420.464,
2026-09-20T21:57:27.337557+00:00,200,37116.126,
2026-09-20T21:57:48.745869+00:00,200,15715.112,
2026-09-20T21:57:54.789314+00:00,200,9728.651,
2026-09-20T21:57:49.298997+00:00,200,15255.998,
2026-09-20T21:57:43.523350+00:00,200,21061.282,
2026-09-20T21:57:44.485673+00:00,200,20106.57,
2026-09-20T21:57:22.907220+00:00,200,41780.231,
2026-09-20T21:57:30.036672+00:00,200,34742.846,
2026-09-20T21:57:53.698095+00:00,200,11152.935,
2026-09-20T21:57:57.910086+00:00,200,6991.936,
2026-09-20T21:58:01.410992+00:00,200,3577.333,
2026-09-20T21:57:30.636605+00:00,200,34399.795,
2026-09-20T21:57:37.157424+00:00,200,27915.392,
2026-09-20T21:57:28.919751+00:00,200,36182.84,
2026-09-20T21:58:01.433706+00:00,200,3676.239,
2026-09-20T21:57:26.969726+00:00,200,38159.239,
2026-09-20T21:57:59.721154+00:00,200,5457.388,
2026-09-20T21:57:50.492834+00:00,200,14693.41,
2026-09-20T21:57:41.918453+00:00,200,23279.41,
2026-09-20T21:57:50.884526+00:00,200,14371.902,
2026-09-20T21:57:44.224109+00:00,200,21047.706,
2026-09-20T21:57:52.212781+00:00,200,13086.677,
2026-09-20T21:57:37.443160+00:00,200,27898.497,
2026-09-20T21:57:52.785524+00:00,200,12651.112,
2026-09-20T21:57:30.237749+00:00,200,35243.134,
2026-09-20T21:57:40.816626+00:00,200,24693.179,
2026-09-20T21:58:03.488959+00:00,200,2046.668,
2026-09-20T21:57:24.811832+00:00,200,40767.869,
2026-09-20T21:58:04.517910+00:00,200,1090.15,
2026-09-20T21:58:01.031454+00:00,200,4686.94,
2026-09-20T21:57:54.868260+00:00,200,10978.001,
2026-09-20T21:57:52.435229+00:00,200,13430.493,
2026-09-20T21:57:32.584334+00:00,200,33310.408,
2026-09-20T21:57:48.180072+00:00,200,17810.115,
2026-09-20T21:57:31.413191+00:00,200,34646.731,
2026-09-20T21:57:41.744324+00:00,200,24373.046,
2026-09-20T21:58:00.244751+00:00,200,5916.302,
2026-09-20T21:57:46.271401+00:00,200,19922.178,
2026-09-20T21:57:29.859268+00:00,200,36387.679,
2026-09-20T21:57:58.808683+00:00,200,7442.083,
2026-09-20T21:57:42.618522+00:00,200,23652.171,
2026-09-20T21:58:00.772801+00:00,200,5558.253,
2026-09-20T21:57:32.183244+00:00,200,34163.268,
2026-09-20T21:57:41.397042+00:00,200,24955.925,
2026-09-20T21:57:48.242144+00:00,200,18118.597,
2026-09-20T21:57:53.751417+00:00,200,12665.225,
2026-09-20T21:57:37.885147+00:00,200,28586.531,
2026-09-20T21:57:33.358832+00:00,200,33126.119,
2026-09-20T21:57:59.100488+00:00,200,7394.072,
2026-09-20T21:57:49.273324+00:00,200,17224.183,
2026-09-20T21:57:39.648526+00:00,200,26857.559,
2026-09-20T21:58:01.056013+00:00,200,5455.731,
2026-09-20T21:57:54.644631+00:00,200,11876.081,
2026-09-20T21:57:59.839757+00:00,200,6692.722,
2026-09-20T21:57:38.959343+00:00,200,27589.718,
2026-09-20T21:57:31.039409+00:00,200,35525.627,
2026-09-20T21:57:26.584212+00:00,200,39990.481,
2026-09-20T21:58:06.117231+00:00,200,492.511,
2026-09-20T21:57:43.439119+00:00,200,23175.38,
2026-09-20T21:58:00.594661+00:00,200,6024.422,
2026-09-20T21:57:59.266965+00:00,200,7364.29,
2026-09-20T21:58:01.193851+00:00,200,5454.356,
2026-09-20T21:57:31.225174+00:00,200,35430.561,
2026-09-20T21:58:00.206294+00:00,200,6454.222,
2026-09-20T21:58:00.106200+00:00,200,6568.303,
2026-09-20T21:57:48.693777+00:00,200,18009.752,
2026-09-20T21:57:41.933893+00:00,200,24783.869,
2026-09-20T21:57:53.393195+00:00,200,13342.421,
2026-09-20T21:57:35.184326+00:00,200,31567.463,
2026-09-20T21:57:34.645733+00:00,200,32122.504,
2026-09-20T21:58:00.699675+00:00,200,6081.921,
2026-09-20T21:57:53.886521+00:00,200,12909.205,
2026-09-20T21:58:00.738268+00:00,200,6065.774,
2026-09-20T21:58:00.211304+00:00,200,6595.145,
2026-09-20T21:57:51.698091+00:00,200,15115.488,
2026-09-20T21:58:00.668095+00:00,200,6150.957,
2026-09-20T21:57:43.273996+00:00,200,23547.63,
2026-09-20T21:57:52.091953+00:00,200,14736.445,
2026-09-20T21:57:26.474494+00:00,200,40389.32,
2026-09-20T21:57:30.488986+00:00,200,36405.997,
2026-09-20T21:57:37.982296+00:00,200,28924.845,
2026-09-20T21:58:06.132108+00:00,200,778.473,
2026-09-20T21:57:37.736966+00:00,200,29195.669,
2026-09-20T21:58:05.718372+00:00,200,1228.756,
2026-09-20T21:57:45.450664+00:00,200,21510.631,
2026-09-20T21:57:31.257695+00:00,200,35726.546,
2026-09-20T21:58:01.983720+00:00,200,5009.794,
2026-09-20T21:57:51.913485+00:00,200,15096.949,
2026-09-20T21:57:23.987274+00:00,200,43029.403,
2026-09-20T21:58:00.393597+00:00,200,6625.596,
2026-09-20T21:57:31.481283+00:00,200,35545.201,
2026-09-20T21:57:32.722044+00:00,200,34312.692,
2026-09-20T21:57:44.612303+00:00,200,22427.024,
2026-09-20T21:57:43.144904+00:00,200,23912.324,
2026-09-20T21:57:51.027816+00:00,200,16039.079,
2026-09-20T21:57:59.351645+00:00,200,7733.034,
2026-09-20T21:57:53.264878+00:00,200,13831.134,
2026-09-20T21:57:55.785485+00:00,200,11311.641,
2026-09-20T21:57:34.682729+00:00,200,32427.077,
2026-09-20T21:57:24.719245+00:00,200,42391.914,
2026-09-20T21:58:04.329867+00:00,200,2784.345,
2026-09-20T21:57:57.915645+00:00,200,9199.347,
2026-09-20T21:57:59.748583+00:00,200,7378.146,
2026-09-20T21:57:33.010591+00:00,200,34118.595,
2026-09-20T21:57:34.036018+00:00,200,33103.003,
2026-09-20T21:57:59.873117+00:00,200,7279.754,
2026-09-20T21:57:31.239734+00:00,200,35916.687,
2026-09-20T21:57:35.114271+00:00,200,32044.431,
2026-09-20T21:57:55.422893+00:00,200,11738.427,
2026-09-20T21:57:54.714793+00:00,200,12459.599,
2026-09-20T21:57:41.561875+00:00,200,25614.423,
2026-09-20T21:58:03.203508+00:00,200,3980.536,
2026-09-20T21:57:34.898254+00:00,200,32289.116,
2026-09-20T21:57:53.404306+00:00,200,13784.908,
2026-09-20T21:57:30.769711+00:00,200,36429.03,
2026-09-20T21:57:59.730566+00:00,200,7473.692,
2026-09-20T21:57:52.315248+00:00,200,14891.169,
2026-09-20T21:57:51.546153+00:00,200,15664.786,
2026-09-20T21:57:47.489236+00:00,200,19723.439,
2026-09-20T21:57:29.375018+00:00,200,37838.915,
2026-09-20T21:57:48.632086+00:00,200,18584.086,
2026-09-20T21:57:42.944528+00:00,200,24276.108,
2026-09-20T21:57:33.582804+00:00,200,33641.804,
2026-09-20T21:57:25.887460+00:00,200,41343.455,
2026-09-20T21:57:42.868223+00:00,200,24386.99,
2026-09-20T21:57:31.469347+00:00,200,35792.748,
2026-09-20T21:57:27.232538+00:00,200,40043.211,
2026-09-20T21:57:54.800209+00:00,200,12492.86,
2026-09-20T21:58:06.906976+00:00,200,390.486,
2026-09-20T21:58:00.281973+00:00,200,7027.563,
2026-09-20T21:57:24.123978+00:00,200,43193.884,
2026-09-20T21:58:07.109621+00:00,200,208.686,
2026-09-20T21:57:33.546226+00:00,200,33798.98,
2026-09-20T21:57:30.352235+00:00,200,36995.777,
2026-09-20T21:57:51.197954+00:00,200,16165.041,
2026-09-20T21:57:52.411308+00:00,200,14956.492,
2026-09-20T21:57:30.733022+00:00,200,36652.827,
2026-09-20T21:57:30.333629+00:00,200,37053.992,
2026-09-20T21:58:01.740388+00:00,200,5650.417,
2026-09-20T21:57:49.034515+00:00,200,18360.672,
2026-09-20T21:57:48.771432+00:00,200,18672.613,
2026-09-20T21:57:59.093857+00:00,200,8350.733,
2026-09-20T21:57:55.097184+00:00,200,12368.444,
2026-09-20T21:57:55.645471+00:00,200,11831.63,
2026-09-20T21:57:52.705179+00:00,200,14784.752,
2026-09-20T21:57:26.499317+00:00,200,40995.12,
2026-09-20T21:57:59.753471+00:00,200,7741.98,
2026-09-20T21:57:53.495438+00:00,200,14001.996,
2026-09-20T21:57:57.140114+00:00,200,10366.183,
2026-09-20T21:57:55.838248+00:00,200,11681.581,
2026-09-20T21:57:30.826511+00:00,200,36694.258,
2026-09-20T21:57:54.839666+00:00,200,12682.223,
2026-09-20T21:57:43.889378+00:00,200,23640.531,
2026-09-20T21:57:51.344251+00:00,200,16186.968,
2026-09-20T21:57:51.596200+00:00,200,15950.243,
2026-09-20T21:57:23.386750+00:00,200,44166.255,
2026-09-20T21:58:05.547094+00:00,200,2030.916,
2026-09-20T21:58:05.140541+00:00,200,2444.685,
2026-09-20T21:57:33.610584+00:00,200,33979.561,
2026-09-20T21:57:40.629387+00:00,200,26967.879,
2026-09-20T21:57:49.611077+00:00,200,17989.664,
2026-09-20T21:57:49.859713+00:00,200,17744.467,
2026-09-20T21:58:00.632135+00:00,200,6986.195,
2026-09-20T21:58:00.906747+00:00,200,6716.376,
2026-09-20T21:58:07.443940+00:00,200,190.15,
2026-09-20T21:58:01.320586+00:00,200,6324.84,
2026-09-20T21:57:51.241814+00:00,200,16415.198,
2026-09-20T21:57:24.053781+00:00,200,43605.601,
2026-09-20T21:57:15.428803+00:00,200,52237.754,
2026-09-20T21:58:07.477035+00:00,200,192.875,
2026-09-20T21:58:06.333033+00:00,200,1342.025,
2026-09-20T21:57:56.013017+00:00,200,11665.729,
2026-09-20T21:57:59.724307+00:00,200,7964.251,
2026-09-20T21:58:03.342767+00:00,200,4347.912,
2026-09-20T21:57:59.774689+00:00,200,7925.444,
2026-09-20T21:57:52.507385+00:00,200,15193.913,
2026-09-20T21:57:48.143735+00:00,200,19561.291,
2026-09-20T21:58:00.009184+00:00,200,7701.836,
2026-09-20T21:58:01.959902+00:00,200,5764.551,
2026-09-20T21:57:47.367293+00:00,200,20359.626,
2026-09-20T21:58:03.626570+00:00,200,4103.935,
2026-09-20T21:57:59.694773+00:00,200,8044.633,
2026-09-20T21:57:24.360401+00:00,200,43381.284,
2026-09-20T21:57:25.326665+00:00,200,42418.761,
2026-09-20T21:57:59.645696+00:00,200,8137.242,
2026-09-20T21:57:31.068848+00:00,200,36715.608,
2026-09-20T21:58:06.768053+00:00,200,1028.846,
2026-09-20T21:57:51.391482+00:00,200,16455.638,
2026-09-20T21:57:35.276021+00:00,200,32592.038,
2026-09-20T21:57:55.844066+00:00,200,12069.365,
2026-09-20T21:57:38.274032+00:00,200,29665.162,
2026-09-20T21:58:02.918597+00:00,200,5028.118,
2026-09-20T21:58:02.136172+00:00,200,5834.586,
2026-09-20T21:57:41.524815+00:00,200,26467.807,
2026-09-20T21:57:58.998417+00:00,200,8995.14,
2026-09-20T21:57:36.402681+00:00,200,31621.471,
2026-09-20T21:58:00.222135+00:00,200,7802.874,
2026-09-20T21:57:28.270571+00:00,200,39755.667,
2026-09-20T21:57:42.738714+00:00,200,25288.572,
2026-09-20T21:57:53.208785+00:00,200,14819.623,
2026-09-20T21:57:23.502402+00:00,200,44527.424,
2026-09-20T21:57:25.809816+00:00,200,42221.289,
2026-09-20T21:57:15.924036+00:00,200,52108.537,
2026-09-20T21:57:59.931287+00:00,200,8102.469,
2026-09-20T21:57:59.364933+00:00,200,8670.321,
2026-09-20T21:57:39.345244+00:00,200,28691.703,
2026-09-20T21:58:00.874391+00:00,200,7164.102,
2026-09-20T21:57:32.613798+00:00,200,35426.591,
2026-09-20T21:57:48.259854+00:00,200,19782.159,
2026-09-20T21:57:59.964707+00:00,200,8079.036,
2026-09-20T21:58:00.987656+00:00,200,7090.729,
2026-09-20T21:57:15.681554+00:00,200,52399.081,
2026-09-20T21:57:30.631160+00:00,200,37451.412,
2026-09-20T21:57:58.321179+00:00,200,9763.398,
2026-09-20T21:58:02.614227+00:00,200,5472.473,
2026-09-20T21:57:51.800311+00:00,200,16288.687,
2026-09-20T21:57:58.619240+00:00,200,9511.556,
2026-09-20T21:57:22.747778+00:00,200,45415.031,
2026-09-20T21:58:00.809841+00:00,200,7363.658,
2026-09-20T21:57:59.613415+00:00,200,8606.453,
2026-09-20T21:57:53.860785+00:00,200,14361.442,
2026-09-20T21:57:37.062496+00:00,200,31162.169,
2026-09-20T21:57:34.928902+00:00,200,33298.197,
2026-09-20T21:58:06.937062+00:00,200,1292.347,
2026-09-20T21:57:39.469280+00:00,200,28762.948,
2026-09-20T21:57:42.467955+00:00,200,25766.925,
2026-09-20T21:57:36.565536+00:00,200,31672.176,
2026-09-20T21:57:25.016186+00:00,200,43224.46,
2026-09-20T21:58:02.610291+00:00,200,5659.632,
2026-09-20T21:58:01.788708+00:00,200,6512.745,
2026-09-20T21:58:06.894775+00:00,200,1410.004,
2026-09-20T21:57:54.020370+00:00,200,14287.899,
2026-09-20T21:58:04.453471+00:00,200,3869.246,
2026-09-20T21:57:22.481125+00:00,200,45868.169,
2026-09-20T21:57:57.221081+00:00,200,11150.774,
2026-09-20T21:57:49.967516+00:00,200,18416.757,
2026-09-20T21:57:15.144322+00:00,200,53244.244,
2026-09-20T21:57:34.306563+00:00,200,34085.988,
2026-09-20T21:57:42.025197+00:00,200,26380.798,
2026-09-20T21:58:02.765366+00:00,200,5649.0,
2026-09-20T21:57:45.479172+00:00,200,22986.362,
2026-09-20T21:57:57.663325+00:00,200,10835.535,
2026-09-20T21:57:45.216537+00:00,200,23292.425,
2026-09-20T21:57:51.359610+00:00,200,17155.441,
2026-09-20T21:57:44.555597+00:00,200,23974.245,
2026-09-20T21:58:08.023972+00:00,200,537.911,
2026-09-20T21:57:52.996223+00:00,200,15592.165,
2026-09-20T21:58:08.024965+00:00,200,608.606,
2026-09-20T21:58:08.130743+00:00,200,575.176,
2026-09-20T21:57:34.859270+00:00,200,33854.641,
2026-09-20T21:58:07.808799+00:00,200,908.843,
2026-09-20T21:58:01.316205+00:00,200,7482.634,
2026-09-20T21:58:00.021453+00:00,200,8781.434,
2026-09-20T21:57:42.055178+00:00,200,26751.866,
2026-09-20T21:57:31.490111+00:00,200,37321.13,
2026-09-20T21:57:52.163290+00:00,200,16652.022,
2026-09-20T21:58:06.910579+00:00,200,1958.978,
2026-09-20T21:58:01.072142+00:00,200,7801.92,
2026-09-20T21:58:00.942454+00:00,200,7936.24,
2026-09-20T21:57:57.657622+00:00,200,11225.616,
2026-09-20T21:57:30.541256+00:00,200,38406.883,
2026-09-20T21:57:58.111757+00:00,200,10886.467,
2026-09-20T21:57:43.706334+00:00,200,25296.617,
2026-09-20T21:57:59.833651+00:00,200,9173.791,
2026-09-20T21:58:00.348820+00:00,200,8737.814,
2026-09-20T21:57:53.748250+00:00,200,15360.443,
2026-09-20T21:58:02.526504+00:00,200,6587.074,
2026-09-20T21:57:47.639621+00:00,200,21479.063,
2026-09-20T21:58:05.186161+00:00,200,3937.498,
2026-09-20T21:57:21.227584+00:00,200,47901.638,
2026-09-20T21:57:32.394129+00:00,200,36740.365,
2026-09-20T21:57:41.923474+00:00,200,27216.449,
2026-09-20T21:57:43.030503+00:00,200,26114.83,
2026-09-20T21:58:00.546509+00:00,200,8604.314,
2026-09-20T21:58:05.785056+00:00,200,3371.359,
2026-09-20T21:57:56.221915+00:00,200,12940.407,
2026-09-20T21:57:59.095824+00:00,200,10072.356,
2026-09-20T21:58:02.243597+00:00,200,6930.444,
2026-09-20T21:58:02.247493+00:00,200,6932.64,
2026-09-20T21:58:06.270558+00:00,200,2915.729,
2026-09-20T21:58:07.034540+00:00,200,2158.05,
2026-09-20T21:58:02.776887+00:00,200,6422.115,
2026-09-20T21:57:52.200116+00:00,200,17005.466,
2026-09-20T21:57:59.321215+00:00,200,9890.816,
2026-09-20T21:58:04.477088+00:00,200,4741.516,
2026-09-20T21:57:31.101793+00:00,200,38123.766,
2026-09-20T21:57:59.249561+00:00,200,9982.577,
2026-09-20T21:57:33.937665+00:00,200,35301.437,
2026-09-20T21:57:34.867301+00:00,200,34378.651,
2026-09-20T21:58:07.161255+00:00,200,2091.455,
2026-09-20T21:57:42.713766+00:00,200,26546.26,
2026-09-20T21:58:06.703427+00:00,200,2563.775,
2026-09-20T21:57:54.851144+00:00,200,14453.558,
2026-09-20T21:57:38.433832+00:00,200,30889.419,
2026-09-20T21:57:35.727323+00:00,200,33689.047,
2026-09-20T21:58:04.480870+00:00,200,4942.67,
2026-09-20T21:58:01.874391+00:00,200,7556.626,
2026-09-20T21:58:01.444870+00:00,200,8021.701,
2026-09-20T21:58:04.865940+00:00,200,4638.546,
2026-09-20T21:57:27.285643+00:00,200,42301.176,
2026-09-20T21:58:07.556043+00:00,200,2037.901,
2026-09-20T21:57:24.236424+00:00,200,45365.248,
2026-09-20T21:57:23.349804+00:00,200,46259.502,
2026-09-20T21:57:53.095062+00:00,200,16521.65,
2026-09-20T21:57:34.856788+00:00,200,34767.736,
2026-09-20T21:57:41.190986+00:00,200,28441.296,
2026-09-20T21:58:02.780480+00:00,200,6859.542,
2026-09-20T21:58:01.542306+00:00,200,8105.752,
2026-09-20T21:57:59.097306+00:00,200,10558.875,
2026-09-20T21:57:34.749217+00:00,200,34915.265,
2026-09-20T21:57:43.909892+00:00,200,25762.952,
2026-09-20T21:57:59.403935+00:00,200,10277.148,
2026-09-20T21:57:34.822511+00:00,200,34867.143,
2026-09-20T21:57:52.024863+00:00,200,17673.323,
2026-09-20T21:57:30.250831+00:00,200,39456.207,
2026-09-20T21:57:52.942926+00:00,200,16772.717,
2026-09-20T21:57:38.690783+00:00,200,31033.864,
2026-09-20T21:57:55.133165+00:00,200,14600.397,
2026-09-20T21:57:40.406785+00:00,200,29335.972,
2026-09-20T21:58:00.532723+00:00,200,9219.093,
2026-09-20T21:58:04.025571+00:00,200,5735.531,
2026-09-20T21:57:22.919863+00:00,200,46850.679,
2026-09-20T21:58:05.402869+00:00,200,4376.888,
2026-09-20T21:57:31.393902+00:00,200,38395.6,
2026-09-20T21:57:46.207832+00:00,200,23688.014,
2026-09-20T21:57:57.651058+00:00,200,12297.065,
2026-09-20T21:57:58.920953+00:00,200,11084.9,
2026-09-20T21:57:59.883231+00:00,200,10132.25,
2026-09-20T21:57:46.487595+00:00,200,23537.6,
2026-09-20T21:58:02.110988+00:00,200,7923.925,
2026-09-20T21:58:03.369423+00:00,200,6675.399,
2026-09-20T21:58:06.161021+00:00,200,3893.783,
2026-09-20T21:57:35.193741+00:00,200,34871.27,
2026-09-20T21:57:49.052151+00:00,200,21022.782,
2026-09-20T21:57:27.996676+00:00,200,42088.508,
2026-09-20T21:57:52.405577+00:00,200,17689.63,
2026-09-20T21:57:27.727745+00:00,200,42377.971,
2026-09-20T21:57:58.607333+00:00,200,11508.594,
2026-09-20T21:57:47.270557+00:00,200,22856.095,
2026-09-20T21:58:02.252077+00:00,200,7885.071,
2026-09-20T21:58:00.900985+00:00,200,9246.992,
2026-09-20T21:57:55.283389+00:00,200,14875.526,
2026-09-20T21:58:01.557608+00:00,200,8612.204,
2026-09-20T21:57:52.366344+00:00,200,17814.459,
2026-09-20T21:58:00.893970+00:00,200,9297.985,
2026-09-20T21:58:07.230682+00:00,200,2972.47,
2026-09-20T21:58:00.597416+00:00,200,9617.02,
2026-09-20T21:57:29.948467+00:00,200,40277.519,
2026-09-20T21:58:00.371649+00:00,200,9865.533,
2026-09-20T21:57:52.361293+00:00,200,17887.416,
2026-09-20T21:57:41.585404+00:00,200,28675.085,
2026-09-20T21:57:30.518077+00:00,200,39754.441,
2026-09-20T21:57:53.482638+00:00,200,16801.754,
2026-09-20T21:57:42.702364+00:00,200,27594.195,
2026-09-20T21:57:22.576454+00:00,200,47799.335,
2026-09-20T21:58:08.301421+00:00,200,2228.781,
2026-09-20T21:58:01.068804+00:00,200,9491.02,
2026-09-20T21:57:41.906042+00:00,200,28665.925,
2026-09-20T21:57:27.409576+00:00,200,43174.58,
2026-09-20T21:57:55.815128+00:00,200,14781.104,
2026-09-20T21:58:07.189136+00:00,200,3419.302,
2026-09-20T21:58:00.627942+00:00,200,9992.826,
2026-09-20T21:57:28.427188+00:00,200,42206.158,
2026-09-20T21:57:51.986944+00:00,200,18658.753,
2026-09-20T21:57:48.596688+00:00,200,22061.804,
2026-09-20T21:58:04.779320+00:00,200,5891.704,
2026-09-20T21:57:30.506541+00:00,200,40177.688,
2026-09-20T21:58:05.406540+00:00,200,5290.763,
2026-09-20T21:58:06.276750+00:00,200,4433.896,
2026-09-20T21:57:48.197750+00:00,200,22526.348,
2026-09-20T21:58:07.552755+00:00,200,3184.667,
2026-09-20T21:57:19.531410+00:00,200,51219.929,
2026-09-20T21:58:06.059724+00:00,200,4704.929,
2026-09-20T21:58:01.084978+00:00,200,9785.086,
2026-09-20T21:57:31.097821+00:00,200,39842.306,
2026-09-20T21:57:55.588380+00:00,200,15456.163,
2026-09-20T21:57:30.295530+00:00,200,40770.109,
2026-09-20T21:58:08.478228+00:00,200,2615.695,
2026-09-20T21:58:08.640799+00:00,200,2467.015,
2026-09-20T21:58:08.798798+00:00,200,2323.235,
2026-09-20T21:57:53.136660+00:00,200,18179.051,
2026-09-20T21:58:08.027142+00:00,200,3372.698,
2026-09-20T21:57:18.085282+00:00,200,53335.73,
2026-09-20T21:58:08.033712+00:00,200,3407.98,
2026-09-20T21:57:56.241355+00:00,200,15214.397,
2026-09-20T21:58:01.966378+00:00,200,9784.401,
2026-09-20T21:57:51.363710+00:00,200,20558.022,
2026-09-20T21:57:16.257093+00:00,200,55684.822,
2026-09-20T21:57:36.347369+00:00,200,35689.74,
2026-09-20T21:57:43.409462+00:00,200,28935.185,
2026-09-20T21:57:41.182385+00:00,200,31472.822,
2026-09-20T21:57:54.152935+00:00,200,18701.831,
2026-09-20T21:58:04.901986+00:00,200,8021.375,
2026-09-20T21:57:54.399391+00:00,200,18625.522,
2026-09-20T21:57:47.199781+00:00,200,25867.902,
2026-09-20T21:57:49.867139+00:00,200,23307.674,
2026-09-20T21:57:46.576898+00:00,200,26682.866,
2026-09-20T21:57:56.678687+00:00,200,16629.48,
2026-09-20T21:58:07.589950+00:00,200,5727.677,
2026-09-20T21:57:48.790783+00:00,200,24594.499,
2026-09-20T21:58:08.038460+00:00,200,5454.608,
2026-09-20T21:58:08.819708+00:00,200,4711.573,
2026-09-20T21:57:56.994856+00:00,200,16541.252,
2026-09-20T21:58:08.234736+00:00,200,5460.391,
2026-09-20T21:58:11.750729+00:00,200,1963.182,
2026-09-20T21:57:51.348315+00:00,200,22379.613,
2026-09-20T21:57:58.549997+00:00,200,15187.342,
2026-09-20T21:58:08.514954+00:00,200,5306.827,
2026-09-20T21:57:18.945687+00:00,200,54898.735,
2026-09-20T21:58:04.603957+00:00,200,9262.56,
2026-09-20T21:58:02.656780+00:00,200,11227.89,
2026-09-20T21:57:46.381348+00:00,200,27531.23,
2026-09-20T21:58:04.051431+00:00,200,9946.086,
2026-09-20T21:57:42.425489+00:00,200,31672.068,
2026-09-20T21:57:55.462810+00:00,200,18642.834,
2026-09-20T21:57:59.106146+00:00,200,15163.886,
2026-09-20T21:57:48.732906+00:00,200,25545.588,
2026-09-20T21:57:52.293904+00:00,200,22018.431,
2026-09-20T21:57:42.379386+00:00,200,31975.098,
2026-09-20T21:58:04.145679+00:00,200,10238.364,
2026-09-20T21:57:53.499984+00:00,200,20969.103,
2026-09-20T21:58:06.207961+00:00,200,8289.793,
2026-09-20T21:57:43.270738+00:00,200,31234.976,
2026-09-20T21:57:43.172157+00:00,200,31357.617,
2026-09-20T21:57:55.271705+00:00,200,19276.87,
2026-09-20T21:57:21.606306+00:00,200,52955.919,
2026-09-20T21:58:00.607737+00:00,200,13969.098,
2026-09-20T21:58:00.207047+00:00,200,14435.576,
2026-09-20T21:57:51.837335+00:00,200,22814.43,
2026-09-20T21:57:40.350697+00:00,200,34315.574,
2026-09-20T21:57:31.370994+00:00,200,43347.432,
2026-09-20T21:57:51.342146+00:00,200,23384.683,
2026-09-20T21:58:05.970894+00:00,200,8810.014,
2026-09-20T21:58:09.002806+00:00,200,5781.802,
2026-09-20T21:57:54.390559+00:00,200,20406.783,
2026-09-20T21:57:31.419545+00:00,200,43420.955,
2026-09-20T21:58:01.331614+00:00,200,13520.853,
2026-09-20T21:57:36.590751+00:00,200,38272.292,
2026-09-20T21:58:02.922372+00:00,200,11959.022,
2026-09-20T21:57:59.936332+00:00,200,14952.068,
2026-09-20T21:57:48.625147+00:00,200,26291.198,
2026-09-20T21:57:52.611117+00:00,200,22356.204,
2026-09-20T21:57:40.554013+00:00,200,34446.968,
2026-09-20T21:57:40.318902+00:00,200,34778.631,
2026-09-20T21:57:42.699839+00:00,200,32406.479,
2026-09-20T21:57:53.091241+00:00,200,22022.61,
2026-09-20T21:57:35.826871+00:00,200,39328.836,
2026-09-20T21:57:58.498295+00:00,200,16670.349,
2026-09-20T21:57:51.775146+00:00,200,23396.63,
2026-09-20T21:58:00.537762+00:00,200,14666.175,
2026-09-20T21:57:31.149330+00:00,200,44063.598,
2026-09-20T21:58:11.831827+00:00,200,3402.252,
2026-09-20T21:57:52.081471+00:00,200,23155.367,
2026-09-20T21:58:13.327935+00:00,200,1911.552,
2026-09-20T21:58:01.976744+00:00,200,13264.672,
2026-09-20T21:57:20.602779+00:00,200,54648.188,
2026-09-20T21:57:52.354944+00:00,200,22904.547,
2026-09-20T21:57:45.002707+00:00,200,30260.49,
2026-09-20T21:57:18.057298+00:00,200,57211.775,
2026-09-20T21:58:14.862824+00:00,200,411.486,
2026-09-20T21:57:30.270050+00:00,200,45018.213,
2026-09-20T21:57:23.398395+00:00,200,51893.354,
2026-09-20T21:58:04.207784+00:00,200,11124.835,
2026-09-20T21:58:04.995950+00:00,200,10340.545,
2026-09-20T21:58:07.675053+00:00,200,7663.061,
2026-09-20T21:57:58.294616+00:00,200,17060.416,
2026-09-20T21:58:02.272541+00:00,200,13089.673,
2026-09-20T21:57:53.692876+00:00,200,21673.67,
2026-09-20T21:57:36.584434+00:00,200,38811.218,
2026-09-20T21:57:44.258930+00:00,200,31150.021,
2026-09-20T21:57:49.657429+00:00,200,25776.065,
2026-09-20T21:57:48.363639+00:00,200,27080.624,
2026-09-20T21:57:59.688105+00:00,200,15765.245,
2026-09-20T21:57:49.977766+00:00,200,25482.459,
2026-09-20T21:57:23.265448+00:00,200,52197.359,
2026-09-20T21:57:51.400019+00:00,200,24127.353,
2026-09-20T21:58:14.801265+00:00,200,743.561,
2026-09-20T21:58:08.029574+00:00,200,7540.203,
2026-09-20T21:57:34.585133+00:00,200,40987.393,
2026-09-20T21:58:14.241719+00:00,200,1338.491,
2026-09-20T21:58:05.865646+00:00,200,9724.278,
2026-09-20T21:57:56.519932+00:00,200,19074.8,
2026-09-20T21:57:54.136847+00:00,200,21464.708,
2026-09-20T21:58:00.787188+00:00,200,14820.429,
2026-09-20T21:58:06.484762+00:00,200,9128.42,
2026-09-20T21:57:53.072389+00:00,200,22547.58,
2026-09-20T21:58:08.705918+00:00,200,6915.166,
2026-09-20T21:57:55.359408+00:00,200,20270.071,
2026-09-20T21:57:15.498570+00:00,200,60139.021,
2026-09-20T21:57:54.181669+00:00,200,21460.827,
2026-09-20T21:57:55.214084+00:00,200,20435.265,
2026-09-20T21:57:59.895617+00:00,200,15754.932,
2026-09-20T21:57:59.341387+00:00,200,16337.686,
2026-09-20T21:57:59.156528+00:00,200,16531.46,
2026-09-20T21:57:41.104390+00:00,200,34587.377,
2026-09-20T21:58:00.578271+00:00,200,15130.393,
2026-09-20T21:57:36.804716+00:00,200,38915.524,
2026-09-20T21:57:59.545132+00:00,200,16196.571,
2026-09-20T21:57:19.640562+00:00,200,56105.517,
2026-09-20T21:58:00.307639+00:00,200,15446.235,
2026-09-20T21:57:53.478389+00:00,200,22283.493,
2026-09-20T21:57:43.368820+00:00,200,32399.581,
2026-09-20T21:58:05.284067+00:00,200,10486.545,
2026-09-20T21:57:41.630240+00:00,200,34150.613,
2026-09-20T21:58:08.086671+00:00,200,7704.679,
2026-09-20T21:57:50.606684+00:00,200,25185.353,
2026-09-20T21:57:41.079470+00:00,200,34714.178,
2026-09-20T21:58:00.704080+00:00,200,15095.277,
2026-09-20T21:57:53.251964+00:00,200,22554.519,
2026-09-20T21:58:08.414337+00:00,200,7400.619,
2026-09-20T21:57:52.789339+00:00,200,23027.712,
2026-09-20T21:57:58.376196+00:00,200,17448.425,
2026-09-20T21:57:54.587268+00:00,200,21239.235,
2026-09-20T21:57:30.674685+00:00,200,45156.996,
2026-09-20T21:57:52.882576+00:00,200,22953.488,
2026-09-20T21:58:01.583232+00:00,200,14259.232,
2026-09-20T21:58:09.948054+00:00,200,5897.216,
2026-09-20T21:57:40.025072+00:00,200,35821.063,
2026-09-20T21:57:46.249935+00:00,200,29596.904,
2026-09-20T21:57:41.503279+00:00,200,34346.576,
2026-09-20T21:58:13.356697+00:00,200,2504.374,
2026-09-20T21:57:56.018725+00:00,200,19845.269,
2026-09-20T21:58:02.314209+00:00,200,13557.248,
2026-09-20T21:58:15.687895+00:00,200,187.414,
2026-09-20T21:58:15.678981+00:00,200,201.314,
2026-09-20T21:57:54.845338+00:00,200,21038.527,
2026-09-20T21:58:09.086585+00:00,200,6802.884,
2026-09-20T21:57:35.170664+00:00,200,40721.909,
2026-09-20T21:58:00.370550+00:00,200,15522.623,
2026-09-20T21:57:58.724862+00:00,200,17170.067,
2026-09-20T21:58:03.932540+00:00,200,11970.223,
2026-09-20T21:57:34.195821+00:00,200,41714.517,
2026-09-20T21:57:59.787276+00:00,200,16145.686,
2026-09-20T21:58:00.661799+00:00,200,15292.614,
2026-09-20T21:58:06.346317+00:00,200,9619.539,
2026-09-20T21:57:45.305541+00:00,200,30673.475,
2026-09-20T21:58:15.791307+00:00,200,188.193,
2026-09-20T21:58:15.791893+00:00,200,188.309,
2026-09-20T21:58:06.487750+00:00,200,9515.585,
2026-09-20T21:58:11.144039+00:00,200,4914.247,
2026-09-20T21:57:52.337938+00:00,200,23728.599,
2026-09-20T21:58:08.080334+00:00,200,7986.819,
2026-09-20T21:58:04.200400+00:00,200,11883.748,
2026-09-20T21:57:51.011360+00:00,200,25093.284,
2026-09-20T21:57:49.885027+00:00,200,26225.474,
2026-09-20T21:58:01.145134+00:00,200,14966.645,
2026-09-20T21:57:54.953153+00:00,200,21159.403,
2026-09-20T21:57:56.983241+00:00,200,19132.812,
2026-09-20T21:57:58.898446+00:00,200,17218.466,
2026-09-20T21:58:08.224487+00:00,200,7898.29,
2026-09-20T21:58:00.898153+00:00,200,15229.287,
2026-09-20T21:57:44.355280+00:00,200,31776.688,
2026-09-20T21:57:51.419088+00:00,200,24714.299,
2026-09-20T21:57:59.399274+00:00,200,16736.292,
2026-09-20T21:57:31.400433+00:00,200,44743.909,
2026-09-20T21:58:04.379922+00:00,200,11776.766,
2026-09-20T21:58:11.093910+00:00,200,5079.691,
2026-09-20T21:57:45.342048+00:00,200,30838.523,
2026-09-20T21:58:05.197730+00:00,200,10984.875,
2026-09-20T21:58:09.162264+00:00,200,7042.185,
2026-09-20T21:57:51.133510+00:00,200,25086.632,
2026-09-20T21:58:00.394360+00:00,200,15826.571,
2026-09-20T21:57:32.477975+00:00,200,43745.227,
2026-09-20T21:57:58.889361+00:00,200,17345.314,
2026-09-20T21:57:55.150970+00:00,200,21087.793,
2026-09-20T21:58:11.941596+00:00,200,4301.959,
2026-09-20T21:57:53.589874+00:00,200,22662.819,
2026-09-20T21:57:31.109809+00:00,200,45157.537,
2026-09-20T21:58:04.724873+00:00,200,11559.008,
2026-09-20T21:58:10.084942+00:00,200,6200.115,
2026-09-20T21:58:09.681025+00:00,200,6617.78,
2026-09-20T21:57:34.636083+00:00,200,41665.12,
2026-09-20T21:57:54.408518+00:00,200,21897.671,
2026-09-20T21:58:04.204152+00:00,200,12107.612,
2026-09-20T21:57:44.393108+00:00,200,31934.771,
2026-09-20T21:57:30.183614+00:00,200,46160.89,
2026-09-20T21:58:02.260374+00:00,200,14090.135,
2026-09-20T21:57:48.816203+00:00,200,27555.051,
2026-09-20T21:58:03.702080+00:00,200,12679.388,
2026-09-20T21:57:46.993151+00:00,200,29395.383,
2026-09-20T21:57:33.681961+00:00,200,42709.972,
2026-09-20T21:58:16.110351+00:00,200,289.37,
2026-09-20T21:57:16.753455+00:00,200,59661.529,
2026-09-20T21:58:05.178512+00:00,200,11250.623,
2026-09-20T21:58:01.758622+00:00,200,14676.879,
2026-09-20T21:58:06.352825+00:00,200,10083.364,
2026-09-20T21:58:00.170401+00:00,200,16267.382,
2026-09-20T21:57:59.938240+00:00,200,16500.757,
2026-09-20T21:57:43.514595+00:00,200,32931.587,
2026-09-20T21:57:34.483459+00:00,200,41969.796,
2026-09-20T21:57:49.288848+00:00,200,27165.243,
2026-09-20T21:58:14.450727+00:00,200,2019.537,
2026-09-20T21:58:10.095107+00:00,200,6376.096,
2026-09-20T21:57:37.098476+00:00,200,39373.867,
2026-09-20T21:57:58.979083+00:00,200,17494.093,
2026-09-20T21:57:52.072903+00:00,200,24418.523,
2026-09-20T21:58:09.733481+00:00,200,6777.451,
2026-09-20T21:58:09.586577+00:00,200,6934.807,
2026-09-20T21:58:10.633104+00:00,200,5896.568,
2026-09-20T21:57:41.814791+00:00,200,34717.705,
2026-09-20T21:58:03.777034+00:00,200,12756.472,
2026-09-20T21:57:35.311089+00:00,200,41223.773,
2026-09-20T21:57:59.302529+00:00,200,17233.442,
2026-09-20T21:57:58.694175+00:00,200,17843.107,
2026-09-20T21:58:09.186273+00:00,200,7375.829,
2026-09-20T21:57:39.973998+00:00,200,36589.51,
2026-09-20T21:58:06.440345+00:00,200,10124.329,
2026-09-20T21:58:00.858612+00:00,200,15707.431,
2026-09-20T21:58:14.105538+00:00,200,2461.81,
2026-09-20T21:58:00.970641+00:00,200,15609.124,
2026-09-20T21:57:22.018798+00:00,200,54577.544,
2026-09-20T21:57:54.778476+00:00,200,21819.246,
2026-09-20T21:58:07.645391+00:00,200,9008.821,
2026-09-20T21:57:34.311843+00:00,200,42344.138,
2026-09-20T21:57:45.082674+00:00,200,31593.447,
2026-09-20T21:57:52.663921+00:00,200,24013.811,
2026-09-20T21:57:33.043041+00:00,200,43637.232,
2026-09-20T21:57:50.322543+00:00,200,26367.82,
2026-09-20T21:57:55.599911+00:00,200,21115.267,
2026-09-20T21:57:31.634175+00:00,200,45090.16,
2026-09-20T21:57:57.433031+00:00,200,19292.909,
2026-09-20T21:58:15.444107+00:00,200,1283.481,
2026-09-20T21:58:12.163174+00:00,200,4566.219,
2026-09-20T21:58:07.495408+00:00,200,9262.8,
2026-09-20T21:58:00.390523+00:00,200,16377.014,
2026-09-20T21:58:00.634549+00:00,200,16134.961,
2026-09-20T21:57:53.327788+00:00,200,23443.772,
2026-09-20T21:57:49.110990+00:00,200,27662.603,
2026-09-20T21:58:10.530191+00:00,200,6283.47,
2026-09-20T21:57:28.582449+00:00,200,48233.376,
2026-09-20T21:57:49.751093+00:00,200,27066.613,
2026-09-20T21:58:13.366250+00:00,200,3463.599,
2026-09-20T21:58:10.737406+00:00,200,6117.53,
2026-09-20T21:57:52.311759+00:00,200,24551.638,
2026-09-20T21:57:28.988971+00:00,200,47881.741,
2026-09-20T21:58:03.481768+00:00,200,13400.71,
2026-09-20T21:57:54.426704+00:00,200,22503.335,
2026-09-20T21:58:15.741611+00:00,200,1202.722,
2026-09-20T21:57:30.564224+00:00,200,46382.526,
2026-09-20T21:58:16.470255+00:00,200,479.56,
2026-09-20T21:58:16.510895+00:00,200,441.185,
2026-09-20T21:58:08.717639+00:00,200,8259.01,
2026-09-20T21:57:34.545518+00:00,200,42449.708,
2026-09-20T21:58:11.165557+00:00,200,5843.252,
2026-09-20T21:58:10.105472+00:00,200,6955.346,
2026-09-20T21:57:41.890224+00:00,200,35177.022,
2026-09-20T21:57:30.955718+00:00,200,46116.934,
2026-09-20T21:58:14.784578+00:00,200,2305.308,
2026-09-20T21:58:13.775440+00:00,200,3343.131,
2026-09-20T21:58:16.715058+00:00,200,405.687,
2026-09-20T21:58:16.724077+00:00,200,408.381,
2026-09-20T21:57:34.663589+00:00,200,42477.411,
2026-09-20T21:58:11.180017+00:00,200,6027.904,
2026-09-20T21:58:03.920915+00:00,200,13293.37,
2026-09-20T21:58:12.036905+00:00,200,5179.44,
2026-09-20T21:58:16.813627+00:00,200,413.423,
2026-09-20T21:58:05.276244+00:00,200,11978.617,
2026-09-20T21:57:23.230229+00:00,200,54033.658,
2026-09-20T21:57:59.220716+00:00,200,18051.381,
2026-09-20T21:57:50.944775+00:00,200,26333.837,
2026-09-20T21:57:39.065384+00:00,200,38220.813,
2026-09-20T21:57:38.198256+00:00,200,39095.484,
2026-09-20T21:57:46.420306+00:00,200,30891.182,
2026-09-20T21:57:19.754962+00:00,200,57572.673,
2026-09-20T21:58:10.338763+00:00,200,6996.207,
2026-09-20T21:58:01.252681+00:00,200,16088.861,
2026-09-20T21:57:17.063593+00:00,200,60299.777,
2026-09-20T21:58:02.741398+00:00,200,14634.424,
2026-09-20T21:57:56.258107+00:00,200,21122.263,
2026-09-20T21:58:09.632119+00:00,200,7771.219,
2026-09-20T21:57:56.989046+00:00,200,20417.784,
2026-09-20T21:58:10.571804+00:00,200,6837.225,
2026-09-20T21:58:16.521346+00:00,200,912.711,
2026-09-20T21:58:11.208781+00:00,200,6244.862,
2026-09-20T21:58:05.550860+00:00,200,11915.359,
2026-09-20T21:57:52.104485+00:00,200,25418.917,
2026-09-20T21:57:49.603163+00:00,200,27934.708,
2026-09-20T21:58:07.245479+00:00,200,10295.732,
2026-09-20T21:58:07.216066+00:00,200,10334.057,
2026-09-20T21:58:08.642897+00:00,200,8921.865,
2026-09-20T21:57:44.791357+00:00,200,32798.674,
2026-09-20T21:57:15.647717+00:00,200,61961.469,
2026-09-20T21:58:14.888316+00:00,200,2727.544,
2026-09-20T21:58:00.287045+00:00,200,17342.997,
2026-09-20T21:57:52.445184+00:00,200,25190.995,
2026-09-20T21:58:15.831422+00:00,200,1813.759,
2026-09-20T21:58:00.453262+00:00,200,17259.451,
2026-09-20T21:57:44.909543+00:00,200,32807.754,
2026-09-20T21:57:35.767860+00:00,200,41974.174,
2026-09-20T21:57:32.560136+00:00,200,45185.532,
2026-09-20T21:57:57.414517+00:00,200,20365.479,
2026-09-20T21:58:09.252700+00:00,200,8529.653,
2026-09-20T21:57:54.469394+00:00,200,23326.11,
2026-09-20T21:57:55.411393+00:00,200,22389.765,
2026-09-20T21:58:09.275268+00:00,200,8542.352,
2026-09-20T21:57:33.881024+00:00,200,43969.326,
2026-09-20T21:57:30.289386+00:00,200,47567.648,
2026-09-20T21:58:12.474239+00:00,200,5385.997,
2026-09-20T21:57:59.704163+00:00,200,18158.521,
2026-09-20T21:57:30.685442+00:00,200,47189.844,
2026-09-20T21:58:02.052378+00:00,200,15830.2,
2026-09-20T21:58:05.874773+00:00,200,12010.324,
2026-09-20T21:58:00.742746+00:00,200,17155.139,
2026-09-20T21:58:00.096584+00:00,200,17810.664,
2026-09-20T21:57:31.487246+00:00,200,46452.191,
2026-09-20T21:57:41.792631+00:00,200,36170.562,
2026-09-20T21:57:29.544180+00:00,200,48422.567,
2026-09-20T21:58:14.250656+00:00,200,3744.099,
2026-09-20T21:58:06.548904+00:00,200,11453.969,
2026-09-20T21:57:48.372143+00:00,200,29642.002,
2026-09-20T21:57:48.603805+00:00,200,29442.71,
2026-09-20T21:58:15.527235+00:00,200,2545.39,
2026-09-20T21:58:08.232063+00:00,200,9850.869,
2026-09-20T21:57:41.398471+00:00,200,36692.745,
2026-09-20T21:58:05.579467+00:00,200,12513.94,
2026-09-20T21:58:08.394678+00:00,200,9721.084,
2026-09-20T21:58:02.159120+00:00,200,15999.46,
2026-09-20T21:58:09.304621+00:00,200,8882.134,
2026-09-20T21:58:06.735541+00:00,200,11463.765,
2026-09-20T21:58:01.275835+00:00,200,16928.169,
2026-09-20T21:57:29.611696+00:00,200,48599.965,
2026-09-20T21:58:02.911224+00:00,200,15320.405,
2026-09-20T21:58:15.770553+00:00,200,2465.201,
2026-09-20T21:57:31.243341+00:00,200,47001.334,
2026-09-20T21:57:50.484096+00:00,200,27765.601,
2026-09-20T21:57:49.727015+00:00,200,28526.495,
2026-09-20T21:58:04.076622+00:00,200,14194.051,
2026-09-20T21:58:01.801997+00:00,200,16501.878,
2026-09-20T21:57:15.557743+00:00,200,62761.3,
2026-09-20T21:58:13.727801+00:00,200,4610.896,
2026-09-20T21:57:59.272418+00:00,200,19086.93,
2026-09-20T21:57:26.913181+00:00,200,51452.132,
2026-09-20T21:58:04.854853+00:00,200,13552.145,
2026-09-20T21:57:49.783327+00:00,200,28626.002,
2026-09-20T21:58:00.887006+00:00,200,17532.652,
2026-09-20T21:57:58.042222+00:00,200,20382.0,
2026-09-20T21:58:16.562061+00:00,200,1865.679,
2026-09-20T21:58:08.817443+00:00,200,9629.948,
2026-09-20T21:57:27.243221+00:00,200,51220.882,
2026-09-20T21:58:02.446927+00:00,200,16037.319,
2026-09-20T21:57:52.731614+00:00,200,25773.523,
2026-09-20T21:58:16.254442+00:00,200,2310.281,
2026-09-20T21:57:54.455301+00:00,200,24126.426,
2026-09-20T21:58:06.388309+00:00,200,12209.474,
2026-09-20T21:57:51.106367+00:00,200,27520.987,
2026-09-20T21:57:53.900161+00:00,200,24758.172,
2026-09-20T21:58:15.250658+00:00,200,3472.813,
2026-09-20T21:58:11.420706+00:00,200,7313.004,
2026-09-20T21:57:47.895117+00:00,200,30852.939,
2026-09-20T21:58:09.014474+00:00,200,9743.416,
2026-09-20T21:57:51.967110+00:00,200,26820.671,
2026-09-20T21:57:27.856175+00:00,200,50947.138,
2026-09-20T21:57:53.466428+00:00,200,25342.092,
2026-09-20T21:57:59.395305+00:00,200,19426.362,
2026-09-20T21:58:04.584512+00:00,200,14242.737,
2026-09-20T21:58:00.430084+00:00,200,18406.187,
2026-09-20T21:58:15.171642+00:00,200,3672.601,
2026-09-20T21:57:45.132041+00:00,200,33721.783,
2026-09-20T21:58:03.250771+00:00,200,15622.481,
2026-09-20T21:58:08.998163+00:00,200,9899.101,
2026-09-20T21:57:36.143827+00:00,200,42755.721,
2026-09-20T21:58:07.623086+00:00,200,11296.194,
2026-09-20T21:57:59.514667+00:00,200,19406.852,
2026-09-20T21:58:11.122023+00:00,200,7815.024,
2026-09-20T21:58:07.946688+00:00,200,11001.547,
2026-09-20T21:57:15.105355+00:00,200,63845.453,
2026-09-20T21:57:56.924881+00:00,200,22030.197,
2026-09-20T21:57:31.117856+00:00,200,47916.4,
2026-09-20T21:57:44.924831+00:00,200,34114.777,
2026-09-20T21:58:14.651635+00:00,200,4414.605,
2026-09-20T21:58:04.196675+00:00,200,14909.573,
2026-09-20T21:58:16.929910+00:00,200,2195.014,
2026-09-20T21:58:18.723453+00:00,200,404.638,
2026-09-20T21:57:52.120847+00:00,200,27010.689,
2026-09-20T21:58:02.855079+00:00,200,16278.601,
2026-09-20T21:58:12.772021+00:00,200,6386.871,
2026-09-20T21:58:07.701213+00:00,200,11464.256,
2026-09-20T21:57:59.653787+00:00,200,19539.174,
2026-09-20T21:58:18.013976+00:00,200,1196.633,
2026-09-20T21:58:17.214211+00:00,200,2008.736,
2026-09-20T21:57:59.285977+00:00,200,19961.257,
2026-09-20T21:57:59.962232+00:00,200,19310.453,
2026-09-20T21:57:39.587945+00:00,200,39688.216,
2026-09-20T21:58:18.137840+00:00,200,1140.387,
2026-09-20T21:58:01.218843+00:00,200,18065.718,
2026-09-20T21:58:08.041901+00:00,200,11278.134,
2026-09-20T21:58:14.244814+00:00,200,5081.204,
2026-09-20T21:57:35.598624+00:00,200,43758.143,
2026-09-20T21:57:40.116458+00:00,200,39246.448,
2026-09-20T21:57:52.749131+00:00,200,26618.614,
2026-09-20T21:57:44.541391+00:00,200,34835.055,
2026-09-20T21:57:49.304165+00:00,200,30085.807,
2026-09-20T21:57:30.795766+00:00,200,48596.808,
2026-09-20T21:58:09.447283+00:00,200,9961.615,
2026-09-20T21:58:15.462509+00:00,200,3950.774,
2026-09-20T21:57:55.145181+00:00,200,24293.37,
2026-09-20T21:58:18.424106+00:00,200,1028.77,
2026-09-20T21:58:17.227049+00:00,200,2259.365,
2026-09-20T21:58:16.118507+00:00,200,3377.162,
2026-09-20T21:57:57.197767+00:00,200,22320.078,
2026-09-20T21:57:54.601558+00:00,200,24918.792,
2026-09-20T21:58:11.491106+00:00,200,8036.624,
2026-09-20T21:57:30.946506+00:00,200,48595.344,
2026-09-20T21:57:30.051318+00:00,200,49493.064,
2026-09-20T21:58:14.114127+00:00,200,5448.733,
2026-09-20T21:58:06.766929+00:00,200,12849.494,
2026-09-20T21:58:16.776412+00:00,200,2855.526,
2026-09-20T21:58:08.811027+00:00,200,10857.627,
2026-09-20T21:58:07.213717+00:00,200,12465.052,
2026-09-20T21:58:17.453609+00:00,200,2246.519,
2026-09-20T21:58:00.782551+00:00,200,18919.95,
2026-09-20T21:57:56.756628+00:00,200,22957.719,
2026-09-20T21:57:53.743542+00:00,200,26016.233,
2026-09-20T21:57:40.214910+00:00,200,39570.46,
2026-09-20T21:57:45.829641+00:00,200,33962.838,
2026-09-20T21:58:01.776344+00:00,200,18031.531,
2026-09-20T21:58:01.033912+00:00,200,18781.06,
2026-09-20T21:57:53.602506+00:00,200,26215.001,
2026-09-20T21:57:37.270053+00:00,200,42598.989,
2026-09-20T21:57:49.719256+00:00,200,30174.624,
2026-09-20T21:58:09.742589+00:00,200,10159.417,
2026-09-20T21:58:19.135365+00:00,200,771.373,
2026-09-20T21:58:06.274719+00:00,200,13689.82,
2026-09-20T21:58:02.033372+00:00,200,17936.801,
2026-09-20T21:57:35.613494+00:00,200,44393.754,
2026-09-20T21:58:07.114197+00:00,200,12896.565,
2026-09-20T21:58:11.546432+00:00,200,8487.739,
2026-09-20T21:58:00.701331+00:00,200,19344.181,
2026-09-20T21:57:48.346305+00:00,200,31725.096,
2026-09-20T21:57:38.683257+00:00,200,41390.583,
2026-09-20T21:58:09.828334+00:00,200,10285.464,
2026-09-20T21:57:17.717279+00:00,200,62409.785,
2026-09-20T21:58:13.564354+00:00,200,6586.962,
2026-09-20T21:57:31.380895+00:00,200,48801.953,
2026-09-20T21:58:09.813765+00:00,200,10400.944,
2026-09-20T21:58:06.511715+00:00,200,13715.586,
2026-09-20T21:57:44.247110+00:00,200,35989.006,
2026-09-20T21:58:16.388366+00:00,200,3855.206,
2026-09-20T21:57:35.528453+00:00,200,44717.878,
2026-09-20T21:57:53.089446+00:00,200,27160.784,
2026-09-20T21:58:14.458722+00:00,200,5796.766,
2026-09-20T21:58:07.367716+00:00,200,12894.629,
2026-09-20T21:58:12.500626+00:00,200,7764.534,
2026-09-20T21:58:08.229403+00:00,200,12068.99,
2026-09-20T21:57:53.093114+00:00,200,27213.189,
2026-09-20T21:57:51.065737+00:00,200,29281.88,
2026-09-20T21:57:42.370613+00:00,200,37979.655,
2026-09-20T21:58:02.057672+00:00,200,18295.06,
2026-09-20T21:58:04.992266+00:00,200,15384.215,
2026-09-20T21:58:05.128746+00:00,200,15255.677,
2026-09-20T21:57:54.756755+00:00,200,25700.668,
2026-09-20T21:57:59.778396+00:00,200,20704.473,
2026-09-20T21:57:32.896146+00:00,200,47590.664,
2026-09-20T21:57:47.690087+00:00,200,32801.585,
2026-09-20T21:58:20.113740+00:00,200,397.722,
2026-09-20T21:58:18.419558+00:00,200,2098.373,
2026-09-20T21:58:09.779734+00:00,200,10766.262,
2026-09-20T21:58:19.486403+00:00,200,1100.886,
2026-09-20T21:57:50.677833+00:00,200,29922.612,
2026-09-20T21:58:02.043519+00:00,200,18562.733,
2026-09-20T21:57:34.091287+00:00,200,46552.404,
2026-09-20T21:57:40.821527+00:00,200,39828.353,
2026-09-20T21:57:51.037474+00:00,200,29621.605,
2026-09-20T21:58:00.210074+00:00,200,20457.891,
2026-09-20T21:57:59.604502+00:00,200,21088.733,
2026-09-20T21:58:15.849659+00:00,200,4855.948,
2026-09-20T21:58:18.048044+00:00,200,2675.931,
2026-09-20T21:57:55.021721+00:00,200,25748.234,
2026-09-20T21:58:10.074813+00:00,200,10702.02,
2026-09-20T21:57:42.030602+00:00,200,38773.685,
2026-09-20T21:58:02.772738+00:00,200,18036.528,
2026-09-20T21:58:17.454812+00:00,200,3360.821,
2026-09-20T21:58:00.879481+00:00,200,20002.427,
2026-09-20T21:58:03.358150+00:00,200,17548.975,
2026-09-20T21:57:36.791902+00:00,200,44122.829,
2026-09-20T21:58:01.438427+00:00,200,19498.554,
2026-09-20T21:58:00.663243+00:00,200,20277.537,
2026-09-20T21:57:54.313095+00:00,200,26644.717,
2026-09-20T21:57:27.690787+00:00,200,53273.507,
2026-09-20T21:58:20.587285+00:00,200,379.26,
2026-09-20T21:58:00.790026+00:00,200,20187.092,
2026-09-20T21:57:30.176782+00:00,200,50864.769,
2026-09-20T21:58:20.350051+00:00,200,745.691,
2026-09-20T21:57:27.479656+00:00,200,53635.874,
2026-09-20T21:57:43.044869+00:00,200,38087.488,
2026-09-20T21:57:30.885061+00:00,200,50251.113,
2026-09-20T21:57:58.142429+00:00,200,22998.678,
2026-09-20T21:57:27.987072+00:00,200,53174.672,
2026-09-20T21:58:13.545487+00:00,200,7626.003,
2026-09-20T21:58:20.437891+00:00,200,746.252,
2026-09-20T21:58:20.855646+00:00,200,410.382,
2026-09-20T21:58:03.784710+00:00,200,17483.911,
2026-09-20T21:58:01.723694+00:00,200,19547.401,
2026-09-20T21:57:30.339823+00:00,200,50940.365,
2026-09-20T21:57:50.224297+00:00,200,31075.971,
2026-09-20T21:57:51.767971+00:00,200,29546.527,
2026-09-20T21:58:17.745409+00:00,200,3584.231,
2026-09-20T21:58:07.255075+00:00,200,14083.547,
2026-09-20T21:58:07.210851+00:00,200,14169.969,
2026-09-20T21:57:34.593931+00:00,200,46832.165,
2026-09-20T21:57:43.634068+00:00,200,37798.113,
2026-09-20T21:58:20.771680+00:00,200,667.947,
2026-09-20T21:57:37.610434+00:00,200,43895.93,
2026-09-20T21:57:37.201395+00:00,200,44306.247,
2026-09-20T21:57:54.674317+00:00,200,26846.604,
2026-09-20T21:58:05.674338+00:00,200,15872.548,
2026-09-20T21:57:45.165339+00:00,200,36411.077,
2026-09-20T21:57:53.133084+00:00,200,28445.763,
2026-09-20T21:58:11.858751+00:00,200,9722.575,
2026-09-20T21:58:14.369453+00:00,200,7219.121,
2026-09-20T21:58:18.948174+00:00,200,2644.626,
2026-09-20T21:58:13.953303+00:00,200,7658.698,
2026-09-20T21:58:21.268523+00:00,200,345.075,
2026-09-20T21:58:14.529596+00:00,200,7093.019,
2026-09-20T21:57:42.567315+00:00,200,39084.621,
2026-09-20T21:57:51.141715+00:00,200,30533.052,
2026-09-20T21:58:16.437692+00:00,200,5242.119,
2026-09-20T21:57:42.053330+00:00,200,39642.034,
2026-09-20T21:57:52.432570+00:00,200,29271.671,
2026-09-20T21:57:49.452044+00:00,200,32278.162,
2026-09-20T21:58:11.798423+00:00,200,9935.674,
2026-09-20T21:57:41.051496+00:00,200,40695.296,
2026-09-20T21:57:59.681986+00:00,200,22120.758,
2026-09-20T21:58:06.134234+00:00,200,15670.514,
2026-09-20T21:58:08.219821+00:00,200,13586.525,
2026-09-20T21:58:08.723026+00:00,200,13092.025,
2026-09-20T21:58:03.649495+00:00,200,18169.925,
2026-09-20T21:58:09.211976+00:00,200,12608.633,
2026-09-20T21:58:14.247716+00:00,200,7578.819,
2026-09-20T21:57:42.933165+00:00,200,38894.806,
2026-09-20T21:57:36.559182+00:00,200,45271.676,
2026-09-20T21:57:31.199104+00:00,200,50634.751,
2026-09-20T21:58:15.000784+00:00,200,6835.953,
2026-09-20T21:57:34.385771+00:00,200,47456.395,
2026-09-20T21:57:47.927559+00:00,200,33928.259,
2026-09-20T21:57:36.883620+00:00,200,44992.83,
2026-09-20T21:58:13.113449+00:00,200,8772.382,
2026-09-20T21:57:54.459941+00:00,200,27430.18,
2026-09-20T21:58:11.518801+00:00,200,10375.521,
2026-09-20T21:58:17.120745+00:00,200,4813.609,
2026-09-20T21:58:16.283816+00:00,200,5655.67,
2026-09-20T21:57:50.146800+00:00,200,31804.172,
2026-09-20T21:57:46.104187+00:00,200,35864.893,
2026-09-20T21:57:35.856431+00:00,200,46115.877,
2026-09-20T21:57:59.367332+00:00,200,22611.892,
2026-09-20T21:58:16.758158+00:00,200,5229.908,
2026-09-20T21:57:57.000668+00:00,200,24992.282,
2026-09-20T21:58:06.614367+00:00,200,15409.711,
2026-09-20T21:58:18.844224+00:00,200,3185.215,
2026-09-20T21:58:01.586137+00:00,200,20457.508,
2026-09-20T21:58:05.148215+00:00,200,16899.407,
2026-09-20T21:57:50.662663+00:00,200,31389.862,
2026-09-20T21:57:36.083969+00:00,200,45970.594,
2026-09-20T21:57:53.754505+00:00,200,28310.854,
2026-09-20T21:58:06.574464+00:00,200,15496.035,
2026-09-20T21:58:13.559666+00:00,200,8512.781,
2026-09-20T21:58:15.875310+00:00,200,6216.384,
2026-09-20T21:57:59.712543+00:00,200,22383.42,
2026-09-20T21:57:34.425777+00:00,200,47672.001,
2026-09-20T21:58:07.666257+00:00,200,14435.096,
2026-09-20T21:58:15.243424+00:00,200,6868.052,
2026-09-20T21:58:07.531127+00:00,200,14586.053,
2026-09-20T21:58:14.360620+00:00,200,7778.322,
2026-09-20T21:58:21.934328+00:00,200,217.047,
2026-09-20T21:58:10.939898+00:00,200,11213.999,
2026-09-20T21:58:13.573929+00:00,200,8583.16,
2026-09-20T21:57:58.105910+00:00,200,24054.664,
2026-09-20T21:58:21.773984+00:00,200,424.335,
2026-09-20T21:58:02.256277+00:00,200,19943.054,
2026-09-20T21:58:20.354284+00:00,200,1862.34,
2026-09-20T21:58:18.803021+00:00,200,3420.953,
2026-09-20T21:57:44.864368+00:00,200,37377.608,
2026-09-20T21:58:16.819776+00:00,200,5427.13,
2026-09-20T21:57:41.584051+00:00,200,40672.785,
2026-09-20T21:57:35.205502+00:00,200,47052.312,
2026-09-20T21:57:16.130341+00:00,200,66147.276,
2026-09-20T21:57:47.627037+00:00,200,34654.75,
2026-09-20T21:58:04.611675+00:00,200,17672.428,
2026-09-20T21:57:54.121048+00:00,200,28173.03,
2026-09-20T21:57:37.247088+00:00,200,45049.578,
2026-09-20T21:58:15.572291+00:00,200,6741.537,
2026-09-20T21:57:56.464786+00:00,200,25858.52,
2026-09-20T21:57:21.415633+00:00,200,60917.523,
2026-09-20T21:57:58.648116+00:00,200,23691.2,
2026-09-20T21:58:14.456129+00:00,200,7883.981,
2026-09-20T21:58:17.375746+00:00,200,4969.803,
2026-09-20T21:57:48.739336+00:00,200,33614.182,
2026-09-20T21:57:51.810209+00:00,200,30554.932,
2026-09-20T21:58:15.619841+00:00,200,6749.114,
2026-09-20T21:58:07.604080+00:00,200,14777.906,
2026-09-20T21:58:18.771871+00:00,200,3622.523,
2026-09-20T21:58:16.729368+00:00,200,5673.021,
2026-09-20T21:58:08.713717+00:00,200,13698.756,
2026-09-20T21:57:22.363391+00:00,200,60051.244,
2026-09-20T21:58:15.892339+00:00,200,6523.996,
2026-09-20T21:58:18.808376+00:00,200,3610.891,
2026-09-20T21:58:17.819355+00:00,200,4608.059,
2026-09-20T21:58:03.571136+00:00,200,18858.213,
2026-09-20T21:57:25.100130+00:00,200,57333.029,
2026-09-20T21:58:11.511766+00:00,200,10927.167,
2026-09-20T21:58:10.015425+00:00,200,12432.526,
2026-09-20T21:57:52.371849+00:00,200,30078.209,
2026-09-20T21:57:49.815956+00:00,200,32652.659,
2026-09-20T21:57:56.913332+00:00,200,25560.907,
2026-09-20T21:58:17.406713+00:00,200,5073.032,
2026-09-20T21:57:41.852641+00:00,200,40641.04,
2026-09-20T21:57:27.893421+00:00,200,54601.54,
2026-09-20T21:58:21.870655+00:00,200,627.858,
2026-09-20T21:58:17.850099+00:00,200,4652.477,
2026-09-20T21:58:17.008777+00:00,200,5503.652,
2026-09-20T21:57:40.871623+00:00,200,41647.089,
2026-09-20T21:57:37.744432+00:00,200,44791.951,
2026-09-20T21:57:42.600911+00:00,200,39945.858,
2026-09-20T21:58:17.060780+00:00,200,5491.845,
2026-09-20T21:57:29.789942+00:00,200,52763.759,
2026-09-20T21:57:53.256906+00:00,200,29312.674,
2026-09-20T21:58:10.793207+00:00,200,11782.288,
2026-09-20T21:57:49.970946+00:00,200,32607.441,
2026-09-20T21:58:10.064811+00:00,200,12526.664,
2026-09-20T21:58:07.318308+00:00,200,15293.212,
2026-09-20T21:57:42.461522+00:00,200,40166.805,
2026-09-20T21:57:40.474838+00:00,200,42157.932,
2026-09-20T21:58:14.642542+00:00,200,7996.875,
2026-09-20T21:58:04.999743+00:00,200,17640.919,
2026-09-20T21:58:22.277237+00:00,200,367.966,
2026-09-20T21:57:58.525405+00:00,200,24129.794,
2026-09-20T21:58:06.698743+00:00,200,15959.203,
2026-09-20T21:57:42.282873+00:00,200,40392.03,
2026-09-20T21:58:21.066642+00:00,200,1612.357,
2026-09-20T21:57:20.686033+00:00,200,62000.001,
2026-09-20T21:58:02.572582+00:00,200,20116.112,
2026-09-20T21:58:13.385141+00:00,200,9314.159,
2026-09-20T21:58:19.681886+00:00,200,3027.735,
2026-09-20T21:58:07.336763+00:00,200,15380.328,
2026-09-20T21:57:56.643402+00:00,200,26075.878,
2026-09-20T21:58:22.536126+00:00,200,191.276,
2026-09-20T21:58:07.700089+00:00,200,15032.699,
2026-09-20T21:58:22.546541+00:00,200,192.718,
2026-09-20T21:58:21.735657+00:00,200,1004.792,
2026-09-20T21:58:14.383986+00:00,200,8358.924,
2026-09-20T21:58:11.223041+00:00,200,11523.323,
2026-09-20T21:58:17.564712+00:00,200,5206.081,
2026-09-20T21:58:19.225085+00:00,200,3561.464,
2026-09-20T21:57:56.290860+00:00,200,26500.093,
2026-09-20T21:58:00.225046+00:00,200,22571.313,
2026-09-20T21:57:24.555538+00:00,200,58248.077,
2026-09-20T21:58:16.322688+00:00,200,6504.231,
2026-09-20T21:57:21.146005+00:00,200,61685.2,
2026-09-20T21:58:15.291455+00:00,200,7540.533,
2026-09-20T21:57:16.349162+00:00,200,66486.836,
2026-09-20T21:58:11.158293+00:00,200,11687.424,
2026-09-20T21:58:12.785823+00:00,200,10062.683,
2026-09-20T21:58:22.678992+00:00,200,177.196,
2026-09-20T21:58:15.549134+00:00,200,7308.995,
2026-09-20T21:58:16.135471+00:00,200,6726.978,
2026-09-20T21:58:01.044330+00:00,200,21827.088,
2026-09-20T21:58:18.725256+00:00,200,4161.084,
2026-09-20T21:57:50.064732+00:00,200,32828.129,
2026-09-20T21:58:22.223956+00:00,200,672.577,
2026-09-20T21:57:40.414430+00:00,200,42490.315,
2026-09-20T21:58:04.850967+00:00,200,18065.409,
2026-09-20T21:57:45.018507+00:00,200,37898.732,
2026-09-20T21:58:16.371096+00:00,200,6559.816,
2026-09-20T21:57:42.294121+00:00,200,40648.934,
2026-09-20T21:58:18.199242+00:00,200,4746.797,
2026-09-20T21:58:22.293917+00:00,200,656.16,
2026-09-20T21:58:14.357696+00:00,200,8597.893,
2026-09-20T21:57:33.588023+00:00,200,49372.308,
2026-09-20T21:57:50.546578+00:00,200,32426.259,
2026-09-20T21:58:14.735269+00:00,200,8241.434,
2026-09-20T21:58:00.275473+00:00,200,22716.445,
2026-09-20T21:58:14.656397+00:00,200,8346.7,
2026-09-20T21:57:55.605626+00:00,200,27402.299,
2026-09-20T21:57:59.648135+00:00,200,23365.117,
2026-09-20T21:58:09.259875+00:00,200,13756.398,
2026-09-20T21:57:49.283696+00:00,200,33741.399,
2026-09-20T21:58:21.546796+00:00,200,1488.682,
2026-09-20T21:57:55.405678+00:00,200,27649.709,
2026-09-20T21:57:54.040540+00:00,200,29018.338,
2026-09-20T21:57:49.319289+00:00,200,33746.298,
2026-09-20T21:58:01.039000+00:00,200,22028.717,
2026-09-20T21:58:11.805054+00:00,200,11263.95,
2026-09-20T21:57:59.824618+00:00,200,23251.308,
2026-09-20T21:57:38.660996+00:00,200,44417.479,
2026-09-20T21:58:06.648178+00:00,200,16433.887,
2026-09-20T21:58:16.976604+00:00,200,6112.928,
2026-09-20T21:58:20.250076+00:00,200,2841.234,
2026-09-20T21:57:52.917552+00:00,200,30179.116,
2026-09-20T21:57:34.852158+00:00,200,48254.981,
2026-09-20T21:57:42.360670+00:00,200,40754.79,
2026-09-20T21:58:22.917021+00:00,200,209.567,
2026-09-20T21:57:33.044788+00:00,200,50085.369,
2026-09-20T21:57:31.947253+00:00,200,51194.512,
2026-09-20T21:58:09.016932+00:00,200,14125.47,
2026-09-20T21:58:16.173574+00:00,200,6974.345,
2026-09-20T21:58:22.955541+00:00,200,197.956,
2026-09-20T21:57:46.476388+00:00,200,36680.304,
2026-09-20T21:57:21.481472+00:00,200,61679.583,
2026-09-20T21:58:18.303786+00:00,200,4876.292,
2026-09-20T21:58:01.325001+00:00,200,21858.634,
2026-09-20T21:57:59.766688+00:00,200,23431.449,
2026-09-20T21:57:51.374765+00:00,200,31834.665,
2026-09-20T21:58:07.274869+00:00,200,15967.518,
2026-09-20T21:58:22.688587+00:00,200,556.057,
2026-09-20T21:58:01.139748+00:00,200,22118.302,
2026-09-20T21:57:35.270866+00:00,200,47996.224,
2026-09-20T21:58:05.877662+00:00,200,17411.646,
2026-09-20T21:58:05.102384+00:00,200,18196.789,
2026-09-20T21:57:37.340349+00:00,200,45960.055,
2026-09-20T21:57:44.849695+00:00,200,38453.556,
2026-09-20T21:58:20.352632+00:00,200,2958.447,
2026-09-20T21:58:06.631215+00:00,200,16691.323,
2026-09-20T21:58:10.835151+00:00,200,12489.754,
2026-09-20T21:57:57.898869+00:00,200,25443.471,
2026-09-20T21:58:22.960532+00:00,200,390.537,
2026-09-20T21:57:59.810702+00:00,200,23545.149,
2026-09-20T21:57:33.339528+00:00,200,50022.366,
2026-09-20T21:58:19.325990+00:00,200,4043.29,
2026-09-20T21:58:21.314329+00:00,200,2056.399,
2026-09-20T21:57:48.355085+00:00,200,35025.124,
2026-09-20T21:58:16.882403+00:00,200,6501.078,
2026-09-20T21:58:08.035207+00:00,200,15352.107,
2026-09-20T21:58:11.107802+00:00,200,12287.428,
2026-09-20T21:57:30.904317+00:00,200,52493.775,
2026-09-20T21:57:50.966981+00:00,200,32432.846,
2026-09-20T21:58:05.776088+00:00,200,17642.126,
2026-09-20T21:57:54.075717+00:00,200,29360.118,
2026-09-20T21:58:08.529705+00:00,200,14907.62,
2026-09-20T21:57:34.723828+00:00,200,48718.373,
2026-09-20T21:58:02.498215+00:00,200,20962.015,
2026-09-20T21:58:00.095435+00:00,200,23366.969,
2026-09-20T21:58:17.939170+00:00,200,5526.191,
2026-09-20T21:57:17.052386+00:00,200,66428.506,
2026-09-20T21:58:23.289210+00:00,200,204.078,
2026-09-20T21:57:48.713392+00:00,200,34789.668,
2026-09-20T21:58:16.204411+00:00,200,7304.486,
2026-09-20T21:57:52.018927+00:00,200,31493.124,
2026-09-20T21:58:23.317302+00:00,200,205.137,
2026-09-20T21:58:19.247121+00:00,200,4284.853,
2026-09-20T21:57:56.768950+00:00,200,26778.759,
2026-09-20T21:58:22.685679+00:00,200,870.914,
2026-09-20T21:58:19.389800+00:00,200,4168.727,
2026-09-20T21:58:17.523258+00:00,200,6037.202,
2026-09-20T21:58:07.016432+00:00,200,16546.495,
2026-09-20T21:58:21.746558+00:00,200,1829.759,
2026-09-20T21:58:22.742864+00:00,200,834.226,
2026-09-20T21:57:30.811219+00:00,200,52771.204,
2026-09-20T21:58:23.380009+00:00,200,208.14,
2026-09-20T21:57:56.763086+00:00,200,26837.207,
2026-09-20T21:57:54.161111+00:00,200,29442.062,
2026-09-20T21:57:51.905209+00:00,200,31699.397,
2026-09-20T21:57:54.907774+00:00,200,28713.426,
2026-09-20T21:58:04.862196+00:00,200,18764.822,
2026-09-20T21:58:21.065293+00:00,200,2562.777,
2026-09-20T21:58:20.355710+00:00,200,3278.941,
2026-09-20T21:58:18.182172+00:00,200,5458.03,
2026-09-20T21:58:21.380741+00:00,200,2262.491,
2026-09-20T21:58:06.781563+00:00,200,16865.148,
2026-09-20T21:58:06.389977+00:00,200,17265.695,
2026-09-20T21:58:01.537364+00:00,200,22119.524,
2026-09-20T21:58:14.731138+00:00,200,8948.046,
2026-09-20T21:58:15.846670+00:00,200,7834.932,
2026-09-20T21:58:22.492247+00:00,200,1190.445,
2026-09-20T21:57:45.810930+00:00,200,37874.91,
2026-09-20T21:57:22.454928+00:00,200,61233.64,
2026-09-20T21:57:35.865501+00:00,200,47834.957,
2026-09-20T21:57:46.465193+00:00,200,37249.192,
2026-09-20T21:58:17.497938+00:00,200,6219.0,
2026-09-20T21:57:45.287554+00:00,200,38430.88,
2026-09-20T21:58:15.113725+00:00,200,8608.597,
2026-09-20T21:57:42.103676+00:00,200,41630.485,
2026-09-20T21:58:23.547557+00:00,200,200.633,
2026-09-20T21:58:04.554908+00:00,200,19194.29,
2026-09-20T21:57:59.796845+00:00,200,23988.428,
2026-09-20T21:58:16.537181+00:00,200,7249.264,
2026-09-20T21:58:23.385261+00:00,200,413.331,
2026-09-20T21:58:06.947122+00:00,200,16869.187,
2026-09-20T21:58:10.375517+00:00,200,13443.081,
2026-09-20T21:58:20.936870+00:00,200,2888.589,
2026-09-20T21:57:34.660607+00:00,200,49170.124,
2026-09-20T21:57:53.737536+00:00,200,30096.686,
2026-09-20T21:58:22.047526+00:00,200,1789.861,
2026-09-20T21:57:55.388388+00:00,200,28458.917,
2026-09-20T21:57:59.457470+00:00,200,24400.154,
2026-09-20T21:58:23.621036+00:00,200,238.782,
2026-09-20T21:58:22.770766+00:00,200,1096.534,
2026-09-20T21:58:16.863258+00:00,200,7024.57,
2026-09-20T21:57:20.244294+00:00,200,63655.437,
2026-09-20T21:57:50.413370+00:00,200,33492.277,
2026-09-20T21:58:21.135885+00:00,200,2780.916,
2026-09-20T21:57:29.904214+00:00,200,54019.964,
2026-09-20T21:57:51.834331+00:00,200,32091.904,
2026-09-20T21:57:46.442810+00:00,200,37496.337,
2026-09-20T21:57:34.986248+00:00,200,48969.771,
2026-09-20T21:57:54.725131+00:00,200,29234.133,
2026-09-20T21:57:54.355590+00:00,200,29604.434,
2026-09-20T21:58:22.991789+00:00,200,979.96,
2026-09-20T21:57:53.880027+00:00,200,30095.597,
2026-09-20T21:57:45.848367+00:00,200,38135.174,
2026-09-20T21:58:08.082358+00:00,200,15911.253,
2026-09-20T21:58:04.322529+00:00,200,19677.317,
2026-09-20T21:58:19.550924+00:00,200,4454.726,
2026-09-20T21:58:13.737257+00:00,200,10274.567,
2026-09-20T21:57:56.513747+00:00,200,27498.967,
2026-09-20T21:58:21.695137+00:00,200,2320.351,
2026-09-20T21:58:02.239559+00:00,200,21777.359,
2026-09-20T21:57:32.923652+00:00,200,51096.017,
2026-09-20T21:58:23.418113+00:00,200,606.678,
2026-09-20T21:57:54.735635+00:00,200,29305.368,
2026-09-20T21:58:05.968129+00:00,200,18073.782,
2026-09-20T21:57:51.503681+00:00,200,32546.586,
2026-09-20T21:58:00.392242+00:00,200,23669.928,
2026-09-20T21:58:23.786405+00:00,200,285.236,
2026-09-20T21:58:20.298326+00:00,200,3779.267,
2026-09-20T21:58:07.293000+00:00,200,16786.761,
2026-09-20T21:57:16.364869+00:00,200,67720.902,
2026-09-20T21:57:52.083652+00:00,200,32022.925,
2026-09-20T21:58:19.814866+00:00,200,4297.434,
2026-09-20T21:58:22.904501+00:00,200,1223.273,
2026-09-20T21:58:21.431965+00:00,200,2696.519,
2026-09-20T21:57:55.803468+00:00,200,28331.475,
2026-09-20T21:57:49.457237+00:00,200,34683.291,
2026-09-20T21:57:56.750540+00:00,200,27393.825,
2026-09-20T21:57:46.588079+00:00,200,37563.024,
2026-09-20T21:58:10.180705+00:00,200,13983.02,
2026-09-20T21:58:19.044680+00:00,200,5172.343,
2026-09-20T21:57:42.697713+00:00,200,41520.25,
2026-09-20T21:58:23.916788+00:00,200,301.715,
2026-09-20T21:58:17.334932+00:00,200,6894.505,
2026-09-20T21:58:02.171401+00:00,200,22061.997,
2026-09-20T21:57:55.594115+00:00,200,28643.327,
2026-09-20T21:57:29.820859+00:00,200,54417.666,
2026-09-20T21:58:12.792819+00:00,200,11457.853,
2026-09-20T21:57:40.683056+00:00,200,43569.726,
2026-09-20T21:58:06.717621+00:00,200,17537.451,
2026-09-20T21:58:07.784246+00:00,200,16471.779,
2026-09-20T21:58:21.704074+00:00,200,2566.044,
2026-09-20T21:57:31.539080+00:00,200,52748.504,
2026-09-20T21:58:18.508295+00:00,200,5779.866,
2026-09-20T21:58:19.106165+00:00,200,5182.942,
2026-09-20T21:57:59.486435+00:00,200,24814.966,
2026-09-20T21:58:09.156398+00:00,200,15153.129,
2026-09-20T21:57:52.730009+00:00,200,31580.726,
2026-09-20T21:57:30.800953+00:00,200,53529.379,
2026-09-20T21:58:21.957706+00:00,200,2374.646,
2026-09-20T21:58:23.993521+00:00,200,343.668,
2026-09-20T21:57:29.552531+00:00,200,54823.954,
2026-09-20T21:58:20.171712+00:00,200,4205.545,
2026-09-20T21:57:36.074040+00:00,200,48316.727,
2026-09-20T21:57:55.073189+00:00,200,29321.929,
2026-09-20T21:57:50.296565+00:00,200,34107.872,
2026-09-20T21:58:16.311696+00:00,200,8093.882,
2026-09-20T21:58:24.077573+00:00,200,331.665,
2026-09-20T21:57:41.154240+00:00,200,43275.221,
2026-09-20T21:58:12.198680+00:00,200,12237.064,
2026-09-20T21:57:31.357491+00:00,200,53083.921,
2026-09-20T21:57:27.499449+00:00,200,56944.483,
2026-09-20T21:57:34.494342+00:00,200,49951.475,
2026-09-20T21:57:58.963556+00:00,200,25486.826,
2026-09-20T21:57:35.809753+00:00,200,48647.131,
2026-09-20T21:58:24.127770+00:00,200,338.181,
2026-09-20T21:57:43.431510+00:00,200,41052.358,
2026-09-20T21:58:24.128470+00:00,200,362.784,
2026-09-20T21:58:24.217725+00:00,200,277.014,
2026-09-20T21:57:36.923952+00:00,200,47584.494,
2026-09-20T21:57:53.028236+00:00,200,31484.437,
2026-09-20T21:58:24.218503+00:00,200,304.475,
2026-09-20T21:57:54.464640+00:00,200,30066.756,
2026-09-20T21:57:27.253938+00:00,200,57290.399,
2026-09-20T21:58:22.438872+00:00,200,2133.397,
2026-09-20T21:58:24.289079+00:00,200,292.305,
2026-09-20T21:57:58.501736+00:00,200,26085.747,
2026-09-20T21:58:20.128139+00:00,200,4478.454,
2026-09-20T21:57:50.061633+00:00,200,34547.186,
2026-09-20T21:58:19.087607+00:00,200,5532.172,
2026-09-20T21:58:23.899367+00:00,200,733.596,
2026-09-20T21:57:22.507313+00:00,200,62129.642,
2026-09-20T21:58:09.789282+00:00,200,14872.425,
2026-09-20T21:57:51.991005+00:00,200,32676.36,
2026-09-20T21:58:07.275520+00:00,200,17393.134,
2026-09-20T21:57:59.634955+00:00,200,25035.113,
2026-09-20T21:58:15.607533+00:00,200,9084.863,
2026-09-20T21:58:22.381902+00:00,200,2349.716,
2026-09-20T21:58:22.402358+00:00,200,2330.754,
2026-09-20T21:58:06.334790+00:00,200,18399.932,
2026-09-20T21:58:06.193466+00:00,200,18549.768,
2026-09-20T21:58:10.596148+00:00,200,14173.894,
2026-09-20T21:57:48.224559+00:00,200,36547.254,
2026-09-20T21:57:30.128337+00:00,200,54645.326,
2026-09-20T21:57:32.320863+00:00,200,52454.573,
2026-09-20T21:58:11.065406+00:00,200,13748.272,
2026-09-20T21:58:12.834106+00:00,200,11981.251,
2026-09-20T21:57:48.380675+00:00,200,36459.163,
2026-09-20T21:58:24.376170+00:00,200,480.247,
2026-09-20T21:57:43.725562+00:00,200,41132.899,
2026-09-20T21:57:39.663680+00:00,200,45196.677,
2026-09-20T21:57:50.778848+00:00,200,34083.31,
2026-09-20T21:58:05.894552+00:00,200,18969.508,
2026-09-20T21:57:35.049170+00:00,200,49817.087,
2026-09-20T21:58:06.579711+00:00,200,18291.727,
2026-09-20T21:58:24.435677+00:00,200,437.742,
2026-09-20T21:58:01.580362+00:00,200,23339.969,
2026-09-20T21:58:01.062272+00:00,200,23863.03,
2026-09-20T21:57:31.755558+00:00,200,53173.947,
2026-09-20T21:57:51.903181+00:00,200,33033.588,
2026-09-20T21:58:03.071439+00:00,200,21867.491,
2026-09-20T21:58:03.769560+00:00,200,21171.601,
2026-09-20T21:57:52.189725+00:00,200,32759.57,
2026-09-20T21:57:55.347660+00:00,200,29613.159,
2026-09-20T21:57:54.381802+00:00,200,30581.415,
2026-09-20T21:58:21.442785+00:00,200,3557.402,
2026-09-20T21:57:58.563083+00:00,200,26444.552,
2026-09-20T21:57:44.605117+00:00,200,40404.645,
2026-09-20T21:58:19.367593+00:00,200,5645.215,
2026-09-20T21:58:12.480922+00:00,200,12541.291,
2026-09-20T21:58:06.203779+00:00,200,18829.603,
2026-09-20T21:58:21.300090+00:00,200,3745.829,
2026-09-20T21:57:51.099389+00:00,200,33983.036,
2026-09-20T21:58:00.337004+00:00,200,24754.843,
2026-09-20T21:57:41.897761+00:00,200,43219.899,
2026-09-20T21:57:30.960283+00:00,200,54159.589,
2026-09-20T21:58:00.171222+00:00,200,24975.089,
2026-09-20T21:57:29.077446+00:00,200,56074.501,
2026-09-20T21:58:07.187185+00:00,200,17998.778,
2026-09-20T21:58:20.942351+00:00,200,4296.115,
2026-09-20T21:58:09.267190+00:00,200,15973.415,
2026-09-20T21:58:07.745183+00:00,200,17506.465,
2026-09-20T21:57:59.192482+00:00,200,26099.853,
2026-09-20T21:58:22.281589+00:00,200,3012.615,
2026-09-20T21:58:06.250725+00:00,200,19047.606,
2026-09-20T21:58:24.443605+00:00,200,856.819,
2026-09-20T21:57:29.603111+00:00,200,55728.281,
2026-09-20T21:58:08.388261+00:00,200,16945.126,
2026-09-20T21:58:18.658192+00:00,200,6691.359,
2026-09-20T21:58:23.857485+00:00,200,1521.566,
2026-09-20T21:58:18.235742+00:00,200,7148.787,
2026-09-20T21:58:05.883280+00:00,200,19504.491,
2026-09-20T21:58:06.984036+00:00,200,18407.042,
2026-09-20T21:58:23.160703+00:00,200,2241.999,
2026-09-20T21:58:10.821265+00:00,200,14586.078,
2026-09-20T21:57:57.215163+00:00,200,28199.241,
2026-09-20T21:57:44.590646+00:00,200,40828.526,
2026-09-20T21:57:15.543770+00:00,200,69913.781,
2026-09-20T21:58:21.819317+00:00,200,3646.079,
2026-09-20T21:58:07.317620+00:00,200,18169.571,
2026-09-20T21:57:45.099023+00:00,200,40398.07,
2026-09-20T21:57:39.801070+00:00,200,45735.776,
2026-09-20T21:57:48.639013+00:00,200,36917.514,
2026-09-20T21:58:04.326260+00:00,200,21234.558,
2026-09-20T21:58:15.135702+00:00,200,10429.57,
2026-09-20T21:57:54.902108+00:00,200,30671.437,
2026-09-20T21:58:00.352718+00:00,200,25236.98,
2026-09-20T21:58:10.697274+00:00,200,14897.141,
2026-09-20T21:58:18.564712+00:00,200,7058.381,
2026-09-20T21:57:58.127098+00:00,200,27498.489,
2026-09-20T21:58:02.222628+00:00,200,23410.39,
2026-09-20T21:58:24.813600+00:00,200,853.286,
2026-09-20T21:57:35.395458+00:00,200,50295.864,
2026-09-20T21:58:21.520768+00:00,200,4180.55,
2026-09-20T21:58:20.010690+00:00,200,5702.539,
2026-09-20T21:58:20.491484+00:00,200,5240.332,
2026-09-20T21:58:16.122734+00:00,200,9625.842,
2026-09-20T21:57:35.439059+00:00,200,50323.209,
2026-09-20T21:58:13.337501+00:00,200,12429.855,
2026-09-20T21:57:50.010620+00:00,200,35808.317,
2026-09-20T21:58:17.682384+00:00,200,8155.166,
2026-09-20T21:57:32.390352+00:00,200,53449.759,
2026-09-20T21:57:32.580317+00:00,200,53279.358,
2026-09-20T21:58:08.720888+00:00,200,17168.529,
2026-09-20T21:57:40.467377+00:00,200,45454.489,
2026-09-20T21:57:58.702812+00:00,200,27242.702,
2026-09-20T21:57:33.477847+00:00,200,52483.108,
2026-09-20T21:58:05.271696+00:00,200,20720.829,
2026-09-20T21:58:25.623055+00:00,200,372.874,
2026-09-20T21:58:21.506112+00:00,200,4499.313,
2026-09-20T21:57:53.259523+00:00,200,32750.702,
2026-09-20T21:58:09.770275+00:00,200,16242.193,
2026-09-20T21:58:10.005791+00:00,200,16013.836,
2026-09-20T21:57:54.417646+00:00,200,31620.323,
2026-09-20T21:57:43.416644+00:00,200,42628.858,
2026-09-20T21:58:25.625431+00:00,200,424.929,
2026-09-20T21:57:30.412354+00:00,200,55673.199,
2026-09-20T21:58:22.217427+00:00,200,3894.726,
2026-09-20T21:57:35.029333+00:00,200,51085.263,
2026-09-20T21:58:23.576309+00:00,200,2544.641,
2026-09-20T21:58:05.779060+00:00,200,20347.712,
2026-09-20T21:57:30.065665+00:00,200,56071.772,
2026-09-20T21:58:16.182543+00:00,200,9981.041,
2026-09-20T21:58:14.982966+00:00,200,11194.072,
2026-09-20T21:58:13.583407+00:00,200,12606.386,
2026-09-20T21:58:22.294592+00:00,200,3907.56,
2026-09-20T21:58:15.643320+00:00,200,10566.045,
2026-09-20T21:58:08.084523+00:00,200,18174.426,
2026-09-20T21:57:43.004750+00:00,200,43265.611,
2026-09-20T21:57:42.225371+00:00,200,44051.701,
2026-09-20T21:58:14.363603+00:00,200,11933.616,
2026-09-20T21:58:22.592447+00:00,200,3742.432,
2026-09-20T21:58:06.736871+00:00,200,19610.907,
2026-09-20T21:58:00.208165+00:00,200,26141.807,
2026-09-20T21:58:25.992408+00:00,200,359.628,
2026-09-20T21:58:23.013118+00:00,200,3380.712,
2026-09-20T21:58:25.995929+00:00,200,400.121,
2026-09-20T21:58:14.726696+00:00,200,11712.472,
2026-09-20T21:57:41.377946+00:00,200,45074.811,
2026-09-20T21:58:18.406922+00:00,200,8050.452,
2026-09-20T21:57:31.792821+00:00,200,54692.886,
2026-09-20T21:58:02.235294+00:00,200,24303.115,
2026-09-20T21:58:13.102199+00:00,200,13446.981,
2026-09-20T21:57:53.048267+00:00,200,33522.948,
2026-09-20T21:58:17.434054+00:00,200,9140.865,
2026-09-20T21:57:51.860832+00:00,200,34727.865,
2026-09-20T21:58:01.666229+00:00,200,24944.016,
2026-09-20T21:57:59.818810+00:00,200,26799.007,
2026-09-20T21:58:17.856761+00:00,200,8771.206,
2026-09-20T21:58:22.390746+00:00,200,4251.427,
2026-09-20T21:58:07.578000+00:00,200,19076.937,
2026-09-20T21:58:10.778937+00:00,200,15885.055,
2026-09-20T21:58:16.579677+00:00,200,10090.797,
2026-09-20T21:58:17.882495+00:00,200,8820.092,
2026-09-20T21:58:23.523053+00:00,200,3199.614,
2026-09-20T21:58:18.821556+00:00,200,7956.96,
2026-09-20T21:58:08.226909+00:00,200,18556.45,
2026-09-20T21:58:23.867296+00:00,200,2928.083,
2026-09-20T21:58:26.396049+00:00,200,411.493,
2026-09-20T21:58:15.395429+00:00,200,11427.273,
2026-09-20T21:58:22.494647+00:00,200,4342.046,
2026-09-20T21:58:10.320059+00:00,200,16523.154,
2026-09-20T21:58:26.439102+00:00,200,415.524,
2026-09-20T21:58:07.597112+00:00,200,19266.028,
2026-09-20T21:58:18.324700+00:00,200,8555.123,
2026-09-20T21:57:34.684068+00:00,200,52251.723,
2026-09-20T21:58:26.530085+00:00,200,410.239,
2026-09-20T21:58:24.159904+00:00,200,2782.884,
2026-09-20T21:57:44.940231+00:00,200,42042.25,
2026-09-20T21:57:35.108361+00:00,200,51907.869,
2026-09-20T21:58:22.640561+00:00,200,4394.543,
2026-09-20T21:58:19.178518+00:00,200,7865.959,
2026-09-20T21:58:15.979501+00:00,200,11075.982,
2026-09-20T21:57:58.308121+00:00,200,28800.723,
2026-09-20T21:57:58.894241+00:00,200,28223.042,
2026-09-20T21:58:14.571135+00:00,200,12553.12,
2026-09-20T21:58:13.308074+00:00,200,13833.912,
2026-09-20T21:58:26.778472+00:00,200,386.687,
2026-09-20T21:57:39.143404+00:00,200,48031.705,
2026-09-20T21:58:22.850001+00:00,200,4348.886,
2026-09-20T21:57:50.345516+00:00,200,36862.608,
2026-09-20T21:58:23.656763+00:00,200,3563.555,
2026-09-20T21:57:48.389040+00:00,200,38864.43,
2026-09-20T21:57:33.618561+00:00,200,53638.905,
2026-09-20T21:57:46.925582+00:00,200,40398.369,
2026-09-20T21:57:35.371857+00:00,200,51958.547,
2026-09-20T21:58:20.776773+00:00,200,6591.13,
2026-09-20T21:58:14.925568+00:00,200,12451.524,
2026-09-20T21:58:11.455672+00:00,200,15972.122,
2026-09-20T21:57:30.780089+00:00,200,56650.486,
2026-09-20T21:57:51.433517+00:00,200,36012.787,
2026-09-20T21:58:27.117122+00:00,200,361.549,
2026-09-20T21:58:08.508829+00:00,200,18976.89,
2026-09-20T21:58:15.650460+00:00,200,11845.692,
2026-09-20T21:58:25.489906+00:00,200,2012.679,
2026-09-20T21:58:12.487492+00:00,200,15023.246,
2026-09-20T21:57:41.657199+00:00,200,45858.012,
2026-09-20T21:58:20.376395+00:00,200,7148.126,
2026-09-20T21:58:11.838563+00:00,200,15700.324,
2026-09-20T21:57:45.397453+00:00,200,42153.992,
2026-09-20T21:58:24.405533+00:00,200,3189.567,
2026-09-20T21:58:23.322443+00:00,200,4343.847,
2026-09-20T21:58:23.244644+00:00,200,4434.596,
2026-09-20T21:58:16.680023+00:00,200,11014.445,
2026-09-20T21:58:23.798592+00:00,200,3912.294,
2026-09-20T21:58:16.306065+00:00,200,11410.169,
2026-09-20T21:58:11.187243+00:00,200,16548.98,
2026-09-20T21:57:41.580293+00:00,200,46171.317,
2026-09-20T21:58:23.266815+00:00,200,4536.929,
2026-09-20T21:58:03.912548+00:00,200,23928.786,
2026-09-20T21:57:52.409798+00:00,200,35448.985,
2026-09-20T21:57:58.811106+00:00,200,29066.697,
2026-09-20T21:58:07.077182+00:00,200,20841.158,
2026-09-20T21:58:16.565956+00:00,200,11375.646,
2026-09-20T21:58:23.628057+00:00,200,4340.345,
2026-09-20T21:58:17.801031+00:00,200,10177.212,
2026-09-20T21:58:23.462271+00:00,200,4540.395,
2026-09-20T21:57:28.900002+00:00,200,59110.548,
2026-09-20T21:57:56.775009+00:00,200,31239.429,
2026-09-20T21:58:10.807308+00:00,200,17213.408,
2026-09-20T21:58:26.120937+00:00,200,1959.579,
2026-09-20T21:58:01.059107+00:00,200,27060.661,
2026-09-20T21:58:20.940665+00:00,200,7215.505,
2026-09-20T21:57:59.827152+00:00,200,28359.462,
2026-09-20T21:58:07.204216+00:00,200,20987.233,
2026-09-20T21:58:01.734930+00:00,200,26467.723,
2026-09-20T21:58:27.803720+00:00,200,401.318,
2026-09-20T21:58:24.019376+00:00,200,4189.713,
2026-09-20T21:58:01.813290+00:00,200,26432.774,
2026-09-20T21:58:15.041332+00:00,200,13221.427,
2026-09-20T21:58:23.961528+00:00,200,4309.648,
2026-09-20T21:58:09.616618+00:00,200,18684.967,
2026-09-20T21:58:27.918224+00:00,200,402.965,
2026-09-20T21:57:28.139223+00:00,200,60194.445,
2026-09-20T21:57:30.899634+00:00,200,57462.292,
2026-09-20T21:58:27.108680+00:00,200,1291.736,
2026-09-20T21:58:24.668556+00:00,200,3747.604,
2026-09-20T21:58:18.244406+00:00,200,10244.718,
2026-09-20T21:58:15.708578+00:00,200,12787.72,
2026-09-20T21:57:16.695163+00:00,200,71817.304,
2026-09-20T21:58:16.280198+00:00,200,12244.985,
2026-09-20T21:57:32.825577+00:00,200,55728.662,
2026-09-20T21:58:06.064896+00:00,200,22500.857,
2026-09-20T21:58:13.347095+00:00,200,15222.521,
2026-09-20T21:58:16.910117+00:00,200,11713.922,
2026-09-20T21:58:05.109926+00:00,200,23538.675,
2026-09-20T21:58:23.785137+00:00,200,4877.952,
2026-09-20T21:58:17.341453+00:00,200,11353.106,
2026-09-20T21:57:43.454511+00:00,200,45248.251,
2026-09-20T21:58:07.782893+00:00,200,20929.8,
2026-09-20T21:58:18.814978+00:00,200,9910.164,
2026-09-20T21:57:31.544759+00:00,200,57183.25,
2026-09-20T21:58:24.669925+00:00,200,4068.139,
2026-09-20T21:58:19.275933+00:00,200,9470.105,
2026-09-20T21:57:31.846978+00:00,200,56946.815,
2026-09-20T21:57:20.016598+00:00,200,68808.329,
2026-09-20T21:57:42.232661+00:00,200,46594.633,
2026-09-20T21:57:34.099926+00:00,200,54757.638,
2026-09-20T21:58:07.224416+00:00,200,21650.166,
2026-09-20T21:58:23.511870+00:00,200,5379.89,
2026-09-20T21:58:23.019605+00:00,200,5925.179,
2026-09-20T21:58:22.284002+00:00,200,6668.953,
2026-09-20T21:58:17.795371+00:00,200,11214.123,
2026-09-20T21:58:26.085233+00:00,200,2944.036,
2026-09-20T21:58:22.070411+00:00,200,6961.306,
2026-09-20T21:58:07.688515+00:00,200,21362.532,
2026-09-20T21:58:24.134781+00:00,200,4950.785,
2026-09-20T21:58:15.621046+00:00,200,13483.18,
2026-09-20T21:57:44.513296+00:00,200,44596.977,
2026-09-20T21:58:09.118562+00:00,200,19998.021,
2026-09-20T21:57:31.585710+00:00,200,57545.588,
2026-09-20T21:58:07.372871+00:00,200,21773.114,
2026-09-20T21:58:10.307700+00:00,200,18851.726,
2026-09-20T21:57:53.172927+00:00,200,36010.098,
2026-09-20T21:58:27.936690+00:00,200,1250.996,
2026-09-20T21:57:23.790547+00:00,200,65412.204,
2026-09-20T21:58:03.492602+00:00,200,25789.921,
2026-09-20T21:58:28.466428+00:00,200,819.547,
2026-09-20T21:58:02.064436+00:00,200,27235.466,
2026-09-20T21:58:15.817764+00:00,200,13484.363,
2026-09-20T21:58:15.861059+00:00,200,13446.777,
2026-09-20T21:57:29.851697+00:00,200,59473.088,
2026-09-20T21:58:15.824524+00:00,200,13506.968,
2026-09-20T21:58:07.111798+00:00,200,22222.815,
2026-09-20T21:58:08.028325+00:00,200,21320.967,
2026-09-20T21:58:22.153835+00:00,200,7214.571,
2026-09-20T21:58:03.029503+00:00,200,26340.925,
2026-09-20T21:58:20.651443+00:00,200,8751.755,
2026-09-20T21:58:25.107157+00:00,200,4338.995,
2026-09-20T21:58:16.473077+00:00,200,12997.391,
2026-09-20T21:58:00.862326+00:00,200,28623.053,
2026-09-20T21:58:02.622394+00:00,200,26869.646,
2026-09-20T21:58:16.252563+00:00,200,13252.586,
2026-09-20T21:58:07.600640+00:00,200,21907.451,
2026-09-20T21:57:43.962507+00:00,200,45646.823,
2026-09-20T21:58:08.802838+00:00,200,20861.958,
2026-09-20T21:57:53.056423+00:00,200,36643.095,
2026-09-20T21:58:17.408991+00:00,200,12291.317,
2026-09-20T21:57:43.974503+00:00,200,45734.903,
2026-09-20T21:57:43.696956+00:00,200,46015.602,
2026-09-20T21:58:17.725648+00:00,200,11993.251,
2026-09-20T21:57:54.822354+00:00,200,34914.64,
2026-09-20T21:58:24.012562+00:00,200,5744.708,
2026-09-20T21:58:21.613598+00:00,200,8145.304,
2026-09-20T21:58:29.446129+00:00,200,316.447,
2026-09-20T21:58:18.816133+00:00,200,10979.953,
2026-09-20T21:58:21.988038+00:00,200,7811.6,
2026-09-20T21:58:25.119561+00:00,200,4697.319,
2026-09-20T21:57:55.038660+00:00,200,34782.533,
2026-09-20T21:57:51.537282+00:00,200,38285.71,
2026-09-20T21:57:36.114337+00:00,200,53713.462,
2026-09-20T21:58:20.227224+00:00,200,9617.932,
2026-09-20T21:57:33.834292+00:00,200,56013.304,
2026-09-20T21:57:18.017047+00:00,200,71835.649,
2026-09-20T21:57:29.742278+00:00,200,60112.664,
2026-09-20T21:58:19.893708+00:00,200,9973.337,
2026-09-20T21:58:24.861963+00:00,200,5007.384,
2026-09-20T21:58:18.853631+00:00,200,11032.307,
2026-09-20T21:58:27.323720+00:00,200,2572.459,
2026-09-20T21:57:52.674401+00:00,200,37234.891,
2026-09-20T21:58:16.455159+00:00,200,13456.973,
2026-09-20T21:57:53.386147+00:00,200,36527.09,
2026-09-20T21:58:25.033275+00:00,200,4881.295,
2026-09-20T21:58:14.354301+00:00,200,15571.582,
2026-09-20T21:58:03.067737+00:00,200,26861.258,
2026-09-20T21:58:26.440676+00:00,200,3496.762,
2026-09-20T21:57:44.458582+00:00,200,45485.278,
2026-09-20T21:58:29.699308+00:00,200,247.771,
2026-09-20T21:57:42.876976+00:00,200,47076.074,
2026-09-20T21:58:20.693115+00:00,200,9264.821,
2026-09-20T21:57:42.273982+00:00,200,47710.843,
2026-09-20T21:58:00.784823+00:00,200,29203.999,
2026-09-20T21:57:48.294381+00:00,200,41702.742,
2026-09-20T21:58:13.884608+00:00,200,16117.163,
2026-09-20T21:58:29.786579+00:00,200,232.475,
2026-09-20T21:58:28.416141+00:00,200,1616.786,
2026-09-20T21:58:26.859124+00:00,200,3202.651,
2026-09-20T21:58:11.504867+00:00,200,18567.027,
2026-09-20T21:58:29.376638+00:00,200,700.101,
2026-09-20T21:57:30.831589+00:00,200,59264.95,
2026-09-20T21:58:29.018366+00:00,200,1114.666,
2026-09-20T21:58:16.386328+00:00,200,13752.042,
2026-09-20T21:58:22.848449+00:00,200,7295.024,
2026-09-20T21:58:25.392479+00:00,200,4754.762,
2026-09-20T21:58:16.829830+00:00,200,13319.254,
2026-09-20T21:58:19.549616+00:00,200,10616.418,
2026-09-20T21:58:29.609069+00:00,200,560.273,
2026-09-20T21:58:23.153498+00:00,200,7017.945,
2026-09-20T21:58:03.713529+00:00,200,26460.14,
2026-09-20T21:57:58.896356+00:00,200,31280.012,
2026-09-20T21:58:03.924876+00:00,200,26258.417,
2026-09-20T21:57:27.625601+00:00,200,62561.351,
2026-09-20T21:57:50.880727+00:00,200,39314.674,
2026-09-20T21:58:13.844113+00:00,200,16379.078,
2026-09-20T21:58:19.222938+00:00,200,11009.286,
2026-09-20T21:57:45.754738+00:00,200,44478.51,
2026-09-20T21:58:07.497355+00:00,200,22751.95,
2026-09-20T21:58:23.600142+00:00,200,6652.749,
2026-09-20T21:57:27.026191+00:00,200,63230.725,
2026-09-20T21:58:30.061759+00:00,200,196.42,
2026-09-20T21:57:17.960477+00:00,200,72298.99,
2026-09-20T21:58:07.039200+00:00,200,23225.812,
2026-09-20T21:58:25.202073+00:00,200,5076.659,
2026-09-20T21:58:23.959097+00:00,200,6323.178,
2026-09-20T21:58:05.880470+00:00,200,24406.085,
2026-09-20T21:58:00.260837+00:00,200,30027.636,
2026-09-20T21:57:23.942229+00:00,200,66353.065,
2026-09-20T21:57:40.704621+00:00,200,49603.72,
2026-09-20T21:58:06.532443+00:00,200,23778.814,
2026-09-20T21:58:07.176152+00:00,200,23158.724,
2026-09-20T21:57:27.559387+00:00,200,62777.34,
2026-09-20T21:58:18.413870+00:00,200,11927.821,
2026-09-20T21:58:30.133027+00:00,200,220.719,
2026-09-20T21:58:19.964461+00:00,200,10392.729,
2026-09-20T21:58:18.338672+00:00,200,12027.565,
2026-09-20T21:58:19.495651+00:00,200,10883.345,
2026-09-20T21:58:01.794680+00:00,200,28585.822,
2026-09-20T21:58:00.066483+00:00,200,30319.531,
2026-09-20T21:57:51.691378+00:00,200,38696.541,
2026-09-20T21:58:18.371531+00:00,200,12020.031,
2026-09-20T21:57:51.021293+00:00,200,39374.888,
2026-09-20T21:58:27.257158+00:00,200,3139.752,
2026-09-20T21:58:04.732260+00:00,200,25686.048,
2026-09-20T21:57:24.696337+00:00,200,65723.343,
2026-09-20T21:58:29.852283+00:00,200,569.806,
2026-09-20T21:58:24.769962+00:00,200,5676.942,
2026-09-20T21:58:12.156158+00:00,200,18299.576,
2026-09-20T21:58:16.908983+00:00,200,13555.518,
2026-09-20T21:58:23.055230+00:00,200,7415.252,
2026-09-20T21:58:30.249176+00:00,200,222.443,
2026-09-20T21:58:22.345522+00:00,200,8127.731,
2026-09-20T21:57:34.158694+00:00,200,56316.843,
2026-09-20T21:58:10.751046+00:00,200,19746.606,
2026-09-20T21:57:31.753180+00:00,200,58746.759,
2026-09-20T21:57:59.966873+00:00,200,30534.504,
2026-09-20T21:58:15.275393+00:00,200,15226.709,
2026-09-20T21:58:16.445994+00:00,200,14086.177,
2026-09-20T21:57:34.552547+00:00,200,55984.687,
2026-09-20T21:58:24.270105+00:00,200,6273.334,
2026-09-20T21:57:44.445242+00:00,200,46102.843,
2026-09-20T21:58:26.654829+00:00,200,3894.655,
2026-09-20T21:58:11.441674+00:00,200,19109.747,
2026-09-20T21:57:54.098057+00:00,200,36466.5,
2026-09-20T21:58:16.657231+00:00,200,13932.908,
2026-09-20T21:58:11.532644+00:00,200,19062.921,
2026-09-20T21:58:23.303031+00:00,200,7310.488,
2026-09-20T21:58:22.786530+00:00,200,7836.358,
2026-09-20T21:58:17.366822+00:00,200,13258.075,
2026-09-20T21:58:21.270987+00:00,200,9360.063,
2026-09-20T21:58:25.839804+00:00,200,4793.725,
2026-09-20T21:58:30.203968+00:00,200,437.983,
2026-09-20T21:58:23.860259+00:00,200,6787.922,
2026-09-20T21:58:05.560900+00:00,200,25090.343,
2026-09-20T21:58:03.917095+00:00,200,26746.117,
2026-09-20T21:58:18.365018+00:00,200,12302.74,
2026-09-20T21:58:19.792285+00:00,200,10886.735,
2026-09-20T21:58:09.648013+00:00,200,21041.791,
2026-09-20T21:58:27.625090+00:00,200,3069.465,
2026-09-20T21:57:50.473055+00:00,200,40223.705,
2026-09-20T21:57:58.132235+00:00,200,32575.376,
2026-09-20T21:57:48.405500+00:00,200,42313.342,
2026-09-20T21:57:42.566486+00:00,200,48154.855,
2026-09-20T21:58:17.042029+00:00,200,13690.332,
2026-09-20T21:58:04.736139+00:00,200,26003.857,
2026-09-20T21:58:16.529640+00:00,200,14211.703,
2026-09-20T21:57:37.729385+00:00,200,53022.057,
2026-09-20T21:58:00.022582+00:00,200,30745.189,
2026-09-20T21:58:19.702394+00:00,200,11069.46,
2026-09-20T21:58:22.976657+00:00,200,7803.128,
2026-09-20T21:58:20.607920+00:00,200,10177.461,
2026-09-20T21:58:27.694406+00:00,200,3096.274,
2026-09-20T21:58:02.439233+00:00,200,28355.822,
2026-09-20T21:57:42.789120+00:00,200,48008.476,
2026-09-20T21:57:59.867083+00:00,200,30954.923,
2026-09-20T21:57:49.767106+00:00,200,41055.841,
2026-09-20T21:58:10.710622+00:00,200,20116.751,
2026-09-20T21:57:47.703100+00:00,200,43129.882,
2026-09-20T21:58:16.411801+00:00,200,14441.213,
2026-09-20T21:57:53.389613+00:00,200,37465.627,
2026-09-20T21:58:01.036411+00:00,200,29823.286,
2026-09-20T21:58:30.651099+00:00,200,211.695,
2026-09-20T21:58:30.663060+00:00,200,213.895,
2026-09-20T21:58:18.954954+00:00,200,11945.822,
2026-09-20T21:58:24.636598+00:00,200,6270.357,
2026-09-20T21:58:22.246877+00:00,200,8680.439,
2026-09-20T21:58:20.772956+00:00,200,10159.997,
2026-09-20T21:58:23.351069+00:00,200,7588.237,
2026-09-20T21:58:13.147023+00:00,200,17798.639,
2026-09-20T21:57:54.694476+00:00,200,36253.042,
2026-09-20T21:58:22.930876+00:00,200,8047.698,
2026-09-20T21:58:24.936581+00:00,200,6049.831,
2026-09-20T21:58:15.845930+00:00,200,15143.827,
2026-09-20T21:58:02.465505+00:00,200,28537.798,
2026-09-20T21:57:55.004856+00:00,200,36011.864,
2026-09-20T21:58:29.307760+00:00,200,1710.1,
2026-09-20T21:58:03.207280+00:00,200,27811.691,
2026-09-20T21:58:15.720017+00:00,200,15302.103,
2026-09-20T21:57:43.830216+00:00,200,47199.478,
2026-09-20T21:57:45.792187+00:00,200,45252.104,
2026-09-20T21:58:22.449886+00:00,200,8603.463,
2026-09-20T21:58:29.085539+00:00,200,1969.556,
2026-09-20T21:57:42.012339+00:00,200,49046.696,
2026-09-20T21:58:25.748523+00:00,200,5331.747,
2026-09-20T21:57:42.421227+00:00,200,48660.652,
2026-09-20T21:58:02.410678+00:00,200,28675.801,
2026-09-20T21:58:30.667689+00:00,200,426.031,
2026-09-20T21:58:00.177100+00:00,200,30918.211,
2026-09-20T21:58:16.532297+00:00,200,14564.936,
2026-09-20T21:58:25.536584+00:00,200,5566.854,
2026-09-20T21:58:09.751767+00:00,200,21353.822,
2026-09-20T21:58:01.041631+00:00,200,30074.32,
2026-09-20T21:58:23.441921+00:00,200,7684.266,
2026-09-20T21:58:13.770799+00:00,200,17364.324,
2026-09-20T21:57:43.156407+00:00,200,47980.881,
2026-09-20T21:58:25.240515+00:00,200,5898.788,
2026-09-20T21:57:30.326507+00:00,200,60815.005,
2026-09-20T21:58:27.044434+00:00,200,4102.396,
2026-09-20T21:58:29.470395+00:00,200,1677.43,
2026-09-20T21:58:09.205485+00:00,200,21952.29,
2026-09-20T21:58:29.291941+00:00,200,1873.431,
2026-09-20T21:58:24.949107+00:00,200,6221.29,
2026-09-20T21:58:25.091706+00:00,200,6080.561,
2026-09-20T21:58:30.978530+00:00,200,212.1,
2026-09-20T21:58:25.921605+00:00,200,5280.071,
2026-09-20T21:58:29.349171+00:00,200,1853.989,
2026-09-20T21:58:07.914029+00:00,200,23295.353,
2026-09-20T21:58:03.317008+00:00,200,27945.239,
2026-09-20T21:57:52.337008+00:00,200,38934.935,
2026-09-20T21:58:07.309498+00:00,200,23977.108,
2026-09-20T21:58:14.468968+00:00,200,16832.294,
2026-09-20T21:58:29.104150+00:00,200,2203.943,
2026-09-20T21:58:16.692749+00:00,200,14631.591,
2026-09-20T21:58:15.978841+00:00,200,15346.869,
2026-09-20T21:57:53.249588+00:00,200,38089.101,
2026-09-20T21:58:07.220498+00:00,200,24150.341,
2026-09-20T21:58:24.311912+00:00,200,7065.58,
2026-09-20T21:57:50.402650+00:00,200,41000.198,
2026-09-20T21:57:40.111526+00:00,200,51296.289,
2026-09-20T21:58:23.626911+00:00,200,7782.557,
2026-09-20T21:58:24.868190+00:00,200,6557.983,
2026-09-20T21:58:22.414291+00:00,200,9022.462,
2026-09-20T21:57:44.568944+00:00,200,46873.336,
2026-09-20T21:58:13.119026+00:00,200,18337.271,
2026-09-20T21:58:21.507388+00:00,200,9953.67,
2026-09-20T21:58:22.719136+00:00,200,8752.71,
2026-09-20T21:57:48.134493+00:00,200,43347.424,
2026-09-20T21:58:26.045258+00:00,200,5440.544,
2026-09-20T21:58:19.807773+00:00,200,11679.51,
2026-09-20T21:58:29.913028+00:00,200,1580.771,
2026-09-20T21:58:26.126656+00:00,200,5377.063,
2026-09-20T21:57:29.797698+00:00,200,61716.301,
2026-09-20T21:57:47.614543+00:00,200,43902.039,
2026-09-20T21:58:28.697428+00:00,200,2823.254,
2026-09-20T21:58:14.718177+00:00,200,16803.619,
2026-09-20T21:58:31.308082+00:00,200,226.096,
2026-09-20T21:58:28.553920+00:00,200,2985.016,
2026-09-20T21:57:58.299103+00:00,200,33248.952,
2026-09-20T21:58:21.588534+00:00,200,9964.857,
2026-09-20T21:58:25.950528+00:00,200,5617.607,
2026-09-20T21:58:23.548299+00:00,200,8024.392,
2026-09-20T21:58:20.034124+00:00,200,11558.564,
2026-09-20T21:58:16.391688+00:00,200,15202.393,
2026-09-20T21:58:22.498511+00:00,200,9107.297,
2026-09-20T21:57:31.168577+00:00,200,60443.768,
2026-09-20T21:57:37.142705+00:00,200,54473.244,
2026-09-20T21:58:14.967194+00:00,200,16649.974,
2026-09-20T21:58:17.380254+00:00,200,14239.405,
2026-09-20T21:58:25.379045+00:00,200,6257.057,
2026-09-20T21:58:28.559281+00:00,200,3078.095,
2026-09-20T21:58:19.820935+00:00,200,11817.395,
2026-09-20T21:58:09.174005+00:00,200,22466.222,
2026-09-20T21:58:17.278462+00:00,200,14389.392,
2026-09-20T21:57:52.335800+00:00,200,39347.327,
2026-09-20T21:58:18.082878+00:00,200,13602.361,
2026-09-20T21:58:21.315926+00:00,200,10376.136,
2026-09-20T21:57:56.531812+00:00,200,35173.684,
2026-09-20T21:58:00.324209+00:00,200,31394.885,
2026-09-20T21:58:13.531255+00:00,200,18218.46,
2026-09-20T21:57:59.148924+00:00,200,32615.893,
2026-09-20T21:57:48.680501+00:00,200,43093.932,
2026-09-20T21:57:44.318411+00:00,200,47459.998,
2026-09-20T21:58:08.878650+00:00,200,22903.733,
2026-09-20T21:58:30.855026+00:00,200,935.829,
2026-09-20T21:57:42.373930+00:00,200,49431.186,
2026-09-20T21:57:53.326114+00:00,200,38490.472,
2026-09-20T21:57:27.114344+00:00,200,64705.314,
2026-09-20T21:58:07.444546+00:00,200,24385.143,
2026-09-20T21:58:29.605200+00:00,200,2227.891,
2026-09-20T21:57:59.040734+00:00,200,32794.352,
2026-09-20T21:57:43.254393+00:00,200,48594.073,
2026-09-20T21:58:01.303660+00:00,200,30553.725,
2026-09-20T21:58:27.015932+00:00,200,4867.622,
2026-09-20T21:58:24.333504+00:00,200,7551.354,
2026-09-20T21:58:10.284298+00:00,200,21601.979,
2026-09-20T21:58:30.264879+00:00,200,1634.097,
2026-09-20T21:58:12.799715+00:00,200,19115.088,
2026-09-20T21:58:17.228383+00:00,200,14695.434,
2026-09-20T21:58:24.736096+00:00,200,7190.288,
2026-09-20T21:58:23.081972+00:00,200,8861.841,
2026-09-20T21:58:24.079667+00:00,200,7870.023,
2026-09-20T21:58:15.338072+00:00,200,16618.388,
2026-09-20T21:58:24.150888+00:00,200,7811.833,
2026-09-20T21:58:24.873419+00:00,200,7112.204,
2026-09-20T21:57:57.685926+00:00,200,34303.052,
2026-09-20T21:58:00.248543+00:00,200,31759.728,
2026-09-20T21:58:26.538275+00:00,200,5475.853,
2026-09-20T21:57:41.139059+00:00,200,50877.366,
2026-09-20T21:58:16.453935+00:00,200,15566.5,
2026-09-20T21:57:35.555226+00:00,200,56466.764,
2026-09-20T21:58:25.418938+00:00,200,6636.47,
2026-09-20T21:58:22.835616+00:00,200,9229.936,
2026-09-20T21:58:01.424392+00:00,200,30650.408,
2026-09-20T21:58:28.712574+00:00,200,3366.559,
2026-09-20T21:57:53.130940+00:00,200,38957.859,
2026-09-20T21:57:42.293244+00:00,200,49798.134,
2026-09-20T21:58:13.067535+00:00,200,19027.457,
2026-09-20T21:58:23.141471+00:00,200,8961.999,
2026-09-20T21:57:39.979938+00:00,200,52124.777,
2026-09-20T21:58:09.672697+00:00,200,22445.114,
2026-09-20T21:57:46.543365+00:00,200,45575.956,
2026-09-20T21:58:22.216615+00:00,200,9907.14,
2026-09-20T21:58:18.581589+00:00,200,13546.005,
2026-09-20T21:58:13.866465+00:00,200,18270.194,
2026-09-20T21:58:17.779882+00:00,200,14359.483,
2026-09-20T21:58:30.036958+00:00,200,2103.734,
2026-09-20T21:58:28.489067+00:00,200,3664.516,
2026-09-20T21:58:28.205038+00:00,200,3964.506,
2026-09-20T21:58:09.443410+00:00,200,22740.421,
2026-09-20T21:58:22.256602+00:00,200,9930.455,
2026-09-20T21:57:46.063646+00:00,200,46131.002,
2026-09-20T21:57:41.996869+00:00,200,50203.774,
2026-09-20T21:58:08.088905+00:00,200,24124.836,
2026-09-20T21:58:08.725139+00:00,200,23491.119,
2026-09-20T21:57:48.206756+00:00,200,44010.962,
2026-09-20T21:58:15.336437+00:00,200,16904.847,
2026-09-20T21:58:31.764630+00:00,200,477.784,
2026-09-20T21:58:00.885559+00:00,200,31400.591,
2026-09-20T21:57:56.525943+00:00,200,35769.763,
2026-09-20T21:58:32.079115+00:00,200,229.526,
2026-09-20T21:58:25.156974+00:00,200,7154.593,
2026-09-20T21:58:24.441107+00:00,200,7875.017,
2026-09-20T21:58:32.088575+00:00,200,230.592,
2026-09-20T21:58:01.329295+00:00,200,30991.39,
2026-09-20T21:58:31.436702+00:00,200,891.504,
2026-09-20T21:57:24.627908+00:00,200,67709.543,
2026-09-20T21:57:40.844967+00:00,200,51500.653,
2026-09-20T21:58:23.643221+00:00,200,8709.627,
2026-09-20T21:58:25.012779+00:00,200,7354.005,
2026-09-20T21:58:27.576045+00:00,200,4817.328,
2026-09-20T21:58:24.773350+00:00,200,7624.203,
2026-09-20T21:58:29.943599+00:00,200,2465.71,
2026-09-20T21:58:31.804834+00:00,200,609.828,
2026-09-20T21:58:16.655738+00:00,200,15768.345,
2026-09-20T21:58:03.538500+00:00,200,28887.134,
2026-09-20T21:58:06.868459+00:00,200,25559.075,
2026-09-20T21:57:45.469684+00:00,200,46973.894,
2026-09-20T21:58:22.361796+00:00,200,10083.269,
2026-09-20T21:57:26.798120+00:00,200,65655.125,
2026-09-20T21:57:46.165935+00:00,200,46288.585,
2026-09-20T21:58:23.387227+00:00,200,9076.132,
2026-09-20T21:57:32.515505+00:00,200,59951.872,
2026-09-20T21:58:16.534625+00:00,200,15944.085,
2026-09-20T21:58:18.211382+00:00,200,14273.541,
2026-09-20T21:58:23.299070+00:00,200,9191.75,
2026-09-20T21:58:21.651712+00:00,200,10842.838,
2026-09-20T21:58:30.927267+00:00,200,1577.591,
2026-09-20T21:58:22.972652+00:00,200,9544.454,
2026-09-20T21:58:31.640099+00:00,200,884.898,
2026-09-20T21:57:17.278170+00:00,200,75253.89,
2026-09-20T21:58:14.981210+00:00,200,17553.107,
2026-09-20T21:58:29.031679+00:00,200,3540.047,
2026-09-20T21:57:24.920710+00:00,200,67652.567,
2026-09-20T21:58:25.861285+00:00,200,6714.061,
2026-09-20T21:58:32.366744+00:00,200,211.531,
2026-09-20T21:58:07.704915+00:00,200,24876.176,
2026-09-20T21:57:59.042588+00:00,200,33559.389,
2026-09-20T21:58:23.355716+00:00,200,9248.133,
2026-09-20T21:58:11.560305+00:00,200,21046.583,
2026-09-20T21:58:24.250607+00:00,200,8362.473,
2026-09-20T21:58:18.072612+00:00,200,14555.234,
2026-09-20T21:58:13.578659+00:00,200,19078.56,
2026-09-20T21:57:42.760311+00:00,200,49911.964,
2026-09-20T21:57:52.676129+00:00,200,39998.863,
2026-09-20T21:58:31.568104+00:00,200,1111.919,
2026-09-20T21:58:03.485406+00:00,200,29200.04,
2026-09-20T21:58:27.391395+00:00,200,5304.617,
2026-09-20T21:58:23.383445+00:00,200,9322.146,
2026-09-20T21:57:27.865465+00:00,200,64847.568,
2026-09-20T21:58:08.815218+00:00,200,23903.441,
2026-09-20T21:58:17.263580+00:00,200,15464.489,
2026-09-20T21:58:13.944262+00:00,200,18790.385,
2026-09-20T21:57:50.574398+00:00,200,42162.107,
2026-09-20T21:58:25.862533+00:00,200,6878.827,
2026-09-20T21:58:29.187681+00:00,200,3561.585,
2026-09-20T21:58:23.089498+00:00,200,9661.546,
2026-09-20T21:58:27.841198+00:00,200,4911.641,
2026-09-20T21:58:22.187909+00:00,200,10566.428,
2026-09-20T21:58:25.333291+00:00,200,7438.62,
2026-09-20T21:58:32.094884+00:00,200,704.563,
2026-09-20T21:58:26.182888+00:00,200,6630.428,
2026-09-20T21:58:30.876955+00:00,200,1938.079,
2026-09-20T21:58:31.426137+00:00,200,1392.076,
2026-09-20T21:58:30.288301+00:00,200,2531.299,
2026-09-20T21:57:41.872498+00:00,200,50955.663,
2026-09-20T21:58:25.889320+00:00,200,6946.848,
2026-09-20T21:57:35.053371+00:00,200,57798.02,
2026-09-20T21:58:19.210604+00:00,200,13641.446,
2026-09-20T21:58:17.919739+00:00,200,14944.576,
2026-09-20T21:58:22.412396+00:00,200,10457.68,
2026-09-20T21:58:06.977146+00:00,200,25913.734,
2026-09-20T21:57:36.165021+00:00,200,56731.971,
2026-09-20T21:58:29.947080+00:00,200,2950.917,
2026-09-20T21:58:07.796896+00:00,200,25109.602,
2026-09-20T21:58:15.835933+00:00,200,17073.851,
2026-09-20T21:57:41.648675+00:00,200,51283.342,
2026-09-20T21:58:08.564409+00:00,200,24388.591,
2026-09-20T21:58:30.138293+00:00,200,2818.27,
2026-09-20T21:58:30.732285+00:00,200,2232.478,
2026-09-20T21:57:37.989772+00:00,200,54981.564,
2026-09-20T21:57:42.118822+00:00,200,50853.526,
2026-09-20T21:57:27.389225+00:00,200,65585.642,
2026-09-20T21:58:12.191480+00:00,200,20785.654,
2026-09-20T21:58:26.899835+00:00,200,6104.927,
2026-09-20T21:58:32.105971+00:00,200,900.039,
2026-09-20T21:58:25.465377+00:00,200,7548.098,
2026-09-20T21:58:00.195808+00:00,200,32818.742,
2026-09-20T21:58:18.787628+00:00,200,14234.657,
2026-09-20T21:58:26.452498+00:00,200,6572.142,
2026-09-20T21:58:19.438413+00:00,200,13589.693,
2026-09-20T21:58:19.319972+00:00,200,13712.64,
2026-09-20T21:58:21.273700+00:00,200,11765.288,
2026-09-20T21:57:49.461619+00:00,200,43578.521,
2026-09-20T21:58:31.884816+00:00,200,1171.33,
2026-09-20T21:57:15.355606+00:00,200,77703.483,
2026-09-20T21:57:28.006421+00:00,200,65064.318,
2026-09-20T21:58:23.198004+00:00,200,9891.705,
2026-09-20T21:58:23.655575+00:00,200,9459.732,
2026-09-20T21:58:30.103088+00:00,200,3025.778,
2026-09-20T21:58:22.830854+00:00,200,10301.524,
2026-09-20T21:58:23.905455+00:00,200,9231.567,
2026-09-20T21:57:45.050340+00:00,200,48098.65,
2026-09-20T21:58:14.576756+00:00,200,18573.503,
2026-09-20T21:57:54.862448+00:00,200,38292.703,
2026-09-20T21:57:42.919600+00:00,200,50256.542,
2026-09-20T21:57:58.316867+00:00,200,34860.025,
2026-09-20T21:57:42.102509+00:00,200,51083.788,
2026-09-20T21:58:07.308398+00:00,200,25885.21,
2026-09-20T21:58:26.005401+00:00,200,7194.505,
2026-09-20T21:58:20.649652+00:00,200,12579.996,
2026-09-20T21:57:30.870936+00:00,200,62382.036,
2026-09-20T21:58:24.815290+00:00,200,8439.287,
2026-09-20T21:57:50.420175+00:00,200,42838.009,
2026-09-20T21:58:19.158857+00:00,200,14115.309,
2026-09-20T21:58:15.460080+00:00,200,17832.586,
2026-09-20T21:58:22.645202+00:00,200,10654.437,
2026-09-20T21:57:43.980122+00:00,200,49323.496,
2026-09-20T21:58:31.097151+00:00,200,2210.268,
2026-09-20T21:58:16.220842+00:00,200,17097.694,
2026-09-20T21:57:52.358439+00:00,200,40961.07,
2026-09-20T21:58:31.044031+00:00,200,2276.927,
2026-09-20T21:57:59.240426+00:00,200,34091.874,
2026-09-20T21:57:43.008798+00:00,200,50333.714,
2026-09-20T21:58:32.931722+00:00,200,417.455,
2026-09-20T21:58:24.233963+00:00,200,9135.126,
2026-09-20T21:58:16.285024+00:00,200,17095.41,
2026-09-20T21:57:39.573049+00:00,200,53810.346,
2026-09-20T21:58:05.608056+00:00,200,27776.464,
2026-09-20T21:57:53.310995+00:00,200,40078.902,
2026-09-20T21:58:17.769374+00:00,200,15625.642,
2026-09-20T21:58:30.167753+00:00,200,3239.109,
2026-09-20T21:57:44.471990+00:00,200,48941.557,
2026-09-20T21:58:19.455722+00:00,200,13970.914,
2026-09-20T21:57:31.195372+00:00,200,62234.408,
2026-09-20T21:58:00.576742+00:00,200,32857.981,
2026-09-20T21:58:25.488644+00:00,200,7961.703,
2026-09-20T21:58:29.324443+00:00,200,4132.478,
2026-09-20T21:58:14.130579+00:00,200,19329.613,
2026-09-20T21:58:24.445531+00:00,200,9023.542,
2026-09-20T21:58:01.944053+00:00,200,31527.215,
2026-09-20T21:58:05.480682+00:00,200,27999.983,
2026-09-20T21:58:20.527722+00:00,200,12960.228,
2026-09-20T21:58:21.674593+00:00,200,11817.41,
2026-09-20T21:58:07.395084+00:00,200,26105.833,
2026-09-20T21:58:15.354935+00:00,200,18148.239,
2026-09-20T21:58:22.339182+00:00,200,11165.668,
2026-09-20T21:58:10.169764+00:00,200,23338.607,
2026-09-20T21:58:09.698086+00:00,200,23812.937,
2026-09-20T21:58:26.942774+00:00,200,6579.714,
2026-09-20T21:57:31.999252+00:00,200,61534.45,
2026-09-20T21:58:33.342223+00:00,200,199.103,
2026-09-20T21:58:01.782382+00:00,200,31768.631,
2026-09-20T21:58:11.868401+00:00,200,21697.039,
2026-09-20T21:58:21.576208+00:00,200,11990.45,
2026-09-20T21:58:27.330106+00:00,200,6237.945,
2026-09-20T21:58:14.118219+00:00,200,19452.582,
2026-09-20T21:58:15.857385+00:00,200,17714.321,
2026-09-20T21:58:20.151280+00:00,200,13444.723,
2026-09-20T21:58:15.239479+00:00,200,18372.344,
2026-09-20T21:58:25.292186+00:00,200,8326.034,
2026-09-20T21:58:00.611257+00:00,200,33014.832,
2026-09-20T21:58:16.731561+00:00,200,16903.039,
2026-09-20T21:58:22.241762+00:00,200,11395.495,
2026-09-20T21:58:07.212563+00:00,200,26434.895,
2026-09-20T21:58:07.174322+00:00,200,26478.71,
2026-09-20T21:58:31.135669+00:00,200,2518.219,
2026-09-20T21:57:55.417115+00:00,200,38240.506,
2026-09-20T21:57:48.188919+00:00,200,45494.154,
2026-09-20T21:58:23.183510+00:00,200,10512.937,
2026-09-20T21:58:21.734042+00:00,200,11963.415,
2026-09-20T21:58:22.988399+00:00,200,10713.197,
2026-09-20T21:58:25.251549+00:00,200,8452.095,
2026-09-20T21:57:47.153391+00:00,200,46569.92,
2026-09-20T21:58:13.024808+00:00,200,20703.29,
2026-09-20T21:58:32.571708+00:00,200,1157.236,
2026-09-20T21:58:20.399206+00:00,200,13334.943,
2026-09-20T21:57:26.981135+00:00,200,66775.9,
2026-09-20T21:58:07.710978+00:00,200,26066.658,
2026-09-20T21:57:49.695930+00:00,200,44088.906,
2026-09-20T21:58:10.137106+00:00,200,23653.072,
2026-09-20T21:58:32.320508+00:00,200,1482.319,
2026-09-20T21:57:17.589123+00:00,200,76224.495,
2026-09-20T21:58:00.470778+00:00,200,33355.78,
2026-09-20T21:58:26.349823+00:00,200,7478.579,
2026-09-20T21:57:59.522384+00:00,200,34324.153,
2026-09-20T21:57:53.708954+00:00,200,40139.887,
2026-09-20T21:58:27.481698+00:00,200,6379.373,
2026-09-20T21:58:16.564618+00:00,200,17297.903,
2026-09-20T21:58:27.496086+00:00,200,6369.948,
2026-09-20T21:58:30.633503+00:00,200,3243.638,
2026-09-20T21:58:28.648467+00:00,200,5242.073,
2026-09-20T21:58:30.773347+00:00,200,3118.357,
2026-09-20T21:58:09.123638+00:00,200,24788.634,
2026-09-20T21:58:24.582788+00:00,200,9334.479,
2026-09-20T21:57:19.182377+00:00,200,74742.562,
2026-09-20T21:58:22.052346+00:00,200,11880.537,
2026-09-20T21:57:22.931990+00:00,200,71003.702,
2026-09-20T21:58:31.516330+00:00,200,2434.655,
2026-09-20T21:57:29.492819+00:00,200,64468.107,
2026-09-20T21:58:30.896715+00:00,200,3069.163,
2026-09-20T21:58:16.066402+00:00,200,17901.152,
2026-09-20T21:58:08.633570+00:00,200,25346.149,
2026-09-20T21:57:41.478144+00:00,200,52523.802,
2026-09-20T21:58:26.574868+00:00,200,7436.351,
2026-09-20T21:57:59.836284+00:00,200,34180.943,
2026-09-20T21:57:58.490924+00:00,200,35535.488,
2026-09-20T21:58:19.785143+00:00,200,14249.189,
2026-09-20T21:57:59.656458+00:00,200,34378.959,
2026-09-20T21:58:22.463693+00:00,200,11575.99,
2026-09-20T21:58:21.836700+00:00,200,12203.758,
2026-09-20T21:58:19.759626+00:00,200,14284.559,
2026-09-20T21:57:39.794062+00:00,200,54251.579,
2026-09-20T21:58:23.923868+00:00,200,10130.065,
2026-09-20T21:57:48.873554+00:00,200,45196.99,
2026-09-20T21:58:22.157042+00:00,200,11914.413,
2026-09-20T21:58:16.626230+00:00,200,17455.385,
2026-09-20T21:58:21.578685+00:00,200,12505.984,
2026-09-20T21:58:03.477996+00:00,200,30613.434,
2026-09-20T21:57:54.169006+00:00,200,39927.924,
2026-09-20T21:58:17.132457+00:00,200,16976.649,
2026-09-20T21:57:58.713701+00:00,200,35400.582,
2026-09-20T21:58:21.518585+00:00,200,12600.34,
2026-09-20T21:58:26.982241+00:00,200,7158.642,
2026-09-20T21:58:30.741263+00:00,200,3402.526,
2026-09-20T21:58:22.262992+00:00,200,11882.716,
2026-09-20T21:58:28.974607+00:00,200,5176.139,
2026-09-20T21:58:32.799446+00:00,200,1352.573,
2026-09-20T21:58:07.546353+00:00,200,26607.129,
2026-09-20T21:58:09.664282+00:00,200,24493.129,
2026-09-20T21:57:52.085026+00:00,200,42078.021,
2026-09-20T21:58:21.968874+00:00,200,12194.982,
2026-09-20T21:58:21.041259+00:00,200,13123.593,
2026-09-20T21:58:33.960555+00:00,200,211.309,
2026-09-20T21:58:15.780657+00:00,200,18397.539,
2026-09-20T21:58:30.696530+00:00,200,3486.95,
2026-09-20T21:58:22.757454+00:00,200,11432.33,
2026-09-20T21:57:48.923439+00:00,200,45268.582,
2026-09-20T21:58:04.469417+00:00,200,29740.519,
2026-09-20T21:58:23.007769+00:00,200,11210.882,
2026-09-20T21:57:18.071333+00:00,200,76156.136,
2026-09-20T21:58:18.325989+00:00,200,15908.365,
2026-09-20T21:58:06.863583+00:00,200,27372.177,
2026-09-20T21:57:35.292213+00:00,200,58969.776,
2026-09-20T21:58:06.793321+00:00,200,27473.259,
2026-09-20T21:58:31.058753+00:00,200,3218.423,
2026-09-20T21:58:18.186705+00:00,200,16095.543,
2026-09-20T21:58:15.208004+00:00,200,19076.408,
2026-09-20T21:58:28.694496+00:00,200,5597.587,
2026-09-20T21:58:19.527686+00:00,200,14781.515,
2026-09-20T21:58:15.234062+00:00,200,19095.371,
2026-09-20T21:58:30.986378+00:00,200,3361.954,
2026-09-20T21:58:07.156215+00:00,200,27202.022,
2026-09-20T21:58:24.743129+00:00,200,9630.837,
2026-09-20T21:58:23.634633+00:00,200,10748.433,
2026-09-20T21:58:15.097335+00:00,200,19295.38,
2026-09-20T21:58:32.336140+00:00,200,2062.446,
2026-09-20T21:58:13.569198+00:00,200,20841.543,
2026-09-20T21:58:19.637192+00:00,200,14775.136,
2026-09-20T21:58:30.357132+00:00,200,4056.024,
2026-09-20T21:58:24.254972+00:00,200,10188.921,
2026-09-20T21:58:02.618487+00:00,200,31828.081,
2026-09-20T21:57:53.703551+00:00,200,40767.347,
2026-09-20T21:58:21.396266+00:00,200,13082.965,
2026-09-20T21:58:20.045402+00:00,200,14446.603,
2026-09-20T21:57:58.630809+00:00,200,35869.788,
2026-09-20T21:57:20.870083+00:00,200,73633.326,
2026-09-20T21:57:32.967441+00:00,200,61536.781,
2026-09-20T21:57:17.822665+00:00,200,76683.059,
2026-09-20T21:58:24.938805+00:00,200,9570.825,
2026-09-20T21:58:03.596878+00:00,200,30915.38,
2026-09-20T21:58:18.253347+00:00,200,16269.921,
2026-09-20T21:58:30.455630+00:00,200,4070.935,
2026-09-20T21:58:22.960048+00:00,200,11569.673,
2026-09-20T21:58:00.178980+00:00,200,34352.293,
2026-09-20T21:58:16.327697+00:00,200,18211.071,
2026-09-20T21:58:16.349631+00:00,200,18201.114,
2026-09-20T21:58:34.348315+00:00,200,208.246,
2026-09-20T21:58:24.494739+00:00,200,10069.249,
2026-09-20T21:58:30.859526+00:00,200,3714.743,
2026-09-20T21:57:37.105886+00:00,200,57478.23,
2026-09-20T21:58:08.405845+00:00,200,26197.438,
2026-09-20T21:58:13.135777+00:00,200,21483.262,
2026-09-20T21:58:15.039679+00:00,200,19583.933,
2026-09-20T21:58:30.475214+00:00,200,4155.671,
2026-09-20T21:58:26.485392+00:00,200,8154.461,
2026-09-20T21:58:31.210475+00:00,200,3436.174,
2026-09-20T21:58:17.637682+00:00,200,17015.265,
2026-09-20T21:57:41.554151+00:00,200,53115.606,
2026-09-20T21:58:30.694541+00:00,200,3979.862,
2026-09-20T21:58:31.593996+00:00,200,3092.806,
2026-09-20T21:58:32.933153+00:00,200,1756.232,
2026-09-20T21:58:30.689685+00:00,200,4015.895,
2026-09-20T21:57:29.569551+00:00,200,65137.61,
2026-09-20T21:58:21.907762+00:00,200,12805.033,
2026-09-20T21:58:33.319274+00:00,200,1398.302,
2026-09-20T21:57:15.664188+00:00,200,79065.352,
2026-09-20T21:58:27.141908+00:00,200,7605.12,
2026-09-20T21:58:18.359240+00:00,200,16397.794,
2026-09-20T21:58:31.718914+00:00,200,3053.781,
2026-09-20T21:57:23.852602+00:00,200,70927.549,
2026-09-20T21:58:17.254794+00:00,200,17532.496,
2026-09-20T21:58:00.909844+00:00,200,33888.69,
2026-09-20T21:57:32.706080+00:00,200,62099.043,
2026-09-20T21:58:31.105467+00:00,200,3702.438,
2026-09-20T21:58:20.545935+00:00,200,14268.778,
2026-09-20T21:58:30.195175+00:00,200,4624.513,
2026-09-20T21:58:33.367858+00:00,200,1459.648,
2026-09-20T21:57:58.733075+00:00,200,36100.19,
2026-09-20T21:57:31.250523+00:00,200,63600.596,
2026-09-20T21:58:30.852933+00:00,200,3999.684,
2026-09-20T21:58:25.022143+00:00,200,9841.217,
2026-09-20T21:58:31.534179+00:00,200,3335.249,
2026-09-20T21:57:30.072790+00:00,200,64797.817,
2026-09-20T21:58:13.096587+00:00,200,21779.821,
2026-09-20T21:57:58.014739+00:00,200,36862.668,
2026-09-20T21:57:42.775041+00:00,200,52106.016,
2026-09-20T21:58:12.177325+00:00,200,22711.639,
2026-09-20T21:57:51.572576+00:00,200,43332.107,
2026-09-20T21:58:18.427731+00:00,200,16491.681,
2026-09-20T21:58:33.349183+00:00,200,1573.796,
2026-09-20T21:58:24.661622+00:00,200,10272.576,
2026-09-20T21:58:25.009531+00:00,200,9932.774,
2026-09-20T21:58:08.883175+00:00,200,26081.643,
2026-09-20T21:58:22.257543+00:00,200,12717.551,
2026-09-20T21:57:57.203610+00:00,200,37780.086,
2026-09-20T21:58:18.551393+00:00,200,16436.632,
2026-09-20T21:57:32.724353+00:00,200,62275.104,
2026-09-20T21:58:06.062511+00:00,200,28941.821,
2026-09-20T21:58:07.490792+00:00,200,27517.869,
2026-09-20T21:58:34.140844+00:00,200,872.987,
2026-09-20T21:58:09.818643+00:00,200,25196.311,
2026-09-20T21:58:15.362144+00:00,200,19663.655,
2026-09-20T21:58:02.350875+00:00,200,32682.697,
2026-09-20T21:58:06.246739+00:00,200,28791.204,
2026-09-20T21:58:16.598432+00:00,200,18440.43,
2026-09-20T21:58:12.149037+00:00,200,22911.144,
2026-09-20T21:58:24.041809+00:00,200,11030.888,
2026-09-20T21:58:31.914695+00:00,200,3161.178,
2026-09-20T21:57:22.548433+00:00,200,72533.145,
2026-09-20T21:58:20.804065+00:00,200,14292.305,
2026-09-20T21:58:26.163528+00:00,200,8933.86,
2026-09-20T21:58:25.905756+00:00,200,9202.048,
2026-09-20T21:58:34.904434+00:00,200,219.351,
2026-09-20T21:57:31.330497+00:00,200,63795.34,
2026-09-20T21:58:09.430981+00:00,200,25698.943,
2026-09-20T21:58:21.841895+00:00,200,13294.257,
2026-09-20T21:58:11.498023+00:00,200,23665.89,
2026-09-20T21:58:01.220752+00:00,200,33944.633,
2026-09-20T21:58:29.250415+00:00,200,5919.326,
2026-09-20T21:58:23.688217+00:00,200,11485.464,
2026-09-20T21:58:20.384337+00:00,200,14801.57,
2026-09-20T21:57:52.014836+00:00,200,43189.494,
2026-09-20T21:58:29.912056+00:00,200,5295.021,
2026-09-20T21:58:21.140976+00:00,200,14073.305,
2026-09-20T21:58:28.824532+00:00,200,6400.86,
2026-09-20T21:58:07.730484+00:00,200,27515.474,
2026-09-20T21:58:29.866990+00:00,200,5396.809,
2026-09-20T21:58:27.858580+00:00,200,7411.57,
2026-09-20T21:57:51.034203+00:00,200,44237.794,
2026-09-20T21:58:25.007485+00:00,200,10269.015,
2026-09-20T21:58:30.173518+00:00,200,5104.333,
2026-09-20T21:58:27.260232+00:00,200,8021.463,
2026-09-20T21:57:41.964075+00:00,200,53332.145,
2026-09-20T21:58:13.713904+00:00,200,21583.813,
2026-09-20T21:57:59.450955+00:00,200,35848.116,
2026-09-20T21:58:15.956041+00:00,200,19343.843,
2026-09-20T21:58:32.664645+00:00,200,2643.165,
2026-09-20T21:58:24.941041+00:00,200,10372.555,
2026-09-20T21:58:32.603798+00:00,200,2741.204,
2026-09-20T21:58:06.609742+00:00,200,28740.277,
2026-09-20T21:57:40.246610+00:00,200,55104.446,
2026-09-20T21:58:09.180096+00:00,200,26191.94,
2026-09-20T21:57:56.786873+00:00,200,38607.787,
2026-09-20T21:58:34.057748+00:00,200,1339.346,
2026-09-20T21:58:24.309441+00:00,200,11091.317,
2026-09-20T21:57:18.744842+00:00,200,76657.602,
2026-09-20T21:58:24.544008+00:00,200,10874.22,
2026-09-20T21:58:00.834035+00:00,200,34588.649,
2026-09-20T21:58:35.225358+00:00,200,198.035,
2026-09-20T21:58:31.538921+00:00,200,3886.277,
2026-09-20T21:58:01.211879+00:00,200,34214.442,
2026-09-20T21:58:15.642373+00:00,200,19795.755,
2026-09-20T21:58:32.397511+00:00,200,3044.86,
2026-09-20T21:58:17.591600+00:00,200,17858.305,
2026-09-20T21:58:21.272349+00:00,200,14181.472,
2026-09-20T21:58:22.054300+00:00,200,13402.407,
2026-09-20T21:58:08.177907+00:00,200,27280.765,
2026-09-20T21:58:10.670992+00:00,200,24807.603,
2026-09-20T21:58:16.472117+00:00,200,19019.028,
2026-09-20T21:58:33.790044+00:00,200,1705.461,
2026-09-20T21:58:17.216318+00:00,200,18286.663,
2026-09-20T21:58:13.939833+00:00,200,21564.138,
2026-09-20T21:58:17.645172+00:00,200,17867.935,
2026-09-20T21:58:30.862795+00:00,200,4654.408,
2026-09-20T21:57:52.719481+00:00,200,42830.101,
2026-09-20T21:58:07.178225+00:00,200,28388.281,
2026-09-20T21:58:32.680019+00:00,200,2888.159,
2026-09-20T21:57:43.267481+00:00,200,52304.251,
2026-09-20T21:57:53.474355+00:00,200,42104.67,
2026-09-20T21:58:23.493288+00:00,200,12096.759,
2026-09-20T21:58:19.544098+00:00,200,16063.986,
2026-09-20T21:58:33.320947+00:00,200,2305.68,
2026-09-20T21:58:14.864663+00:00,200,20772.169,
2026-09-20T21:58:04.721167+00:00,200,30918.881,
2026-09-20T21:58:31.904505+00:00,200,3736.831,
2026-09-20T21:58:27.941537+00:00,200,7705.039,
2026-09-20T21:57:52.107205+00:00,200,43545.504,
2026-09-20T21:58:04.055065+00:00,200,31614.593,
2026-09-20T21:58:10.214383+00:00,200,25458.359,
2026-09-20T21:57:35.179636+00:00,200,60502.446,
2026-09-20T21:57:34.163833+00:00,200,61521.667,
2026-09-20T21:57:42.336945+00:00,200,53360.1,
2026-09-20T21:57:39.330545+00:00,200,56368.708,
2026-09-20T21:58:22.029422+00:00,200,13684.49,
2026-09-20T21:58:21.581272+00:00,200,14143.518,
2026-09-20T21:57:38.869117+00:00,200,56857.855,
2026-09-20T21:58:22.199221+00:00,200,13546.736,
2026-09-20T21:57:49.599262+00:00,200,46150.623,
2026-09-20T21:58:23.837379+00:00,200,11925.204,
2026-09-20T21:58:25.249300+00:00,200,10517.772,
2026-09-20T21:57:36.315452+00:00,200,59457.828,
2026-09-20T21:57:41.149279+00:00,200,54628.507,
2026-09-20T21:58:35.366989+00:00,200,416.156,
2026-09-20T21:58:14.866370+00:00,200,20919.052,
2026-09-20T21:57:15.230363+00:00,200,80556.568,
2026-09-20T21:58:17.320418+00:00,200,18491.473,
2026-09-20T21:57:18.170753+00:00,200,77642.953,
2026-09-20T21:58:33.056142+00:00,200,2758.689,
2026-09-20T21:58:15.768216+00:00,200,20058.924,
2026-09-20T21:58:34.607430+00:00,200,1230.61,
2026-09-20T21:58:35.646534+00:00,200,204.93,
2026-09-20T21:58:25.716382+00:00,200,10146.612,
2026-09-20T21:58:21.806272+00:00,200,14062.958,
2026-09-20T21:57:30.774849+00:00,200,65113.138,
2026-09-20T21:58:28.251807+00:00,200,7650.194,
2026-09-20T21:58:32.563195+00:00,200,3343.907,
2026-09-20T21:57:28.752060+00:00,200,67162.206,
2026-09-20T21:58:18.091007+00:00,200,17824.127,
2026-09-20T21:58:23.370718+00:00,200,12556.233,
2026-09-20T21:58:02.606576+00:00,200,33329.724,
2026-09-20T21:58:24.450236+00:00,200,11494.338,
2026-09-20T21:58:35.772938+00:00,200,210.69,
2026-09-20T21:58:25.626991+00:00,200,10362.825,
2026-09-20T21:58:07.297462+00:00,200,28696.451,
2026-09-20T21:58:20.723962+00:00,200,15287.186,
2026-09-20T21:57:48.777781+00:00,200,47245.472,
2026-09-20T21:58:06.541647+00:00,200,29482.615,
2026-09-20T21:58:26.019536+00:00,200,10011.728,
2026-09-20T21:58:19.124914+00:00,200,16910.288,
2026-09-20T21:58:33.510887+00:00,200,2545.884,
2026-09-20T21:57:43.687686+00:00,200,52377.261,
2026-09-20T21:58:34.282157+00:00,200,1795.483,
2026-09-20T21:58:32.117684+00:00,200,3981.106,
2026-09-20T21:58:34.787191+00:00,200,1316.524,
2026-09-20T21:58:23.859819+00:00,200,12244.965,
2026-09-20T21:58:14.238794+00:00,200,21875.58,
2026-09-20T21:58:00.780345+00:00,200,35343.914,
2026-09-20T21:58:33.647307+00:00,200,2483.739,
2026-09-20T21:58:15.902696+00:00,200,20235.42,
2026-09-20T21:57:59.990663+00:00,200,36166.285,
2026-09-20T21:58:35.887612+00:00,200,275.668,
2026-09-20T21:58:32.754281+00:00,200,3411.009,
2026-09-20T21:57:42.032108+00:00,200,54160.61,
2026-09-20T21:58:07.634091+00:00,200,28568.475,
2026-09-20T21:58:17.207889+00:00,200,18996.45,
2026-09-20T21:58:10.814213+00:00,200,25400.165,
2026-09-20T21:58:32.445013+00:00,200,3777.689,
2026-09-20T21:58:07.261890+00:00,200,28969.351,
2026-09-20T21:57:53.254418+00:00,200,42986.38,
2026-09-20T21:57:56.965596+00:00,200,39281.335,
2026-09-20T21:58:14.505536+00:00,200,21745.116,
2026-09-20T21:57:18.405892+00:00,200,77846.895,
2026-09-20T21:58:21.972044+00:00,200,14285.578,
2026-09-20T21:57:42.703692+00:00,200,53576.966,
2026-09-20T21:58:02.015576+00:00,200,34265.854,
2026-09-20T21:57:45.964188+00:00,200,50320.947,
2026-09-20T21:58:28.361596+00:00,200,7924.34,
2026-09-20T21:58:17.544136+00:00,200,18764.047,
2026-09-20T21:57:52.895503+00:00,200,43419.899,
2026-09-20T21:58:27.434693+00:00,200,8889.257,
2026-09-20T21:58:14.312210+00:00,200,22014.508,
2026-09-20T21:57:51.062583+00:00,200,45279.057,
2026-09-20T21:57:43.150623+00:00,200,53196.729,
2026-09-20T21:58:34.798341+00:00,200,1558.236,
2026-09-20T21:57:29.135715+00:00,200,67225.289,
2026-09-20T21:58:31.442011+00:00,200,4948.882,
2026-09-20T21:58:15.842385+00:00,200,20558.691,
2026-09-20T21:58:31.513644+00:00,200,4901.634,
2026-09-20T21:58:17.907148+00:00,200,18512.653,
2026-09-20T21:57:59.253558+00:00,200,37191.181,
2026-09-20T21:58:32.463309+00:00,200,3994.43,
2026-09-20T21:58:01.770497+00:00,200,34707.108,
2026-09-20T21:58:30.259051+00:00,200,6222.078,
2026-09-20T21:58:32.193071+00:00,200,4289.583,
2026-09-20T21:58:36.240552+00:00,200,253.637,
2026-09-20T21:58:13.756520+00:00,200,22756.778,
2026-09-20T21:58:27.124185+00:00,200,9391.795,
2026-09-20T21:58:09.007391+00:00,200,27520.919,
2026-09-20T21:58:34.136163+00:00,200,2398.749,
2026-09-20T21:58:16.222950+00:00,200,20319.667,
2026-09-20T21:58:18.827169+00:00,200,17718.999,
2026-09-20T21:58:28.186452+00:00,200,8367.969,
2026-09-20T21:57:27.316566+00:00,200,69243.296,
2026-09-20T21:57:58.813464+00:00,200,37750.555,
2026-09-20T21:58:21.889965+00:00,200,14682.817,
2026-09-20T21:58:14.852390+00:00,200,21734.832,
2026-09-20T21:58:13.695101+00:00,200,22894.104,
2026-09-20T21:58:29.816855+00:00,200,6782.717,
2026-09-20T21:58:06.494519+00:00,200,30107.71,
2026-09-20T21:58:02.072303+00:00,200,34547.327,
2026-09-20T21:58:31.080241+00:00,200,5548.715,
2026-09-20T21:58:24.237279+00:00,200,12392.743,
2026-09-20T21:57:59.706219+00:00,200,36939.771,
2026-09-20T21:57:52.352193+00:00,200,44300.651,
2026-09-20T21:58:03.298546+00:00,200,33356.222,
2026-09-20T21:58:30.385841+00:00,200,6274.487,
2026-09-20T21:57:36.496870+00:00,200,60187.29,
2026-09-20T21:58:36.457723+00:00,200,227.871,
2026-09-20T21:57:30.973839+00:00,200,65718.966,
2026-09-20T21:58:28.839017+00:00,200,7859.84,
2026-09-20T21:57:47.107456+00:00,200,49600.112,
2026-09-20T21:58:26.549105+00:00,200,10172.384,
2026-09-20T21:58:15.622846+00:00,200,21103.821,
2026-09-20T21:58:31.667773+00:00,200,5061.307,
2026-09-20T21:58:29.482370+00:00,200,7263.402,
2026-09-20T21:58:08.806891+00:00,200,27948.316,
2026-09-20T21:58:32.285973+00:00,200,4482.15,
2026-09-20T21:58:22.618012+00:00,200,14168.317,
2026-09-20T21:57:44.282523+00:00,200,52507.916,
2026-09-20T21:58:21.688929+00:00,200,15109.588,
2026-09-20T21:57:43.395442+00:00,200,53415.758,
2026-09-20T21:57:58.487477+00:00,200,38337.804,
2026-09-20T21:57:30.941775+00:00,200,65892.046,
2026-09-20T21:57:25.505651+00:00,200,71334.809,
2026-09-20T21:58:31.326326+00:00,200,5532.311,
2026-09-20T21:58:31.172234+00:00,200,5692.436,
2026-09-20T21:58:21.266029+00:00,200,15605.706,
2026-09-20T21:58:09.466527+00:00,200,27410.436,
2026-09-20T21:58:33.206266+00:00,200,3679.165,
2026-09-20T21:57:50.422327+00:00,200,46464.461,
2026-09-20T21:58:35.426125+00:00,200,1482.776,
2026-09-20T21:58:34.044105+00:00,200,2868.722,
2026-09-20T21:58:15.748516+00:00,200,21168.994,
2026-09-20T21:57:21.852833+00:00,200,75081.089,
2026-09-20T21:58:18.093337+00:00,200,18847.685,
2026-09-20T21:58:30.532885+00:00,200,6413.765,
2026-09-20T21:58:31.146808+00:00,200,5810.831,
2026-09-20T21:58:32.490769+00:00,200,4469.554,
2026-09-20T21:57:41.448179+00:00,200,55522.995,
2026-09-20T21:58:32.414668+00:00,200,4567.638,
2026-09-20T21:58:09.139768+00:00,200,27856.407,
2026-09-20T21:58:00.274535+00:00,200,36727.503,
2026-09-20T21:58:21.355800+00:00,200,15657.629,
2026-09-20T21:58:09.271508+00:00,200,27756.578,
2026-09-20T21:58:22.578200+00:00,200,14461.253,
2026-09-20T21:58:16.112436+00:00,200,20929.239,
2026-09-20T21:57:22.734398+00:00,200,74308.742,
2026-09-20T21:58:29.799595+00:00,200,7250.062,
2026-09-20T21:58:20.182568+00:00,200,16875.856,
2026-09-20T21:58:08.032274+00:00,200,29037.627,
2026-09-20T21:58:20.667849+00:00,200,16402.999,
2026-09-20T21:58:33.565318+00:00,200,3510.688,
2026-09-20T21:57:27.540221+00:00,200,69552.595,
2026-09-20T21:58:33.460082+00:00,200,3642.14,
2026-09-20T21:58:18.937003+00:00,200,18172.835,
2026-09-20T21:58:26.988764+00:00,200,10128.701,
2026-09-20T21:58:01.752804+00:00,200,35371.316,
2026-09-20T21:57:46.124647+00:00,200,51001.836,
2026-09-20T21:58:24.929199+00:00,200,12215.803,
2026-09-20T21:58:22.917959+00:00,200,14245.617,
2026-09-20T21:58:17.966469+00:00,200,19199.938,
2026-09-20T21:58:33.912131+00:00,200,3257.969,
2026-09-20T21:58:26.722651+00:00,200,10454.086,
2026-09-20T21:57:40.008167+00:00,200,57174.125,
2026-09-20T21:58:26.266824+00:00,200,10971.416,
2026-09-20T21:58:03.878293+00:00,200,33364.588,
2026-09-20T21:58:21.592787+00:00,200,15653.866,
2026-09-20T21:58:36.858607+00:00,200,394.002,
2026-09-20T21:58:20.658910+00:00,200,16598.364,
2026-09-20T21:58:35.767721+00:00,200,1494.766,
2026-09-20T21:58:13.342293+00:00,200,23925.252,
2026-09-20T21:57:26.157921+00:00,200,71128.662,
2026-09-20T21:58:07.465562+00:00,200,29838.955,
2026-09-20T21:58:31.226645+00:00,200,6090.946,
2026-09-20T21:58:18.203909+00:00,200,19120.189,
2026-09-20T21:58:12.806729+00:00,200,24548.84,
2026-09-20T21:58:00.460437+00:00,200,36906.277,
2026-09-20T21:57:55.371073+00:00,200,42003.245,
2026-09-20T21:58:18.005586+00:00,200,19372.803,
2026-09-20T21:58:34.145641+00:00,200,3234.17,
2026-09-20T21:58:09.198969+00:00,200,28192.463,
2026-09-20T21:58:23.560427+00:00,200,13840.633,
2026-09-20T21:58:35.270109+00:00,200,2133.267,
2026-09-20T21:58:17.274194+00:00,200,20137.391,
2026-09-20T21:58:22.416299+00:00,200,14996.858,
2026-09-20T21:58:33.070365+00:00,200,4350.252,
2026-09-20T21:58:29.159319+00:00,200,8274.186,
2026-09-20T21:58:17.542871+00:00,200,19925.135,
2026-09-20T21:58:16.414641+00:00,200,21054.34,
2026-09-20T21:58:37.242690+00:00,200,227.199,
2026-09-20T21:57:58.708246+00:00,200,38768.148,
2026-09-20T21:58:24.005626+00:00,200,13473.361,
2026-09-20T21:58:07.775705+00:00,200,29709.496,
2026-09-20T21:58:21.095739+00:00,200,16391.712,
2026-09-20T21:58:34.162806+00:00,200,3326.412,
2026-09-20T21:57:41.935003+00:00,200,55558.346,
2026-09-20T21:58:10.225755+00:00,200,27287.318,
2026-09-20T21:58:22.097505+00:00,200,15435.595,
2026-09-20T21:58:36.864638+00:00,200,683.656,
2026-09-20T21:57:38.698272+00:00,200,58859.153,
2026-09-20T21:58:32.741322+00:00,200,4819.228,
2026-09-20T21:58:15.414532+00:00,200,22168.063,
2026-09-20T21:58:00.715585+00:00,200,36869.157,
2026-09-20T21:58:21.161438+00:00,200,16442.649,
2026-09-20T21:58:34.806146+00:00,200,2808.927,
2026-09-20T21:57:33.390736+00:00,200,64233.887,
2026-09-20T21:58:00.297453+00:00,200,37349.448,
2026-09-20T21:58:03.758028+00:00,200,33897.237,
2026-09-20T21:58:30.863981+00:00,200,6794.844,
2026-09-20T21:58:29.672526+00:00,200,7995.506,
2026-09-20T21:57:58.727539+00:00,200,38947.232,
2026-09-20T21:58:32.977016+00:00,200,4713.138,
2026-09-20T21:58:30.738480+00:00,200,6953.881,
2026-09-20T21:57:48.589556+00:00,200,49105.456,
2026-09-20T21:58:37.467894+00:00,200,237.428,
2026-09-20T21:57:28.334857+00:00,200,69382.434,
2026-09-20T21:58:37.469890+00:00,200,255.1,
2026-09-20T21:58:37.468861+00:00,200,257.223,
2026-09-20T21:58:17.182949+00:00,200,20557.752,
2026-09-20T21:58:36.481095+00:00,200,1261.206,
2026-09-20T21:58:34.191761+00:00,200,3560.817,
2026-09-20T21:58:10.620713+00:00,200,27163.508,
2026-09-20T21:58:22.065198+00:00,200,15744.9,
2026-09-20T21:57:30.211332+00:00,200,67607.312,
2026-09-20T21:58:36.871647+00:00,200,949.174,
2026-09-20T21:57:52.124234+00:00,200,45710.402,
2026-09-20T21:58:25.444029+00:00,200,12393.688,
2026-09-20T21:58:32.123700+00:00,200,5716.617,
2026-09-20T21:58:31.203152+00:00,200,6650.536,
2026-09-20T21:58:25.818735+00:00,200,12041.417,
2026-09-20T21:58:34.070285+00:00,200,3796.665,
2026-09-20T21:58:31.209250+00:00,200,6674.928,
2026-09-20T21:58:10.158831+00:00,200,27741.513,
2026-09-20T21:58:02.906755+00:00,200,34994.681,
2026-09-20T21:58:26.863031+00:00,200,11041.052,
2026-09-20T21:58:08.078348+00:00,200,29831.336,
2026-09-20T21:58:21.885783+00:00,200,16054.481,
2026-09-20T21:58:16.998369+00:00,200,20964.727,
2026-09-20T21:58:37.724991+00:00,200,242.24,
2026-09-20T21:58:37.069735+00:00,200,904.947,
2026-09-20T21:58:30.387697+00:00,200,7590.663,
2026-09-20T21:58:31.126145+00:00,200,6853.361,
2026-09-20T21:58:24.525644+00:00,200,13468.423,
2026-09-20T21:58:15.761755+00:00,200,22257.3,
2026-09-20T21:58:09.724469+00:00,200,28297.146,
2026-09-20T21:58:11.791588+00:00,200,26231.602,
2026-09-20T21:58:25.045899+00:00,200,12985.855,
2026-09-20T21:58:35.827026+00:00,200,2206.888,
2026-09-20T21:58:08.240398+00:00,200,29795.999,
2026-09-20T21:58:33.961309+00:00,200,4101.325,
2026-09-20T21:58:26.352036+00:00,200,11713.245,
2026-09-20T21:58:31.029423+00:00,200,7037.423,
2026-09-20T21:58:32.352800+00:00,200,5718.393,
2026-09-20T21:58:22.699249+00:00,200,15377.815,
2026-09-20T21:58:35.495497+00:00,200,2611.543,
2026-09-20T21:58:24.818227+00:00,200,13291.445,
2026-09-20T21:58:37.884141+00:00,200,233.709,
2026-09-20T21:57:51.686113+00:00,200,46439.487,
2026-09-20T21:58:18.866245+00:00,200,19285.781,
2026-09-20T21:57:54.033820+00:00,200,44120.799,
2026-09-20T21:58:25.717550+00:00,200,12441.266,
2026-09-20T21:58:31.705296+00:00,200,6467.282,
2026-09-20T21:58:17.717110+00:00,200,20462.082,
2026-09-20T21:58:06.505932+00:00,200,31678.251,
2026-09-20T21:58:22.095836+00:00,200,16090.782,
2026-09-20T21:57:34.417276+00:00,200,63778.515,
2026-09-20T21:58:36.477407+00:00,200,1722.228,
2026-09-20T21:58:29.735222+00:00,200,8465.962,
2026-09-20T21:58:32.194383+00:00,200,6044.836,
2026-09-20T21:58:35.814817+00:00,200,2425.752,
2026-09-20T21:58:33.456899+00:00,200,4785.609,
2026-09-20T21:58:06.828315+00:00,200,31421.559,
2026-09-20T21:58:33.274087+00:00,200,5004.135,
2026-09-20T21:58:28.827027+00:00,200,9452.105,
2026-09-20T21:57:56.543951+00:00,200,41747.041,
2026-09-20T21:58:31.157650+00:00,200,7145.853,
2026-09-20T21:58:32.065501+00:00,200,6240.675,
2026-09-20T21:58:24.491254+00:00,200,13820.808,
2026-09-20T21:57:58.121991+00:00,200,40192.52,
2026-09-20T21:58:25.691033+00:00,200,12643.156,
2026-09-20T21:58:20.977004+00:00,200,17367.178,
2026-09-20T21:58:32.967741+00:00,200,5383.886,
2026-09-20T21:57:49.964008+00:00,200,48403.884,
2026-09-20T21:58:35.578784+00:00,200,2791.481,
2026-09-20T21:58:38.151919+00:00,200,220.781,
2026-09-20T21:58:32.020348+00:00,200,6358.914,
2026-09-20T21:58:28.014260+00:00,200,10375.707,
2026-09-20T21:58:38.179075+00:00,200,211.762,
2026-09-20T21:58:07.521819+00:00,200,30871.993,
2026-09-20T21:58:16.453015+00:00,200,21950.97,
2026-09-20T21:58:21.338542+00:00,200,17074.382,
2026-09-20T21:57:15.829970+00:00,200,82585.837,
2026-09-20T21:58:26.582080+00:00,200,11845.084,
2026-09-20T21:58:19.616350+00:00,200,18821.032,
2026-09-20T21:58:16.180395+00:00,200,22265.893,
2026-09-20T21:58:33.931159+00:00,200,4518.125,
2026-09-20T21:58:30.419303+00:00,200,8034.801,
2026-09-20T21:57:33.328929+00:00,200,65132.631,
2026-09-20T21:58:36.833442+00:00,200,1632.685,
2026-09-20T21:58:07.527082+00:00,200,30969.82,
2026-09-20T21:57:49.739365+00:00,200,48763.233,
2026-09-20T21:58:19.700118+00:00,200,18812.968,
2026-09-20T21:58:31.611998+00:00,200,6904.814,
2026-09-20T21:58:01.291625+00:00,200,37226.981,
2026-09-20T21:58:07.867872+00:00,200,30659.068,
2026-09-20T21:58:32.718523+00:00,200,5812.004,
2026-09-20T21:58:10.583909+00:00,200,27955.943,
2026-09-20T21:57:59.840452+00:00,200,38721.515,
2026-09-20T21:57:51.053409+00:00,200,47515.05,
2026-09-20T21:58:07.152831+00:00,200,31417.101,
2026-09-20T21:58:31.201648+00:00,200,7374.89,
2026-09-20T21:57:41.947171+00:00,200,56640.992,
2026-09-20T21:58:16.769419+00:00,200,21837.902,
2026-09-20T21:58:23.430180+00:00,200,15183.235,
2026-09-20T21:58:36.222683+00:00,200,2401.649,
2026-09-20T21:58:24.771603+00:00,200,13855.907,
2026-09-20T21:57:16.852637+00:00,200,81781.019,
2026-09-20T21:58:36.886522+00:00,200,1770.157,
2026-09-20T21:58:26.184129+00:00,200,12487.553,
2026-09-20T21:58:35.806514+00:00,200,2883.847,
2026-09-20T21:58:33.154931+00:00,200,5541.479,
2026-09-20T21:57:59.376418+00:00,200,39328.025,
2026-09-20T21:58:27.551203+00:00,200,11154.703,
2026-09-20T21:57:43.260526+00:00,200,55464.191,
2026-09-20T21:58:09.145184+00:00,200,29586.469,
2026-09-20T21:58:31.886154+00:00,200,6855.12,
2026-09-20T21:57:56.320578+00:00,200,42424.869,
2026-09-20T21:57:55.611302+00:00,200,43141.953,
2026-09-20T21:58:07.416843+00:00,200,31355.167,
2026-09-20T21:57:47.294571+00:00,200,51478.824,
2026-09-20T21:58:34.266424+00:00,200,4521.816,
2026-09-20T21:58:22.632528+00:00,200,16175.784,
2026-09-20T21:57:14.978575+00:00,200,83831.343,
2026-09-20T21:58:33.965862+00:00,200,4849.723,
2026-09-20T21:58:05.680829+00:00,200,33138.802,
2026-09-20T21:58:33.193460+00:00,200,5629.34,
2026-09-20T21:58:37.901240+00:00,200,927.506,
2026-09-20T21:58:38.437276+00:00,200,418.386,
2026-09-20T21:58:19.128090+00:00,200,19731.033,
2026-09-20T21:58:36.729053+00:00,200,2134.213,
2026-09-20T21:58:35.572474+00:00,200,3293.045,
2026-09-20T21:58:31.569504+00:00,200,7304.753,
2026-09-20T21:58:32.216124+00:00,200,6661.516,
2026-09-20T21:58:36.204234+00:00,200,2684.509,
2026-09-20T21:58:20.733197+00:00,200,18169.893,
2026-09-20T21:58:15.894832+00:00,200,23016.88,
2026-09-20T21:57:24.157244+00:00,200,74759.833,
2026-09-20T21:58:16.677595+00:00,200,22240.091,
2026-09-20T21:58:19.562831+00:00,200,19373.202,
2026-09-20T21:58:30.785324+00:00,200,8156.754,
2026-09-20T21:57:52.334987+00:00,200,46620.184,
2026-09-20T21:58:22.727402+00:00,200,16243.332,
2026-09-20T21:58:29.371654+00:00,200,9607.458,
2026-09-20T21:58:26.258846+00:00,200,12725.4,
2026-09-20T21:58:31.774185+00:00,200,7214.256,
2026-09-20T21:58:36.098770+00:00,200,2891.894,
2026-09-20T21:58:34.922972+00:00,200,4079.915,
2026-09-20T21:58:23.990934+00:00,200,15014.84,
2026-09-20T21:58:31.615635+00:00,200,7398.057,
2026-09-20T21:58:09.504461+00:00,200,29514.27,
2026-09-20T21:58:16.815549+00:00,200,22204.12,
2026-09-20T21:57:53.054844+00:00,200,45975.412,
2026-09-20T21:57:22.270222+00:00,200,76765.118,
2026-09-20T21:58:35.349855+00:00,200,3696.745,
2026-09-20T21:58:36.056758+00:00,200,3002.946,
2026-09-20T21:58:16.596030+00:00,200,22474.949,
2026-09-20T21:58:11.194419+00:00,200,27883.1,
2026-09-20T21:58:29.762576+00:00,200,9336.771,
2026-09-20T21:58:19.668593+00:00,200,19433.954,
2026-09-20T21:58:23.252931+00:00,200,15852.524,
2026-09-20T21:58:37.909514+00:00,200,1200.476,
2026-09-20T21:58:06.932468+00:00,200,32181.734,
2026-09-20T21:58:33.186004+00:00,200,5932.876,
2026-09-20T21:58:37.692323+00:00,200,1432.442,
2026-09-20T21:57:24.326105+00:00,200,74810.872,
2026-09-20T21:58:20.694426+00:00,200,18443.07,
2026-09-20T21:58:37.948717+00:00,200,1197.479,
2026-09-20T21:58:36.177812+00:00,200,2971.108,
2026-09-20T21:58:09.715551+00:00,200,29434.921,
2026-09-20T21:58:32.478620+00:00,200,6689.037,
2026-09-20T21:58:08.917105+00:00,200,30253.005,
2026-09-20T21:57:34.966672+00:00,200,64217.883,
2026-09-20T21:58:26.795364+00:00,200,12397.121,
2026-09-20T21:58:22.709605+00:00,200,16489.603,
2026-09-20T21:58:07.939025+00:00,200,31268.859,
2026-09-20T21:58:23.975453+00:00,200,15233.58,
2026-09-20T21:58:38.984174+00:00,200,228.435,
2026-09-20T21:58:34.284304+00:00,200,4941.682,
2026-09-20T21:57:29.926520+00:00,200,69304.938,
2026-09-20T21:58:24.229400+00:00,200,15009.357,
2026-09-20T21:58:20.439182+00:00,200,18812.595,
2026-09-20T21:58:32.712659+00:00,200,6553.691,
2026-09-20T21:58:31.291462+00:00,200,7978.379,
2026-09-20T21:58:00.595565+00:00,200,38678.74,
2026-09-20T21:58:38.771831+00:00,200,511.107,
2026-09-20T21:58:25.082230+00:00,200,14208.5,
2026-09-20T21:58:14.366579+00:00,200,24927.97,
2026-09-20T21:58:10.658366+00:00,200,28637.439,
2026-09-20T21:58:25.185861+00:00,200,14119.274,
2026-09-20T21:57:27.511165+00:00,200,71802.962,
2026-09-20T21:58:28.725088+00:00,200,10593.605,
2026-09-20T21:57:52.245744+00:00,200,47077.294,
2026-09-20T21:58:31.190631+00:00,200,8149.804,
2026-09-20T21:58:35.169709+00:00,200,4179.63,
2026-09-20T21:58:31.487218+00:00,200,7866.449,
2026-09-20T21:58:27.534618+00:00,200,11821.289,
2026-09-20T21:58:32.627764+00:00,200,6731.792,
2026-09-20T21:58:30.721064+00:00,200,8649.913,
2026-09-20T21:58:32.140682+00:00,200,7246.931,
2026-09-20T21:58:33.541327+00:00,200,5848.628,
2026-09-20T21:58:35.038757+00:00,200,4354.23,
2026-09-20T21:58:07.057092+00:00,200,32346.05,
2026-09-20T21:58:39.184186+00:00,200,222.932,
2026-09-20T21:58:04.465492+00:00,200,34951.867,
2026-09-20T21:58:33.861036+00:00,200,5559.481,
2026-09-20T21:57:51.496449+00:00,200,47927.034,
2026-09-20T21:58:23.888717+00:00,200,15548.634,
2026-09-20T21:58:12.854663+00:00,200,26600.309,
2026-09-20T21:57:42.079188+00:00,200,57381.993,
2026-09-20T21:58:31.709821+00:00,200,7775.302,
2026-09-20T21:58:34.464888+00:00,200,5029.135,
2026-09-20T21:58:32.897982+00:00,200,6604.382,
2026-09-20T21:58:20.006994+00:00,200,19534.681,
2026-09-20T21:57:44.068549+00:00,200,55475.163,
2026-09-20T21:58:23.242296+00:00,200,16312.854,
2026-09-20T21:58:30.595456+00:00,200,8971.326,
2026-09-20T21:58:11.845245+00:00,200,27727.14,
2026-09-20T21:58:17.918401+00:00,200,21678.287,
2026-09-20T21:58:39.387573+00:00,200,210.343,
2026-09-20T21:58:11.851977+00:00,200,27768.316,
2026-09-20T21:58:29.820995+00:00,200,9807.125,
2026-09-20T21:58:37.835593+00:00,200,1794.33,
2026-09-20T21:58:11.399822+00:00,200,28233.719,
2026-09-20T21:58:26.702538+00:00,200,12933.182,
2026-09-20T21:57:42.255290+00:00,200,57391.993,
2026-09-20T21:58:22.686665+00:00,200,16963.63,
2026-09-20T21:57:46.186846+00:00,200,53468.232,
2026-09-20T21:58:26.944687+00:00,200,12721.714,
2026-09-20T21:58:25.532140+00:00,200,14135.828,
2026-09-20T21:58:15.212675+00:00,200,24461.486,
2026-09-20T21:58:21.585027+00:00,200,18096.494,
2026-09-20T21:58:24.052444+00:00,200,15641.321,
2026-09-20T21:58:33.550832+00:00,200,6145.425,
2026-09-20T21:58:34.235604+00:00,200,5487.602,
2026-09-20T21:57:52.633769+00:00,200,47092.518,
2026-09-20T21:57:56.936474+00:00,200,42794.247,
2026-09-20T21:58:35.502878+00:00,200,4230.927,
2026-09-20T21:58:34.277159+00:00,200,5457.827,
2026-09-20T21:58:23.588150+00:00,200,16152.098,
2026-09-20T21:58:38.158746+00:00,200,1583.262,
2026-09-20T21:58:36.698814+00:00,200,3069.838,
2026-09-20T21:58:29.925794+00:00,200,9844.492,
2026-09-20T21:58:22.717004+00:00,200,17059.997,
2026-09-20T21:58:15.980202+00:00,200,23822.973,
2026-09-20T21:58:35.072636+00:00,200,4739.145,
2026-09-20T21:58:23.035472+00:00,200,16799.517,
2026-09-20T21:58:31.139271+00:00,200,8719.727,
2026-09-20T21:58:35.777472+00:00,200,4086.591,
2026-09-20T21:57:48.397415+00:00,200,51472.894,
2026-09-20T21:58:03.361960+00:00,200,36517.759,
2026-09-20T21:58:34.238351+00:00,200,5644.232,
2026-09-20T21:58:32.705539+00:00,200,7178.795,
2026-09-20T21:58:36.077632+00:00,200,3811.392,
2026-09-20T21:58:30.165975+00:00,200,9732.985,
2026-09-20T21:58:09.808822+00:00,200,30097.581,
2026-09-20T21:58:30.311121+00:00,200,9599.998,
2026-09-20T21:58:38.724398+00:00,200,1193.405,
2026-09-20T21:58:36.946615+00:00,200,2989.897,
2026-09-20T21:58:25.158139+00:00,200,14782.209,
2026-09-20T21:58:34.804766+00:00,200,5149.484,
2026-09-20T21:58:07.158519+00:00,200,32797.708,
2026-09-20T21:58:37.967233+00:00,200,1994.598,
2026-09-20T21:58:37.355430+00:00,200,2609.449,
2026-09-20T21:58:34.053876+00:00,200,5922.207,
2026-09-20T21:58:28.605631+00:00,200,11375.129,
2026-09-20T21:58:14.733213+00:00,200,25273.804,
2026-09-20T21:58:25.594332+00:00,200,14416.146,
2026-09-20T21:58:25.496862+00:00,200,14530.177,
2026-09-20T21:58:34.498773+00:00,200,5541.611,
2026-09-20T21:58:19.179705+00:00,200,20872.962,
2026-09-20T21:58:30.268329+00:00,200,9788.642,
2026-09-20T21:58:07.621364+00:00,200,32446.706,
2026-09-20T21:58:22.892674+00:00,200,17177.095,
2026-09-20T21:58:19.278223+00:00,200,20797.363,
2026-09-20T21:57:56.506935+00:00,200,43584.818,
2026-09-20T21:58:19.045844+00:00,200,21050.126,
2026-09-20T21:58:17.615851+00:00,200,22483.25,
2026-09-20T21:58:16.767445+00:00,200,23332.645,
2026-09-20T21:57:52.132065+00:00,200,47978.331,
2026-09-20T21:58:00.968155+00:00,200,39167.832,
2026-09-20T21:58:23.830449+00:00,200,16315.058,
2026-09-20T21:58:24.531224+00:00,200,15615.97,
2026-09-20T21:58:23.106862+00:00,200,17043.882,
2026-09-20T21:57:22.243864+00:00,200,77913.447,
2026-09-20T21:58:10.683999+00:00,200,29493.969,
2026-09-20T21:58:39.359520+00:00,200,819.88,
2026-09-20T21:58:26.488608+00:00,200,13692.969,
2026-09-20T21:58:35.123786+00:00,200,5063.156,
2026-09-20T21:58:23.723786+00:00,200,16479.649,
2026-09-20T21:58:28.010211+00:00,200,12193.985,
2026-09-20T21:58:27.485613+00:00,200,12724.063,
2026-09-20T21:58:22.655062+00:00,200,17573.28,
2026-09-20T21:58:35.081164+00:00,200,5153.738,
2026-09-20T21:58:18.282293+00:00,200,21954.823,
2026-09-20T21:58:03.060304+00:00,200,37178.464,
2026-09-20T21:57:52.310517+00:00,200,47976.769,
2026-09-20T21:57:55.300669+00:00,200,45000.975,
2026-09-20T21:58:22.429243+00:00,200,17878.152,
2026-09-20T21:58:40.091509+00:00,200,218.876,
2026-09-20T21:57:42.742842+00:00,200,57570.238,
2026-09-20T21:58:08.308188+00:00,200,32009.557,
2026-09-20T21:58:39.768637+00:00,200,556.244,
2026-09-20T21:57:45.431648+00:00,200,54947.014,
2026-09-20T21:57:59.963819+00:00,200,40422.765,
2026-09-20T21:58:21.804660+00:00,200,18601.645,
2026-09-20T21:58:35.425177+00:00,200,4986.052,
2026-09-20T21:58:33.932815+00:00,200,6495.829,
2026-09-20T21:58:38.370251+00:00,200,2066.851,
2026-09-20T21:58:15.173489+00:00,200,25275.626,
2026-09-20T21:58:34.942250+00:00,200,5511.704,
2026-09-20T21:58:36.619437+00:00,200,3839.015,
2026-09-20T21:58:13.957797+00:00,200,26503.798,
2026-09-20T21:57:42.745001+00:00,200,57718.263,
2026-09-20T21:57:39.715486+00:00,200,60750.23,
2026-09-20T21:58:05.136542+00:00,200,35330.676,
2026-09-20T21:57:29.782047+00:00,200,70697.173,
2026-09-20T21:57:25.939062+00:00,200,74546.603,
2026-09-20T21:58:01.805241+00:00,200,38686.231,
2026-09-20T21:57:59.182042+00:00,200,41317.069,
2026-09-20T21:58:25.298224+00:00,200,15217.153,
2026-09-20T21:58:15.544824+00:00,200,24971.545,
2026-09-20T21:58:34.717570+00:00,200,5803.316,
2026-09-20T21:57:46.023552+00:00,200,54541.531,
2026-09-20T21:58:31.137013+00:00,200,9442.207,
2026-09-20T21:58:07.126688+00:00,200,33458.783,
2026-09-20T21:58:36.142249+00:00,200,4470.825,
2026-09-20T21:58:33.697390+00:00,200,6918.251,
2026-09-20T21:58:36.660295+00:00,200,3970.519,
2026-09-20T21:57:40.907877+00:00,200,59727.733,
2026-09-20T21:57:23.615381+00:00,200,77023.872,
2026-09-20T21:58:27.430249+00:00,200,13228.532,
2026-09-20T21:58:09.823485+00:00,200,30840.693,
2026-09-20T21:58:20.957661+00:00,200,19707.332,
2026-09-20T21:57:41.332484+00:00,200,59342.989,
2026-09-20T21:58:35.865940+00:00,200,4812.579,
2026-09-20T21:58:15.724323+00:00,200,24961.576,
2026-09-20T21:58:35.207048+00:00,200,5479.939,
2026-09-20T21:58:29.334487+00:00,200,11384.524,
2026-09-20T21:58:36.554375+00:00,200,4170.969,
2026-09-20T21:58:24.379091+00:00,200,16356.961,
2026-09-20T21:58:24.483633+00:00,200,16257.587,
2026-09-20T21:58:32.580949+00:00,200,8170.169,
2026-09-20T21:58:34.026208+00:00,200,6735.709,
2026-09-20T21:58:37.092416+00:00,200,3678.156,
2026-09-20T21:58:30.149009+00:00,200,10635.315,
2026-09-20T21:58:30.624822+00:00,200,10174.289,
2026-09-20T21:58:20.243551+00:00,200,20573.009,
2026-09-20T21:58:39.019542+00:00,200,1802.163,
2026-09-20T21:57:51.477359+00:00,200,49345.629,
2026-09-20T21:58:37.557087+00:00,200,3273.586,
2026-09-20T21:57:44.294444+00:00,200,56543.262,
2026-09-20T21:58:30.547820+00:00,200,10293.225,
2026-09-20T21:58:26.112132+00:00,200,14734.519,
2026-09-20T21:58:09.423514+00:00,200,31424.523,
2026-09-20T21:58:28.884403+00:00,200,11964.887,
2026-09-20T21:57:51.897167+00:00,200,48961.719,
2026-09-20T21:57:40.890921+00:00,200,59983.811,
2026-09-20T21:58:24.733100+00:00,200,16151.754,
2026-09-20T21:58:34.358083+00:00,200,6531.411,
2026-09-20T21:57:41.636654+00:00,200,59266.13,
2026-09-20T21:58:28.525114+00:00,200,12402.671,
2026-09-20T21:58:29.491888+00:00,200,11438.945,
2026-09-20T21:57:27.306270+00:00,200,73626.522,
2026-09-20T21:58:23.097996+00:00,200,17836.104,
2026-09-20T21:58:39.494002+00:00,200,1471.551,
2026-09-20T21:58:30.456896+00:00,200,10510.401,
2026-09-20T21:57:53.323025+00:00,200,47646.243,
2026-09-20T21:57:50.067772+00:00,200,50938.462,
2026-09-20T21:58:35.298866+00:00,200,5709.036,
2026-09-20T21:58:20.517921+00:00,200,20492.082,
2026-09-20T21:57:54.090570+00:00,200,46921.623,
2026-09-20T21:58:20.817170+00:00,200,20196.988,
2026-09-20T21:58:09.245756+00:00,200,31812.329,
2026-09-20T21:58:15.883745+00:00,200,25176.538,
2026-09-20T21:57:55.084914+00:00,200,45977.823,
2026-09-20T21:58:32.851059+00:00,200,8260.532,
2026-09-20T21:58:18.465273+00:00,200,22648.906,
2026-09-20T21:58:00.200962+00:00,200,40915.844,
2026-09-20T21:58:36.124056+00:00,200,4995.193,
2026-09-20T21:58:39.169937+00:00,200,1951.948,
2026-09-20T21:58:17.636035+00:00,200,23488.757,
2026-09-20T21:58:29.370284+00:00,200,11757.309,
2026-09-20T21:58:38.344084+00:00,200,2786.362,
2026-09-20T21:58:05.782012+00:00,200,35402.125,
2026-09-20T21:58:23.324835+00:00,200,17866.921,
2026-09-20T21:58:10.272290+00:00,200,30922.663,
2026-09-20T21:58:36.572699+00:00,200,4625.241,
2026-09-20T21:58:26.114303+00:00,200,15086.879,
2026-09-20T21:58:17.067045+00:00,200,24137.408,
2026-09-20T21:58:18.627198+00:00,200,22580.577,
2026-09-20T21:57:49.747240+00:00,200,51464.103,
2026-09-20T21:58:33.866944+00:00,200,7350.286,
2026-09-20T21:58:39.674022+00:00,200,1608.517,
2026-09-20T21:58:32.572892+00:00,200,8713.245,
2026-09-20T21:58:27.595084+00:00,200,13694.719,
2026-09-20T21:58:38.066807+00:00,200,3226.675,
2026-09-20T21:58:27.736130+00:00,200,13631.093,
2026-09-20T21:58:22.569413+00:00,200,18801.638,
2026-09-20T21:58:26.836670+00:00,200,14538.209,
2026-09-20T21:58:26.642151+00:00,200,14736.711,
2026-09-20T21:58:33.625901+00:00,200,7756.976,
2026-09-20T21:58:37.646688+00:00,200,3740.199,
2026-09-20T21:58:30.446873+00:00,200,10944.315,
2026-09-20T21:58:38.526765+00:00,200,2868.585,
2026-09-20T21:58:23.685623+00:00,200,17801.019,
2026-09-20T21:58:17.327310+00:00,200,24163.806,
2026-09-20T21:58:26.764471+00:00,200,14731.092,
2026-09-20T21:58:35.458516+00:00,200,6041.728,
2026-09-20T21:57:45.905931+00:00,200,55599.366,
2026-09-20T21:58:09.609045+00:00,200,31900.779,
2026-09-20T21:58:38.788216+00:00,200,2726.244,
2026-09-20T21:58:15.845238+00:00,200,25674.225,
2026-09-20T21:57:57.469911+00:00,200,44054.794,
2026-09-20T21:58:34.470665+00:00,200,7058.987,
2026-09-20T21:58:33.846340+00:00,200,7688.496,
2026-09-20T21:58:26.052233+00:00,200,15487.947,
2026-09-20T21:58:34.503868+00:00,200,7041.628,
2026-09-20T21:58:37.334861+00:00,200,4215.957,
2026-09-20T21:58:32.014098+00:00,200,9542.204,
2026-09-20T21:58:23.697244+00:00,200,17972.118,
2026-09-20T21:58:12.134863+00:00,200,29540.123,
2026-09-20T21:58:05.671059+00:00,200,36009.484,
2026-09-20T21:58:22.117098+00:00,200,19568.962,
2026-09-20T21:58:33.682812+00:00,200,8008.924,
2026-09-20T21:57:57.948859+00:00,200,43748.839,
2026-09-20T21:58:39.313714+00:00,200,2389.702,
2026-09-20T21:58:03.210945+00:00,200,38498.649,
2026-09-20T21:58:32.801790+00:00,200,8946.473,
2026-09-20T21:58:24.071642+00:00,200,17767.337,
2026-09-20T21:58:40.718948+00:00,200,1126.098,
2026-09-20T21:58:21.554128+00:00,200,20297.319,
2026-09-20T21:58:02.914920+00:00,200,39008.549,
2026-09-20T21:58:35.749620+00:00,200,6237.94,
2026-09-20T21:58:39.898905+00:00,200,2095.01,
2026-09-20T21:58:09.689455+00:00,200,32311.116,
2026-09-20T21:58:40.026957+00:00,200,1980.099,
2026-09-20T21:58:35.851467+00:00,200,6162.264,
2026-09-20T21:58:35.678925+00:00,200,6341.449,
2026-09-20T21:58:34.618917+00:00,200,7408.164,
2026-09-20T21:58:19.910927+00:00,200,22123.239,
2026-09-20T21:58:21.115222+00:00,200,20926.055,
2026-09-20T21:58:15.880296+00:00,200,26168.11,
2026-09-20T21:58:07.345013+00:00,200,34710.563,
2026-09-20T21:58:33.768129+00:00,200,8294.393,
2026-09-20T21:58:39.811756+00:00,200,2257.851,
2026-09-20T21:58:34.686786+00:00,200,7390.066,
2026-09-20T21:58:31.053302+00:00,200,11030.989,
2026-09-20T21:58:38.569753+00:00,200,3522.055,
2026-09-20T21:58:28.070958+00:00,200,14028.541,
2026-09-20T21:58:24.670715+00:00,200,17436.582,
2026-09-20T21:58:37.246565+00:00,200,4868.474,
2026-09-20T21:58:38.613329+00:00,200,3509.56,
2026-09-20T21:58:34.839002+00:00,200,7292.017,
2026-09-20T21:57:25.052064+00:00,200,77087.34,
2026-09-20T21:58:17.962986+00:00,200,24184.292,
2026-09-20T21:58:20.895998+00:00,200,21259.508,
2026-09-20T21:58:17.550066+00:00,200,24613.536,
2026-09-20T21:58:25.014145+00:00,200,17175.07,
2026-09-20T21:58:07.580266+00:00,200,34655.353,
2026-09-20T21:58:27.035081+00:00,200,15239.864,
2026-09-20T21:58:23.959855+00:00,200,18377.981,
2026-09-20T21:57:55.582732+00:00,200,46772.337,
2026-09-20T21:58:24.960650+00:00,200,17402.858,
2026-09-20T21:58:27.710865+00:00,200,14670.35,
2026-09-20T21:58:35.097339+00:00,200,7301.085,
2026-09-20T21:58:18.641266+00:00,200,23840.109,
2026-09-20T21:58:41.057903+00:00,200,1479.858,
2026-09-20T21:58:19.272575+00:00,200,23278.282,
2026-09-20T21:58:39.407119+00:00,200,3152.422,
2026-09-20T21:58:35.698929+00:00,200,6869.56,
2026-09-20T21:58:40.006872+00:00,200,2683.092,
2026-09-20T21:58:07.585214+00:00,200,35197.99,
2026-09-20T21:58:26.142493+00:00,200,16780.671,
2026-09-20T21:58:24.216995+00:00,200,18718.836,
2026-09-20T21:58:31.547865+00:00,200,11434.68,
2026-09-20T21:58:32.578277+00:00,200,10442.237,
2026-09-20T21:58:32.261389+00:00,200,10802.0,
2026-09-20T21:58:41.748213+00:00,200,1375.926,
2026-09-20T21:58:41.709374+00:00,200,1521.494,
2026-09-20T21:58:25.296058+00:00,200,17943.616,
2026-09-20T21:58:21.192206+00:00,200,22174.331,
2026-09-20T21:58:38.808220+00:00,200,4601.192,
2026-09-20T21:58:33.004729+00:00,200,10496.005,
2026-09-20T21:58:28.513867+00:00,200,15070.945,
2026-09-20T21:58:34.877196+00:00,200,8785.047,
2026-09-20T21:58:21.480142+00:00,200,22290.327,
2026-09-20T21:58:32.241189+00:00,200,11563.771,
2026-09-20T21:58:34.574250+00:00,200,9363.575,
2026-09-20T21:58:20.246075+00:00,200,23714.156,
2026-09-20T21:58:34.153331+00:00,200,9888.013,
2026-09-20T21:58:35.589980+00:00,200,8464.504,
2026-09-20T21:58:30.391495+00:00,200,13698.083,
2026-09-20T21:58:34.630864+00:00,200,9520.781,
2026-09-20T21:58:24.332341+00:00,200,19840.841,
2026-09-20T21:58:34.301677+00:00,200,9988.571,
2026-09-20T21:58:26.610112+00:00,200,17727.544,
2026-09-20T21:58:39.148904+00:00,200,5244.719,
2026-09-20T21:57:35.383580+00:00,200,69018.942,
2026-09-20T21:58:40.209604+00:00,200,4359.622,
2026-09-20T21:58:43.239572+00:00,200,1383.489,
2026-09-20T21:58:25.457149+00:00,200,19225.176,
2026-09-20T21:58:37.176679+00:00,200,7513.993,
2026-09-20T21:58:29.505075+00:00,200,15202.727,
2026-09-20T21:58:43.584729+00:00,200,1345.712,
2026-09-20T21:58:10.191904+00:00,200,34809.639,
2026-09-20T21:58:27.968379+00:00,200,17109.318,
2026-09-20T21:58:37.690130+00:00,200,7400.548,
2026-09-20T21:58:40.040354+00:00,200,5084.945,
2026-09-20T21:58:05.287928+00:00,200,39872.147,
2026-09-20T21:57:30.603679+00:00,200,74678.34,
2026-09-20T21:58:33.935285+00:00,200,11359.222,
2026-09-20T21:57:27.429845+00:00,200,78029.19,
2026-09-20T21:58:38.076977+00:00,200,7394.051,
2026-09-20T21:58:33.642891+00:00,200,11842.597,
2026-09-20T21:58:28.020618+00:00,200,17482.233,
2026-09-20T21:58:15.629364+00:00,200,29882.346,
2026-09-20T21:58:20.511462+00:00,200,25185.626,
2026-09-20T21:58:26.037789+00:00,200,19676.44,
2026-09-20T21:57:50.359890+00:00,200,55380.338,
2026-09-20T21:58:30.502807+00:00,200,15284.828,
2026-09-20T21:57:36.964835+00:00,200,68836.308,
2026-09-20T21:58:26.297152+00:00,200,19670.122,
2026-09-20T21:58:38.561746+00:00,200,7427.027,
2026-09-20T21:58:09.804016+00:00,200,36254.767,
2026-09-20T21:58:30.939264+00:00,200,15139.328,
2026-09-20T21:57:40.970847+00:00,200,65246.565,
2026-09-20T21:58:28.296416+00:00,200,17971.303,
2026-09-20T21:58:34.639808+00:00,200,11642.904,
2026-09-20T21:58:07.146073+00:00,200,39146.855,
2026-09-20T21:58:37.979468+00:00,200,8325.465,
2026-09-20T21:58:10.870010+00:00,200,35529.124,
2026-09-20T21:58:21.802618+00:00,200,24614.509,
2026-09-20T21:58:45.458586+00:00,200,974.555,
2026-09-20T21:58:30.282241+00:00,200,16162.026,
2026-09-20T21:58:38.372700+00:00,200,8090.187,
2026-09-20T21:58:23.604425+00:00,200,22944.3,
2026-09-20T21:58:38.576497+00:00,200,7994.422,
2026-09-20T21:58:45.470988+00:00,200,1104.41,
2026-09-20T21:58:32.531627+00:00,200,14054.72,
2026-09-20T21:58:34.705559+00:00,200,11908.11,
2026-09-20T21:58:11.315608+00:00,200,35318.3,
2026-09-20T21:57:53.903552+00:00,200,52736.232,
2026-09-20T21:58:37.684263+00:00,200,8959.982,
2026-09-20T21:58:30.630998+00:00,200,16027.119,
2026-09-20T21:58:35.098926+00:00,200,11582.06,
2026-09-20T21:58:34.674382+00:00,200,12020.5,
2026-09-20T21:58:33.917215+00:00,200,12787.282,
2026-09-20T21:58:18.599289+00:00,200,28119.249,
2026-09-20T21:58:20.039399+00:00,200,26693.521,
2026-09-20T21:58:26.629444+00:00,200,20128.535,
2026-09-20T21:58:23.437241+00:00,200,23334.92,
2026-09-20T21:58:06.564832+00:00,200,40220.206,
2026-09-20T21:57:52.802886+00:00,200,53984.93,
2026-09-20T21:57:15.632070+00:00,200,91217.252,
2026-09-20T21:57:34.972951+00:00,200,71887.456,
2026-09-20T21:58:35.245801+00:00,200,11641.74,
2026-09-20T21:57:58.878511+00:00,200,48023.156,
2026-09-20T21:58:25.063359+00:00,200,21848.229,
2026-09-20T21:58:23.127407+00:00,200,23848.843,
2026-09-20T21:58:33.504787+00:00,200,13485.382,
2026-09-20T21:58:39.555058+00:00,200,7438.606,
2026-09-20T21:58:35.607993+00:00,200,11478.612,
2026-09-20T21:58:37.904022+00:00,200,9197.063,
2026-09-20T21:58:09.639986+00:00,200,37468.798,
2026-09-20T21:58:18.409165+00:00,200,28707.899,
2026-09-20T21:58:38.031681+00:00,200,9090.467,
2026-09-20T21:58:07.690656+00:00,200,39441.246,
2026-09-20T21:58:32.974489+00:00,200,14180.735,
2026-09-20T21:58:35.013828+00:00,200,12142.955,
2026-09-20T21:58:19.517718+00:00,200,27640.231,
2026-09-20T21:58:02.602635+00:00,200,44563.955,
2026-09-20T21:58:31.103408+00:00,200,16066.118,
2026-09-20T21:58:34.114081+00:00,200,13061.166,
2026-09-20T21:58:29.285972+00:00,200,17894.813,
2026-09-20T21:58:29.009431+00:00,200,18173.566,
2026-09-20T21:57:47.762295+00:00,200,59425.28,
2026-09-20T21:58:34.852595+00:00,200,12336.474,
2026-09-20T21:57:52.323134+00:00,200,54869.732,
2026-09-20T21:58:21.679783+00:00,200,25518.559,
2026-09-20T21:58:24.920202+00:00,200,22280.463,
2026-09-20T21:57:59.216832+00:00,200,47988.233,
2026-09-20T21:58:10.608420+00:00,200,36598.365,
2026-09-20T21:58:38.036227+00:00,200,9183.412,
2026-09-20T21:58:16.538840+00:00,200,30695.24,
2026-09-20T21:58:23.209248+00:00,200,24056.877,
2026-09-20T21:58:36.559464+00:00,200,10711.698,
2026-09-20T21:58:22.916273+00:00,200,24365.255,
2026-09-20T21:58:46.976115+00:00,200,322.301,
2026-09-20T21:58:22.845652+00:00,200,24460.458,
2026-09-20T21:58:32.316081+00:00,200,14998.341,
2026-09-20T21:58:07.646745+00:00,200,39671.526,
2026-09-20T21:58:37.705323+00:00,200,9629.327,
2026-09-20T21:58:41.674819+00:00,200,5667.637,
2026-09-20T21:58:04.728555+00:00,200,42627.745,
2026-09-20T21:57:52.233884+00:00,200,55135.998,
2026-09-20T21:58:16.267086+00:00,200,31105.174,
2026-09-20T21:57:44.719592+00:00,200,62670.22,
2026-09-20T21:58:41.367146+00:00,200,6024.462,
2026-09-20T21:58:47.155145+00:00,200,265.084,
2026-09-20T21:58:41.282532+00:00,200,6138.512,
2026-09-20T21:58:38.888729+00:00,200,8536.144,
2026-09-20T21:58:40.515291+00:00,200,6917.348,
2026-09-20T21:58:30.929622+00:00,200,16531.893,
2026-09-20T21:58:16.563299+00:00,200,30911.971,
2026-09-20T21:58:22.432829+00:00,200,25044.422,
2026-09-20T21:58:23.091295+00:00,200,24391.593,
2026-09-20T21:58:11.172804+00:00,200,36320.345,
2026-09-20T21:58:23.257925+00:00,200,24240.097,
2026-09-20T21:58:41.011923+00:00,200,6488.749,
2026-09-20T21:58:42.354801+00:00,200,5160.667,
2026-09-20T21:58:22.518474+00:00,200,25038.749,
2026-09-20T21:58:35.745882+00:00,200,11816.456,
2026-09-20T21:58:24.015476+00:00,200,23550.952,
2026-09-20T21:58:35.869151+00:00,200,11698.79,
2026-09-20T21:58:41.116572+00:00,200,6462.271,
2026-09-20T21:58:33.024604+00:00,200,14555.999,
2026-09-20T21:58:15.496796+00:00,200,32087.921,
2026-09-20T21:58:13.766064+00:00,200,33844.335,
2026-09-20T21:58:24.572260+00:00,200,23038.866,
2026-09-20T21:58:34.040389+00:00,200,13575.508,
2026-09-20T21:58:20.486537+00:00,200,27134.807,
2026-09-20T21:58:27.894277+00:00,200,19732.251,
2026-09-20T21:58:47.389452+00:00,200,239.326,
2026-09-20T21:58:47.420230+00:00,200,209.581,
2026-09-20T21:58:42.568451+00:00,200,5062.67,
2026-09-20T21:58:45.502752+00:00,200,2131.012,
2026-09-20T21:58:33.522452+00:00,200,14116.177,
2026-09-20T21:58:33.536438+00:00,200,14104.84,
2026-09-20T21:58:38.412827+00:00,200,9231.281,
2026-09-20T21:57:24.992430+00:00,200,82657.055,
2026-09-20T21:58:07.970733+00:00,200,39684.02,
2026-09-20T21:58:30.422088+00:00,200,17268.332,
2026-09-20T21:58:41.391126+00:00,200,6303.612,
2026-09-20T21:58:19.066217+00:00,200,28634.631,
2026-09-20T21:58:18.270593+00:00,200,29449.367,
2026-09-20T21:58:34.880758+00:00,200,12844.699,
2026-09-20T21:58:08.179126+00:00,200,39556.415,
2026-09-20T21:58:10.147925+00:00,200,37589.202,
2026-09-20T21:58:31.003150+00:00,200,16744.765,
2026-09-20T21:58:04.211494+00:00,200,43541.327,
2026-09-20T21:57:16.714536+00:00,200,91053.405,
2026-09-20T21:58:41.197916+00:00,200,6571.173,
2026-09-20T21:58:15.441060+00:00,200,32337.997,
2026-09-20T21:58:46.993624+00:00,200,790.451,
2026-09-20T21:58:33.471095+00:00,200,14314.273,
2026-09-20T21:57:31.347372+00:00,200,76454.47,
2026-09-20T21:58:40.307293+00:00,200,7505.813,
2026-09-20T21:58:32.169523+00:00,200,15647.273,
2026-09-20T21:58:14.122466+00:00,200,33700.882,
2026-09-20T21:58:35.334798+00:00,200,12504.521,
2026-09-20T21:58:33.566591+00:00,200,14283.794,
2026-09-20T21:58:36.281239+00:00,200,11577.314,
2026-09-20T21:58:15.263024+00:00,200,32599.685,
2026-09-20T21:58:47.424826+00:00,200,443.633,
2026-09-20T21:58:21.833564+00:00,200,26035.885,
2026-09-20T21:58:16.817552+00:00,200,31055.066,
2026-09-20T21:58:27.717877+00:00,200,20160.342,
2026-09-20T21:58:47.610995+00:00,200,277.88,
2026-09-20T21:57:59.147519+00:00,200,48760.763,
2026-09-20T21:58:30.147216+00:00,200,17771.602,
2026-09-20T21:58:35.571431+00:00,200,12350.763,
2026-09-20T21:57:48.320481+00:00,200,59617.921,
2026-09-20T21:58:40.228243+00:00,200,7734.448,
2026-09-20T21:58:03.064009+00:00,200,44899.998,
2026-09-20T21:57:58.616325+00:00,200,49348.521,
2026-09-20T21:58:08.243597+00:00,200,39739.604,
2026-09-20T21:58:38.518393+00:00,200,9475.105,
2026-09-20T21:58:33.723044+00:00,200,14271.982,
2026-09-20T21:58:35.786468+00:00,200,12210.522,
2026-09-20T21:58:03.928677+00:00,200,44078.27,
2026-09-20T21:58:47.189000+00:00,200,823.29,
2026-09-20T21:57:34.123308+00:00,200,73901.719,
2026-09-20T21:58:15.302588+00:00,200,32749.865,
2026-09-20T21:58:30.797320+00:00,200,17263.995,
2026-09-20T21:58:31.055086+00:00,200,17008.95,
2026-09-20T21:58:32.005342+00:00,200,16074.75,
2026-09-20T21:58:08.914682+00:00,200,39185.19,
2026-09-20T21:58:22.502550+00:00,200,25603.501,
2026-09-20T21:58:33.175854+00:00,200,14933.975,
2026-09-20T21:58:41.130431+00:00,200,6980.205,
2026-09-20T21:58:25.556316+00:00,200,22556.817,
2026-09-20T21:58:17.072387+00:00,200,31045.031,
2026-09-20T21:58:46.304887+00:00,200,1814.417,
2026-09-20T21:58:41.007871+00:00,200,7119.47,
2026-09-20T21:57:52.610103+00:00,200,55529.996,
2026-09-20T21:58:03.765758+00:00,200,44375.393,
2026-09-20T21:58:09.601412+00:00,200,38555.126,
2026-09-20T21:58:08.222147+00:00,200,39935.666,
2026-09-20T21:58:33.003082+00:00,200,15160.0,
2026-09-20T21:57:54.321381+00:00,200,53853.861,
2026-09-20T21:57:45.983832+00:00,200,62195.602,
2026-09-20T21:57:43.899541+00:00,200,64293.304,
2026-09-20T21:58:15.168550+00:00,200,33025.027,
2026-09-20T21:58:09.134283+00:00,200,39063.373,
2026-09-20T21:57:51.396544+00:00,200,56809.39,
2026-09-20T21:57:52.611586+00:00,200,55597.25,
2026-09-20T21:58:47.271102+00:00,200,943.312,
2026-09-20T21:57:48.337743+00:00,200,59890.87,
2026-09-20T21:58:34.413134+00:00,200,13822.676,
2026-09-20T21:57:49.863404+00:00,200,58387.837,
2026-09-20T21:58:15.328151+00:00,200,32930.652,
2026-09-20T21:58:28.321189+00:00,200,19938.727,
2026-09-20T21:58:15.613131+00:00,200,32660.71,
2026-09-20T21:58:23.700183+00:00,200,24578.058,
2026-09-20T21:58:10.203137+00:00,200,38083.813,
2026-09-20T21:57:47.796674+00:00,200,60491.734,
2026-09-20T21:58:18.006896+00:00,200,30282.718,
2026-09-20T21:58:10.034875+00:00,200,38265.234,
2026-09-20T21:58:48.052267+00:00,200,251.162,
2026-09-20T21:58:35.767013+00:00,200,12559.264,
2026-09-20T21:58:23.458382+00:00,200,24875.159,
2026-09-20T21:58:20.963988+00:00,200,27375.896,
2026-09-20T21:58:00.736322+00:00,200,47606.525,
2026-09-20T21:58:32.494489+00:00,200,15866.423,
2026-09-20T21:58:17.782305+00:00,200,30591.01,
2026-09-20T21:58:23.300140+00:00,200,25076.205,
2026-09-20T21:58:18.181016+00:00,200,30197.457,
2026-09-20T21:58:23.369259+00:00,200,25014.217,
2026-09-20T21:58:13.259612+00:00,200,35129.805,
2026-09-20T21:58:47.200538+00:00,200,1192.555,
2026-09-20T21:58:34.531077+00:00,200,13868.297,
2026-09-20T21:57:23.004326+00:00,200,85438.262,
2026-09-20T21:58:32.674763+00:00,200,15781.518,
2026-09-20T21:58:35.163778+00:00,200,13295.906,
2026-09-20T21:58:42.055377+00:00,200,6416.823,
2026-09-20T21:58:12.778981+00:00,200,35728.067,
2026-09-20T21:58:22.160437+00:00,200,26347.879,
2026-09-20T21:58:33.595927+00:00,200,14913.655,
2026-09-20T21:57:19.250891+00:00,200,89260.516,
2026-09-20T21:58:41.509642+00:00,200,7005.916,
2026-09-20T21:57:20.717815+00:00,200,87822.402,
2026-09-20T21:58:39.730477+00:00,200,8836.998,
2026-09-20T21:58:33.389667+00:00,200,15179.341,
2026-09-20T21:58:26.137115+00:00,200,22433.425,
2026-09-20T21:58:38.855662+00:00,200,9716.397,
2026-09-20T21:58:01.729047+00:00,200,46844.799,
2026-09-20T21:58:42.189118+00:00,200,6386.132,
2026-09-20T21:58:35.811786+00:00,200,12792.661,
2026-09-20T21:57:31.536276+00:00,200,77073.762,
2026-09-20T21:57:41.483389+00:00,200,67129.477,
2026-09-20T21:58:23.718215+00:00,200,24896.35,
2026-09-20T21:58:23.508857+00:00,200,25107.735,
2026-09-20T21:58:47.198197+00:00,200,1420.362,
2026-09-20T21:58:25.560697+00:00,200,23060.052,
2026-09-20T21:58:17.712616+00:00,200,30910.308,
2026-09-20T21:58:38.278195+00:00,200,10375.922,
2026-09-20T21:58:26.354026+00:00,200,22306.805,
2026-09-20T21:58:30.418161+00:00,200,18259.489,
2026-09-20T21:58:04.473248+00:00,200,44232.193,
2026-09-20T21:58:48.273654+00:00,200,435.827,
2026-09-20T21:58:16.058260+00:00,200,32669.092,
2026-09-20T21:58:03.180607+00:00,200,45551.253,
2026-09-20T21:58:32.217466+00:00,200,16539.779,
2026-09-20T21:57:56.208525+00:00,200,52551.24,
2026-09-20T21:58:24.404242+00:00,200,24357.643,
2026-09-20T21:58:31.603819+00:00,200,17160.457,
2026-09-20T21:58:20.255457+00:00,200,28544.07,
2026-09-20T21:57:19.389404+00:00,200,89435.902,
2026-09-20T21:58:37.144934+00:00,200,11700.543,
2026-09-20T21:58:39.105366+00:00,200,9769.024,
2026-09-20T21:58:44.623057+00:00,200,4254.754,
2026-09-20T21:58:47.461423+00:00,200,1423.49,
2026-09-20T21:58:21.279896+00:00,200,27630.757,
2026-09-20T21:58:33.890511+00:00,200,15063.282,
2026-09-20T21:58:06.416571+00:00,200,42541.017,
2026-09-20T21:58:37.207835+00:00,200,11774.449,
2026-09-20T21:57:52.490043+00:00,200,56507.011,
2026-09-20T21:58:39.834894+00:00,200,9192.24,
2026-09-20T21:58:34.712723+00:00,200,14333.468,
2026-09-20T21:58:29.664678+00:00,200,19406.837,
2026-09-20T21:58:18.919217+00:00,200,30157.206,
2026-09-20T21:58:40.179397+00:00,200,8903.023,
2026-09-20T21:58:16.870437+00:00,200,32214.589,
2026-09-20T21:58:31.782252+00:00,200,17312.755,
2026-09-20T21:57:52.912136+00:00,200,56196.157,
2026-09-20T21:58:22.522999+00:00,200,26620.475,
2026-09-20T21:58:48.709481+00:00,200,438.778,
2026-09-20T21:58:44.690630+00:00,200,4471.19,
2026-09-20T21:58:16.854902+00:00,200,32325.842,
2026-09-20T21:58:01.047141+00:00,200,48154.027,
2026-09-20T21:58:20.262273+00:00,200,28954.998,
2026-09-20T21:58:38.530496+00:00,200,10702.719,
2026-09-20T21:58:38.154365+00:00,200,11103.429,
2026-09-20T21:58:48.845411+00:00,200,433.872,
2026-09-20T21:58:15.663267+00:00,200,33654.738,
2026-09-20T21:58:17.181840+00:00,200,32188.714,
2026-09-20T21:58:04.858538+00:00,200,44515.576,
2026-09-20T21:58:21.939455+00:00,200,27440.434,
2026-09-20T21:58:45.159846+00:00,200,4239.89,
2026-09-20T21:58:06.674468+00:00,200,42730.532,
2026-09-20T21:58:24.330024+00:00,200,25078.672,
2026-09-20T21:57:38.213338+00:00,200,71205.803,
2026-09-20T21:58:30.945562+00:00,200,18493.655,
2026-09-20T21:57:15.369761+00:00,200,94110.711,
2026-09-20T21:58:41.293466+00:00,200,8195.78,
2026-09-20T21:58:37.163496+00:00,200,12353.965,
2026-09-20T21:58:26.811318+00:00,200,22723.322,
2026-09-20T21:57:40.560918+00:00,200,69000.342,
2026-09-20T21:58:19.769173+00:00,200,29805.754,
2026-09-20T21:58:22.732702+00:00,200,26848.48,
2026-09-20T21:57:27.459922+00:00,200,82124.065,
2026-09-20T21:58:35.136077+00:00,200,14457.386,
2026-09-20T21:57:41.686250+00:00,200,67967.498,
2026-09-20T21:58:46.990092+00:00,200,2677.038,
2026-09-20T21:58:35.998062+00:00,200,13693.258,
2026-09-20T21:58:36.022982+00:00,200,13682.654,
2026-09-20T21:57:44.380414+00:00,200,65327.99,
2026-09-20T21:58:30.564348+00:00,200,19175.078,
2026-09-20T21:58:39.046581+00:00,200,10698.784,
2026-09-20T21:58:30.353747+00:00,200,19422.357,
2026-09-20T21:57:43.462448+00:00,200,66328.085,
2026-09-20T21:58:48.539713+00:00,200,1254.016,
2026-09-20T21:58:05.256347+00:00,200,44541.273,
2026-09-20T21:58:42.069596+00:00,200,7732.75,
2026-09-20T21:57:52.653716+00:00,200,57156.462,
2026-09-20T21:57:49.618865+00:00,200,60196.42,
2026-09-20T21:58:47.801402+00:00,200,2059.512,
2026-09-20T21:58:49.479930+00:00,200,389.441,
2026-09-20T21:58:48.567426+00:00,200,1330.988,
2026-09-20T21:58:26.571023+00:00,200,23376.867,
2026-09-20T21:57:37.411508+00:00,200,72566.492,
2026-09-20T21:58:42.007046+00:00,200,7975.258,
2026-09-20T21:58:40.889458+00:00,200,9126.351,
2026-09-20T21:58:23.791365+00:00,200,26232.98,
2026-09-20T21:58:07.465988+00:00,200,42590.193,
2026-09-20T21:58:06.497409+00:00,200,43575.283,
2026-09-20T21:58:46.911464+00:00,200,3195.181,
2026-09-20T21:58:33.435181+00:00,200,16692.885,
2026-09-20T21:58:22.313791+00:00,200,27838.669,
2026-09-20T21:58:36.419696+00:00,200,13742.746,
2026-09-20T21:58:25.666883+00:00,200,24516.235,
2026-09-20T21:58:41.386872+00:00,200,8801.618,
2026-09-20T21:57:23.816844+00:00,200,86377.664,
2026-09-20T21:58:05.535617+00:00,200,44663.23,
2026-09-20T21:58:39.740156+00:00,200,10484.262,
2026-09-20T21:58:32.734540+00:00,200,17494.651,
2026-09-20T21:58:04.344042+00:00,200,45890.197,
2026-09-20T21:58:29.202376+00:00,200,21053.959,
2026-09-20T21:58:30.001680+00:00,200,20274.455,
2026-09-20T21:58:44.682216+00:00,200,5608.351,
2026-09-20T21:57:27.358395+00:00,200,82946.351,
2026-09-20T21:57:47.851776+00:00,200,62461.019,
2026-09-20T21:58:15.745762+00:00,200,34571.716,
2026-09-20T21:58:48.156318+00:00,200,2176.718,
2026-09-20T21:58:31.093720+00:00,200,19243.06,
2026-09-20T21:58:20.482752+00:00,200,29864.339,
2026-09-20T21:58:49.947757+00:00,200,419.31,
2026-09-20T21:58:31.619579+00:00,200,18761.786,
2026-09-20T21:57:59.262971+00:00,200,51144.883,
2026-09-20T21:58:24.522979+00:00,200,25901.333,
2026-09-20T21:58:32.500273+00:00,200,17926.389,
2026-09-20T21:58:39.733783+00:00,200,10700.457,
2026-09-20T21:58:28.882921+00:00,200,21599.897,
2026-09-20T21:58:24.062035+00:00,200,26432.757,
2026-09-20T21:58:40.238555+00:00,200,10297.427,
2026-09-20T21:58:03.563806+00:00,200,46991.169,
2026-09-20T21:58:30.932896+00:00,200,19624.262,
2026-09-20T21:58:24.495839+00:00,200,26067.354,
2026-09-20T21:58:37.286174+00:00,200,13295.287,
2026-09-20T21:58:25.581003+00:00,200,25004.549,
2026-09-20T21:58:48.874336+00:00,200,1813.632,
2026-09-20T21:58:36.917390+00:00,200,13776.879,
2026-09-20T21:58:39.212610+00:00,200,11565.55,
2026-09-20T21:58:27.074534+00:00,200,23708.627,
2026-09-20T21:58:09.895712+00:00,200,40890.171,
2026-09-20T21:58:31.147817+00:00,200,19683.694,
2026-09-20T21:58:18.897210+00:00,200,31945.245,
2026-09-20T21:57:49.474572+00:00,200,61394.214,
2026-09-20T21:58:45.281589+00:00,200,5612.96,
2026-09-20T21:58:25.407261+00:00,200,25498.815,
2026-09-20T21:58:32.880086+00:00,200,18078.786,
2026-09-20T21:58:25.859369+00:00,200,25113.02,
2026-09-20T21:58:35.397089+00:00,200,15601.488,
2026-09-20T21:58:15.236706+00:00,200,35773.53,
2026-09-20T21:58:32.730886+00:00,200,18288.701,
2026-09-20T21:58:32.818207+00:00,200,18207.473,
2026-09-20T21:58:48.506844+00:00,200,2521.269,
2026-09-20T21:58:36.825062+00:00,200,14225.415,
2026-09-20T21:58:37.624259+00:00,200,13497.343,
2026-09-20T21:58:02.214586+00:00,200,48915.987,
2026-09-20T21:58:26.012377+00:00,200,25157.809,
2026-09-20T21:58:47.180684+00:00,200,3993.935,
2026-09-20T21:58:47.497884+00:00,200,3706.712,
2026-09-20T21:58:36.315153+00:00,200,14904.408,
2026-09-20T21:58:24.040835+00:00,200,27185.391,
2026-09-20T21:58:29.145862+00:00,200,22083.675,
2026-09-20T21:58:10.054784+00:00,200,41191.952,
2026-09-20T21:58:47.372083+00:00,200,3876.81,
2026-09-20T21:58:38.172542+00:00,200,13112.168,
2026-09-20T21:58:10.645592+00:00,200,40647.165,
2026-09-20T21:58:49.869371+00:00,200,1432.057,
2026-09-20T21:57:43.879516+00:00,200,67427.978,
2026-09-20T21:58:48.119296+00:00,200,3203.709,
2026-09-20T21:58:12.184349+00:00,200,39148.538,
2026-09-20T21:57:59.366236+00:00,200,52005.394,
2026-09-20T21:58:23.158504+00:00,200,28221.705,
2026-09-20T21:58:13.912421+00:00,200,37477.913,
2026-09-20T21:58:31.016515+00:00,200,20391.129,
2026-09-20T21:58:00.036149+00:00,200,51400.437,
2026-09-20T21:58:24.287281+00:00,200,27167.373,
2026-09-20T21:58:31.481668+00:00,200,19987.5,
2026-09-20T21:58:39.013652+00:00,200,12463.961,
2026-09-20T21:58:46.644197+00:00,200,4838.432,
2026-09-20T21:58:33.826367+00:00,200,17693.515,
2026-09-20T21:58:36.202404+00:00,200,15338.378,
2026-09-20T21:58:27.377022+00:00,200,24171.874,
2026-09-20T21:57:59.953344+00:00,200,51610.01,
2026-09-20T21:58:05.144371+00:00,200,46431.262,
2026-09-20T21:58:33.828361+00:00,200,17765.522,
2026-09-20T21:58:11.825146+00:00,200,39771.37,
2026-09-20T21:58:33.802821+00:00,200,17830.837,
2026-09-20T21:57:59.794029+00:00,200,51869.704,
2026-09-20T21:58:13.493039+00:00,200,38246.219,
2026-09-20T21:58:19.265954+00:00,200,32517.149,
2026-09-20T21:58:48.456192+00:00,200,3332.124,
2026-09-20T21:58:20.309072+00:00,200,31492.66,
2026-09-20T21:58:15.288005+00:00,200,36534.499,
2026-09-20T21:58:24.023317+00:00,200,27814.0,
2026-09-20T21:57:16.792368+00:00,200,95057.883,
2026-09-20T21:58:33.429422+00:00,200,18440.999,
2026-09-20T21:58:36.280349+00:00,200,15637.851,
2026-09-20T21:58:47.500637+00:00,200,4419.835,
2026-09-20T21:58:36.308077+00:00,200,15639.641,
2026-09-20T21:58:27.985086+00:00,200,23967.528,
2026-09-20T21:58:25.837505+00:00,200,26118.923,
2026-09-20T21:58:39.633379+00:00,200,12334.522,
2026-09-20T21:58:51.540695+00:00,200,438.111,
2026-09-20T21:58:23.058713+00:00,200,28932.771,
2026-09-20T21:58:29.854597+00:00,200,22214.676,
2026-09-20T21:57:47.664822+00:00,200,64440.234,
2026-09-20T21:58:23.640173+00:00,200,28469.08,
2026-09-20T21:58:39.976051+00:00,200,12136.577,
2026-09-20T21:58:47.918717+00:00,200,4211.528,
2026-09-20T21:57:42.302622+00:00,200,69841.653,
2026-09-20T21:58:23.075793+00:00,200,29070.693,
2026-09-20T21:58:38.773099+00:00,200,13386.359,
2026-09-20T21:58:15.826382+00:00,200,36335.609,
2026-09-20T21:57:36.294690+00:00,200,75874.56,
2026-09-20T21:58:08.384168+00:00,200,43797.329,
2026-09-20T21:58:38.279079+00:00,200,13913.228,
2026-09-20T21:58:38.311984+00:00,200,13925.628,
2026-09-20T21:58:39.266315+00:00,200,13006.969,
2026-09-20T21:57:43.478470+00:00,200,68808.183,
2026-09-20T21:58:48.824795+00:00,200,3477.617,
2026-09-20T21:57:48.233403+00:00,200,64071.639,
2026-09-20T21:58:19.951361+00:00,200,32363.756,
2026-09-20T21:58:31.592624+00:00,200,20774.56,
2026-09-20T21:58:39.629915+00:00,200,12742.04,
2026-09-20T21:58:28.928696+00:00,200,23462.566,
2026-09-20T21:58:36.876807+00:00,200,15519.366,
2026-09-20T21:57:48.752204+00:00,200,63676.023,
2026-09-20T21:58:43.020456+00:00,200,9421.706,
2026-09-20T21:58:34.396140+00:00,200,18056.832,
2026-09-20T21:58:42.155385+00:00,200,10311.197,
2026-09-20T21:58:15.753787+00:00,200,36728.467,
2026-09-20T21:58:03.889547+00:00,200,48598.977,
2026-09-20T21:58:22.138899+00:00,200,30352.16,
2026-09-20T21:58:26.617665+00:00,200,25878.448,
2026-09-20T21:58:36.390866+00:00,200,16137.262,
2026-09-20T21:58:36.131033+00:00,200,16432.896,
2026-09-20T21:58:31.402612+00:00,200,21179.873,
2026-09-20T21:58:20.271261+00:00,200,32319.103,
2026-09-20T21:58:30.069178+00:00,200,22541.392,
2026-09-20T21:57:51.435552+00:00,200,61194.412,
2026-09-20T21:58:24.858225+00:00,200,27835.131,
2026-09-20T21:58:37.487358+00:00,200,15218.923,
2026-09-20T21:58:52.314932+00:00,200,419.038,
2026-09-20T21:58:00.922131+00:00,200,51881.842,
2026-09-20T21:57:47.589238+00:00,200,65230.445,
2026-09-20T21:58:07.026828+00:00,200,45795.384,
2026-09-20T21:58:23.465332+00:00,200,29391.384,
2026-09-20T21:58:00.186567+00:00,200,52675.568,
2026-09-20T21:58:40.858605+00:00,200,12015.693,
2026-09-20T21:58:33.252614+00:00,200,19648.803,
2026-09-20T21:58:29.368366+00:00,200,23571.189,
2026-09-20T21:58:40.564769+00:00,200,12389.347,
2026-09-20T21:58:41.540092+00:00,200,11458.917,
2026-09-20T21:57:53.053394+00:00,200,59967.957,
2026-09-20T21:58:15.954332+00:00,200,37070.628,
2026-09-20T21:58:38.863256+00:00,200,14166.638,
2026-09-20T21:58:01.573634+00:00,200,51476.789,
2026-09-20T21:58:34.726678+00:00,200,18345.91,
2026-09-20T21:58:11.525738+00:00,200,41552.994,
2026-09-20T21:58:27.978186+00:00,200,25120.768,
2026-09-20T21:58:36.163281+00:00,200,16951.421,
2026-09-20T21:58:39.392964+00:00,200,13760.077,
2026-09-20T21:58:37.433459+00:00,200,15722.1,
2026-09-20T21:58:25.146172+00:00,200,28036.963,
2026-09-20T21:58:38.427097+00:00,200,14759.824,
2026-09-20T21:58:48.568922+00:00,200,4636.291,
2026-09-20T21:58:34.491924+00:00,200,18715.974,
2026-09-20T21:58:34.869411+00:00,200,18359.467,
2026-09-20T21:58:24.252532+00:00,200,29000.728,
2026-09-20T21:57:38.492999+00:00,200,74794.087,
2026-09-20T21:57:55.162697+00:00,200,58146.649,
2026-09-20T21:58:16.399721+00:00,200,36920.106,
2026-09-20T21:58:34.150719+00:00,200,19176.709,
2026-09-20T21:58:34.888834+00:00,200,18445.609,
2026-09-20T21:58:10.025061+00:00,200,43330.898,
2026-09-20T21:58:48.006695+00:00,200,5393.269,
2026-09-20T21:58:26.334859+00:00,200,27093.021,
2026-09-20T21:58:07.678682+00:00,200,45766.161,
2026-09-20T21:58:31.605758+00:00,200,21844.697,
2026-09-20T21:58:39.322768+00:00,200,14132.618,
2026-09-20T21:58:35.438016+00:00,200,18031.763,
2026-09-20T21:58:50.785649+00:00,200,2709.235,
2026-09-20T21:58:17.089875+00:00,200,36414.691,
2026-09-20T21:58:33.115254+00:00,200,20427.308,
2026-09-20T21:58:36.114251+00:00,200,17430.706,
2026-09-20T21:57:37.285655+00:00,200,76266.957,
2026-09-20T21:58:46.694818+00:00,200,6889.748,
2026-09-20T21:58:33.199867+00:00,200,20394.151,
2026-09-20T21:58:48.389216+00:00,200,5238.062,
2026-09-20T21:58:47.964562+00:00,200,5672.098,
2026-09-20T21:58:23.558505+00:00,200,30084.389,
2026-09-20T21:58:05.436565+00:00,200,48211.87,
2026-09-20T21:58:40.234874+00:00,200,13419.93,
2026-09-20T21:58:37.820818+00:00,200,15836.755,
2026-09-20T21:58:23.999735+00:00,200,29672.618,
2026-09-20T21:58:31.409425+00:00,200,22266.23,
2026-09-20T21:58:48.442097+00:00,200,5239.426,
2026-09-20T21:58:35.813259+00:00,200,17896.752,
2026-09-20T21:58:36.356570+00:00,200,17356.535,
2026-09-20T21:57:29.356381+00:00,200,84358.803,
2026-09-20T21:57:20.855386+00:00,200,92864.827,
2026-09-20T21:58:31.727193+00:00,200,21994.871,
2026-09-20T21:58:49.809849+00:00,200,3922.648,
2026-09-20T21:58:27.119238+00:00,200,26625.245,
2026-09-20T21:57:33.144632+00:00,200,80608.465,
2026-09-20T21:58:32.242415+00:00,200,21519.36,
2026-09-20T21:58:06.751609+00:00,200,47025.883,
2026-09-20T21:58:32.916577+00:00,200,20862.16,
2026-09-20T21:58:34.641679+00:00,200,19151.588,
2026-09-20T21:58:24.301259+00:00,200,29496.768,
2026-09-20T21:58:50.367068+00:00,200,3434.266,
2026-09-20T21:58:37.834374+00:00,200,15983.836,
2026-09-20T21:58:46.462842+00:00,200,7362.172,
2026-09-20T21:58:52.168813+00:00,200,1661.895,
2026-09-20T21:58:34.938950+00:00,200,18915.218,
2026-09-20T21:58:29.910217+00:00,200,23977.758,
2026-09-20T21:58:08.312160+00:00,200,45582.67,
2026-09-20T21:58:13.540811+00:00,200,40370.351,
2026-09-20T21:58:47.725385+00:00,200,6186.583,
2026-09-20T21:58:48.799364+00:00,200,5131.642,
2026-09-20T21:58:33.848610+00:00,200,20084.578,
2026-09-20T21:58:16.238644+00:00,200,37696.4,
2026-09-20T21:58:49.775994+00:00,200,4163.693,
2026-09-20T21:58:07.913363+00:00,200,46031.232,
2026-09-20T21:58:25.331073+00:00,200,28626.687,
2026-09-20T21:58:48.109744+00:00,200,5863.206,
2026-09-20T21:58:28.565625+00:00,200,25414.267,
2026-09-20T21:58:31.778136+00:00,200,22202.608,
2026-09-20T21:58:42.091789+00:00,200,11893.911,
2026-09-20T21:58:49.257733+00:00,200,4754.581,
2026-09-20T21:58:07.095934+00:00,200,46923.841,
2026-09-20T21:58:33.406845+00:00,200,20616.032,
2026-09-20T21:58:06.822372+00:00,200,47234.371,
2026-09-20T21:58:32.657111+00:00,200,21401.064,
2026-09-20T21:58:40.203342+00:00,200,13858.968,
2026-09-20T21:58:30.300666+00:00,200,23763.854,
2026-09-20T21:58:19.631924+00:00,200,34438.692,
2026-09-20T21:57:43.991141+00:00,200,70087.26,
2026-09-20T21:58:09.624325+00:00,200,44456.121,
2026-09-20T21:58:48.113005+00:00,200,5974.931,
2026-09-20T21:58:48.378300+00:00,200,5712.179,
2026-09-20T21:58:49.046111+00:00,200,5065.934,
2026-09-20T21:58:42.034040+00:00,200,12085.937,
2026-09-20T21:58:28.191330+00:00,200,25935.591,
2026-09-20T21:58:33.862423+00:00,200,20273.082,
2026-09-20T21:58:37.667988+00:00,200,16469.066,
2026-09-20T21:58:39.666330+00:00,200,14495.046,
2026-09-20T21:58:32.039095+00:00,200,22123.195,
2026-09-20T21:58:38.351599+00:00,200,15816.229,
2026-09-20T21:58:38.314280+00:00,200,15863.421,
2026-09-20T21:58:53.980617+00:00,200,203.708,
2026-09-20T21:58:44.337556+00:00,200,9852.527,
2026-09-20T21:58:36.879511+00:00,200,17311.936,
2026-09-20T21:58:44.089502+00:00,200,10104.598,
2026-09-20T21:58:25.384490+00:00,200,28826.091,
2026-09-20T21:58:22.493448+00:00,200,31722.532,
2026-09-20T21:58:17.285979+00:00,200,36933.264,
2026-09-20T21:58:16.994983+00:00,200,37236.211,
2026-09-20T21:58:35.014810+00:00,200,19227.265,
2026-09-20T21:57:52.671538+00:00,200,61574.14,
2026-09-20T21:58:47.086542+00:00,200,7168.34,
2026-09-20T21:58:08.036783+00:00,200,46225.183,
2026-09-20T21:58:26.176975+00:00,200,28088.766,
2026-09-20T21:58:35.697433+00:00,200,18570.297,
2026-09-20T21:57:52.672614+00:00,200,61596.671,
2026-09-20T21:58:27.478672+00:00,200,26803.997,
2026-09-20T21:58:23.722275+00:00,200,30576.046,
2026-09-20T21:58:20.085340+00:00,200,34219.365,
2026-09-20T21:58:10.723970+00:00,200,43585.998,
2026-09-20T21:58:30.989672+00:00,200,23327.031,
2026-09-20T21:58:37.391271+00:00,200,16942.449,
2026-09-20T21:58:51.593783+00:00,200,2754.917,
2026-09-20T21:58:40.675131+00:00,200,13675.635,
2026-09-20T21:58:42.062477+00:00,200,12292.285,
2026-09-20T21:58:45.800747+00:00,200,8561.768,
2026-09-20T21:58:20.606153+00:00,200,33767.977,
2026-09-20T21:58:33.136971+00:00,200,21241.901,
2026-09-20T21:57:41.292751+00:00,200,73092.153,
2026-09-20T21:58:28.209067+00:00,200,26179.978,
2026-09-20T21:58:32.971020+00:00,200,21440.254,
2026-09-20T21:58:31.685162+00:00,200,22727.036,
2026-09-20T21:58:54.210416+00:00,200,212.231,
2026-09-20T21:57:22.829099+00:00,200,91596.749,
2026-09-20T21:58:37.694730+00:00,200,16739.852,
2026-09-20T21:58:37.740584+00:00,200,16702.594,
2026-09-20T21:58:26.720214+00:00,200,27724.451,
2026-09-20T21:58:47.638549+00:00,200,6808.784,
2026-09-20T21:58:48.472164+00:00,200,5985.303,
2026-09-20T21:57:28.091906+00:00,200,86404.132,
2026-09-20T21:58:38.815559+00:00,200,15682.536,
2026-09-20T21:58:30.739848+00:00,200,23782.06,
2026-09-20T21:58:25.294188+00:00,200,29229.514,
2026-09-20T21:58:08.030866+00:00,200,46501.455,
2026-09-20T21:58:50.554706+00:00,200,3983.345,
2026-09-20T21:58:22.072400+00:00,200,32470.876,
2026-09-20T21:58:36.810893+00:00,200,17740.807,
2026-09-20T21:58:48.660704+00:00,200,5924.75,
2026-09-20T21:58:54.378751+00:00,200,222.272,
2026-09-20T21:58:26.676991+00:00,200,27925.151,
2026-09-20T21:58:20.914478+00:00,200,33700.5,
2026-09-20T21:58:24.456605+00:00,200,30162.449,
2026-09-20T21:58:14.453530+00:00,200,40169.058,
2026-09-20T21:58:21.814977+00:00,200,32824.919,
2026-09-20T21:58:20.265117+00:00,200,34386.658,
2026-09-20T21:58:01.052988+00:00,200,53612.572,
2026-09-20T21:58:22.512399+00:00,200,32155.29,
2026-09-20T21:57:34.060113+00:00,200,80610.186,
2026-09-20T21:58:35.846428+00:00,200,18831.453,
2026-09-20T21:58:39.635647+00:00,200,15045.035,
2026-09-20T21:58:16.116815+00:00,200,38584.494,
2026-09-20T21:57:53.049399+00:00,200,61655.527,
2026-09-20T21:58:46.887476+00:00,200,7843.66,
2026-09-20T21:57:53.052007+00:00,200,61689.04,
2026-09-20T21:58:23.816214+00:00,200,30929.574,
2026-09-20T21:58:38.046687+00:00,200,16712.905,
2026-09-20T21:58:07.387409+00:00,200,47379.893,
2026-09-20T21:58:15.781814+00:00,200,38990.381,
2026-09-20T21:58:38.109598+00:00,200,16666.575,
2026-09-20T21:58:52.273211+00:00,200,2503.914,
2026-09-20T21:58:51.028104+00:00,200,3750.019,
2026-09-20T21:58:33.257938+00:00,200,21535.44,
2026-09-20T21:58:33.501389+00:00,200,21295.637,
2026-09-20T21:58:22.783244+00:00,200,32016.336,
2026-09-20T21:57:57.175101+00:00,200,57630.858,
2026-09-20T21:58:54.585423+00:00,200,221.203,
2026-09-20T21:58:53.957596+00:00,200,850.046,
2026-09-20T21:58:23.621940+00:00,200,31189.782,
2026-09-20T21:58:17.403295+00:00,200,37417.828,
2026-09-20T21:58:37.512917+00:00,200,17329.39,
2026-09-20T21:58:31.081600+00:00,200,23790.239,
2026-09-20T21:58:48.289441+00:00,200,6595.7,
2026-09-20T21:58:53.801316+00:00,200,1091.29,
2026-09-20T21:58:37.742297+00:00,200,17156.943,
2026-09-20T21:58:07.724427+00:00,200,47181.719,
2026-09-20T21:58:10.800211+00:00,200,44108.461,
2026-09-20T21:57:38.426491+00:00,200,76490.478,
2026-09-20T21:58:39.124760+00:00,200,15801.502,
2026-09-20T21:58:30.171404+00:00,200,24771.249,
2026-09-20T21:58:10.044786+00:00,200,44898.888,
2026-09-20T21:58:40.461443+00:00,200,14484.699,
2026-09-20T21:58:38.306142+00:00,200,16641.865,
2026-09-20T21:58:51.822295+00:00,200,3139.601,
2026-09-20T21:58:29.066736+00:00,200,25902.922,
2026-09-20T21:58:33.652882+00:00,200,21331.185,
2026-09-20T21:58:33.150154+00:00,200,21841.463,
2026-09-20T21:58:39.693677+00:00,200,15305.989,
2026-09-20T21:58:47.334597+00:00,200,7672.386,
2026-09-20T21:57:59.722986+00:00,200,55285.204,
2026-09-20T21:58:52.488245+00:00,200,2522.457,
2026-09-20T21:57:29.518677+00:00,200,85507.054,
2026-09-20T21:58:54.167738+00:00,200,872.121,
2026-09-20T21:57:42.085615+00:00,200,72955.546,
2026-09-20T21:58:26.627918+00:00,200,28417.851,
2026-09-20T21:58:50.346920+00:00,200,4714.782,
2026-09-20T21:58:35.993750+00:00,200,19068.958,
2026-09-20T21:58:51.469055+00:00,200,3597.32,
2026-09-20T21:58:24.508173+00:00,200,30565.688,
2026-09-20T21:58:36.347046+00:00,200,18746.333,
2026-09-20T21:58:36.692427+00:00,200,18410.989,
2026-09-20T21:58:47.869300+00:00,200,7237.567,
2026-09-20T21:58:36.936735+00:00,200,18202.064,
2026-09-20T21:58:34.523175+00:00,200,20618.266,
2026-09-20T21:58:51.870316+00:00,200,3275.049,
2026-09-20T21:58:11.818417+00:00,200,43330.572,
2026-09-20T21:58:01.998804+00:00,200,53160.206,
2026-09-20T21:58:00.090623+00:00,200,55072.479,
2026-09-20T21:58:36.798433+00:00,200,18366.709,
2026-09-20T21:58:39.870013+00:00,200,15305.544,
2026-09-20T21:58:38.334118+00:00,200,16859.023,
2026-09-20T21:58:01.077941+00:00,200,54120.3,
2026-09-20T21:57:19.285349+00:00,200,95927.956,
2026-09-20T21:58:36.803561+00:00,200,18447.077,
2026-09-20T21:58:12.494018+00:00,200,42759.137,
2026-09-20T21:58:00.940979+00:00,200,54318.969,
2026-09-20T21:57:30.569974+00:00,200,84701.935,
2026-09-20T21:58:51.633557+00:00,200,3639.137,
2026-09-20T21:58:16.771426+00:00,200,38509.261,
2026-09-20T21:58:43.124133+00:00,200,12173.131,
2026-09-20T21:58:07.741437+00:00,200,47556.864,
2026-09-20T21:58:54.411154+00:00,200,893.95,
2026-09-20T21:58:29.050925+00:00,200,26260.59,
2026-09-20T21:58:39.650198+00:00,200,15668.24,
2026-09-20T21:57:59.808932+00:00,200,55517.401,
2026-09-20T21:57:44.418781+00:00,200,70913.293,
2026-09-20T21:58:51.548759+00:00,200,3789.062,
2026-09-20T21:58:53.894569+00:00,200,1453.594,
2026-09-20T21:58:55.141324+00:00,200,216.542,
2026-09-20T21:58:14.803089+00:00,200,40564.887,
2026-09-20T21:58:34.362752+00:00,200,21009.686,
2026-09-20T21:58:40.725322+00:00,200,14653.35,
2026-09-20T21:58:40.010397+00:00,200,15372.671,
2026-09-20T21:58:51.956280+00:00,200,3431.951,
2026-09-20T21:58:37.071343+00:00,200,18324.814,
2026-09-20T21:58:29.485217+00:00,200,25914.819,
2026-09-20T21:58:54.112018+00:00,200,1301.598,
2026-09-20T21:58:18.046347+00:00,200,37370.768,
2026-09-20T21:58:35.862937+00:00,200,19562.328,
2026-09-20T21:57:20.302652+00:00,200,95126.555,
2026-09-20T21:57:54.654448+00:00,200,60775.529,
2026-09-20T21:57:31.052135+00:00,200,84399.555,
2026-09-20T21:58:33.469023+00:00,200,21993.159,
2026-09-20T21:58:36.494190+00:00,200,18973.526,
2026-09-20T21:58:04.091120+00:00,200,51378.987,
2026-09-20T21:58:39.628065+00:00,200,15863.726,
2026-09-20T21:58:43.960096+00:00,200,11534.894,
2026-09-20T21:58:09.323074+00:00,200,46176.713,
2026-09-20T21:58:35.371886+00:00,200,20144.3,
2026-09-20T21:58:34.189720+00:00,200,21327.744,
2026-09-20T21:58:34.623502+00:00,200,20910.375,
2026-09-20T21:57:56.661083+00:00,200,58884.623,
2026-09-20T21:58:48.063940+00:00,200,7502.564,
2026-09-20T21:58:32.750990+00:00,200,22816.914,
2026-09-20T21:58:23.926052+00:00,200,31655.053,
2026-09-20T21:58:52.181246+00:00,200,3408.621,
2026-09-20T21:58:50.317280+00:00,200,5274.416,
2026-09-20T21:58:34.502987+00:00,200,21096.911,
2026-09-20T21:58:40.098973+00:00,200,15508.598,
2026-09-20T21:58:52.490886+00:00,200,3119.595,
2026-09-20T21:58:32.143145+00:00,200,23482.718,
2026-09-20T21:57:28.177229+00:00,200,87469.021,
2026-09-20T21:58:16.243533+00:00,200,39408.442,
2026-09-20T21:58:53.584531+00:00,200,2100.085,
2026-09-20T21:58:52.819308+00:00,200,2868.464,
2026-09-20T21:58:40.287011+00:00,200,15402.951,
2026-09-20T21:58:34.183462+00:00,200,21514.999,
2026-09-20T21:58:20.084063+00:00,200,35616.332,
2026-09-20T21:58:31.325624+00:00,200,24386.693,
2026-09-20T21:57:47.513967+00:00,200,68202.486,
2026-09-20T21:58:27.666267+00:00,200,28068.545,
2026-09-20T21:58:07.529774+00:00,200,48205.923,
2026-09-20T21:58:53.078493+00:00,200,2657.722,
2026-09-20T21:58:23.397791+00:00,200,32347.999,
2026-09-20T21:58:33.307409+00:00,200,22444.806,
2026-09-20T21:58:45.696945+00:00,200,10057.495,
2026-09-20T21:58:55.062600+00:00,200,692.615,
2026-09-20T21:58:01.299568+00:00,200,54457.638,
2026-09-20T21:58:40.478813+00:00,200,15289.329,
2026-09-20T21:58:15.893085+00:00,200,39899.317,
2026-09-20T21:57:53.313938+00:00,200,62489.609,
2026-09-20T21:57:44.167403+00:00,200,71642.245,
2026-09-20T21:58:35.042778+00:00,200,20776.088,
2026-09-20T21:58:41.370944+00:00,200,14458.476,
2026-09-20T21:58:39.340389+00:00,200,16496.732,
2026-09-20T21:58:06.813493+00:00,200,49025.032,
2026-09-20T21:58:33.041261+00:00,200,22823.634,
2026-09-20T21:58:12.170309+00:00,200,43697.184,
2026-09-20T21:58:08.322697+00:00,200,47547.807,
2026-09-20T21:58:21.614504+00:00,200,34256.766,
2026-09-20T21:58:48.614423+00:00,200,7261.52,
2026-09-20T21:58:46.787506+00:00,200,9099.745,
2026-09-20T21:57:56.971498+00:00,200,58927.304,
2026-09-20T21:58:31.833083+00:00,200,24072.972,
2026-09-20T21:58:34.729084+00:00,200,21179.712,
2026-09-20T21:58:33.727981+00:00,200,22196.706,
2026-09-20T21:57:44.156443+00:00,200,71770.274,
2026-09-20T21:58:46.416988+00:00,200,9514.909,
2026-09-20T21:58:15.106132+00:00,200,40846.951,
2026-09-20T21:58:35.504608+00:00,200,20459.157,
2026-09-20T21:57:53.027312+00:00,200,62938.511,
2026-09-20T21:58:36.513168+00:00,200,19455.493,
2026-09-20T21:58:14.561930+00:00,200,41417.775,
2026-09-20T21:58:36.326593+00:00,200,19658.917,
2026-09-20T21:57:27.103459+00:00,200,88884.81,
2026-09-20T21:58:23.395161+00:00,200,32598.801,
2026-09-20T21:58:36.211376+00:00,200,19787.102,
2026-09-20T21:58:40.784264+00:00,200,15219.773,
2026-09-20T21:58:30.779748+00:00,200,25228.063,
2026-09-20T21:58:54.019505+00:00,200,2006.927,
2026-09-20T21:58:47.421011+00:00,200,8606.24,
2026-09-20T21:58:25.632894+00:00,200,30406.365,
2026-09-20T21:58:30.378936+00:00,200,25661.584,
2026-09-20T21:58:36.284847+00:00,200,19758.404,
2026-09-20T21:58:30.398458+00:00,200,25645.807,
2026-09-20T21:58:40.933999+00:00,200,15112.164,
2026-09-20T21:58:38.859012+00:00,200,17198.511,
2026-09-20T21:58:53.494870+00:00,200,2573.517,
2026-09-20T21:57:27.125201+00:00,200,88948.432,
2026-09-20T21:58:38.874216+00:00,200,17204.071,
2026-09-20T21:58:54.194044+00:00,200,1888.678,
2026-09-20T21:58:46.570875+00:00,200,9519.164,
2026-09-20T21:58:52.452870+00:00,200,3658.273,
2026-09-20T21:58:22.323164+00:00,200,33793.024,
2026-09-20T21:57:40.121293+00:00,200,76013.791,
2026-09-20T21:57:59.570244+00:00,200,56577.359,
2026-09-20T21:57:59.869986+00:00,200,56280.217,
2026-09-20T21:58:30.648143+00:00,200,25515.353,
2026-09-20T21:58:55.965461+00:00,200,212.163,
2026-09-20T21:58:17.321571+00:00,200,38860.971,
2026-09-20T21:58:37.615059+00:00,200,18574.558,
2026-09-20T21:58:16.471168+00:00,200,39722.334,
2026-09-20T21:58:33.238654+00:00,200,22968.596,
2026-09-20T21:58:35.491036+00:00,200,20719.464,
2026-09-20T21:58:41.534794+00:00,200,14689.431,
2026-09-20T21:58:48.609595+00:00,200,7631.871,
2026-09-20T21:58:13.107860+00:00,200,43144.198,
2026-09-20T21:57:48.706927+00:00,200,67557.181,
2026-09-20T21:58:52.396085+00:00,200,3870.752,
2026-09-20T21:58:27.719258+00:00,200,28556.511,
2026-09-20T21:58:34.833058+00:00,200,21454.059,
2026-09-20T21:58:55.818748+00:00,200,490.814,
2026-09-20T21:58:01.717618+00:00,200,54597.539,
2026-09-20T21:58:34.819664+00:00,200,21506.547,
2026-09-20T21:58:07.198533+00:00,200,49144.68,
2026-09-20T21:58:32.370233+00:00,200,23978.932,
2026-09-20T21:58:07.753317+00:00,200,48597.938,
2026-09-20T21:57:46.970502+00:00,200,69390.728,
2026-09-20T21:58:42.689955+00:00,200,13675.971,
2026-09-20T21:58:33.014363+00:00,200,23354.798,
2026-09-20T21:58:35.681734+00:00,200,20688.819,
2026-09-20T21:58:23.356900+00:00,200,33036.037,
2026-09-20T21:58:55.924561+00:00,200,469.085,
2026-09-20T21:58:39.305056+00:00,200,17089.58,
2026-09-20T21:58:36.528153+00:00,200,19867.432,
2026-09-20T21:58:50.024195+00:00,200,6372.767,
2026-09-20T21:58:33.813180+00:00,200,22587.682,
2026-09-20T21:58:38.071163+00:00,200,18332.312,
2026-09-20T21:58:56.207120+00:00,200,208.746,
2026-09-20T21:57:34.225064+00:00,200,82221.855,
2026-09-20T21:58:29.182819+00:00,200,27269.568,
2026-09-20T21:58:48.326206+00:00,200,8135.016,
2026-09-20T21:58:40.052548+00:00,200,16417.694,
2026-09-20T21:58:07.852843+00:00,200,48620.574,
2026-09-20T21:58:40.428609+00:00,200,16051.558,
2026-09-20T21:58:54.942512+00:00,200,1538.827,
2026-09-20T21:58:38.240556+00:00,200,18247.918,
2026-09-20T21:58:31.765496+00:00,200,24726.771,
2026-09-20T21:58:54.677775+00:00,200,1817.013,
2026-09-20T21:58:38.415332+00:00,200,18089.356,
2026-09-20T21:58:13.174680+00:00,200,43334.797,
2026-09-20T21:58:33.229577+00:00,200,23283.098,
2026-09-20T21:58:56.314849+00:00,200,206.688,
2026-09-20T21:58:56.309562+00:00,200,222.646,
2026-09-20T21:57:53.087768+00:00,200,63445.594,
2026-09-20T21:58:42.235420+00:00,200,14307.977,
2026-09-20T21:58:51.837159+00:00,200,4721.768,
2026-09-20T21:58:29.019623+00:00,200,27550.614,
2026-09-20T21:58:51.978806+00:00,200,4606.065,
2026-09-20T21:58:25.402691+00:00,200,31209.218,
2026-09-20T21:58:53.286656+00:00,200,3337.893,
2026-09-20T21:58:05.418015+00:00,200,51208.814,
2026-09-20T21:58:40.930769+00:00,200,15696.73,
2026-09-20T21:58:39.077360+00:00,200,17557.501,
2026-09-20T21:58:21.894264+00:00,200,34750.087,
2026-09-20T21:58:39.290650+00:00,200,17354.495,
2026-09-20T21:58:53.911934+00:00,200,2734.075,
2026-09-20T21:58:07.489847+00:00,200,49177.924,
2026-09-20T21:58:23.068941+00:00,200,33609.479,
2026-09-20T21:58:20.214651+00:00,200,36466.286,
2026-09-20T21:58:56.134647+00:00,200,547.181,
2026-09-20T21:58:16.946484+00:00,200,39758.006,
2026-09-20T21:58:20.966545+00:00,200,35747.239,
2026-09-20T21:58:55.175471+00:00,200,1544.093,
2026-09-20T21:58:40.301387+00:00,200,16422.085,
2026-09-20T21:58:53.469676+00:00,200,3265.691,
2026-09-20T21:58:30.366170+00:00,200,26370.329,
2026-09-20T21:58:23.399641+00:00,200,33341.331,
2026-09-20T21:58:22.101272+00:00,200,34680.328,
2026-09-20T21:58:35.838036+00:00,200,20992.06,
2026-09-20T21:58:31.393451+00:00,200,25443.795,
2026-09-20T21:58:39.572226+00:00,200,17267.75,
2026-09-20T21:58:36.104715+00:00,200,20739.513,
2026-09-20T21:58:19.861025+00:00,200,36994.739,
2026-09-20T21:58:22.575429+00:00,200,34286.274,
2026-09-20T21:58:39.295642+00:00,200,17583.693,
2026-09-20T21:58:55.045607+00:00,200,1835.435,
2026-09-20T21:58:50.585409+00:00,200,6311.624,
2026-09-20T21:58:37.655072+00:00,200,19244.791,
2026-09-20T21:58:39.911066+00:00,200,16989.673,
2026-09-20T21:57:41.568241+00:00,200,75334.233,
2026-09-20T21:58:15.871387+00:00,200,41053.029,
2026-09-20T21:58:36.192407+00:00,200,20734.596,
2026-09-20T21:58:33.571606+00:00,200,23357.057,
2026-09-20T21:58:55.792173+00:00,200,1140.46,
2026-09-20T21:58:33.467299+00:00,200,23478.682,
2026-09-20T21:58:31.301166+00:00,200,25645.838,
2026-09-20T21:58:56.740782+00:00,200,208.713,
2026-09-20T21:58:28.738042+00:00,200,28224.166,
2026-09-20T21:58:08.396882+00:00,200,48567.328,
2026-09-20T21:58:47.858488+00:00,200,9106.965,
2026-09-20T21:57:34.534768+00:00,200,82434.517,
2026-09-20T21:58:37.781170+00:00,200,19201.111,
2026-09-20T21:58:35.297595+00:00,200,21689.249,
2026-09-20T21:58:07.097063+00:00,200,49899.04,
2026-09-20T21:58:30.327384+00:00,200,26671.709,
2026-09-20T21:58:22.552596+00:00,200,34452.923,
2026-09-20T21:58:27.258885+00:00,200,29760.686,
2026-09-20T21:58:50.563044+00:00,200,6466.344,
2026-09-20T21:57:53.848873+00:00,200,63182.586,
2026-09-20T21:58:13.550253+00:00,200,43489.945,
2026-09-20T21:57:40.359344+00:00,200,76694.187,
2026-09-20T21:58:34.373913+00:00,200,22680.121,
2026-09-20T21:58:12.507254+00:00,200,44552.557,
2026-09-20T21:58:22.803282+00:00,200,34257.724,
2026-09-20T21:58:00.630985+00:00,200,56453.417,
2026-09-20T21:57:44.894425+00:00,200,72199.784,
2026-09-20T21:57:43.985655+00:00,200,73126.472,
2026-09-20T21:58:53.327319+00:00,200,3785.291,
2026-09-20T21:58:49.708028+00:00,200,7406.191,
2026-09-20T21:58:55.864765+00:00,200,1257.254,
2026-09-20T21:57:51.257806+00:00,200,65870.528,
2026-09-20T21:58:04.460893+00:00,200,52679.029,
2026-09-20T21:58:51.918112+00:00,200,5226.555,
2026-09-20T21:58:35.652459+00:00,200,21498.592,
2026-09-20T21:57:56.279616+00:00,200,60878.807,
2026-09-20T21:58:47.156715+00:00,200,10003.801,
2026-09-20T21:58:29.736794+00:00,200,27426.722,
2026-09-20T21:57:50.682206+00:00,200,66492.93,
2026-09-20T21:58:54.373936+00:00,200,2806.837,
2026-09-20T21:58:39.005690+00:00,200,18204.406,
2026-09-20T21:58:56.082714+00:00,200,1129.796,
2026-09-20T21:58:54.304509+00:00,200,2912.198,
2026-09-20T21:58:50.778095+00:00,200,6442.365,
2026-09-20T21:58:54.022760+00:00,200,3208.759,
2026-09-20T21:58:07.206333+00:00,200,50026.994,
2026-09-20T21:58:00.856209+00:00,200,56388.491,
2026-09-20T21:58:40.664881+00:00,200,16582.166,
2026-09-20T21:58:54.532054+00:00,200,2735.687,
2026-09-20T21:58:38.496725+00:00,200,18772.09,
2026-09-20T21:58:33.503071+00:00,200,23775.134,
2026-09-20T21:58:29.952780+00:00,200,27336.727,
2026-09-20T21:57:25.731640+00:00,200,91567.044,
2026-09-20T21:57:53.612566+00:00,200,63696.518,
2026-09-20T21:58:56.521538+00:00,200,794.257,
2026-09-20T21:58:47.938060+00:00,200,9400.111,
2026-09-20T21:58:08.237531+00:00,200,49117.046,
2026-09-20T21:58:53.155471+00:00,200,4204.242,
2026-09-20T21:58:55.093272+00:00,200,2269.695,
2026-09-20T21:58:33.171585+00:00,200,24199.961,
2026-09-20T21:58:57.144639+00:00,200,228.885,
2026-09-20T21:58:06.520646+00:00,200,50856.941,
2026-09-20T21:58:03.645651+00:00,200,53739.375,
2026-09-20T21:58:36.035106+00:00,200,21362.617,
2026-09-20T21:58:55.372321+00:00,200,2032.046,
2026-09-20T21:58:54.219031+00:00,200,3188.207,
2026-09-20T21:58:38.107026+00:00,200,19301.761,
2026-09-20T21:58:33.699071+00:00,200,23713.267,
2026-09-20T21:57:43.510164+00:00,200,73915.477,
2026-09-20T21:58:03.773247+00:00,200,53657.829,
2026-09-20T21:58:57.212505+00:00,200,231.36,
2026-09-20T21:58:28.569530+00:00,200,28879.163,
2026-09-20T21:58:23.887789+00:00,200,33572.802,
2026-09-20T21:58:38.671612+00:00,200,18792.236,
2026-09-20T21:58:48.957344+00:00,200,8515.534,
2026-09-20T21:58:51.991319+00:00,200,5485.738,
2026-09-20T21:58:10.237127+00:00,200,47257.617,
2026-09-20T21:57:49.933700+00:00,200,67562.172,
2026-09-20T21:58:33.500768+00:00,200,24006.972,
2026-09-20T21:57:26.751345+00:00,200,90758.286,
2026-09-20T21:58:13.948862+00:00,200,43570.944,
2026-09-20T21:58:54.087903+00:00,200,3435.228,
2026-09-20T21:58:33.891687+00:00,200,23639.616,
2026-09-20T21:58:57.308718+00:00,200,229.189,
2026-09-20T21:58:55.698338+00:00,200,1863.792,
2026-09-20T21:58:24.777234+00:00,200,32789.644,
2026-09-20T21:58:39.742001+00:00,200,17830.053,
2026-09-20T21:58:34.071388+00:00,200,23503.219,
2026-09-20T21:58:27.480360+00:00,200,30100.325,
2026-09-20T21:58:55.838244+00:00,200,1744.042,
2026-09-20T21:58:27.253248+00:00,200,30342.422,
2026-09-20T21:57:42.706701+00:00,200,74909.238,
2026-09-20T21:58:35.456631+00:00,200,22176.271,
2026-09-20T21:58:57.397601+00:00,200,246.486,
2026-09-20T21:58:39.696223+00:00,200,17954.455,
2026-09-20T21:58:25.151625+00:00,200,32504.804,
2026-09-20T21:58:34.669452+00:00,200,22994.305,
2026-09-20T21:58:31.790851+00:00,200,25896.933,
2026-09-20T21:58:11.044455+00:00,200,46647.478,
2026-09-20T21:58:37.243802+00:00,200,20451.658,
2026-09-20T21:58:34.509577+00:00,200,23199.023,
2026-09-20T21:58:31.938467+00:00,200,25778.348,
2026-09-20T21:57:52.392821+00:00,200,65325.257,
2026-09-20T21:58:08.392356+00:00,200,49326.745,
2026-09-20T21:58:30.502016+00:00,200,27218.711,
2026-09-20T21:58:57.495483+00:00,200,235.394,
2026-09-20T21:58:19.413262+00:00,200,38335.664,
2026-09-20T21:57:29.535721+00:00,200,88220.044,
2026-09-20T21:58:39.596565+00:00,200,18166.042,
2026-09-20T21:58:06.806413+00:00,200,50957.976,
2026-09-20T21:58:54.926173+00:00,200,2845.994,
2026-09-20T21:58:33.105219+00:00,200,24670.937,
2026-09-20T21:58:56.342932+00:00,200,1434.664,
2026-09-20T21:58:54.012289+00:00,200,3781.158,
2026-09-20T21:58:01.415382+00:00,200,56379.529,
2026-09-20T21:58:24.871334+00:00,200,32925.638,
2026-09-20T21:58:27.502576+00:00,200,30319.398,
2026-09-20T21:58:56.111124+00:00,200,1738.87,
2026-09-20T21:58:55.645746+00:00,200,2214.079,
2026-09-20T21:58:49.574757+00:00,200,8307.803,
2026-09-20T21:58:37.300486+00:00,200,20589.923,
2026-09-20T21:58:55.993776+00:00,200,1900.093,
2026-09-20T21:58:35.276444+00:00,200,22620.452,
2026-09-20T21:58:39.776904+00:00,200,18124.918,
2026-09-20T21:58:31.848188+00:00,200,26062.606,
2026-09-20T21:58:22.950075+00:00,200,34980.005,
2026-09-20T21:58:00.636798+00:00,200,57296.541,
2026-09-20T21:58:25.487088+00:00,200,32450.788,
2026-09-20T21:58:26.393812+00:00,200,31546.526,
2026-09-20T21:58:32.909687+00:00,200,25040.834,
2026-09-20T21:58:25.713199+00:00,200,32239.89,
2026-09-20T21:58:34.383007+00:00,200,23578.025,
2026-09-20T21:57:42.783976+00:00,200,75191.71,
2026-09-20T21:58:32.345325+00:00,200,25646.948,
2026-09-20T21:58:50.972246+00:00,200,7021.744,
2026-09-20T21:58:37.170083+00:00,200,20827.075,
2026-09-20T21:57:35.427138+00:00,200,82571.428,
2026-09-20T21:58:34.227031+00:00,200,23785.937,
2026-09-20T21:58:29.988656+00:00,200,28040.273,
2026-09-20T21:58:52.304673+00:00,200,5738.979,
2026-09-20T21:58:42.027040+00:00,200,16018.846,
2026-09-20T21:58:34.583785+00:00,200,23474.462,
2026-09-20T21:58:33.292564+00:00,200,24770.275,
2026-09-20T21:58:26.588499+00:00,200,31478.262,
2026-09-20T21:58:30.704559+00:00,200,27364.304,
2026-09-20T21:58:57.849986+00:00,200,227.815,
2026-09-20T21:58:12.923317+00:00,200,45160.122,
2026-09-20T21:58:31.521701+00:00,200,26574.429,
2026-09-20T21:58:57.111706+00:00,200,985.343,
2026-09-20T21:58:34.556564+00:00,200,23550.243,
2026-09-20T21:58:39.882553+00:00,200,18229.113,
2026-09-20T21:58:41.524453+00:00,200,16615.983,
2026-09-20T21:58:38.062612+00:00,200,20081.461,
2026-09-20T21:58:47.281390+00:00,200,10866.3,
2026-09-20T21:58:28.250480+00:00,200,29901.055,
2026-09-20T21:58:10.771936+00:00,200,47411.323,
2026-09-20T21:58:03.056490+00:00,200,55129.432,
2026-09-20T21:58:55.491704+00:00,200,2709.172,
2026-09-20T21:58:34.758207+00:00,200,23446.852,
2026-09-20T21:58:56.509229+00:00,200,1697.972,
2026-09-20T21:58:35.313538+00:00,200,22897.52,
2026-09-20T21:58:53.972918+00:00,200,4242.3,
2026-09-20T21:58:56.026422+00:00,200,2192.597,
2026-09-20T21:58:41.201096+00:00,200,17024.948,
2026-09-20T21:58:01.808807+00:00,200,56438.163,
2026-09-20T21:58:05.557102+00:00,200,52692.664,
2026-09-20T21:58:41.014044+00:00,200,17238.388,
2026-09-20T21:58:55.931845+00:00,200,2324.851,
2026-09-20T21:58:21.132139+00:00,200,37139.892,
2026-09-20T21:58:56.861506+00:00,200,1455.302,
2026-09-20T21:58:55.684607+00:00,200,2635.66,
2026-09-20T21:58:54.731093+00:00,200,3596.698,
2026-09-20T21:58:40.467016+00:00,200,17866.191,
2026-09-20T21:58:17.414565+00:00,200,40923.714,
2026-09-20T21:58:28.301480+00:00,200,30057.942,
2026-09-20T21:58:17.820635+00:00,200,40544.088,
2026-09-20T21:58:20.643424+00:00,200,37722.986,
2026-09-20T21:57:57.464050+00:00,200,60919.386,
2026-09-20T21:58:53.552172+00:00,200,4848.732,
2026-09-20T21:57:51.560331+00:00,200,66864.431,
2026-09-20T21:58:03.988366+00:00,200,54439.814,
2026-09-20T21:58:54.807639+00:00,200,3626.507,
2026-09-20T21:58:54.999580+00:00,200,3463.447,
2026-09-20T21:58:54.388896+00:00,200,4076.084,
2026-09-20T21:58:54.947913+00:00,200,3525.649,
2026-09-20T21:58:40.846568+00:00,200,17637.995,
2026-09-20T21:58:22.856189+00:00,200,35663.251,
2026-09-20T21:57:41.245367+00:00,200,77275.255,
2026-09-20T21:58:47.839249+00:00,200,10681.986,
2026-09-20T21:58:40.156864+00:00,200,18365.689,
2026-09-20T21:58:08.480417+00:00,200,50045.18,
2026-09-20T21:58:58.106673+00:00,200,422.486,
2026-09-20T21:58:36.499487+00:00,200,22048.135,
2026-09-20T21:58:36.400959+00:00,200,22153.903,
2026-09-20T21:58:30.810454+00:00,200,27750.672,
2026-09-20T21:58:09.150776+00:00,200,49412.774,
2026-09-20T21:58:07.659132+00:00,200,50909.299,
2026-09-20T21:58:33.032534+00:00,200,25541.458,
2026-09-20T21:57:39.191104+00:00,200,79397.673,
2026-09-20T21:58:47.631095+00:00,200,10967.391,
2026-09-20T21:58:21.713065+00:00,200,36888.664,
2026-09-20T21:58:26.309418+00:00,200,32296.191,
2026-09-20T21:58:56.403372+00:00,200,2215.715,
2026-09-20T21:58:24.512493+00:00,200,34109.596,
2026-09-20T21:58:48.258615+00:00,200,10370.058,
2026-09-20T21:58:22.946013+00:00,200,35683.922,
2026-09-20T21:58:54.820909+00:00,200,3825.226,
2026-09-20T21:58:23.733922+00:00,200,34917.933,
2026-09-20T21:57:28.622350+00:00,200,90034.105,
2026-09-20T21:58:57.039948+00:00,200,1628.239,
2026-09-20T21:58:46.217037+00:00,200,12452.574,
2026-09-20T21:58:50.256215+00:00,200,8422.824,
2026-09-20T21:58:38.239186+00:00,200,20444.068,
2026-09-20T21:58:56.896999+00:00,200,1799.755,
2026-09-20T21:58:24.914285+00:00,200,33800.899,
2026-09-20T21:58:38.461185+00:00,200,20261.938,
2026-09-20T21:58:21.979095+00:00,200,36753.163,
2026-09-20T21:58:15.203855+00:00,200,43534.796,
2026-09-20T21:58:50.224360+00:00,200,8518.122,
2026-09-20T21:58:55.533758+00:00,200,3214.594,
2026-09-20T21:58:58.207193+00:00,200,556.143,
2026-09-20T21:58:38.249694+00:00,200,20518.037,
2026-09-20T21:58:18.318683+00:00,200,40469.54,
2026-09-20T21:58:38.290754+00:00,200,20504.104,
2026-09-20T21:57:55.376747+00:00,200,63439.183,
2026-09-20T21:57:54.061480+00:00,200,64758.11,
2026-09-20T21:58:54.384483+00:00,200,4460.077,
2026-09-20T21:58:09.128950+00:00,200,49744.85,
2026-09-20T21:57:58.815771+00:00,200,60059.152,
2026-09-20T21:58:21.425828+00:00,200,37450.081,
2026-09-20T21:58:51.454499+00:00,200,7426.752,
2026-09-20T21:58:36.840050+00:00,200,22067.686,
2026-09-20T21:58:46.718377+00:00,200,12193.792,
2026-09-20T21:58:25.731788+00:00,200,33196.871,
2026-09-20T21:58:54.908418+00:00,200,4026.774,
2026-09-20T21:58:30.186593+00:00,200,28754.725,
2026-09-20T21:57:58.965525+00:00,200,59990.113,
2026-09-20T21:58:30.003112+00:00,200,28974.816,
2026-09-20T21:58:58.763335+00:00,200,230.181,
2026-09-20T21:58:36.377378+00:00,200,22617.327,
2026-09-20T21:58:53.253094+00:00,200,5744.729,
2026-09-20T21:57:58.927112+00:00,200,60072.119,
2026-09-20T21:57:46.083713+00:00,200,72917.902,
2026-09-20T21:58:19.995254+00:00,200,39012.215,
2026-09-20T21:58:38.516774+00:00,200,20508.458,
2026-09-20T21:58:49.581030+00:00,200,9446.744,
2026-09-20T21:58:50.304269+00:00,200,8736.42,
2026-09-20T21:58:34.209767+00:00,200,24832.139,
2026-09-20T21:58:56.473138+00:00,200,2574.503,
2026-09-20T21:58:33.148713+00:00,200,25902.328,
2026-09-20T21:58:39.370929+00:00,200,19703.296,
2026-09-20T21:58:47.122098+00:00,200,11958.428,
2026-09-20T21:57:48.660055+00:00,200,70437.35,
2026-09-20T21:58:47.492941+00:00,200,11632.693,
2026-09-20T21:58:57.507603+00:00,200,1619.982,
2026-09-20T21:58:19.593221+00:00,200,39550.065,
2026-09-20T21:58:25.945361+00:00,200,33209.11,
2026-09-20T21:58:52.861832+00:00,200,6310.51,
2026-09-20T21:58:40.902443+00:00,200,18276.435,
2026-09-20T21:57:54.329785+00:00,200,64854.73,
2026-09-20T21:58:30.996145+00:00,200,28193.729,
2026-09-20T21:58:37.707025+00:00,200,21489.617,
2026-09-20T21:58:41.514446+00:00,200,17683.284,
2026-09-20T21:58:41.009886+00:00,200,18200.626,
2026-09-20T21:57:31.105774+00:00,200,88122.477,
2026-09-20T21:58:25.997443+00:00,200,33234.053,
2026-09-20T21:58:33.568016+00:00,200,25668.501,
2026-09-20T21:58:06.331024+00:00,200,52910.144,
2026-09-20T21:58:51.920449+00:00,200,7331.527,
2026-09-20T21:58:28.944752+00:00,200,30311.401,
2026-09-20T21:58:56.965403+00:00,200,2296.791,
2026-09-20T21:58:54.946060+00:00,200,4331.974,
2026-09-20T21:58:49.180560+00:00,200,10099.025,
2026-09-20T21:58:55.926304+00:00,200,3354.59,
2026-09-20T21:58:31.535066+00:00,200,27754.311,
2026-09-20T21:58:52.391128+00:00,200,6913.911,
2026-09-20T21:58:54.523535+00:00,200,4783.092,
2026-09-20T21:58:07.362904+00:00,200,51971.22,
2026-09-20T21:58:42.935727+00:00,200,16399.719,
2026-09-20T21:58:02.068604+00:00,200,57274.441,
2026-09-20T21:58:03.365661+00:00,200,55981.071,
2026-09-20T21:58:30.464425+00:00,200,28914.131,
2026-09-20T21:57:34.444964+00:00,200,84934.86,
2026-09-20T21:58:23.156482+00:00,200,36234.114,
2026-09-20T21:58:59.178774+00:00,200,215.665,
2026-09-20T21:57:52.658210+00:00,200,66738.204,
2026-09-20T21:58:54.362468+00:00,200,5039.863,
2026-09-20T21:58:39.502328+00:00,200,19905.99,
2026-09-20T21:58:35.901960+00:00,200,23517.645,
2026-09-20T21:58:42.130979+00:00,200,17290.727,
2026-09-20T21:58:48.174933+00:00,200,11249.447,
2026-09-20T21:57:42.053878+00:00,200,77372.488,
2026-09-20T21:58:07.656919+00:00,200,51774.313,
2026-09-20T21:58:27.679216+00:00,200,31766.717,
2026-09-20T21:58:27.983746+00:00,200,31470.107,
2026-09-20T21:58:56.681827+00:00,200,2787.086,
2026-09-20T21:58:32.752813+00:00,200,26728.063,
2026-09-20T21:58:30.590061+00:00,200,28905.761,
2026-09-20T21:58:29.996884+00:00,200,29509.793,
2026-09-20T21:58:52.442110+00:00,200,7067.196,
2026-09-20T21:58:49.797365+00:00,200,9720.002,
2026-09-20T21:57:46.228771+00:00,200,73294.839,
2026-09-20T21:58:30.963384+00:00,200,28563.934,
2026-09-20T21:58:53.830700+00:00,200,5703.484,
2026-09-20T21:58:55.712178+00:00,200,3832.887,
2026-09-20T21:57:47.440215+00:00,200,72109.805,
2026-09-20T21:57:32.655033+00:00,200,86918.952,
2026-09-20T21:58:42.099421+00:00,200,17482.707,
2026-09-20T21:58:08.869547+00:00,200,50732.533,
2026-09-20T21:58:57.362956+00:00,200,2254.481,
2026-09-20T21:58:37.400982+00:00,200,22220.92,
2026-09-20T21:58:22.043529+00:00,200,37579.664,
2026-09-20T21:58:19.727319+00:00,200,39898.704,
2026-09-20T21:58:54.135390+00:00,200,5507.117,
2026-09-20T21:58:40.927715+00:00,200,18719.709,
2026-09-20T21:58:58.333105+00:00,200,1318.75,
2026-09-20T21:58:55.734653+00:00,200,3944.78,
2026-09-20T21:58:35.726645+00:00,200,23963.078,
2026-09-20T21:58:14.126564+00:00,200,45565.611,
2026-09-20T21:57:36.380054+00:00,200,83314.192,
2026-09-20T21:58:07.992470+00:00,200,51734.013,
2026-09-20T21:58:34.035220+00:00,200,25700.072,
2026-09-20T21:58:58.522448+00:00,200,1229.799,
2026-09-20T21:58:57.373526+00:00,200,2384.425,
2026-09-20T21:58:37.282247+00:00,200,22481.766,
2026-09-20T21:58:16.067887+00:00,200,43708.935,
2026-09-20T21:58:38.745218+00:00,200,21033.713,
2026-09-20T21:58:50.188441+00:00,200,9604.977,
2026-09-20T21:58:37.041556+00:00,200,22762.723,
2026-09-20T21:58:59.074113+00:00,200,738.827,
2026-09-20T21:58:39.018563+00:00,200,20798.609,
2026-09-20T21:58:39.109985+00:00,200,20717.483,
2026-09-20T21:58:46.058576+00:00,200,13769.918,
2026-09-20T21:58:55.566463+00:00,200,4263.145,
2026-09-20T21:58:39.225960+00:00,200,20614.354,
2026-09-20T21:58:59.601789+00:00,200,264.075,
2026-09-20T21:58:55.610465+00:00,200,4260.076,
2026-09-20T21:58:37.014480+00:00,200,22871.351,
2026-09-20T21:58:07.847028+00:00,200,52058.773,
2026-09-20T21:58:37.374077+00:00,200,22538.809,
2026-09-20T21:58:31.638264+00:00,200,28281.145,
2026-09-20T21:58:44.151594+00:00,200,15783.13,
2026-09-20T21:58:23.714172+00:00,200,36228.35,
2026-09-20T21:58:58.529158+00:00,200,1418.718,
2026-09-20T21:57:23.277582+00:00,200,96689.375,
2026-09-20T21:58:57.748707+00:00,200,2219.521,
2026-09-20T21:57:22.428657+00:00,200,97554.86,
2026-09-20T21:58:19.906736+00:00,200,40078.654,
2026-09-20T21:58:50.894519+00:00,200,9097.55,
2026-09-20T21:58:23.593498+00:00,200,36414.935,
2026-09-20T21:58:23.818522+00:00,200,36196.149,
2026-09-20T21:58:33.039890+00:00,200,26979.165,
2026-09-20T21:58:57.267728+00:00,200,2776.64,
2026-09-20T21:58:25.117412+00:00,200,34939.002,
2026-09-20T21:58:26.091355+00:00,200,33983.529,
2026-09-20T21:58:54.905875+00:00,200,5179.575,
2026-09-20T21:58:06.660481+00:00,200,53426.274,
2026-09-20T21:57:35.583774+00:00,200,84520.751,
2026-09-20T21:58:04.607774+00:00,200,55498.049,
2026-09-20T21:58:35.642363+00:00,200,24469.069,
2026-09-20T21:58:37.042714+00:00,200,23075.277,
2026-09-20T21:57:36.910456+00:00,200,83211.958,
2026-09-20T21:58:49.233155+00:00,200,10894.614,
2026-09-20T21:58:54.899143+00:00,200,5232.785,
2026-09-20T21:58:56.645994+00:00,200,3492.39,
2026-09-20T21:58:16.150298+00:00,200,43989.383,
2026-09-20T21:58:59.905503+00:00,200,245.248,
2026-09-20T21:58:16.690212+00:00,200,43484.617,
2026-09-20T21:57:40.471106+00:00,200,79714.135,
2026-09-20T21:58:21.228655+00:00,200,38964.596,
2026-09-20T21:57:58.735561+00:00,200,61462.736,
2026-09-20T21:58:35.394439+00:00,200,24809.733,
2026-09-20T21:58:57.448528+00:00,200,2759.905,
2026-09-20T21:58:10.842270+00:00,200,49369.14,
2026-09-20T21:58:57.430768+00:00,200,2788.52,
2026-09-20T21:58:14.840251+00:00,200,45380.401,
2026-09-20T21:58:56.415866+00:00,200,3806.838,
2026-09-20T21:58:24.255932+00:00,200,35971.993,
2026-09-20T21:58:55.212757+00:00,200,5022.062,
2026-09-20T21:58:17.817573+00:00,200,42447.582,
2026-09-20T21:58:39.294407+00:00,200,20984.337,
2026-09-20T21:58:15.134271+00:00,200,45171.701,
2026-09-20T21:58:14.797226+00:00,200,45516.047,
2026-09-20T21:58:30.286417+00:00,200,30028.87,
2026-09-20T21:58:18.463809+00:00,200,41858.117,
2026-09-20T21:58:38.741236+00:00,200,21595.014,
2026-09-20T21:58:58.219009+00:00,200,2124.752,
2026-09-20T21:58:48.612480+00:00,200,11740.092,
2026-09-20T21:57:53.000289+00:00,200,67360.007,
2026-09-20T21:58:48.620618+00:00,200,11757.012,
2026-09-20T21:59:00.184782+00:00,200,227.621,
2026-09-20T21:58:37.866930+00:00,200,22554.73,
2026-09-20T21:58:00.664611+00:00,200,59759.736,
2026-09-20T21:58:37.317558+00:00,200,23119.082,
2026-09-20T21:58:59.125569+00:00,200,1321.96,
2026-09-20T21:57:53.866868+00:00,200,66592.577,
2026-09-20T21:58:57.216692+00:00,200,3246.882,
2026-09-20T21:58:18.249538+00:00,200,42222.835,
2026-09-20T21:58:33.696389+00:00,200,26797.326,
2026-09-20T21:58:07.066804+00:00,200,53440.583,
2026-09-20T21:57:51.313391+00:00,200,69195.113,
2026-09-20T21:58:15.408773+00:00,200,45104.349,
2026-09-20T21:57:17.418422+00:00,200,103104.749,
2026-09-20T21:58:34.173190+00:00,200,26354.858,
2026-09-20T21:58:23.078220+00:00,200,37464.039,
2026-09-20T21:58:33.089653+00:00,200,27464.196,
2026-09-20T21:58:20.347450+00:00,200,40207.45,
2026-09-20T21:58:57.354295+00:00,200,3203.351,
2026-09-20T21:57:44.820410+00:00,200,75740.74,
2026-09-20T21:58:19.314113+00:00,200,41256.731,
2026-09-20T21:58:58.881210+00:00,200,1697.122,
2026-09-20T21:58:34.034252+00:00,200,26560.321,
2026-09-20T21:58:48.459609+00:00,200,12147.389,
2026-09-20T21:57:29.686089+00:00,200,90932.678,
2026-09-20T21:58:47.735315+00:00,200,12889.085,
2026-09-20T21:58:29.757239+00:00,200,30881.091,
2026-09-20T21:58:54.771972+00:00,200,5871.168,
2026-09-20T21:58:55.871075+00:00,200,4779.738,
2026-09-20T21:58:19.520208+00:00,200,41138.451,
2026-09-20T21:58:35.107756+00:00,200,25557.227,
2026-09-20T21:58:32.575310+00:00,200,28091.249,
2026-09-20T21:58:31.926345+00:00,200,28743.911,
2026-09-20T21:57:35.308150+00:00,200,85364.655,
2026-09-20T21:58:55.428664+00:00,200,5250.908,
2026-09-20T21:58:17.862581+00:00,200,42825.559,
2026-09-20T21:58:51.801552+00:00,200,8914.605,
2026-09-20T21:58:46.784808+00:00,200,13942.176,
2026-09-20T21:58:33.128850+00:00,200,27614.07,
2026-09-20T21:58:38.979058+00:00,200,21765.327,
2026-09-20T21:58:34.081516+00:00,200,26670.263,
2026-09-20T21:58:51.332663+00:00,200,9420.09,
2026-09-20T21:58:15.453261+00:00,200,45314.688,
2026-09-20T21:58:57.901719+00:00,200,2868.519,
2026-09-20T21:58:09.232082+00:00,200,51545.781,
2026-09-20T21:58:27.538797+00:00,200,33245.941,
2026-09-20T21:58:57.384718+00:00,200,3401.579,
2026-09-20T21:58:38.877604+00:00,200,21920.449,
2026-09-20T21:58:56.924181+00:00,200,3880.621,
2026-09-20T21:58:35.144789+00:00,200,25662.719,
2026-09-20T21:57:54.435977+00:00,200,66375.856,
2026-09-20T21:58:32.819588+00:00,200,28011.236,
2026-09-20T21:58:36.360617+00:00,200,24485.761,
2026-09-20T21:58:59.549604+00:00,200,1311.609,
2026-09-20T21:58:35.434187+00:00,200,25444.137,
2026-09-20T21:58:40.448970+00:00,200,20430.346,
2026-09-20T21:57:57.326402+00:00,200,63576.944,
2026-09-20T21:58:31.520668+00:00,200,29384.489,
2026-09-20T21:58:35.636715+00:00,200,25288.302,
2026-09-20T21:58:57.084079+00:00,200,3855.208,
2026-09-20T21:57:35.996047+00:00,200,84954.172,
2026-09-20T21:58:41.121875+00:00,200,19836.365,
2026-09-20T21:58:39.646953+00:00,200,21319.432,
2026-09-20T21:58:47.356056+00:00,200,13618.644,
2026-09-20T21:58:17.629944+00:00,200,43349.654,
2026-09-20T21:58:45.739910+00:00,200,15247.684,
2026-09-20T21:58:40.967238+00:00,200,20021.485,
2026-09-20T21:58:36.156741+00:00,200,24845.851,
2026-09-20T21:58:34.983480+00:00,200,26039.649,
2026-09-20T21:58:16.084082+00:00,200,44942.761,
2026-09-20T21:58:47.888875+00:00,200,13143.643,
2026-09-20T21:58:47.922125+00:00,200,13120.573,
2026-09-20T21:58:37.181964+00:00,200,23861.967,
2026-09-20T21:58:38.242482+00:00,200,22806.709,
2026-09-20T21:58:56.492126+00:00,200,4563.314,
2026-09-20T21:57:22.661305+00:00,200,98414.8,
2026-09-20T21:58:58.794741+00:00,200,2281.966,
2026-09-20T21:58:22.728176+00:00,200,38361.011,
2026-09-20T21:59:00.879200+00:00,200,224.724,
2026-09-20T21:58:23.820878+00:00,200,37286.921,
2026-09-20T21:58:57.720572+00:00,200,3390.928,
2026-09-20T21:58:36.765147+00:00,200,24357.332,
2026-09-20T21:57:51.734897+00:00,200,69390.835,
2026-09-20T21:58:47.298417+00:00,200,13831.673,
2026-09-20T21:58:28.789912+00:00,200,32346.949,
2026-09-20T21:58:52.112560+00:00,200,9044.031,
2026-09-20T21:58:23.531954+00:00,200,37633.204,
2026-09-20T21:58:41.005942+00:00,200,20190.599,
2026-09-20T21:58:48.179077+00:00,200,13030.066,
2026-09-20T21:58:56.704262+00:00,200,4510.227,
2026-09-20T21:58:41.183935+00:00,200,20054.065,
2026-09-20T21:57:53.725909+00:00,200,67514.428,
2026-09-20T21:58:37.402267+00:00,200,23859.25,
2026-09-20T21:58:38.704217+00:00,200,22562.368,
2026-09-20T21:57:49.069849+00:00,200,72210.423,
2026-09-20T21:58:24.775135+00:00,200,36506.629,
2026-09-20T21:58:54.680597+00:00,200,6620.813,
2026-09-20T21:58:55.599778+00:00,200,5707.536,
2026-09-20T21:58:57.940158+00:00,200,3373.746,
2026-09-20T21:58:51.284637+00:00,200,10052.623,
2026-09-20T21:58:55.259637+00:00,200,6078.587,
2026-09-20T21:58:29.520700+00:00,200,31828.954,
2026-09-20T21:58:52.130223+00:00,200,9230.944,
2026-09-20T21:57:51.788963+00:00,200,69575.591,
2026-09-20T21:58:41.111546+00:00,200,20254.797,
2026-09-20T21:57:43.424034+00:00,200,77945.899,
2026-09-20T21:57:27.930424+00:00,200,93461.198,
2026-09-20T21:58:35.503848+00:00,200,25890.711,
2026-09-20T21:57:23.964858+00:00,200,97453.018,
2026-09-20T21:57:29.337641+00:00,200,92081.253,
2026-09-20T21:58:35.606246+00:00,200,25817.408,
2026-09-20T21:58:39.029995+00:00,200,22407.144,
2026-09-20T21:58:27.619687+00:00,200,33819.252,
2026-09-20T21:58:59.942314+00:00,200,1500.599,
2026-09-20T21:58:23.460116+00:00,200,37991.001,
2026-09-20T21:58:55.870232+00:00,200,5583.329,
2026-09-20T21:58:34.850753+00:00,200,26619.023,
2026-09-20T21:58:41.550797+00:00,200,19921.093,
2026-09-20T21:58:37.366503+00:00,200,24106.973,
2026-09-20T21:58:53.713007+00:00,200,7768.536,
2026-09-20T21:58:34.538664+00:00,200,26954.95,
2026-09-20T21:58:22.026699+00:00,200,39484.014,
2026-09-20T21:58:25.300421+00:00,200,36229.804,
2026-09-20T21:58:55.040741+00:00,200,6496.76,
2026-09-20T21:58:39.734957+00:00,200,21809.897,
2026-09-20T21:59:00.463557+00:00,200,1086.696,
2026-09-20T21:58:23.682687+00:00,200,37881.127,
2026-09-20T21:58:36.918316+00:00,200,24648.112,
2026-09-20T21:57:52.723600+00:00,200,68855.404,
2026-09-20T21:58:28.160106+00:00,200,33421.873,
2026-09-20T21:58:09.706812+00:00,200,51885.057,
2026-09-20T21:58:22.550106+00:00,200,39042.797,
2026-09-20T21:58:22.862412+00:00,200,38732.37,
2026-09-20T21:58:41.374797+00:00,200,20258.774,
2026-09-20T21:58:43.662196+00:00,200,17986.32,
2026-09-20T21:58:40.324882+00:00,200,21330.806,
2026-09-20T21:58:42.398384+00:00,200,19266.127,
2026-09-20T21:58:58.364497+00:00,200,3318.909,
2026-09-20T21:58:47.694704+00:00,200,14024.808,
2026-09-20T21:57:38.456090+00:00,200,83279.022,
2026-09-20T21:58:55.756893+00:00,200,5981.394,
2026-09-20T21:58:41.529614+00:00,200,20226.742,
2026-09-20T21:58:36.885412+00:00,200,24876.747,
2026-09-20T21:58:14.881328+00:00,200,46893.742,
2026-09-20T21:58:58.143962+00:00,200,3633.167,
2026-09-20T21:57:18.142019+00:00,200,103641.262,
2026-09-20T21:59:00.878179+00:00,200,921.95,
2026-09-20T21:57:42.418404+00:00,200,79383.09,
2026-09-20T21:58:55.271421+00:00,200,6550.235,
2026-09-20T21:58:39.566733+00:00,200,22256.858,
2026-09-20T21:57:59.818014+00:00,200,62009.524,
2026-09-20T21:58:32.443308+00:00,200,29391.176,
2026-09-20T21:58:50.162365+00:00,200,11675.009,
2026-09-20T21:58:39.597917+00:00,200,22240.562,
2026-09-20T21:58:54.447297+00:00,200,7395.701,
2026-09-20T21:58:48.570412+00:00,200,13294.145,
2026-09-20T21:57:53.319933+00:00,200,68553.388,
2026-09-20T21:58:48.761746+00:00,200,13118.267,
2026-09-20T21:58:58.464958+00:00,200,3418.237,
2026-09-20T21:58:40.638811+00:00,200,21270.118,
2026-09-20T21:59:01.683389+00:00,200,229.637,
2026-09-20T21:58:46.772029+00:00,200,15142.433,
2026-09-20T21:58:15.637246+00:00,200,46284.419,
2026-09-20T21:58:57.730878+00:00,200,4192.987,
2026-09-20T21:57:35.260808+00:00,200,86677.442,
2026-09-20T21:58:08.043698+00:00,200,53902.811,
2026-09-20T21:59:01.719435+00:00,200,230.197,
2026-09-20T21:58:34.152016+00:00,200,27819.754,
2026-09-20T21:58:54.498007+00:00,200,7485.645,
2026-09-20T21:58:38.902987+00:00,200,23090.819,
2026-09-20T21:58:58.182987+00:00,200,3815.649,
2026-09-20T21:58:32.427388+00:00,200,29573.658,
2026-09-20T21:59:01.800128+00:00,200,221.361,
2026-09-20T21:58:53.721939+00:00,200,8306.896,
2026-09-20T21:58:57.112590+00:00,200,4942.383,
2026-09-20T21:58:48.205607+00:00,200,13864.636,
2026-09-20T21:58:30.176192+00:00,200,31895.569,
2026-09-20T21:58:53.933074+00:00,200,8143.288,
2026-09-20T21:58:37.049617+00:00,200,25043.158,
2026-09-20T21:59:00.811452+00:00,200,1285.389,
2026-09-20T21:58:43.937773+00:00,200,18171.49,
2026-09-20T21:57:41.520815+00:00,200,80594.107,
2026-09-20T21:58:39.541564+00:00,200,22574.371,
2026-09-20T21:58:48.515519+00:00,200,13617.509,
2026-09-20T21:58:52.954048+00:00,200,9181.881,
2026-09-20T21:58:07.211428+00:00,200,54926.159,
2026-09-20T21:58:26.209306+00:00,200,35929.157,
2026-09-20T21:57:43.669339+00:00,200,78482.068,
2026-09-20T21:58:37.075988+00:00,200,25076.78,
2026-09-20T21:57:41.678599+00:00,200,80486.214,
2026-09-20T21:58:56.007667+00:00,200,6166.293,
2026-09-20T21:57:52.350218+00:00,200,69828.984,
2026-09-20T21:58:05.280130+00:00,200,56904.345,
2026-09-20T21:58:19.970077+00:00,200,42217.174,
2026-09-20T21:58:56.829976+00:00,200,5358.087,
2026-09-20T21:59:00.716107+00:00,200,1486.466,
2026-09-20T21:58:36.940915+00:00,200,25272.188,
2026-09-20T21:58:58.873514+00:00,200,3349.782,
2026-09-20T21:58:39.002866+00:00,200,23225.859,
2026-09-20T21:58:57.298164+00:00,200,4934.172,
2026-09-20T21:59:02.021491+00:00,200,213.266,
2026-09-20T21:58:42.274860+00:00,200,19963.106,
2026-09-20T21:59:01.214466+00:00,200,1027.77,
2026-09-20T21:58:50.407561+00:00,200,11845.432,
2026-09-20T21:58:56.452231+00:00,200,5804.43,
2026-09-20T21:58:28.341020+00:00,200,33918.735,
2026-09-20T21:57:27.003651+00:00,200,95287.972,
2026-09-20T21:57:29.561105+00:00,200,92745.738,
2026-09-20T21:58:57.717703+00:00,200,4600.54,
2026-09-20T21:58:33.487877+00:00,200,28839.516,
2026-09-20T21:58:56.115995+00:00,200,6224.756,
2026-09-20T21:58:35.989758+00:00,200,26365.599,
2026-09-20T21:58:35.478454+00:00,200,26880.359,
2026-09-20T21:57:46.359160+00:00,200,76013.795,
2026-09-20T21:58:37.485032+00:00,200,24889.771,
2026-09-20T21:58:15.359584+00:00,200,47034.85,
2026-09-20T21:57:59.411112+00:00,200,62995.397,
2026-09-20T21:59:01.913031+00:00,200,500.339,
2026-09-20T21:58:53.309011+00:00,200,9107.218,
2026-09-20T21:58:31.086324+00:00,200,31332.63,
2026-09-20T21:58:48.339728+00:00,200,14108.116,
2026-09-20T21:58:56.400733+00:00,200,6064.7,
2026-09-20T21:58:39.208946+00:00,200,23258.827,
2026-09-20T21:58:59.210409+00:00,200,3258.812,
2026-09-20T21:58:40.635267+00:00,200,21848.573,
2026-09-20T21:58:40.204127+00:00,200,22280.884,
2026-09-20T21:58:39.956039+00:00,200,22531.187,
2026-09-20T21:58:39.207705+00:00,200,23281.528,
2026-09-20T21:58:38.065216+00:00,200,24426.987,
2026-09-20T21:58:18.909337+00:00,200,43586.1,
2026-09-20T21:58:12.141945+00:00,200,50371.179,
2026-09-20T21:58:58.256684+00:00,200,4272.81,
2026-09-20T21:58:39.940266+00:00,200,22591.497,
2026-09-20T21:58:49.860904+00:00,200,12674.675,
2026-09-20T21:58:47.823156+00:00,200,14714.132,
2026-09-20T21:58:22.419248+00:00,200,40130.995,
2026-09-20T21:58:32.308642+00:00,200,30246.945,
2026-09-20T21:59:02.358660+00:00,200,210.84,
2026-09-20T21:58:50.424163+00:00,200,12150.143,
2026-09-20T21:59:00.804785+00:00,200,1780.655,
2026-09-20T21:58:34.171865+00:00,200,28424.196,
2026-09-20T21:58:08.162550+00:00,200,54437.839,
2026-09-20T21:59:00.278625+00:00,200,2326.677,
2026-09-20T21:58:22.427389+00:00,200,40186.604,
2026-09-20T21:58:39.167621+00:00,200,23451.048,
2026-09-20T21:58:50.198591+00:00,200,12432.925,
2026-09-20T21:59:02.447764+00:00,200,198.134,
2026-09-20T21:57:50.227119+00:00,200,72423.444,
2026-09-20T21:58:56.349030+00:00,200,6304.514,
2026-09-20T21:58:59.240866+00:00,200,3414.747,
2026-09-20T21:58:57.377295+00:00,200,5290.658,
2026-09-20T21:59:01.921399+00:00,200,750.288,
2026-09-20T21:58:31.115779+00:00,200,31564.147,
2026-09-20T21:57:53.594791+00:00,200,69091.107,
2026-09-20T21:59:00.638154+00:00,200,2061.702,
2026-09-20T21:58:31.640965+00:00,200,31064.556,
2026-09-20T21:59:02.306309+00:00,200,401.771,
2026-09-20T21:58:23.834050+00:00,200,38878.767,
2026-09-20T21:58:38.539692+00:00,200,24183.457,
2026-09-20T21:58:27.806194+00:00,200,34932.299,
2026-09-20T21:58:28.663064+00:00,200,34084.01,
2026-09-20T21:58:50.426562+00:00,200,12323.115,
2026-09-20T21:57:54.144832+00:00,200,68621.199,
2026-09-20T21:57:48.582349+00:00,200,74187.029,
2026-09-20T21:58:31.165364+00:00,200,31610.834,
2026-09-20T21:58:24.106393+00:00,200,38679.06,
2026-09-20T21:58:36.996016+00:00,200,25802.02,
2026-09-20T21:58:54.495541+00:00,200,8306.738,
2026-09-20T21:58:36.024094+00:00,200,26781.937,
2026-09-20T21:58:34.292053+00:00,200,28522.397,
2026-09-20T21:58:29.249208+00:00,200,33570.124,
2026-09-20T21:58:53.114606+00:00,200,9712.674,
2026-09-20T21:58:49.071405+00:00,200,13761.8,
2026-09-20T21:59:00.412404+00:00,200,2429.333,
2026-09-20T21:58:49.439112+00:00,200,13408.429,
2026-09-20T21:58:34.863305+00:00,200,27993.718,
2026-09-20T21:59:02.653512+00:00,200,210.122,
2026-09-20T21:58:28.623973+00:00,200,34244.158,
2026-09-20T21:58:06.661947+00:00,200,56215.069,
2026-09-20T21:58:31.456192+00:00,200,31425.526,
2026-09-20T21:57:27.939858+00:00,200,94946.306,
2026-09-20T21:57:36.817657+00:00,200,86071.751,
2026-09-20T21:59:00.421531+00:00,200,2472.621,
2026-09-20T21:58:35.517178+00:00,200,27390.93,
2026-09-20T21:58:31.095135+00:00,200,31831.069,
2026-09-20T21:58:06.961173+00:00,200,55967.342,
2026-09-20T21:59:01.566287+00:00,200,1369.193,
2026-09-20T21:58:51.788298+00:00,200,11158.297,
2026-09-20T21:58:15.155482+00:00,200,47797.17,
2026-09-20T21:57:40.936054+00:00,200,82035.019,
2026-09-20T21:58:36.515928+00:00,200,26455.955,
2026-09-20T21:58:23.187385+00:00,200,39787.429,
2026-09-20T21:58:37.818255+00:00,200,25157.322,
2026-09-20T21:58:27.524482+00:00,200,35461.539,
2026-09-20T21:58:50.336671+00:00,200,12650.136,
2026-09-20T21:59:02.223279+00:00,200,774.869,
2026-09-20T21:59:02.340717+00:00,200,659.966,
2026-09-20T21:58:52.563836+00:00,200,10441.775,
2026-09-20T21:58:54.350690+00:00,200,8655.771,
2026-09-20T21:58:59.912758+00:00,200,3122.684,
2026-09-20T21:58:56.946858+00:00,200,6097.368,
2026-09-20T21:57:45.416095+00:00,200,77635.629,
2026-09-20T21:58:58.271818+00:00,200,4786.236,
2026-09-20T21:57:43.362399+00:00,200,79696.802,
2026-09-20T21:58:02.769094+00:00,200,60296.51,
2026-09-20T21:58:51.967832+00:00,200,11117.161,
2026-09-20T21:59:01.049062+00:00,200,2042.448,
2026-09-20T21:58:34.987931+00:00,200,28109.271,
2026-09-20T21:58:23.289944+00:00,200,39813.321,
2026-09-20T21:57:51.736406+00:00,200,71370.962,
2026-09-20T21:58:13.554990+00:00,200,49554.904,
2026-09-20T21:58:54.618881+00:00,200,8500.637,
2026-09-20T21:58:39.099296+00:00,200,24023.688,
2026-09-20T21:57:58.425642+00:00,200,64702.845,
2026-09-20T21:58:35.344989+00:00,200,27788.879,
2026-09-20T21:58:05.414163+00:00,200,57722.612,
2026-09-20T21:58:58.723009+00:00,200,4431.1,
2026-09-20T21:58:58.427867+00:00,200,4739.764,
2026-09-20T21:59:00.924872+00:00,200,2255.48,
2026-09-20T21:58:55.305101+00:00,200,7886.657,
2026-09-20T21:59:02.132952+00:00,200,1059.84,
2026-09-20T21:58:36.970855+00:00,200,26224.562,
2026-09-20T21:58:56.392750+00:00,200,6811.035,
2026-09-20T21:58:50.381258+00:00,200,12826.562,
2026-09-20T21:58:48.884908+00:00,200,14324.836,
2026-09-20T21:58:38.184002+00:00,200,25027.028,
2026-09-20T21:58:50.276020+00:00,200,12943.416,
2026-09-20T21:59:02.259561+00:00,200,978.167,
2026-09-20T21:58:36.393754+00:00,200,26852.609,
2026-09-20T21:57:46.881189+00:00,200,76367.972,
2026-09-20T21:58:57.174753+00:00,200,6082.12,
2026-09-20T21:58:23.115226+00:00,200,40145.163,
2026-09-20T21:58:40.099956+00:00,200,23164.716,
2026-09-20T21:58:54.885105+00:00,200,8391.324,
2026-09-20T21:58:47.994946+00:00,200,15292.102,
2026-09-20T21:58:47.868459+00:00,200,15431.113,
2026-09-20T21:57:31.926683+00:00,200,91375.663,
2026-09-20T21:57:49.855876+00:00,200,73464.75,
2026-09-20T21:58:47.615821+00:00,200,15708.054,
2026-09-20T21:58:58.434128+00:00,200,4896.164,
2026-09-20T21:58:21.106637+00:00,200,42231.013,
2026-09-20T21:57:57.446744+00:00,200,65897.096,
2026-09-20T21:59:03.167606+00:00,200,190.157,
2026-09-20T21:58:22.591405+00:00,200,40767.722,
2026-09-20T21:57:55.260088+00:00,200,68105.108,
2026-09-20T21:57:49.075678+00:00,200,74290.423,
2026-09-20T21:58:38.656670+00:00,200,24720.948,
2026-09-20T21:58:59.509267+00:00,200,3872.55,
2026-09-20T21:58:40.613051+00:00,200,22778.037,
2026-09-20T21:58:33.877124+00:00,200,29520.162,
2026-09-20T21:58:37.674548+00:00,200,25745.955,
2026-09-20T21:59:01.307284+00:00,200,2120.592,
2026-09-20T21:58:33.137982+00:00,200,30292.131,
2026-09-20T21:58:48.105905+00:00,200,15328.393,
2026-09-20T21:58:40.069671+00:00,200,23365.508,
2026-09-20T21:58:52.821949+00:00,200,10620.224,
2026-09-20T21:58:09.218579+00:00,200,54240.756,
2026-09-20T21:58:15.366422+00:00,200,48118.557,
2026-09-20T21:57:59.325268+00:00,200,64167.735,
2026-09-20T21:58:31.370701+00:00,200,32128.314,
2026-09-20T21:58:19.392294+00:00,200,44109.74,
2026-09-20T21:59:01.971611+00:00,200,1541.508,
2026-09-20T21:58:56.073121+00:00,200,7444.063,
2026-09-20T21:58:53.455306+00:00,200,10071.601,
2026-09-20T21:58:35.004167+00:00,200,28524.2,
2026-09-20T21:58:36.462016+00:00,200,27069.548,
2026-09-20T21:58:30.471622+00:00,200,33081.006,
2026-09-20T21:58:58.519235+00:00,200,5034.961,
2026-09-20T21:58:58.767614+00:00,200,4795.725,
2026-09-20T21:58:49.534511+00:00,200,14033.92,
2026-09-20T21:58:24.731607+00:00,200,38843.677,
2026-09-20T21:59:03.358893+00:00,200,226.209,
2026-09-20T21:57:44.986816+00:00,200,78607.424,
2026-09-20T21:58:15.889432+00:00,200,47714.183,
2026-09-20T21:59:00.111293+00:00,200,3499.489,
2026-09-20T21:58:15.691570+00:00,200,47925.604,
2026-09-20T21:58:54.799396+00:00,200,8824.867,
2026-09-20T21:58:58.225948+00:00,200,5405.0,
2026-09-20T21:58:19.356516+00:00,200,44280.738,
2026-09-20T21:58:48.373140+00:00,200,15271.327,
2026-09-20T21:59:00.777567+00:00,200,2868.705,
2026-09-20T21:58:30.543405+00:00,200,33108.7,
2026-09-20T21:59:01.591572+00:00,200,2065.182,
2026-09-20T21:59:02.467641+00:00,200,1200.995,
2026-09-20T21:58:34.045330+00:00,200,29657.568,
2026-09-20T21:58:41.289726+00:00,200,22414.639,
2026-09-20T21:57:56.537793+00:00,200,67167.645,
2026-09-20T21:58:38.627432+00:00,200,25085.586,
2026-09-20T21:58:48.509500+00:00,200,15215.808,
2026-09-20T21:58:29.984552+00:00,200,33744.377,
2026-09-20T21:58:40.799054+00:00,200,22934.017,
2026-09-20T21:58:37.001828+00:00,200,26736.793,
2026-09-20T21:58:55.425154+00:00,200,8314.413,
2026-09-20T21:59:02.531634+00:00,200,1214.224,
2026-09-20T21:57:32.761984+00:00,200,91004.984,
2026-09-20T21:58:26.879775+00:00,200,36887.814,
2026-09-20T21:58:38.201137+00:00,200,25569.989,
2026-09-20T21:59:01.313887+00:00,200,2473.299,
2026-09-20T21:58:07.128991+00:00,200,56662.135,
2026-09-20T21:58:41.685949+00:00,200,22128.791,
2026-09-20T21:59:03.616899+00:00,200,203.567,
2026-09-20T21:57:52.654575+00:00,200,71184.735,
2026-09-20T21:58:48.012288+00:00,200,15836.544,
2026-09-20T21:58:24.011767+00:00,200,39845.896,
2026-09-20T21:59:02.605290+00:00,200,1254.449,
2026-09-20T21:58:20.126705+00:00,200,43734.252,
2026-09-20T21:58:35.263770+00:00,200,28613.115,
2026-09-20T21:58:36.323900+00:00,200,27554.414,
2026-09-20T21:58:12.344483+00:00,200,51534.929,
2026-09-20T21:57:33.153513+00:00,200,90744.222,
2026-09-20T21:57:30.459365+00:00,200,93441.741,
2026-09-20T21:58:38.809436+00:00,200,25107.429,
2026-09-20T21:58:31.022034+00:00,200,32896.247,
2026-09-20T21:58:35.402009+00:00,200,28542.92,
2026-09-20T21:58:57.933011+00:00,200,6017.439,
2026-09-20T21:59:02.252927+00:00,200,1706.403,
2026-09-20T21:58:59.812939+00:00,200,4166.365,
2026-09-20T21:58:23.142322+00:00,200,40844.763,
2026-09-20T21:57:37.714240+00:00,200,86278.476,
2026-09-20T21:58:39.353624+00:00,200,24640.421,
2026-09-20T21:58:15.332557+00:00,200,48674.198,
2026-09-20T21:58:38.186527+00:00,200,25821.332,
2026-09-20T21:58:34.084598+00:00,200,29926.172,
2026-09-20T21:57:37.091104+00:00,200,86933.257,
2026-09-20T21:58:31.898969+00:00,200,32126.725,
2026-09-20T21:58:20.564840+00:00,200,43463.075,
2026-09-20T21:58:24.856416+00:00,200,39194.086,
2026-09-20T21:58:14.927373+00:00,200,49130.108,
2026-09-20T21:58:05.299384+00:00,200,58763.956,
2026-09-20T21:59:00.104038+00:00,200,3969.823,
2026-09-20T21:58:34.550642+00:00,200,29526.661,
2026-09-20T21:58:55.829338+00:00,200,8250.062,
2026-09-20T21:58:57.695344+00:00,200,6394.527,
2026-09-20T21:59:03.484703+00:00,200,609.965,
2026-09-20T21:57:19.354550+00:00,200,104741.59,
2026-09-20T21:59:02.600076+00:00,200,1529.616,
2026-09-20T21:58:22.419755+00:00,200,41725.288,
2026-09-20T21:58:36.908895+00:00,200,27242.481,
2026-09-20T21:58:23.180052+00:00,200,40974.097,
2026-09-20T21:58:02.476252+00:00,200,61693.006,
2026-09-20T21:58:36.685595+00:00,200,27497.126,
2026-09-20T21:58:55.007872+00:00,200,9177.451,
2026-09-20T21:58:39.917799+00:00,200,24275.216,
2026-09-20T21:58:32.606768+00:00,200,31587.459,
2026-09-20T21:58:47.626416+00:00,200,16577.598,
2026-09-20T21:58:59.346410+00:00,200,4862.615,
2026-09-20T21:58:01.075548+00:00,200,63141.206,
2026-09-20T21:58:08.371792+00:00,200,55846.435,
2026-09-20T21:58:33.426557+00:00,200,30801.28,
2026-09-20T21:58:34.178092+00:00,200,30051.607,
2026-09-20T21:58:39.146191+00:00,200,25087.408,
2026-09-20T21:58:54.177612+00:00,200,10057.553,
2026-09-20T21:59:00.687895+00:00,200,3556.062,
2026-09-20T21:58:37.102203+00:00,200,27145.724,
2026-09-20T21:58:55.039856+00:00,200,9211.744,
2026-09-20T21:59:04.057199+00:00,200,196.466,
2026-09-20T21:58:38.911581+00:00,200,25380.316,
2026-09-20T21:57:15.443604+00:00,200,108854.572,
2026-09-20T21:58:35.713835+00:00,200,28585.045,
2026-09-20T21:57:49.063904+00:00,200,75247.226,
2026-09-20T21:58:37.746340+00:00,200,26565.732,
2026-09-20T21:58:28.382490+00:00,200,35931.34,
2026-09-20T21:58:38.753008+00:00,200,25564.071,
2026-09-20T21:59:02.935474+00:00,200,1384.803,
2026-09-20T21:58:29.937420+00:00,200,34387.46,
2026-09-20T21:58:59.280877+00:00,200,5045.014,
2026-09-20T21:57:37.427363+00:00,200,86914.613,
2026-09-20T21:58:35.915033+00:00,200,28428.167,
2026-09-20T21:58:56.512543+00:00,200,7849.598,
2026-09-20T21:58:57.615508+00:00,200,6747.812,
2026-09-20T21:57:37.959764+00:00,200,86407.895,
2026-09-20T21:58:47.649010+00:00,200,16722.751,
2026-09-20T21:58:36.342264+00:00,200,28057.573,
2026-09-20T21:58:17.091031+00:00,200,47321.721,
2026-09-20T21:58:23.361606+00:00,200,41072.546,
2026-09-20T21:58:01.442350+00:00,200,62993.939,
2026-09-20T21:57:52.937591+00:00,200,71509.473,
2026-09-20T21:58:58.547497+00:00,200,5902.373,
2026-09-20T21:58:56.068374+00:00,200,8392.049,
2026-09-20T21:59:02.595899+00:00,200,1870.384,
2026-09-20T21:58:53.854061+00:00,200,10619.354,
2026-09-20T21:58:59.817054+00:00,200,4674.849,
2026-09-20T21:57:45.066492+00:00,200,79434.87,
2026-09-20T21:58:36.957608+00:00,200,27559.604,
2026-09-20T21:59:01.338190+00:00,200,3183.752,
2026-09-20T21:58:29.331416+00:00,200,35193.891,
2026-09-20T21:58:34.709168+00:00,200,29826.229,
2026-09-20T21:58:37.582470+00:00,200,26953.754,
2026-09-20T21:58:11.553356+00:00,200,52995.713,
2026-09-20T21:58:31.870135+00:00,200,32682.635,
2026-09-20T21:58:51.663435+00:00,200,12909.292,
2026-09-20T21:59:01.042624+00:00,200,3534.016,
2026-09-20T21:58:41.495479+00:00,200,23084.794,
2026-09-20T21:58:36.031209+00:00,200,28569.002,
2026-09-20T21:58:56.210382+00:00,200,8398.98,
2026-09-20T21:58:08.046096+00:00,200,56564.991,
2026-09-20T21:59:04.412481+00:00,200,202.561,
2026-09-20T21:58:33.570690+00:00,200,31058.617,
2026-09-20T21:58:00.147964+00:00,200,64483.612,
2026-09-20T21:58:37.940173+00:00,200,26692.506,
2026-09-20T21:58:35.422490+00:00,200,29229.658,
2026-09-20T21:58:07.138831+00:00,200,57531.549,
2026-09-20T21:58:27.220299+00:00,200,37468.046,
2026-09-20T21:58:35.685146+00:00,200,29013.403,
2026-09-20T21:58:59.691913+00:00,200,5014.558,
2026-09-20T21:58:44.707716+00:00,200,20006.016,
2026-09-20T21:58:50.152301+00:00,200,14563.924,
2026-09-20T21:58:27.174833+00:00,200,37544.155,
2026-09-20T21:59:04.362098+00:00,200,388.969,
2026-09-20T21:58:30.613479+00:00,200,34149.856,
2026-09-20T21:58:52.069147+00:00,200,12700.432,
2026-09-20T21:58:40.884763+00:00,200,23891.544,
2026-09-20T21:59:03.630919+00:00,200,1153.688,
2026-09-20T21:59:01.438746+00:00,200,3353.714,
2026-09-20T21:58:24.163646+00:00,200,40633.976,
2026-09-20T21:58:55.803189+00:00,200,8999.708,
2026-09-20T21:57:30.816351+00:00,200,93995.763,
2026-09-20T21:58:59.255983+00:00,200,5559.336,
2026-09-20T21:59:01.801038+00:00,200,3027.676,
2026-09-20T21:59:02.092633+00:00,200,2741.769,
2026-09-20T21:59:01.369485+00:00,200,3476.496,
2026-09-20T21:58:49.705559+00:00,200,15141.688,
2026-09-20T21:58:56.046078+00:00,200,8804.502,
2026-09-20T21:58:09.593934+00:00,200,55260.701,
2026-09-20T21:58:57.821801+00:00,200,7034.377,
2026-09-20T21:58:41.382834+00:00,200,23476.859,
2026-09-20T21:58:34.398577+00:00,200,30462.705,
2026-09-20T21:58:05.341497+00:00,200,59535.712,
2026-09-20T21:58:47.769053+00:00,200,17113.414,
2026-09-20T21:59:03.593787+00:00,200,1302.844,
2026-09-20T21:59:03.097042+00:00,200,1803.164,
2026-09-20T21:58:25.670635+00:00,200,39235.358,
2026-09-20T21:58:55.952850+00:00,200,8960.692,
2026-09-20T21:59:04.073840+00:00,200,847.376,
2026-09-20T21:58:55.138696+00:00,200,9791.417,
2026-09-20T21:58:42.982481+00:00,200,21957.687,
2026-09-20T21:58:53.450331+00:00,200,11498.168,
2026-09-20T21:58:16.194962+00:00,200,48754.518,
2026-09-20T21:59:01.026585+00:00,200,3936.087,
2026-09-20T21:59:04.751070+00:00,200,212.804,
2026-09-20T21:58:32.813280+00:00,200,32166.218,
2026-09-20T21:58:54.745611+00:00,200,10248.968,
2026-09-20T21:59:01.762018+00:00,200,3254.987,
2026-09-20T21:58:56.713579+00:00,200,8307.099,
2026-09-20T21:58:55.250534+00:00,200,9797.475,
2026-09-20T21:58:35.639872+00:00,200,29421.639,
2026-09-20T21:58:56.839878+00:00,200,8223.361,
2026-09-20T21:59:01.125333+00:00,200,3954.564,
2026-09-20T21:58:24.581384+00:00,200,40499.555,
2026-09-20T21:58:17.135251+00:00,200,47977.491,
2026-09-20T21:58:30.470441+00:00,200,34659.646,
2026-09-20T21:58:36.415251+00:00,200,28715.675,
2026-09-20T21:58:15.649233+00:00,200,49501.138,
2026-09-20T21:58:50.015758+00:00,200,15135.38,
2026-09-20T21:58:59.757939+00:00,200,5398.296,
2026-09-20T21:59:03.876721+00:00,200,1297.152,
2026-09-20T21:58:59.840197+00:00,200,5334.707,
2026-09-20T21:58:37.111250+00:00,200,28064.854,
2026-09-20T21:57:57.669004+00:00,200,67508.46,
2026-09-20T21:57:52.117790+00:00,200,73082.907,
2026-09-20T21:58:39.318634+00:00,200,25882.99,
2026-09-20T21:58:36.614628+00:00,200,28588.237,
2026-09-20T21:58:50.229092+00:00,200,14994.755,
2026-09-20T21:58:39.681418+00:00,200,25582.514,
2026-09-20T21:58:26.310626+00:00,200,38958.732,
2026-09-20T21:59:03.084930+00:00,200,2196.016,
2026-09-20T21:58:32.613034+00:00,200,32669.422,
2026-09-20T21:58:46.398931+00:00,200,18884.823,
2026-09-20T21:57:23.919646+00:00,200,101366.037,
2026-09-20T21:58:09.108607+00:00,200,56185.993,
2026-09-20T21:59:01.394411+00:00,200,3921.433,
2026-09-20T21:59:00.193029+00:00,200,5153.965,
2026-09-20T21:58:11.215839+00:00,200,54132.876,
2026-09-20T21:58:46.575393+00:00,200,18774.608,
2026-09-20T21:58:41.395335+00:00,200,23956.287,
2026-09-20T21:58:32.119060+00:00,200,33234.262,
2026-09-20T21:58:44.402125+00:00,200,20952.755,
2026-09-20T21:58:31.271720+00:00,200,34119.895,
2026-09-20T21:59:04.802847+00:00,200,590.35,
2026-09-20T21:59:02.152625+00:00,200,3242.462,
2026-09-20T21:58:59.184143+00:00,200,6212.892,
2026-09-20T21:58:55.382981+00:00,200,10055.209,
2026-09-20T21:58:01.333928+00:00,200,64106.528,
2026-09-20T21:59:02.655596+00:00,200,2786.483,
2026-09-20T21:58:33.680299+00:00,200,31775.102,
2026-09-20T21:58:40.145415+00:00,200,25327.388,
2026-09-20T21:59:02.164349+00:00,200,3336.234,
2026-09-20T21:58:58.012833+00:00,200,7511.772,
2026-09-20T21:59:05.129889+00:00,200,405.605,
2026-09-20T21:59:01.111482+00:00,200,4426.168,
2026-09-20T21:58:53.427726+00:00,200,12116.781,
2026-09-20T21:58:47.584536+00:00,200,17965.4,
2026-09-20T21:58:50.535924+00:00,200,15023.079,
2026-09-20T21:58:40.386352+00:00,200,25175.036,
2026-09-20T21:58:55.469812+00:00,200,10093.858,
2026-09-20T21:58:51.226071+00:00,200,14340.069,
2026-09-20T21:57:52.760926+00:00,200,72817.881,
2026-09-20T21:57:22.675371+00:00,200,102907.376,
2026-09-20T21:59:00.624327+00:00,200,4961.787,
2026-09-20T21:59:05.112466+00:00,200,481.353,
2026-09-20T21:59:05.130762+00:00,200,465.794,
2026-09-20T21:59:05.201476+00:00,200,397.811,
2026-09-20T21:58:20.215938+00:00,200,45389.448,
2026-09-20T21:58:50.127971+00:00,200,15512.624,
2026-09-20T21:58:32.139284+00:00,200,33505.977,
2026-09-20T21:58:31.262087+00:00,200,34385.323,
2026-09-20T21:58:20.815616+00:00,200,44857.329,
2026-09-20T21:58:34.919319+00:00,200,30766.191,
2026-09-20T21:58:59.402304+00:00,200,6313.986,
2026-09-20T21:58:25.579754+00:00,200,40169.555,
2026-09-20T21:58:54.871704+00:00,200,10880.67,
2026-09-20T21:59:05.346967+00:00,200,433.403,
2026-09-20T21:59:05.393197+00:00,200,429.485,
2026-09-20T21:58:59.865866+00:00,200,5964.386,
2026-09-20T21:57:50.291508+00:00,200,75565.546,
2026-09-20T21:58:50.072442+00:00,200,15796.956,
2026-09-20T21:58:59.279529+00:00,200,6611.361,
2026-09-20T21:57:34.096825+00:00,200,91833.399,
2026-09-20T21:58:39.231059+00:00,200,26738.882,
2026-09-20T21:58:34.011179+00:00,200,31966.221,
2026-09-20T21:58:57.359691+00:00,200,8620.787,
2026-09-20T21:58:59.992019+00:00,200,6000.422,
2026-09-20T21:58:35.418167+00:00,200,30577.85,
2026-09-20T21:59:05.645070+00:00,200,366.687,
2026-09-20T21:59:03.900567+00:00,200,2137.59,
2026-09-20T21:58:29.700239+00:00,200,36342.748,
2026-09-20T21:58:59.289219+00:00,200,6757.058,
2026-09-20T21:58:00.633297+00:00,200,65416.69,
2026-09-20T21:58:56.039085+00:00,200,10015.204,
2026-09-20T21:58:57.060810+00:00,200,8995.918,
2026-09-20T21:58:41.378778+00:00,200,24680.479,
2026-09-20T21:59:02.406146+00:00,200,3655.492,
2026-09-20T21:58:48.618552+00:00,200,17449.954,
2026-09-20T21:59:03.192791+00:00,200,2893.665,
2026-09-20T21:58:46.757865+00:00,200,19332.56,
2026-09-20T21:58:55.700191+00:00,200,10417.688,
2026-09-20T21:58:47.562272+00:00,200,18570.822,
2026-09-20T21:58:08.133025+00:00,200,58027.322,
2026-09-20T21:58:23.983323+00:00,200,42187.581,
2026-09-20T21:58:22.468428+00:00,200,43716.65,
2026-09-20T21:58:48.250905+00:00,200,17938.357,
2026-09-20T21:59:04.963876+00:00,200,1236.324,
2026-09-20T21:58:37.510527+00:00,200,28696.573,
2026-09-20T21:58:00.134187+00:00,200,66115.369,
2026-09-20T21:58:53.319616+00:00,200,12932.925,
2026-09-20T21:59:00.784548+00:00,200,5520.042,
2026-09-20T21:59:02.847466+00:00,200,3490.691,
2026-09-20T21:58:54.184326+00:00,200,12168.198,
2026-09-20T21:58:26.670417+00:00,200,39727.094,
2026-09-20T21:58:56.241424+00:00,200,10172.673,
2026-09-20T21:57:57.549679+00:00,200,68888.267,
2026-09-20T21:58:31.032010+00:00,200,35415.56,
2026-09-20T21:57:48.000138+00:00,200,78476.701,
2026-09-20T21:58:47.206575+00:00,200,19295.815,
2026-09-20T21:58:36.214233+00:00,200,30331.256,
2026-09-20T21:59:02.985818+00:00,200,3563.711,
2026-09-20T21:58:54.119910+00:00,200,12432.833,
2026-09-20T21:58:48.399296+00:00,200,18158.94,
2026-09-20T21:58:58.560973+00:00,200,7999.446,
2026-09-20T21:58:21.611959+00:00,200,44950.956,
2026-09-20T21:58:28.496226+00:00,200,38080.659,
2026-09-20T21:59:00.305713+00:00,200,6282.758,
2026-09-20T21:58:54.316570+00:00,200,12274.369,
2026-09-20T21:58:22.127989+00:00,200,44470.623,
2026-09-20T21:58:30.827982+00:00,200,35800.458,
2026-09-20T21:57:33.688215+00:00,200,92960.189,
2026-09-20T21:58:47.621190+00:00,200,19046.885,
2026-09-20T21:58:00.011739+00:00,200,66668.715,
2026-09-20T21:58:37.561943+00:00,200,29133.876,
2026-09-20T21:58:19.133592+00:00,200,47569.925,
2026-09-20T21:57:59.786429+00:00,200,66919.505,
2026-09-20T21:58:54.991493+00:00,200,11717.131,
2026-09-20T21:58:39.389924+00:00,200,27323.58,
2026-09-20T21:58:38.033904+00:00,200,28682.077,
2026-09-20T21:58:23.749090+00:00,200,42974.313,
2026-09-20T21:57:47.415907+00:00,200,79317.76,
2026-09-20T21:58:47.752572+00:00,200,19015.031,
2026-09-20T21:58:08.040187+00:00,200,58758.221,
2026-09-20T21:57:29.586265+00:00,200,97236.809,
2026-09-20T21:57:57.887597+00:00,200,68964.881,
2026-09-20T21:59:05.537626+00:00,200,1343.727,
2026-09-20T21:58:16.567336+00:00,200,50328.426,
2026-09-20T21:58:48.235733+00:00,200,18671.869,
2026-09-20T21:59:04.094667+00:00,200,2818.437,
2026-09-20T21:58:57.519556+00:00,200,9423.952,
2026-09-20T21:58:57.796784+00:00,200,9164.287,
2026-09-20T21:57:52.961364+00:00,200,74006.905,
2026-09-20T21:58:22.674672+00:00,200,44309.785,
2026-09-20T21:59:00.770224+00:00,200,6222.46,
2026-09-20T21:58:57.233039+00:00,200,9777.709,
2026-09-20T21:59:04.229527+00:00,200,2789.861,
2026-09-20T21:59:01.827182+00:00,200,5199.594,
2026-09-20T21:58:06.993491+00:00,200,60043.655,
2026-09-20T21:59:04.235108+00:00,200,2834.437,
2026-09-20T21:58:22.746299+00:00,200,44376.837,
2026-09-20T21:59:04.399677+00:00,200,2728.958,
2026-09-20T21:58:49.583513+00:00,200,17547.637,
2026-09-20T21:59:01.949637+00:00,200,5190.298,
2026-09-20T21:58:23.494402+00:00,200,43649.514,
2026-09-20T21:59:03.006412+00:00,200,4155.094,
2026-09-20T21:58:38.633185+00:00,200,28537.751,
2026-09-20T21:58:50.687961+00:00,200,16521.449,
2026-09-20T21:58:34.505283+00:00,200,32732.259,
2026-09-20T21:58:52.693199+00:00,200,14573.235,
2026-09-20T21:58:24.288130+00:00,200,42980.803,
2026-09-20T21:58:35.672596+00:00,200,31612.891,
2026-09-20T21:58:23.147881+00:00,200,44156.233,
2026-09-20T21:58:21.830598+00:00,200,45503.515,
2026-09-20T21:59:04.948435+00:00,200,2404.138,
2026-09-20T21:58:05.677569+00:00,200,61677.787,
2026-09-20T21:58:41.191655+00:00,200,26169.344,
2026-09-20T21:59:05.549835+00:00,200,1837.952,
2026-09-20T21:59:02.708080+00:00,200,4685.86,
2026-09-20T21:58:33.028030+00:00,200,34395.634,
2026-09-20T21:58:15.932870+00:00,200,51507.081,
2026-09-20T21:57:49.563695+00:00,200,77898.109,
2026-09-20T21:58:36.632970+00:00,200,30851.364,
2026-09-20T21:58:37.993991+00:00,200,29494.147,
2026-09-20T21:58:54.842209+00:00,200,12670.668,
2026-09-20T21:59:05.047956+00:00,200,2509.718,
2026-09-20T21:59:05.150086+00:00,200,2417.932,
2026-09-20T21:58:53.778619+00:00,200,13798.249,
2026-09-20T21:58:11.470244+00:00,200,56110.528,
2026-09-20T21:58:54.457434+00:00,200,13125.703,
2026-09-20T21:58:22.023991+00:00,200,45572.076,
2026-09-20T21:58:59.025116+00:00,200,8574.623,
2026-09-20T21:59:04.949200+00:00,200,2727.706,
2026-09-20T21:58:59.693766+00:00,200,8037.574,
2026-09-20T21:58:54.412069+00:00,200,13329.669,
2026-09-20T21:59:01.366228+00:00,200,6401.284,
2026-09-20T21:58:36.428684+00:00,200,31353.623,
2026-09-20T21:58:33.491938+00:00,200,34301.409,
2026-09-20T21:58:53.797858+00:00,200,13997.849,
2026-09-20T21:58:35.449804+00:00,200,32375.519,
2026-09-20T21:58:28.788665+00:00,200,39053.861,
2026-09-20T21:58:54.267625+00:00,200,13591.715,
2026-09-20T21:59:02.975434+00:00,200,4906.689,
2026-09-20T21:59:07.122881+00:00,200,790.611,
2026-09-20T21:59:05.566059+00:00,200,2353.476,
2026-09-20T21:58:33.832198+00:00,200,34100.56,
2026-09-20T21:58:54.793255+00:00,200,13151.643,
2026-09-20T21:58:38.390839+00:00,200,29583.434,
2026-09-20T21:58:36.535652+00:00,200,31449.663,
2026-09-20T21:58:00.116866+00:00,200,67882.068,
2026-09-20T21:59:06.798071+00:00,200,1214.717,
2026-09-20T21:58:58.668181+00:00,200,9356.047,
2026-09-20T21:58:58.646115+00:00,200,9388.475,
2026-09-20T21:58:47.644057+00:00,200,20399.036,
2026-09-20T21:59:07.352561+00:00,200,708.357,
2026-09-20T21:58:24.701565+00:00,200,43367.809,
2026-09-20T21:58:14.269946+00:00,200,53802.009,
2026-09-20T21:58:19.165408+00:00,200,48931.992,
2026-09-20T21:58:03.513697+00:00,200,64592.26,
2026-09-20T21:59:00.666399+00:00,200,7441.724,
2026-09-20T21:58:34.143771+00:00,200,33995.696,
2026-09-20T21:59:02.150956+00:00,200,6001.357,
2026-09-20T21:58:30.071789+00:00,200,38093.664,
2026-09-20T21:58:01.147175+00:00,200,67021.132,
2026-09-20T21:58:24.667178+00:00,200,43524.4,
2026-09-20T21:58:00.666507+00:00,200,67558.502,
2026-09-20T21:58:55.607483+00:00,200,12630.794,
2026-09-20T21:57:39.323189+00:00,200,88938.656,
2026-09-20T21:58:16.435421+00:00,200,51833.775,
2026-09-20T21:57:37.048318+00:00,200,91243.542,
2026-09-20T21:59:05.780370+00:00,200,2591.403,
2026-09-20T21:58:30.668536+00:00,200,37706.028,
2026-09-20T21:58:14.916195+00:00,200,53515.215,
2026-09-20T21:58:52.427861+00:00,200,16010.779,
2026-09-20T21:58:41.987526+00:00,200,26459.058,
2026-09-20T21:58:38.117851+00:00,200,30339.155,
2026-09-20T21:59:03.005553+00:00,200,5459.173,
2026-09-20T21:58:28.271153+00:00,200,40226.81,
2026-09-20T21:59:05.582155+00:00,200,2929.967,
2026-09-20T21:58:23.654065+00:00,200,44869.832,
2026-09-20T21:58:47.963749+00:00,200,20662.378,
2026-09-20T21:58:59.804150+00:00,200,8863.654,
2026-09-20T21:59:02.827226+00:00,200,5878.843,
2026-09-20T21:59:04.854318+00:00,200,3861.527,
2026-09-20T21:58:29.909079+00:00,200,38825.731,
2026-09-20T21:58:57.582278+00:00,200,11166.018,
2026-09-20T21:59:03.256840+00:00,200,5509.82,
2026-09-20T21:58:06.995486+00:00,200,61791.593,
2026-09-20T21:58:58.714991+00:00,200,10078.191,
2026-09-20T21:59:08.431105+00:00,200,374.664,
2026-09-20T21:57:48.829016+00:00,200,79981.478,
2026-09-20T21:59:05.016988+00:00,200,3808.383,
2026-09-20T21:58:56.396929+00:00,200,12453.253,
2026-09-20T21:59:01.837309+00:00,200,7074.436,
2026-09-20T21:58:58.568139+00:00,200,10354.273,
2026-09-20T21:59:02.986737+00:00,200,5959.773,
2026-09-20T21:58:32.727982+00:00,200,36251.421,
2026-09-20T21:59:03.585103+00:00,200,5442.358,
2026-09-20T21:58:01.552432+00:00,200,67479.289,
2026-09-20T21:58:37.420595+00:00,200,31626.536,
2026-09-20T21:58:37.267408+00:00,200,31790.284,
2026-09-20T21:58:42.000386+00:00,200,27061.532,
2026-09-20T21:58:30.234563+00:00,200,38908.238,
2026-09-20T21:59:00.227719+00:00,200,8918.668,
2026-09-20T21:59:06.042779+00:00,200,3116.224,
2026-09-20T21:58:47.872441+00:00,200,21306.706,
2026-09-20T21:58:39.150304+00:00,200,30036.978,
2026-09-20T21:58:32.597573+00:00,200,36592.405,
2026-09-20T21:58:30.822712+00:00,200,38385.01,
2026-09-20T21:58:48.127303+00:00,200,21140.943,
2026-09-20T21:58:34.999099+00:00,200,34309.338,
2026-09-20T21:57:43.162359+00:00,200,86173.12,
2026-09-20T21:58:57.777595+00:00,200,11561.182,
2026-09-20T21:58:28.426210+00:00,200,40962.283,
2026-09-20T21:58:31.360637+00:00,200,38041.28,
2026-09-20T21:58:15.601433+00:00,200,53808.077,
2026-09-20T21:58:51.130300+00:00,200,18286.612,
2026-09-20T21:58:30.622845+00:00,200,38805.987,
2026-09-20T21:58:48.342575+00:00,200,21100.984,
2026-09-20T21:58:49.653357+00:00,200,19795.29,
2026-09-20T21:59:02.512836+00:00,200,6952.417,
2026-09-20T21:58:33.413266+00:00,200,36058.797,
2026-09-20T21:58:39.420488+00:00,200,30067.211,
2026-09-20T21:58:55.165037+00:00,200,14352.976,
2026-09-20T21:58:07.494203+00:00,200,62045.624,
2026-09-20T21:59:04.876868+00:00,200,4675.955,
2026-09-20T21:58:36.105482+00:00,200,33501.096,
2026-09-20T21:59:02.469204+00:00,200,7139.644,
2026-09-20T21:59:02.907951+00:00,200,6716.243,
2026-09-20T21:57:44.499397+00:00,200,85211.263,
2026-09-20T21:58:58.655937+00:00,200,11056.701,
2026-09-20T21:58:24.606569+00:00,200,45108.63,
2026-09-20T21:58:48.259802+00:00,200,21460.007,
2026-09-20T21:58:52.874230+00:00,200,16879.468,
2026-09-20T21:58:58.520177+00:00,200,11239.756,
2026-09-20T21:58:39.884295+00:00,200,29878.082,
2026-09-20T21:58:52.803675+00:00,200,16961.117,
2026-09-20T21:58:39.858950+00:00,200,29908.44,
2026-09-20T21:59:07.576791+00:00,200,2196.129,
2026-09-20T21:58:31.018813+00:00,200,38808.268,
2026-09-20T21:59:01.581788+00:00,200,8257.483,
2026-09-20T21:58:56.147278+00:00,200,13698.475,
2026-09-20T21:58:35.204082+00:00,200,34645.582,
2026-09-20T21:58:50.233976+00:00,200,19623.535,
2026-09-20T21:59:05.544440+00:00,200,4338.526,
2026-09-20T21:59:03.459023+00:00,200,6454.384,
2026-09-20T21:59:00.830664+00:00,200,9101.302,
2026-09-20T21:58:56.719556+00:00,200,13226.231,
2026-09-20T21:58:54.961880+00:00,200,15019.715,
2026-09-20T21:58:26.487277+00:00,200,43517.69,
2026-09-20T21:59:09.207502+00:00,200,810.483,
2026-09-20T21:59:04.815293+00:00,200,5237.287,
2026-09-20T21:59:02.184148+00:00,200,7878.103,
2026-09-20T21:58:51.563057+00:00,200,18535.477,
2026-09-20T21:58:51.246500+00:00,200,18862.867,
2026-09-20T21:58:47.862522+00:00,200,22292.917,
2026-09-20T21:59:06.338139+00:00,200,3849.887,
2026-09-20T21:58:40.658707+00:00,200,29531.575,
2026-09-20T21:57:57.904459+00:00,200,72299.725,
2026-09-20T21:58:21.615431+00:00,200,48595.659,
2026-09-20T21:58:57.315793+00:00,200,12899.252,
2026-09-20T21:59:03.357763+00:00,200,6864.952,
2026-09-20T21:59:02.881539+00:00,200,7362.929,
2026-09-20T21:58:58.993517+00:00,200,11259.127,
2026-09-20T21:58:35.060050+00:00,200,35195.265,
2026-09-20T21:58:39.114018+00:00,200,31156.222,
2026-09-20T21:59:09.913372+00:00,200,381.54,
2026-09-20T21:58:37.058328+00:00,200,33254.971,
2026-09-20T21:58:38.018928+00:00,200,32305.574,
2026-09-20T21:57:59.998726+00:00,200,70355.116,
2026-09-20T21:59:06.703243+00:00,200,3672.835,
2026-09-20T21:59:02.114458+00:00,200,8268.809,
2026-09-20T21:58:47.816709+00:00,200,22569.485,
2026-09-20T21:58:20.881795+00:00,200,49509.593,
2026-09-20T21:57:29.874410+00:00,200,100525.591,
2026-09-20T21:58:45.077601+00:00,200,25324.373,
2026-09-20T21:59:00.979350+00:00,200,9438.352,
2026-09-20T21:59:01.237886+00:00,200,9198.28,
2026-09-20T21:59:05.263786+00:00,200,5191.315,
2026-09-20T21:58:49.745306+00:00,200,20713.577,
2026-09-20T21:58:48.162997+00:00,200,22303.017,
2026-09-20T21:59:01.442906+00:00,200,9026.141,
2026-09-20T21:57:45.233883+00:00,200,85258.982,
2026-09-20T21:58:32.136555+00:00,200,38369.571,
2026-09-20T21:58:38.587837+00:00,200,31927.37,
2026-09-20T21:59:04.466277+00:00,200,6062.755,
2026-09-20T21:58:19.362681+00:00,200,51182.941,
2026-09-20T21:58:35.626616+00:00,200,34921.718,
2026-09-20T21:58:52.109091+00:00,200,18468.326,
2026-09-20T21:57:23.183545+00:00,200,107400.136,
2026-09-20T21:58:32.409301+00:00,200,38179.836,
2026-09-20T21:58:48.303433+00:00,200,22362.594,
2026-09-20T21:58:10.785928+00:00,200,59896.175,
2026-09-20T21:59:10.353437+00:00,200,337.045,
2026-09-20T21:59:06.984202+00:00,200,3710.362,
2026-09-20T21:59:09.712576+00:00,200,997.801,
2026-09-20T21:58:40.095850+00:00,200,30633.312,
2026-09-20T21:58:24.238213+00:00,200,46504.198,
2026-09-20T21:58:58.111563+00:00,200,12653.426,
2026-09-20T21:58:40.485236+00:00,200,30283.067,
2026-09-20T21:58:17.875015+00:00,200,52895.448,
2026-09-20T21:58:22.063266+00:00,200,48710.539,
2026-09-20T21:59:10.455075+00:00,200,320.588,
2026-09-20T21:59:10.515025+00:00,200,268.665,
2026-09-20T21:59:10.436117+00:00,200,350.562,
2026-09-20T21:59:06.206937+00:00,200,4581.437,
2026-09-20T21:58:55.499523+00:00,200,15301.666,
2026-09-20T21:59:00.939267+00:00,200,9910.861,
2026-09-20T21:58:30.900709+00:00,200,39977.244,
2026-09-20T21:59:03.320203+00:00,200,7558.869,
2026-09-20T21:59:04.609316+00:00,200,6271.023,
2026-09-20T21:58:29.957885+00:00,200,40924.019,
2026-09-20T21:58:57.997040+00:00,200,12892.801,
2026-09-20T21:58:15.863882+00:00,200,55062.275,
2026-09-20T21:58:40.462932+00:00,200,30468.359,
2026-09-20T21:59:06.068408+00:00,200,4866.588,
2026-09-20T21:58:59.080459+00:00,200,11861.013,
2026-09-20T21:59:10.681760+00:00,200,261.797,
2026-09-20T21:58:40.735960+00:00,200,30210.595,
2026-09-20T21:58:28.116042+00:00,200,42857.513,
2026-09-20T21:58:16.133247+00:00,200,54842.1,
2026-09-20T21:57:28.662318+00:00,200,102321.554,
2026-09-20T21:59:07.580449+00:00,200,3409.105,
2026-09-20T21:59:01.349473+00:00,200,9642.692,
2026-09-20T21:59:10.768130+00:00,200,246.301,
2026-09-20T21:58:31.065604+00:00,200,39972.378,
2026-09-20T21:58:30.532091+00:00,200,40512.974,
2026-09-20T21:58:34.479158+00:00,200,36578.682,
2026-09-20T21:58:00.067613+00:00,200,70992.943,
2026-09-20T21:59:07.237355+00:00,200,3833.885,
2026-09-20T21:58:22.151376+00:00,200,48922.502,
2026-09-20T21:58:29.110018+00:00,200,41968.08,
2026-09-20T21:59:00.056213+00:00,200,11048.329,
2026-09-20T21:59:06.117820+00:00,200,4991.983,
2026-09-20T21:58:36.982284+00:00,200,34140.533,
2026-09-20T21:58:34.603134+00:00,200,36533.573,
2026-09-20T21:58:47.265988+00:00,200,23874.799,
2026-09-20T21:59:00.472131+00:00,200,10669.927,
2026-09-20T21:58:49.982260+00:00,200,21187.494,
2026-09-20T21:59:04.859560+00:00,200,6314.9,
2026-09-20T21:58:56.177625+00:00,200,14998.088,
2026-09-20T21:58:55.193046+00:00,200,15994.261,
2026-09-20T21:58:59.172309+00:00,200,12019.324,
2026-09-20T21:58:42.363409+00:00,200,28850.818,
2026-09-20T21:59:00.150752+00:00,200,11071.268,
2026-09-20T21:58:42.048257+00:00,200,29197.006,
2026-09-20T21:59:02.484885+00:00,200,8761.918,
2026-09-20T21:58:41.519316+00:00,200,29730.468,
2026-09-20T21:58:38.828744+00:00,200,32431.626,
2026-09-20T21:57:50.232453+00:00,200,81036.692,
2026-09-20T21:59:11.014432+00:00,200,267.553,
2026-09-20T21:58:23.955738+00:00,200,47328.338,
2026-09-20T21:58:40.406200+00:00,200,30900.188,
2026-09-20T21:57:35.751363+00:00,200,95564.046,
2026-09-20T21:58:40.874387+00:00,200,30449.501,
2026-09-20T21:58:10.260326+00:00,200,61071.223,
2026-09-20T21:58:59.378391+00:00,200,11956.934,
2026-09-20T21:58:53.072485+00:00,200,18271.455,
2026-09-20T21:59:10.529000+00:00,200,817.255,
2026-09-20T21:59:04.050277+00:00,200,7314.684,
2026-09-20T21:58:06.914571+00:00,200,64460.466,
2026-09-20T21:58:30.143433+00:00,200,41273.485,
2026-09-20T21:58:00.345636+00:00,200,71079.615,
2026-09-20T21:58:25.062218+00:00,200,46365.646,
2026-09-20T21:58:24.114568+00:00,200,47315.9,
2026-09-20T21:58:07.184024+00:00,200,64258.929,
2026-09-20T21:59:03.704237+00:00,200,7739.679,
2026-09-20T21:59:07.461355+00:00,200,3984.537,
2026-09-20T21:59:11.169634+00:00,200,282.722,
2026-09-20T21:59:05.749079+00:00,200,5710.371,
2026-09-20T21:58:08.909539+00:00,200,62562.606,
2026-09-20T21:57:57.893273+00:00,200,73580.602,
2026-09-20T21:58:57.114178+00:00,200,14364.683,
2026-09-20T21:57:34.615005+00:00,200,96869.261,
2026-09-20T21:58:34.039618+00:00,200,37459.208,
2026-09-20T21:59:05.578388+00:00,200,5924.169,
2026-09-20T21:58:47.116900+00:00,200,24415.832,
2026-09-20T21:58:59.934635+00:00,200,11599.574,
2026-09-20T21:58:47.690322+00:00,200,23845.046,
2026-09-20T21:58:13.821753+00:00,200,57735.316,
2026-09-20T21:58:59.189714+00:00,200,12371.552,
2026-09-20T21:58:22.821612+00:00,200,48741.051,
2026-09-20T21:58:24.468011+00:00,200,47100.568,
2026-09-20T21:58:22.639374+00:00,200,48931.055,
2026-09-20T21:58:32.021666+00:00,200,39566.492,
2026-09-20T21:59:11.104480+00:00,200,490.274,
2026-09-20T21:58:57.793427+00:00,200,13821.015,
2026-09-20T21:58:27.848669+00:00,200,43776.2,
2026-09-20T21:58:37.436835+00:00,200,34191.271,
2026-09-20T21:58:57.029353+00:00,200,14602.453,
2026-09-20T21:59:05.080707+00:00,200,6555.757,
2026-09-20T21:57:16.087705+00:00,200,115569.045,
2026-09-20T21:59:04.144804+00:00,200,7515.835,
2026-09-20T21:59:11.416683+00:00,200,251.168,
2026-09-20T21:59:03.128122+00:00,200,8544.532,
2026-09-20T21:59:02.115807+00:00,200,9561.45,
2026-09-20T21:58:59.196520+00:00,200,12499.565,
2026-09-20T21:58:30.473208+00:00,200,41224.09,
2026-09-20T21:58:47.580521+00:00,200,24138.339,
2026-09-20T21:58:37.027928+00:00,200,34714.189,
2026-09-20T21:59:02.242232+00:00,200,9512.654,
2026-09-20T21:57:54.833632+00:00,200,76927.583,
2026-09-20T21:58:59.143059+00:00,200,12623.819,
2026-09-20T21:58:18.231543+00:00,200,53558.133,
2026-09-20T21:59:07.026748+00:00,200,4765.125,
2026-09-20T21:59:11.214063+00:00,200,579.381,
2026-09-20T21:58:20.457277+00:00,200,51341.114,
2026-09-20T21:58:27.427704+00:00,200,44372.968,
2026-09-20T21:58:21.827747+00:00,200,49987.779,
2026-09-20T21:58:55.103312+00:00,200,16717.404,
2026-09-20T21:59:00.578325+00:00,200,11244.114,
2026-09-20T21:59:06.437549+00:00,200,5388.845,
2026-09-20T21:58:22.739260+00:00,200,49093.762,
2026-09-20T21:58:57.463741+00:00,200,14382.891,
2026-09-20T21:58:36.587099+00:00,200,35261.966,
2026-09-20T21:59:00.085423+00:00,200,11769.601,
2026-09-20T21:59:03.248721+00:00,200,8608.487,
2026-09-20T21:58:54.759499+00:00,200,17101.164,
2026-09-20T21:58:33.254530+00:00,200,38610.327,
2026-09-20T21:58:30.827259+00:00,200,41054.076,
2026-09-20T21:58:47.566294+00:00,200,24317.162,
2026-09-20T21:58:56.251811+00:00,200,15642.86,
2026-09-20T21:59:11.656084+00:00,200,248.536,
2026-09-20T21:59:01.075540+00:00,200,10844.032,
2026-09-20T21:59:00.670091+00:00,200,11252.846,
2026-09-20T21:58:57.708468+00:00,200,14227.251,
2026-09-20T21:58:22.796231+00:00,200,49148.902,
2026-09-20T21:58:07.390776+00:00,200,64579.028,
2026-09-20T21:58:55.580924+00:00,200,16393.321,
2026-09-20T21:58:59.689587+00:00,200,12291.66,
2026-09-20T21:58:40.770552+00:00,200,31233.48,
2026-09-20T21:57:39.167257+00:00,200,92847.2,
2026-09-20T21:57:56.299380+00:00,200,75741.981,
2026-09-20T21:58:26.822638+00:00,200,45223.098,
2026-09-20T21:57:50.152523+00:00,200,81902.305,
2026-09-20T21:58:47.391575+00:00,200,24665.234,
2026-09-20T21:59:01.838352+00:00,200,10219.369,
2026-09-20T21:59:03.427865+00:00,200,8630.881,
2026-09-20T21:59:04.713619+00:00,200,7350.572,
2026-09-20T21:58:48.192476+00:00,200,23887.156,
2026-09-20T21:58:40.664001+00:00,200,31437.665,
2026-09-20T21:58:08.566600+00:00,200,63540.707,
2026-09-20T21:58:47.157792+00:00,200,24954.051,
2026-09-20T21:58:50.055937+00:00,200,22061.895,
2026-09-20T21:59:08.042977+00:00,200,4082.708,
2026-09-20T21:59:10.975032+00:00,200,1153.45,
2026-09-20T21:58:29.827490+00:00,200,42318.743,
2026-09-20T21:58:57.494473+00:00,200,14663.547,
2026-09-20T21:57:30.435845+00:00,200,101724.817,
2026-09-20T21:59:05.351486+00:00,200,6816.459,
2026-09-20T21:58:38.819441+00:00,200,33351.163,
2026-09-20T21:59:02.535509+00:00,200,9637.267,
2026-09-20T21:57:38.236037+00:00,200,93942.418,
2026-09-20T21:59:02.650146+00:00,200,9550.36,
2026-09-20T21:58:57.093794+00:00,200,15110.185,
2026-09-20T21:59:11.534144+00:00,200,671.885,
2026-09-20T21:58:31.829551+00:00,200,40387.34,
2026-09-20T21:59:12.003854+00:00,200,221.262,
2026-09-20T21:58:29.302051+00:00,200,42925.045,
2026-09-20T21:57:59.204667+00:00,200,73038.526,
2026-09-20T21:58:58.732048+00:00,200,13513.734,
2026-09-20T21:59:12.064153+00:00,200,205.459,
2026-09-20T21:59:10.577313+00:00,200,1696.388,
2026-09-20T21:58:50.106629+00:00,200,22170.479,
2026-09-20T21:58:56.667490+00:00,200,15640.31,
2026-09-20T21:58:01.307794+00:00,200,71002.525,
2026-09-20T21:58:50.333026+00:00,200,21988.335,
2026-09-20T21:58:48.157584+00:00,200,24169.435,
2026-09-20T21:58:39.238671+00:00,200,33092.46,
2026-09-20T21:58:27.347250+00:00,200,44995.543,
2026-09-20T21:59:11.820622+00:00,200,527.063,
2026-09-20T21:58:22.474097+00:00,200,49877.688,
2026-09-20T21:58:55.494930+00:00,200,16861.293,
2026-09-20T21:58:19.714218+00:00,200,52643.876,
2026-09-20T21:59:02.495186+00:00,200,9874.831,
2026-09-20T21:58:26.935491+00:00,200,45454.791,
2026-09-20T21:58:15.433347+00:00,200,56961.816,
2026-09-20T21:58:28.748771+00:00,200,43650.714,
2026-09-20T21:58:17.681126+00:00,200,54729.372,
2026-09-20T21:58:49.814939+00:00,200,22606.632,
2026-09-20T21:59:10.062208+00:00,200,2364.634,
2026-09-20T21:59:12.200453+00:00,200,232.453,
2026-09-20T21:58:02.626225+00:00,200,69808.255,
2026-09-20T21:57:33.917223+00:00,200,98526.84,
2026-09-20T21:58:55.106828+00:00,200,17343.217,
2026-09-20T21:59:11.478781+00:00,200,994.145,
2026-09-20T21:58:42.041158+00:00,200,30446.833,
2026-09-20T21:59:03.878157+00:00,200,8611.639,
2026-09-20T21:59:07.741662+00:00,200,4753.251,
2026-09-20T21:58:00.395556+00:00,200,72103.161,
2026-09-20T21:58:27.367867+00:00,200,45153.618,
2026-09-20T21:58:33.777487+00:00,200,38746.263,
2026-09-20T21:59:04.371667+00:00,200,8167.77,
2026-09-20T21:57:38.220906+00:00,200,94323.698,
2026-09-20T21:57:49.607097+00:00,200,82940.536,
2026-09-20T21:58:33.637193+00:00,200,38922.634,
2026-09-20T21:57:57.006662+00:00,200,75565.726,
2026-09-20T21:58:24.863952+00:00,200,47728.964,
2026-09-20T21:58:36.300696+00:00,200,36298.713,
2026-09-20T21:57:23.648669+00:00,200,108960.592,
2026-09-20T21:58:22.353326+00:00,200,50274.469,
2026-09-20T21:59:12.410183+00:00,200,222.489,
2026-09-20T21:58:45.001344+00:00,200,27636.005,
2026-09-20T21:58:29.822773+00:00,200,42817.459,
2026-09-20T21:58:17.897788+00:00,200,54752.188,
2026-09-20T21:59:00.127709+00:00,200,12526.459,
2026-09-20T21:59:11.969432+00:00,200,691.341,
2026-09-20T21:58:51.219477+00:00,200,21446.481,
2026-09-20T21:58:21.184140+00:00,200,51483.034,
2026-09-20T21:59:04.217906+00:00,200,8458.327,
2026-09-20T21:58:48.759463+00:00,200,23922.075,
2026-09-20T21:58:59.642478+00:00,200,13047.946,
2026-09-20T21:58:59.828417+00:00,200,12863.389,
2026-09-20T21:58:02.471934+00:00,200,70231.8,
2026-09-20T21:59:12.489749+00:00,200,218.214,
2026-09-20T21:58:59.527155+00:00,200,13187.081,
2026-09-20T21:58:56.532997+00:00,200,16192.781,
2026-09-20T21:59:06.046240+00:00,200,6707.152,
2026-09-20T21:58:55.311365+00:00,200,17446.913,
2026-09-20T21:58:58.215195+00:00,200,14557.288,
2026-09-20T21:58:16.104501+00:00,200,56676.042,
2026-09-20T21:59:04.651980+00:00,200,8143.109,
2026-09-20T21:58:39.192415+00:00,200,33627.683,
2026-09-20T21:58:51.371331+00:00,200,21458.862,
2026-09-20T21:58:00.118044+00:00,200,72717.189,
2026-09-20T21:57:31.261294+00:00,200,101579.848,
2026-09-20T21:58:29.810887+00:00,200,43033.814,
2026-09-20T21:59:07.484157+00:00,200,5361.779,
2026-09-20T21:58:59.394440+00:00,200,13465.28,
2026-09-20T21:59:04.363283+00:00,200,8502.889,
2026-09-20T21:58:40.932368+00:00,200,31938.51,
2026-09-20T21:58:57.650576+00:00,200,15225.926,
2026-09-20T21:57:34.703926+00:00,200,98191.627,
2026-09-20T21:58:48.110598+00:00,200,24788.058,
2026-09-20T21:58:32.685279+00:00,200,40219.374,
2026-09-20T21:58:47.767417+00:00,200,25139.203,
2026-09-20T21:58:36.654578+00:00,200,36256.101,
2026-09-20T21:58:24.112277+00:00,200,48809.253,
2026-09-20T21:58:51.477542+00:00,200,21446.026,
2026-09-20T21:58:57.477028+00:00,200,15447.691,
2026-09-20T21:58:50.557046+00:00,200,22375.915,
2026-09-20T21:58:54.422647+00:00,200,18513.277,
2026-09-20T21:58:15.793450+00:00,200,57147.14,
2026-09-20T21:58:38.942033+00:00,200,34010.003,
2026-09-20T21:58:36.628926+00:00,200,36327.496,
2026-09-20T21:58:18.836167+00:00,200,54121.453,
2026-09-20T21:57:29.594784+00:00,200,103377.057,
2026-09-20T21:59:05.995843+00:00,200,7000.8,
2026-09-20T21:58:22.157884+00:00,200,50840.4,
2026-09-20T21:59:02.797889+00:00,200,10217.12,
2026-09-20T21:58:16.773435+00:00,200,56245.814,
2026-09-20T21:59:10.941407+00:00,200,2115.942,
2026-09-20T21:59:06.189161+00:00,200,6892.336,
2026-09-20T21:58:47.993446+00:00,200,25093.696,
2026-09-20T21:58:36.912812+00:00,200,36191.95,
2026-09-20T21:58:45.294443+00:00,200,27820.799,
2026-09-20T21:59:00.139429+00:00,200,12980.05,
2026-09-20T21:58:54.969510+00:00,200,18152.108,
2026-09-20T21:59:06.011756+00:00,200,7124.022,
2026-09-20T21:58:59.419471+00:00,200,13717.285,
2026-09-20T21:59:02.667924+00:00,200,10477.844,
2026-09-20T21:58:01.295603+00:00,200,71851.859,
2026-09-20T21:58:35.075857+00:00,200,38075.456,
2026-09-20T21:59:06.913090+00:00,200,6249.492,
2026-09-20T21:58:34.807886+00:00,200,38360.415,
2026-09-20T21:57:16.894185+00:00,200,116276.378,
2026-09-20T21:58:21.622575+00:00,200,51554.949,
2026-09-20T21:59:05.830222+00:00,200,7353.266,
2026-09-20T21:59:00.117859+00:00,200,13072.324,
2026-09-20T21:58:51.292523+00:00,200,21900.154,
2026-09-20T21:59:02.749608+00:00,200,10445.484,
2026-09-20T21:59:04.025510+00:00,200,9183.71,
2026-09-20T21:57:54.704620+00:00,200,78514.533,
2026-09-20T21:58:35.641315+00:00,200,37579.002,
2026-09-20T21:59:13.018927+00:00,200,203.177,
2026-09-20T21:58:29.130967+00:00,200,44105.497,
2026-09-20T21:59:00.606930+00:00,200,12633.143,
2026-09-20T21:58:34.746986+00:00,200,38498.265,
2026-09-20T21:58:21.439625+00:00,200,51810.036,
2026-09-20T21:58:30.497540+00:00,200,42767.038,
2026-09-20T21:57:16.873288+00:00,200,116401.304,
2026-09-20T21:57:54.113317+00:00,200,79195.081,
2026-09-20T21:58:26.050359+00:00,200,47258.774,
2026-09-20T21:59:01.821621+00:00,200,11489.639,
2026-09-20T21:58:50.194022+00:00,200,23118.724,
2026-09-20T21:59:13.119406+00:00,200,197.906,
2026-09-20T21:58:30.258180+00:00,200,43060.9,
2026-09-20T21:58:16.381397+00:00,200,56945.219,
2026-09-20T21:58:53.648158+00:00,200,19724.803,
2026-09-20T21:59:03.501782+00:00,200,9873.378,
2026-09-20T21:58:34.091255+00:00,200,39289.423,
2026-09-20T21:59:09.409202+00:00,200,3975.12,
2026-09-20T21:58:56.558905+00:00,200,16835.081,
2026-09-20T21:59:03.180341+00:00,200,10216.921,
2026-09-20T21:58:56.844110+00:00,200,16568.148,
2026-09-20T21:58:35.926880+00:00,200,37496.674,
2026-09-20T21:58:17.311311+00:00,200,56114.061,
2026-09-20T21:58:23.435667+00:00,200,49999.274,
2026-09-20T21:59:07.932562+00:00,200,5506.757,
2026-09-20T21:58:55.148741+00:00,200,18291.658,
2026-09-20T21:59:05.079876+00:00,200,8362.077,
2026-09-20T21:58:31.674460+00:00,200,41783.969,
2026-09-20T21:58:56.928530+00:00,200,16540.025,
2026-09-20T21:58:55.396053+00:00,200,18083.422,
2026-09-20T21:58:31.286469+00:00,200,42194.592,
2026-09-20T21:59:04.632530+00:00,200,8870.521,
2026-09-20T21:59:08.446434+00:00,200,5058.445,
2026-09-20T21:58:11.136838+00:00,200,62373.25,
2026-09-20T21:58:56.350976+00:00,200,17163.244,
2026-09-20T21:58:38.917559+00:00,200,34614.335,
2026-09-20T21:58:57.053906+00:00,200,16483.249,
2026-09-20T21:59:03.513114+00:00,200,10033.807,
2026-09-20T21:59:03.000681+00:00,200,10554.567,
2026-09-20T21:59:01.655567+00:00,200,11910.61,
2026-09-20T21:59:13.014953+00:00,200,556.295,
2026-09-20T21:58:57.882514+00:00,200,15699.024,
2026-09-20T21:58:31.485772+00:00,200,42115.837,
2026-09-20T21:58:58.327772+00:00,200,15280.916,
2026-09-20T21:58:41.119223+00:00,200,32497.477,
2026-09-20T21:58:57.595496+00:00,200,16031.002,
2026-09-20T21:59:08.034538+00:00,200,5603.268,
2026-09-20T21:57:44.597871+00:00,200,89044.744,
2026-09-20T21:58:58.400879+00:00,200,15255.397,
2026-09-20T21:58:34.309120+00:00,200,39358.981,
2026-09-20T21:59:06.713348+00:00,200,6961.961,
2026-09-20T21:58:37.799323+00:00,200,35878.068,
2026-09-20T21:58:59.735145+00:00,200,13948.539,
2026-09-20T21:57:23.692419+00:00,200,110013.716,
2026-09-20T21:58:37.584532+00:00,200,36123.098,
2026-09-20T21:57:58.971294+00:00,200,74739.021,
2026-09-20T21:58:28.650261+00:00,200,45062.359,
2026-09-20T21:58:37.478911+00:00,200,36236.274,
2026-09-20T21:59:05.063193+00:00,200,8655.643,
2026-09-20T21:58:50.842272+00:00,200,22888.209,
2026-09-20T21:58:15.918179+00:00,200,57830.988,
2026-09-20T21:57:52.953013+00:00,200,80808.53,
2026-09-20T21:58:57.937690+00:00,200,15828.729,
2026-09-20T21:59:10.548134+00:00,200,3220.67,
2026-09-20T21:58:55.517343+00:00,200,18253.195,
2026-09-20T21:59:10.710374+00:00,200,3073.13,
2026-09-20T21:58:19.131382+00:00,200,54669.4,
2026-09-20T21:58:21.876192+00:00,200,51938.883,
2026-09-20T21:59:02.374662+00:00,200,11446.68,
2026-09-20T21:59:10.931117+00:00,200,2904.707,
2026-09-20T21:58:13.962260+00:00,200,59874.886,
2026-09-20T21:59:02.738294+00:00,200,11103.46,
2026-09-20T21:58:41.194777+00:00,200,32663.265,
2026-09-20T21:58:05.410403+00:00,200,68453.864,
2026-09-20T21:58:35.078775+00:00,200,38818.165,
2026-09-20T21:59:01.937751+00:00,200,11975.369,
2026-09-20T21:58:32.504852+00:00,200,41411.818,
2026-09-20T21:57:53.050662+00:00,200,80871.527,
2026-09-20T21:59:13.393891+00:00,200,528.852,
2026-09-20T21:58:06.620625+00:00,200,67305.01,
2026-09-20T21:59:11.141998+00:00,200,2796.691,
2026-09-20T21:58:30.790664+00:00,200,43157.8,
2026-09-20T21:58:41.669260+00:00,200,32289.421,
2026-09-20T21:59:04.900198+00:00,200,9069.145,
2026-09-20T21:58:56.926886+00:00,200,17046.873,
2026-09-20T21:58:26.843119+00:00,200,47134.717,
2026-09-20T21:58:32.403071+00:00,200,41582.535,
2026-09-20T21:58:53.752633+00:00,200,20243.243,
2026-09-20T21:57:41.126393+00:00,200,92880.093,
2026-09-20T21:57:48.687192+00:00,200,85322.481,
2026-09-20T21:59:06.056677+00:00,200,7964.615,
2026-09-20T21:59:04.615042+00:00,200,9427.368,
2026-09-20T21:59:07.423467+00:00,200,6623.698,
2026-09-20T21:59:04.253667+00:00,200,9811.011,
2026-09-20T21:58:16.949814+00:00,200,57133.476,
2026-09-20T21:59:03.210887+00:00,200,10873.397,
2026-09-20T21:59:04.776171+00:00,200,9324.923,
2026-09-20T21:59:04.063003+00:00,200,10052.294,
2026-09-20T21:58:47.962650+00:00,200,26160.89,
2026-09-20T21:57:55.127068+00:00,200,78998.052,
2026-09-20T21:58:07.739362+00:00,200,66393.944,
2026-09-20T21:58:34.905069+00:00,200,39229.045,
2026-09-20T21:58:56.963931+00:00,200,17171.507,
2026-09-20T21:58:30.549463+00:00,200,43590.093,
2026-09-20T21:58:09.799083+00:00,200,64352.473,
2026-09-20T21:58:49.217105+00:00,200,24935.163,
2026-09-20T21:59:01.756241+00:00,200,12407.452,
2026-09-20T21:58:47.908002+00:00,200,26269.495,
2026-09-20T21:59:12.639986+00:00,200,1542.212,
2026-09-20T21:58:16.597597+00:00,200,57590.186,
2026-09-20T21:59:04.247772+00:00,200,9946.059,
2026-09-20T21:58:36.534900+00:00,200,37661.582,
2026-09-20T21:58:12.827320+00:00,200,61370.839,
2026-09-20T21:58:57.537908+00:00,200,16669.064,
2026-09-20T21:57:47.130459+00:00,200,87084.397,
2026-09-20T21:58:37.117408+00:00,200,37109.526,
2026-09-20T21:58:17.118554+00:00,200,57120.267,
2026-09-20T21:58:32.517053+00:00,200,41732.032,
2026-09-20T21:59:10.783691+00:00,200,3480.536,
2026-09-20T21:58:56.644152+00:00,200,17621.071,
2026-09-20T21:58:30.718599+00:00,200,43552.965,
2026-09-20T21:59:03.897212+00:00,200,10381.414,
2026-09-20T21:59:07.355002+00:00,200,6932.132,
2026-09-20T21:58:32.697330+00:00,200,41596.829,
2026-09-20T21:59:12.819906+00:00,200,1477.575,
2026-09-20T21:58:54.740693+00:00,200,19561.617,
2026-09-20T21:58:52.528037+00:00,200,21776.676,
2026-09-20T21:58:54.983945+00:00,200,19328.702,
2026-09-20T21:59:09.416809+00:00,200,4918.624,
2026-09-20T21:59:14.115247+00:00,200,233.515,
2026-09-20T21:59:09.624158+00:00,200,4725.521,
2026-09-20T21:58:59.047629+00:00,200,15308.958,
2026-09-20T21:59:02.483716+00:00,200,11877.685,
2026-09-20T21:59:03.337408+00:00,200,11032.337,
2026-09-20T21:59:00.512863+00:00,200,13867.52,
2026-09-20T21:59:10.880306+00:00,200,3508.771,
2026-09-20T21:59:05.640508+00:00,200,8756.927,
2026-09-20T21:58:55.337801+00:00,200,19073.063,
2026-09-20T21:59:13.581449+00:00,200,838.205,
2026-09-20T21:58:30.232162+00:00,200,44189.543,
2026-09-20T21:59:13.766330+00:00,200,661.023,
2026-09-20T21:58:46.680920+00:00,200,27761.257,
2026-09-20T21:58:57.019401+00:00,200,17425.743,
2026-09-20T21:58:57.794587+00:00,200,16655.872,
2026-09-20T21:58:56.634762+00:00,200,17824.857,
2026-09-20T21:59:05.992409+00:00,200,8478.275,
2026-09-20T21:58:33.950974+00:00,200,40524.971,
2026-09-20T21:59:11.741919+00:00,200,2771.804,
2026-09-20T21:57:35.609647+00:00,200,98912.364,
2026-09-20T21:58:19.000980+00:00,200,55523.648,
2026-09-20T21:58:48.197432+00:00,200,26328.473,
2026-09-20T21:57:18.199359+00:00,200,116340.369,
2026-09-20T21:58:34.689377+00:00,200,39852.946,
2026-09-20T21:58:35.400696+00:00,200,39146.425,
2026-09-20T21:58:19.678699+00:00,200,54874.738,
2026-09-20T21:58:23.577087+00:00,200,50979.115,
2026-09-20T21:59:12.521226+00:00,200,2039.705,
2026-09-20T21:59:14.349653+00:00,200,213.025,
2026-09-20T21:58:54.090448+00:00,200,20477.703,
2026-09-20T21:57:58.730545+00:00,200,75839.088,
2026-09-20T21:58:34.975023+00:00,200,39599.018,
2026-09-20T21:58:37.810008+00:00,200,36779.906,
2026-09-20T21:58:59.885702+00:00,200,14712.421,
2026-09-20T21:58:53.024752+00:00,200,21592.746,
2026-09-20T21:59:01.664401+00:00,200,12963.093,
2026-09-20T21:58:16.350431+00:00,200,58278.717,
2026-09-20T21:59:12.472922+00:00,200,2175.433,
2026-09-20T21:58:34.706787+00:00,200,39948.719,
2026-09-20T21:57:43.381904+00:00,200,91287.131,
2026-09-20T21:58:25.248152+00:00,200,49428.313,
2026-09-20T21:58:58.787991+00:00,200,15903.766,
2026-09-20T21:58:53.636630+00:00,200,21073.296,
2026-09-20T21:57:52.831665+00:00,200,81881.597,
2026-09-20T21:58:35.125470+00:00,200,39601.786,
2026-09-20T21:58:57.160461+00:00,200,17569.082,
2026-09-20T21:59:02.802233+00:00,200,11940.816,
2026-09-20T21:58:59.752242+00:00,200,14994.753,
2026-09-20T21:59:02.723012+00:00,200,12037.808,
2026-09-20T21:58:37.663901+00:00,200,37104.419,
2026-09-20T21:58:25.349514+00:00,200,49420.288,
2026-09-20T21:58:56.003952+00:00,200,18774.304,
2026-09-20T21:58:52.901306+00:00,200,21878.418,
2026-09-20T21:58:35.165191+00:00,200,39615.675,
2026-09-20T21:58:57.998090+00:00,200,16805.216,
2026-09-20T21:59:02.394164+00:00,200,12417.445,
2026-09-20T21:59:10.879030+00:00,200,3935.631,
2026-09-20T21:58:07.997261+00:00,200,66834.172,
2026-09-20T21:59:11.860566+00:00,200,2973.821,
2026-09-20T21:58:39.199115+00:00,200,35646.05,
2026-09-20T21:59:02.327229+00:00,200,12524.954,
2026-09-20T21:58:56.360832+00:00,200,18492.372,
2026-09-20T21:57:15.738587+00:00,200,119132.497,
2026-09-20T21:58:20.705580+00:00,200,54175.271,
2026-09-20T21:58:31.636068+00:00,200,43251.046,
2026-09-20T21:59:03.191714+00:00,200,11698.35,
2026-09-20T21:58:16.429072+00:00,200,58467.885,
2026-09-20T21:57:44.733816+00:00,200,90178.053,
2026-09-20T21:59:14.335408+00:00,200,580.852,
2026-09-20T21:58:30.767595+00:00,200,44152.197,
2026-09-20T21:58:29.671661+00:00,200,45252.602,
2026-09-20T21:58:48.208516+00:00,200,26728.092,
2026-09-20T21:58:50.494641+00:00,200,24449.524,
2026-09-20T21:59:14.746911+00:00,200,210.672,
2026-09-20T21:58:36.252343+00:00,200,38706.438,
2026-09-20T21:59:05.269135+00:00,200,9694.202,
2026-09-20T21:58:46.548595+00:00,200,28422.019,
2026-09-20T21:59:12.904423+00:00,200,2070.897,
2026-09-20T21:58:33.332105+00:00,200,41663.795,
2026-09-20T21:59:00.650787+00:00,200,14346.486,
2026-09-20T21:58:51.380048+00:00,200,23625.39,
2026-09-20T21:58:21.826494+00:00,200,53182.883,
2026-09-20T21:58:28.515235+00:00,200,46503.087,
2026-09-20T21:59:05.869309+00:00,200,9154.121,
2026-09-20T21:58:08.090894+00:00,200,66937.228,
2026-09-20T21:58:08.568848+00:00,200,66460.887,
2026-09-20T21:58:10.332559+00:00,200,64699.875,
2026-09-20T21:59:13.509729+00:00,200,1537.431,
2026-09-20T21:58:36.563803+00:00,200,38497.757,
2026-09-20T21:59:11.935639+00:00,200,3140.103,
2026-09-20T21:59:12.795045+00:00,200,2294.393,
2026-09-20T21:58:59.425920+00:00,200,15705.053,
2026-09-20T21:59:02.685501+00:00,200,12449.164,
2026-09-20T21:57:33.362822+00:00,200,101775.255,
2026-09-20T21:58:32.445897+00:00,200,42705.306,
2026-09-20T21:59:13.177228+00:00,200,1977.167,
2026-09-20T21:57:59.519675+00:00,200,75641.617,
2026-09-20T21:58:37.166299+00:00,200,37996.696,
2026-09-20T21:59:13.995761+00:00,200,1204.588,
2026-09-20T21:58:46.586268+00:00,200,28621.155,
2026-09-20T21:58:40.056917+00:00,200,35165.917,
2026-09-20T21:59:14.691667+00:00,200,534.101,
2026-09-20T21:59:04.552583+00:00,200,10682.583,
2026-09-20T21:59:05.294277+00:00,200,9943.822,
2026-09-20T21:59:01.136677+00:00,200,14104.051,
2026-09-20T21:58:56.680728+00:00,200,18565.136,
2026-09-20T21:58:16.115944+00:00,200,59159.041,
2026-09-20T21:59:12.608634+00:00,200,2671.177,
2026-09-20T21:57:53.396801+00:00,200,81884.393,
2026-09-20T21:58:42.020339+00:00,200,33277.379,
2026-09-20T21:58:16.865990+00:00,200,58446.601,
2026-09-20T21:58:24.085382+00:00,200,51231.304,
2026-09-20T21:58:31.816366+00:00,200,43510.098,
2026-09-20T21:58:57.158079+00:00,200,18187.961,
2026-09-20T21:58:00.989056+00:00,200,74360.083,
2026-09-20T21:59:13.841692+00:00,200,1514.299,
2026-09-20T21:58:36.228906+00:00,200,39136.427,
2026-09-20T21:58:10.313912+00:00,200,65054.943,
2026-09-20T21:58:33.384362+00:00,200,41989.079,
2026-09-20T21:59:09.448535+00:00,200,5928.926,
2026-09-20T21:58:16.156623+00:00,200,59226.049,
2026-09-20T21:58:59.278012+00:00,200,16124.849,
2026-09-20T21:59:14.124667+00:00,200,1286.203,
2026-09-20T21:58:23.096496+00:00,200,52316.303,
2026-09-20T21:58:49.379733+00:00,200,26036.638,
2026-09-20T21:59:13.958500+00:00,200,1460.817,
2026-09-20T21:58:36.246707+00:00,200,39176.097,
2026-09-20T21:58:21.994015+00:00,200,53431.797,
2026-09-20T21:58:14.780860+00:00,200,60651.018,
2026-09-20T21:59:15.222633+00:00,200,233.906,
2026-09-20T21:58:22.896531+00:00,200,52564.749,
2026-09-20T21:58:37.257180+00:00,200,38213.32,
2026-09-20T21:59:03.668631+00:00,200,11807.693,
2026-09-20T21:58:15.980624+00:00,200,59505.056,
2026-09-20T21:58:16.219999+00:00,200,59268.457,
2026-09-20T21:58:41.286088+00:00,200,34214.06,
2026-09-20T21:59:02.885617+00:00,200,12619.994,
2026-09-20T21:59:00.131900+00:00,200,15374.476,
2026-09-20T21:58:57.523113+00:00,200,17991.213,
2026-09-20T21:59:12.714161+00:00,200,2810.042,
2026-09-20T21:57:47.061630+00:00,200,88470.365,
2026-09-20T21:58:17.860209+00:00,200,57678.75,
2026-09-20T21:59:08.825351+00:00,200,6728.977,
2026-09-20T21:59:05.558919+00:00,200,9999.036,
2026-09-20T21:58:52.495965+00:00,200,23071.921,
2026-09-20T21:57:40.762241+00:00,200,94814.979,
2026-09-20T21:58:54.215798+00:00,200,21368.702,
2026-09-20T21:58:02.691207+00:00,200,72894.379,
2026-09-20T21:57:51.373464+00:00,200,84214.669,
2026-09-20T21:58:38.449260+00:00,200,37145.473,
2026-09-20T21:58:07.520558+00:00,200,68083.651,
2026-09-20T21:59:02.318218+00:00,200,13287.181,
2026-09-20T21:58:49.143322+00:00,200,26473.686,
2026-09-20T21:59:14.655276+00:00,200,964.462,
2026-09-20T21:58:05.509666+00:00,200,70132.728,
2026-09-20T21:59:15.410865+00:00,200,236.38,
2026-09-20T21:58:22.553398+00:00,200,53096.527,
2026-09-20T21:59:15.402771+00:00,200,252.205,
2026-09-20T21:58:18.957495+00:00,200,56704.686,
2026-09-20T21:58:36.231076+00:00,200,39433.061,
2026-09-20T21:58:54.298146+00:00,200,21372.961,
2026-09-20T21:58:53.944331+00:00,200,21735.677,
2026-09-20T21:58:02.926196+00:00,200,72758.154,
2026-09-20T21:58:39.269796+00:00,200,36428.419,
2026-09-20T21:58:54.254846+00:00,200,21453.789,
2026-09-20T21:59:13.480819+00:00,200,2233.172,
2026-09-20T21:58:14.565526+00:00,200,61149.605,
2026-09-20T21:58:09.656123+00:00,200,66061.019,
2026-09-20T21:59:04.446653+00:00,200,11271.86,
2026-09-20T21:58:07.669912+00:00,200,68057.623,
2026-09-20T21:59:01.266456+00:00,200,14492.524,
2026-09-20T21:59:02.138257+00:00,200,13624.045,
2026-09-20T21:59:14.182192+00:00,200,1583.014,
2026-09-20T21:59:10.943559+00:00,200,4829.961,
2026-09-20T21:58:01.922574+00:00,200,73852.158,
2026-09-20T21:58:58.338044+00:00,200,17437.233,
2026-09-20T21:57:42.368021+00:00,200,93416.729,
2026-09-20T21:58:39.726016+00:00,200,36061.739,
2026-09-20T21:57:43.732635+00:00,200,92059.816,
2026-09-20T21:59:01.864482+00:00,200,13931.132,
2026-09-20T21:59:06.054233+00:00,200,9747.932,
2026-09-20T21:58:37.304347+00:00,200,38538.963,
2026-09-20T21:59:11.136498+00:00,200,4709.388,
2026-09-20T21:59:06.881347+00:00,200,8968.108,
2026-09-20T21:59:04.313624+00:00,200,11537.555,
2026-09-20T21:59:01.469624+00:00,200,14383.763,
2026-09-20T21:59:12.844454+00:00,200,3011.98,
2026-09-20T21:58:15.574120+00:00,200,60286.965,
2026-09-20T21:59:15.647248+00:00,200,223.467,
2026-09-20T21:58:25.960654+00:00,200,49927.898,
2026-09-20T21:58:30.278705+00:00,200,45630.756,
2026-09-20T21:58:39.355841+00:00,200,36557.867,
2026-09-20T21:58:59.127578+00:00,200,16787.332,
2026-09-20T21:59:15.708513+00:00,200,208.841,
2026-09-20T21:58:37.013341+00:00,200,38907.393,
2026-09-20T21:59:14.628812+00:00,200,1292.71,
2026-09-20T21:59:11.323715+00:00,200,4598.879,
2026-09-20T21:58:56.149879+00:00,200,19775.707,
2026-09-20T21:58:57.656242+00:00,200,18288.255,
2026-09-20T21:59:15.758899+00:00,200,188.661,
2026-09-20T21:58:54.916529+00:00,200,21033.59,
2026-09-20T21:59:11.246754+00:00,200,4712.069,
2026-09-20T21:58:39.437263+00:00,200,36541.173,
2026-09-20T21:58:53.910930+00:00,200,22068.247,
2026-09-20T21:58:28.891731+00:00,200,47090.621,
2026-09-20T21:57:55.394022+00:00,200,80600.475,
2026-09-20T21:59:02.574239+00:00,200,13443.021,
2026-09-20T21:58:32.736264+00:00,200,43287.733,
2026-09-20T21:59:10.004717+00:00,200,6034.203,
2026-09-20T21:59:02.785231+00:00,200,13259.974,
2026-09-20T21:58:44.054437+00:00,200,31995.329,
2026-09-20T21:58:17.959591+00:00,200,58092.079,
2026-09-20T21:59:06.252468+00:00,200,9810.008,
2026-09-20T21:58:29.507966+00:00,200,46568.872,
2026-09-20T21:59:12.170413+00:00,200,3910.791,
2026-09-20T21:59:11.364921+00:00,200,4718.719,
2026-09-20T21:58:55.963649+00:00,200,20122.702,
2026-09-20T21:58:57.180758+00:00,200,18907.853,
2026-09-20T21:58:26.854626+00:00,200,49261.247,
2026-09-20T21:59:15.641990+00:00,200,481.572,
2026-09-20T21:59:03.119471+00:00,200,13008.162,
2026-09-20T21:58:36.589074+00:00,200,39540.795,
2026-09-20T21:59:12.665836+00:00,200,3474.93,
2026-09-20T21:58:20.809163+00:00,200,55340.221,
2026-09-20T21:58:16.234577+00:00,200,59915.742,
2026-09-20T21:58:06.580993+00:00,200,69572.957,
2026-09-20T21:58:06.804010+00:00,200,69354.58,
2026-09-20T21:57:30.424078+00:00,200,105738.023,
2026-09-20T21:59:01.281555+00:00,200,14889.943,
2026-09-20T21:58:23.603005+00:00,200,52571.903,
2026-09-20T21:58:57.220425+00:00,200,18957.145,
2026-09-20T21:58:37.123919+00:00,200,39062.192,
2026-09-20T21:59:15.978227+00:00,200,217.125,
2026-09-20T21:58:08.026010+00:00,200,68171.246,
2026-09-20T21:59:09.308241+00:00,200,6891.84,
2026-09-20T21:57:53.211148+00:00,200,82995.724,
2026-09-20T21:58:42.147140+00:00,200,34073.956,
2026-09-20T21:59:03.857435+00:00,200,12364.413,
2026-09-20T21:58:41.845041+00:00,200,34384.958,
2026-09-20T21:58:10.828260+00:00,200,65426.314,
2026-09-20T21:59:01.103925+00:00,200,15165.639,
2026-09-20T21:58:21.171448+00:00,200,55112.615,
2026-09-20T21:58:55.687760+00:00,200,20598.527,
2026-09-20T21:59:13.245030+00:00,200,3049.743,
2026-09-20T21:59:11.883319+00:00,200,4426.477,
2026-09-20T21:57:47.601864+00:00,200,88709.968,
2026-09-20T21:59:12.242773+00:00,200,4072.413,
2026-09-20T21:58:55.429628+00:00,200,20887.875,
2026-09-20T21:58:40.465367+00:00,200,35863.497,
2026-09-20T21:59:15.023379+00:00,200,1326.792,
2026-09-20T21:59:05.563614+00:00,200,10787.491,
2026-09-20T21:59:12.321236+00:00,200,4042.426,
2026-09-20T21:58:11.129440+00:00,200,65236.301,
2026-09-20T21:58:54.665252+00:00,200,21701.18,
2026-09-20T21:57:45.323832+00:00,200,91047.332,
2026-09-20T21:59:14.811540+00:00,200,1563.505,
2026-09-20T21:58:34.163788+00:00,200,42217.426,
2026-09-20T21:58:57.425216+00:00,200,18979.541,
2026-09-20T21:59:10.386067+00:00,200,6027.188,
2026-09-20T21:59:12.357792+00:00,200,4063.797,
2026-09-20T21:59:15.365109+00:00,200,1057.985,
2026-09-20T21:59:13.985368+00:00,200,2447.894,
2026-09-20T21:58:51.307106+00:00,200,25130.351,
2026-09-20T21:58:58.651655+00:00,200,17790.086,
2026-09-20T21:57:47.818833+00:00,200,88645.12,
2026-09-20T21:59:03.035426+00:00,200,13428.994,
2026-09-20T21:58:07.053090+00:00,200,69414.367,
2026-09-20T21:59:15.909202+00:00,200,563.71,
2026-09-20T21:58:58.366194+00:00,200,18107.889,
2026-09-20T21:58:39.543393+00:00,200,36942.367,
2026-09-20T21:58:39.620136+00:00,200,36872.323,
2026-09-20T21:58:48.099648+00:00,200,28403.896,
2026-09-20T21:58:58.249464+00:00,200,18256.794,
2026-09-20T21:59:13.318833+00:00,200,3191.572,
2026-09-20T21:58:19.868798+00:00,200,56646.806,
2026-09-20T21:58:57.268709+00:00,200,19247.654,
2026-09-20T21:59:04.129686+00:00,200,12411.316,
2026-09-20T21:57:45.378909+00:00,200,91183.769,
2026-09-20T21:58:23.716904+00:00,200,52849.02,
2026-09-20T21:58:54.062232+00:00,200,22504.964,
2026-09-20T21:58:37.262481+00:00,200,39307.348,
2026-09-20T21:58:07.010349+00:00,200,69565.855,
2026-09-20T21:58:53.593901+00:00,200,23006.05,
2026-09-20T21:59:13.896718+00:00,200,2713.641,
2026-09-20T21:58:40.585280+00:00,200,36026.535,
2026-09-20T21:59:03.390961+00:00,200,13226.317,
2026-09-20T21:58:48.705188+00:00,200,27930.057,
2026-09-20T21:59:14.936456+00:00,200,1710.221,
2026-09-20T21:58:47.785287+00:00,200,28865.446,
2026-09-20T21:58:59.001196+00:00,200,17651.431,
2026-09-20T21:58:37.493029+00:00,200,39166.256,
2026-09-20T21:58:35.008504+00:00,200,41655.54,
2026-09-20T21:59:14.421452+00:00,200,2243.27,
2026-09-20T21:59:08.850114+00:00,200,7821.288,
2026-09-20T21:59:15.134596+00:00,200,1537.713,
2026-09-20T21:59:05.716256+00:00,200,10963.978,
2026-09-20T21:59:05.438135+00:00,200,11250.332,
2026-09-20T21:59:16.123562+00:00,200,567.917,
2026-09-20T21:59:03.950417+00:00,200,12753.917,
2026-09-20T21:58:01.428987+00:00,200,75276.686,
2026-09-20T21:59:09.465217+00:00,200,7248.436,
2026-09-20T21:58:32.319169+00:00,200,44398.484,
2026-09-20T21:58:55.006943+00:00,200,21711.591,
2026-09-20T21:58:38.006740+00:00,200,38715.507,
2026-09-20T21:58:39.654771+00:00,200,37072.42,
2026-09-20T21:59:13.748835+00:00,200,2987.945,
2026-09-20T21:58:18.115707+00:00,200,58624.674,
2026-09-20T21:58:48.508165+00:00,200,28240.013,
2026-09-20T21:58:59.573488+00:00,200,17207.533,
2026-09-20T21:59:03.103036+00:00,200,13679.274,
2026-09-20T21:58:56.932628+00:00,200,19856.911,
2026-09-20T21:58:39.980696+00:00,200,36814.499,
2026-09-20T21:59:16.610351+00:00,200,196.668,
2026-09-20T21:59:16.433250+00:00,200,380.803,
2026-09-20T21:58:22.340067+00:00,200,54498.217,
2026-09-20T21:59:05.177076+00:00,200,11663.11,
2026-09-20T21:57:47.727069+00:00,200,89114.919,
2026-09-20T21:58:38.466120+00:00,200,38383.394,
2026-09-20T21:59:04.341476+00:00,200,12513.637,
2026-09-20T21:58:34.118854+00:00,200,42777.993,
2026-09-20T21:58:33.508238+00:00,200,43404.601,
2026-09-20T21:59:01.450900+00:00,200,15470.991,
2026-09-20T21:59:11.260184+00:00,200,5667.934,
2026-09-20T21:59:16.736765+00:00,200,198.728,
2026-09-20T21:58:54.230980+00:00,200,22707.303,
2026-09-20T21:58:56.735351+00:00,200,20218.005,
2026-09-20T21:58:19.376247+00:00,200,57584.559,
2026-09-20T21:58:34.529656+00:00,200,42434.983,
2026-09-20T21:59:01.364153+00:00,200,15602.02,
2026-09-20T21:58:01.419899+00:00,200,75553.862,
2026-09-20T21:59:08.793126+00:00,200,8187.098,
2026-09-20T21:58:24.639922+00:00,200,52342.657,
2026-09-20T21:58:24.140330+00:00,200,52855.401,
2026-09-20T21:58:36.841139+00:00,200,40157.727,
2026-09-20T21:58:24.632960+00:00,200,52372.114,
2026-09-20T21:59:06.943456+00:00,200,10064.155,
2026-09-20T21:57:34.489079+00:00,200,102520.806,
2026-09-20T21:58:11.477148+00:00,200,65537.692,
2026-09-20T21:59:15.774312+00:00,200,1241.119,
2026-09-20T21:59:15.649619+00:00,200,1367.174,
2026-09-20T21:58:56.968811+00:00,200,20049.059,
2026-09-20T21:58:58.095977+00:00,200,18935.686,
2026-09-20T21:58:53.939665+00:00,200,23093.567,
2026-09-20T21:58:32.176385+00:00,200,44864.184,
2026-09-20T21:59:09.772910+00:00,200,7280.421,
2026-09-20T21:59:16.855043+00:00,200,201.851,
2026-09-20T21:57:29.411656+00:00,200,107661.985,
2026-09-20T21:58:14.097376+00:00,200,62980.17,
2026-09-20T21:59:11.430197+00:00,200,5649.24,
2026-09-20T21:58:19.315333+00:00,200,57776.598,
2026-09-20T21:58:04.058591+00:00,200,73041.07,
2026-09-20T21:59:00.447523+00:00,200,16657.536,
2026-09-20T21:59:10.801102+00:00,200,6310.085,
2026-09-20T21:59:11.793444+00:00,200,5327.231,
2026-09-20T21:58:19.039413+00:00,200,58085.032,
2026-09-20T21:58:39.118848+00:00,200,38006.975,
2026-09-20T21:59:04.233457+00:00,200,12898.287,
2026-09-20T21:59:11.922874+00:00,200,5215.69,
2026-09-20T21:59:15.488116+00:00,200,1668.347,
2026-09-20T21:59:16.953240+00:00,200,214.53,
2026-09-20T21:59:07.568007+00:00,200,9602.888,
2026-09-20T21:58:25.000168+00:00,200,52179.665,
2026-09-20T21:58:54.282516+00:00,200,22906.574,
2026-09-20T21:58:55.272676+00:00,200,21926.354,
2026-09-20T21:59:04.027666+00:00,200,13181.363,
2026-09-20T21:59:01.107585+00:00,200,16133.723,
2026-09-20T21:58:37.367040+00:00,200,39875.739,
2026-09-20T21:59:16.017184+00:00,200,1227.229,
2026-09-20T21:58:35.470002+00:00,200,41794.741,
2026-09-20T21:58:32.070095+00:00,200,45195.509,
2026-09-20T21:58:33.450303+00:00,200,43830.694,
2026-09-20T21:58:58.669542+00:00,200,18612.933,
2026-09-20T21:59:05.561245+00:00,200,11723.812,
2026-09-20T21:58:44.930443+00:00,200,32358.25,
2026-09-20T21:57:59.842077+00:00,200,77469.67,
2026-09-20T21:57:22.815992+00:00,200,114496.752,
2026-09-20T21:59:12.326882+00:00,200,4993.45,
2026-09-20T21:59:14.265124+00:00,200,3061.476,
2026-09-20T21:59:14.958560+00:00,200,2385.218,
2026-09-20T21:58:59.966402+00:00,200,17386.077,
2026-09-20T21:58:34.964669+00:00,200,42389.553,
2026-09-20T21:58:54.704572+00:00,200,22664.73,
2026-09-20T21:58:37.840286+00:00,200,39530.813,
2026-09-20T21:59:00.359908+00:00,200,17026.096,
2026-09-20T21:58:47.482750+00:00,200,29904.506,
2026-09-20T21:59:16.672302+00:00,200,720.891,
2026-09-20T21:58:39.864042+00:00,200,37534.699,
2026-09-20T21:58:09.113547+00:00,200,68294.913,
2026-09-20T21:57:32.987990+00:00,200,104421.56,
2026-09-20T21:58:31.428380+00:00,200,45983.956,
2026-09-20T21:58:36.341380+00:00,200,41077.766,
2026-09-20T21:58:31.962679+00:00,200,45472.563,
2026-09-20T21:58:56.266817+00:00,200,21174.194,
2026-09-20T21:59:15.713980+00:00,200,1742.718,
2026-09-20T21:58:55.968551+00:00,200,21489.009,
2026-09-20T21:58:27.055422+00:00,200,50405.238,
2026-09-20T21:58:55.987757+00:00,200,21474.766,
2026-09-20T21:58:23.938932+00:00,200,53525.091,
2026-09-20T21:59:01.883178+00:00,200,15596.854,
2026-09-20T21:59:17.280746+00:00,200,199.944,
2026-09-20T21:57:48.809975+00:00,200,88679.107,
2026-09-20T21:59:14.442019+00:00,200,3052.598,
2026-09-20T21:59:17.311301+00:00,200,184.884,
2026-09-20T21:58:41.490978+00:00,200,36006.611,
2026-09-20T21:59:17.312085+00:00,200,198.292,
2026-09-20T21:59:16.023748+00:00,200,1494.799,
2026-09-20T21:58:23.748191+00:00,200,53781.73,
2026-09-20T21:59:17.343766+00:00,200,193.908,
2026-09-20T21:59:04.921214+00:00,200,12617.326,
2026-09-20T21:59:08.922355+00:00,200,8625.242,
2026-09-20T21:58:31.135025+00:00,200,46431.559,
2026-09-20T21:58:57.992128+00:00,200,19582.542,
2026-09-20T21:58:57.443866+00:00,200,20160.556,
2026-09-20T21:59:15.979052+00:00,200,1631.596,
2026-09-20T21:59:03.044193+00:00,200,14574.634,
2026-09-20T21:59:17.198905+00:00,200,422.997,
2026-09-20T21:58:55.768056+00:00,200,21857.415,
2026-09-20T21:58:37.603995+00:00,200,40032.817,
2026-09-20T21:58:23.646616+00:00,200,53994.466,
2026-09-20T21:59:11.535233+00:00,200,6115.512,
2026-09-20T21:58:48.764179+00:00,200,28893.116,
2026-09-20T21:59:11.627910+00:00,200,6031.04,
2026-09-20T21:59:15.207260+00:00,200,2457.227,
2026-09-20T21:59:15.914815+00:00,200,1750.512,
2026-09-20T21:59:02.867935+00:00,200,14814.358,
2026-09-20T21:58:01.562886+00:00,200,76122.77,
2026-09-20T21:58:59.424318+00:00,200,18263.077,
2026-09-20T21:58:33.434535+00:00,200,44266.369,
2026-09-20T21:59:13.135739+00:00,200,4575.382,
2026-09-20T21:59:07.170773+00:00,200,10543.079,
2026-09-20T21:58:10.126523+00:00,200,67588.529,
2026-09-20T21:58:59.480724+00:00,200,18240.907,
2026-09-20T21:59:04.535227+00:00,200,13192.569,
2026-09-20T21:58:00.757845+00:00,200,76973.519,
2026-09-20T21:58:38.568187+00:00,200,39163.884,
2026-09-20T21:58:48.996730+00:00,200,28742.472,
2026-09-20T21:58:11.151228+00:00,200,66597.04,
2026-09-20T21:59:02.178801+00:00,200,15570.645,
2026-09-20T21:59:15.947561+00:00,200,1808.003,
2026-09-20T21:58:58.473544+00:00,200,19292.945,
2026-09-20T21:59:09.027433+00:00,200,8745.604,
2026-09-20T21:59:11.798096+00:00,200,5980.703,
2026-09-20T21:59:16.780923+00:00,200,1007.129,
2026-09-20T21:59:11.314859+00:00,200,6483.431,
2026-09-20T21:58:59.506508+00:00,200,18293.884,
2026-09-20T21:58:48.654059+00:00,200,29148.904,
2026-09-20T21:59:07.131051+00:00,200,10675.23,
2026-09-20T21:59:02.232310+00:00,200,15576.601,
2026-09-20T21:58:38.393636+00:00,200,39422.607,
2026-09-20T21:57:41.338136+00:00,200,96484.194,
2026-09-20T21:58:33.572616+00:00,200,44251.57,
2026-09-20T21:59:12.649662+00:00,200,5177.674,
2026-09-20T21:59:13.372849+00:00,200,4464.457,
2026-09-20T21:58:40.236991+00:00,200,37614.965,
2026-09-20T21:58:52.939421+00:00,200,24933.921,
2026-09-20T21:59:12.342535+00:00,200,5533.873,
2026-09-20T21:58:49.200892+00:00,200,28705.946,
2026-09-20T21:59:17.241216+00:00,200,666.276,
2026-09-20T21:58:51.436291+00:00,200,26496.638,
2026-09-20T21:57:44.189726+00:00,200,93750.322,
2026-09-20T21:57:57.209455+00:00,200,80734.989,
2026-09-20T21:59:16.960474+00:00,200,990.472,
2026-09-20T21:58:19.817358+00:00,200,58137.08,
2026-09-20T21:59:13.537062+00:00,200,4423.886,
2026-09-20T21:59:04.491878+00:00,200,13471.511,
2026-09-20T21:59:16.195353+00:00,200,1779.596,
2026-09-20T21:58:31.493792+00:00,200,46505.277,
2026-09-20T21:57:22.944238+00:00,200,115056.828,
2026-09-20T21:58:49.148259+00:00,200,28854.477,
2026-09-20T21:58:36.482632+00:00,200,41527.194,
2026-09-20T21:59:17.387085+00:00,200,629.284,
2026-09-20T21:58:40.968994+00:00,200,37060.324,
2026-09-20T21:59:02.202568+00:00,200,15841.981,
2026-09-20T21:59:05.156206+00:00,200,12890.521,
2026-09-20T21:59:17.873200+00:00,200,179.548,
2026-09-20T21:59:08.167922+00:00,200,9889.851,
2026-09-20T21:58:54.162164+00:00,200,23897.613,
2026-09-20T21:58:56.369028+00:00,200,21692.673,
2026-09-20T21:58:46.613602+00:00,200,31458.817,
2026-09-20T21:58:23.016195+00:00,200,55070.019,
2026-09-20T21:59:17.906674+00:00,200,188.105,
2026-09-20T21:59:10.742144+00:00,200,7362.497,
2026-09-20T21:59:15.456540+00:00,200,2650.586,
2026-09-20T21:59:17.907490+00:00,200,203.205,
2026-09-20T21:58:17.541154+00:00,200,60576.377,
2026-09-20T21:59:07.487970+00:00,200,10632.217,
2026-09-20T21:58:28.400410+00:00,200,49728.022,
2026-09-20T21:59:04.343038+00:00,200,13793.779,
2026-09-20T21:58:53.818120+00:00,200,24331.927,
2026-09-20T21:57:31.374264+00:00,200,106788.905,
2026-09-20T21:59:16.129643+00:00,200,2045.967,
2026-09-20T21:58:57.687637+00:00,200,20493.979,
2026-09-20T21:58:46.704426+00:00,200,31480.952,
2026-09-20T21:58:20.480300+00:00,200,57727.169,
2026-09-20T21:57:51.067335+00:00,200,87142.972,
2026-09-20T21:58:58.815566+00:00,200,19413.463,
2026-09-20T21:58:27.029106+00:00,200,51206.438,
2026-09-20T21:59:08.071646+00:00,200,10167.39,
2026-09-20T21:58:54.268931+00:00,200,23979.906,
2026-09-20T21:59:08.024180+00:00,200,10227.077,
2026-09-20T21:58:18.747880+00:00,200,59507.973,
2026-09-20T21:58:25.767286+00:00,200,52489.862,
2026-09-20T21:58:54.309718+00:00,200,23948.642,
2026-09-20T21:59:16.206394+00:00,200,2057.878,
2026-09-20T21:59:15.982081+00:00,200,2283.765,
2026-09-20T21:59:12.906477+00:00,200,5361.573,
2026-09-20T21:57:20.969587+00:00,200,117300.241,
2026-09-20T21:58:37.126190+00:00,200,41146.701,
2026-09-20T21:59:13.770435+00:00,200,4504.924,
2026-09-20T21:59:16.650568+00:00,200,1644.906,
2026-09-20T21:57:45.773487+00:00,200,92539.666,
2026-09-20T21:58:19.819621+00:00,200,58495.335,
2026-09-20T21:59:09.146338+00:00,200,9184.65,
2026-09-20T21:59:18.094780+00:00,200,236.928,
2026-09-20T21:58:20.986692+00:00,200,57353.383,
2026-09-20T21:58:28.381256+00:00,200,49968.708,
2026-09-20T21:59:16.200044+00:00,200,2150.524,
2026-09-20T21:59:00.658424+00:00,200,17718.326,
2026-09-20T21:58:46.633706+00:00,200,31753.09,
2026-09-20T21:59:18.175600+00:00,200,219.364,
2026-09-20T21:59:16.849294+00:00,200,1552.324,
2026-09-20T21:58:58.588320+00:00,200,19815.085,
2026-09-20T21:58:33.369038+00:00,200,45044.28,
2026-09-20T21:58:33.299580+00:00,200,45121.266,
2026-09-20T21:59:10.109260+00:00,200,8312.502,
2026-09-20T21:58:53.542446+00:00,200,24889.891,
2026-09-20T21:58:34.164779+00:00,200,44273.757,
2026-09-20T21:57:35.401630+00:00,200,103048.732,
2026-09-20T21:59:18.235250+00:00,200,230.647,
2026-09-20T21:58:04.192566+00:00,200,74286.673,
2026-09-20T21:59:15.765198+00:00,200,2726.023,
2026-09-20T21:57:34.790572+00:00,200,103707.566,
2026-09-20T21:58:29.111716+00:00,200,49389.617,
2026-09-20T21:58:49.418731+00:00,200,29090.854,
2026-09-20T21:58:18.597715+00:00,200,59934.631,
2026-09-20T21:59:02.416179+00:00,200,16118.828,
2026-09-20T21:58:52.610441+00:00,200,25928.665,
2026-09-20T21:58:32.972056+00:00,200,45571.126,
2026-09-20T21:57:58.303574+00:00,200,80245.769,
2026-09-20T21:59:06.715817+00:00,200,11840.364,
2026-09-20T21:59:00.767689+00:00,200,17798.883,
2026-09-20T21:58:26.202131+00:00,200,52371.857,
2026-09-20T21:58:30.032919+00:00,200,48544.667,
2026-09-20T21:58:54.521773+00:00,200,24062.624,
2026-09-20T21:59:07.782131+00:00,200,10804.354,
2026-09-20T21:59:12.177913+00:00,200,6411.575,
2026-09-20T21:58:30.678960+00:00,200,47931.875,
2026-09-20T21:59:11.904622+00:00,200,6708.079,
2026-09-20T21:59:16.351045+00:00,200,2275.851,
2026-09-20T21:58:55.837028+00:00,200,22791.563,
2026-09-20T21:58:16.956105+00:00,200,61674.037,
2026-09-20T21:59:04.311921+00:00,200,14357.951,
2026-09-20T21:59:18.465899+00:00,200,208.346,
2026-09-20T21:59:07.998543+00:00,200,10682.421,
2026-09-20T21:59:11.846552+00:00,200,6835.307,
2026-09-20T21:58:30.354601+00:00,200,48334.599,
2026-09-20T21:59:18.478811+00:00,200,213.024,
2026-09-20T21:59:06.562657+00:00,200,12137.843,
2026-09-20T21:58:54.058054+00:00,200,24655.098,
2026-09-20T21:59:17.352381+00:00,200,1369.512,
2026-09-20T21:58:17.589843+00:00,200,61140.172,
2026-09-20T21:59:00.904989+00:00,200,17841.885,
2026-09-20T21:59:01.914376+00:00,200,16834.16,
2026-09-20T21:58:56.089986+00:00,200,22660.88,
2026-09-20T21:59:06.200195+00:00,200,12560.754,
2026-09-20T21:59:16.896602+00:00,200,1888.737,
2026-09-20T21:59:03.246209+00:00,200,15547.36,
2026-09-20T21:58:35.281651+00:00,200,43534.659,
2026-09-20T21:58:58.998886+00:00,200,19819.023,
2026-09-20T21:59:13.380453+00:00,200,5438.634,
2026-09-20T21:58:36.745733+00:00,200,42084.512,
2026-09-20T21:57:55.617148+00:00,200,83219.136,
2026-09-20T21:59:12.160076+00:00,200,6682.258,
2026-09-20T21:59:15.235107+00:00,200,3609.054,
2026-09-20T21:59:16.485549+00:00,200,2360.572,
2026-09-20T21:59:16.840120+00:00,200,2008.061,
2026-09-20T21:59:08.108082+00:00,200,10742.87,
2026-09-20T21:59:15.476258+00:00,200,3375.764,
2026-09-20T21:58:54.080191+00:00,200,24777.915,
2026-09-20T21:58:07.506240+00:00,200,71354.879,
2026-09-20T21:59:03.705054+00:00,200,15168.489,
2026-09-20T21:58:23.971745+00:00,200,54906.213,
2026-09-20T21:58:35.669477+00:00,200,43219.566,
2026-09-20T21:58:55.716060+00:00,200,23175.308,
2026-09-20T21:59:18.721887+00:00,200,194.502,
2026-09-20T21:58:56.879236+00:00,200,22038.137,
2026-09-20T21:59:17.079408+00:00,200,1839.627,
2026-09-20T21:58:58.997792+00:00,200,19926.463,
2026-09-20T21:59:07.069531+00:00,200,11856.571,
2026-09-20T21:57:16.957961+00:00,200,121987.524,
2026-09-20T21:59:10.017988+00:00,200,8938.837,
2026-09-20T21:59:01.279856+00:00,200,17678.669,
2026-09-20T21:57:44.212562+00:00,200,94752.297,
2026-09-20T21:59:14.380305+00:00,200,4589.787,
2026-09-20T21:58:23.502861+00:00,200,55470.076,
2026-09-20T21:58:57.246953+00:00,200,21732.883,
2026-09-20T21:58:30.169343+00:00,200,48824.583,
2026-09-20T21:59:11.556738+00:00,200,7437.722,
2026-09-20T21:58:41.504978+00:00,200,37505.91,
2026-09-20T21:58:53.732476+00:00,200,25279.25,
2026-09-20T21:57:39.175276+00:00,200,99837.837,
2026-09-20T21:59:18.162554+00:00,200,851.028,
2026-09-20T21:58:27.716170+00:00,200,51298.763,
2026-09-20T21:59:09.767219+00:00,200,9267.942,
2026-09-20T21:59:03.420357+00:00,200,15615.984,
2026-09-20T21:58:28.002642+00:00,200,51038.537,
2026-09-20T21:59:09.334983+00:00,200,9713.42,
2026-09-20T21:58:45.787549+00:00,200,33282.211,
2026-09-20T21:58:56.027203+00:00,200,23047.281,
2026-09-20T21:58:33.074902+00:00,200,46035.798,
2026-09-20T21:58:09.225341+00:00,200,69896.067,
2026-09-20T21:59:18.816060+00:00,200,309.8,
2026-09-20T21:59:18.785330+00:00,200,382.266,
2026-09-20T21:58:33.038923+00:00,200,46130.534,
2026-09-20T21:58:59.305002+00:00,200,19868.974,
2026-09-20T21:58:40.520854+00:00,200,38699.357,
2026-09-20T21:57:50.294054+00:00,200,88945.989,
2026-09-20T21:59:17.876378+00:00,200,1381.548,
2026-09-20T21:59:17.369174+00:00,200,1893.635,
2026-09-20T21:57:37.435264+00:00,200,101849.768,
2026-09-20T21:57:50.350120+00:00,200,88936.012,
2026-09-20T21:59:11.221959+00:00,200,8069.037,
2026-09-20T21:58:21.950790+00:00,200,57345.114,
2026-09-20T21:59:12.172722+00:00,200,7130.503,
2026-09-20T21:58:54.425322+00:00,200,24883.601,
2026-09-20T21:59:19.035111+00:00,200,281.405,
2026-09-20T21:58:37.403366+00:00,200,41926.829,
2026-09-20T21:59:03.260159+00:00,200,16074.07,
2026-09-20T21:59:18.046655+00:00,200,1303.724,
2026-09-20T21:57:24.258976+00:00,200,115093.412,
2026-09-20T21:58:57.122014+00:00,200,22232.486,
2026-09-20T21:59:11.073597+00:00,200,8285.668,
2026-09-20T21:58:40.317562+00:00,200,39050.863,
2026-09-20T21:59:09.158988+00:00,200,10243.669,
2026-09-20T21:58:59.517313+00:00,200,19897.445,
2026-09-20T21:59:02.372518+00:00,200,17068.208,
2026-09-20T21:58:57.910645+00:00,200,21534.755,
2026-09-20T21:58:13.780222+00:00,200,65669.008,
2026-09-20T21:58:18.233175+00:00,200,61230.085,
2026-09-20T21:58:22.858089+00:00,200,56608.962,
2026-09-20T21:59:18.238979+00:00,200,1234.521,
2026-09-20T21:58:31.682901+00:00,200,47802.601,
2026-09-20T21:58:40.840987+00:00,200,38663.05,
2026-09-20T21:59:19.239530+00:00,200,275.275,
2026-09-20T21:58:00.740209+00:00,200,78786.011,
2026-09-20T21:59:17.963314+00:00,200,1576.903,
2026-09-20T21:58:38.990649+00:00,200,40551.083,
2026-09-20T21:59:17.033101+00:00,200,2518.909,
2026-09-20T21:58:31.819286+00:00,200,47734.896,
2026-09-20T21:59:18.916390+00:00,200,643.861,
2026-09-20T21:59:18.331709+00:00,200,1235.774,
2026-09-20T21:58:36.165272+00:00,200,43406.347,
2026-09-20T21:59:00.664840+00:00,200,18911.984,
2026-09-20T21:58:55.162786+00:00,200,24416.919,
2026-09-20T21:59:03.814614+00:00,200,15779.639,
2026-09-20T21:59:03.276382+00:00,200,16338.862,
2026-09-20T21:58:49.279283+00:00,200,30353.766,
2026-09-20T21:58:57.952904+00:00,200,21701.405,
2026-09-20T21:58:51.596288+00:00,200,28067.624,
2026-09-20T21:57:30.477244+00:00,200,109189.922,
2026-09-20T21:59:15.888265+00:00,200,3795.978,
2026-09-20T21:59:12.058698+00:00,200,7628.921,
2026-09-20T21:58:36.976541+00:00,200,42713.423,
2026-09-20T21:58:06.819018+00:00,200,72874.037,
2026-09-20T21:59:09.764699+00:00,200,9975.387,
2026-09-20T21:59:17.827308+00:00,200,1914.633,
2026-09-20T21:58:40.579168+00:00,200,39167.392,
2026-09-20T21:58:26.807542+00:00,200,52941.056,
2026-09-20T21:58:31.988782+00:00,200,47772.054,
2026-09-20T21:59:11.696016+00:00,200,8067.506,
2026-09-20T21:58:13.361481+00:00,200,66411.074,
2026-09-20T21:58:58.525309+00:00,200,21254.963,
2026-09-20T21:59:18.044460+00:00,200,1752.601,
2026-09-20T21:59:04.316934+00:00,200,15493.806,
2026-09-20T21:59:12.910472+00:00,200,6914.196,
2026-09-20T21:59:13.667878+00:00,200,6188.885,
2026-09-20T21:59:01.777110+00:00,200,18081.654,
2026-09-20T21:59:00.336127+00:00,200,19525.836,
2026-09-20T21:59:16.038891+00:00,200,3852.145,
2026-09-20T21:59:19.615152+00:00,200,279.054,
2026-09-20T21:59:11.187218+00:00,200,8712.751,
2026-09-20T21:59:13.531696+00:00,200,6411.504,
2026-09-20T21:58:40.821698+00:00,200,39126.032,
2026-09-20T21:59:16.294758+00:00,200,3661.824,
2026-09-20T21:59:10.728988+00:00,200,9249.707,
2026-09-20T21:58:24.203444+00:00,200,55777.383,
2026-09-20T21:59:13.209169+00:00,200,6773.319,
2026-09-20T21:58:07.683795+00:00,200,72309.892,
2026-09-20T21:57:42.711761+00:00,200,97286.093,
2026-09-20T21:58:58.083179+00:00,200,21919.108,
2026-09-20T21:59:16.515279+00:00,200,3517.842,
2026-09-20T21:59:15.162778+00:00,200,4877.163,
2026-09-20T21:58:33.701536+00:00,200,46339.907,
2026-09-20T21:59:04.298717+00:00,200,15751.389,
2026-09-20T21:59:15.784212+00:00,200,4278.925,
2026-09-20T21:59:14.187452+00:00,200,5886.966,
2026-09-20T21:58:54.443085+00:00,200,25635.281,
2026-09-20T21:58:08.874019+00:00,200,71208.089,
2026-09-20T21:58:31.973312+00:00,200,48117.655,
2026-09-20T21:58:35.197995+00:00,200,44901.728,
2026-09-20T21:59:08.946478+00:00,200,11158.347,
2026-09-20T21:59:05.354761+00:00,200,14753.499,
2026-09-20T21:59:00.121935+00:00,200,19990.032,
2026-09-20T21:59:08.238214+00:00,200,11881.643,
2026-09-20T21:58:32.183702+00:00,200,47938.42,
2026-09-20T21:58:28.512055+00:00,200,51655.004,
2026-09-20T21:58:57.407222+00:00,200,22762.023,
2026-09-20T21:58:57.371409+00:00,200,22806.476,
2026-09-20T21:59:12.399235+00:00,200,7785.745,
2026-09-20T21:59:02.489100+00:00,200,17702.072,
2026-09-20T21:58:18.950441+00:00,200,61242.297,
2026-09-20T21:59:18.628461+00:00,200,1586.891,
2026-09-20T21:59:18.566471+00:00,200,1663.811,
2026-09-20T21:58:07.519764+00:00,200,72713.111,
2026-09-20T21:59:19.956562+00:00,200,289.171,
2026-09-20T21:59:06.822513+00:00,200,13438.156,
2026-09-20T21:59:09.762206+00:00,200,10523.863,
2026-09-20T21:57:35.433676+00:00,200,104866.141,
2026-09-20T21:57:52.299699+00:00,200,88006.714,
2026-09-20T21:59:14.886866+00:00,200,5424.949,
2026-09-20T21:59:00.208420+00:00,200,20110.554,
2026-09-20T21:58:01.065449+00:00,200,79258.006,
2026-09-20T21:58:10.559772+00:00,200,69770.79,
2026-09-20T21:59:07.793150+00:00,200,12540.796,
2026-09-20T21:58:28.793466+00:00,200,51568.498,
2026-09-20T21:58:55.736201+00:00,200,24626.688,
2026-09-20T21:59:04.473355+00:00,200,15892.979,
2026-09-20T21:59:19.856729+00:00,200,539.802,
2026-09-20T21:59:13.307942+00:00,200,7090.415,
2026-09-20T21:59:11.832739+00:00,200,8578.675,
2026-09-20T21:59:10.770159+00:00,200,9660.575,
2026-09-20T21:58:56.182319+00:00,200,24253.708,
2026-09-20T21:59:08.139273+00:00,200,12312.76,
2026-09-20T21:59:14.831051+00:00,200,5623.864,
2026-09-20T21:59:02.841726+00:00,200,17623.239,
2026-09-20T21:59:05.282270+00:00,200,15194.865,
2026-09-20T21:58:23.749962+00:00,200,56736.949,
2026-09-20T21:59:06.397283+00:00,200,14102.347,
2026-09-20T21:58:50.482696+00:00,200,30031.305,
2026-09-20T21:59:15.419311+00:00,200,5106.641,
2026-09-20T21:58:54.265580+00:00,200,26273.83,
2026-09-20T21:58:15.268746+00:00,200,65281.405,
2026-09-20T21:59:15.585169+00:00,200,4977.524,
2026-09-20T21:59:00.751627+00:00,200,19816.524,
2026-09-20T21:57:32.354395+00:00,200,108219.857,
2026-09-20T21:59:13.195034+00:00,200,7379.902,
2026-09-20T21:59:07.128621+00:00,200,13461.651,
2026-09-20T21:59:06.414041+00:00,200,14181.365,
2026-09-20T21:59:10.889769+00:00,200,9716.275,
2026-09-20T21:59:04.517055+00:00,200,16092.953,
2026-09-20T21:59:17.851740+00:00,200,2760.934,
2026-09-20T21:58:32.200355+00:00,200,48417.593,
2026-09-20T21:59:00.902980+00:00,200,19722.044,
2026-09-20T21:59:20.361668+00:00,200,270.432,
2026-09-20T21:58:35.299774+00:00,200,45335.322,
2026-09-20T21:57:54.856882+00:00,200,85812.066,
2026-09-20T21:58:16.091739+00:00,200,64605.712,
2026-09-20T21:59:19.334138+00:00,200,1364.253,
2026-09-20T21:59:07.557662+00:00,200,13151.849,
2026-09-20T21:58:27.207912+00:00,200,53509.08,
2026-09-20T21:57:39.960952+00:00,200,100759.068,
2026-09-20T21:58:32.299500+00:00,200,48451.025,
2026-09-20T21:58:35.902875+00:00,200,44854.739,
2026-09-20T21:59:13.183447+00:00,200,7582.534,
2026-09-20T21:58:47.610205+00:00,200,33177.493,
2026-09-20T21:59:12.045477+00:00,200,8758.803,
2026-09-20T21:59:12.057664+00:00,200,8747.863,
2026-09-20T21:59:09.428610+00:00,200,11384.539,
2026-09-20T21:58:12.527173+00:00,200,68303.831,
2026-09-20T21:58:58.359250+00:00,200,22472.738,
2026-09-20T21:59:03.058742+00:00,200,17777.062,
2026-09-20T21:58:01.990144+00:00,200,78856.556,
2026-09-20T21:57:31.472343+00:00,200,109390.888,
2026-09-20T21:59:19.011581+00:00,200,1862.327,
2026-09-20T21:59:11.109777+00:00,200,9797.561,
2026-09-20T21:58:37.031168+00:00,200,43878.824,
2026-09-20T21:59:16.664711+00:00,200,4248.267,
2026-09-20T21:57:58.137452+00:00,200,82793.387,
2026-09-20T21:58:55.451204+00:00,200,25481.377,
2026-09-20T21:58:55.066357+00:00,200,25870.456,
2026-09-20T21:59:19.125861+00:00,200,1812.995,
2026-09-20T21:59:09.061764+00:00,200,11889.223,
2026-09-20T21:58:33.991013+00:00,200,46962.241,
2026-09-20T21:59:03.209663+00:00,200,17774.492,
2026-09-20T21:59:10.252583+00:00,200,10743.363,
2026-09-20T21:58:28.262686+00:00,200,52737.322,
2026-09-20T21:59:15.654979+00:00,200,5348.791,
2026-09-20T21:59:03.299488+00:00,200,17709.898,
2026-09-20T21:59:17.120646+00:00,200,3904.864,
2026-09-20T21:59:04.433917+00:00,200,16618.8,
2026-09-20T21:59:20.813089+00:00,200,258.034,
2026-09-20T21:58:34.876285+00:00,200,46198.822,
2026-09-20T21:58:25.951678+00:00,200,55124.817,
2026-09-20T21:59:13.308862+00:00,200,7768.735,
2026-09-20T21:58:19.901949+00:00,200,61189.671,
2026-09-20T21:58:14.658875+00:00,200,66449.903,
2026-09-20T21:59:18.057718+00:00,200,3081.69,
2026-09-20T21:59:18.669791+00:00,200,2473.044,
2026-09-20T21:59:04.449838+00:00,200,16710.992,
2026-09-20T21:59:10.946383+00:00,200,10218.553,
2026-09-20T21:58:32.467033+00:00,200,48700.755,
2026-09-20T21:58:23.226266+00:00,200,57953.144,
2026-09-20T21:58:47.369565+00:00,200,33813.917,
2026-09-20T21:59:13.969293+00:00,200,7229.643,
2026-09-20T21:58:58.252335+00:00,200,22960.488,
2026-09-20T21:59:11.822376+00:00,200,9392.983,
2026-09-20T21:59:13.425049+00:00,200,7794.598,
2026-09-20T21:58:08.092185+00:00,200,73136.213,
2026-09-20T21:58:28.745986+00:00,200,52491.239,
2026-09-20T21:58:40.741129+00:00,200,40498.508,
2026-09-20T21:58:32.423994+00:00,200,48826.819,
2026-09-20T21:59:17.208955+00:00,200,4042.817,
2026-09-20T21:59:20.430681+00:00,200,830.532,
2026-09-20T21:58:35.277824+00:00,200,45985.01,
2026-09-20T21:59:17.418910+00:00,200,3891.683,
2026-09-20T21:58:40.822705+00:00,200,40492.982,
2026-09-20T21:58:52.161783+00:00,200,29159.378,
2026-09-20T21:59:14.562679+00:00,200,6764.657,
2026-09-20T21:58:34.526543+00:00,200,46849.653,
2026-09-20T21:59:13.115084+00:00,200,8265.73,
2026-09-20T21:59:18.844142+00:00,200,2539.768,
2026-09-20T21:59:14.648345+00:00,200,6747.385,
2026-09-20T21:58:54.348686+00:00,200,27048.505,
2026-09-20T21:57:29.420803+00:00,200,111979.773,
2026-09-20T21:59:19.295574+00:00,200,2108.645,
2026-09-20T21:59:21.167509+00:00,200,245.049,
2026-09-20T21:59:00.522578+00:00,200,20895.644,
2026-09-20T21:59:17.837286+00:00,200,3585.832,
2026-09-20T21:58:35.096290+00:00,200,46332.772,
2026-09-20T21:59:21.179077+00:00,200,257.239,
2026-09-20T21:59:11.281986+00:00,200,10158.183,
2026-09-20T21:57:56.696330+00:00,200,84770.386,
2026-09-20T21:58:52.482044+00:00,200,29003.945,
2026-09-20T21:59:10.214972+00:00,200,11303.743,
2026-09-20T21:59:14.470637+00:00,200,7056.955,
2026-09-20T21:59:16.704262+00:00,200,4827.75,
2026-09-20T21:59:13.835810+00:00,200,7698.214,
2026-09-20T21:58:10.296402+00:00,200,71256.841,
2026-09-20T21:58:37.039371+00:00,200,44518.797,
2026-09-20T21:58:32.311529+00:00,200,49255.116,
2026-09-20T21:59:17.749358+00:00,200,3837.385,
2026-09-20T21:57:52.063533+00:00,200,89554.528,
2026-09-20T21:58:04.592128+00:00,200,77033.366,
2026-09-20T21:58:18.921409+00:00,200,62716.06,
2026-09-20T21:58:59.495658+00:00,200,22144.742,
2026-09-20T21:59:08.667757+00:00,200,12982.603,
2026-09-20T21:58:57.231503+00:00,200,24422.217,
2026-09-20T21:59:21.380769+00:00,200,274.185,
2026-09-20T21:59:15.412498+00:00,200,6246.285,
2026-09-20T21:58:31.257908+00:00,200,50413.656,
2026-09-20T21:58:48.286732+00:00,200,33410.624,
2026-09-20T21:59:17.408948+00:00,200,4290.658,
2026-09-20T21:58:29.029254+00:00,200,52675.512,
2026-09-20T21:58:59.625795+00:00,200,22080.162,
2026-09-20T21:58:48.622747+00:00,200,33091.077,
2026-09-20T21:57:34.554125+00:00,200,107176.47,
2026-09-20T21:58:37.378279+00:00,200,44383.015,
2026-09-20T21:58:31.835602+00:00,200,49927.597,
2026-09-20T21:58:27.075817+00:00,200,54688.708,
2026-09-20T21:57:30.441703+00:00,200,111330.873,
2026-09-20T21:59:11.037753+00:00,200,10745.627,
2026-09-20T21:58:57.764096+00:00,200,24031.813,
2026-09-20T21:59:11.561196+00:00,200,10269.328,
2026-09-20T21:58:34.870234+00:00,200,46963.573,
2026-09-20T21:58:03.261700+00:00,200,78582.379,
2026-09-20T21:59:01.544729+00:00,200,20312.302,
2026-09-20T21:57:35.792841+00:00,200,106070.019,
2026-09-20T21:59:15.240648+00:00,200,6639.422,
2026-09-20T21:59:20.830612+00:00,200,1054.116,
2026-09-20T21:58:29.896166+00:00,200,51999.866,
2026-09-20T21:59:21.625050+00:00,200,278.794,
2026-09-20T21:57:44.879396+00:00,200,97045.375,
2026-09-20T21:58:34.756941+00:00,200,47171.408,
2026-09-20T21:59:05.929695+00:00,200,16020.028,
2026-09-20T21:58:48.193388+00:00,200,33758.68,
2026-09-20T21:58:20.217242+00:00,200,61738.113,
2026-09-20T21:59:08.069126+00:00,200,13893.855,
2026-09-20T21:58:56.900643+00:00,200,25098.908,
2026-09-20T21:59:03.790801+00:00,200,18222.467,
2026-09-20T21:57:48.975878+00:00,200,93039.145,
2026-09-20T21:58:55.689877+00:00,200,26337.239,
2026-09-20T21:59:21.761039+00:00,200,273.941,
2026-09-20T21:59:16.503382+00:00,200,5548.607,
2026-09-20T21:59:14.369683+00:00,200,7694.717,
2026-09-20T21:59:03.993905+00:00,200,18071.71,
2026-09-20T21:58:26.940324+00:00,200,55143.934,
2026-09-20T21:59:04.850531+00:00,200,17236.487,
2026-09-20T21:59:13.458190+00:00,200,8641.264,
2026-09-20T21:59:18.674245+00:00,200,3428.178,
2026-09-20T21:59:21.762912+00:00,200,344.525,
2026-09-20T21:58:07.026281+00:00,200,75094.194,
2026-09-20T21:59:14.911349+00:00,200,7217.25,
2026-09-20T21:57:36.545915+00:00,200,105589.423,
2026-09-20T21:59:20.104766+00:00,200,2041.15,
2026-09-20T21:58:13.317597+00:00,200,68849.973,
2026-09-20T21:58:30.832735+00:00,200,51336.011,
2026-09-20T21:58:18.447338+00:00,200,63726.341,
2026-09-20T21:58:57.632776+00:00,200,24542.61,
2026-09-20T21:59:13.814777+00:00,200,8371.177,
2026-09-20T21:57:37.451148+00:00,200,104746.089,
2026-09-20T21:57:52.215586+00:00,200,89987.989,
2026-09-20T21:58:51.301421+00:00,200,30907.239,
2026-09-20T21:58:55.378590+00:00,200,26837.027,
2026-09-20T21:58:55.462057+00:00,200,26787.331,
2026-09-20T21:59:18.386615+00:00,200,3866.309,
2026-09-20T21:58:36.257550+00:00,200,46003.844,
2026-09-20T21:59:17.687292+00:00,200,4575.211,
2026-09-20T21:57:52.739195+00:00,200,89536.437,
2026-09-20T21:58:24.429213+00:00,200,57848.421,
2026-09-20T21:59:15.355985+00:00,200,6923.638,
2026-09-20T21:58:01.311994+00:00,200,80981.029,
2026-09-20T21:58:59.651850+00:00,200,22643.007,
2026-09-20T21:59:13.857855+00:00,200,8453.572,
2026-09-20T21:59:18.248700+00:00,200,4077.443,
2026-09-20T21:57:50.870064+00:00,200,91478.127,
2026-09-20T21:58:33.924512+00:00,200,48431.505,
2026-09-20T21:58:38.512980+00:00,200,43851.187,
2026-09-20T21:58:56.163352+00:00,200,26208.254,
2026-09-20T21:59:14.995661+00:00,200,7406.783,
2026-09-20T21:59:00.726905+00:00,200,21688.454,
2026-09-20T21:59:16.671363+00:00,200,5759.251,
2026-09-20T21:59:04.079355+00:00,200,18360.341,
2026-09-20T21:59:18.403292+00:00,200,4040.644,
2026-09-20T21:58:53.544858+00:00,200,28915.895,
2026-09-20T21:57:36.896861+00:00,200,105581.318,
2026-09-20T21:59:01.043795+00:00,200,21440.734,
2026-09-20T21:58:56.986720+00:00,200,25522.24,
2026-09-20T21:58:11.567229+00:00,200,70943.114,
2026-09-20T21:59:15.921517+00:00,200,6589.644,
2026-09-20T21:57:52.546447+00:00,200,89989.274,
2026-09-20T21:59:09.057510+00:00,200,13501.493,
2026-09-20T21:58:34.261650+00:00,200,48303.622,
2026-09-20T21:58:58.875694+00:00,200,23705.531,
2026-09-20T21:58:50.182979+00:00,200,32402.967,
2026-09-20T21:58:53.050128+00:00,200,29538.261,
2026-09-20T21:59:15.775178+00:00,200,6820.75,
2026-09-20T21:58:37.411471+00:00,200,45186.134,
2026-09-20T21:59:04.576622+00:00,200,18032.952,
2026-09-20T21:58:36.707283+00:00,200,45925.541,
2026-09-20T21:58:35.397870+00:00,200,47244.321,
2026-09-20T21:58:32.103420+00:00,200,50540.106,
2026-09-20T21:59:02.631447+00:00,200,20032.846,
2026-09-20T21:59:16.565621+00:00,200,6102.326,
2026-09-20T21:59:20.322998+00:00,200,2362.783,
2026-09-20T21:58:28.031210+00:00,200,54676.752,
2026-09-20T21:59:20.716685+00:00,200,2033.873,
2026-09-20T21:58:48.360823+00:00,200,34398.811,
2026-09-20T21:59:22.508815+00:00,200,274.417,
2026-09-20T21:59:03.767378+00:00,200,19020.664,
2026-09-20T21:58:43.063332+00:00,200,39736.384,
2026-09-20T21:59:20.299214+00:00,200,2509.529,
2026-09-20T21:59:12.559605+00:00,200,10250.719,
2026-09-20T21:59:08.456833+00:00,200,14358.681,
2026-09-20T21:59:18.750737+00:00,200,4077.638,
2026-09-20T21:58:52.143873+00:00,200,30693.276,
2026-09-20T21:59:18.251199+00:00,200,4587.727,
2026-09-20T21:59:00.861208+00:00,200,21994.812,
2026-09-20T21:59:02.355207+00:00,200,20502.214,
2026-09-20T21:58:31.956366+00:00,200,50910.003,
2026-09-20T21:59:07.676893+00:00,200,15199.431,
2026-09-20T21:59:16.463443+00:00,200,6422.811,
2026-09-20T21:58:24.337189+00:00,200,58580.062,
2026-09-20T21:59:04.435927+00:00,200,18492.919,
2026-09-20T21:58:19.541571+00:00,200,63404.746,
2026-09-20T21:59:19.541500+00:00,200,3411.964,
2026-09-20T21:57:29.448612+00:00,200,113508.342,
2026-09-20T21:58:56.945847+00:00,200,26023.876,
2026-09-20T21:58:52.286257+00:00,200,30698.505,
2026-09-20T21:59:18.700432+00:00,200,4286.88,
2026-09-20T21:59:05.752313+00:00,200,17259.859,
2026-09-20T21:59:17.497383+00:00,200,5518.546,
2026-09-20T21:59:19.350374+00:00,200,3669.49,
2026-09-20T21:59:03.154087+00:00,200,19874.004,
2026-09-20T21:59:15.870716+00:00,200,7172.154,
2026-09-20T21:58:44.173069+00:00,200,38871.401,
2026-09-20T21:59:11.864636+00:00,200,11188.861,
2026-09-20T21:59:00.008224+00:00,200,23062.402,
2026-09-20T21:59:19.473495+00:00,200,3603.257,
2026-09-20T21:58:41.127527+00:00,200,41951.69,
2026-09-20T21:58:25.393678+00:00,200,57687.169,
2026-09-20T21:58:54.943416+00:00,200,28138.845,
2026-09-20T21:58:55.985399+00:00,200,27114.116,
2026-09-20T21:58:51.407528+00:00,200,31703.868,
2026-09-20T21:59:03.859735+00:00,200,19277.596,
2026-09-20T21:59:03.702728+00:00,200,19468.841,
2026-09-20T21:58:18.733670+00:00,200,64440.261,
2026-09-20T21:58:58.147630+00:00,200,25036.705,
2026-09-20T21:59:07.387778+00:00,200,15803.207,
2026-09-20T21:59:15.047153+00:00,200,8149.878,
2026-09-20T21:58:54.778103+00:00,200,28444.68,
2026-09-20T21:58:38.916651+00:00,200,44330.371,
2026-09-20T21:59:20.952984+00:00,200,2299.01,
2026-09-20T21:58:35.185824+00:00,200,48071.43,
2026-09-20T21:59:13.240002+00:00,200,10030.867,
2026-09-20T21:58:18.873164+00:00,200,64406.131,
2026-09-20T21:59:11.502525+00:00,200,11803.172,
2026-09-20T21:58:36.629952+00:00,200,46699.902,
2026-09-20T21:58:33.480505+00:00,200,49866.766,
2026-09-20T21:58:33.618175+00:00,200,49730.497,
2026-09-20T21:59:21.077555+00:00,200,2281.822,
2026-09-20T21:59:22.173312+00:00,200,1199.483,
2026-09-20T21:59:20.099465+00:00,200,3280.063,
2026-09-20T21:59:16.158190+00:00,200,7223.583,
2026-09-20T21:58:56.446445+00:00,200,26945.026,
2026-09-20T21:59:19.284445+00:00,200,4114.274,
2026-09-20T21:58:33.336986+00:00,200,50064.309,
2026-09-20T21:58:36.960299+00:00,200,46473.819,
2026-09-20T21:59:12.273695+00:00,200,11204.8,
2026-09-20T21:58:32.838911+00:00,200,50684.958,
2026-09-20T21:59:13.192552+00:00,200,10340.968,
2026-09-20T21:59:17.170841+00:00,200,6377.997,
2026-09-20T21:58:45.967163+00:00,200,37584.622,
2026-09-20T21:58:54.811543+00:00,200,28755.035,
2026-09-20T21:59:00.527898+00:00,200,23071.459,
2026-09-20T21:58:27.514948+00:00,200,56089.631,
2026-09-20T21:59:01.946199+00:00,200,21664.96,
2026-09-20T21:58:39.282938+00:00,200,44339.792,
2026-09-20T21:59:17.657131+00:00,200,5998.443,
2026-09-20T21:58:45.714118+00:00,200,37955.418,
2026-09-20T21:58:59.041764+00:00,200,24648.3,
2026-09-20T21:59:15.506289+00:00,200,8191.859,
2026-09-20T21:59:19.440630+00:00,200,4264.052,
2026-09-20T21:59:11.077857+00:00,200,12634.095,
2026-09-20T21:58:33.657402+00:00,200,50061.134,
2026-09-20T21:57:29.889369+00:00,200,113836.621,
2026-09-20T21:58:30.551312+00:00,200,53183.667,
2026-09-20T21:59:13.863874+00:00,200,9880.297,
2026-09-20T21:59:18.016368+00:00,200,5739.28,
2026-09-20T21:59:23.478432+00:00,200,283.551,
2026-09-20T21:58:52.733970+00:00,200,31037.94,
2026-09-20T21:59:12.859647+00:00,200,10926.774,
2026-09-20T21:58:51.782917+00:00,200,32009.801,
2026-09-20T21:58:00.217890+00:00,200,83577.989,
2026-09-20T21:58:11.484101+00:00,200,72340.305,
2026-09-20T21:59:18.256846+00:00,200,5572.447,
2026-09-20T21:58:58.058113+00:00,200,25783.49,
2026-09-20T21:58:40.685757+00:00,200,43160.26,
2026-09-20T21:58:57.472831+00:00,200,26384.078,
2026-09-20T21:59:09.539470+00:00,200,14332.694,
2026-09-20T21:59:08.291335+00:00,200,15589.927,
2026-09-20T21:59:12.125663+00:00,200,11765.279,
2026-09-20T21:58:54.333624+00:00,200,29558.924,
2026-09-20T21:59:21.699583+00:00,200,2195.676,
2026-09-20T21:57:51.311054+00:00,200,92588.108,
2026-09-20T21:57:46.948076+00:00,200,96971.981,
2026-09-20T21:58:55.416901+00:00,200,28547.033,
2026-09-20T21:58:58.463009+00:00,200,25502.294,
2026-09-20T21:59:18.052750+00:00,200,5916.069,
2026-09-20T21:59:23.711881+00:00,200,270.131,
2026-09-20T21:58:15.816919+00:00,200,68183.704,
2026-09-20T21:59:03.051277+00:00,200,20964.822,
2026-09-20T21:59:08.152282+00:00,200,15877.12,
2026-09-20T21:59:19.540211+00:00,200,4491.679,
2026-09-20T21:58:16.144085+00:00,200,67894.415,
2026-09-20T21:58:56.998941+00:00,200,27042.555,
2026-09-20T21:58:56.584847+00:00,200,27467.209,
2026-09-20T21:59:10.983282+00:00,200,13073.877,
2026-09-20T21:59:06.705549+00:00,200,17352.794,
2026-09-20T21:58:32.055371+00:00,200,52004.32,
2026-09-20T21:59:19.632877+00:00,200,4433.002,
2026-09-20T21:58:49.076251+00:00,200,34992.092,
2026-09-20T21:58:50.831398+00:00,200,33266.211,
2026-09-20T21:58:39.889004+00:00,200,44227.468,
2026-09-20T21:59:07.842303+00:00,200,16288.732,
2026-09-20T21:58:30.308056+00:00,200,53834.543,
2026-09-20T21:59:22.595891+00:00,200,1560.602,
2026-09-20T21:58:01.050038+00:00,200,83110.455,
2026-09-20T21:59:11.532592+00:00,200,12629.912,
2026-09-20T21:59:11.881099+00:00,200,12292.908,
2026-09-20T21:59:07.825138+00:00,200,16361.056,
2026-09-20T21:58:45.485422+00:00,200,38713.148,
2026-09-20T21:59:23.718249+00:00,200,481.929,
2026-09-20T21:59:05.500567+00:00,200,18729.255,
2026-09-20T21:59:20.765939+00:00,200,3465.979,
2026-09-20T21:59:18.268021+00:00,200,5979.949,
2026-09-20T21:59:01.578607+00:00,200,22678.486,
2026-09-20T21:59:13.800467+00:00,200,10471.687,
2026-09-20T21:59:13.312615+00:00,200,10985.082,
2026-09-20T21:58:56.982172+00:00,200,27317.678,
2026-09-20T21:58:06.438929+00:00,200,77862.91,
2026-09-20T21:58:31.100814+00:00,200,53206.383,
2026-09-20T21:59:02.856862+00:00,200,21456.076,
2026-09-20T21:59:20.260594+00:00,200,4072.357,
2026-09-20T21:59:09.487527+00:00,200,14849.806,
2026-09-20T21:58:29.967517+00:00,200,54373.139,
2026-09-20T21:58:28.857250+00:00,200,55507.802,
2026-09-20T21:58:39.059689+00:00,200,45309.673,
2026-09-20T21:59:16.789427+00:00,200,7583.231,
2026-09-20T21:58:52.104685+00:00,200,32269.226,
2026-09-20T21:58:24.925166+00:00,200,59473.434,
2026-09-20T21:59:06.061619+00:00,200,18362.541,
2026-09-20T21:59:06.667967+00:00,200,17760.968,
2026-09-20T21:59:01.156541+00:00,200,23273.839,
2026-09-20T21:58:43.770342+00:00,200,40688.934,
2026-09-20T21:59:22.430583+00:00,200,2058.167,
2026-09-20T21:59:08.268898+00:00,200,16220.933,
2026-09-20T21:59:13.712361+00:00,200,10812.024,
2026-09-20T21:59:15.843089+00:00,200,8685.244,
2026-09-20T21:57:27.189659+00:00,200,117346.205,
2026-09-20T21:59:07.974103+00:00,200,16570.811,
2026-09-20T21:58:15.174594+00:00,200,69374.888,
2026-09-20T21:59:21.142824+00:00,200,3410.095,
2026-09-20T21:59:14.844961+00:00,200,9719.377,
2026-09-20T21:59:03.979282+00:00,200,20589.629,
2026-09-20T21:58:53.021006+00:00,200,31558.272,
2026-09-20T21:59:18.272655+00:00,200,6322.466,
2026-09-20T21:59:00.377564+00:00,200,24222.179,
2026-09-20T21:59:16.196864+00:00,200,8406.715,
2026-09-20T21:58:40.110121+00:00,200,44499.203,
2026-09-20T21:59:11.498611+00:00,200,13113.559,
2026-09-20T21:59:10.468997+00:00,200,14147.743,
2026-09-20T21:58:55.025238+00:00,200,29603.819,
2026-09-20T21:58:55.591667+00:00,200,29040.399,
2026-09-20T21:58:36.790137+00:00,200,47852.325,
2026-09-20T21:59:24.424055+00:00,200,219.625,
2026-09-20T21:59:17.721528+00:00,200,6936.997,
2026-09-20T21:58:26.397888+00:00,200,58268.621,
2026-09-20T21:59:24.459045+00:00,200,218.536,
2026-09-20T21:58:56.370436+00:00,200,28311.153,
2026-09-20T21:57:42.106155+00:00,200,102584.255,
2026-09-20T21:59:18.128147+00:00,200,6567.969,
2026-09-20T21:59:02.529472+00:00,200,22175.271,
2026-09-20T21:58:19.909606+00:00,200,64804.223,
2026-09-20T21:58:56.461178+00:00,200,28264.994,
2026-09-20T21:59:01.122340+00:00,200,23606.143,
2026-09-20T21:58:31.883528+00:00,200,52846.849,
2026-09-20T21:58:43.804897+00:00,200,40935.763,
2026-09-20T21:59:23.348386+00:00,200,1397.781,
2026-09-20T21:59:10.383221+00:00,200,14366.235,
2026-09-20T21:58:55.467608+00:00,200,29283.043,
2026-09-20T21:58:16.491286+00:00,200,68267.055,
2026-09-20T21:59:15.238044+00:00,200,9527.771,
2026-09-20T21:58:58.678993+00:00,200,26115.53,
2026-09-20T21:57:32.927063+00:00,200,111869.98,
2026-09-20T21:58:43.500676+00:00,200,41309.775,
2026-09-20T21:58:35.350740+00:00,200,49474.184,
2026-09-20T21:58:16.438904+00:00,200,68416.834,
2026-09-20T21:59:02.188034+00:00,200,22671.317,
2026-09-20T21:58:29.847274+00:00,200,55015.206,
2026-09-20T21:58:51.019483+00:00,200,33850.551,
2026-09-20T21:59:15.373205+00:00,200,9510.716,
2026-09-20T21:59:12.703335+00:00,200,12192.907,
2026-09-20T21:58:32.187002+00:00,200,52711.054,
2026-09-20T21:59:12.691733+00:00,200,12228.522,
2026-09-20T21:58:47.700684+00:00,200,37220.731,
2026-09-20T21:59:06.184828+00:00,200,18744.183,
2026-09-20T21:57:59.971254+00:00,200,84962.183,
2026-09-20T21:59:23.669318+00:00,200,1280.833,
2026-09-20T21:59:01.879939+00:00,200,23079.1,
2026-09-20T21:59:00.086448+00:00,200,24877.715,
2026-09-20T21:59:20.245734+00:00,200,4730.506,
2026-09-20T21:58:59.647318+00:00,200,25347.367,
2026-09-20T21:59:22.984587+00:00,200,2017.981,
2026-09-20T21:58:32.870017+00:00,200,52143.264,
2026-09-20T21:59:24.065855+00:00,200,953.175,
2026-09-20T21:59:11.060148+00:00,200,13967.481,
2026-09-20T21:58:59.523189+00:00,200,25505.562,
2026-09-20T21:59:18.258223+00:00,200,6781.923,
2026-09-20T21:58:58.246647+00:00,200,26798.493,
2026-09-20T21:59:06.961020+00:00,200,18095.954,
2026-09-20T21:59:14.348766+00:00,200,10714.816,
2026-09-20T21:58:48.393089+00:00,200,36697.377,
2026-09-20T21:59:16.328658+00:00,200,8779.535,
2026-09-20T21:57:55.365185+00:00,200,89744.343,
2026-09-20T21:59:14.852113+00:00,200,10273.769,
2026-09-20T21:58:34.512082+00:00,200,50614.955,
2026-09-20T21:58:53.887839+00:00,200,31240.846,
2026-09-20T21:59:13.384303+00:00,200,11746.204,
2026-09-20T21:59:04.706444+00:00,200,20432.936,
2026-09-20T21:59:08.374348+00:00,200,16783.463,
2026-09-20T21:58:27.165158+00:00,200,57999.757,
2026-09-20T21:59:16.076571+00:00,200,9115.717,
2026-09-20T21:57:30.093898+00:00,200,115101.057,
2026-09-20T21:59:14.546897+00:00,200,10653.57,
2026-09-20T21:58:18.002810+00:00,200,67202.056,
2026-09-20T21:59:15.245759+00:00,200,9961.674,
2026-09-20T21:58:19.454474+00:00,200,65756.849,
2026-09-20T21:59:22.311380+00:00,200,2903.165,
2026-09-20T21:58:32.952862+00:00,200,52268.178,
2026-09-20T21:59:16.562153+00:00,200,8663.319,
2026-09-20T21:58:33.899556+00:00,200,51330.278,
2026-09-20T21:59:18.107113+00:00,200,7135.34,
2026-09-20T21:59:14.778150+00:00,200,10484.336,
2026-09-20T21:58:42.381133+00:00,200,42889.455,
2026-09-20T21:59:19.303186+00:00,200,5975.795,
2026-09-20T21:59:18.979713+00:00,200,6304.665,
2026-09-20T21:58:49.802303+00:00,200,35486.498,
2026-09-20T21:59:25.108145+00:00,200,218.934,
2026-09-20T21:59:17.488571+00:00,200,7839.415,
2026-09-20T21:59:20.090690+00:00,200,5244.952,
2026-09-20T21:58:09.761070+00:00,200,75580.531,
2026-09-20T21:59:25.126747+00:00,200,218.456,
2026-09-20T21:58:03.641797+00:00,200,81704.855,
2026-09-20T21:59:25.157716+00:00,200,200.742,
2026-09-20T21:59:03.944766+00:00,200,21414.814,
2026-09-20T21:59:07.859263+00:00,200,17504.37,
2026-09-20T21:59:17.099241+00:00,200,8265.464,
2026-09-20T21:59:01.998616+00:00,200,23371.151,
2026-09-20T21:59:21.654954+00:00,200,3729.482,
2026-09-20T21:58:36.933493+00:00,200,48467.5,
2026-09-20T21:58:47.578808+00:00,200,37829.362,
2026-09-20T21:59:19.947506+00:00,200,5469.845,
2026-09-20T21:58:09.278967+00:00,200,76139.849,
2026-09-20T21:58:59.985161+00:00,200,25434.448,
2026-09-20T21:58:41.217189+00:00,200,44204.725,
2026-09-20T21:59:12.676187+00:00,200,12746.695,
2026-09-20T21:59:16.973326+00:00,200,8459.393,
2026-09-20T21:59:20.787509+00:00,200,4674.068,
2026-09-20T21:58:40.816443+00:00,200,44660.662,
2026-09-20T21:59:17.954104+00:00,200,7537.091,
2026-09-20T21:58:13.997462+00:00,200,71500.754,
2026-09-20T21:59:00.570607+00:00,200,24930.526,
2026-09-20T21:59:17.950943+00:00,200,7554.453,
2026-09-20T21:59:22.886219+00:00,200,2626.368,
2026-09-20T21:58:29.856422+00:00,200,55661.438,
2026-09-20T21:59:14.963283+00:00,200,10567.384,
2026-09-20T21:59:21.436316+00:00,200,4122.311,
2026-09-20T21:58:48.575215+00:00,200,36985.126,
2026-09-20T21:58:16.952080+00:00,200,68619.665,
2026-09-20T21:59:25.327080+00:00,200,245.363,
2026-09-20T21:59:07.360850+00:00,200,18224.895,
2026-09-20T21:59:17.518540+00:00,200,8077.829,
2026-09-20T21:58:52.159382+00:00,200,33438.178,
2026-09-20T21:57:58.166738+00:00,200,87442.812,
2026-09-20T21:58:53.029814+00:00,200,32583.165,
2026-09-20T21:59:14.082962+00:00,200,11557.592,
2026-09-20T21:59:25.417322+00:00,200,230.197,
2026-09-20T21:58:56.837101+00:00,200,28824.115,
2026-09-20T21:59:17.766379+00:00,200,7897.193,
2026-09-20T21:59:14.226722+00:00,200,11437.996,
2026-09-20T21:59:12.845907+00:00,200,12821.659,
2026-09-20T21:59:02.000877+00:00,200,23679.46,
2026-09-20T21:59:20.050017+00:00,200,5650.684,
2026-09-20T21:58:33.866000+00:00,200,51858.509,
2026-09-20T21:58:47.813065+00:00,200,37917.736,
2026-09-20T21:59:00.958127+00:00,200,24786.919,
2026-09-20T21:59:04.763139+00:00,200,21000.026,
2026-09-20T21:59:18.629787+00:00,200,7135.575,
2026-09-20T21:59:14.410756+00:00,200,11358.123,
2026-09-20T21:59:15.714779+00:00,200,10061.122,
2026-09-20T21:59:24.528285+00:00,200,1250.555,
2026-09-20T21:59:24.332929+00:00,200,1456.288,
2026-09-20T21:58:59.262183+00:00,200,26544.903,
2026-09-20T21:59:23.689925+00:00,200,2118.366,
2026-09-20T21:59:03.651915+00:00,200,22159.674,
2026-09-20T21:58:31.799934+00:00,200,54014.737,
2026-09-20T21:59:19.485227+00:00,200,6338.167,
2026-09-20T21:59:00.643108+00:00,200,25186.025,
2026-09-20T21:58:37.910506+00:00,200,47920.274,
2026-09-20T21:58:37.752560+00:00,200,48083.627,
2026-09-20T21:59:08.748234+00:00,200,17097.415,
2026-09-20T21:59:20.232457+00:00,200,5616.657,
2026-09-20T21:58:16.727584+00:00,200,69126.824,
2026-09-20T21:58:53.642722+00:00,200,32216.77,
2026-09-20T21:59:14.193776+00:00,200,11681.871,
2026-09-20T21:59:09.401700+00:00,200,16476.061,
2026-09-20T21:59:21.160735+00:00,200,4718.858,
2026-09-20T21:58:18.158495+00:00,200,67740.648,
2026-09-20T21:59:02.173927+00:00,200,23731.092,
2026-09-20T21:59:19.036256+00:00,200,6870.353,
2026-09-20T21:57:59.312650+00:00,200,86614.089,
2026-09-20T21:59:22.535202+00:00,200,3401.583,
2026-09-20T21:59:22.641920+00:00,200,3306.786,
2026-09-20T21:59:21.315455+00:00,200,4635.729,
2026-09-20T21:58:41.062474+00:00,200,44894.017,
2026-09-20T21:58:35.300611+00:00,200,50657.264,
2026-09-20T21:58:59.827351+00:00,200,26143.498,
2026-09-20T21:58:49.489201+00:00,200,36483.404,
2026-09-20T21:58:47.187234+00:00,200,38795.931,
2026-09-20T21:59:25.768816+00:00,200,221.842,
2026-09-20T21:58:38.865501+00:00,200,47140.915,
2026-09-20T21:57:42.830812+00:00,200,103187.854,
2026-09-20T21:59:20.499551+00:00,200,5535.792,
2026-09-20T21:59:21.999410+00:00,200,4050.02,
2026-09-20T21:57:39.779914+00:00,200,106280.663,
2026-09-20T21:59:24.599604+00:00,200,1470.22,
2026-09-20T21:59:23.856758+00:00,200,2222.516,
2026-09-20T21:59:18.830003+00:00,200,7258.749,
2026-09-20T21:58:31.461002+00:00,200,54631.976,
2026-09-20T21:58:51.947632+00:00,200,34149.728,
2026-09-20T21:57:42.513494+00:00,200,103592.463,
2026-09-20T21:59:17.398526+00:00,200,8707.846,
2026-09-20T21:58:28.202507+00:00,200,57918.765,
2026-09-20T21:59:25.700671+00:00,200,422.764,
2026-09-20T21:59:25.164582+00:00,200,962.39,
2026-09-20T21:59:25.926240+00:00,200,202.766,
2026-09-20T21:58:52.582365+00:00,200,33577.472,
2026-09-20T21:59:21.183291+00:00,200,4977.593,
2026-09-20T21:57:33.628894+00:00,200,112536.491,
2026-09-20T21:59:23.698103+00:00,200,2475.15,
2026-09-20T21:58:31.943763+00:00,200,54232.426,
2026-09-20T21:58:34.096701+00:00,200,52084.799,
2026-09-20T21:59:23.548803+00:00,200,2635.469,
2026-09-20T21:57:44.367790+00:00,200,101822.257,
2026-09-20T21:58:31.572646+00:00,200,54623.45,
2026-09-20T21:59:26.006146+00:00,200,203.572,
2026-09-20T21:58:32.328204+00:00,200,53885.508,
2026-09-20T21:58:37.171027+00:00,200,49057.636,
2026-09-20T21:59:01.423507+00:00,200,24813.618,
2026-09-20T21:59:26.035313+00:00,200,206.15,
2026-09-20T21:58:53.777222+00:00,200,32475.684,
2026-09-20T21:58:41.851332+00:00,200,44410.296,
2026-09-20T21:59:12.876417+00:00,200,13386.712,
2026-09-20T21:59:03.397118+00:00,200,22882.184,
2026-09-20T21:59:03.745853+00:00,200,22542.395,
2026-09-20T21:59:12.932835+00:00,200,13357.675,
2026-09-20T21:57:43.941038+00:00,200,102351.67,
2026-09-20T21:59:07.161484+00:00,200,19134.148,
2026-09-20T21:59:16.380972+00:00,200,9920.619,
2026-09-20T21:59:15.994033+00:00,200,10314.817,
2026-09-20T21:59:03.442114+00:00,200,22874.807,
2026-09-20T21:59:19.551997+00:00,200,6805.768,
2026-09-20T21:58:39.274083+00:00,200,47092.735,
2026-09-20T21:59:00.313012+00:00,200,26065.399,
2026-09-20T21:59:22.203057+00:00,200,4177.772,
2026-09-20T21:58:47.204789+00:00,200,39181.075,
2026-09-20T21:59:26.159644+00:00,200,226.91,
2026-09-20T21:59:17.808822+00:00,200,8587.503,
2026-09-20T21:59:02.671684+00:00,200,23725.812,
2026-09-20T21:59:26.173241+00:00,200,230.88,
2026-09-20T21:58:40.147105+00:00,200,46258.816,
2026-09-20T21:59:15.075726+00:00,200,11332.14,
2026-09-20T21:59:05.856619+00:00,200,20552.972,
2026-09-20T21:58:58.955293+00:00,200,27467.035,
2026-09-20T21:59:14.009182+00:00,200,12418.8,
2026-09-20T21:58:57.890292+00:00,200,28560.314,
2026-09-20T21:57:53.720152+00:00,200,92733.901,
2026-09-20T21:59:00.988609+00:00,200,25474.834,
2026-09-20T21:59:01.209069+00:00,200,25281.535,
2026-09-20T21:58:32.524994+00:00,200,53967.154,
2026-09-20T21:58:07.019157+00:00,200,79489.921,
2026-09-20T21:59:14.214354+00:00,200,12305.046,
2026-09-20T21:59:23.196986+00:00,200,3329.534,
2026-09-20T21:59:18.691835+00:00,200,7836.544,
2026-09-20T21:58:14.799518+00:00,200,71736.435,
2026-09-20T21:58:56.365854+00:00,200,30182.424,
2026-09-20T21:59:06.967843+00:00,200,19584.704,
2026-09-20T21:58:32.633113+00:00,200,53937.92,
2026-09-20T21:59:10.973310+00:00,200,15599.304,
2026-09-20T21:59:25.345203+00:00,200,1251.787,
2026-09-20T21:58:34.827500+00:00,200,51783.756,
2026-09-20T21:59:23.044247+00:00,200,3570.732,
2026-09-20T21:58:47.628779+00:00,200,38988.54,
2026-09-20T21:58:39.803040+00:00,200,46818.748,
2026-09-20T21:59:16.516254+00:00,200,10113.865,
2026-09-20T21:57:38.876566+00:00,200,107769.529,
2026-09-20T21:59:15.661855+00:00,200,10987.578,
2026-09-20T21:58:51.010031+00:00,200,35641.951,
2026-09-20T21:59:15.584379+00:00,200,11076.216,
2026-09-20T21:59:07.767477+00:00,200,18897.676,
2026-09-20T21:59:13.637776+00:00,200,13032.97,
2026-09-20T21:59:09.826859+00:00,200,16845.0,
2026-09-20T21:58:09.019398+00:00,200,77658.236,
2026-09-20T21:58:09.439556+00:00,200,77254.132,
2026-09-20T21:59:01.537466+00:00,200,25168.694,
2026-09-20T21:59:22.208484+00:00,200,4499.51,
2026-09-20T21:58:31.173916+00:00,200,55541.385,
2026-09-20T21:59:05.397001+00:00,200,21323.705,
2026-09-20T21:58:47.175173+00:00,200,39562.037,
2026-09-20T21:59:16.982277+00:00,200,9764.427,
2026-09-20T21:58:58.140342+00:00,200,28615.812,
2026-09-20T21:58:32.815025+00:00,200,53948.43,
2026-09-20T21:59:18.532002+00:00,200,8243.994,
2026-09-20T21:57:59.908377+00:00,200,86877.131,
2026-09-20T21:59:24.068143+00:00,200,2746.452,
2026-09-20T21:59:26.596985+00:00,200,220.596,
2026-09-20T21:58:29.639652+00:00,200,57186.609,
2026-09-20T21:59:26.614961+00:00,200,219.41,
2026-09-20T21:59:14.356501+00:00,200,12497.906,
2026-09-20T21:59:10.775668+00:00,200,16081.313,
2026-09-20T21:58:58.628615+00:00,200,28232.909,
2026-09-20T21:59:16.254198+00:00,200,10610.875,
2026-09-20T21:57:42.683688+00:00,200,104193.004,
2026-09-20T21:58:32.532115+00:00,200,54347.461,
2026-09-20T21:59:08.626013+00:00,200,18256.583,
2026-09-20T21:59:03.575061+00:00,200,23311.029,
2026-09-20T21:57:52.638099+00:00,200,94251.077,
2026-09-20T21:59:23.771734+00:00,200,3118.888,
2026-09-20T21:59:23.892380+00:00,200,3002.779,
2026-09-20T21:59:00.044353+00:00,200,26861.178,
2026-09-20T21:59:17.412072+00:00,200,9501.278,
2026-09-20T21:58:16.675940+00:00,200,70250.364,
2026-09-20T21:59:22.558928+00:00,200,4371.278,
2026-09-20T21:59:17.739041+00:00,200,9208.067,
2026-09-20T21:59:14.196267+00:00,200,12754.837,
2026-09-20T21:59:22.102406+00:00,200,4849.414,
2026-09-20T21:59:04.460377+00:00,200,22501.768,
2026-09-20T21:59:17.016787+00:00,200,9964.1,
2026-09-20T21:58:55.516072+00:00,200,31467.774,
2026-09-20T21:59:24.231900+00:00,200,2756.759,
2026-09-20T21:58:29.869320+00:00,200,57120.445,
2026-09-20T21:58:54.639708+00:00,200,32364.67,
2026-09-20T21:59:05.285104+00:00,200,21723.433,
2026-09-20T21:59:25.364661+00:00,200,1651.756,
2026-09-20T21:58:30.501203+00:00,200,56519.964,
2026-09-20T21:59:07.303861+00:00,200,19720.059,
2026-09-20T21:58:09.168125+00:00,200,77867.896,
2026-09-20T21:59:14.042357+00:00,200,12994.751,
2026-09-20T21:59:05.685336+00:00,200,21355.408,
2026-09-20T21:58:36.070790+00:00,200,50999.033,
2026-09-20T21:58:37.962977+00:00,200,49111.115,
2026-09-20T21:58:29.928842+00:00,200,57174.394,
2026-09-20T21:59:08.979196+00:00,200,18124.582,
2026-09-20T21:59:08.165234+00:00,200,18939.414,
2026-09-20T21:58:34.392606+00:00,200,52719.72,
2026-09-20T21:59:23.761984+00:00,200,3356.021,
2026-09-20T21:59:02.054947+00:00,200,25069.428,
2026-09-20T21:59:21.261210+00:00,200,5885.38,
2026-09-20T21:59:21.704464+00:00,200,5459.669,
2026-09-20T21:59:25.763046+00:00,200,1407.664,
2026-09-20T21:59:15.460978+00:00,200,11716.845,
2026-09-20T21:59:17.393190+00:00,200,9787.475,
2026-09-20T21:57:48.329124+00:00,200,98856.743,
2026-09-20T21:58:47.192551+00:00,200,40005.095,
2026-09-20T21:58:33.634505+00:00,200,53568.733,
2026-09-20T21:59:26.947057+00:00,200,269.446,
2026-09-20T21:58:29.162580+00:00,200,58059.785,
2026-09-20T21:59:25.284346+00:00,200,1939.925,
2026-09-20T21:59:23.401007+00:00,200,3837.207,
2026-09-20T21:59:13.151094+00:00,200,14098.099,
2026-09-20T21:59:17.682210+00:00,200,9570.715,
2026-09-20T21:58:36.768104+00:00,200,50525.412,
2026-09-20T21:58:17.866474+00:00,200,69428.819,
2026-09-20T21:58:25.806949+00:00,200,61489.455,
2026-09-20T21:58:58.316802+00:00,200,28980.605,
2026-09-20T21:59:06.628235+00:00,200,20687.847,
2026-09-20T21:59:21.397036+00:00,200,5922.886,
2026-09-20T21:58:54.892601+00:00,200,32465.282,
2026-09-20T21:58:38.690347+00:00,200,48693.039,
2026-09-20T21:59:24.958907+00:00,200,2431.777,
2026-09-20T21:57:59.815990+00:00,200,87576.77,
2026-09-20T21:58:29.161238+00:00,200,58232.522,
2026-09-20T21:59:18.584260+00:00,200,8824.041,
2026-09-20T21:59:19.741932+00:00,200,7671.584,
2026-09-20T21:58:46.732767+00:00,200,40690.732,
2026-09-20T21:59:12.269613+00:00,200,15164.693,
2026-09-20T21:59:17.408067+00:00,200,10028.274,
2026-09-20T21:59:24.642187+00:00,200,2821.744,
2026-09-20T21:59:05.315824+00:00,200,22177.161,
2026-09-20T21:59:17.610641+00:00,200,9888.284,
2026-09-20T21:59:14.397387+00:00,200,13106.319,
2026-09-20T21:59:06.160014+00:00,200,21349.689,
2026-09-20T21:59:17.073021+00:00,200,10438.269,
2026-09-20T21:58:37.560525+00:00,200,49955.041,
2026-09-20T21:58:41.486541+00:00,200,46030.207,
2026-09-20T21:59:25.242414+00:00,200,2275.348,
2026-09-20T21:59:10.989536+00:00,200,16529.623,
2026-09-20T21:59:04.847162+00:00,200,22674.85,
2026-09-20T21:59:17.604308+00:00,200,9948.271,
2026-09-20T21:58:48.573580+00:00,200,38990.772,
2026-09-20T21:58:52.302394+00:00,200,35284.363,
2026-09-20T21:58:44.569203+00:00,200,43018.779,
2026-09-20T21:58:57.127955+00:00,200,30461.162,
2026-09-20T21:59:25.775844+00:00,200,1823.35,
2026-09-20T21:59:24.301391+00:00,200,3299.179,
2026-09-20T21:58:18.412727+00:00,200,69204.703,
2026-09-20T21:58:55.875903+00:00,200,31757.938,
2026-09-20T21:58:34.267213+00:00,200,53377.584,
2026-09-20T21:57:57.285452+00:00,200,90368.944,
2026-09-20T21:59:27.293226+00:00,200,381.045,
2026-09-20T21:59:14.889999+00:00,200,12794.285,
2026-09-20T21:58:54.777113+00:00,200,32918.325,
2026-09-20T21:58:28.874459+00:00,200,58830.461,
2026-09-20T21:58:15.910099+00:00,200,71801.302,
2026-09-20T21:58:37.070756+00:00,200,50654.533,
2026-09-20T21:59:16.782233+00:00,200,10956.472,
2026-09-20T21:59:15.061339+00:00,200,12678.969,
2026-09-20T21:58:48.727166+00:00,200,39015.012,
2026-09-20T21:59:10.098429+00:00,200,17645.322,
2026-09-20T21:58:40.150647+00:00,200,47595.077,
2026-09-20T21:59:25.262428+00:00,200,2484.854,
2026-09-20T21:58:47.182894+00:00,200,40566.544,
2026-09-20T21:58:37.602414+00:00,200,50154.723,
2026-09-20T21:58:18.958735+00:00,200,68811.857,
2026-09-20T21:58:56.678228+00:00,200,31110.795,
2026-09-20T21:59:13.616514+00:00,200,14174.388,
2026-09-20T21:59:26.526503+00:00,200,1266.342,
2026-09-20T21:59:23.898628+00:00,200,3896.342,
2026-09-20T21:59:21.617545+00:00,200,6179.531,
2026-09-20T21:59:23.099361+00:00,200,4728.656,
2026-09-20T21:59:19.763477+00:00,200,8072.754,
2026-09-20T21:58:38.023043+00:00,200,49817.724,
2026-09-20T21:59:22.145906+00:00,200,5696.832,
2026-09-20T21:58:59.778811+00:00,200,28068.238,
2026-09-20T21:59:19.445278+00:00,200,8443.157,
2026-09-20T21:57:43.039977+00:00,200,104851.313,
2026-09-20T21:58:53.934828+00:00,200,33958.411,
2026-09-20T21:59:03.286963+00:00,200,24652.13,
2026-09-20T21:58:33.380337+00:00,200,54561.358,
2026-09-20T21:59:03.552438+00:00,200,24391.463,
2026-09-20T21:59:15.348711+00:00,200,12597.615,
2026-09-20T21:59:13.104555+00:00,200,14844.295,
2026-09-20T21:59:20.513829+00:00,200,7437.527,
2026-09-20T21:59:03.959323+00:00,200,24038.346,
2026-09-20T21:59:23.919498+00:00,200,4084.622,
2026-09-20T21:59:13.220102+00:00,200,14786.866,
2026-09-20T21:58:27.877637+00:00,200,60140.399,
2026-09-20T21:59:27.503632+00:00,200,531.609,
2026-09-20T21:59:21.658750+00:00,200,6379.336,
2026-09-20T21:59:09.189768+00:00,200,18866.575,
2026-09-20T21:59:01.774801+00:00,200,26288.731,
2026-09-20T21:58:31.407521+00:00,200,56680.145,
2026-09-20T21:59:23.222621+00:00,200,4877.06,
2026-09-20T21:58:57.566691+00:00,200,30646.51,
2026-09-20T21:59:16.510389+00:00,200,11721.023,
2026-09-20T21:59:13.236211+00:00,200,15011.0,
2026-09-20T21:59:21.830468+00:00,200,6442.269,
2026-09-20T21:59:22.363915+00:00,200,5958.82,
2026-09-20T21:59:23.070495+00:00,200,5290.569,
2026-09-20T21:58:58.062698+00:00,200,30318.603,
2026-09-20T21:58:54.806629+00:00,200,33596.174,
2026-09-20T21:59:21.650292+00:00,200,6775.547,
2026-09-20T21:59:23.246768+00:00,200,5211.797,
2026-09-20T21:59:26.422172+00:00,200,2040.408,
2026-09-20T21:59:09.981510+00:00,200,18486.59,
2026-09-20T21:57:37.691668+00:00,200,110782.542,
2026-09-20T21:58:26.457329+00:00,200,62019.44,
2026-09-20T21:58:22.479717+00:00,200,66012.785,
2026-09-20T21:58:52.629613+00:00,200,35881.538,
2026-09-20T21:59:03.563313+00:00,200,24950.733,
2026-09-20T21:59:16.663805+00:00,200,11881.572,
2026-09-20T21:58:54.776079+00:00,200,33775.133,
2026-09-20T21:59:12.443495+00:00,200,16145.028,
2026-09-20T21:57:27.587946+00:00,200,121005.395,
2026-09-20T21:59:19.169191+00:00,200,9443.199,
2026-09-20T21:58:37.109735+00:00,200,51522.329,
2026-09-20T21:59:14.389060+00:00,200,14272.949,
2026-09-20T21:59:12.940261+00:00,200,15740.73,
2026-09-20T21:59:05.593818+00:00,200,23122.821,
2026-09-20T21:59:19.746336+00:00,200,8982.404,
2026-09-20T21:59:10.458765+00:00,200,18281.02,
2026-09-20T21:58:48.616449+00:00,200,40137.268,
2026-09-20T21:59:07.913490+00:00,200,20844.583,
2026-09-20T21:59:02.946533+00:00,200,25814.533,
2026-09-20T21:59:28.322703+00:00,200,441.235,
2026-09-20T21:59:19.692635+00:00,200,9167.472,
2026-09-20T21:59:19.285620+00:00,200,9582.171,
2026-09-20T21:58:35.307797+00:00,200,53587.116,
2026-09-20T21:59:19.982451+00:00,200,8923.176,
2026-09-20T21:59:01.563597+00:00,200,27347.787,
2026-09-20T21:59:04.940045+00:00,200,23981.445,
2026-09-20T21:58:39.136548+00:00,200,49799.351,
2026-09-20T21:59:26.295524+00:00,200,2669.174,
2026-09-20T21:59:23.895248+00:00,200,5120.223,
2026-09-20T21:58:41.114050+00:00,200,47919.013,
2026-09-20T21:59:27.516486+00:00,200,1533.494,
2026-09-20T21:57:39.807936+00:00,200,109245.391,
2026-09-20T21:59:10.244427+00:00,200,18830.804,
2026-09-20T21:59:03.528203+00:00,200,25565.472,
2026-09-20T21:59:15.470280+00:00,200,13649.589,
2026-09-20T21:59:27.599187+00:00,200,1556.687,
2026-09-20T21:59:12.117707+00:00,200,17075.259,
2026-09-20T21:59:24.796398+00:00,200,4414.965,
2026-09-20T21:59:26.105360+00:00,200,3114.085,
2026-09-20T21:59:20.609919+00:00,200,8642.908,
2026-09-20T21:59:17.242550+00:00,200,12054.909,
2026-09-20T21:59:16.350165+00:00,200,12952.763,
2026-09-20T21:58:55.755213+00:00,200,33579.729,
2026-09-20T21:59:28.860056+00:00,200,494.848,
2026-09-20T21:59:27.197417+00:00,200,2163.634,
2026-09-20T21:59:18.860708+00:00,200,10531.549,
2026-09-20T21:59:24.726011+00:00,200,4670.304,
2026-09-20T21:58:24.619749+00:00,200,64789.308,
2026-09-20T21:58:28.156130+00:00,200,61258.529,
2026-09-20T21:58:58.563266+00:00,200,30877.207,
2026-09-20T21:58:38.731484+00:00,200,50714.821,
2026-09-20T21:59:13.675271+00:00,200,15776.632,
2026-09-20T21:58:36.602057+00:00,200,52853.054,
2026-09-20T21:59:19.858661+00:00,200,9605.133,
2026-09-20T21:59:21.764211+00:00,200,7751.192,
2026-09-20T21:59:21.951875+00:00,200,7567.661,
2026-09-20T21:58:32.465702+00:00,200,57109.876,
2026-09-20T21:59:06.576667+00:00,200,23027.662,
2026-09-20T21:59:12.660772+00:00,200,16946.234,
2026-09-20T21:58:54.601982+00:00,200,35039.527,
2026-09-20T21:59:16.220901+00:00,200,13426.015,
2026-09-20T21:59:07.143666+00:00,200,22526.339,
2026-09-20T21:58:53.657483+00:00,200,36031.742,
2026-09-20T21:59:02.585432+00:00,200,27107.918,
2026-09-20T21:59:02.228593+00:00,200,27472.241,
2026-09-20T21:58:22.394375+00:00,200,67345.614,
2026-09-20T21:58:55.388213+00:00,200,34370.724,
2026-09-20T21:57:54.068514+00:00,200,95699.874,
2026-09-20T21:59:18.626885+00:00,200,11184.575,
2026-09-20T21:58:33.728940+00:00,200,56130.321,
2026-09-20T21:59:20.984055+00:00,200,8889.131,
2026-09-20T21:59:12.307711+00:00,200,17568.209,
2026-09-20T21:58:32.153564+00:00,200,57743.938,
2026-09-20T21:58:30.076738+00:00,200,59825.179,
2026-09-20T21:59:04.688133+00:00,200,25217.811,
2026-09-20T21:59:29.454807+00:00,200,477.443,
2026-09-20T21:58:47.515441+00:00,200,42473.341,
2026-09-20T21:58:33.735468+00:00,200,56260.114,
2026-09-20T21:58:41.500211+00:00,200,48502.723,
2026-09-20T21:58:58.573847+00:00,200,31453.398,
2026-09-20T21:59:13.761081+00:00,200,16280.072,
2026-09-20T21:58:21.923148+00:00,200,68121.295,
2026-09-20T21:59:27.951316+00:00,200,2107.226,
2026-09-20T21:59:23.841456+00:00,200,6230.354,
2026-09-20T21:58:05.846200+00:00,200,84257.688,
2026-09-20T21:59:21.003741+00:00,200,9124.85,
2026-09-20T21:59:21.485823+00:00,200,8682.613,
2026-09-20T21:58:57.716668+00:00,200,32455.092,
2026-09-20T21:58:56.470150+00:00,200,33739.296,
2026-09-20T21:59:16.404649+00:00,200,13818.382,
2026-09-20T21:59:24.794375+00:00,200,5449.188,
2026-09-20T21:57:43.446778+00:00,200,106809.86,
2026-09-20T21:59:24.564284+00:00,200,5699.676,
2026-09-20T21:59:05.348404+00:00,200,24919.969,
2026-09-20T21:59:26.290437+00:00,200,3983.669,
2026-09-20T21:58:39.454820+00:00,200,50899.253,
2026-09-20T21:58:40.615603+00:00,200,49742.678,
2026-09-20T21:59:11.854958+00:00,200,18538.626,
2026-09-20T21:57:53.086091+00:00,200,97316.379,
2026-09-20T21:59:17.943979+00:00,200,12462.322,
2026-09-20T21:58:58.200862+00:00,200,32219.706,
2026-09-20T21:57:29.457627+00:00,200,120967.761,
2026-09-20T21:59:03.435046+00:00,200,26992.678,
2026-09-20T21:59:18.497541+00:00,200,11977.804,
2026-09-20T21:59:13.412164+00:00,200,17070.874,
2026-09-20T21:57:59.626196+00:00,200,90864.621,
2026-09-20T21:58:55.331665+00:00,200,35164.915,
2026-09-20T21:58:53.654729+00:00,200,36884.265,
2026-09-20T21:58:34.329326+00:00,200,56262.321,
2026-09-20T21:58:38.199628+00:00,200,52399.202,
2026-09-20T21:59:15.920512+00:00,200,14828.85,
2026-09-20T21:58:35.549336+00:00,200,55207.492,
2026-09-20T21:59:23.381733+00:00,200,7396.445,
2026-09-20T21:59:21.250535+00:00,200,9533.719,
2026-09-20T21:58:41.691691+00:00,200,49104.733,
2026-09-20T21:58:22.790807+00:00,200,68015.427,
2026-09-20T21:59:25.012981+00:00,200,5809.57,
2026-09-20T21:57:34.165233+00:00,200,116663.942,
2026-09-20T21:58:47.629813+00:00,200,43224.256,
2026-09-20T21:59:01.022980+00:00,200,29847.254,
2026-09-20T21:58:56.224142+00:00,200,34677.482,
2026-09-20T21:58:47.747821+00:00,200,43195.283,
2026-09-20T21:58:23.067592+00:00,200,67883.13,
2026-09-20T21:59:22.168452+00:00,200,8792.415,
2026-09-20T21:58:06.655533+00:00,200,84313.289,
2026-09-20T21:59:11.718723+00:00,200,19256.07,
2026-09-20T21:59:04.521926+00:00,200,26463.5,
2026-09-20T21:59:16.423091+00:00,200,14605.51,
2026-09-20T21:58:53.152964+00:00,200,37890.002,
2026-09-20T21:59:14.870398+00:00,200,16212.321,
2026-09-20T21:59:25.972396+00:00,200,5135.719,
2026-09-20T21:59:19.891015+00:00,200,11232.672,
2026-09-20T21:59:10.850073+00:00,200,20287.285,
2026-09-20T21:59:16.115590+00:00,200,15042.145,
2026-09-20T21:59:17.288512+00:00,200,13896.685,
2026-09-20T21:58:49.094909+00:00,200,42119.75,
2026-09-20T21:58:49.793723+00:00,200,41548.121,
2026-09-20T21:57:58.483973+00:00,200,92866.769,
2026-09-20T21:59:28.272701+00:00,200,3102.117,
2026-09-20T21:59:03.207748+00:00,200,28179.057,
2026-09-20T21:59:24.631899+00:00,200,6772.723,
2026-09-20T21:59:16.599820+00:00,200,14810.628,
2026-09-20T21:59:18.850892+00:00,200,12570.24,
2026-09-20T21:59:22.083941+00:00,200,9347.506,
2026-09-20T21:59:14.293921+00:00,200,17142.291,
2026-09-20T21:58:20.907026+00:00,200,70546.489,
2026-09-20T21:59:25.204479+00:00,200,6306.955,
2026-09-20T21:58:47.101034+00:00,200,44416.517,
2026-09-20T21:59:24.340344+00:00,200,7179.958,
2026-09-20T21:59:06.598357+00:00,200,24961.339,
2026-09-20T21:57:42.749597+00:00,200,108856.128,
2026-09-20T21:59:27.704581+00:00,200,3907.801,
2026-09-20T21:59:12.725686+00:00,200,18903.265,
2026-09-20T21:59:20.192385+00:00,200,11442.509,
2026-09-20T21:58:47.736912+00:00,200,43926.855,
2026-09-20T21:59:11.374670+00:00,200,20310.535,
2026-09-20T21:59:05.822684+00:00,200,25897.55,
2026-09-20T21:59:15.377429+00:00,200,16380.947,
2026-09-20T21:57:23.746268+00:00,200,128032.775,
2026-09-20T21:59:03.498831+00:00,200,28282.589,
2026-09-20T21:58:26.228306+00:00,200,65574.483,
2026-09-20T21:59:29.451814+00:00,200,2362.581,
2026-09-20T21:59:22.759438+00:00,200,9121.089,
2026-09-20T21:58:08.588300+00:00,200,83314.347,
2026-09-20T21:59:07.209317+00:00,200,24698.862,
2026-09-20T21:59:17.618744+00:00,200,14293.776,
2026-09-20T21:59:23.305631+00:00,200,8669.143,
2026-09-20T21:59:18.349678+00:00,200,13642.394,
2026-09-20T21:57:16.515653+00:00,200,135487.28,
2026-09-20T21:59:03.526851+00:00,200,28479.934,
2026-09-20T21:59:23.278925+00:00,200,8757.862,
2026-09-20T21:59:17.714662+00:00,200,14326.568,
2026-09-20T21:58:58.605424+00:00,200,33446.661,
2026-09-20T21:58:50.958773+00:00,200,41096.469,
2026-09-20T21:59:01.055415+00:00,200,31043.993,
2026-09-20T21:59:13.571250+00:00,200,18555.29,
2026-09-20T21:59:22.632561+00:00,200,9559.475,
2026-09-20T21:59:02.076317+00:00,200,30146.828,
2026-09-20T21:58:14.653987+00:00,200,77586.703,
2026-09-20T21:58:24.860098+00:00,200,67388.453,
2026-09-20T21:57:41.894457+00:00,200,110376.258,
2026-09-20T21:59:24.029312+00:00,200,8264.384,
2026-09-20T21:59:30.901426+00:00,200,1411.965,
2026-09-20T21:57:14.976288+00:00,200,137350.288,
2026-09-20T21:58:56.078190+00:00,200,36265.667,
2026-09-20T21:59:31.902168+00:00,200,464.978,
2026-09-20T21:58:56.480076+00:00,200,35890.476,
2026-09-20T21:59:00.846239+00:00,200,31589.106,
2026-09-20T21:59:18.688922+00:00,200,13794.885,
2026-09-20T21:59:18.350558+00:00,200,14136.182,
2026-09-20T21:59:17.713793+00:00,200,14789.492,
2026-09-20T21:59:22.034981+00:00,200,10474.322,
2026-09-20T21:58:10.248607+00:00,200,82265.705,
2026-09-20T21:57:31.951125+00:00,200,120577.785,
2026-09-20T21:59:28.038051+00:00,200,4495.828,
2026-09-20T21:58:39.417160+00:00,200,53156.08,
2026-09-20T21:59:25.497804+00:00,200,7093.748,
2026-09-20T21:59:12.487816+00:00,200,20111.11,
2026-09-20T21:59:26.665046+00:00,200,5963.668,
2026-09-20T21:59:03.860706+00:00,200,28775.188,
2026-09-20T21:59:15.849406+00:00,200,16802.022,
2026-09-20T21:59:04.930058+00:00,200,27742.595,
2026-09-20T21:59:31.410365+00:00,200,1318.053,
2026-09-20T21:59:29.995258+00:00,200,2737.664,
2026-09-20T21:59:25.877669+00:00,200,6884.051,
2026-09-20T21:58:04.318886+00:00,200,88462.656,
2026-09-20T21:59:25.596324+00:00,200,7190.085,
2026-09-20T21:58:37.900185+00:00,200,54900.781,
2026-09-20T21:59:24.897753+00:00,200,7911.961,
2026-09-20T21:58:58.028769+00:00,200,34783.91,
2026-09-20T21:59:26.528336+00:00,200,6290.321,
2026-09-20T21:59:22.402404+00:00,200,10418.77,
2026-09-20T21:58:40.437092+00:00,200,52394.812,
2026-09-20T21:59:28.911227+00:00,200,3922.783,
2026-09-20T21:58:08.173459+00:00,200,84669.978,
2026-09-20T21:58:29.914544+00:00,200,62961.681,
2026-09-20T21:59:04.203921+00:00,200,28674.198,
2026-09-20T21:59:19.797053+00:00,200,13088.259,
2026-09-20T21:59:14.676181+00:00,200,18214.987,
2026-09-20T21:59:01.481500+00:00,200,31426.353,
2026-09-20T21:58:56.899756+00:00,200,36054.281,
2026-09-20T21:59:17.547552+00:00,200,15409.43,
2026-09-20T21:58:35.295914+00:00,200,57673.67,
2026-09-20T21:59:24.765762+00:00,200,8217.65,
2026-09-20T21:58:35.004816+00:00,200,57989.484,
2026-09-20T21:59:27.117989+00:00,200,5877.037,
2026-09-20T21:58:38.705844+00:00,200,54292.046,
2026-09-20T21:58:47.169435+00:00,200,45842.883,
2026-09-20T21:58:08.947920+00:00,200,84072.644,
2026-09-20T21:59:20.305907+00:00,200,12718.275,
2026-09-20T21:59:18.956775+00:00,200,14079.27,
2026-09-20T21:59:26.930182+00:00,200,6126.914,
2026-09-20T21:59:18.713011+00:00,200,14348.536,
2026-09-20T21:59:12.707964+00:00,200,20357.489,
2026-09-20T21:58:57.053089+00:00,200,36021.649,
2026-09-20T21:59:12.203894+00:00,200,20874.822,
2026-09-20T21:58:34.446388+00:00,200,58633.549,
2026-09-20T21:59:08.805772+00:00,200,24275.033,
2026-09-20T21:58:57.755257+00:00,200,35327.21,
2026-09-20T21:59:20.873900+00:00,200,12211.799,
2026-09-20T21:58:58.151365+00:00,200,34935.535,
2026-09-20T21:57:23.513900+00:00,200,129583.618,
2026-09-20T21:58:27.669219+00:00,200,65452.207,
2026-09-20T21:59:00.138366+00:00,200,33000.626,
2026-09-20T21:58:52.192228+00:00,200,40948.836,
2026-09-20T21:58:09.416177+00:00,200,83726.677,
2026-09-20T21:59:17.650711+00:00,200,15497.873,
2026-09-20T21:59:21.697165+00:00,200,11465.513,
2026-09-20T21:59:22.815434+00:00,200,10361.798,
2026-09-20T21:58:16.300964+00:00,200,76885.399,
2026-09-20T21:58:07.993507+00:00,200,85204.376,
2026-09-20T21:59:25.951159+00:00,200,7280.661,
2026-09-20T21:59:13.441907+00:00,200,19799.244,
2026-09-20T21:59:06.907496+00:00,200,26340.753,
2026-09-20T21:59:00.105504+00:00,200,33152.528,
2026-09-20T21:58:58.554736+00:00,200,34708.037,
2026-09-20T21:58:37.323989+00:00,200,55940.61,
2026-09-20T21:59:07.512806+00:00,200,25769.623,
2026-09-20T21:58:20.600274+00:00,200,72684.17,
2026-09-20T21:59:00.459062+00:00,200,32839.855,
2026-09-20T21:59:33.074532+00:00,200,234.742,
2026-09-20T21:59:23.755617+00:00,200,9555.225,
2026-09-20T21:58:25.763853+00:00,200,67557.517,
2026-09-20T21:58:39.906231+00:00,200,53416.727,
2026-09-20T21:59:19.010673+00:00,200,14315.973,
2026-09-20T21:58:30.707424+00:00,200,62622.871,
2026-09-20T21:58:21.023319+00:00,200,72316.784,
2026-09-20T21:58:40.630793+00:00,200,52711.883,
2026-09-20T21:59:15.619735+00:00,200,17723.91,
2026-09-20T21:59:22.460587+00:00,200,10885.508,
2026-09-20T21:59:11.268679+00:00,200,22082.01,
2026-09-20T21:58:17.741793+00:00,200,75626.195,
2026-09-20T21:58:19.410609+00:00,200,73970.629,
2026-09-20T21:58:01.746937+00:00,200,91640.65,
2026-09-20T21:59:33.185921+00:00,200,203.524,
2026-09-20T21:59:12.498302+00:00,200,20892.96,
2026-09-20T21:59:04.536072+00:00,200,28858.411,
2026-09-20T21:59:19.760562+00:00,200,13646.054,
2026-09-20T21:59:24.297636+00:00,200,9127.649,
2026-09-20T21:58:59.408205+00:00,200,34022.501,
2026-09-20T21:59:24.603533+00:00,200,8832.676,
2026-09-20T21:59:20.846248+00:00,200,12597.676,
2026-09-20T21:58:13.124580+00:00,200,80321.263,
2026-09-20T21:59:02.863635+00:00,200,30591.652,
2026-09-20T21:58:14.568320+00:00,200,78891.957,
2026-09-20T21:59:25.419464+00:00,200,8042.057,
2026-09-20T21:59:20.063115+00:00,200,13406.471,
2026-09-20T21:58:45.090638+00:00,200,48413.033,
2026-09-20T21:59:13.440295+00:00,200,20066.518,
2026-09-20T21:59:19.748294+00:00,200,13763.44,
2026-09-20T21:59:27.023808+00:00,200,6495.384,
2026-09-20T21:58:40.847857+00:00,200,52678.344,
2026-09-20T21:59:33.298730+00:00,200,229.312,
2026-09-20T21:59:01.453530+00:00,200,32078.813,
2026-09-20T21:57:29.758184+00:00,200,123777.544,
2026-09-20T21:59:15.326216+00:00,200,18222.661,
2026-09-20T21:58:49.027083+00:00,200,44530.341,
2026-09-20T21:59:16.540933+00:00,200,17020.767,
2026-09-20T21:59:17.056895+00:00,200,16512.902,
2026-09-20T21:59:21.843626+00:00,200,11740.541,
2026-09-20T21:59:22.838902+00:00,200,10751.458,
2026-09-20T21:58:29.931164+00:00,200,63662.788,
2026-09-20T21:58:33.022205+00:00,200,60575.975,
2026-09-20T21:59:25.359458+00:00,200,8249.698,
2026-09-20T21:57:39.966918+00:00,200,113647.209,
2026-09-20T21:59:02.819139+00:00,200,30797.801,
2026-09-20T21:59:21.404209+00:00,200,12231.951,
2026-09-20T21:59:28.760918+00:00,200,4888.696,
2026-09-20T21:58:24.024790+00:00,200,69654.259,
2026-09-20T21:58:22.324872+00:00,200,71358.343,
2026-09-20T21:59:27.890686+00:00,200,5806.175,
2026-09-20T21:59:31.123625+00:00,200,2594.487,
2026-09-20T21:59:01.164942+00:00,200,32561.321,
2026-09-20T21:59:10.665902+00:00,200,23075.287,
2026-09-20T21:59:16.912590+00:00,200,16830.527,
2026-09-20T21:59:09.388259+00:00,200,24356.343,
2026-09-20T21:59:18.438282+00:00,200,15310.684,
2026-09-20T21:59:14.177348+00:00,200,19589.724,
2026-09-20T21:59:33.367553+00:00,200,411.015,
2026-09-20T21:58:38.970642+00:00,200,54815.362,
2026-09-20T21:59:28.753488+00:00,200,5034.168,
2026-09-20T21:59:23.551571+00:00,200,10248.296,
2026-09-20T21:58:40.411202+00:00,200,53390.056,
2026-09-20T21:58:17.537712+00:00,200,76265.801,
2026-09-20T21:59:22.439592+00:00,200,11364.801,
2026-09-20T21:58:22.198320+00:00,200,71617.153,
2026-09-20T21:58:40.849224+00:00,200,52967.45,
2026-09-20T21:58:49.317812+00:00,200,44500.598,
2026-09-20T21:59:22.707648+00:00,200,11131.049,
2026-09-20T21:58:51.849704+00:00,200,41992.582,
2026-09-20T21:59:03.091500+00:00,200,30754.615,
2026-09-20T21:58:21.992808+00:00,200,71865.309,
2026-09-20T21:58:40.312749+00:00,200,53551.643,
2026-09-20T21:59:00.679544+00:00,200,33186.659,
2026-09-20T21:59:11.306211+00:00,200,22561.586,
2026-09-20T21:59:05.280936+00:00,200,28588.622,
2026-09-20T21:58:39.667889+00:00,200,54205.4,
2026-09-20T21:59:32.781032+00:00,200,1103.597,
2026-09-20T21:59:22.279585+00:00,200,11620.697,
2026-09-20T21:59:26.241464+00:00,200,7662.266,
2026-09-20T21:59:17.480691+00:00,200,16425.913,
2026-09-20T21:59:04.698385+00:00,200,29222.816,
2026-09-20T21:59:16.229802+00:00,200,17696.752,
2026-09-20T21:59:33.741061+00:00,200,192.938,
2026-09-20T21:59:04.095540+00:00,200,29841.616,
2026-09-20T21:59:05.353132+00:00,200,28590.554,
2026-09-20T21:59:00.424004+00:00,200,33531.887,
2026-09-20T21:59:25.432672+00:00,200,8552.785,
2026-09-20T21:58:39.423208+00:00,200,54566.708,
2026-09-20T21:58:57.893859+00:00,200,36097.94,
2026-09-20T21:59:04.324683+00:00,200,29672.842,
2026-09-20T21:59:33.085630+00:00,200,931.051,
2026-09-20T21:59:18.120128+00:00,200,15898.073,
2026-09-20T21:59:16.980179+00:00,200,17045.126,
2026-09-20T21:58:06.821491+00:00,200,87206.693,
2026-09-20T21:59:27.294894+00:00,200,6734.472,
2026-09-20T21:59:03.568351+00:00,200,30464.059,
2026-09-20T21:58:15.241345+00:00,200,78794.209,
2026-09-20T21:59:24.681428+00:00,200,9356.633,
2026-09-20T21:59:24.643682+00:00,200,9399.759,
2026-09-20T21:58:53.399940+00:00,200,40657.826,
2026-09-20T21:59:20.435889+00:00,200,13626.337,
2026-09-20T21:58:16.040600+00:00,200,78033.912,
2026-09-20T21:59:17.816017+00:00,200,16260.392,
2026-09-20T21:59:18.376651+00:00,200,15706.175,
2026-09-20T21:59:33.162613+00:00,200,940.782,
2026-09-20T21:58:02.455450+00:00,200,91649.184,
2026-09-20T21:58:51.575367+00:00,200,42531.323,
2026-09-20T21:59:16.161492+00:00,200,17953.344,
2026-09-20T21:58:24.465951+00:00,200,69650.439,
2026-09-20T21:59:02.212958+00:00,200,31909.099,
2026-09-20T21:59:15.279799+00:00,200,18848.422,
2026-09-20T21:59:27.069530+00:00,200,7071.651,
2026-09-20T21:59:32.983367+00:00,200,1168.297,
2026-09-20T21:59:24.488740+00:00,200,9664.15,
2026-09-20T21:58:51.121537+00:00,200,43040.463,
2026-09-20T21:59:32.877955+00:00,200,1308.509,
2026-09-20T21:58:46.292704+00:00,200,47902.53,
2026-09-20T21:58:29.845102+00:00,200,64358.078,
2026-09-20T21:59:11.848863+00:00,200,22356.254,
2026-09-20T21:58:58.738402+00:00,200,35480.058,
2026-09-20T21:59:04.325864+00:00,200,29911.392,
2026-09-20T21:59:04.010599+00:00,200,30229.658,
2026-09-20T21:59:34.074066+00:00,200,198.743,
2026-09-20T21:58:53.334338+00:00,200,40939.447,
2026-09-20T21:59:18.760878+00:00,200,15513.953,
2026-09-20T21:59:12.351499+00:00,200,21932.712,
2026-09-20T21:59:28.757956+00:00,200,5535.925,
2026-09-20T21:59:27.202930+00:00,200,7091.77,
2026-09-20T21:59:10.324318+00:00,200,23976.401,
2026-09-20T21:58:55.651749+00:00,200,38659.922,
2026-09-20T21:59:34.103392+00:00,200,226.574,
2026-09-20T21:59:13.479373+00:00,200,20852.414,
2026-09-20T21:59:25.358458+00:00,200,8977.077,
2026-09-20T21:58:28.727680+00:00,200,65618.827,
2026-09-20T21:59:03.739520+00:00,200,30612.977,
2026-09-20T21:59:33.339687+00:00,200,1036.182,
2026-09-20T21:59:18.888796+00:00,200,15490.918,
2026-09-20T21:58:24.233278+00:00,200,70163.764,
2026-09-20T21:58:30.571171+00:00,200,63828.814,
2026-09-20T21:58:52.367066+00:00,200,42042.787,
2026-09-20T21:59:03.058028+00:00,200,31386.51,
2026-09-20T21:59:34.186459+00:00,200,259.635,
2026-09-20T21:59:25.229540+00:00,200,9222.209,
2026-09-20T21:58:53.824974+00:00,200,40631.15,
2026-09-20T21:59:15.958798+00:00,200,18499.161,
2026-09-20T21:59:24.544820+00:00,200,9914.721,
2026-09-20T21:57:31.206648+00:00,200,123255.733,
2026-09-20T21:59:33.326566+00:00,200,1150.743,
2026-09-20T21:58:32.864232+00:00,200,61618.391,
2026-09-20T21:59:34.237085+00:00,200,247.283,
2026-09-20T21:59:16.045131+00:00,200,18447.638,
2026-09-20T21:59:33.743021+00:00,200,758.925,
2026-09-20T21:58:35.513005+00:00,200,59000.071,
2026-09-20T21:59:34.293851+00:00,200,223.694,
2026-09-20T21:57:34.819411+00:00,200,119715.484,
2026-09-20T21:58:28.702502+00:00,200,65838.674,
2026-09-20T21:59:33.678648+00:00,200,876.321,
2026-09-20T21:59:32.833989+00:00,200,1726.693,
2026-09-20T21:59:34.329967+00:00,200,235.913,
2026-09-20T21:57:32.160690+00:00,200,122424.308,
2026-09-20T21:59:16.317384+00:00,200,18270.266,
2026-09-20T21:59:21.412559+00:00,200,13193.851,
2026-09-20T21:59:19.772173+00:00,200,14852.212,
2026-09-20T21:59:16.575804+00:00,200,18072.865,
2026-09-20T21:59:16.611608+00:00,200,18041.561,
2026-09-20T21:59:03.531410+00:00,200,31125.255,
2026-09-20T21:59:14.780638+00:00,200,19886.181,
2026-09-20T21:59:25.220740+00:00,200,9461.603,
2026-09-20T21:58:24.310555+00:00,200,70377.463,
2026-09-20T21:59:14.005951+00:00,200,20695.484,
2026-09-20T21:58:30.602213+00:00,200,64125.213,
2026-09-20T21:59:11.800418+00:00,200,22932.299,
2026-09-20T21:58:02.450953+00:00,200,92283.008,
2026-09-20T21:58:55.413610+00:00,200,39324.588,
2026-09-20T21:58:55.367743+00:00,200,39383.992,
2026-09-20T21:59:17.700650+00:00,200,17058.517,
2026-09-20T21:59:31.436115+00:00,200,3341.439,
2026-09-20T21:59:26.126968+00:00,200,8651.46,
2026-09-20T21:59:06.549510+00:00,200,28230.777,
2026-09-20T21:59:28.476412+00:00,200,6304.69,
2026-09-20T21:57:52.398913+00:00,200,102385.174,
2026-09-20T21:59:16.841474+00:00,200,17947.832,
2026-09-20T21:59:25.512574+00:00,200,9290.428,
2026-09-20T21:59:00.321686+00:00,200,34492.734,
2026-09-20T21:59:16.740044+00:00,200,18076.842,
2026-09-20T21:58:21.441447+00:00,200,73381.29,
2026-09-20T21:59:12.547156+00:00,200,22283.263,
2026-09-20T21:59:33.346035+00:00,200,1498.569,
2026-09-20T21:58:33.653875+00:00,200,61202.803,
2026-09-20T21:59:26.736983+00:00,200,8128.31,
2026-09-20T21:59:12.866125+00:00,200,22003.141,
2026-09-20T21:59:08.464697+00:00,200,26421.535,
2026-09-20T21:59:13.264333+00:00,200,21634.598,
2026-09-20T21:59:18.848172+00:00,200,16055.467,
2026-09-20T21:59:32.325785+00:00,200,2578.74,
2026-09-20T21:59:33.869395+00:00,200,1036.143,
2026-09-20T21:59:11.667856+00:00,200,23251.237,
2026-09-20T21:59:18.029106+00:00,200,16898.37,
2026-09-20T21:59:24.173938+00:00,200,10754.493,
2026-09-20T21:59:20.995887+00:00,200,13933.621,
2026-09-20T21:58:22.368918+00:00,200,72561.993,
2026-09-20T21:58:36.652589+00:00,200,58279.383,
2026-09-20T21:59:24.757949+00:00,200,10174.981,
2026-09-20T21:59:06.059116+00:00,200,28875.152,
2026-09-20T21:58:17.885030+00:00,200,77059.859,
2026-09-20T21:59:14.997193+00:00,200,19964.305,
2026-09-20T21:57:54.497491+00:00,200,100465.83,
2026-09-20T21:59:26.649371+00:00,200,8314.829,
2026-09-20T21:58:37.658788+00:00,200,57307.212,
2026-09-20T21:59:17.462401+00:00,200,17506.846,
2026-09-20T21:59:16.680173+00:00,200,18317.878,
2026-09-20T21:59:16.049583+00:00,200,18950.085,
2026-09-20T21:59:27.888388+00:00,200,7112.93,
2026-09-20T21:58:44.041289+00:00,200,50961.986,
2026-09-20T21:58:31.338471+00:00,200,63666.616,
2026-09-20T21:58:41.204315+00:00,200,53802.546,
2026-09-20T21:59:26.463298+00:00,200,8545.167,
2026-09-20T21:59:16.086237+00:00,200,18959.865,
2026-09-20T21:58:19.284458+00:00,200,75763.906,
2026-09-20T21:58:42.107199+00:00,200,52943.003,
2026-09-20T21:59:12.894988+00:00,200,22157.052,
2026-09-20T21:59:22.564994+00:00,200,12529.325,
2026-09-20T21:58:58.629731+00:00,200,36506.609,
2026-09-20T21:58:51.050397+00:00,200,44130.607,
2026-09-20T21:58:56.532212+00:00,200,38650.907,
2026-09-20T21:58:49.667117+00:00,200,45518.318,
2026-09-20T21:59:16.081184+00:00,200,19106.393,
2026-09-20T21:59:19.351725+00:00,200,15838.211,
2026-09-20T21:57:35.835563+00:00,200,119357.394,
2026-09-20T21:59:17.017755+00:00,200,18227.957,
2026-09-20T21:59:19.579565+00:00,200,15668.573,
2026-09-20T21:59:28.545310+00:00,200,6705.244,
2026-09-20T21:59:27.423265+00:00,200,7829.859,
2026-09-20T21:59:11.789369+00:00,200,23466.439,
2026-09-20T21:58:35.025687+00:00,200,60232.916,
2026-09-20T21:58:46.078506+00:00,200,49182.681,
2026-09-20T21:58:47.633754+00:00,200,47630.207,
2026-09-20T21:59:31.028518+00:00,200,4238.022,
2026-09-20T21:58:58.819217+00:00,200,36450.414,
2026-09-20T21:59:22.969574+00:00,200,12302.833,
2026-09-20T21:58:32.393348+00:00,200,62910.229,
2026-09-20T21:58:55.399887+00:00,200,39937.83,
2026-09-20T21:59:29.858939+00:00,200,5481.657,
2026-09-20T21:59:18.269152+00:00,200,17074.693,
2026-09-20T21:58:07.711931+00:00,200,87651.844,
2026-09-20T21:59:34.682291+00:00,200,718.933,
2026-09-20T21:58:53.761653+00:00,200,41651.161,
2026-09-20T21:59:15.225767+00:00,200,20247.067,
2026-09-20T21:59:33.310789+00:00,200,2173.04,
2026-09-20T21:59:33.322651+00:00,200,2164.38,
2026-09-20T21:58:55.073687+00:00,200,40421.824,
2026-09-20T21:58:57.460399+00:00,200,38086.932,
2026-09-20T21:59:16.421568+00:00,200,19130.87,
2026-09-20T21:59:34.886082+00:00,200,671.479,
2026-09-20T21:59:18.589453+00:00,200,16985.841,
2026-09-20T21:57:43.021446+00:00,200,112585.703,
2026-09-20T21:59:26.357729+00:00,200,9263.303,
2026-09-20T21:58:37.726085+00:00,200,57916.778,
2026-09-20T21:58:00.100122+00:00,200,95581.18,
2026-09-20T21:59:30.041061+00:00,200,5655.343,
2026-09-20T21:59:26.630062+00:00,200,9092.899,
2026-09-20T21:59:28.492122+00:00,200,7257.724,
2026-09-20T21:59:09.187111+00:00,200,26568.065,
2026-09-20T21:59:35.136131+00:00,200,636.435,
2026-09-20T21:58:37.413072+00:00,200,58380.983,
2026-09-20T21:58:52.466525+00:00,200,43344.747,
2026-09-20T21:59:35.245609+00:00,200,664.127,
2026-09-20T21:59:23.082100+00:00,200,12858.41,
2026-09-20T21:58:15.594626+00:00,200,80408.001,
2026-09-20T21:59:26.714982+00:00,200,9299.388,
2026-09-20T21:59:19.074352+00:00,200,16970.934,
2026-09-20T21:58:58.941154+00:00,200,37114.797,
2026-09-20T21:58:54.126772+00:00,200,41938.427,
2026-09-20T21:59:24.612097+00:00,200,11470.854,
2026-09-20T21:58:37.238179+00:00,200,58850.472,
2026-09-20T21:59:35.472719+00:00,200,651.812,
2026-09-20T21:59:14.834372+00:00,200,21321.066,
2026-09-20T21:59:14.779600+00:00,200,21405.262,
2026-09-20T21:59:28.680903+00:00,200,7515.294,
2026-09-20T21:58:30.380340+00:00,200,65823.217,
2026-09-20T21:59:27.846890+00:00,200,8369.162,
2026-09-20T21:59:33.248098+00:00,200,2994.66,
2026-09-20T21:59:33.148497+00:00,200,3115.747,
2026-09-20T21:59:28.551018+00:00,200,7780.959,
2026-09-20T21:59:12.681402+00:00,200,23666.801,
2026-09-20T21:59:13.087002+00:00,200,23302.331,
2026-09-20T21:59:28.728690+00:00,200,7664.132,
2026-09-20T21:59:23.171459+00:00,200,13242.631,
2026-09-20T21:59:31.108087+00:00,200,5345.822,
2026-09-20T21:59:18.265836+00:00,200,18200.439,
2026-09-20T21:59:16.506154+00:00,200,19968.824,
2026-09-20T21:59:24.859222+00:00,200,11630.263,
2026-09-20T21:59:29.302856+00:00,200,7222.999,
2026-09-20T21:59:30.427570+00:00,200,6101.773,
2026-09-20T21:59:16.814052+00:00,200,19724.276,
2026-09-20T21:58:40.491251+00:00,200,56052.677,
2026-09-20T21:59:35.263687+00:00,200,1297.774,
2026-09-20T21:58:56.902040+00:00,200,39794.605,
2026-09-20T21:59:00.508105+00:00,200,36200.624,
2026-09-20T21:59:17.636582+00:00,200,19075.577,
2026-09-20T21:58:58.043622+00:00,200,38712.962,
2026-09-20T21:59:35.487021+00:00,200,1272.944,
2026-09-20T21:59:15.538627+00:00,200,21247.108,
2026-09-20T21:59:04.979314+00:00,200,31834.055,
2026-09-20T21:59:34.331669+00:00,200,2503.234,
2026-09-20T21:59:07.944824+00:00,200,28900.699,
2026-09-20T21:58:53.744331+00:00,200,43149.748,
2026-09-20T21:59:16.473980+00:00,200,20427.037,
2026-09-20T21:59:22.836973+00:00,200,14096.767,
2026-09-20T21:58:52.856548+00:00,200,44104.845,
2026-09-20T21:58:57.580513+00:00,200,39384.452,
2026-09-20T21:59:15.791920+00:00,200,21183.864,
2026-09-20T21:58:41.923246+00:00,200,55056.47,
2026-09-20T21:58:29.718832+00:00,200,67272.362,
2026-09-20T21:58:34.971008+00:00,200,62029.411,
2026-09-20T21:59:29.758740+00:00,200,7249.077,
2026-09-20T21:59:29.463741+00:00,200,7563.366,
2026-09-20T21:59:21.928078+00:00,200,15154.985,
2026-09-20T21:59:14.133889+00:00,200,22970.353,
2026-09-20T21:59:18.491208+00:00,200,18625.461,
2026-09-20T21:59:05.524564+00:00,200,31610.921,
2026-09-20T21:59:24.038110+00:00,200,13175.244,
2026-09-20T21:59:28.513904+00:00,200,8716.393,
2026-09-20T21:59:21.383897+00:00,200,15858.658,
2026-09-20T21:59:05.175944+00:00,200,32077.4,
2026-09-20T21:58:30.336366+00:00,200,66962.017,
2026-09-20T21:59:22.643236+00:00,200,14670.863,
2026-09-20T21:59:03.646257+00:00,200,33689.692,
2026-09-20T21:59:13.273921+00:00,200,24084.781,
2026-09-20T21:58:15.965803+00:00,200,81417.234,
2026-09-20T21:59:21.962903+00:00,200,15437.197,
2026-09-20T21:59:33.748880+00:00,200,3661.52,
2026-09-20T21:58:31.498980+00:00,200,65964.504,
2026-09-20T21:58:55.809236+00:00,200,41662.848,
2026-09-20T21:59:14.278568+00:00,200,23201.151,
2026-09-20T21:58:22.942822+00:00,200,74554.911,
2026-09-20T21:58:59.421608+00:00,200,38095.749,
2026-09-20T21:59:33.079600+00:00,200,4461.183,
2026-09-20T21:58:11.230314+00:00,200,86329.626,
2026-09-20T21:59:32.993967+00:00,200,4594.095,
2026-09-20T21:59:36.975664+00:00,200,638.725,
2026-09-20T21:59:14.553121+00:00,200,23151.245,
2026-09-20T21:59:22.249236+00:00,200,15495.076,
2026-09-20T21:59:31.511399+00:00,200,6261.318,
2026-09-20T21:59:27.383106+00:00,200,10407.565,
2026-09-20T21:58:25.387660+00:00,200,72419.418,
2026-09-20T21:59:11.919512+00:00,200,25899.959,
2026-09-20T21:58:00.250440+00:00,200,97658.879,
2026-09-20T21:59:34.733433+00:00,200,3226.803,
2026-09-20T21:59:23.027978+00:00,200,14986.04,
2026-09-20T21:57:41.663267+00:00,200,116381.106,
2026-09-20T21:58:02.761546+00:00,200,95286.276,
2026-09-20T21:59:33.197392+00:00,200,4853.815,
2026-09-20T21:58:21.730021+00:00,200,76323.386,
2026-09-20T21:58:34.814633+00:00,200,63245.695,
2026-09-20T21:59:19.048353+00:00,200,19041.089,
2026-09-20T21:59:36.196155+00:00,200,1904.239,
2026-09-20T21:59:37.588038+00:00,200,561.295,
2026-09-20T21:58:57.644088+00:00,200,40507.346,
2026-09-20T21:59:21.856916+00:00,200,16299.678,
2026-09-20T21:59:08.734588+00:00,200,29448.468,
2026-09-20T21:59:34.759072+00:00,200,3469.421,
2026-09-20T21:57:43.175328+00:00,200,115060.826,
2026-09-20T21:59:26.706017+00:00,200,11603.404,
2026-09-20T21:58:30.794901+00:00,200,67520.147,
2026-09-20T21:59:22.277301+00:00,200,16039.268,
2026-09-20T21:59:10.391105+00:00,200,27938.327,
2026-09-20T21:59:15.762226+00:00,200,22581.466,
2026-09-20T21:58:17.140757+00:00,200,81210.551,
2026-09-20T21:59:16.998636+00:00,200,21367.815,
2026-09-20T21:59:04.208999+00:00,200,34176.618,
2026-09-20T21:59:27.252874+00:00,200,11166.986,
2026-09-20T21:59:27.124233+00:00,200,11345.143,
2026-09-20T21:58:35.978562+00:00,200,62504.877,
2026-09-20T21:59:16.688405+00:00,200,21804.083,
2026-09-20T21:59:24.524326+00:00,200,14012.584,
2026-09-20T21:59:29.297391+00:00,200,9248.313,
2026-09-20T21:59:27.653876+00:00,200,10919.475,
2026-09-20T21:59:30.357996+00:00,200,8233.345,
2026-09-20T21:59:19.414645+00:00,200,19231.992,
2026-09-20T21:58:30.256552+00:00,200,68411.293,
2026-09-20T21:58:37.716892+00:00,200,60958.327,
2026-09-20T21:59:18.729664+00:00,200,19961.474,
2026-09-20T21:59:25.571350+00:00,200,13176.123,
2026-09-20T21:59:18.877643+00:00,200,19878.577,
2026-09-20T21:59:22.953446+00:00,200,15816.786,
2026-09-20T21:58:29.447671+00:00,200,69337.028,
2026-09-20T21:59:34.656487+00:00,200,4138.761,
2026-09-20T21:59:25.327943+00:00,200,13472.726,
2026-09-20T21:58:59.829587+00:00,200,39029.718,
2026-09-20T21:59:10.492374+00:00,200,28381.807,
2026-09-20T21:59:04.896626+00:00,200,33992.309,
2026-09-20T21:59:35.051915+00:00,200,3880.791,
2026-09-20T21:59:20.568038+00:00,200,18372.195,
2026-09-20T21:59:35.940438+00:00,200,3014.617,
2026-09-20T21:58:24.016797+00:00,200,74968.278,
2026-09-20T21:59:18.857965+00:00,200,20160.386,
2026-09-20T21:59:11.057632+00:00,200,27978.796,
2026-09-20T21:59:13.546865+00:00,200,25510.161,
2026-09-20T21:58:30.821830+00:00,200,68282.619,
2026-09-20T21:58:56.723380+00:00,200,42389.887,
2026-09-20T21:59:34.477305+00:00,200,4689.579,
2026-09-20T21:59:30.482942+00:00,200,8710.973,
2026-09-20T21:58:35.453741+00:00,200,63754.948,
2026-09-20T21:59:15.485338+00:00,200,23728.364,
2026-09-20T21:59:05.223762+00:00,200,33997.236,
2026-09-20T21:59:19.503815+00:00,200,19735.584,
2026-09-20T21:59:27.674273+00:00,200,11602.875,
2026-09-20T21:59:06.895473+00:00,200,32390.536,
2026-09-20T21:59:14.589703+00:00,200,24720.803,
2026-09-20T21:59:33.955702+00:00,200,5399.295,
2026-09-20T21:59:37.213280+00:00,200,2150.753,
2026-09-20T21:59:34.375865+00:00,200,5079.649,
2026-09-20T21:59:05.890853+00:00,200,33568.35,
2026-09-20T21:59:35.189847+00:00,200,4298.419,
2026-09-20T21:59:15.160857+00:00,200,24333.453,
2026-09-20T21:59:36.543606+00:00,200,2962.068,
2026-09-20T21:59:15.795535+00:00,200,23721.843,
2026-09-20T21:59:18.413060+00:00,200,21139.615,
2026-09-20T21:59:26.160857+00:00,200,13393.648,
2026-09-20T21:59:33.569703+00:00,200,6021.115,
2026-09-20T21:59:35.180751+00:00,200,4436.829,
2026-09-20T21:59:20.805479+00:00,200,18829.223,
2026-09-20T21:59:17.529613+00:00,200,22164.267,
2026-09-20T21:59:04.297549+00:00,200,35447.277,
2026-09-20T21:59:28.087340+00:00,200,11676.427,
2026-09-20T21:59:35.557562+00:00,200,4238.628,
2026-09-20T21:58:30.906921+00:00,200,68931.872,
2026-09-20T21:59:16.437314+00:00,200,23463.709,
2026-09-20T21:59:04.792443+00:00,200,35122.254,
2026-09-20T21:59:01.648418+00:00,200,38302.862,
2026-09-20T21:59:30.044051+00:00,200,9928.474,
2026-09-20T21:59:02.952377+00:00,200,37027.896,
2026-09-20T21:59:15.531485+00:00,200,24477.936,
2026-09-20T21:59:11.346256+00:00,200,28682.775,
2026-09-20T21:59:26.175877+00:00,200,13859.926,
2026-09-20T21:58:52.590179+00:00,200,47449.484,
2026-09-20T21:58:59.379334+00:00,200,40704.704,
2026-09-20T21:58:16.067109+00:00,200,84019.113,
2026-09-20T21:57:32.874560+00:00,200,127223.506,
2026-09-20T21:59:28.588432+00:00,200,11515.131,
2026-09-20T21:59:23.523578+00:00,200,16625.459,
2026-09-20T21:59:00.211126+00:00,200,39944.664,
2026-09-20T21:58:59.793364+00:00,200,40385.78,
2026-09-20T21:58:35.033390+00:00,200,65148.763,
2026-09-20T21:58:32.896666+00:00,200,67291.919,
2026-09-20T21:58:31.503691+00:00,200,68685.822,
2026-09-20T21:59:26.450442+00:00,200,13768.867,
2026-09-20T21:59:03.656744+00:00,200,36602.829,
2026-09-20T21:59:34.928371+00:00,200,5342.509,
2026-09-20T21:59:02.418775+00:00,200,37869.416,
2026-09-20T21:58:48.278101+00:00,200,52013.203,
2026-09-20T21:58:54.434488+00:00,200,45861.438,
2026-09-20T21:59:32.800652+00:00,200,7502.767,
2026-09-20T21:59:08.715826+00:00,200,31591.658,
2026-09-20T21:59:33.845939+00:00,200,6473.967,
2026-09-20T21:58:41.124659+00:00,200,59207.693,
2026-09-20T21:58:07.110916+00:00,200,93239.388,
2026-09-20T21:58:06.205881+00:00,200,94146.389,
2026-09-20T21:59:08.097119+00:00,200,32256.855,
2026-09-20T21:58:50.998489+00:00,200,49361.422,
2026-09-20T21:58:48.288061+00:00,200,52094.96,
2026-09-20T21:59:25.461552+00:00,200,14925.238,
2026-09-20T21:59:27.297242+00:00,200,13097.977,
2026-09-20T21:59:15.917355+00:00,200,24487.996,
2026-09-20T21:59:24.372616+00:00,200,16033.979,
2026-09-20T21:59:12.054356+00:00,200,28359.234,
2026-09-20T21:58:55.867243+00:00,200,44547.689,
2026-09-20T21:59:11.174425+00:00,200,29243.222,
2026-09-20T21:59:12.830071+00:00,200,27590.947,
2026-09-20T21:59:22.581091+00:00,200,17840.319,
2026-09-20T21:59:11.660599+00:00,200,28763.828,
2026-09-20T21:59:25.730585+00:00,200,14696.164,
2026-09-20T21:59:33.557169+00:00,200,6878.645,
2026-09-20T21:58:37.978319+00:00,200,62478.031,
2026-09-20T21:59:11.562386+00:00,200,28895.204,
2026-09-20T21:59:24.430247+00:00,200,16033.643,
2026-09-20T21:58:27.301322+00:00,200,73171.046,
2026-09-20T21:57:44.002268+00:00,200,116477.893,
2026-09-20T21:59:16.365365+00:00,200,24118.85,
2026-09-20T21:59:20.932436+00:00,200,19553.377,
2026-09-20T21:59:14.271315+00:00,200,26229.752,
2026-09-20T21:59:20.930363+00:00,200,19572.979,
2026-09-20T21:57:37.301431+00:00,200,123209.641,
2026-09-20T21:59:36.348069+00:00,200,4165.361,
2026-09-20T21:59:16.171414+00:00,200,24344.513,
2026-09-20T21:58:58.045795+00:00,200,42472.764,
2026-09-20T21:59:11.754833+00:00,200,28803.339,
2026-09-20T21:58:13.130118+00:00,200,87430.952,
2026-09-20T21:58:12.820503+00:00,200,87743.387,
2026-09-20T21:58:23.480513+00:00,200,77084.07,
2026-09-20T21:59:24.059392+00:00,200,16525.935,
2026-09-20T21:59:12.592643+00:00,200,28011.841,
2026-09-20T21:59:36.712051+00:00,200,3901.198,
2026-09-20T21:59:22.185909+00:00,200,18429.067,
2026-09-20T21:58:24.390490+00:00,200,76225.202,
2026-09-20T21:59:04.913493+00:00,200,35742.769,
2026-09-20T21:59:21.074842+00:00,200,19594.472,
2026-09-20T21:59:24.549083+00:00,200,16127.574,
2026-09-20T21:59:27.146558+00:00,200,13550.819,
2026-09-20T21:57:40.999657+00:00,200,119705.709,
2026-09-20T21:58:12.520539+00:00,200,88187.321,
2026-09-20T21:59:17.998802+00:00,200,22716.961,
2026-09-20T21:59:32.821116+00:00,200,7908.627,
2026-09-20T21:59:06.352456+00:00,200,34381.86,
2026-09-20T21:59:04.811572+00:00,200,35933.227,
2026-09-20T21:59:35.909736+00:00,200,4838.61,
2026-09-20T21:59:32.126435+00:00,200,8628.592,
2026-09-20T21:59:14.919539+00:00,200,25847.409,
2026-09-20T21:59:34.311449+00:00,200,6457.889,
2026-09-20T21:57:53.854746+00:00,200,106922.647,
2026-09-20T21:58:35.907086+00:00,200,64874.965,
2026-09-20T21:59:05.061343+00:00,200,35720.941,
2026-09-20T21:59:09.839225+00:00,200,30943.923,
2026-09-20T21:59:16.938154+00:00,200,23873.15,
2026-09-20T21:59:20.539260+00:00,200,20278.331,
2026-09-20T21:59:33.012054+00:00,200,7805.865,
2026-09-20T21:59:19.121006+00:00,200,21705.89,
2026-09-20T21:59:27.180611+00:00,200,13653.363,
2026-09-20T21:59:22.167174+00:00,200,18668.306,
2026-09-20T21:58:33.176692+00:00,200,67663.018,
2026-09-20T21:59:01.842957+00:00,200,38999.218,
2026-09-20T21:59:25.956233+00:00,200,14890.483,
2026-09-20T21:58:56.781401+00:00,200,44070.519,
2026-09-20T21:59:14.709806+00:00,200,26152.459,
2026-09-20T21:57:42.306411+00:00,200,118558.046,
2026-09-20T21:58:47.641199+00:00,200,53228.059,
2026-09-20T21:58:06.486313+00:00,200,94394.929,
2026-09-20T21:59:22.261131+00:00,200,18632.235,
2026-09-20T21:59:16.748017+00:00,200,24150.155,
2026-09-20T21:59:34.944445+00:00,200,5960.942,
2026-09-20T21:59:15.860738+00:00,200,25057.379,
2026-09-20T21:59:26.572526+00:00,200,14346.772,
2026-09-20T21:59:27.842707+00:00,200,13087.928,
2026-09-20T21:57:41.681442+00:00,200,119257.442,
2026-09-20T21:59:07.985136+00:00,200,32961.258,
2026-09-20T21:58:40.067884+00:00,200,60885.696,
2026-09-20T21:58:59.342720+00:00,200,41612.597,
2026-09-20T21:58:50.694192+00:00,200,50274.514,
2026-09-20T21:58:49.084842+00:00,200,51884.307,
2026-09-20T21:59:36.088314+00:00,200,4902.593,
2026-09-20T21:59:12.432907+00:00,200,28567.613,
2026-09-20T21:59:37.335757+00:00,200,3673.587,
2026-09-20T21:59:32.006623+00:00,200,9024.0,
2026-09-20T21:58:55.589850+00:00,200,45459.092,
2026-09-20T21:58:36.542502+00:00,200,64533.949,
2026-09-20T21:59:25.808281+00:00,200,15270.616,
2026-09-20T21:59:22.275116+00:00,200,18804.663,
2026-09-20T21:59:13.836801+00:00,200,27260.933,
2026-09-20T21:59:00.234792+00:00,200,40863.845,
2026-09-20T21:58:48.299890+00:00,200,52816.075,
2026-09-20T21:59:17.434981+00:00,200,23685.896,
2026-09-20T21:59:01.983611+00:00,200,39147.445,
2026-09-20T21:58:27.510654+00:00,200,73638.941,
2026-09-20T21:57:56.035686+00:00,200,105119.839,
2026-09-20T21:58:48.376202+00:00,200,52784.116,
2026-09-20T21:59:26.164737+00:00,200,15003.548,
2026-09-20T21:59:01.471777+00:00,200,39707.568,
2026-09-20T21:59:25.056871+00:00,200,16122.738,
2026-09-20T21:59:19.316517+00:00,200,21875.177,
2026-09-20T21:59:08.105586+00:00,200,33092.497,
2026-09-20T21:59:17.755556+00:00,200,23445.152,
2026-09-20T21:59:06.090316+00:00,200,35119.226,
2026-09-20T21:59:34.152837+00:00,200,7065.294,
2026-09-20T21:59:11.071220+00:00,200,30158.313,
2026-09-20T21:59:23.655541+00:00,200,17575.208,
2026-09-20T21:59:25.422811+00:00,200,15808.361,
2026-09-20T21:58:31.749615+00:00,200,69492.694,
2026-09-20T21:57:37.006329+00:00,200,124241.599,
2026-09-20T21:58:41.060139+00:00,200,60188.215,
2026-09-20T21:59:26.610958+00:00,200,14640.038,
2026-09-20T21:57:35.711867+00:00,200,125562.045,
2026-09-20T21:59:33.718100+00:00,200,7561.808,
2026-09-20T21:58:58.683141+00:00,200,42610.668,
2026-09-20T21:59:14.853099+00:00,200,26455.297,
2026-09-20T21:59:30.749279+00:00,200,10560.276,
2026-09-20T21:59:29.873137+00:00,200,11438.515,
2026-09-20T21:59:10.788350+00:00,200,30529.778,
2026-09-20T21:59:34.814222+00:00,200,6517.364,
2026-09-20T21:59:16.567068+00:00,200,24771.444,
2026-09-20T21:59:14.047129+00:00,200,27305.784,
2026-09-20T21:58:58.874578+00:00,200,42481.073,
2026-09-20T21:58:37.974679+00:00,200,63383.987,
2026-09-20T21:57:52.207616+00:00,200,109164.867,
2026-09-20T21:59:13.468461+00:00,200,27920.149,
2026-09-20T21:58:26.857750+00:00,200,74531.88,
2026-09-20T21:58:17.293516+00:00,200,84100.708,
2026-09-20T21:59:34.929429+00:00,200,6484.64,
2026-09-20T21:59:02.970600+00:00,200,38445.421,
2026-09-20T21:58:40.075467+00:00,200,61361.817,
2026-09-20T21:59:17.537675+00:00,200,23902.009,
2026-09-20T21:59:24.162435+00:00,200,17279.187,
2026-09-20T21:59:36.785614+00:00,200,4658.652,
2026-09-20T21:58:22.611433+00:00,200,78842.632,
2026-09-20T21:58:57.663626+00:00,200,43802.635,
2026-09-20T21:59:21.418103+00:00,200,20057.727,
2026-09-20T21:59:36.893831+00:00,200,4585.413,
2026-09-20T21:59:33.682805+00:00,200,7811.909,
2026-09-20T21:58:58.601518+00:00,200,42905.343,
2026-09-20T21:58:56.504586+00:00,200,45022.303,
2026-09-20T21:59:22.371456+00:00,200,19158.081,
2026-09-20T21:58:59.621776+00:00,200,41915.887,
2026-09-20T21:59:24.628887+00:00,200,16910.072,
2026-09-20T21:59:24.689818+00:00,200,16856.763,
2026-09-20T21:59:28.462570+00:00,200,13084.331,
2026-09-20T21:58:55.298028+00:00,200,46258.543,
2026-09-20T21:59:29.641308+00:00,200,11919.446,
2026-09-20T21:59:17.800288+00:00,200,23773.136,
2026-09-20T21:59:17.456691+00:00,200,24119.112,
2026-09-20T21:59:29.354904+00:00,200,12228.418,
2026-09-20T21:59:33.284026+00:00,200,8302.821,
2026-09-20T21:59:33.593586+00:00,200,7994.233,
2026-09-20T21:59:21.219605+00:00,200,20368.615,
2026-09-20T21:58:48.117240+00:00,200,53471.509,
2026-09-20T21:59:18.314620+00:00,200,23279.994,
2026-09-20T21:59:09.471860+00:00,200,32125.566,
2026-09-20T21:59:35.793719+00:00,200,5810.508,
2026-09-20T21:58:16.131787+00:00,200,85473.199,
2026-09-20T21:59:25.128507+00:00,200,16482.628,
2026-09-20T21:58:21.664185+00:00,200,79956.947,
2026-09-20T21:59:08.810033+00:00,200,32824.481,
2026-09-20T21:59:30.401910+00:00,200,11238.244,
2026-09-20T21:59:00.744262+00:00,200,40896.689,
2026-09-20T21:58:35.696739+00:00,200,65949.445,
2026-09-20T21:59:26.366548+00:00,200,15286.043,
2026-09-20T21:59:19.824630+00:00,200,21828.74,
2026-09-20T21:59:12.111701+00:00,200,29544.312,
2026-09-20T21:59:25.609047+00:00,200,16058.036,
2026-09-20T21:59:24.116218+00:00,200,17562.743,
2026-09-20T21:58:57.412204+00:00,200,44289.099,
2026-09-20T21:59:12.539394+00:00,200,29164.82,
2026-09-20T21:59:27.515279+00:00,200,14195.17,
2026-09-20T21:59:20.108177+00:00,200,21604.105,
2026-09-20T21:59:23.968787+00:00,200,17746.228,
2026-09-20T21:59:28.402611+00:00,200,13313.911,
2026-09-20T21:58:57.338121+00:00,200,44378.968,
2026-09-20T21:59:30.853822+00:00,200,10876.01,
2026-09-20T21:59:04.227662+00:00,200,37503.12,
2026-09-20T21:59:11.445871+00:00,200,30292.068,
2026-09-20T21:59:18.255511+00:00,200,23492.83,
2026-09-20T21:58:35.129777+00:00,200,66622.804,
2026-09-20T21:59:13.730351+00:00,200,28028.109,
2026-09-20T21:58:58.210928+00:00,200,43549.453,
2026-09-20T21:58:33.734074+00:00,200,68035.613,
2026-09-20T21:58:35.913880+00:00,200,65868.338,
2026-09-20T21:58:16.127354+00:00,200,85664.95,
2026-09-20T21:59:24.142289+00:00,200,17675.137,
2026-09-20T21:58:28.080507+00:00,200,73740.188,
2026-09-20T21:59:04.716144+00:00,200,37106.342,
2026-09-20T21:59:25.210945+00:00,200,16616.154,
2026-09-20T21:58:50.312436+00:00,200,51519.802,
2026-09-20T21:59:22.477570+00:00,200,19368.911,
2026-09-20T21:59:34.204990+00:00,200,7656.84,
2026-09-20T21:59:19.525766+00:00,200,22338.532,
2026-09-20T21:59:23.744116+00:00,200,18126.761,
2026-09-20T21:59:15.679885+00:00,200,26204.05,
2026-09-20T21:59:21.640274+00:00,200,20243.93,
2026-09-20T21:59:20.078220+00:00,200,21814.843,
2026-09-20T21:59:12.956215+00:00,200,28944.723,
2026-09-20T21:58:35.214201+00:00,200,66687.297,
2026-09-20T21:59:15.312255+00:00,200,26615.701,
2026-09-20T21:59:14.302200+00:00,200,27631.553,
2026-09-20T21:58:36.755048+00:00,200,65179.232,
2026-09-20T21:59:36.759959+00:00,200,5187.206,
2026-09-20T21:59:33.803074+00:00,200,8148.749,
2026-09-20T21:59:02.237854+00:00,200,39720.201,
2026-09-20T21:57:58.453159+00:00,200,103513.502,
2026-09-20T21:59:15.297528+00:00,200,26673.744,
2026-09-20T21:59:20.617670+00:00,200,21354.264,
2026-09-20T21:58:14.110026+00:00,200,87863.026,
2026-09-20T21:59:24.057086+00:00,200,17927.428,
2026-09-20T21:59:17.640772+00:00,200,24347.237,
2026-09-20T21:59:27.035573+00:00,200,14953.922,
2026-09-20T21:58:30.395955+00:00,200,71602.141,
2026-09-20T21:59:14.768111+00:00,200,27233.455,
2026-09-20T21:59:14.880540+00:00,200,27129.94,
2026-09-20T21:59:09.142580+00:00,200,32882.429,
2026-09-20T21:58:06.795654+00:00,200,95232.333,
2026-09-20T21:59:02.187009+00:00,200,39845.7,
2026-09-20T21:59:14.151186+00:00,200,27905.357,
2026-09-20T21:59:28.361036+00:00,200,13695.759,
2026-09-20T21:59:18.612664+00:00,200,23449.323,
2026-09-20T21:59:15.670986+00:00,200,26393.369,
2026-09-20T21:59:26.069818+00:00,200,16001.249,
2026-09-20T21:59:19.462908+00:00,200,22623.269,
2026-09-20T21:59:02.256630+00:00,200,39833.867,
2026-09-20T21:58:57.244379+00:00,200,44859.714,
2026-09-20T21:59:18.534916+00:00,200,23584.904,
2026-09-20T21:59:00.197944+00:00,200,41926.898,
2026-09-20T21:59:37.790614+00:00,200,4338.805,
2026-09-20T21:57:53.486834+00:00,200,108646.595,
2026-09-20T21:59:13.222109+00:00,200,28913.95,
2026-09-20T21:59:37.540760+00:00,200,4595.922,
2026-09-20T21:58:07.726804+00:00,200,94418.602,
2026-09-20T21:58:28.333322+00:00,200,73815.474,
2026-09-20T21:59:05.283647+00:00,200,36884.55,
2026-09-20T21:59:26.092664+00:00,200,16084.09,
2026-09-20T21:59:16.928087+00:00,200,25258.103,
2026-09-20T21:59:14.916258+00:00,200,27274.179,
2026-09-20T21:59:25.139266+00:00,200,17061.493,
2026-09-20T21:57:48.610897+00:00,200,113598.232,
2026-09-20T21:58:13.351816+00:00,200,88858.217,
2026-09-20T21:59:34.161753+00:00,200,8056.573,
2026-09-20T21:58:29.763702+00:00,200,72457.764,
2026-09-20T21:59:04.856140+00:00,200,37367.235,
2026-09-20T21:59:07.882097+00:00,200,34352.647,
2026-09-20T21:59:26.228381+00:00,200,16008.055,
2026-09-20T21:59:07.285306+00:00,200,34955.929,
2026-09-20T21:59:24.156486+00:00,200,18091.167,
2026-09-20T21:59:08.191329+00:00,200,34060.852,
2026-09-20T21:59:26.814580+00:00,200,15438.191,
2026-09-20T21:59:04.600049+00:00,200,37654.342,
2026-09-20T21:59:34.379626+00:00,200,7899.068,
2026-09-20T21:59:01.633457+00:00,200,40647.54,
2026-09-20T21:59:36.389203+00:00,200,5901.624,
2026-09-20T21:59:27.943762+00:00,200,14356.715,
2026-09-20T21:59:33.525898+00:00,200,8774.872,
2026-09-20T21:59:16.921803+00:00,200,25379.418,
2026-09-20T21:59:34.128114+00:00,200,8173.362,
2026-09-20T21:59:06.588437+00:00,200,35716.794,
2026-09-20T21:59:21.327299+00:00,200,20987.913,
2026-09-20T21:59:24.306891+00:00,200,18021.439,
2026-09-20T21:59:16.311322+00:00,200,26032.321,
2026-09-20T21:59:04.089835+00:00,200,38257.847,
2026-09-20T21:59:32.503203+00:00,200,9847.609,
2026-09-20T21:58:58.320254+00:00,200,44037.089,
2026-09-20T21:59:19.167597+00:00,200,23200.176,
2026-09-20T21:59:11.245097+00:00,200,31145.734,
2026-09-20T21:59:17.711097+00:00,200,24682.9,
2026-09-20T21:58:40.186917+00:00,200,62219.398,
2026-09-20T21:59:36.961140+00:00,200,5446.038,
2026-09-20T21:58:31.949647+00:00,200,70463.982,
2026-09-20T21:58:50.434180+00:00,200,52006.522,
2026-09-20T21:59:12.870695+00:00,200,29575.42,
2026-09-20T21:59:33.636092+00:00,200,8820.535,
2026-09-20T21:59:27.390672+00:00,200,15072.204,
2026-09-20T21:59:11.857161+00:00,200,30616.771,
2026-09-20T21:58:57.571952+00:00,200,44908.452,
2026-09-20T21:58:37.252609+00:00,200,65230.274,
2026-09-20T21:59:19.368202+00:00,200,23117.29,
2026-09-20T21:59:35.620984+00:00,200,6865.506,
2026-09-20T21:58:06.619050+00:00,200,95885.035,
2026-09-20T21:59:33.903688+00:00,200,8600.689,
2026-09-20T21:58:40.378347+00:00,200,62126.733,
2026-09-20T21:59:03.728736+00:00,200,38782.239,
2026-09-20T21:59:25.505355+00:00,200,17005.934,
2026-09-20T21:59:10.294914+00:00,200,32217.355,
2026-09-20T21:57:48.803644+00:00,200,113715.677,
2026-09-20T21:59:20.311786+00:00,200,22225.448,
2026-09-20T21:59:10.881669+00:00,200,31660.143,
2026-09-20T21:59:18.993645+00:00,200,23553.096,
2026-09-20T21:58:40.761881+00:00,200,61791.076,
2026-09-20T21:59:11.471785+00:00,200,31086.131,
2026-09-20T21:59:26.378263+00:00,200,16181.229,
2026-09-20T21:59:22.916914+00:00,200,19654.641,
2026-09-20T21:59:20.230276+00:00,200,22364.819,
2026-09-20T21:58:23.342195+00:00,200,79260.834,
2026-09-20T21:59:11.587932+00:00,200,31019.882,
2026-09-20T21:59:35.182897+00:00,200,7432.124,
2026-09-20T21:58:15.088527+00:00,200,87540.564,
2026-09-20T21:59:27.249114+00:00,200,15390.202,
2026-09-20T21:59:33.177175+00:00,200,9467.15,
2026-09-20T21:58:29.335902+00:00,200,73313.612,
2026-09-20T21:57:50.276124+00:00,200,112375.328,
2026-09-20T21:59:33.936985+00:00,200,8722.039,
2026-09-20T21:59:16.722026+00:00,200,25941.723,
2026-09-20T21:58:00.046029+00:00,200,102626.799,
2026-09-20T21:59:27.517751+00:00,200,15175.901,
2026-09-20T21:59:20.950922+00:00,200,21744.967,
2026-09-20T21:59:33.726076+00:00,200,8976.102,
2026-09-20T21:59:05.200277+00:00,200,37524.902,
2026-09-20T21:58:56.393646+00:00,200,46344.493,
2026-09-20T21:58:39.954223+00:00,200,62784.961,
2026-09-20T21:58:32.425469+00:00,200,70316.482,
2026-09-20T21:59:36.529310+00:00,200,6213.299,
2026-09-20T21:59:25.845553+00:00,200,16904.184,
2026-09-20T21:59:35.811024+00:00,200,6945.458,
2026-09-20T21:59:29.700677+00:00,200,13058.511,
2026-09-20T21:59:17.960924+00:00,200,24799.595,
2026-09-20T21:58:37.860086+00:00,200,64901.023,
2026-09-20T21:59:26.288120+00:00,200,16479.135,
2026-09-20T21:58:30.396893+00:00,200,72372.74,
2026-09-20T21:58:26.347667+00:00,200,76433.684,
2026-09-20T21:58:15.386923+00:00,200,87399.718,
2026-09-20T21:59:29.575251+00:00,200,13224.592,
2026-09-20T21:59:00.264911+00:00,200,42542.912,
2026-09-20T21:58:23.024902+00:00,200,79783.435,
2026-09-20T21:59:06.767496+00:00,200,36041.644,
2026-09-20T21:59:26.404122+00:00,200,16406.502,
2026-09-20T21:59:02.492064+00:00,200,40320.312,
2026-09-20T21:58:31.857211+00:00,200,70965.931,
2026-09-20T21:59:17.479943+00:00,200,25343.275,
2026-09-20T21:58:38.389910+00:00,200,64443.578,
2026-09-20T21:59:18.002571+00:00,200,24832.208,
2026-09-20T21:58:40.181500+00:00,200,62656.24,
2026-09-20T21:59:17.664475+00:00,200,25188.836,
2026-09-20T21:59:20.169115+00:00,200,22689.839,
2026-09-20T21:58:47.314340+00:00,200,55565.41,
2026-09-20T21:59:03.770980+00:00,200,39112.112,
2026-09-20T21:59:25.640490+00:00,200,17250.183,
2026-09-20T21:58:33.611718+00:00,200,69283.353,
2026-09-20T21:59:32.435164+00:00,200,10475.964,
2026-09-20T21:59:14.975310+00:00,200,27940.14,
2026-09-20T21:59:29.440296+00:00,200,13475.979,
2026-09-20T21:58:29.412456+00:00,200,73518.598,
2026-09-20T21:59:29.901573+00:00,200,13033.393,
2026-09-20T21:59:11.331198+00:00,200,31624.216,
2026-09-20T21:59:32.572934+00:00,200,10383.82,
2026-09-20T21:59:24.552902+00:00,200,18405.134,
2026-09-20T21:58:33.383086+00:00,200,69604.38,
2026-09-20T21:59:11.568309+00:00,200,31419.209,
2026-09-20T21:59:00.560714+00:00,200,42446.094,
2026-09-20T21:58:23.582119+00:00,200,79452.582,
2026-09-20T21:59:10.270062+00:00,200,32764.707,
2026-09-20T21:59:17.727722+00:00,200,25307.337,
2026-09-20T21:58:31.923734+00:00,200,71115.786,
2026-09-20T21:59:29.414307+00:00,200,13628.464,
2026-09-20T21:59:01.196427+00:00,200,41864.101,
2026-09-20T21:59:14.542095+00:00,200,28533.473,
2026-09-20T21:58:53.714698+00:00,200,49362.127,
2026-09-20T21:58:50.290537+00:00,200,52806.433,
2026-09-20T21:57:30.978647+00:00,200,132123.606,
2026-09-20T21:59:27.840482+00:00,200,15276.894,
2026-09-20T21:59:34.751510+00:00,200,8366.99,
2026-09-20T21:59:30.002655+00:00,200,13117.84,
2026-09-20T21:58:29.670761+00:00,200,73451.368,
2026-09-20T21:58:37.853651+00:00,200,65269.777,
2026-09-20T21:59:36.045190+00:00,200,7081.62,
2026-09-20T21:58:25.390974+00:00,200,77737.669,
2026-09-20T21:59:12.390021+00:00,200,30742.626,
2026-09-20T21:58:53.985634+00:00,200,49148.166,
2026-09-20T21:59:20.041177+00:00,200,23099.964,
2026-09-20T21:58:39.070851+00:00,200,64074.344,
2026-09-20T21:58:27.198864+00:00,200,75974.64,
2026-09-20T21:59:21.795773+00:00,200,21380.878,
2026-09-20T21:59:26.876092+00:00,200,16302.453,
2026-09-20T21:59:20.033103+00:00,200,23148.259,
2026-09-20T21:58:00.055978+00:00,200,103141.225,
2026-09-20T21:59:19.359219+00:00,200,23852.144,
2026-09-20T21:59:21.518652+00:00,200,21696.312,
2026-09-20T21:58:10.115869+00:00,200,93101.987,
2026-09-20T21:59:34.732586+00:00,200,8491.722,
2026-09-20T21:58:59.726187+00:00,200,43528.924,
2026-09-20T21:58:34.443837+00:00,200,68815.442,
2026-09-20T21:58:51.519781+00:00,200,51753.358,
2026-09-20T21:58:16.533434+00:00,200,86758.755,
2026-09-20T21:59:13.642102+00:00,200,29657.992,
2026-09-20T21:59:16.153550+00:00,200,27194.468,
2026-09-20T21:58:23.917937+00:00,200,79436.454,
2026-09-20T21:59:00.436508+00:00,200,42933.559,
2026-09-20T21:59:30.591328+00:00,200,12781.633,
2026-09-20T21:58:42.481239+00:00,200,60905.124,
2026-09-20T21:59:18.394965+00:00,200,24993.439,
2026-09-20T21:59:11.473451+00:00,200,31920.485,
2026-09-20T21:59:14.238493+00:00,200,29176.725,
2026-09-20T21:59:33.985411+00:00,200,9437.141,
2026-09-20T21:59:34.284085+00:00,200,9141.605,
2026-09-20T21:59:13.218702+00:00,200,30213.755,
2026-09-20T21:59:32.591514+00:00,200,10843.532,
2026-09-20T21:58:56.949496+00:00,200,46486.601,
2026-09-20T21:59:10.465888+00:00,200,32980.468,
2026-09-20T21:58:28.119614+00:00,200,75334.382,
2026-09-20T21:59:17.566317+00:00,200,25899.341,
2026-09-20T21:58:40.686958+00:00,200,62802.669,
2026-09-20T21:59:13.948217+00:00,200,29543.863,
2026-09-20T21:59:34.869140+00:00,200,8631.387,
2026-09-20T21:59:09.931916+00:00,200,33578.626,
2026-09-20T21:59:18.548881+00:00,200,24963.653,
2026-09-20T21:58:58.521176+00:00,200,44996.159,
2026-09-20T21:59:22.987290+00:00,200,20535.322,
2026-09-20T21:59:30.406234+00:00,200,13117.458,
2026-09-20T21:59:27.222032+00:00,200,16310.37,
2026-09-20T21:59:17.125606+00:00,200,26407.458,
2026-09-20T21:59:26.427912+00:00,200,17105.729,
2026-09-20T21:59:25.828989+00:00,200,17705.312,
2026-09-20T21:59:35.363270+00:00,200,8193.786,
2026-09-20T21:58:06.663437+00:00,200,96914.589,
2026-09-20T21:59:33.991593+00:00,200,9589.345,
2026-09-20T21:59:25.970701+00:00,200,17610.9,
2026-09-20T21:59:02.109161+00:00,200,41478.9,
2026-09-20T21:59:01.734637+00:00,200,41854.783,
2026-09-20T21:59:32.956896+00:00,200,10652.701,
2026-09-20T21:58:24.407191+00:00,200,79203.445,
2026-09-20T21:59:12.101487+00:00,200,31509.553,
2026-09-20T21:59:20.366244+00:00,200,23245.476,
2026-09-20T21:59:25.044988+00:00,200,18567.436,
2026-09-20T21:59:11.140654+00:00,200,32501.833,
2026-09-20T21:59:34.898807+00:00,200,8744.299,
2026-09-20T21:59:33.590299+00:00,200,10053.611,
2026-09-20T21:59:26.962017+00:00,200,16716.431,
2026-09-20T21:58:54.241966+00:00,200,49437.55,
2026-09-20T21:59:36.055739+00:00,200,7624.408,
2026-09-20T21:59:34.115988+00:00,200,9577.388,
2026-09-20T21:58:55.735420+00:00,200,47979.304,
2026-09-20T21:59:31.663516+00:00,200,12055.105,
2026-09-20T21:58:58.844536+00:00,200,44875.256,
2026-09-20T21:59:13.169894+00:00,200,30550.877,
2026-09-20T21:58:25.345055+00:00,200,78377.017,
2026-09-20T21:58:34.333978+00:00,200,69413.242,
2026-09-20T21:57:36.425635+00:00,200,127339.696,
2026-09-20T21:57:49.087461+00:00,200,114678.852,
2026-09-20T21:58:58.066581+00:00,200,45700.448,
2026-09-20T21:59:31.758284+00:00,200,12009.663,
2026-09-20T21:59:25.560129+00:00,200,18224.647,
2026-09-20T21:58:40.678493+00:00,200,63137.449,
2026-09-20T21:59:19.978645+00:00,200,23838.25,
2026-09-20T21:58:33.006007+00:00,200,70812.38,
2026-09-20T21:59:28.592643+00:00,200,15226.711,
2026-09-20T21:59:26.049412+00:00,200,17771.247,
2026-09-20T21:59:17.821774+00:00,200,26008.727,
2026-09-20T21:59:30.942856+00:00,200,12893.16,
2026-09-20T21:59:32.969253+00:00,200,10904.698,
2026-09-20T21:58:56.736349+00:00,200,47139.177,
2026-09-20T21:59:33.785690+00:00,200,10091.062,
2026-09-20T21:59:06.086441+00:00,200,37816.473,
2026-09-20T21:59:33.838636+00:00,200,10091.781,
2026-09-20T21:58:33.318439+00:00,200,70617.595,
2026-09-20T21:59:29.334749+00:00,200,14602.468,
2026-09-20T21:59:14.627422+00:00,200,29332.428,
2026-09-20T21:59:29.396290+00:00,200,14583.957,
2026-09-20T21:58:55.061677+00:00,200,48928.436,
2026-09-20T21:58:54.245324+00:00,200,49746.451,
2026-09-20T21:58:40.498875+00:00,200,63540.024,
2026-09-20T21:58:20.769809+00:00,200,83278.436,
2026-09-20T21:59:18.852004+00:00,200,25197.436,
2026-09-20T21:58:45.511540+00:00,200,58539.674,
2026-09-20T21:59:33.394319+00:00,200,10658.235,
2026-09-20T21:59:23.792536+00:00,200,20261.739,
2026-09-20T21:59:01.493463+00:00,200,42562.609,
2026-09-20T21:57:55.324188+00:00,200,108733.96,
2026-09-20T21:58:51.952477+00:00,200,52107.117,
2026-09-20T21:59:33.584101+00:00,200,10477.002,
2026-09-20T21:58:33.756651+00:00,200,70374.179,
2026-09-20T21:59:17.463716+00:00,200,26668.629,
2026-09-20T21:58:53.228774+00:00,200,50905.478,
2026-09-20T21:59:17.665318+00:00,200,26470.619,
2026-09-20T21:59:35.260905+00:00,200,8876.773,
2026-09-20T21:58:57.993952+00:00,200,46145.833,
2026-09-20T21:59:33.459823+00:00,200,10681.756,
2026-09-20T21:59:18.573687+00:00,200,25569.92,
2026-09-20T21:58:34.934141+00:00,200,69288.484,
2026-09-20T21:59:33.469511+00:00,200,10754.769,
2026-09-20T21:59:30.960818+00:00,200,13265.525,
2026-09-20T21:59:21.076179+00:00,200,23152.279,
2026-09-20T21:59:37.471845+00:00,200,6758.599,
2026-09-20T21:58:59.968218+00:00,200,44264.542,
2026-09-20T21:59:20.330160+00:00,200,23960.276,
2026-09-20T21:59:03.610763+00:00,200,40711.662,
2026-09-20T21:58:49.898408+00:00,200,54426.296,
2026-09-20T21:58:27.212138+00:00,200,77114.954,
2026-09-20T21:59:02.746878+00:00,200,41582.302,
2026-09-20T21:59:09.710170+00:00,200,34621.234,
2026-09-20T21:59:24.041342+00:00,200,20292.322,
2026-09-20T21:59:16.717399+00:00,200,27618.665,
2026-09-20T21:59:33.989602+00:00,200,10348.747,
2026-09-20T21:59:36.155318+00:00,200,8185.428,
2026-09-20T21:59:20.668455+00:00,200,23674.795,
2026-09-20T21:59:15.027737+00:00,200,29318.041,
2026-09-20T21:59:15.587648+00:00,200,28760.671,
2026-09-20T21:59:29.604198+00:00,200,14759.813,
2026-09-20T21:59:17.788049+00:00,200,26589.13,
2026-09-20T21:59:04.194046+00:00,200,40212.469,
2026-09-20T21:59:12.753355+00:00,200,31658.613,
2026-09-20T21:59:36.392780+00:00,200,8059.999,
2026-09-20T21:57:52.687661+00:00,200,111768.408,
2026-09-20T21:59:18.746773+00:00,200,25711.539,
2026-09-20T21:59:26.181201+00:00,200,18279.915,
2026-09-20T21:59:23.391318+00:00,200,21072.718,
2026-09-20T21:59:11.815239+00:00,200,32651.733,
2026-09-20T21:59:03.712875+00:00,200,40757.071,
2026-09-20T21:59:33.425235+00:00,200,11051.345,
2026-09-20T21:57:41.258874+00:00,200,123233.264,
2026-09-20T21:59:11.175628+00:00,200,33357.42,
2026-09-20T21:59:20.398319+00:00,200,24146.385,
2026-09-20T21:59:00.074690+00:00,200,44523.478,
2026-09-20T21:58:47.342426+00:00,200,57258.765,
2026-09-20T21:59:18.964313+00:00,200,25751.138,
2026-09-20T21:58:36.103710+00:00,200,68677.601,
2026-09-20T21:59:33.816369+00:00,200,10967.652,
2026-09-20T21:59:27.040623+00:00,200,17815.902,
2026-09-20T21:59:23.725334+00:00,200,21233.922,
2026-09-20T21:59:30.968336+00:00,200,14004.886,
2026-09-20T21:59:34.240084+00:00,200,10771.581,
2026-09-20T21:58:31.834899+00:00,200,73182.833,
2026-09-20T21:59:16.492248+00:00,200,28604.23,
2026-09-20T21:59:01.301374+00:00,200,43815.79,
2026-09-20T21:59:35.722910+00:00,200,9402.817,
2026-09-20T21:58:32.213603+00:00,200,72971.541,
2026-09-20T21:59:23.566414+00:00,200,21638.277,
2026-09-20T21:59:19.553908+00:00,200,25715.187,
2026-09-20T21:59:10.190114+00:00,200,35087.387,
2026-09-20T21:58:35.173617+00:00,200,70112.995,
2026-09-20T21:57:42.314575+00:00,200,122977.93,
2026-09-20T21:59:26.854337+00:00,200,18483.024,
2026-09-20T21:58:47.108569+00:00,200,58243.159,
2026-09-20T21:59:37.559443+00:00,200,7806.192,
2026-09-20T21:59:26.189461+00:00,200,19228.265,
2026-09-20T21:59:19.810653+00:00,200,25624.139,
2026-09-20T21:59:34.727057+00:00,200,10786.781,
2026-09-20T21:58:23.129869+00:00,200,82395.555,
2026-09-20T21:58:00.406058+00:00,200,105156.965,
2026-09-20T21:58:57.776015+00:00,200,47865.77,
2026-09-20T21:59:16.837970+00:00,200,28809.491,
2026-09-20T21:59:30.171575+00:00,200,15484.52,
2026-09-20T21:59:24.950146+00:00,200,20714.797,
2026-09-20T21:59:27.492859+00:00,200,18181.72,
2026-09-20T21:59:15.137491+00:00,200,30543.035,
2026-09-20T21:59:02.070165+00:00,200,43680.446,
2026-09-20T21:58:11.921616+00:00,200,93832.296,
2026-09-20T21:58:58.907610+00:00,200,46861.119,
2026-09-20T21:59:14.248846+00:00,200,31615.601,
2026-09-20T21:58:35.983629+00:00,200,69992.518,
2026-09-20T21:59:37.104111+00:00,200,8964.616,
2026-09-20T21:59:32.055006+00:00,200,14020.213,
2026-09-20T21:59:19.560250+00:00,200,26532.876,
2026-09-20T21:59:12.780217+00:00,200,33405.43,
2026-09-20T21:58:59.333825+00:00,200,46857.91,
2026-09-20T21:58:54.622358+00:00,200,51614.115,
2026-09-20T21:59:04.994522+00:00,200,41299.293,
2026-09-20T21:59:13.249364+00:00,200,33062.514,
2026-09-20T21:59:18.538958+00:00,200,27828.618,
2026-09-20T21:59:14.598040+00:00,200,31781.355,
2026-09-20T21:59:07.333852+00:00,200,39085.891,
2026-09-20T21:59:25.214531+00:00,200,21345.401,
2026-09-20T21:59:19.993271+00:00,200,26578.346,
2026-09-20T21:59:33.140829+00:00,200,13451.383,
2026-09-20T21:59:03.848744+00:00,200,42758.479,
2026-09-20T21:59:17.658917+00:00,200,28963.336,
2026-09-20T21:59:03.323786+00:00,200,43301.587,
2026-09-20T21:58:24.050081+00:00,200,82591.058,
2026-09-20T21:59:11.122622+00:00,200,35524.39,
2026-09-20T21:57:30.717153+00:00,200,135956.291,
2026-09-20T21:57:58.494757+00:00,200,108213.021,
2026-09-20T21:59:05.605125+00:00,200,41105.251,
2026-09-20T21:59:26.409474+00:00,200,20316.081,
2026-09-20T21:59:34.446098+00:00,200,12294.684,
2026-09-20T21:58:37.548293+00:00,200,69201.924,
2026-09-20T21:59:14.539057+00:00,200,32295.935,
2026-09-20T21:59:19.448852+00:00,200,27391.978,
2026-09-20T21:59:33.900217+00:00,200,12976.368,
2026-09-20T21:59:34.856326+00:00,200,12088.42,
2026-09-20T21:59:05.442065+00:00,200,41511.469,
2026-09-20T21:59:22.855894+00:00,200,24184.948,
2026-09-20T21:59:18.926036+00:00,200,28117.863,
2026-09-20T21:59:21.527553+00:00,200,25548.804,
2026-09-20T21:58:27.166864+00:00,200,80012.805,
2026-09-20T21:58:59.027721+00:00,200,48177.866,
2026-09-20T21:59:05.395070+00:00,200,41900.632,
2026-09-20T21:59:32.907674+00:00,200,14498.125,
2026-09-20T21:59:12.923447+00:00,200,34491.162,
2026-09-20T21:58:34.430305+00:00,200,72999.131,
2026-09-20T21:59:36.466171+00:00,200,10989.768,
2026-09-20T21:58:35.942817+00:00,200,71572.629,
2026-09-20T21:58:25.565214+00:00,200,82015.453,
2026-09-20T21:59:19.466725+00:00,200,28140.289,
2026-09-20T21:59:05.969792+00:00,200,41640.241,
2026-09-20T21:58:59.306601+00:00,200,48346.597,
2026-09-20T21:59:31.974725+00:00,200,15767.551,
2026-09-20T21:59:01.738255+00:00,200,46010.524,
2026-09-20T21:59:34.218257+00:00,200,13536.662,
2026-09-20T21:58:34.206024+00:00,200,73565.39,
2026-09-20T21:59:31.431395+00:00,200,16386.067,
2026-09-20T21:59:33.815060+00:00,200,14025.761,
2026-09-20T21:59:03.603341+00:00,200,44258.454,
2026-09-20T21:59:05.173867+00:00,200,42739.803,
2026-09-20T21:58:36.064646+00:00,200,71874.716,
2026-09-20T21:59:22.013165+00:00,200,25932.795,
2026-09-20T21:59:06.852081+00:00,200,41119.901,
2026-09-20T21:57:40.764963+00:00,200,127233.269,
2026-09-20T21:59:18.104602+00:00,200,29987.747,
2026-09-20T21:57:55.353490+00:00,200,112752.16,
2026-09-20T21:58:55.898464+00:00,200,52216.204,
2026-09-20T21:59:34.151659+00:00,200,14002.633,
2026-09-20T21:58:57.718818+00:00,200,50467.428,
2026-09-20T21:58:53.681495+00:00,200,54554.77,
2026-09-20T21:59:04.610762+00:00,200,43710.019,
2026-09-20T21:58:38.954903+00:00,200,69372.405,
2026-09-20T21:59:30.243534+00:00,200,18159.022,
2026-09-20T21:59:24.869841+00:00,200,23679.835,
2026-09-20T21:58:53.444580+00:00,200,55260.344,
2026-09-20T21:58:26.189722+00:00,200,82544.108,
2026-09-20T21:58:14.278348+00:00,200,94524.496,
2026-09-20T21:58:37.528167+00:00,200,71278.495,
2026-09-20T21:59:21.531986+00:00,200,27278.381,
2026-09-20T21:59:19.654186+00:00,200,29197.681,
2026-09-20T21:59:01.437014+00:00,200,47441.256,
2026-09-20T21:58:59.227744+00:00,200,49654.017,
2026-09-20T21:59:26.490460+00:00,200,22402.423,
2026-09-20T21:59:24.579098+00:00,200,24336.539,
2026-09-20T21:58:56.043138+00:00,200,52877.975,
2026-09-20T21:59:17.731846+00:00,200,31235.908,
2026-09-20T21:59:13.326289+00:00,200,35658.879,
2026-09-20T21:58:35.442355+00:00,200,73623.276,
2026-09-20T21:58:40.453924+00:00,200,68614.27,
2026-09-20T21:59:09.552799+00:00,200,39532.055,
2026-09-20T21:59:11.766807+00:00,200,37329.357,
2026-09-20T21:59:04.023860+00:00,200,45076.353,
2026-09-20T21:58:17.363024+00:00,200,91741.808,
2026-09-20T21:58:59.468899+00:00,200,49685.058,
2026-09-20T21:59:19.567478+00:00,200,29592.015,
2026-09-20T21:58:25.414243+00:00,200,83749.646,
2026-09-20T21:58:24.554446+00:00,200,84618.977,
2026-09-20T21:59:21.310573+00:00,200,27877.96,
2026-09-20T21:59:26.617096+00:00,200,22588.256,
2026-09-20T21:59:18.420587+00:00,200,30794.407,
2026-09-20T21:57:37.684315+00:00,200,131552.021,
2026-09-20T21:57:25.398421+00:00,200,143854.178,
2026-09-20T21:59:32.313388+00:00,200,16980.089,
2026-09-20T21:59:26.308795+00:00,200,23004.529,
2026-09-20T21:59:26.491838+00:00,200,22823.058,
2026-09-20T21:59:25.125825+00:00,200,24208.804,
2026-09-20T21:59:17.974941+00:00,200,31365.771,
2026-09-20T21:59:17.156455+00:00,200,32199.087,
2026-09-20T21:59:29.015443+00:00,200,20343.549,
2026-09-20T21:58:43.230863+00:00,200,66128.912,
2026-09-20T21:59:33.343545+00:00,200,16028.437,
2026-09-20T21:59:12.523528+00:00,200,36855.219,
2026-09-20T21:59:10.255113+00:00,200,39124.141,
2026-09-20T21:59:14.427351+00:00,200,34961.622,
2026-09-20T21:58:53.930978+00:00,200,55462.046,
2026-09-20T21:59:18.421717+00:00,200,30975.145,
2026-09-20T21:59:18.970067+00:00,200,30427.724,
2026-09-20T21:59:04.629130+00:00,200,44778.432,
2026-09-20T21:59:33.436160+00:00,200,15978.595,
2026-09-20T21:59:27.102907+00:00,200,22319.621,
2026-09-20T21:57:59.193783+00:00,200,110229.766,
2026-09-20T21:59:24.855344+00:00,200,24568.235,
2026-09-20T21:58:26.783254+00:00,200,82651.086,
2026-09-20T21:59:01.032445+00:00,200,48406.463,
2026-09-20T21:59:26.865014+00:00,200,22577.33,
2026-09-20T21:59:25.207377+00:00,200,24241.616,
2026-09-20T21:59:21.924212+00:00,200,27545.672,
2026-09-20T21:59:35.047928+00:00,200,14424.493,
2026-09-20T21:58:34.218588+00:00,200,75265.904,
2026-09-20T21:59:16.726979+00:00,200,32759.59,
2026-09-20T21:59:25.664654+00:00,200,23836.457,
2026-09-20T21:59:28.661929+00:00,200,20847.555,
2026-09-20T21:58:27.446097+00:00,200,82076.66,
2026-09-20T21:58:42.537754+00:00,200,66998.216,
2026-09-20T21:59:05.391420+00:00,200,44159.748,
2026-09-20T21:59:30.393479+00:00,200,19159.414,
2026-09-20T21:59:23.433851+00:00,200,26127.68,
2026-09-20T21:59:36.124529+00:00,200,13449.374,
2026-09-20T21:59:08.512107+00:00,200,41066.008,
2026-09-20T21:58:57.691665+00:00,200,51888.588,
2026-09-20T21:58:56.044119+00:00,200,53538.323,
2026-09-20T21:58:20.073602+00:00,200,89522.213,
2026-09-20T21:59:18.819058+00:00,200,30784.464,
2026-09-20T21:59:15.154386+00:00,200,34468.005,
2026-09-20T21:58:23.679134+00:00,200,85965.255,
2026-09-20T21:58:34.652851+00:00,200,74993.039,
2026-09-20T21:59:18.919027+00:00,200,30731.443,
2026-09-20T21:59:17.510377+00:00,200,32143.138,
2026-09-20T21:58:31.985584+00:00,200,77680.04,
2026-09-20T21:59:33.921040+00:00,200,15748.822,
2026-09-20T21:58:53.504358+00:00,200,56167.181,
2026-09-20T21:59:22.443915+00:00,200,27230.859,
2026-09-20T21:59:06.992650+00:00,200,42689.427,
2026-09-20T21:59:34.062150+00:00,200,15626.205,
2026-09-20T21:57:54.767582+00:00,200,114931.049,
2026-09-20T21:59:15.950000+00:00,200,33756.857,
2026-09-20T21:59:14.569196+00:00,200,35138.755,
2026-09-20T21:59:03.109610+00:00,200,46606.659,
2026-09-20T21:59:25.849083+00:00,200,23867.408,
2026-09-20T21:59:03.517144+00:00,200,46202.401,
2026-09-20T21:59:26.396278+00:00,200,23330.58,
2026-09-20T21:59:03.122847+00:00,200,46606.468,
2026-09-20T21:59:27.747269+00:00,200,22001.771,
2026-09-20T21:58:56.057425+00:00,200,53695.471,
2026-09-20T21:59:19.402604+00:00,200,30351.67,
2026-09-20T21:58:53.709909+00:00,200,56054.289,
2026-09-20T21:59:20.081698+00:00,200,29683.988,
2026-09-20T21:59:30.222954+00:00,200,19549.461,
2026-09-20T21:58:05.990087+00:00,200,103797.649,
2026-09-20T21:59:02.971732+00:00,200,46821.257,
2026-09-20T21:59:23.982013+00:00,200,25812.616,
2026-09-20T21:58:23.003051+00:00,200,86798.632,
2026-09-20T21:58:56.645046+00:00,200,53195.877,
2026-09-20T21:59:24.312817+00:00,200,25542.536,
2026-09-20T21:57:30.558596+00:00,200,139299.589,
2026-09-20T21:59:30.870066+00:00,200,18995.349,
2026-09-20T21:58:50.783026+00:00,200,59088.232,
2026-09-20T21:59:33.511656+00:00,200,16359.683,
2026-09-20T21:59:11.443873+00:00,200,38430.483,
2026-09-20T21:59:28.458537+00:00,200,21429.691,
2026-09-20T21:58:49.739317+00:00,200,60154.326,
2026-09-20T21:59:02.974585+00:00,200,46922.269,
2026-09-20T21:58:30.294915+00:00,200,79608.396,
2026-09-20T21:59:23.965158+00:00,200,25939.798,
2026-09-20T21:59:22.808734+00:00,200,27096.605,
2026-09-20T21:59:26.983665+00:00,200,22924.46,
2026-09-20T21:59:08.786724+00:00,200,41124.41,
2026-09-20T21:59:18.136739+00:00,200,31791.133,
2026-09-20T21:59:24.728349+00:00,200,25203.857,
2026-09-20T21:59:17.806221+00:00,200,32130.576,
2026-09-20T21:59:13.439290+00:00,200,36500.043,
2026-09-20T21:58:35.568163+00:00,200,74383.985,
2026-09-20T21:59:02.998146+00:00,200,46955.911,
2026-09-20T21:59:36.525815+00:00,200,13428.997,
2026-09-20T21:59:26.707970+00:00,200,23247.907,
2026-09-20T21:59:20.909741+00:00,200,29056.164,
2026-09-20T21:59:27.104541+00:00,200,22863.713,
2026-09-20T21:58:39.879510+00:00,200,70090.107,
2026-09-20T21:59:01.594560+00:00,200,48391.341,
2026-09-20T21:59:10.155313+00:00,200,39844.836,
2026-09-20T21:58:16.298769+00:00,200,93709.122,
2026-09-20T21:58:59.870519+00:00,200,50138.02,
2026-09-20T21:59:15.499952+00:00,200,34510.504,
2026-09-20T21:59:15.913499+00:00,200,34127.183,
2026-09-20T21:58:34.646632+00:00,200,75412.178,
2026-09-20T21:59:21.637109+00:00,200,28436.642,
2026-09-20T21:59:24.976215+00:00,200,25107.29,
2026-09-20T21:58:15.799273+00:00,200,94291.884,
2026-09-20T21:59:18.610559+00:00,200,31494.089,
2026-09-20T21:58:38.125333+00:00,200,72014.274,
2026-09-20T21:59:34.194959+00:00,200,15954.995,
2026-09-20T21:58:57.163359+00:00,200,53001.483,
2026-09-20T21:59:26.088713+00:00,200,24086.581,
2026-09-20T21:59:36.082886+00:00,200,14094.461,
2026-09-20T21:59:18.149908+00:00,200,32039.663,
2026-09-20T21:58:29.702889+00:00,200,80488.741,
2026-09-20T21:59:13.921723+00:00,200,36280.237,
2026-09-20T21:58:02.023859+00:00,200,108182.027,
2026-09-20T21:59:17.496186+00:00,200,32713.907,
2026-09-20T21:59:19.571370+00:00,200,30640.691,
2026-09-20T21:58:56.286995+00:00,200,53929.103,
2026-09-20T21:58:54.161295+00:00,200,56057.014,
2026-09-20T21:59:20.451964+00:00,200,29770.142,
2026-09-20T21:58:29.876132+00:00,200,80346.703,
2026-09-20T21:59:22.120043+00:00,200,28118.43,
2026-09-20T21:59:24.256964+00:00,200,25990.658,
2026-09-20T21:59:36.979400+00:00,200,13272.959,
2026-09-20T21:58:32.127518+00:00,200,78132.666,
2026-09-20T21:58:09.192579+00:00,200,101074.658,
2026-09-20T21:59:27.319890+00:00,200,22947.329,
2026-09-20T21:58:16.224464+00:00,200,94046.049,
2026-09-20T21:57:42.451246+00:00,200,127821.163,
2026-09-20T21:59:36.756367+00:00,200,13524.805,
2026-09-20T21:58:27.850011+00:00,200,82439.423,
2026-09-20T21:59:11.981178+00:00,200,38311.402,
2026-09-20T21:58:02.006578+00:00,200,108306.626,
2026-09-20T21:59:23.190898+00:00,200,27124.151,
2026-09-20T21:59:06.723156+00:00,200,43597.843,
2026-09-20T21:59:24.229715+00:00,200,26092.056,
2026-09-20T21:59:10.877724+00:00,200,39455.213,
2026-09-20T21:59:34.997950+00:00,200,15342.991,
2026-09-20T21:58:59.251935+00:00,200,51102.868,
2026-09-20T21:58:33.304461+00:00,200,77050.897,
2026-09-20T21:59:19.740031+00:00,200,30619.855,
2026-09-20T21:59:12.128478+00:00,200,38241.828,
2026-09-20T21:59:02.705343+00:00,200,47676.916,
2026-09-20T21:59:34.701318+00:00,200,15687.999,
2026-09-20T21:59:25.663528+00:00,200,24726.261,
2026-09-20T21:59:27.170705+00:00,200,23226.155,
2026-09-20T21:58:40.310385+00:00,200,70108.636,
2026-09-20T21:58:37.967846+00:00,200,72471.72,
2026-09-20T21:59:04.182564+00:00,200,46259.806,
2026-09-20T21:59:33.503395+00:00,200,16957.772,
2026-09-20T21:58:01.568147+00:00,200,108893.861,
2026-09-20T21:58:49.370372+00:00,200,61098.498,
2026-09-20T21:59:14.139306+00:00,200,36350.791,
2026-09-20T21:58:56.275605+00:00,200,54228.733,
2026-09-20T21:58:54.070419+00:00,200,56453.965,
2026-09-20T21:59:34.903549+00:00,200,15678.121,
2026-09-20T21:58:54.614785+00:00,200,55967.417,
2026-09-20T21:59:02.699846+00:00,200,47882.638,
2026-09-20T21:59:32.651333+00:00,200,17931.339,
2026-09-20T21:59:19.894207+00:00,200,30688.942,
2026-09-20T21:58:32.454254+00:00,200,78129.627,
2026-09-20T21:59:22.484408+00:00,200,28099.665,
2026-09-20T21:58:42.923070+00:00,200,67683.414,
2026-09-20T21:59:03.918092+00:00,200,46688.891,
2026-09-20T21:59:25.835911+00:00,200,24771.567,
2026-09-20T21:59:30.778137+00:00,200,19852.341,
2026-09-20T21:59:23.015899+00:00,200,27615.253,
2026-09-20T21:59:17.778767+00:00,200,32853.088,
2026-09-20T21:59:04.905768+00:00,200,45726.849,
2026-09-20T21:57:52.755646+00:00,200,117905.438,
2026-09-20T21:59:01.908808+00:00,200,48752.579,
2026-09-20T21:59:19.594164+00:00,200,31067.842,
2026-09-20T21:59:35.772565+00:00,200,14890.118,
2026-09-20T21:59:05.455219+00:00,200,45208.361,
2026-09-20T21:59:23.372790+00:00,200,27291.515,
2026-09-20T21:57:50.999604+00:00,200,119683.468,
2026-09-20T21:59:34.653067+00:00,200,16060.584,
2026-09-20T21:58:20.071220+00:00,200,90643.786,
2026-09-20T21:58:58.912101+00:00,200,51827.232,
2026-09-20T21:59:20.757356+00:00,200,29984.715,
2026-09-20T21:58:55.297197+00:00,200,55449.95,
2026-09-20T21:58:38.021454+00:00,200,72759.339,
2026-09-20T21:59:34.076317+00:00,200,16740.098,
2026-09-20T21:57:55.139362+00:00,200,115678.559,
2026-09-20T21:59:18.117182+00:00,200,32711.12,
2026-09-20T21:58:57.404358+00:00,200,53452.635,
2026-09-20T21:59:24.862164+00:00,200,25995.7,
2026-09-20T21:59:20.074386+00:00,200,30784.583,
2026-09-20T21:59:04.962651+00:00,200,45897.475,
2026-09-20T21:59:13.783489+00:00,200,37077.705,
2026-09-20T21:57:38.463503+00:00,200,132399.357,
2026-09-20T21:59:15.382331+00:00,200,35481.145,
2026-09-20T21:59:26.925900+00:00,200,23985.298,
2026-09-20T21:59:21.236923+00:00,200,29675.638,
2026-09-20T21:58:41.207646+00:00,200,69706.532,
2026-09-20T21:59:20.936666+00:00,200,29978.628,
2026-09-20T21:59:26.301541+00:00,200,24615.074,
2026-09-20T21:59:27.521883+00:00,200,23396.154,
2026-09-20T21:59:13.514123+00:00,200,37405.443,
2026-09-20T21:59:04.882370+00:00,200,46038.714,
2026-09-20T21:59:22.750549+00:00,200,28171.95,
2026-09-20T21:59:15.594520+00:00,200,35329.607,
2026-09-20T21:59:27.413474+00:00,200,23512.151,
2026-09-20T21:59:19.997294+00:00,200,30989.951,
2026-09-20T21:58:54.191349+00:00,200,56858.932,
2026-09-20T21:59:03.301821+00:00,200,47750.058,
2026-09-20T21:59:24.677583+00:00,200,26376.846,
2026-09-20T21:59:01.239949+00:00,200,49818.085,
2026-09-20T21:59:18.972618+00:00,200,32087.059,
2026-09-20T21:59:36.414015+00:00,200,14650.983,
2026-09-20T21:58:51.322989+00:00,200,59762.538,
2026-09-20T21:59:14.021248+00:00,200,37089.091,
2026-09-20T21:59:35.606500+00:00,200,15507.639,
2026-09-20T21:59:22.099407+00:00,200,29020.835,
2026-09-20T21:58:36.746664+00:00,200,74377.142,
2026-09-20T21:59:17.494601+00:00,200,33631.162,
2026-09-20T21:59:30.784201+00:00,200,20358.483,
2026-09-20T21:59:31.350209+00:00,200,19798.924,
2026-09-20T21:58:32.008089+00:00,200,79166.989,
2026-09-20T21:58:48.877789+00:00,200,62322.14,
2026-09-20T21:59:28.763937+00:00,200,22462.499,
2026-09-20T21:59:36.453881+00:00,200,14799.238,
2026-09-20T21:59:14.450365+00:00,200,36835.915,
2026-09-20T21:58:50.905931+00:00,200,60397.552,
2026-09-20T21:58:59.050894+00:00,200,52258.204,
2026-09-20T21:59:16.309773+00:00,200,35001.105,
2026-09-20T21:58:33.533349+00:00,200,77791.656,
2026-09-20T21:59:02.096836+00:00,200,49265.911,
2026-09-20T21:58:54.701087+00:00,200,56732.971,
2026-09-20T21:59:24.058244+00:00,200,27384.993,
2026-09-20T21:58:30.223098+00:00,200,81222.307,
2026-09-20T21:58:48.982219+00:00,200,62464.977,
2026-09-20T21:57:33.005027+00:00,200,138444.485,
2026-09-20T21:58:17.271995+00:00,200,94179.213,
2026-09-20T21:58:01.764691+00:00,200,109688.569,
2026-09-20T21:58:41.838878+00:00,200,69616.195,
2026-09-20T21:59:21.071124+00:00,200,30385.799,
2026-09-20T21:58:34.574876+00:00,200,76897.97,
2026-09-20T21:59:00.507081+00:00,200,50972.203,
2026-09-20T21:59:14.957583+00:00,200,36582.409,
2026-09-20T21:59:27.020842+00:00,200,24521.295,
2026-09-20T21:59:22.051958+00:00,200,29492.475,
2026-09-20T21:59:14.970452+00:00,200,36576.298,
2026-09-20T21:59:22.866076+00:00,200,28682.935,
2026-09-20T21:59:04.670050+00:00,200,46881.464,
2026-09-20T21:59:25.597368+00:00,200,25956.423,
2026-09-20T21:59:32.099231+00:00,200,19456.963,
2026-09-20T21:59:25.854010+00:00,200,25704.684,
2026-09-20T21:59:26.988646+00:00,200,24572.517,
2026-09-20T21:59:12.957309+00:00,200,38606.411,
2026-09-20T21:59:24.364733+00:00,200,27201.522,
2026-09-20T21:58:45.125272+00:00,200,66443.82,
2026-09-20T21:59:27.008413+00:00,200,24584.48,
2026-09-20T21:59:11.826365+00:00,200,39777.141,
2026-09-20T21:58:39.349316+00:00,200,72313.139,
2026-09-20T21:58:31.324258+00:00,200,80340.953,
2026-09-20T21:57:49.680368+00:00,200,122015.367,
2026-09-20T21:59:24.398258+00:00,200,27320.79,
2026-09-20T21:58:54.669835+00:00,200,57076.483,
2026-09-20T21:59:13.081459+00:00,200,38753.514,
2026-09-20T21:59:24.704617+00:00,200,27132.674,
2026-09-20T21:59:34.587546+00:00,200,17252.204,
2026-09-20T21:59:27.600553+00:00,200,24241.736,
2026-09-20T21:58:36.599535+00:00,200,75245.556,
2026-09-20T21:59:25.270343+00:00,200,26577.066,
2026-09-20T21:59:11.631724+00:00,200,40218.405,
2026-09-20T21:58:27.751345+00:00,200,84101.744,
2026-09-20T21:58:37.872534+00:00,200,73983.175,
2026-09-20T21:59:18.586424+00:00,200,33271.718,
2026-09-20T21:59:07.036801+00:00,200,44824.156,
2026-09-20T21:59:33.787629+00:00,200,18075.875,
2026-09-20T21:59:27.633659+00:00,200,24232.646,
2026-09-20T21:59:09.443439+00:00,200,42425.851,
2026-09-20T21:59:00.553693+00:00,200,51318.547,
2026-09-20T21:58:59.545048+00:00,200,52330.113,
2026-09-20T21:58:56.494779+00:00,200,55383.294,
2026-09-20T21:59:23.173560+00:00,200,28707.281,
2026-09-20T21:59:29.606910+00:00,200,22276.873,
2026-09-20T21:59:00.974625+00:00,200,50955.189,
2026-09-20T21:57:52.003782+00:00,200,119977.032,
2026-09-20T21:59:27.724998+00:00,200,24274.508,
2026-09-20T21:59:13.168082+00:00,200,38834.682,
2026-09-20T21:58:36.265967+00:00,200,75740.462,
2026-09-20T21:59:17.104965+00:00,200,34953.793,
2026-09-20T21:58:28.114756+00:00,200,83977.3,
2026-09-20T21:59:02.814287+00:00,200,49284.116,
2026-09-20T21:58:38.403861+00:00,200,73718.807,
2026-09-20T21:58:55.905918+00:00,200,56266.026,
2026-09-20T21:58:47.305972+00:00,200,64898.856,
2026-09-20T21:58:10.764628+00:00,200,101446.773,
2026-09-20T21:59:12.216659+00:00,200,39997.682,
2026-09-20T21:59:16.794985+00:00,200,35443.275,
2026-09-20T21:59:21.833538+00:00,200,30421.416,
2026-09-20T21:59:12.245707+00:00,200,40093.639,
2026-09-20T21:59:16.315165+00:00,200,36034.04,
2026-09-20T21:59:33.461476+00:00,200,18891.025,
2026-09-20T21:59:34.114733+00:00,200,18241.094,
2026-09-20T21:58:01.950918+00:00,200,110442.457,
2026-09-20T21:59:30.209255+00:00,200,22224.14,
2026-09-20T21:59:18.228921+00:00,200,34280.902,
2026-09-20T21:58:24.587334+00:00,200,87956.704,
2026-09-20T21:59:21.705832+00:00,200,30841.205,
2026-09-20T21:59:21.164879+00:00,200,31486.814,
2026-09-20T21:59:34.032236+00:00,200,18627.156,
2026-09-20T21:59:13.683606+00:00,200,39020.9,
2026-09-20T21:59:12.627506+00:00,200,40125.603,
2026-09-20T21:57:54.173276+00:00,200,118656.469,
2026-09-20T21:59:25.400715+00:00,200,27476.155,
2026-09-20T21:59:16.441640+00:00,200,36500.063,
2026-09-20T21:58:57.950378+00:00,200,55018.466,
2026-09-20T21:59:21.423099+00:00,200,31580.296,
2026-09-20T21:59:07.599692+00:00,200,45450.742,
2026-09-20T21:58:35.181878+00:00,200,77902.675,
2026-09-20T21:58:11.811766+00:00,200,101341.003,
2026-09-20T21:59:04.769509+00:00,200,48430.188,
2026-09-20T21:58:49.399715+00:00,200,63837.806,
2026-09-20T21:59:01.923843+00:00,200,51371.074,
2026-09-20T21:58:33.013433+00:00,200,80288.339,
2026-09-20T21:58:57.509108+00:00,200,55806.322,
2026-09-20T21:58:33.058642+00:00,200,80281.161,
2026-09-20T21:59:01.418363+00:00,200,51924.709,
2026-09-20T21:59:23.622475+00:00,200,29723.923,
2026-09-20T21:57:50.949680+00:00,200,122404.226,
2026-09-20T21:59:12.394836+00:00,200,40965.569,
2026-09-20T21:59:16.083615+00:00,200,37341.592,
2026-09-20T21:59:07.139907+00:00,200,46303.163,
2026-09-20T21:58:15.569736+00:00,200,97925.416,
2026-09-20T21:58:32.452868+00:00,200,81073.018,
2026-09-20T21:59:01.592679+00:00,200,51936.98,
2026-09-20T21:58:34.001645+00:00,200,79531.569,
2026-09-20T21:59:30.256023+00:00,200,23280.425,
2026-09-20T21:59:25.346182+00:00,200,28211.471,
2026-09-20T21:58:22.628096+00:00,200,90975.898,
2026-09-20T21:59:35.343748+00:00,200,18294.524,
2026-09-20T21:59:28.063383+00:00,200,25663.637,
2026-09-20T21:59:05.980430+00:00,200,47753.505,
2026-09-20T21:59:23.881174+00:00,200,29915.654,
2026-09-20T21:58:11.201614+00:00,200,102631.253,
2026-09-20T21:59:29.408684+00:00,200,24459.087,
2026-09-20T21:58:23.126589+00:00,200,90787.729,
2026-09-20T21:59:36.900901+00:00,200,17260.964,
2026-09-20T21:59:33.257843+00:00,200,20956.597,
2026-09-20T21:59:19.173864+00:00,200,35079.607,
2026-09-20T21:59:34.455891+00:00,200,19818.763,
2026-09-20T21:58:29.282376+00:00,200,85003.439,
2026-09-20T21:57:47.538622+00:00,200,126754.548,
2026-09-20T21:59:17.007555+00:00,200,37310.259,
2026-09-20T21:59:26.834372+00:00,200,27519.76,
2026-09-20T21:58:22.447881+00:00,200,91910.242,
2026-09-20T21:58:16.725831+00:00,200,97683.75,
2026-09-20T21:58:55.545370+00:00,200,58871.144,
2026-09-20T21:59:16.635086+00:00,200,37855.459,
2026-09-20T21:59:00.594421+00:00,200,53970.746,
2026-09-20T21:59:08.012784+00:00,200,46582.587,
2026-09-20T21:59:04.006476+00:00,200,50595.793,
2026-09-20T21:59:37.772685+00:00,200,16832.822,
2026-09-20T21:58:12.513858+00:00,200,102120.958,
2026-09-20T21:59:11.624618+00:00,200,43099.708,
2026-09-20T21:59:32.041149+00:00,200,22798.643,
2026-09-20T21:59:33.872978+00:00,200,20984.091,
2026-09-20T21:59:19.257920+00:00,200,35685.674,
2026-09-20T21:58:26.276820+00:00,200,88674.057,
2026-09-20T21:59:27.893044+00:00,200,27064.451,
2026-09-20T21:59:15.274645+00:00,200,39740.013,
2026-09-20T21:59:22.810268+00:00,200,32309.434,
2026-09-20T21:59:34.961384+00:00,200,20231.642,
2026-09-20T21:59:14.760753+00:00,200,40452.705,
2026-09-20T21:59:34.352323+00:00,200,20865.049,
2026-09-20T21:58:24.692345+00:00,200,90628.454,
2026-09-20T21:59:26.386555+00:00,200,28937.474,
2026-09-20T21:59:30.796142+00:00,200,24534.949,
2026-09-20T21:59:29.905803+00:00,200,25439.605,
2026-09-20T21:59:12.145991+00:00,200,43288.744,
2026-09-20T21:59:12.654098+00:00,200,42919.171,
2026-09-20T21:58:42.783005+00:00,200,72797.251,
2026-09-20T21:58:22.364966+00:00,200,93283.799,
2026-09-20T21:59:25.680202+00:00,200,29993.633,
2026-09-20T21:59:22.262479+00:00,200,33432.558,
2026-09-20T21:59:05.151053+00:00,200,50576.317,
2026-09-20T21:59:23.604257+00:00,200,32125.562,
2026-09-20T21:58:51.739039+00:00,200,63997.16,
2026-09-20T21:59:26.879263+00:00,200,28859.449,
2026-09-20T21:59:25.341166+00:00,200,30471.484,
2026-09-20T21:59:16.370639+00:00,200,39468.511,
2026-09-20T21:59:04.548764+00:00,200,51331.719,
2026-09-20T21:59:33.138803+00:00,200,22763.282,
2026-09-20T21:59:27.740239+00:00,200,28193.624,
2026-09-20T21:59:34.409614+00:00,200,21547.463,
2026-09-20T21:59:25.990658+00:00,200,29989.802,
2026-09-20T21:58:56.881034+00:00,200,59129.578,
2026-09-20T21:59:20.525924+00:00,200,35514.691,
2026-09-20T21:59:12.997992+00:00,200,43088.199,
2026-09-20T21:59:26.405656+00:00,200,29682.274,
2026-09-20T21:59:04.168908+00:00,200,51952.742,
2026-09-20T21:59:26.746650+00:00,200,29430.491,
2026-09-20T21:58:33.402143+00:00,200,82816.469,
2026-09-20T21:57:39.159409+00:00,200,137072.121,
2026-09-20T21:58:08.561882+00:00,200,107680.3,
2026-09-20T21:59:14.668510+00:00,200,41590.007,
2026-09-20T21:59:19.684223+00:00,200,36630.069,
2026-09-20T21:59:26.380806+00:00,200,29951.717,
2026-09-20T21:58:31.377454+00:00,200,85038.462,
2026-09-20T21:59:20.938847+00:00,200,35518.516,
2026-09-20T21:59:17.091598+00:00,200,39367.136,
2026-09-20T21:59:24.373728+00:00,200,32089.104,
2026-09-20T21:58:13.536015+00:00,200,102943.966,
2026-09-20T21:58:22.740446+00:00,200,93749.374,
2026-09-20T21:58:35.724710+00:00,200,80773.545,
2026-09-20T21:59:11.594754+00:00,200,44906.497,
2026-09-20T21:59:22.014487+00:00,200,34495.5,
2026-09-20T21:58:58.185607+00:00,200,58341.935,
2026-09-20T21:59:07.010693+00:00,200,49522.475,
2026-09-20T21:59:04.500905+00:00,200,52050.436,
2026-09-20T21:59:13.705503+00:00,200,42848.146,
2026-09-20T21:58:03.199707+00:00,200,113366.54,
2026-09-20T21:59:22.196633+00:00,200,34374.203,
2026-09-20T21:58:54.767031+00:00,200,61818.147,
2026-09-20T21:59:31.781259+00:00,200,24819.284,
2026-09-20T21:58:08.465403+00:00,200,108138.62,
2026-09-20T21:59:31.778305+00:00,200,24841.758,
2026-09-20T21:59:00.219274+00:00,200,56445.065,
2026-09-20T21:59:30.103402+00:00,200,26571.492,
2026-09-20T21:59:35.192269+00:00,200,21499.992,
2026-09-20T21:58:39.460851+00:00,200,77241.775,
2026-09-20T21:58:34.025459+00:00,200,82687.077,
2026-09-20T21:59:02.776017+00:00,200,53938.281,
2026-09-20T21:59:20.804232+00:00,200,35930.477,
2026-09-20T21:59:18.085898+00:00,200,38655.766,
2026-09-20T21:59:09.608809+00:00,200,47198.19,
2026-09-20T21:58:35.037778+00:00,200,81786.365,
2026-09-20T21:59:33.864085+00:00,200,23006.266,
2026-09-20T21:59:13.677185+00:00,200,43202.086,
2026-09-20T21:59:23.256978+00:00,200,33632.411,
2026-09-20T21:59:19.262803+00:00,200,37627.113,
2026-09-20T21:59:29.252780+00:00,200,27637.697,
2026-09-20T21:59:10.934970+00:00,200,45962.914,
2026-09-20T21:59:32.513839+00:00,200,24389.251,
2026-09-20T21:59:03.203750+00:00,200,53702.347,
2026-09-20T21:59:22.783233+00:00,200,34141.916,
2026-09-20T21:58:18.640121+00:00,200,98291.828,
2026-09-20T21:58:15.814915+00:00,200,101124.03,
2026-09-20T21:59:18.000404+00:00,200,38945.59,
2026-09-20T21:59:33.532160+00:00,200,23420.13,
2026-09-20T21:59:25.109011+00:00,200,31844.332,
2026-09-20T21:59:07.439656+00:00,200,49550.784,
2026-09-20T21:59:20.912955+00:00,200,36085.565,
2026-09-20T21:59:12.226850+00:00,200,44772.147,
2026-09-20T21:59:03.364805+00:00,200,53647.531,
2026-09-20T21:59:22.787935+00:00,200,34246.21,
2026-09-20T21:59:17.014463+00:00,200,40037.335,
2026-09-20T21:58:59.430934+00:00,200,57627.663,
2026-09-20T21:58:59.776571+00:00,200,57283.612,
2026-09-20T21:58:58.742435+00:00,200,58321.665,
2026-09-20T21:59:35.248050+00:00,200,21824.7,
2026-09-20T21:59:03.820467+00:00,200,53256.093,
2026-09-20T21:59:32.994994+00:00,200,24083.819,
2026-09-20T21:59:30.950331+00:00,200,26130.918,
2026-09-20T21:57:34.476476+00:00,200,142612.985,
2026-09-20T21:59:34.444359+00:00,200,22656.412,
2026-09-20T21:58:42.076811+00:00,200,75027.198,
2026-09-20T21:59:17.040311+00:00,200,40066.974,
2026-09-20T21:59:21.262570+00:00,200,35850.123,
2026-09-20T21:59:25.906571+00:00,200,31217.465,
2026-09-20T21:59:12.369963+00:00,200,44770.758,
2026-09-20T21:59:33.096773+00:00,200,24048.501,
2026-09-20T21:57:59.763147+00:00,200,117389.591,
2026-09-20T21:59:00.204031+00:00,200,56955.628,
2026-09-20T21:58:58.748336+00:00,200,58423.821,
2026-09-20T21:59:26.645473+00:00,200,30529.977,
2026-09-20T21:59:21.533982+00:00,200,35651.544,
2026-09-20T21:59:18.295467+00:00,200,38898.111,
2026-09-20T21:59:26.621520+00:00,200,30572.846,
2026-09-20T21:58:38.454059+00:00,200,78747.403,
2026-09-20T21:59:29.155866+00:00,200,28049.739,
2026-09-20T21:59:12.935820+00:00,200,44272.325,
2026-09-20T21:59:33.443853+00:00,200,23776.568,
2026-09-20T21:58:58.484463+00:00,200,58736.844,
2026-09-20T21:58:31.637359+00:00,200,85596.601,
2026-09-20T21:59:16.149066+00:00,200,41098.043,
2026-09-20T21:59:28.473571+00:00,200,28787.364,
2026-09-20T21:59:34.999560+00:00,200,22269.532,
2026-09-20T21:59:30.027065+00:00,200,27258.002,
2026-09-20T21:58:21.855624+00:00,200,95436.22,
2026-09-20T21:59:29.192869+00:00,200,28107.499,
2026-09-20T21:58:18.484159+00:00,200,98828.586,
2026-09-20T21:58:16.344239+00:00,200,100973.147,
2026-09-20T21:59:31.082627+00:00,200,26241.135,
2026-09-20T21:59:35.269422+00:00,200,22055.3,
2026-09-20T21:57:59.841271+00:00,200,117491.15,
2026-09-20T21:59:22.355739+00:00,200,34993.695,
2026-09-20T21:58:24.865971+00:00,200,92498.476,
2026-09-20T21:59:15.130885+00:00,200,42238.637,
2026-09-20T21:59:22.347664+00:00,200,35023.973,
2026-09-20T21:59:29.669876+00:00,200,27703.096,
2026-09-20T21:58:24.970751+00:00,200,92406.049,
2026-09-20T21:59:23.704659+00:00,200,33676.78,
2026-09-20T21:59:20.562667+00:00,200,36820.528,
2026-09-20T21:58:32.851974+00:00,200,84531.827,
2026-09-20T21:59:09.031333+00:00,200,48354.228,
2026-09-20T21:59:26.980831+00:00,200,30414.834,
2026-09-20T21:59:34.932874+00:00,200,22482.787,
2026-09-20T21:59:12.426831+00:00,200,44989.619,
2026-09-20T21:59:17.009295+00:00,200,40416.027,
2026-09-20T21:58:23.065394+00:00,200,94360.609,
2026-09-20T21:59:23.823990+00:00,200,33607.112,
2026-09-20T21:59:26.018072+00:00,200,31419.848,
2026-09-20T21:59:16.363641+00:00,200,41075.032,
2026-09-20T21:58:36.138001+00:00,200,81303.584,
2026-09-20T21:59:27.684212+00:00,200,29760.761,
2026-09-20T21:59:32.343650+00:00,200,25107.351,
2026-09-20T21:59:33.061466+00:00,200,24397.174,
2026-09-20T21:59:22.928744+00:00,200,34552.58,
2026-09-20T21:58:20.235910+00:00,200,97246.813,
2026-09-20T21:58:48.139781+00:00,200,69345.668,
2026-09-20T21:58:34.772680+00:00,200,82718.257,
2026-09-20T21:57:24.213765+00:00,200,153280.482,
2026-09-20T21:58:48.228269+00:00,200,69268.802,
2026-09-20T21:59:13.938675+00:00,200,43565.13,
2026-09-20T21:59:27.770196+00:00,200,29736.767,
2026-09-20T21:59:21.212692+00:00,200,36309.118,
2026-09-20T21:58:33.606994+00:00,200,83931.665,
2026-09-20T21:59:31.628844+00:00,200,25914.686,
2026-09-20T21:59:15.727143+00:00,200,41819.116,
2026-09-20T21:59:30.424691+00:00,200,27144.892,
2026-09-20T21:59:09.714940+00:00,200,47859.031,
2026-09-20T21:59:32.222973+00:00,200,25359.418,
2026-09-20T21:59:14.152126+00:00,200,43438.168,
2026-09-20T21:58:06.360638+00:00,200,111240.411,
2026-09-20T21:57:48.719917+00:00,200,128891.756,
2026-09-20T21:59:32.761682+00:00,200,24853.836,
2026-09-20T21:57:56.024313+00:00,200,121597.513,
2026-09-20T21:59:27.224262+00:00,200,30404.914,
2026-09-20T21:59:27.586556+00:00,200,30042.995,
2026-09-20T21:59:30.058532+00:00,200,27571.379,
2026-09-20T21:58:59.197630+00:00,200,58438.652,
2026-09-20T21:58:36.726546+00:00,200,80910.685,
2026-09-20T21:59:33.329935+00:00,200,24328.31,
2026-09-20T21:59:04.834388+00:00,200,52825.833,
2026-09-20T21:58:20.897300+00:00,200,96771.647,
2026-09-20T21:59:27.164104+00:00,200,30504.834,
2026-09-20T21:59:15.280722+00:00,200,42388.678,
2026-09-20T21:57:30.889894+00:00,200,146791.024,
2026-09-20T21:59:27.511232+00:00,200,30176.905,
2026-09-20T21:59:27.948766+00:00,200,29743.988,
2026-09-20T21:58:41.211047+00:00,200,76487.807,
2026-09-20T21:59:04.367162+00:00,200,53337.857,
2026-09-20T21:59:20.835703+00:00,200,36884.292,
2026-09-20T21:59:14.727029+00:00,200,42994.123,
2026-09-20T21:58:57.772152+00:00,200,59955.117,
2026-09-20T21:59:12.971246+00:00,200,44758.402,
2026-09-20T21:59:00.672313+00:00,200,57071.369,
2026-09-20T21:58:51.204579+00:00,200,66542.035,
2026-09-20T21:59:33.430511+00:00,200,24323.267,
2026-09-20T21:59:14.803212+00:00,200,42951.857,
2026-09-20T21:59:12.356127+00:00,200,45407.528,
2026-09-20T21:58:58.598424+00:00,200,59170.781,
2026-09-20T21:59:33.744467+00:00,200,24025.23,
2026-09-20T21:58:22.826884+00:00,200,94982.117,
2026-09-20T21:58:59.947870+00:00,200,57864.866,
2026-09-20T21:59:20.184937+00:00,200,37632.689,
2026-09-20T21:58:22.111438+00:00,200,95707.906,
2026-09-20T21:59:23.137222+00:00,200,34683.988,
2026-09-20T21:59:22.064358+00:00,200,35768.266,
2026-09-20T21:58:54.651579+00:00,200,63197.43,
2026-09-20T21:59:20.634836+00:00,200,37214.929,
2026-09-20T21:59:26.651778+00:00,200,31198.285,
2026-09-20T21:58:38.367614+00:00,200,79497.737,
2026-09-20T21:59:13.714977+00:00,200,44160.783,
2026-09-20T21:59:37.517139+00:00,200,20362.255,
2026-09-20T21:59:23.078977+00:00,200,34810.442,
2026-09-20T21:59:27.792840+00:00,200,30097.783,
2026-09-20T21:59:34.482269+00:00,200,23419.322,
2026-09-20T21:59:33.597832+00:00,200,24306.122,
2026-09-20T21:58:34.779749+00:00,200,83133.839,
2026-09-20T21:58:48.604378+00:00,200,69310.185,
2026-09-20T21:59:31.991996+00:00,200,25932.44,
2026-09-20T21:58:22.096639+00:00,200,95841.587,
2026-09-20T21:59:33.142372+00:00,200,24804.37,
2026-09-20T21:58:43.409388+00:00,200,74537.927,
2026-09-20T21:59:04.797389+00:00,200,53151.536,
2026-09-20T21:59:00.987508+00:00,200,56969.833,
2026-09-20T21:59:25.572444+00:00,200,32391.976,
2026-09-20T21:58:54.444507+00:00,200,63521.204,
2026-09-20T21:58:37.489201+00:00,200,80485.62,
2026-09-20T21:59:20.286012+00:00,200,37691.867,
2026-09-20T21:58:59.453673+00:00,200,58524.645,
2026-09-20T21:59:33.020080+00:00,200,24962.409,
2026-09-20T21:57:31.275429+00:00,200,146711.627,
2026-09-20T21:59:25.904884+00:00,200,32097.804,
2026-09-20T21:59:27.004193+00:00,200,31001.682,
2026-09-20T21:59:29.392198+00:00,200,28620.276,
2026-09-20T21:58:32.964752+00:00,200,85050.463,
2026-09-20T21:58:59.445751+00:00,200,58571.058,
2026-09-20T21:59:25.814361+00:00,200,32206.637,
2026-09-20T21:57:55.168506+00:00,200,122857.28,
2026-09-20T21:58:54.261700+00:00,200,63764.492,
2026-09-20T21:59:25.789211+00:00,200,32259.144,
2026-09-20T21:59:33.455113+00:00,200,24594.222,
2026-09-20T21:59:32.831603+00:00,200,25229.235,
2026-09-20T21:58:48.510896+00:00,200,69556.797,
2026-09-20T21:59:03.434212+00:00,200,54637.209,
2026-09-20T21:58:57.562121+00:00,200,60511.981,
2026-09-20T21:59:26.861363+00:00,200,31217.605,
2026-09-20T21:59:28.510946+00:00,200,29578.996,
2026-09-20T21:59:03.133709+00:00,200,54973.499,
2026-09-20T21:59:25.407955+00:00,200,32710.092,
2026-09-20T21:59:15.005303+00:00,200,43114.858,
2026-09-20T21:59:17.015426+00:00,200,41105.43,
2026-09-20T21:59:23.080515+00:00,200,35052.45,
2026-09-20T21:59:02.928194+00:00,200,55212.701,
2026-09-20T21:59:13.601373+00:00,200,44540.571,
2026-09-20T21:58:37.784067+00:00,200,80366.351,
2026-09-20T21:58:15.274310+00:00,200,102880.822,
2026-09-20T21:58:19.408842+00:00,200,98764.525,
2026-09-20T21:59:36.489420+00:00,200,21691.894,
2026-09-20T21:59:05.672687+00:00,200,52515.558,
2026-09-20T21:58:23.556590+00:00,200,94638.993,
2026-09-20T21:59:04.580142+00:00,200,53624.792,
2026-09-20T21:59:27.552524+00:00,200,30655.905,
2026-09-20T21:59:31.912440+00:00,200,26296.671,
2026-09-20T21:59:31.404586+00:00,200,26811.799,
2026-09-20T21:59:30.490293+00:00,200,27741.717,
2026-09-20T21:58:21.791604+00:00,200,96442.603,
2026-09-20T21:58:19.452872+00:00,200,98793.178,
2026-09-20T21:59:17.625346+00:00,200,40621.873,
2026-09-20T21:58:18.504991+00:00,200,99743.261,
2026-09-20T21:59:33.342375+00:00,200,24907.305,
2026-09-20T21:59:26.292118+00:00,200,31964.747,
2026-09-20T21:57:41.826675+00:00,200,136432.513,
2026-09-20T21:59:31.214417+00:00,200,27061.581,
2026-09-20T21:58:58.696747+00:00,200,59582.367,
2026-09-20T21:59:29.219430+00:00,200,29066.64,
2026-09-20T21:59:17.004774+00:00,200,41288.977,
2026-09-20T21:59:20.612660+00:00,200,37689.57,
2026-09-20T21:59:26.129006+00:00,200,32178.713,
2026-09-20T21:59:07.795629+00:00,200,50517.144,
2026-09-20T21:58:29.885876+00:00,200,88427.967,
2026-09-20T21:59:27.749206+00:00,200,30565.406,
2026-09-20T21:59:37.297999+00:00,200,21018.586,
2026-09-20T21:59:34.461670+00:00,200,23864.254,
2026-09-20T21:59:05.647213+00:00,200,52679.952,
2026-09-20T21:59:22.857305+00:00,200,35470.431,
2026-09-20T21:59:34.029329+00:00,200,24313.216,
2026-09-20T21:59:09.338712+00:00,200,49025.445,
2026-09-20T21:58:57.574473+00:00,200,60793.162,
2026-09-20T21:59:14.064623+00:00,200,44314.66,
2026-09-20T21:59:25.879568+00:00,200,32500.732,
2026-09-20T21:58:49.373858+00:00,200,69014.601,
2026-09-20T21:59:33.616765+00:00,200,24773.422,
2026-09-20T21:59:02.135878+00:00,200,56260.159,
2026-09-20T21:58:55.979467+00:00,200,62420.383,
2026-09-20T21:58:55.010689+00:00,200,63392.728,
2026-09-20T21:59:16.464345+00:00,200,41952.647,
2026-09-20T21:59:13.977565+00:00,200,44439.697,
2026-09-20T21:58:55.745605+00:00,200,62679.186,
2026-09-20T21:59:37.314016+00:00,200,21112.585,
2026-09-20T21:58:31.553336+00:00,200,86874.26,
2026-09-20T21:59:23.845770+00:00,200,34581.833,
2026-09-20T21:59:32.533855+00:00,200,25923.721,
2026-09-20T21:59:24.696080+00:00,200,33770.644,
2026-09-20T21:59:04.320271+00:00,200,54156.636,
2026-09-20T21:59:37.116564+00:00,200,21387.813,
2026-09-20T21:59:22.292557+00:00,200,36215.775,
2026-09-20T21:59:35.266518+00:00,200,23247.482,
2026-09-20T21:58:59.617427+00:00,200,58898.298,
2026-09-20T21:59:35.250518+00:00,200,23267.499,
2026-09-20T21:59:07.268686+00:00,200,51259.921,
2026-09-20T21:59:25.724211+00:00,200,32809.418,
2026-09-20T21:59:01.417316+00:00,200,57119.515,
2026-09-20T21:59:22.828353+00:00,200,35708.674,
2026-09-20T21:59:29.767837+00:00,200,28772.552,
2026-09-20T21:57:51.228766+00:00,200,127328.698,
2026-09-20T21:59:30.828501+00:00,200,27738.337,
2026-09-20T21:58:55.348156+00:00,200,63221.046,
2026-09-20T21:59:04.216392+00:00,200,54356.643,
2026-09-20T21:59:13.162548+00:00,200,45418.223,
2026-09-20T21:59:35.253081+00:00,200,23335.566,
2026-09-20T21:59:32.509245+00:00,200,26083.268,
2026-09-20T21:58:35.732403+00:00,200,82865.869,
2026-09-20T21:59:17.244408+00:00,200,41353.914,
2026-09-20T21:59:07.583064+00:00,200,51016.02,
2026-09-20T21:59:01.510488+00:00,200,57103.972,
2026-09-20T21:59:13.707424+00:00,200,44907.596,
2026-09-20T21:59:18.891236+00:00,200,39727.564,
2026-09-20T21:59:17.747885+00:00,200,40875.979,
2026-09-20T21:59:12.206027+00:00,200,46425.832,
2026-09-20T21:59:14.617376+00:00,200,44023.798,
2026-09-20T21:59:11.677204+00:00,200,46973.99,
2026-09-20T21:59:11.483708+00:00,200,47167.805,
2026-09-20T21:59:13.973662+00:00,200,44678.193,
2026-09-20T21:58:46.658027+00:00,200,72005.773,
2026-09-20T21:59:23.042831+00:00,200,35621.353,
2026-09-20T21:59:24.810214+00:00,200,33864.322,
2026-09-20T21:59:13.709885+00:00,200,44973.263,
2026-09-20T21:59:06.049610+00:00,200,52636.895,
2026-09-20T21:59:36.331934+00:00,200,22377.071,
2026-09-20T21:59:01.130014+00:00,200,57579.489,
2026-09-20T21:59:34.565881+00:00,200,24147.919,
2026-09-20T21:59:19.013579+00:00,200,39705.325,
2026-09-20T21:59:15.557899+00:00,200,43171.336,
2026-09-20T21:59:19.040886+00:00,200,39691.758,
2026-09-20T21:59:21.557913+00:00,200,37197.937,
2026-09-20T21:59:24.749376+00:00,200,34006.742,
2026-09-20T21:59:15.368480+00:00,200,43389.989,
2026-09-20T21:59:34.554966+00:00,200,24210.65,
2026-09-20T21:59:34.484370+00:00,200,24298.377,
2026-09-20T21:59:26.120939+00:00,200,32665.455,
2026-09-20T21:58:42.122871+00:00,200,76668.655,
2026-09-20T21:58:34.157272+00:00,200,84646.013,
2026-09-20T21:59:36.002164+00:00,200,22802.601,
2026-09-20T21:59:19.069569+00:00,200,39737.591,
2026-09-20T21:58:52.146320+00:00,200,66663.233,
2026-09-20T21:59:32.891065+00:00,200,25921.646,
2026-09-20T21:58:29.116469+00:00,200,89699.592,
2026-09-20T21:59:22.876238+00:00,200,35940.201,
2026-09-20T21:59:33.649588+00:00,200,25176.829,
2026-09-20T21:59:18.842298+00:00,200,39984.771,
2026-09-20T21:59:03.195268+00:00,200,55639.112,
2026-09-20T21:59:21.783320+00:00,200,37051.212,
2026-09-20T21:59:35.552329+00:00,200,23282.396,
2026-09-20T21:59:31.137243+00:00,200,27701.459,
2026-09-20T21:58:31.141162+00:00,200,87701.481,
2026-09-20T21:59:16.995427+00:00,200,41851.451,
2026-09-20T21:59:07.731295+00:00,200,51119.614,
2026-09-20T21:58:30.183144+00:00,200,88672.091,
2026-09-20T21:59:12.449947+00:00,200,46408.629,
2026-09-20T21:58:32.534217+00:00,200,86327.325,
2026-09-20T21:57:51.259831+00:00,200,127608.488,
2026-09-20T21:58:49.404755+00:00,200,69470.807,
2026-09-20T21:59:25.517540+00:00,200,33367.005,
2026-09-20T21:58:13.141432+00:00,200,105744.816,
2026-09-20T21:58:47.233905+00:00,200,71656.478,
2026-09-20T21:59:27.836186+00:00,200,31062.558,
2026-09-20T21:59:03.554169+00:00,200,55351.694,
2026-09-20T21:57:52.404495+00:00,200,126506.933,
2026-09-20T21:59:26.888633+00:00,200,32035.812,
2026-09-20T21:59:24.337250+00:00,200,34609.071,
2026-09-20T21:59:01.782684+00:00,200,57168.881,
2026-09-20T21:59:37.135304+00:00,200,21826.971,
2026-09-20T21:58:39.723176+00:00,200,79240.306,
2026-09-20T21:59:34.822314+00:00,200,24141.833,
2026-09-20T21:59:26.905381+00:00,200,32065.088,
2026-09-20T21:59:11.249614+00:00,200,47778.096,
2026-09-20T21:59:22.956300+00:00,200,36071.998,
2026-09-20T21:59:09.945713+00:00,200,49109.611,
2026-09-20T21:59:22.415236+00:00,200,36644.374,
2026-09-20T21:58:31.617075+00:00,200,87468.464,
2026-09-20T21:59:24.713456+00:00,200,34372.136,
2026-09-20T21:59:37.908758+00:00,200,21188.723,
2026-09-20T21:59:17.111153+00:00,200,42014.397,
2026-09-20T21:59:11.760772+00:00,200,47385.937,
2026-09-20T21:59:08.706038+00:00,200,50441.125,
2026-09-20T21:59:35.696374+00:00,200,23472.488,
2026-09-20T21:59:36.696418+00:00,200,22472.842,
2026-09-20T21:59:37.000063+00:00,200,22186.011,
2026-09-20T21:59:09.753603+00:00,200,49433.068,
2026-09-20T21:59:18.681821+00:00,200,40505.268,
2026-09-20T21:58:58.621894+00:00,200,60570.069,
2026-09-20T21:59:31.421061+00:00,200,27774.732,
2026-09-20T21:58:30.641951+00:00,200,88566.142,
2026-09-20T21:59:28.247127+00:00,200,30961.332,
2026-09-20T21:58:46.282648+00:00,200,72928.941,
2026-09-20T21:58:33.303335+00:00,200,85914.137,
2026-09-20T21:58:59.335354+00:00,200,59888.544,
2026-09-20T21:59:35.258257+00:00,200,23966.863,
2026-09-20T21:59:15.524189+00:00,200,43702.505,
2026-09-20T21:59:27.315964+00:00,200,31928.123,
2026-09-20T21:58:47.318044+00:00,200,71933.754,
2026-09-20T21:59:20.333875+00:00,200,38946.67,
2026-09-20T21:59:16.413222+00:00,200,42891.466,
2026-09-20T21:59:34.274744+00:00,200,25036.287,
2026-09-20T21:59:04.243938+00:00,200,55069.493,
2026-09-20T21:58:43.366411+00:00,200,75955.623,
2026-09-20T21:58:49.517391+00:00,200,69807.387,
2026-09-20T21:57:58.613331+00:00,200,120729.858,
2026-09-20T21:58:15.522329+00:00,200,103854.047,
2026-09-20T21:58:30.771792+00:00,200,88606.891,
2026-09-20T21:59:33.866012+00:00,200,25532.516,
2026-09-20T21:59:24.186102+00:00,200,35224.651,
2026-09-20T21:59:08.911708+00:00,200,50504.303,
2026-09-20T21:59:16.051335+00:00,200,43391.083,
2026-09-20T21:58:29.712294+00:00,200,89736.438,
2026-09-20T21:58:35.566344+00:00,200,83888.175,
2026-09-20T21:59:33.024110+00:00,200,26431.817,
2026-09-20T21:59:33.778568+00:00,200,25712.041,
2026-09-20T21:59:17.460370+00:00,200,42067.243,
2026-09-20T21:58:30.334744+00:00,200,89193.88,
2026-09-20T21:58:03.807087+00:00,200,115730.613,
2026-09-20T21:59:25.040109+00:00,200,34497.92,
2026-09-20T21:58:18.683431+00:00,200,100855.804,
2026-09-20T21:58:32.016132+00:00,200,87526.659,
2026-09-20T21:57:34.507125+00:00,200,145038.854,
2026-09-20T21:59:34.648566+00:00,200,24904.742,
2026-09-20T21:59:32.002151+00:00,200,27579.367,
2026-09-20T21:59:34.106446+00:00,200,25496.657,
2026-09-20T21:59:01.361119+00:00,200,58251.17,
2026-09-20T21:59:29.032788+00:00,200,30582.262,
2026-09-20T21:59:20.215346+00:00,200,39400.745,
2026-09-20T21:58:36.673447+00:00,200,82943.885,
2026-09-20T21:59:17.265345+00:00,200,42352.841,
2026-09-20T21:59:32.240243+00:00,200,27403.81,
2026-09-20T21:59:19.663751+00:00,200,39984.772,
2026-09-20T21:58:16.944328+00:00,200,102705.601,
2026-09-20T21:59:22.294728+00:00,200,37355.923,
2026-09-20T21:59:25.530608+00:00,200,34121.176,
2026-09-20T21:59:25.744904+00:00,200,33908.103,
2026-09-20T21:59:08.060916+00:00,200,51630.9,
2026-09-20T21:59:01.391084+00:00,200,58302.032,
2026-09-20T21:57:58.312533+00:00,200,121382.284,
2026-09-20T21:59:16.713616+00:00,200,42982.134,
2026-09-20T21:58:49.790152+00:00,200,69907.096,
2026-09-20T21:58:39.034900+00:00,200,80663.768,
2026-09-20T21:58:32.104415+00:00,200,87595.702,
2026-09-20T21:58:40.516226+00:00,200,79185.291,
2026-09-20T21:59:17.031556+00:00,200,42716.998,
2026-09-20T21:59:17.385908+00:00,200,42364.188,
2026-09-20T21:58:59.982957+00:00,200,59768.851,
2026-09-20T21:59:24.658488+00:00,200,35129.531,
2026-09-20T21:57:15.462409+00:00,200,164342.032,
2026-09-20T21:59:31.685094+00:00,200,28120.208,
2026-09-20T21:58:40.965546+00:00,200,78841.744,
2026-09-20T21:59:27.745451+00:00,200,32063.297,
2026-09-20T21:59:16.472912+00:00,200,43337.672,
2026-09-20T21:58:48.140896+00:00,200,71671.68,
2026-09-20T21:59:01.002451+00:00,200,58811.977,
2026-09-20T21:58:56.855552+00:00,200,63017.595,
2026-09-20T21:59:37.027065+00:00,200,22847.795,
2026-09-20T21:59:18.501049+00:00,200,41437.824,
2026-09-20T21:59:03.644381+00:00,200,56296.633,
2026-09-20T21:59:12.921250+00:00,200,47021.815,
2026-09-20T21:59:30.598529+00:00,200,29346.594,
2026-09-20T21:59:14.712790+00:00,200,45234.626,
2026-09-20T21:58:54.601024+00:00,200,65348.78,
2026-09-20T21:59:30.974684+00:00,200,28977.153,
2026-09-20T21:58:34.410623+00:00,200,85543.865,
2026-09-20T21:59:18.059640+00:00,200,41969.564,
2026-09-20T21:59:23.398698+00:00,200,36632.857,
2026-09-20T21:59:21.862249+00:00,200,38171.71,
2026-09-20T21:59:11.044834+00:00,200,48991.627,
2026-09-20T21:59:06.708558+00:00,200,53330.362,
2026-09-20T21:59:37.497304+00:00,200,22544.004,
2026-09-20T21:57:49.309374+00:00,200,130735.144,
2026-09-20T21:59:30.420385+00:00,200,29626.241,
2026-09-20T21:58:28.245915+00:00,200,91803.77,
2026-09-20T21:59:09.759870+00:00,200,50292.281,
2026-09-20T21:58:34.412245+00:00,200,85642.864,
2026-09-20T21:58:51.229412+00:00,200,68828.381,
2026-09-20T21:58:38.379227+00:00,200,81703.794,
2026-09-20T21:59:25.811463+00:00,200,34288.888,
2026-09-20T21:59:24.994540+00:00,200,35157.191,
2026-09-20T21:59:31.517298+00:00,200,28637.408,
2026-09-20T21:59:26.763145+00:00,200,33394.602,
2026-09-20T21:59:15.716761+00:00,200,44444.031,
2026-09-20T21:58:55.197929+00:00,200,64966.103,
2026-09-20T21:59:22.685770+00:00,200,37481.188,
2026-09-20T21:59:25.335614+00:00,200,34926.334,
2026-09-20T21:59:27.827992+00:00,200,32437.035,
2026-09-20T21:59:23.329587+00:00,200,36938.591,
2026-09-20T21:59:24.666174+00:00,200,35605.113,
2026-09-20T21:59:00.618244+00:00,200,59656.407,
2026-09-20T21:58:47.475094+00:00,200,72802.922,
2026-09-20T21:58:35.944510+00:00,200,84446.57,
2026-09-20T21:58:36.250528+00:00,200,84143.885,
2026-09-20T21:59:03.219364+00:00,200,57178.348,
2026-09-20T21:59:34.687614+00:00,200,25713.364,
2026-09-20T21:59:37.819323+00:00,200,22585.115,
2026-09-20T21:59:25.288598+00:00,200,35119.457,
2026-09-20T21:57:23.592895+00:00,200,156819.44,
2026-09-20T21:59:26.885958+00:00,200,33529.221,
2026-09-20T21:58:29.207537+00:00,200,91211.634,
2026-09-20T21:59:34.121876+00:00,200,26300.605,
2026-09-20T21:59:10.188006+00:00,200,50238.354,
2026-09-20T21:59:13.555189+00:00,200,46874.849,
2026-09-20T21:59:18.680905+00:00,200,41752.997,
2026-09-20T21:59:20.002163+00:00,200,40435.592,
2026-09-20T21:58:59.679412+00:00,200,60762.361,
2026-09-20T21:57:29.844021+00:00,200,150602.223,
2026-09-20T21:59:27.644490+00:00,200,32805.046,
2026-09-20T21:58:53.793159+00:00,200,66660.563,
2026-09-20T21:59:30.822520+00:00,200,29635.123,
2026-09-20T21:58:22.890474+00:00,200,97571.638,
2026-09-20T21:59:17.823932+00:00,200,42775.03,
2026-09-20T21:58:47.166339+00:00,200,73436.953,
2026-09-20T21:58:55.145349+00:00,200,65462.105,
2026-09-20T21:58:05.072657+00:00,200,115539.338,
2026-09-20T21:59:01.834318+00:00,200,58781.677,
2026-09-20T21:58:02.795212+00:00,200,117825.311,
2026-09-20T21:59:18.181500+00:00,200,42442.857,
2026-09-20T21:58:47.719791+00:00,200,72909.031,
2026-09-20T21:58:59.154281+00:00,200,61478.76,
2026-09-20T21:57:31.217757+00:00,200,149420.167,
2026-09-20T21:59:29.119792+00:00,200,31521.828,
2026-09-20T21:59:28.231346+00:00,200,32414.718,
2026-09-20T21:59:15.922569+00:00,200,44731.469,
2026-09-20T21:59:03.330265+00:00,200,57374.134,
2026-09-20T21:58:56.995816+00:00,200,63806.907,
2026-09-20T21:59:33.380812+00:00,200,27426.362,
2026-09-20T21:59:00.554670+00:00,200,60257.583,
2026-09-20T21:58:32.295504+00:00,200,88521.641,
2026-09-20T21:59:05.599287+00:00,200,55222.388,
2026-09-20T21:59:06.733211+00:00,200,54093.233,
2026-09-20T21:58:52.237534+00:00,200,68593.691,
2026-09-20T21:59:14.297475+00:00,200,46538.535,
2026-09-20T21:59:25.830506+00:00,200,35010.224,
2026-09-20T21:59:26.097164+00:00,200,34748.351,
2026-09-20T21:59:26.660533+00:00,200,34189.906,
2026-09-20T21:59:18.432195+00:00,200,42423.268,
2026-09-20T21:58:32.337063+00:00,200,88523.719,
2026-09-20T21:59:28.035241+00:00,200,32830.324,
2026-09-20T21:59:03.065258+00:00,200,57805.719,
2026-09-20T21:59:20.697080+00:00,200,40178.985,
2026-09-20T21:59:02.028789+00:00,200,58869.869,
2026-09-20T21:58:55.625729+00:00,200,65430.098,
2026-09-20T21:58:30.252855+00:00,200,90808.509,
2026-09-20T21:58:44.393595+00:00,200,76673.045,
2026-09-20T21:59:13.916432+00:00,200,47155.505,
2026-09-20T21:59:23.012074+00:00,200,38065.242,
2026-09-20T21:58:21.820537+00:00,200,99262.548,
2026-09-20T21:59:29.093529+00:00,200,31994.73,
2026-09-20T21:58:33.979575+00:00,200,87114.605,
2026-09-20T21:59:21.552832+00:00,200,39546.426,
2026-09-20T21:59:25.667494+00:00,200,35465.23,
2026-09-20T21:59:00.966264+00:00,200,60183.746,
2026-09-20T21:59:10.399422+00:00,200,50824.367,
2026-09-20T21:59:25.063522+00:00,200,36171.938,
2026-09-20T21:59:15.663911+00:00,200,45577.454,
2026-09-20T21:59:31.814384+00:00,200,29444.754,
2026-09-20T21:58:58.935172+00:00,200,62330.062,
2026-09-20T21:59:30.263930+00:00,200,31019.191,
2026-09-20T21:57:54.346880+00:00,200,126955.105,
2026-09-20T21:58:57.278069+00:00,200,64035.842,
2026-09-20T21:59:14.264209+00:00,200,47128.288,
2026-09-20T21:59:36.264228+00:00,200,25193.498,
2026-09-20T21:59:04.151221+00:00,200,57351.912,
2026-09-20T21:59:02.618536+00:00,200,58895.963,
2026-09-20T21:58:17.608830+00:00,200,103957.53,
2026-09-20T21:59:27.741954+00:00,200,33870.788,
2026-09-20T21:59:12.347685+00:00,200,49363.291,
2026-09-20T21:59:27.946255+00:00,200,33891.519,
2026-09-20T21:59:33.080667+00:00,200,29030.505,
2026-09-20T21:59:15.200345+00:00,200,47090.18,
2026-09-20T21:59:22.128560+00:00,200,40173.329,
2026-09-20T21:59:26.279172+00:00,200,36028.217,
2026-09-20T21:58:52.998945+00:00,200,69512.083,
2026-09-20T21:58:56.326089+00:00,200,66219.08,
2026-09-20T21:59:03.787174+00:00,200,58763.703,
2026-09-20T21:59:31.880476+00:00,200,30751.045,
2026-09-20T21:59:33.320981+00:00,200,29316.297,
2026-09-20T21:59:32.732909+00:00,200,29910.249,
2026-09-20T21:59:00.343750+00:00,200,62311.532,
2026-09-20T21:59:14.132924+00:00,200,48528.257,
2026-09-20T21:59:35.185174+00:00,200,27494.138,
2026-09-20T21:59:05.349896+00:00,200,57335.537,
2026-09-20T21:59:22.585761+00:00,200,40118.179,
2026-09-20T21:59:33.926456+00:00,200,28783.707,
2026-09-20T21:58:13.332734+00:00,200,109390.005,
2026-09-20T21:58:01.215470+00:00,200,121628.323,
2026-09-20T21:59:35.001279+00:00,200,27882.684,
2026-09-20T21:59:25.898754+00:00,200,37008.438,
2026-09-20T21:59:14.814641+00:00,200,48115.909,
2026-09-20T21:59:17.440890+00:00,200,45501.207,
2026-09-20T21:58:22.296409+00:00,200,100735.402,
2026-09-20T21:59:06.695653+00:00,200,56547.398,
2026-09-20T21:59:27.073811+00:00,200,36174.886,
2026-09-20T21:59:01.076696+00:00,200,62358.349,
2026-09-20T21:58:59.534154+00:00,200,63980.266,
2026-09-20T21:59:15.787549+00:00,200,47734.114,
2026-09-20T21:59:12.013921+00:00,200,51610.802,
2026-09-20T21:59:30.168389+00:00,200,33524.612,
2026-09-20T21:59:27.357698+00:00,200,36432.196,
2026-09-20T21:58:33.272030+00:00,200,90632.733,
2026-09-20T21:58:47.557082+00:00,200,76359.058,
2026-09-20T21:59:27.743652+00:00,200,36310.774,
2026-09-20T21:58:48.677547+00:00,200,75480.888,
2026-09-20T21:59:20.590196+00:00,200,43579.364,
2026-09-20T21:59:15.851115+00:00,200,48329.871,
2026-09-20T21:59:26.670673+00:00,200,37515.91,
2026-09-20T21:59:11.424843+00:00,200,52784.719,
2026-09-20T21:59:32.598812+00:00,200,31621.976,
2026-09-20T21:59:27.296051+00:00,200,36930.609,
2026-09-20T21:59:34.905534+00:00,200,29332.653,
2026-09-20T21:58:36.036030+00:00,200,88284.846,
2026-09-20T21:59:07.919524+00:00,200,56430.551,
2026-09-20T21:59:37.410380+00:00,200,26990.967,
2026-09-20T21:59:34.666706+00:00,200,29745.824,
2026-09-20T21:59:15.032061+00:00,200,49397.43,
2026-09-20T21:59:01.993674+00:00,200,62470.404,
2026-09-20T21:59:04.845963+00:00,200,59752.09,
2026-09-20T21:58:37.150687+00:00,200,87535.144,
2026-09-20T21:59:23.359365+00:00,200,41363.081,
2026-09-20T21:59:15.845860+00:00,200,48912.459,
2026-09-20T21:59:22.799490+00:00,200,41984.477,
2026-09-20T21:58:09.238901+00:00,200,115558.596,
2026-09-20T21:57:59.128543+00:00,200,125732.47,
2026-09-20T21:58:48.024602+00:00,200,76908.705,
2026-09-20T21:58:48.910495+00:00,200,76079.971,
2026-09-20T21:59:33.065337+00:00,200,32035.613,
2026-09-20T21:59:25.002558+00:00,200,40100.972,
2026-09-20T21:59:26.693246+00:00,200,38420.823,
2026-09-20T21:59:27.185297+00:00,200,37999.112,
2026-09-20T21:59:11.614365+00:00,200,53580.177,
2026-09-20T21:59:02.413369+00:00,200,62803.308,
2026-09-20T21:59:12.167907+00:00,200,53054.08,
2026-09-20T21:59:23.346986+00:00,200,41882.317,
2026-09-20T21:59:33.800952+00:00,200,31428.322,
2026-09-20T21:59:09.179029+00:00,200,56095.521,
2026-09-20T21:59:31.386644+00:00,200,33897.346,
2026-09-20T21:59:17.457437+00:00,200,47834.205,
2026-09-20T21:58:36.709327+00:00,200,88584.911,
2026-09-20T21:59:37.253160+00:00,200,28043.15,
2026-09-20T21:58:15.806354+00:00,200,109517.129,
2026-09-20T21:59:27.436286+00:00,200,37886.848,
2026-09-20T21:59:28.867737+00:00,200,36462.607,
2026-09-20T21:59:02.805878+00:00,200,62640.181,
2026-09-20T21:58:55.908676+00:00,200,69545.184,
2026-09-20T21:59:15.603818+00:00,200,49861.646,
2026-09-20T21:58:08.349031+00:00,200,117133.494,
2026-09-20T21:57:53.262122+00:00,200,132254.892,
2026-09-20T21:58:40.751074+00:00,200,84798.994,
2026-09-20T21:59:00.949731+00:00,200,64601.647,
2026-09-20T21:59:17.621901+00:00,200,47956.176,
2026-09-20T21:59:37.744229+00:00,200,27845.435,
2026-09-20T21:59:13.317313+00:00,200,52323.881,
2026-09-20T21:59:04.828698+00:00,200,60813.608,
2026-09-20T21:59:34.781068+00:00,200,30864.289,
2026-09-20T21:58:49.161797+00:00,200,76516.728,
2026-09-20T21:59:13.656189+00:00,200,52030.998,
2026-09-20T21:59:34.969147+00:00,200,30720.484,
2026-09-20T21:59:13.423340+00:00,200,52269.517,
2026-09-20T21:59:01.823465+00:00,200,63876.033,
2026-09-20T21:59:02.712594+00:00,200,62991.331,
2026-09-20T21:59:25.957584+00:00,200,39759.357,
2026-09-20T21:59:15.802111+00:00,200,49918.302,
2026-09-20T21:59:37.082978+00:00,200,28639.533,
2026-09-20T21:59:28.921354+00:00,200,36814.209,
2026-09-20T21:59:02.888912+00:00,200,62851.074,
2026-09-20T21:58:39.102437+00:00,200,86638.719,
2026-09-20T21:59:33.231780+00:00,200,32527.222,
2026-09-20T21:59:24.932947+00:00,200,40838.971,
2026-09-20T21:59:36.216005+00:00,200,29559.017,
2026-09-20T21:58:15.695960+00:00,200,110118.208,
2026-09-20T21:59:34.560674+00:00,200,31267.078,
2026-09-20T21:58:59.236371+00:00,200,66603.526,
2026-09-20T21:58:26.718972+00:00,200,99135.38,
2026-09-20T21:58:00.313911+00:00,200,125555.913,
2026-09-20T21:59:24.595086+00:00,200,41311.941,
2026-09-20T21:59:34.396639+00:00,200,31514.872,
2026-09-20T21:59:14.206877+00:00,200,51723.998,
2026-09-20T21:57:37.395342+00:00,200,148537.092,
2026-09-20T21:59:24.883868+00:00,200,41049.564,
2026-09-20T21:59:21.227978+00:00,200,44706.571,
2026-09-20T21:58:58.204925+00:00,200,67736.079,
2026-09-20T21:57:57.881956+00:00,200,128069.244,
2026-09-20T21:59:22.215464+00:00,200,43736.248,
2026-09-20T21:59:02.679746+00:00,200,63291.531,
2026-09-20T21:59:34.534204+00:00,200,31443.211,
2026-09-20T21:59:19.980509+00:00,200,46002.778,
2026-09-20T21:58:35.423394+00:00,200,90562.46,
2026-09-20T21:59:23.076733+00:00,200,42932.373,
2026-09-20T21:59:33.857704+00:00,200,32155.576,
2026-09-20T21:59:33.842044+00:00,200,32188.235,
2026-09-20T21:58:36.285892+00:00,200,89748.347,
2026-09-20T21:59:24.097419+00:00,200,41940.872,
2026-09-20T21:59:17.370872+00:00,200,48670.534,
2026-09-20T21:59:35.483818+00:00,200,30566.568,
2026-09-20T21:58:54.190029+00:00,200,71867.277,
2026-09-20T21:59:28.894605+00:00,200,37165.871,
2026-09-20T21:59:04.007711+00:00,200,62058.033,
2026-09-20T21:59:18.958426+00:00,200,47118.966,
2026-09-20T21:58:56.488370+00:00,200,69590.297,
2026-09-20T21:59:03.106957+00:00,200,62979.406,
2026-09-20T21:59:00.542045+00:00,200,65546.489,
2026-09-20T21:59:33.799810+00:00,200,32292.517,
2026-09-20T21:59:11.894582+00:00,200,54200.303,
2026-09-20T21:59:02.645900+00:00,200,63458.295,
2026-09-20T21:58:50.581387+00:00,200,75526.792,
2026-09-20T21:58:56.193274+00:00,200,69927.236,
2026-09-20T21:58:48.572005+00:00,200,77556.964,
2026-09-20T21:59:26.785008+00:00,200,39346.723,
2026-09-20T21:59:24.369102+00:00,200,41772.85,
2026-09-20T21:58:26.945944+00:00,200,99198.285,
2026-09-20T21:58:58.619076+00:00,200,67535.468,
2026-09-20T21:59:23.053435+00:00,200,43103.213,
2026-09-20T21:58:54.056472+00:00,200,72105.097,
2026-09-20T21:59:32.875863+00:00,200,33290.029,
2026-09-20T21:59:34.027682+00:00,200,32150.84,
2026-09-20T21:59:34.783497+00:00,200,31396.431,
2026-09-20T21:59:15.605324+00:00,200,50582.706,
2026-09-20T21:59:34.540798+00:00,200,31662.632,
2026-09-20T21:58:41.993905+00:00,200,84231.906,
2026-09-20T21:59:26.570723+00:00,200,39662.352,
2026-09-20T21:58:24.272038+00:00,200,101967.709,
2026-09-20T21:59:14.513710+00:00,200,51726.837,
2026-09-20T21:59:33.804331+00:00,200,32445.931,
2026-09-20T21:59:34.802951+00:00,200,31453.479,
2026-09-20T21:58:20.609195+00:00,200,105671.869,
2026-09-20T21:59:35.049898+00:00,200,31233.072,
2026-09-20T21:59:27.790822+00:00,200,38492.995,
2026-09-20T21:59:24.824640+00:00,200,41467.498,
2026-09-20T21:59:20.632104+00:00,200,45666.523,
2026-09-20T21:59:15.514225+00:00,200,50788.531,
2026-09-20T21:59:37.479588+00:00,200,28827.971,
2026-09-20T21:59:33.943523+00:00,200,32376.445,
2026-09-20T21:58:35.262939+00:00,200,91058.03,
2026-09-20T21:59:17.179534+00:00,200,49148.986,
2026-09-20T21:59:12.637193+00:00,200,53715.42,
2026-09-20T21:58:30.499602+00:00,200,95863.597,
2026-09-20T21:59:31.042750+00:00,200,35321.77,
2026-09-20T21:59:16.652527+00:00,200,49712.57,
2026-09-20T21:57:33.373129+00:00,200,153001.521,
2026-09-20T21:59:26.677188+00:00,200,39713.492,
2026-09-20T21:58:39.402957+00:00,200,87005.835,
2026-09-20T21:59:33.241038+00:00,200,33174.877,
2026-09-20T21:59:15.576674+00:00,200,50847.671,
2026-09-20T21:59:28.612338+00:00,200,37824.335,
2026-09-20T21:59:02.465401+00:00,200,63982.706,
2026-09-20T21:57:38.668410+00:00,200,147784.485,
2026-09-20T21:58:21.834621+00:00,200,104621.902,
2026-09-20T21:59:34.517546+00:00,200,31939.649,
2026-09-20T21:58:36.444526+00:00,200,90013.373,
2026-09-20T21:59:13.566111+00:00,200,52901.12,
2026-09-20T21:57:50.636736+00:00,200,135843.872,
2026-09-20T21:59:15.029353+00:00,200,51461.318,
2026-09-20T21:59:24.031866+00:00,200,42459.328,
2026-09-20T21:59:14.896620+00:00,200,51607.742,
2026-09-20T21:59:24.568794+00:00,200,41936.884,
2026-09-20T21:57:54.634925+00:00,200,131875.347,
2026-09-20T21:58:34.500392+00:00,200,92016.575,
2026-09-20T21:57:54.450286+00:00,200,132069.149,
2026-09-20T21:57:41.843965+00:00,200,144682.101,
2026-09-20T21:59:26.453519+00:00,200,40076.118,
2026-09-20T21:59:25.806936+00:00,200,40728.763,
2026-09-20T21:57:55.809383+00:00,200,130728.676,
2026-09-20T21:59:20.464865+00:00,200,46076.682,
2026-09-20T21:59:11.191565+00:00,200,55361.686,
2026-09-20T21:59:19.687577+00:00,200,46867.926,
2026-09-20T21:59:32.786370+00:00,200,33785.03,
2026-09-20T21:58:17.994735+00:00,200,108580.123,
2026-09-20T21:59:32.812479+00:00,200,33766.953,
2026-09-20T21:58:58.977762+00:00,200,67618.548,
2026-09-20T21:59:26.213402+00:00,200,40386.592,
2026-09-20T21:58:07.114940+00:00,200,119491.313,
2026-09-20T21:58:30.341624+00:00,200,96267.925,
2026-09-20T21:59:24.015980+00:00,200,42604.795,
2026-09-20T21:58:36.683814+00:00,200,89937.496,
2026-09-20T21:59:34.202810+00:00,200,32424.672,
2026-09-20T21:59:03.738469+00:00,200,62893.927,
2026-09-20T21:59:33.548773+00:00,200,33090.708,
2026-09-20T21:58:28.952919+00:00,200,97691.029,
2026-09-20T21:59:06.558133+00:00,200,60085.961,
2026-09-20T21:58:47.778872+00:00,200,78865.743,
2026-09-20T21:59:35.575198+00:00,200,31096.505,
2026-09-20T21:59:36.845359+00:00,200,29828.04,
2026-09-20T21:59:15.773495+00:00,200,50912.736,
2026-09-20T21:59:03.429940+00:00,200,63259.166,
2026-09-20T21:59:08.523640+00:00,200,58185.846,
2026-09-20T21:58:37.379794+00:00,200,89343.313,
2026-09-20T21:59:26.385640+00:00,200,40448.462,
2026-09-20T21:59:27.509581+00:00,200,39409.982,
2026-09-20T21:59:26.951031+00:00,200,39968.883,
2026-09-20T21:59:26.856891+00:00,200,40063.414,
2026-09-20T21:58:29.758857+00:00,200,97162.21,
2026-09-20T21:59:20.039914+00:00,200,46881.339,
2026-09-20T21:59:34.930493+00:00,200,31991.187,
2026-09-20T21:59:22.597346+00:00,200,44324.966,
2026-09-20T21:59:26.123434+00:00,200,40799.466,
2026-09-20T21:58:38.988401+00:00,200,87935.425,
2026-09-20T21:59:15.698007+00:00,200,51226.302,
2026-09-20T21:59:22.667914+00:00,200,44257.113,
2026-09-20T21:57:53.580448+00:00,200,133345.864,
2026-09-20T21:59:12.834815+00:00,200,54091.845,
2026-09-20T21:59:03.725222+00:00,200,63241.097,
2026-09-20T21:59:25.476850+00:00,200,41493.945,
2026-09-20T21:59:10.210811+00:00,200,56760.942,
2026-09-20T21:58:53.205189+00:00,200,73767.601,
2026-09-20T21:59:21.320994+00:00,200,45652.569,
2026-09-20T21:59:20.396530+00:00,200,46578.051,
2026-09-20T21:59:04.525106+00:00,200,62476.219,
2026-09-20T21:58:32.827869+00:00,200,94208.968,
2026-09-20T21:59:30.353780+00:00,200,36683.87,
2026-09-20T21:59:20.119791+00:00,200,46919.111,
2026-09-20T21:58:55.998365+00:00,200,71041.955,
2026-09-20T21:59:04.718772+00:00,200,62338.3,
2026-09-20T21:59:34.844597+00:00,200,32229.519,
2026-09-20T21:59:22.134730+00:00,200,44978.13,
2026-09-20T21:58:51.390119+00:00,200,75724.262,
2026-09-20T21:59:23.270813+00:00,200,43844.71,
2026-09-20T21:59:33.997356+00:00,200,33119.495,
2026-09-20T21:59:06.304560+00:00,200,60813.869,
2026-09-20T21:59:33.906511+00:00,200,33213.169,
2026-09-20T21:59:37.400013+00:00,200,29721.079,
2026-09-20T21:59:18.817797+00:00,200,48304.869,
2026-09-20T21:59:16.269479+00:00,200,50854.742,
2026-09-20T21:57:18.842710+00:00,200,168334.549,
2026-09-20T21:59:36.561456+00:00,200,30616.8,
2026-09-20T21:59:11.452356+00:00,200,55727.81,
2026-09-20T21:58:56.626535+00:00,200,70555.522,
2026-09-20T21:59:19.514806+00:00,200,47669.001,
2026-09-20T21:59:16.177463+00:00,200,51008.242,
2026-09-20T21:59:01.261382+00:00,200,65926.411,
2026-09-20T21:58:59.007246+00:00,200,68182.575,
2026-09-20T21:58:32.771871+00:00,200,94420.162,
2026-09-20T21:58:32.074625+00:00,200,95183.537,
2026-09-20T21:58:23.562834+00:00,200,103697.684,
2026-09-20T21:58:56.962047+00:00,200,70300.68,
2026-09-20T21:59:10.222678+00:00,200,57042.499,
2026-09-20T21:59:18.793484+00:00,200,48474.049,
2026-09-20T21:58:40.135763+00:00,200,87199.803,
2026-09-20T21:59:12.421442+00:00,200,54925.497,
2026-09-20T21:59:18.846110+00:00,200,48503.695,
2026-09-20T21:59:27.037036+00:00,200,40398.536,
2026-09-20T21:59:26.407802+00:00,200,41030.739,
2026-09-20T21:59:02.291074+00:00,200,65150.7,
2026-09-20T21:58:30.751138+00:00,200,96693.918,
2026-09-20T21:59:15.425505+00:00,200,52022.433,
2026-09-20T21:58:41.697447+00:00,200,85753.907,
2026-09-20T21:58:55.326013+00:00,200,72128.919,
2026-09-20T21:58:29.403149+00:00,200,98055.275,
2026-09-20T21:59:34.451698+00:00,200,33009.761,
2026-09-20T21:59:10.545329+00:00,200,56919.643,
2026-09-20T21:59:25.418378+00:00,200,42075.169,
2026-09-20T21:59:02.555416+00:00,200,64945.454,
2026-09-20T21:59:25.384416+00:00,200,42138.543,
2026-09-20T21:59:37.463105+00:00,200,30067.212,
2026-09-20T21:59:17.053291+00:00,200,50492.337,
2026-09-20T21:59:21.440113+00:00,200,46117.493,
2026-09-20T21:58:19.192849+00:00,200,108410.522,
2026-09-20T21:58:54.538029+00:00,200,73115.559,
2026-09-20T21:59:35.337489+00:00,200,32370.188,
2026-09-20T21:59:10.694545+00:00,200,57076.204,
2026-09-20T21:59:04.861108+00:00,200,62956.958,
2026-09-20T21:59:25.765323+00:00,200,42080.652,
2026-09-20T21:59:25.192237+00:00,200,42657.202,
2026-09-20T21:58:41.703404+00:00,200,86218.316,
2026-09-20T21:59:12.599201+00:00,200,55325.839,
2026-09-20T21:59:17.798254+00:00,200,50130.288,
2026-09-20T21:59:35.401222+00:00,200,32530.888,
2026-09-20T21:59:29.515360+00:00,200,38420.45,
2026-09-20T21:58:12.813634+00:00,200,115126.372,
2026-09-20T21:58:39.251670+00:00,200,88691.94,
2026-09-20T21:59:34.777537+00:00,200,33169.587,
2026-09-20T21:59:26.236984+00:00,200,41714.149,
2026-09-20T21:59:16.127561+00:00,200,51827.572,
2026-09-20T21:59:30.756511+00:00,200,37202.572,
2026-09-20T21:59:35.008417+00:00,200,32954.751,
2026-09-20T21:58:26.663903+00:00,200,101303.79,
2026-09-20T21:59:17.326584+00:00,200,50645.096,
2026-09-20T21:59:19.861852+00:00,200,48114.102,
2026-09-20T21:59:34.965672+00:00,200,33014.564,
2026-09-20T21:58:35.538478+00:00,200,92446.479,
2026-09-20T21:59:00.557629+00:00,200,67431.606,
2026-09-20T21:59:26.209722+00:00,200,41783.912,
2026-09-20T21:58:55.754385+00:00,200,72244.021,
2026-09-20T21:59:33.818155+00:00,200,34184.721,
2026-09-20T21:58:00.545718+00:00,200,127559.132,
2026-09-20T21:59:19.219990+00:00,200,48903.607,
2026-09-20T21:59:02.765636+00:00,200,65362.88,
2026-09-20T21:59:29.932250+00:00,200,38200.997,
2026-09-20T21:59:25.612793+00:00,200,42525.396,
2026-09-20T21:58:53.207793+00:00,200,74935.546,
2026-09-20T21:59:20.411367+00:00,200,47736.815,
2026-09-20T21:57:33.777078+00:00,200,154406.934,
2026-09-20T21:58:12.655028+00:00,200,115633.901,
2026-09-20T21:58:42.013698+00:00,200,86280.31,
2026-09-20T21:58:53.675529+00:00,200,74623.797,
2026-09-20T21:59:25.090255+00:00,200,43214.204,
2026-09-20T21:57:51.406661+00:00,200,136903.706,
2026-09-20T21:58:31.017852+00:00,200,97297.714,
2026-09-20T21:59:26.755991+00:00,200,41564.761,
2026-09-20T21:58:59.763885+00:00,200,68562.444,
2026-09-20T21:59:14.555909+00:00,200,53775.896,
2026-09-20T21:59:27.519066+00:00,200,40818.267,
2026-09-20T21:58:16.654162+00:00,200,111689.213,
2026-09-20T21:59:13.397205+00:00,200,54951.573,
2026-09-20T21:58:19.359141+00:00,200,108995.687,
2026-09-20T21:58:57.531169+00:00,200,70829.199,
2026-09-20T21:58:14.666074+00:00,200,113700.511,
2026-09-20T21:58:38.502318+00:00,200,89870.228,
2026-09-20T21:59:34.512738+00:00,200,33865.706,
2026-09-20T21:59:02.487098+00:00,200,65897.841,
2026-09-20T21:58:42.559524+00:00,200,85831.839,
2026-09-20T21:59:01.473339+00:00,200,66924.238,
2026-09-20T21:59:34.016678+00:00,200,34387.073,
2026-09-20T21:59:12.309910+00:00,200,56100.369,
2026-09-20T21:59:25.859309+00:00,200,42557.218,
2026-09-20T21:59:23.533462+00:00,200,44889.444,
2026-09-20T21:59:05.202702+00:00,200,63226.976,
2026-09-20T21:59:34.964155+00:00,200,33643.15,
2026-09-20T21:58:38.607197+00:00,200,90007.042,
2026-09-20T21:59:19.308781+00:00,200,49311.921,
2026-09-20T21:58:24.839629+00:00,200,103788.107,
2026-09-20T21:59:28.905578+00:00,200,39728.533,
2026-09-20T21:59:37.007778+00:00,200,31633.05,
2026-09-20T21:58:57.975253+00:00,200,70672.734,
2026-09-20T21:58:22.659307+00:00,200,105995.938,
2026-09-20T21:59:21.139392+00:00,200,47522.54,
2026-09-20T21:59:26.397361+00:00,200,42271.778,
2026-09-20T21:59:16.174606+00:00,200,52501.681,
2026-09-20T21:59:17.284992+00:00,200,51398.548,
2026-09-20T21:59:25.028605+00:00,200,43662.181,
2026-09-20T21:59:28.716507+00:00,200,39981.603,
2026-09-20T21:58:42.084230+00:00,200,86621.568,
2026-09-20T21:58:21.151309+00:00,200,107561.883,
2026-09-20T21:59:18.264263+00:00,200,50456.046,
2026-09-20T21:59:09.882943+00:00,200,58844.838,
2026-09-20T21:59:17.188959+00:00,200,51546.248,
2026-09-20T21:59:14.769518+00:00,200,53973.235,
2026-09-20T21:59:33.561604+00:00,200,35188.57,
2026-09-20T21:59:24.964021+00:00,200,43883.318,
2026-09-20T21:59:17.282370+00:00,200,51692.636,
2026-09-20T21:59:27.941382+00:00,200,41041.579,
2026-09-20T21:59:19.110436+00:00,200,49880.557,
2026-09-20T21:59:23.786361+00:00,200,45212.757,
2026-09-20T21:59:24.535188+00:00,200,44472.206,
2026-09-20T21:58:55.280467+00:00,200,73735.25,
2026-09-20T21:59:20.486585+00:00,200,48537.175,
2026-09-20T21:59:29.689019+00:00,200,39342.953,
2026-09-20T21:59:11.442583+00:00,200,57597.857,
2026-09-20T21:59:27.216504+00:00,200,41832.297,
2026-09-20T21:58:16.436133+00:00,200,112621.523,
2026-09-20T21:58:39.137391+00:00,200,89928.664,
2026-09-20T21:59:24.740428+00:00,200,44334.856,
2026-09-20T21:59:13.311195+00:00,200,55903.164,
2026-09-20T21:58:57.762506+00:00,200,71547.52,
2026-09-20T21:59:34.043388+00:00,200,35275.094,
2026-09-20T21:58:39.936497+00:00,200,89391.016,
2026-09-20T21:59:10.505907+00:00,200,58830.194,
2026-09-20T21:59:17.264504+00:00,200,52080.352,
2026-09-20T21:58:57.209992+00:00,200,72143.788,
2026-09-20T21:58:54.136963+00:00,200,75225.716,
2026-09-20T21:58:30.096198+00:00,200,99275.468,
2026-09-20T21:59:12.666878+00:00,200,56713.584,
2026-09-20T21:59:29.897170+00:00,200,39492.322,
2026-09-20T21:58:59.622977+00:00,200,69775.825,
2026-09-20T21:59:17.124112+00:00,200,52283.769,
2026-09-20T21:59:35.749806+00:00,200,33667.338,
2026-09-20T21:58:56.627410+00:00,200,72799.32,
2026-09-20T21:59:02.894141+00:00,200,66542.029,
2026-09-20T21:58:21.329621+00:00,200,108116.182,
2026-09-20T21:59:24.247938+00:00,200,45207.086,
2026-09-20T21:58:35.783145+00:00,200,93681.722,
2026-09-20T21:57:52.818085+00:00,200,136656.701,
2026-09-20T21:59:12.772401+00:00,200,56711.551,
2026-09-20T21:59:26.913297+00:00,200,42580.306,
2026-09-20T21:58:39.770232+00:00,200,89733.474,
2026-09-20T21:58:19.033981+00:00,200,110479.721,
2026-09-20T21:59:18.944782+00:00,200,50578.578,
2026-09-20T21:58:35.232820+00:00,200,94300.85,
2026-09-20T21:58:56.395473+00:00,200,73148.183,
2026-09-20T21:59:16.718411+00:00,200,52835.254,
2026-09-20T21:59:12.157941+00:00,200,57406.047,
2026-09-20T21:57:37.486373+00:00,200,152088.434,
2026-09-20T21:59:12.840557+00:00,200,56744.123,
2026-09-20T21:59:04.572654+00:00,200,65022.457,
2026-09-20T21:59:03.732940+00:00,200,65872.622,
2026-09-20T21:59:19.012538+00:00,200,50603.399,
2026-09-20T21:59:28.099655+00:00,200,41527.172,
2026-09-20T21:58:17.043164+00:00,200,112595.099,
2026-09-20T21:59:23.963770+00:00,200,45685.131,
2026-09-20T21:59:16.617204+00:00,200,53042.26,
2026-09-20T21:59:05.977218+00:00,200,63693.167,
2026-09-20T21:59:16.062421+00:00,200,53618.642,
2026-09-20T21:59:26.882499+00:00,200,42809.178,
2026-09-20T21:59:24.299694+00:00,200,45402.692,
2026-09-20T21:58:57.929880+00:00,200,71783.478,
2026-09-20T21:58:54.667505+00:00,200,75056.79,
2026-09-20T21:59:31.520263+00:00,200,38214.713,
2026-09-20T21:58:32.484843+00:00,200,97261.51,
2026-09-20T21:59:00.797928+00:00,200,68959.216,
2026-09-20T21:58:47.850304+00:00,200,81918.032,
2026-09-20T21:59:16.646670+00:00,200,53132.892,
2026-09-20T21:59:29.052697+00:00,200,40911.284,
2026-09-20T21:57:47.785428+00:00,200,142312.571,
2026-09-20T21:59:33.867669+00:00,200,36240.988,
2026-09-20T21:59:30.538783+00:00,200,39581.176,
2026-09-20T21:59:21.239405+00:00,200,48892.034,
2026-09-20T21:58:51.482603+00:00,200,78660.519,
2026-09-20T21:59:33.766961+00:00,200,36387.724,
2026-09-20T21:59:18.110696+00:00,200,52055.637,
2026-09-20T21:59:27.238194+00:00,200,42939.571,
2026-09-20T21:58:01.547330+00:00,200,128642.537,
2026-09-20T21:59:11.944851+00:00,200,58256.365,
2026-09-20T21:58:16.492381+00:00,200,113721.163,
2026-09-20T21:59:32.842950+00:00,200,37382.134,
2026-09-20T21:59:18.312620+00:00,200,51924.428,
2026-09-20T21:59:27.938952+00:00,200,42310.097,
2026-09-20T21:59:19.689719+00:00,200,50571.364,
2026-09-20T21:59:25.421661+00:00,200,44851.587,
2026-09-20T21:59:13.136678+00:00,200,57148.95,
2026-09-20T21:59:14.729443+00:00,200,55568.221,
2026-09-20T21:59:34.780126+00:00,200,35529.7,
2026-09-20T21:59:11.283805+00:00,200,59038.353,
2026-09-20T21:59:12.106942+00:00,200,58227.549,
2026-09-20T21:59:25.823360+00:00,200,44523.803,
2026-09-20T21:59:01.088967+00:00,200,69271.504,
2026-09-20T21:58:35.785303+00:00,200,94587.792,
2026-09-20T21:59:33.035965+00:00,200,37349.5,
2026-09-20T21:59:24.616661+00:00,200,45781.935,
2026-09-20T21:58:38.935923+00:00,200,91476.174,
2026-09-20T21:59:36.964740+00:00,200,33460.304,
2026-09-20T21:59:34.018111+00:00,200,36420.238,
2026-09-20T21:59:33.609110+00:00,200,36842.725,
2026-09-20T21:59:19.666537+00:00,200,50798.621,
2026-09-20T21:59:02.071578+00:00,200,68406.685,
2026-09-20T21:59:14.924004+00:00,200,55567.307,
2026-09-20T21:59:18.835804+00:00,200,51669.14,
2026-09-20T21:58:29.709144+00:00,200,100809.846,
2026-09-20T21:59:09.845676+00:00,200,60686.484,
2026-09-20T21:59:27.463917+00:00,200,43081.551,
2026-09-20T21:58:48.214411+00:00,200,82345.093,
2026-09-20T21:59:06.552673+00:00,200,64024.419,
2026-09-20T21:59:24.609069+00:00,200,46160.888,
2026-09-20T21:59:27.016409+00:00,200,43891.525,
2026-09-20T21:58:48.953709+00:00,200,81968.215,
2026-09-20T21:59:14.742982+00:00,200,56192.949,
2026-09-20T21:59:12.544062+00:00,200,58405.618,
2026-09-20T21:59:22.252907+00:00,200,48710.639,
2026-09-20T21:58:39.964871+00:00,200,91013.324,
2026-09-20T21:58:07.084636+00:00,200,123908.102,
2026-09-20T21:58:34.105611+00:00,200,96901.49,
2026-09-20T21:59:25.558605+00:00,200,45462.744,
2026-09-20T21:59:02.569501+00:00,200,68466.417,
2026-09-20T21:59:13.718788+00:00,200,57331.526,
2026-09-20T21:59:13.434654+00:00,200,57630.259,
2026-09-20T21:59:29.988538+00:00,200,41092.673,
2026-09-20T21:58:07.347799+00:00,200,123748.604,
2026-09-20T21:58:26.092498+00:00,200,105018.458,
2026-09-20T21:59:25.778836+00:00,200,45346.579,
2026-09-20T21:59:18.401611+00:00,200,52738.572,
2026-09-20T21:57:15.757256+00:00,200,175398.394,
2026-09-20T21:58:05.036203+00:00,200,126133.933,
2026-09-20T21:59:37.382569+00:00,200,33862.159,
2026-09-20T21:59:10.052552+00:00,200,61310.757,
2026-09-20T21:59:26.106324+00:00,200,45301.8,
2026-09-20T21:58:13.761348+00:00,200,117871.066,
2026-09-20T21:59:34.300582+00:00,200,37376.126,
2026-09-20T21:58:53.719682+00:00,200,78015.57,
2026-09-20T21:59:29.875821+00:00,200,41873.983,
2026-09-20T21:58:57.005321+00:00,200,74892.277,
2026-09-20T21:58:32.768540+00:00,200,99331.109,
2026-09-20T21:58:36.011061+00:00,200,96218.52,
2026-09-20T21:59:28.213026+00:00,200,44211.252,
2026-09-20T21:59:26.059964+00:00,200,46491.364,
2026-09-20T21:59:07.019374+00:00,200,65645.686,
2026-09-20T21:59:03.377477+00:00,200,69392.319,
2026-09-20T21:59:13.503001+00:00,200,59348.559,
2026-09-20T21:58:15.589870+00:00,200,117433.435,
2026-09-20T21:59:16.691478+00:00,200,56435.561,
2026-09-20T21:59:34.141142+00:00,200,39044.658,
2026-09-20T21:59:21.880034+00:00,200,51413.312,
2026-09-20T21:59:03.637000+00:00,200,69673.249,
2026-09-20T21:58:06.471514+00:00,200,126972.675,
2026-09-20T21:59:16.366308+00:00,200,57084.447,
2026-09-20T21:58:47.567875+00:00,200,85889.397,
2026-09-20T21:59:25.936768+00:00,200,47533.348,
2026-09-20T21:59:20.907283+00:00,200,52569.278,
2026-09-20T21:59:31.341608+00:00,200,42167.54,
2026-09-20T21:59:13.121514+00:00,200,60400.74,
2026-09-20T21:59:16.140748+00:00,200,57439.265,
2026-09-20T21:59:29.446014+00:00,200,44249.013,
2026-09-20T21:59:32.635730+00:00,200,41122.614,
2026-09-20T21:59:26.951794+00:00,200,46831.354,
2026-09-20T21:59:16.375038+00:00,200,57471.793,
2026-09-20T21:59:04.291753+00:00,200,69594.299,
2026-09-20T21:59:22.065512+00:00,200,51825.325,
2026-09-20T21:58:33.394928+00:00,200,100510.909,
2026-09-20T21:59:17.730921+00:00,200,56233.957,
2026-09-20T21:57:48.653042+00:00,200,145331.854,
2026-09-20T21:59:18.275336+00:00,200,55802.523,
2026-09-20T21:59:03.237724+00:00,200,70869.211,
2026-09-20T21:59:09.268128+00:00,200,64855.68,
2026-09-20T21:59:33.086700+00:00,200,41128.439,
2026-09-20T21:59:19.943165+00:00,200,54276.173,
2026-09-20T21:59:22.326122+00:00,200,51897.303,
2026-09-20T21:59:00.807362+00:00,200,73491.175,
2026-09-20T21:58:58.097045+00:00,200,76222.292,
2026-09-20T21:59:29.739601+00:00,200,44661.081,
2026-09-20T21:58:36.546068+00:00,200,97861.943,
2026-09-20T21:59:13.190110+00:00,200,61227.714,
2026-09-20T21:59:00.742763+00:00,200,73771.555,
2026-09-20T21:59:00.752700+00:00,200,73767.173,
2026-09-20T21:58:51.025577+00:00,200,83597.663,
2026-09-20T21:59:03.264541+00:00,200,71374.638,
2026-09-20T21:59:26.195783+00:00,200,48479.523,
2026-09-20T21:59:04.185272+00:00,200,70507.751,
2026-09-20T21:59:15.567755+00:00,200,59155.625,
2026-09-20T21:59:00.220392+00:00,200,74510.806,
2026-09-20T21:59:15.089427+00:00,200,59662.744,
2026-09-20T21:58:57.408679+00:00,200,77354.847,
2026-09-20T21:58:14.548466+00:00,200,120236.167,
2026-09-20T21:59:28.017690+00:00,200,46805.727,
2026-09-20T21:58:48.333399+00:00,200,86521.835,
2026-09-20T21:59:04.310697+00:00,200,70557.673,
2026-09-20T21:59:14.101043+00:00,200,60769.081,
2026-09-20T21:59:29.811397+00:00,200,45060.528,
2026-09-20T21:59:34.457854+00:00,200,40423.517,
2026-09-20T21:59:23.829263+00:00,200,51054.114,
2026-09-20T21:58:31.692003+00:00,200,103234.45,
2026-09-20T21:59:12.898515+00:00,200,62044.511,
2026-09-20T21:58:42.115012+00:00,200,92868.164,
2026-09-20T21:59:29.211339+00:00,200,45777.118,
2026-09-20T21:59:13.504853+00:00,200,61500.638,
2026-09-20T21:59:33.391143+00:00,200,41644.423,
2026-09-20T21:58:18.757836+00:00,200,116293.915,
2026-09-20T21:58:33.784583+00:00,200,101287.37,
2026-09-20T21:59:25.130441+00:00,200,49950.618,
2026-09-20T21:59:04.192876+00:00,200,70890.11,
2026-09-20T21:59:03.879118+00:00,200,71211.79,
2026-09-20T21:59:00.222685+00:00,200,74885.472,
2026-09-20T21:59:24.746162+00:00,200,50382.271,
2026-09-20T21:58:39.961823+00:00,200,95178.838,
2026-09-20T21:59:12.758180+00:00,200,62417.177,
2026-09-20T21:59:03.492634+00:00,200,71690.442,
2026-09-20T21:59:34.865249+00:00,200,40347.081,
2026-09-20T21:58:37.837647+00:00,200,97385.093,
2026-09-20T21:59:34.104109+00:00,200,41131.05,
2026-09-20T21:58:32.749247+00:00,200,102502.153,
2026-09-20T21:59:05.472658+00:00,200,69791.654,
2026-09-20T21:58:47.878105+00:00,200,87389.067,
2026-09-20T21:58:49.691243+00:00,200,85613.834,
2026-09-20T21:59:32.997578+00:00,200,42339.951,
2026-09-20T21:58:28.651559+00:00,200,106714.807,
2026-09-20T21:59:05.586087+00:00,200,69782.207,
2026-09-20T21:59:20.595326+00:00,200,54806.696,
2026-09-20T21:59:09.719687+00:00,200,65698.834,
2026-09-20T21:59:12.040931+00:00,200,63380.339,
2026-09-20T21:58:15.881023+00:00,200,119543.499,
2026-09-20T21:59:34.035100+00:00,200,41432.016,
2026-09-20T21:57:50.975201+00:00,200,144496.541,
2026-09-20T21:59:34.025209+00:00,200,41448.44,
2026-09-20T21:58:53.182975+00:00,200,82304.779,
2026-09-20T21:58:24.963041+00:00,200,110527.526,
2026-09-20T21:59:06.560374+00:00,200,68933.921,
2026-09-20T21:59:24.428835+00:00,200,51067.678,
2026-09-20T21:59:27.177757+00:00,200,48335.323,
2026-09-20T21:59:21.091268+00:00,200,54437.79,
2026-09-20T21:58:49.408553+00:00,200,86127.492,
2026-09-20T21:59:37.704236+00:00,200,37839.21,
2026-09-20T21:59:16.569604+00:00,200,58985.695,
2026-09-20T21:58:00.683082+00:00,200,134877.987,
2026-09-20T21:59:10.588928+00:00,200,64973.521,
2026-09-20T21:59:32.370347+00:00,200,43192.564,
2026-09-20T21:58:26.270113+00:00,200,109295.127,
2026-09-20T21:58:19.680662+00:00,200,115888.224,
2026-09-20T21:59:19.329954+00:00,200,56259.506,
2026-09-20T21:58:29.796024+00:00,200,105815.107,
2026-09-20T21:58:57.031096+00:00,200,78584.421,
2026-09-20T21:59:26.817582+00:00,200,48799.688,
2026-09-20T21:59:36.990807+00:00,200,38642.962,
2026-09-20T21:59:33.262575+00:00,200,42389.087,
2026-09-20T21:59:27.788846+00:00,200,47863.405,
2026-09-20T21:59:21.895733+00:00,200,53770.686,
2026-09-20T21:59:16.088505+00:00,200,59578.529,
2026-09-20T21:59:23.111215+00:00,200,52561.811,
2026-09-20T21:59:28.739685+00:00,200,46952.82,
2026-09-20T21:59:02.613763+00:00,200,73082.089,
2026-09-20T21:57:59.667848+00:00,200,136036.142,
2026-09-20T21:59:35.094249+00:00,200,40611.257,
2026-09-20T21:58:57.289351+00:00,200,78425.583,
2026-09-20T21:59:22.945952+00:00,200,52793.662,
2026-09-20T21:59:31.185119+00:00,200,44555.077,
2026-09-20T21:59:20.177755+00:00,200,55584.394,
2026-09-20T21:59:16.807020+00:00,200,58965.539,
2026-09-20T21:59:12.996606+00:00,200,62777.368,
2026-09-20T21:59:00.018901+00:00,200,75760.288,
2026-09-20T21:59:25.500991+00:00,200,50283.524,
2026-09-20T21:59:25.278948+00:00,200,50515.834,
2026-09-20T21:58:34.540739+00:00,200,101256.266,
2026-09-20T21:59:33.506699+00:00,200,42311.446,
2026-09-20T21:59:15.856419+00:00,200,59962.451,
2026-09-20T21:58:32.671988+00:00,200,103149.083,
2026-09-20T21:59:26.079263+00:00,200,49748.48,
2026-09-20T21:59:04.784602+00:00,200,71050.196,
2026-09-20T21:59:30.268231+00:00,200,45570.898,
2026-09-20T21:59:23.734674+00:00,200,52123.4,
2026-09-20T21:58:40.458432+00:00,200,95412.702,
2026-09-20T21:59:34.778380+00:00,200,41103.729,
2026-09-20T21:59:16.966084+00:00,200,58946.941,
2026-09-20T21:59:15.925474+00:00,200,59988.076,
2026-09-20T21:59:14.084224+00:00,200,61848.295,
2026-09-20T21:59:25.875582+00:00,200,50058.127,
2026-09-20T21:59:10.401831+00:00,200,65541.659,
2026-09-20T21:59:30.071776+00:00,200,45885.055,
2026-09-20T21:59:34.904512+00:00,200,41065.969,
2026-09-20T21:59:35.272338+00:00,200,40706.756,
2026-09-20T21:59:37.806661+00:00,200,38179.231,
2026-09-20T21:59:26.519331+00:00,200,49469.096,
2026-09-20T21:58:49.107971+00:00,200,86887.718,
2026-09-20T21:59:10.786683+00:00,200,65212.237,
2026-09-20T21:59:02.926022+00:00,200,73075.262,
2026-09-20T21:58:18.899303+00:00,200,117115.091,
2026-09-20T21:59:34.335486+00:00,200,41680.676,
2026-09-20T21:58:16.535874+00:00,200,119484.916,
2026-09-20T21:59:25.982942+00:00,200,50039.875,
2026-09-20T21:59:35.642530+00:00,200,40381.822,
2026-09-20T21:58:33.967453+00:00,200,102061.222,
2026-09-20T21:59:14.521441+00:00,200,61527.428,
2026-09-20T21:58:22.871293+00:00,200,113180.709,
2026-09-20T21:59:28.056237+00:00,200,47998.455,
2026-09-20T21:59:26.895144+00:00,200,49163.065,
2026-09-20T21:58:40.837381+00:00,200,95229.624,
2026-09-20T21:59:02.137271+00:00,200,73937.443,
2026-09-20T21:59:25.363533+00:00,200,50711.842,
2026-09-20T21:58:10.326354+00:00,200,125754.181,
2026-09-20T21:58:57.859814+00:00,200,78221.555,
2026-09-20T21:59:14.524311+00:00,200,61567.273,
2026-09-20T21:59:13.147049+00:00,200,62946.557,
2026-09-20T21:59:21.771935+00:00,200,54322.117,
2026-09-20T21:59:34.624301+00:00,200,41476.315,
2026-09-20T21:59:27.408252+00:00,200,48696.744,
2026-09-20T21:58:06.067274+00:00,200,130044.101,
2026-09-20T21:59:21.653581+00:00,200,54476.007,
2026-09-20T21:59:13.057341+00:00,200,63138.617,
2026-09-20T21:59:26.261373+00:00,200,49936.775,
2026-09-20T21:59:25.200407+00:00,200,51002.034,
2026-09-20T21:59:27.564129+00:00,200,48646.846,
2026-09-20T21:57:27.221796+00:00,200,169024.463,
2026-09-20T21:59:36.203178+00:00,200,40042.53,
2026-09-20T21:58:24.608622+00:00,200,111637.724,
2026-09-20T21:58:30.536913+00:00,200,105745.284,
2026-09-20T21:58:57.896767+00:00,200,78399.484,
2026-09-20T21:59:25.225425+00:00,200,51081.706,
2026-09-20T21:59:09.606387+00:00,200,66702.358,
2026-09-20T21:59:11.459419+00:00,200,64849.65,
2026-09-20T21:58:51.174598+00:00,200,85135.049,
2026-09-20T21:59:17.353980+00:00,200,58955.912,
2026-09-20T21:59:34.962742+00:00,200,41349.24,
2026-09-20T21:59:14.304589+00:00,200,62008.399,
2026-09-20T21:59:27.695250+00:00,200,48628.632,
2026-09-20T21:57:59.791629+00:00,200,136533.698,
2026-09-20T21:59:33.057063+00:00,200,43271.04,
2026-09-20T21:59:24.896174+00:00,200,51437.285,
2026-09-20T21:59:12.330941+00:00,200,64005.905,
2026-09-20T21:57:27.653605+00:00,200,168688.214,
2026-09-20T21:58:54.796904+00:00,200,81554.241,
2026-09-20T21:59:35.680752+00:00,200,40684.962,
2026-09-20T21:57:42.003658+00:00,200,154372.501,
2026-09-20T21:59:32.036738+00:00,200,44347.176,
2026-09-20T21:59:30.985275+00:00,200,45404.774,
2026-09-20T21:59:18.330938+00:00,200,58070.842,
2026-09-20T21:59:06.590869+00:00,200,69815.088,
2026-09-20T21:58:20.306147+00:00,200,116101.23,
2026-09-20T21:58:23.681559+00:00,200,112737.049,
2026-09-20T21:58:41.545457+00:00,200,94878.188,
2026-09-20T21:59:12.924632+00:00,200,63521.986,
2026-09-20T21:59:15.853306+00:00,200,60671.694,
2026-09-20T21:59:21.215306+00:00,200,55329.758,
2026-09-20T21:59:33.528043+00:00,200,43021.992,
2026-09-20T21:59:33.389446+00:00,200,43196.178,
2026-09-20T21:59:15.616857+00:00,200,60984.824,
2026-09-20T21:58:24.144212+00:00,200,112458.071,
2026-09-20T21:59:21.395692+00:00,200,55206.612,
2026-09-20T21:59:05.535493+00:00,200,71067.34,
2026-09-20T21:58:33.800369+00:00,200,102826.184,
2026-09-20T21:59:36.014318+00:00,200,40612.339,
2026-09-20T21:59:13.768789+00:00,200,62888.538,
2026-09-20T21:59:26.548106+00:00,200,50120.429,
2026-09-20T21:59:13.145710+00:00,200,63523.437,
2026-09-20T21:59:13.913053+00:00,200,62756.66,
2026-09-20T21:59:09.046951+00:00,200,67623.416,
2026-09-20T21:59:33.884625+00:00,200,42786.27,
2026-09-20T21:59:10.690484+00:00,200,65981.214,
2026-09-20T21:59:32.728413+00:00,200,43943.93,
2026-09-20T21:58:38.624320+00:00,200,98049.126,
2026-09-20T21:58:34.563931+00:00,200,102110.409,
2026-09-20T21:59:22.509935+00:00,200,54180.155,
2026-09-20T21:59:16.935494+00:00,200,59755.596,
2026-09-20T21:59:35.006552+00:00,200,41685.453,
2026-09-20T21:59:19.354379+00:00,200,57356.543,
2026-09-20T21:59:32.293651+00:00,200,44418.215,
2026-09-20T21:59:12.951842+00:00,200,63761.22,
2026-09-20T21:59:37.614387+00:00,200,39099.649,
2026-09-20T21:59:35.495279+00:00,200,41219.928,
2026-09-20T21:59:32.885238+00:00,200,43831.227,
2026-09-20T21:59:02.550013+00:00,200,74167.858,
2026-09-20T21:59:17.077184+00:00,200,59641.862,
2026-09-20T21:59:18.061578+00:00,200,58682.186,
2026-09-20T21:59:06.038147+00:00,200,70757.347,
2026-09-20T21:59:03.766444+00:00,200,73057.695,
2026-09-20T21:59:18.072240+00:00,200,58780.514,
2026-09-20T21:59:25.647519+00:00,200,51207.902,
2026-09-20T21:58:34.017032+00:00,200,102869.12,
2026-09-20T21:58:55.158710+00:00,200,81728.857,
2026-09-20T21:58:15.580204+00:00,200,121309.19,
2026-09-20T21:59:14.560921+00:00,200,62329.78,
2026-09-20T21:59:13.608602+00:00,200,63283.808,
2026-09-20T21:59:26.552437+00:00,200,50341.645,
2026-09-20T21:59:01.550249+00:00,200,75345.785,
2026-09-20T21:59:19.290951+00:00,200,57643.279,
2026-09-20T21:58:04.988307+00:00,200,131948.191,
2026-09-20T21:58:30.133471+00:00,200,106804.747,
2026-09-20T21:59:25.194292+00:00,200,51745.542,
2026-09-20T21:59:17.932779+00:00,200,59009.081,
2026-09-20T21:59:35.340566+00:00,200,41603.218,
2026-09-20T21:59:26.252720+00:00,200,50693.158,
2026-09-20T21:59:27.738644+00:00,200,49209.322,
2026-09-20T21:58:36.645780+00:00,200,100347.024,
2026-09-20T21:59:29.361041+00:00,200,47633.618,
2026-09-20T21:59:32.191984+00:00,200,44804.779,
2026-09-20T21:59:37.242465+00:00,200,39756.489,
2026-09-20T21:59:14.135340+00:00,200,62866.054,
2026-09-20T21:59:15.554294+00:00,200,61449.429,
2026-09-20T21:58:01.476414+00:00,200,135530.12,
2026-09-20T21:58:17.413345+00:00,200,119595.584,
2026-09-20T21:59:14.573814+00:00,200,62437.252,
2026-09-20T21:59:20.698386+00:00,200,56366.472,
2026-09-20T21:59:32.818623+00:00,200,44248.797,
2026-09-20T21:59:32.051893+00:00,200,45018.215,
2026-09-20T21:59:20.191071+00:00,200,56934.488,
2026-09-20T21:58:56.263720+00:00,200,80864.614,
2026-09-20T21:59:33.121050+00:00,200,44067.402,
2026-09-20T21:59:27.794949+00:00,200,49396.361,
2026-09-20T21:58:59.919248+00:00,200,77275.058,
2026-09-20T21:59:18.994419+00:00,200,58202.667,
2026-09-20T21:58:33.703597+00:00,200,103496.681,
2026-09-20T21:58:19.499682+00:00,200,117703.653,
2026-09-20T21:59:15.416222+00:00,200,61789.846,
2026-09-20T21:59:15.422580+00:00,200,61786.613,
2026-09-20T21:59:26.535540+00:00,200,50676.71,
2026-09-20T21:59:26.720585+00:00,200,50494.825,
2026-09-20T21:59:11.791847+00:00,200,65426.846,
2026-09-20T21:59:20.318860+00:00,200,56903.029,
2026-09-20T21:59:06.170662+00:00,200,71128.931,
2026-09-20T21:58:59.231306+00:00,200,78071.812,
2026-09-20T21:58:59.582029+00:00,200,77724.906,
2026-09-20T21:58:52.371883+00:00,200,84939.216,
2026-09-20T21:57:43.715825+00:00,200,153599.214,
2026-09-20T21:58:56.394539+00:00,200,80923.734,
2026-09-20T21:59:34.082740+00:00,200,43238.964,
2026-09-20T21:58:53.672183+00:00,200,83653.522,
2026-09-20T21:59:04.077134+00:00,200,73252.245,
2026-09-20T21:59:24.160015+00:00,200,53173.003,
2026-09-20T21:58:32.227571+00:00,200,105109.437,
2026-09-20T21:59:24.130943+00:00,200,53209.51,
2026-09-20T21:57:43.012894+00:00,200,154331.996,
2026-09-20T21:59:07.266355+00:00,200,70081.912,
2026-09-20T21:57:49.487396+00:00,200,147945.089,
2026-09-20T21:59:33.082264+00:00,200,44353.514,
2026-09-20T21:59:03.986851+00:00,200,73452.979,
2026-09-20T21:58:55.567774+00:00,200,81959.22,
2026-09-20T21:59:15.683931+00:00,200,61846.879,
2026-09-20T21:59:26.825936+00:00,200,50708.752,
2026-09-20T21:59:31.612362+00:00,200,45926.27,
2026-09-20T21:58:58.928470+00:00,200,78614.326,
2026-09-20T21:59:32.953832+00:00,200,44592.836,
2026-09-20T21:59:24.200177+00:00,200,53350.647,
2026-09-20T21:59:34.927381+00:00,200,42627.522,
2026-09-20T21:58:06.844800+00:00,200,130714.811,
2026-09-20T21:59:21.251751+00:00,200,56311.741,
2026-09-20T21:59:32.528215+00:00,200,45039.513,
2026-09-20T21:59:10.764918+00:00,200,66807.298,
2026-09-20T21:59:20.362749+00:00,200,57213.842,
2026-09-20T21:59:00.493562+00:00,200,77087.58,
2026-09-20T21:57:59.727808+00:00,200,137858.109,
2026-09-20T21:59:08.497733+00:00,200,69092.378,
2026-09-20T21:58:25.573372+00:00,200,112021.652,
2026-09-20T21:59:21.025490+00:00,200,56573.921,
2026-09-20T21:58:47.131676+00:00,200,90572.601,
2026-09-20T21:59:31.453109+00:00,200,46255.757,
2026-09-20T21:59:35.255675+00:00,200,42458.004,
2026-09-20T21:59:27.587736+00:00,200,50130.87,
2026-09-20T21:59:00.352506+00:00,200,77371.267,
2026-09-20T21:59:14.312538+00:00,200,63416.035,
2026-09-20T21:58:25.701296+00:00,200,112032.6,
2026-09-20T21:58:30.019055+00:00,200,107719.998,
2026-09-20T21:58:47.219588+00:00,200,90524.417,
2026-09-20T21:59:03.916721+00:00,200,73832.269,
2026-09-20T21:59:25.661050+00:00,200,52092.851,
2026-09-20T21:58:22.886317+00:00,200,114873.041,
2026-09-20T21:59:09.849466+00:00,200,68020.795,
2026-09-20T21:59:03.624214+00:00,200,74251.259,
2026-09-20T21:59:23.795398+00:00,200,54085.302,
2026-09-20T21:59:02.833128+00:00,200,75053.113,
2026-09-20T21:59:32.248163+00:00,200,45643.167,
2026-09-20T21:59:05.020632+00:00,200,72876.228,
2026-09-20T21:59:35.303216+00:00,200,42599.023,
2026-09-20T21:59:16.659061+00:00,200,61248.838,
2026-09-20T21:59:23.611037+00:00,200,54302.512,
2026-09-20T21:59:34.272810+00:00,200,43646.392,
2026-09-20T21:59:20.454885+00:00,200,57470.124,
2026-09-20T21:59:22.175246+00:00,200,55755.515,
2026-09-20T21:59:32.483730+00:00,200,45452.872,
2026-09-20T21:59:25.019027+00:00,200,52923.539,
2026-09-20T21:58:55.318350+00:00,200,82630.265,
2026-09-20T21:59:06.647868+00:00,200,71306.626,
2026-09-20T21:59:03.992219+00:00,200,73968.286,
2026-09-20T21:59:14.475712+00:00,200,63490.874,
2026-09-20T21:59:27.797043+00:00,200,50175.635,
2026-09-20T21:59:25.948689+00:00,200,52106.885,
2026-09-20T21:59:10.773525+00:00,200,67288.182,
2026-09-20T21:59:35.004721+00:00,200,43062.915,
2026-09-20T21:59:23.019844+00:00,200,55084.853,
2026-09-20T21:59:18.917248+00:00,200,59193.793,
2026-09-20T21:58:56.624532+00:00,200,81493.185,
2026-09-20T21:59:16.283747+00:00,200,61840.188,
2026-09-20T21:59:12.056670+00:00,200,66073.624,
2026-09-20T21:59:26.184259+00:00,200,51952.466,
2026-09-20T21:59:00.315115+00:00,200,77828.367,
2026-09-20T21:58:47.982974+00:00,200,90167.167,
2026-09-20T21:59:08.766630+00:00,200,69454.197,
2026-09-20T21:59:29.049973+00:00,200,49177.259,
2026-09-20T21:59:34.606336+00:00,200,43627.377,
2026-09-20T21:59:33.696829+00:00,200,44543.385,
2026-09-20T21:58:54.551599+00:00,200,83701.979,
2026-09-20T21:59:23.379512+00:00,200,54900.447,
2026-09-20T21:59:00.014463+00:00,200,78272.156,
2026-09-20T21:59:13.375105+00:00,200,64918.016,
2026-09-20T21:58:59.390388+00:00,200,78909.526,
2026-09-20T21:59:25.491153+00:00,200,52815.272,
2026-09-20T21:58:49.977582+00:00,200,88335.79,
2026-09-20T21:59:17.167771+00:00,200,61152.246,
2026-09-20T21:59:22.511125+00:00,200,55815.744,
2026-09-20T21:57:29.750281+00:00,200,168584.088,
2026-09-20T21:58:32.836130+00:00,200,105504.83,
2026-09-20T21:59:32.367145+00:00,200,45980.636,
2026-09-20T21:59:34.816784+00:00,200,43538.137,
2026-09-20T21:58:41.680337+00:00,200,96682.099,
2026-09-20T21:58:46.901392+00:00,200,91468.341,
2026-09-20T21:58:24.091141+00:00,200,114286.092,
2026-09-20T21:58:48.383333+00:00,200,90001.061,
2026-09-20T21:59:31.634830+00:00,200,46756.596,
2026-09-20T21:58:55.357867+00:00,200,83041.151,
2026-09-20T21:59:33.445380+00:00,200,44960.911,
2026-09-20T21:59:12.276982+00:00,200,66136.902,
2026-09-20T21:58:08.304773+00:00,200,130117.018,
2026-09-20T21:59:23.184192+00:00,200,55244.801,
2026-09-20T21:59:07.393915+00:00,200,71042.886,
2026-09-20T21:59:10.203768+00:00,200,68240.688,
2026-09-20T21:58:03.637993+00:00,200,134814.695,
2026-09-20T21:59:03.343461+00:00,200,75120.343,
2026-09-20T21:59:30.128541+00:00,200,48375.185,
2026-09-20T21:59:21.955000+00:00,200,56627.891,
2026-09-20T21:58:07.618293+00:00,200,130972.758,
2026-09-20T21:59:28.964685+00:00,200,49633.599,
2026-09-20T21:58:58.383086+00:00,200,80223.373,
2026-09-20T21:59:33.282285+00:00,200,45331.904,
2026-09-20T21:59:14.361334+00:00,200,64260.942,
2026-09-20T21:59:24.000231+00:00,200,54630.054,
2026-09-20T21:59:08.261333+00:00,200,70377.121,
2026-09-20T21:58:38.303464+00:00,200,100343.285,
2026-09-20T21:58:40.177799+00:00,200,98476.933,
2026-09-20T21:58:26.010037+00:00,200,112653.001,
2026-09-20T21:59:28.006884+00:00,200,50664.022,
2026-09-20T21:58:36.721433+00:00,200,101958.104,
2026-09-20T21:59:21.052623+00:00,200,57634.912,
2026-09-20T21:59:23.890876+00:00,200,54805.038,
2026-09-20T21:58:32.695983+00:00,200,106008.712,
2026-09-20T21:59:34.399623+00:00,200,44312.981,
2026-09-20T21:59:27.434220+00:00,200,51295.391,
2026-09-20T21:59:19.014638+00:00,200,59732.199,
2026-09-20T21:58:37.533012+00:00,200,101231.212,
2026-09-20T21:58:32.956549+00:00,200,105816.421,
2026-09-20T21:59:10.583067+00:00,200,68198.391,
2026-09-20T21:59:17.802797+00:00,200,61110.424,
2026-09-20T21:58:46.444176+00:00,200,92554.202,
2026-09-20T21:58:25.761979+00:00,200,113270.294,
2026-09-20T21:59:20.574895+00:00,200,58624.151,
2026-09-20T21:59:27.756850+00:00,200,51553.688,
2026-09-20T21:59:14.419651+00:00,200,64942.185,
2026-09-20T21:58:34.675030+00:00,200,104722.106,
2026-09-20T21:58:47.996921+00:00,200,91484.73,
2026-09-20T21:59:12.079496+00:00,200,67600.755,
2026-09-20T21:59:32.486661+00:00,200,47202.072,
2026-09-20T21:59:20.549775+00:00,200,59189.553,
2026-09-20T21:58:23.522440+00:00,200,116251.244,
2026-09-20T21:58:22.831946+00:00,200,116950.386,
2026-09-20T21:59:20.709437+00:00,200,59081.43,
2026-09-20T21:58:51.170043+00:00,200,88638.724,
2026-09-20T21:59:12.434079+00:00,200,67427.342,
2026-09-20T21:58:34.871055+00:00,200,105007.934,
2026-09-20T21:58:38.195425+00:00,200,101700.778,
2026-09-20T21:59:17.320305+00:00,200,62584.233,
2026-09-20T21:57:41.381806+00:00,200,158531.883,
2026-09-20T21:59:18.542921+00:00,200,61450.378,
2026-09-20T21:58:49.082371+00:00,200,90989.547,
2026-09-20T21:59:04.631206+00:00,200,75468.576,
2026-09-20T21:57:33.433838+00:00,200,166789.664,
2026-09-20T21:59:34.584292+00:00,200,45760.493,
2026-09-20T21:59:23.872084+00:00,200,56507.377,
2026-09-20T21:59:29.646841+00:00,200,50776.221,
2026-09-20T21:59:00.786279+00:00,200,79740.153,
2026-09-20T21:58:03.269129+00:00,200,137397.945,
2026-09-20T21:59:21.671275+00:00,200,59022.082,
2026-09-20T21:59:34.038008+00:00,200,46793.995,
2026-09-20T21:59:19.576719+00:00,200,61317.469,
2026-09-20T21:59:15.944393+00:00,200,64976.256,
2026-09-20T21:58:01.149063+00:00,200,139843.606,
2026-09-20T21:59:18.449768+00:00,200,62559.881,
2026-09-20T21:59:01.872926+00:00,200,79154.242,
2026-09-20T21:59:27.392256+00:00,200,53652.265,
2026-09-20T21:59:27.617032+00:00,200,53436.223,
2026-09-20T21:59:06.502280+00:00,200,74650.875,
2026-09-20T21:58:37.476174+00:00,200,103686.201,
2026-09-20T21:59:33.264278+00:00,200,47960.78,
2026-09-20T21:59:28.381128+00:00,200,52925.84,
2026-09-20T21:58:33.132320+00:00,200,108289.687,
2026-09-20T21:58:04.687216+00:00,200,136797.467,
2026-09-20T21:59:32.628682+00:00,200,48926.456,
2026-09-20T21:58:26.580717+00:00,200,114983.693,
2026-09-20T21:59:14.445045+00:00,200,67335.426,
2026-09-20T21:59:21.884724+00:00,200,59902.852,
2026-09-20T21:57:31.580134+00:00,200,170230.809,
2026-09-20T21:59:20.624912+00:00,200,61230.404,
2026-09-20T21:59:34.934103+00:00,200,47050.898,
2026-09-20T21:59:18.207137+00:00,200,63848.736,
2026-09-20T21:59:34.789204+00:00,200,47299.596,
2026-09-20T21:59:28.004099+00:00,200,54095.481,
2026-09-20T21:58:35.936112+00:00,200,106201.478,
2026-09-20T21:59:14.123394+00:00,200,68040.725,
2026-09-20T21:59:33.535014+00:00,200,48634.344,
2026-09-20T21:58:02.300453+00:00,200,139879.978,
2026-09-20T21:59:20.605989+00:00,200,61579.255,
2026-09-20T21:59:30.805843+00:00,200,51429.804,
2026-09-20T21:58:32.091092+00:00,200,110214.88,
2026-09-20T21:58:51.248873+00:00,200,91061.395,
2026-09-20T21:59:12.690350+00:00,200,69679.69,
2026-09-20T21:59:08.371761+00:00,200,74006.513,
2026-09-20T21:59:25.369634+00:00,200,57008.596,
2026-09-20T21:59:24.920187+00:00,200,57465.823,
2026-09-20T21:58:31.170363+00:00,200,111414.649,
2026-09-20T21:59:08.224622+00:00,200,74363.265,
2026-09-20T21:59:36.708523+00:00,200,45898.205,
2026-09-20T21:59:03.365673+00:00,200,79244.39,
2026-09-20T21:59:21.198899+00:00,200,61420.736,
2026-09-20T21:59:31.908039+00:00,200,50731.136,
2026-09-20T21:59:15.431529+00:00,200,67288.725,
2026-09-20T21:58:00.876971+00:00,200,141872.298,
2026-09-20T21:58:17.466152+00:00,200,125285.856,
2026-09-20T21:59:33.613472+00:00,200,49146.515,
2026-09-20T21:58:58.424376+00:00,200,84343.656,
2026-09-20T21:59:36.933662+00:00,200,45839.489,
2026-09-20T21:59:14.163624+00:00,200,68615.136,
2026-09-20T21:58:58.068713+00:00,200,84718.302,
2026-09-20T21:58:46.848797+00:00,200,95940.905,
2026-09-20T21:58:48.080001+00:00,200,94728.24,
2026-09-20T21:59:35.187468+00:00,200,47652.378,
2026-09-20T21:59:26.671767+00:00,200,56231.389,
2026-09-20T21:59:34.057534+00:00,200,48856.947,
2026-09-20T21:59:20.862601+00:00,200,62124.853,
2026-09-20T21:59:10.313110+00:00,200,72677.962,
2026-09-20T21:59:11.570148+00:00,200,71468.253,
2026-09-20T21:59:36.834892+00:00,200,46234.034,
2026-09-20T21:58:23.847143+00:00,200,119225.994,
2026-09-20T21:59:16.221778+00:00,200,66858.227,
2026-09-20T21:58:53.979747+00:00,200,89111.267,
2026-09-20T21:59:12.632673+00:00,200,70461.718,
2026-09-20T21:58:24.409238+00:00,200,118695.255,
2026-09-20T21:59:34.294661+00:00,200,48823.899,
2026-09-20T21:59:37.230249+00:00,200,45892.255,
2026-09-20T21:59:15.018055+00:00,200,68111.341,
2026-09-20T21:59:12.571954+00:00,200,70559.093,
2026-09-20T21:58:36.576873+00:00,200,106562.855,
2026-09-20T21:59:25.585642+00:00,200,57553.868,
2026-09-20T21:59:33.350563+00:00,200,49797.112,
2026-09-20T21:58:16.003283+00:00,200,127201.431,
2026-09-20T21:59:16.705239+00:00,200,66503.918,
2026-09-20T21:59:11.427599+00:00,200,71808.033,
2026-09-20T21:59:33.934000+00:00,200,49343.155,
2026-09-20T21:59:27.498870+00:00,200,55779.743,
2026-09-20T21:58:38.446162+00:00,200,104853.064,
2026-09-20T21:58:57.150928+00:00,200,86149.526,
2026-09-20T21:58:54.543090+00:00,200,88796.454,
2026-09-20T21:58:31.471798+00:00,200,111893.426,
2026-09-20T21:59:33.387063+00:00,200,49985.205,
2026-09-20T21:57:45.182277+00:00,200,158199.214,
2026-09-20T21:59:06.249176+00:00,200,77136.915,
2026-09-20T21:58:16.111694+00:00,200,127277.482,
2026-09-20T21:58:46.267617+00:00,200,97126.241,
2026-09-20T21:59:36.813187+00:00,200,46597.991,
2026-09-20T21:59:27.112024+00:00,200,56301.691,
2026-09-20T21:58:28.206419+00:00,200,115211.878,
2026-09-20T21:58:24.969468+00:00,200,118455.704,
2026-09-20T21:59:02.768951+00:00,200,80657.715,
2026-09-20T21:58:27.348646+00:00,200,116101.093,
2026-09-20T21:58:24.377235+00:00,200,119073.196,
2026-09-20T21:57:38.228466+00:00,200,165222.925,
2026-09-20T21:59:19.899921+00:00,200,63564.228,
2026-09-20T21:59:34.830294+00:00,200,48636.661,
2026-09-20T21:59:04.153915+00:00,200,79330.676,
2026-09-20T21:58:30.427924+00:00,200,113082.649,
2026-09-20T21:59:35.045994+00:00,200,48480.859,
2026-09-20T21:58:50.868433+00:00,200,92673.893,
2026-09-20T21:58:23.825445+00:00,200,119721.605,
2026-09-20T21:59:20.111853+00:00,200,63441.014,
2026-09-20T21:59:13.922741+00:00,200,69650.345,
2026-09-20T21:59:31.559553+00:00,200,52016.51,
2026-09-20T21:59:18.185198+00:00,200,65391.515,
2026-09-20T21:58:36.786249+00:00,200,106800.268,
2026-09-20T21:57:32.330196+00:00,200,171257.328,
2026-09-20T21:58:54.064385+00:00,200,89538.445,
2026-09-20T21:59:33.519156+00:00,200,50084.692,
2026-09-20T21:58:25.589554+00:00,200,118015.855,
2026-09-20T21:58:37.470800+00:00,200,106143.245,
2026-09-20T21:59:11.335258+00:00,200,72288.298,
2026-09-20T21:57:45.269623+00:00,200,158363.761,
2026-09-20T21:59:05.440088+00:00,200,78193.784,
2026-09-20T21:59:15.345937+00:00,200,68290.945,
2026-09-20T21:58:59.040640+00:00,200,84605.562,
2026-09-20T21:59:20.750248+00:00,200,62896.223,
2026-09-20T21:59:31.157651+00:00,200,52490.208,
2026-09-20T21:58:24.734617+00:00,200,118928.133,
2026-09-20T21:58:56.570079+00:00,200,87093.839,
2026-09-20T21:59:18.577308+00:00,200,65088.182,
2026-09-20T21:59:06.545316+00:00,200,77123.653,
2026-09-20T21:59:09.857399+00:00,200,73822.855,
2026-09-20T21:58:40.830656+00:00,200,102856.103,
2026-09-20T21:59:15.009071+00:00,200,68692.307,
2026-09-20T21:58:38.822770+00:00,200,104887.411,
2026-09-20T21:59:18.924141+00:00,200,64801.266,
2026-09-20T21:59:12.225117+00:00,200,71502.139,
2026-09-20T21:58:48.757151+00:00,200,94970.515,
2026-09-20T21:59:02.876693+00:00,200,80870.595,
2026-09-20T21:59:21.729977+00:00,200,62024.956,
2026-09-20T21:59:36.538216+00:00,200,47216.879,
2026-09-20T21:59:24.928905+00:00,200,58837.203,
2026-09-20T21:59:11.343836+00:00,200,72436.116,
2026-09-20T21:58:42.550724+00:00,200,101233.293,
2026-09-20T21:59:21.566364+00:00,200,62220.674,
2026-09-20T21:58:08.269893+00:00,200,135518.079,
2026-09-20T21:59:27.103678+00:00,200,56703.262,
2026-09-20T21:59:35.002984+00:00,200,48806.968,
2026-09-20T21:58:47.784072+00:00,200,96029.363,
2026-09-20T21:58:56.040373+00:00,200,87773.206,
2026-09-20T21:58:58.994575+00:00,200,84825.32,
2026-09-20T21:58:00.132085+00:00,200,143694.592,
2026-09-20T21:59:21.713635+00:00,200,62115.418,
2026-09-20T21:58:05.973677+00:00,200,137864.327,
2026-09-20T21:58:23.311064+00:00,200,120534.616,
2026-09-20T21:59:02.234761+00:00,200,81616.052,
2026-09-20T21:59:18.748440+00:00,200,65104.96,
2026-09-20T21:59:14.525755+00:00,200,69336.264,
2026-09-20T21:58:22.657856+00:00,200,121208.249,
2026-09-20T21:59:31.802412+00:00,200,52067.464,
2026-09-20T21:59:35.755028+00:00,200,48114.966,
2026-09-20T21:59:10.376060+00:00,200,73502.222,
2026-09-20T21:58:53.186838+00:00,200,90691.697,
2026-09-20T21:59:15.718450+00:00,200,68237.545,
2026-09-20T21:59:24.489739+00:00,200,59466.372,
2026-09-20T21:58:08.498800+00:00,200,135457.934,
2026-09-20T21:59:14.568035+00:00,200,69388.544,
2026-09-20T21:58:56.543317+00:00,200,87429.343,
2026-09-20T21:59:15.316391+00:00,200,68678.987,
2026-09-20T21:59:20.999705+00:00,200,62995.916,
2026-09-20T21:59:09.517933+00:00,200,74478.046,
2026-09-20T21:58:02.645342+00:00,200,141366.492,
2026-09-20T21:58:32.601786+00:00,200,111413.675,
2026-09-20T21:59:16.286170+00:00,200,67729.421,
2026-09-20T21:59:34.492667+00:00,200,49527.199,
2026-09-20T21:59:31.374802+00:00,200,52650.219,
2026-09-20T21:58:55.252909+00:00,200,88777.97,
2026-09-20T21:59:26.890606+00:00,200,57151.514,
2026-09-20T21:59:14.287096+00:00,200,69755.545,
2026-09-20T21:58:59.097000+00:00,200,84946.209,
2026-09-20T21:59:07.595805+00:00,200,76452.053,
2026-09-20T21:59:22.609471+00:00,200,61446.579,
2026-09-20T21:58:30.947311+00:00,200,113109.555,
2026-09-20T21:59:34.931639+00:00,200,49125.409,
2026-09-20T21:59:37.358565+00:00,200,46699.039,
2026-09-20T21:58:34.234264+00:00,200,109824.338,
2026-09-20T21:57:51.959558+00:00,200,152099.92,
2026-09-20T21:59:02.537205+00:00,200,81522.554,
2026-09-20T21:59:29.519495+00:00,200,54544.768,
2026-09-20T21:59:17.685218+00:00,200,66379.792,
2026-09-20T21:59:21.428796+00:00,200,62679.878,
2026-09-20T21:57:41.700669+00:00,200,162419.672,
2026-09-20T21:58:42.163461+00:00,200,101961.948,
2026-09-20T21:59:27.393426+00:00,200,56783.897,
2026-09-20T21:59:14.944026+00:00,200,69323.197,
2026-09-20T21:59:11.672607+00:00,200,72595.908,
2026-09-20T21:58:15.259360+00:00,200,129009.751,
2026-09-20T21:59:18.873457+00:00,200,65395.779,
2026-09-20T21:59:20.121847+00:00,200,64148.428,
2026-09-20T21:58:13.935309+00:00,200,130344.265,
2026-09-20T21:59:34.273550+00:00,200,50005.988,
2026-09-20T21:59:33.309275+00:00,200,50977.95,
2026-09-20T21:59:06.132994+00:00,200,78156.141,
2026-09-20T21:58:32.906355+00:00,200,111385.186,
2026-09-20T21:59:21.466228+00:00,200,62829.297,
2026-09-20T21:59:33.406539+00:00,200,50898.813,
2026-09-20T21:58:45.988731+00:00,200,98318.362,
2026-09-20T21:59:11.974152+00:00,200,72333.944,
2026-09-20T21:59:18.556114+00:00,200,65752.696,
2026-09-20T21:58:46.433139+00:00,200,97876.882,
2026-09-20T21:58:23.064035+00:00,200,121247.204,
2026-09-20T21:58:47.432601+00:00,200,96880.674,
2026-09-20T21:58:11.539590+00:00,200,132775.197,
2026-09-20T21:58:47.654526+00:00,200,96661.376,
2026-09-20T21:59:22.107437+00:00,200,62212.572,
2026-09-20T21:59:24.730073+00:00,200,59591.009,
2026-09-20T21:59:06.447367+00:00,200,77881.061,
2026-09-20T21:58:54.354692+00:00,200,89975.322,
2026-09-20T21:58:30.634654+00:00,200,113698.631,
2026-09-20T21:58:59.396031+00:00,200,84938.625,
2026-09-20T21:59:16.964396+00:00,200,67372.081,
2026-09-20T21:57:16.936559+00:00,200,187414.639,
2026-09-20T21:59:32.270079+00:00,200,52083.26,
2026-09-20T21:59:24.921202+00:00,200,59433.709,
2026-09-20T21:59:03.136444+00:00,200,81328.404,
2026-09-20T21:59:20.573629+00:00,200,63895.612,
2026-09-20T21:59:00.174579+00:00,200,84298.041,
2026-09-20T21:59:14.197805+00:00,200,70281.33,
2026-09-20T21:58:46.859993+00:00,200,97624.39,
2026-09-20T21:59:30.496379+00:00,200,53992.888,
2026-09-20T21:59:15.150959+00:00,200,69341.585,
2026-09-20T21:59:20.477049+00:00,200,64020.787,
2026-09-20T21:59:28.425802+00:00,200,56075.161,
2026-09-20T21:58:48.061218+00:00,200,96457.064,
2026-09-20T21:59:13.626407+00:00,200,70897.682,
2026-09-20T21:58:30.232993+00:00,200,114296.857,
2026-09-20T21:59:05.174876+00:00,200,79359.292,
2026-09-20T21:59:21.375928+00:00,200,63165.491,
2026-09-20T21:58:53.098811+00:00,200,91445.1,
2026-09-20T21:59:26.775956+00:00,200,57770.088,
2026-09-20T21:59:16.149977+00:00,200,68398.48,
2026-09-20T21:59:21.399930+00:00,200,63150.923,
2026-09-20T21:58:46.639481+00:00,200,97914.0,
2026-09-20T21:58:56.189513+00:00,200,88366.327,
2026-09-20T21:59:27.710988+00:00,200,56847.146,
2026-09-20T21:59:34.346130+00:00,200,50214.334,
2026-09-20T21:59:30.274085+00:00,200,54289.087,
2026-09-20T21:59:18.009588+00:00,200,66556.187,
2026-09-20T21:58:35.762516+00:00,200,108806.668,
2026-09-20T21:59:21.903845+00:00,200,62667.684,
2026-09-20T21:59:30.475278+00:00,200,54099.651,
2026-09-20T21:59:03.381797+00:00,200,81195.956,
2026-09-20T21:59:29.693195+00:00,200,54887.08,
2026-09-20T21:59:13.925248+00:00,200,70657.941,
2026-09-20T21:59:17.574559+00:00,200,67070.358,
2026-09-20T21:59:10.417650+00:00,200,74255.161,
2026-09-20T21:59:28.468000+00:00,200,56208.546,
2026-09-20T21:58:29.299752+00:00,200,115381.444,
2026-09-20T21:58:49.593382+00:00,200,95091.334,
2026-09-20T21:59:10.925841+00:00,200,73762.678,
2026-09-20T21:59:34.918961+00:00,200,49773.247,
2026-09-20T21:59:24.272096+00:00,200,60424.131,
2026-09-20T21:59:24.198349+00:00,200,60501.297,
2026-09-20T21:59:17.138537+00:00,200,67565.349,
2026-09-20T21:59:01.530018+00:00,200,83177.403,
2026-09-20T21:58:24.394951+00:00,200,120316.071,
2026-09-20T21:58:52.706196+00:00,200,92008.043,
2026-09-20T21:59:19.780151+00:00,200,64939.302,
2026-09-20T21:59:25.027551+00:00,200,59695.265,
2026-09-20T21:59:10.992112+00:00,200,73734.318,
2026-09-20T21:58:22.091660+00:00,200,122638.56,
2026-09-20T21:57:49.974314+00:00,200,154759.704,
2026-09-20T21:59:21.108396+00:00,200,63628.692,
2026-09-20T21:58:57.059555+00:00,200,87681.454,
2026-09-20T21:59:24.750484+00:00,200,59994.083,
2026-09-20T21:59:23.251983+00:00,200,61496.323,
2026-09-20T21:57:41.168008+00:00,200,163584.72,
2026-09-20T21:59:12.494888+00:00,200,72261.113,
2026-09-20T21:59:26.508620+00:00,200,58252.252,
2026-09-20T21:59:08.438551+00:00,200,76326.345,
2026-09-20T21:59:17.939508+00:00,200,66829.287,
2026-09-20T21:59:35.412575+00:00,200,49360.267,
2026-09-20T21:59:17.538469+00:00,200,67238.437,
2026-09-20T21:59:34.459486+00:00,200,50321.331,
2026-09-20T21:59:11.697061+00:00,200,73134.904,
2026-09-20T21:59:26.316796+00:00,200,58553.104,
2026-09-20T21:59:33.078598+00:00,200,51796.584,
2026-09-20T21:58:38.696380+00:00,200,106184.264,
2026-09-20T21:58:55.887201+00:00,200,88998.812,
2026-09-20T21:58:14.497708+00:00,200,130393.296,
2026-09-20T21:58:53.627250+00:00,200,91268.057,
2026-09-20T21:58:57.960899+00:00,200,86939.253,
2026-09-20T21:59:01.337204+00:00,200,83568.306,
2026-09-20T21:59:21.586723+00:00,200,63323.333,
2026-09-20T21:59:28.631768+00:00,200,56282.888,
2026-09-20T21:59:34.501944+00:00,200,50417.393,
2026-09-20T21:59:29.075125+00:00,200,55848.949,
2026-09-20T21:58:35.271742+00:00,200,109657.599,
2026-09-20T21:58:07.385640+00:00,200,137550.113,
2026-09-20T21:58:54.805629+00:00,200,90134.436,
2026-09-20T21:57:23.409785+00:00,200,181535.588,
2026-09-20T21:59:27.588943+00:00,200,57360.597,
2026-09-20T21:59:11.636428+00:00,200,73318.212,
2026-09-20T21:59:13.821278+00:00,200,71138.361,
2026-09-20T21:59:36.474865+00:00,200,48489.692,
2026-09-20T21:59:03.838901+00:00,200,81130.948,
2026-09-20T21:59:20.831861+00:00,200,64143.01,
2026-09-20T21:59:18.509419+00:00,200,66470.62,
2026-09-20T21:59:06.680071+00:00,200,78306.07,
2026-09-20T21:58:48.731600+00:00,200,96259.897,
2026-09-20T21:57:48.764988+00:00,200,156232.128,
2026-09-20T21:58:54.077998+00:00,200,90924.077,
2026-09-20T21:58:44.290197+00:00,200,100717.731,
2026-09-20T21:58:47.477109+00:00,200,97536.026,
2026-09-20T21:58:25.238443+00:00,200,119828.464,
2026-09-20T21:59:36.184739+00:00,200,48887.434,
2026-09-20T21:58:57.139619+00:00,200,87938.733,
2026-09-20T21:59:16.185887+00:00,200,68897.846,
2026-09-20T21:59:06.476388+00:00,200,78613.389,
2026-09-20T21:58:41.556249+00:00,200,103539.302,
2026-09-20T21:59:31.720087+00:00,200,53382.201,
2026-09-20T21:59:22.026966+00:00,200,63081.003,
2026-09-20T21:59:28.935613+00:00,200,56178.742,
2026-09-20T21:58:32.890731+00:00,200,112229.699,
2026-09-20T21:59:04.251549+00:00,200,80874.426,
2026-09-20T21:59:18.209804+00:00,200,66921.987,
2026-09-20T21:59:36.064959+00:00,200,49072.652,
2026-09-20T21:58:18.095296+00:00,200,127051.114,
2026-09-20T21:58:55.752087+00:00,200,89400.011,
2026-09-20T21:58:58.077802+00:00,200,87080.353,
2026-09-20T21:59:36.242743+00:00,200,48921.363,
2026-09-20T21:58:49.560863+00:00,200,95609.668,
2026-09-20T21:59:16.467058+00:00,200,68709.575,
2026-09-20T21:58:42.337731+00:00,200,102845.399,
2026-09-20T21:59:27.997532+00:00,200,57191.669,
2026-09-20T21:59:22.086921+00:00,200,63108.679,
2026-09-20T21:59:20.166762+00:00,200,65035.388,
2026-09-20T21:58:56.481332+00:00,200,88727.444,
2026-09-20T21:58:34.109010+00:00,200,111106.33,
2026-09-20T21:58:42.138961+00:00,200,103082.835,
2026-09-20T21:59:26.989436+00:00,200,58238.681,
2026-09-20T21:59:05.596555+00:00,200,79638.736,
2026-09-20T21:59:32.672496+00:00,200,52569.375,
2026-09-20T21:59:32.809671+00:00,200,52439.748,
2026-09-20T21:59:22.664180+00:00,200,62592.094,
2026-09-20T21:59:34.737973+00:00,200,50525.021,
2026-09-20T21:58:27.763457+00:00,200,117506.813,
2026-09-20T21:59:35.547114+00:00,200,49731.032,
2026-09-20T21:59:18.339746+00:00,200,66945.426,
2026-09-20T21:59:17.772994+00:00,200,67519.212,
2026-09-20T21:59:26.263054+00:00,200,59036.032,
2026-09-20T21:58:56.611731+00:00,200,88694.575,
2026-09-20T21:59:24.051900+00:00,200,61261.441,
2026-09-20T21:58:39.485080+00:00,200,105835.649,
2026-09-20T21:59:17.131671+00:00,200,68198.154,
2026-09-20T21:59:31.605097+00:00,200,53731.95,
2026-09-20T21:58:31.462548+00:00,200,113882.124,
2026-09-20T21:59:21.949633+00:00,200,63402.128,
2026-09-20T21:59:21.009288+00:00,200,64349.77,
2026-09-20T21:58:18.552591+00:00,200,126814.334,
2026-09-20T21:59:20.719440+00:00,200,64654.404,
2026-09-20T21:59:15.505541+00:00,200,69875.935,
2026-09-20T21:58:22.332810+00:00,200,123056.482,
2026-09-20T21:59:14.459518+00:00,200,70936.951,
2026-09-20T21:59:22.588220+00:00,200,62815.741,
2026-09-20T21:59:23.599225+00:00,200,61812.397,
2026-09-20T21:58:53.355710+00:00,200,92063.825,
