timestamp_iso,status_code,latency_ms,error
2026-09-20T22:09:10.662346+00:00,200,167.72,
2026-09-20T22:09:10.634435+00:00,200,196.324,
2026-09-20T22:09:10.696552+00:00,200,168.448,
2026-09-20T22:09:10.729640+00:00,200,158.325,
2026-09-20T22:09:10.830090+00:00,200,88.457,
2026-09-20T22:09:10.830895+00:00,200,90.928,
2026-09-20T22:09:10.763281+00:00,200,171.009,
2026-09-20T22:09:10.796568+00:00,200,158.288,
2026-09-20T22:09:10.865008+00:00,200,91.403,
2026-09-20T22:09:10.887969+00:00,200,88.765,
2026-09-20T22:09:10.831487+00:00,200,159.23,
2026-09-20T22:09:10.918561+00:00,200,85.732,
2026-09-20T22:09:10.921831+00:00,200,88.122,
2026-09-20T22:09:10.934302+00:00,200,85.178,
2026-09-20T22:09:10.863249+00:00,200,158.344,
2026-09-20T22:09:10.954867+00:00,200,87.245,
2026-09-20T22:09:10.956418+00:00,200,88.251,
2026-09-20T22:09:10.896474+00:00,200,157.774,
2026-09-20T22:09:10.990728+00:00,200,87.962,
2026-09-20T22:09:10.976745+00:00,200,104.21,
2026-09-20T22:09:10.929757+00:00,200,160.235,
2026-09-20T22:09:11.004312+00:00,200,89.431,
2026-09-20T22:09:11.009966+00:00,200,94.284,
2026-09-20T22:09:11.019491+00:00,200,86.864,
2026-09-20T22:09:10.962904+00:00,200,159.166,
2026-09-20T22:09:11.021603+00:00,200,106.762,
2026-09-20T22:09:11.042131+00:00,200,93.394,
2026-09-20T22:09:11.044679+00:00,200,92.539,
2026-09-20T22:09:11.054257+00:00,200,90.789,
2026-09-20T22:09:10.996113+00:00,200,159.36,
2026-09-20T22:09:11.078715+00:00,200,91.087,
2026-09-20T22:09:11.090004+00:00,200,89.595,
2026-09-20T22:09:11.080972+00:00,200,101.768,
2026-09-20T22:09:11.093759+00:00,200,97.584,
2026-09-20T22:09:11.106367+00:00,200,95.904,
2026-09-20T22:09:11.104262+00:00,200,99.787,
2026-09-20T22:09:11.122088+00:00,200,88.492,
2026-09-20T22:09:11.029838+00:00,200,191.785,
2026-09-20T22:09:11.128375+00:00,200,107.223,
2026-09-20T22:09:11.135541+00:00,200,107.055,
2026-09-20T22:09:11.137229+00:00,200,106.682,
2026-09-20T22:09:11.063304+00:00,200,185.64,
2026-09-20T22:09:11.145068+00:00,200,105.093,
2026-09-20T22:09:11.095780+00:00,200,166.41,
2026-09-20T22:09:11.155497+00:00,200,108.079,
2026-09-20T22:09:11.169834+00:00,200,101.3,
2026-09-20T22:09:11.179614+00:00,200,101.832,
2026-09-20T22:09:11.182751+00:00,200,100.067,
2026-09-20T22:09:11.191359+00:00,200,96.703,
2026-09-20T22:09:11.129242+00:00,200,169.188,
2026-09-20T22:09:11.210597+00:00,200,90.788,
2026-09-20T22:09:11.202283+00:00,200,104.034,
2026-09-20T22:09:11.221636+00:00,200,87.489,
2026-09-20T22:09:11.204061+00:00,200,106.865,
2026-09-20T22:09:11.235612+00:00,200,85.531,
2026-09-20T22:09:11.163124+00:00,200,171.729,
2026-09-20T22:09:11.242608+00:00,200,103.63,
2026-09-20T22:09:11.243920+00:00,200,103.998,
2026-09-20T22:09:11.250179+00:00,200,99.979,
2026-09-20T22:09:11.263597+00:00,200,97.497,
2026-09-20T22:09:11.248958+00:00,200,113.135,
2026-09-20T22:09:11.262201+00:00,200,116.322,
2026-09-20T22:09:11.282829+00:00,200,110.12,
2026-09-20T22:09:11.288073+00:00,200,120.408,
2026-09-20T22:09:11.306329+00:00,200,117.936,
2026-09-20T22:09:11.281462+00:00,200,144.912,
2026-09-20T22:09:11.298438+00:00,200,144.326,
2026-09-20T22:09:11.301399+00:00,200,143.42,
2026-09-20T22:09:11.196188+00:00,200,259.862,
2026-09-20T22:09:11.309142+00:00,200,160.161,
2026-09-20T22:09:11.321152+00:00,200,150.052,
2026-09-20T22:09:11.271148+00:00,200,201.775,
2026-09-20T22:09:11.334872+00:00,200,154.992,
2026-09-20T22:09:11.229238+00:00,200,288.123,
2026-09-20T22:09:11.296648+00:00,200,227.227,
2026-09-20T22:09:11.310936+00:00,200,218.081,
2026-09-20T22:09:11.361102+00:00,200,168.724,
2026-09-20T22:09:11.378534+00:00,200,161.407,
2026-09-20T22:09:11.346247+00:00,200,198.908,
2026-09-20T22:09:11.264301+00:00,200,286.568,
2026-09-20T22:09:11.350165+00:00,200,201.152,
2026-09-20T22:09:11.392959+00:00,200,166.861,
2026-09-20T22:09:11.408492+00:00,200,159.214,
2026-09-20T22:09:11.347926+00:00,200,227.743,
2026-09-20T22:09:11.363039+00:00,200,213.495,
2026-09-20T22:09:11.426383+00:00,200,165.861,
2026-09-20T22:09:11.424279+00:00,200,177.039,
2026-09-20T22:09:11.330016+00:00,200,271.844,
2026-09-20T22:09:11.362101+00:00,200,248.55,
2026-09-20T22:09:11.469312+00:00,200,144.649,
2026-09-20T22:09:11.456064+00:00,200,160.354,
2026-09-20T22:09:11.471211+00:00,200,149.168,
2026-09-20T22:09:11.396018+00:00,200,245.308,
2026-09-20T22:09:11.472932+00:00,200,170.982,
2026-09-20T22:09:11.517374+00:00,200,152.907,
2026-09-20T22:09:11.429383+00:00,200,248.473,
2026-09-20T22:09:11.530267+00:00,200,157.469,
2026-09-20T22:09:11.489875+00:00,200,198.599,
2026-09-20T22:09:11.442775+00:00,200,247.605,
2026-09-20T22:09:11.444828+00:00,200,255.309,
2026-09-20T22:09:11.529022+00:00,200,185.407,
2026-09-20T22:09:11.545162+00:00,200,171.031,
2026-09-20T22:09:11.463130+00:00,200,259.957,
2026-09-20T22:09:11.539952+00:00,200,185.521,
2026-09-20T22:09:11.550872+00:00,200,184.986,
2026-09-20T22:09:11.551323+00:00,200,186.997,
2026-09-20T22:09:11.495875+00:00,200,243.17,
2026-09-20T22:09:11.576539+00:00,200,167.351,
2026-09-20T22:09:11.559833+00:00,200,195.146,
2026-09-20T22:09:11.523883+00:00,200,239.138,
2026-09-20T22:09:11.575677+00:00,200,204.649,
2026-09-20T22:09:11.567720+00:00,200,223.515,
2026-09-20T22:09:11.529832+00:00,200,263.837,
2026-09-20T22:09:11.616426+00:00,200,195.809,
2026-09-20T22:09:11.601866+00:00,200,211.502,
2026-09-20T22:09:11.613972+00:00,200,212.803,
2026-09-20T22:09:11.601331+00:00,200,233.38,
2026-09-20T22:09:11.643920+00:00,200,223.193,
2026-09-20T22:09:11.592251+00:00,200,279.004,
2026-09-20T22:09:11.670292+00:00,200,207.191,
2026-09-20T22:09:11.687739+00:00,200,191.569,
2026-09-20T22:09:11.610656+00:00,200,282.336,
2026-09-20T22:09:11.677861+00:00,200,217.012,
2026-09-20T22:09:11.688487+00:00,200,215.994,
2026-09-20T22:09:11.641335+00:00,200,266.251,
2026-09-20T22:09:11.700143+00:00,200,209.243,
2026-09-20T22:09:11.596279+00:00,200,328.539,
2026-09-20T22:09:11.690391+00:00,200,236.165,
2026-09-20T22:09:11.716197+00:00,200,213.07,
2026-09-20T22:09:11.630237+00:00,200,311.393,
2026-09-20T22:09:11.739061+00:00,200,203.621,
2026-09-20T22:09:11.714433+00:00,200,233.465,
2026-09-20T22:09:11.620385+00:00,200,347.501,
2026-09-20T22:09:11.754983+00:00,200,217.141,
2026-09-20T22:09:11.562553+00:00,200,419.003,
2026-09-20T22:09:11.723100+00:00,200,259.542,
2026-09-20T22:09:11.743895+00:00,200,251.775,
2026-09-20T22:09:11.735863+00:00,200,263.487,
2026-09-20T22:09:11.725479+00:00,200,277.247,
2026-09-20T22:09:11.780330+00:00,200,228.768,
2026-09-20T22:09:11.738323+00:00,200,288.528,
2026-09-20T22:09:11.791239+00:00,200,238.143,
2026-09-20T22:09:11.763030+00:00,200,272.071,
2026-09-20T22:09:11.663566+00:00,200,373.239,
2026-09-20T22:09:11.812240+00:00,200,232.764,
2026-09-20T22:09:11.834715+00:00,200,228.093,
2026-09-20T22:09:11.813373+00:00,200,262.938,
2026-09-20T22:09:11.826781+00:00,200,262.261,
2026-09-20T22:09:11.763564+00:00,200,334.863,
2026-09-20T22:09:11.877489+00:00,200,233.046,
2026-09-20T22:09:11.793672+00:00,200,320.035,
2026-09-20T22:09:11.871261+00:00,200,244.812,
2026-09-20T22:09:11.729641+00:00,200,387.652,
2026-09-20T22:09:11.796119+00:00,200,330.19,
2026-09-20T22:09:11.867120+00:00,200,265.882,
2026-09-20T22:09:11.892997+00:00,200,260.868,
2026-09-20T22:09:11.879314+00:00,200,275.886,
2026-09-20T22:09:11.894880+00:00,200,262.222,
2026-09-20T22:09:11.909391+00:00,200,248.407,
2026-09-20T22:09:11.941636+00:00,200,219.512,
2026-09-20T22:09:11.696522+00:00,200,468.231,
2026-09-20T22:09:11.907590+00:00,200,267.147,
2026-09-20T22:09:11.904487+00:00,200,280.855,
2026-09-20T22:09:11.926560+00:00,200,267.221,
2026-09-20T22:09:11.942687+00:00,200,253.09,
2026-09-20T22:09:11.929277+00:00,200,272.291,
2026-09-20T22:09:11.947903+00:00,200,256.118,
2026-09-20T22:09:11.863766+00:00,200,351.726,
2026-09-20T22:09:11.967892+00:00,200,254.357,
2026-09-20T22:09:11.896004+00:00,200,335.322,
2026-09-20T22:09:11.924825+00:00,200,311.719,
2026-09-20T22:09:11.829478+00:00,200,420.479,
2026-09-20T22:09:11.981561+00:00,200,274.971,
2026-09-20T22:09:11.999356+00:00,200,258.637,
2026-09-20T22:09:11.982647+00:00,200,287.957,
2026-09-20T22:09:11.995678+00:00,200,276.694,
2026-09-20T22:09:11.972130+00:00,200,302.744,
2026-09-20T22:09:12.026861+00:00,200,251.91,
2026-09-20T22:09:12.029387+00:00,200,250.352,
2026-09-20T22:09:12.009103+00:00,200,274.59,
2026-09-20T22:09:12.036810+00:00,200,270.064,
2026-09-20T22:09:11.930125+00:00,200,379.688,
2026-09-20T22:09:12.062815+00:00,200,253.844,
2026-09-20T22:09:12.002730+00:00,200,324.73,
2026-09-20T22:09:12.113711+00:00,200,228.215,
2026-09-20T22:09:12.045017+00:00,200,298.043,
2026-09-20T22:09:11.996895+00:00,200,348.199,
2026-09-20T22:09:12.035107+00:00,200,323.876,
2026-09-20T22:09:11.963744+00:00,200,401.371,
2026-09-20T22:09:12.116081+00:00,200,258.834,
2026-09-20T22:09:12.117296+00:00,200,271.298,
2026-09-20T22:09:12.030244+00:00,200,360.22,
2026-09-20T22:09:12.076319+00:00,200,316.243,
2026-09-20T22:09:12.089052+00:00,200,315.403,
2026-09-20T22:09:12.133013+00:00,200,279.995,
2026-09-20T22:09:12.063581+00:00,200,351.294,
2026-09-20T22:09:12.155205+00:00,200,262.705,
2026-09-20T22:09:12.098431+00:00,200,320.469,
2026-09-20T22:09:12.153873+00:00,200,268.016,
2026-09-20T22:09:12.126313+00:00,200,298.912,
2026-09-20T22:09:12.204028+00:00,200,232.12,
2026-09-20T22:09:12.195782+00:00,200,243.232,
2026-09-20T22:09:12.110543+00:00,200,337.616,
2026-09-20T22:09:12.193788+00:00,200,255.858,
2026-09-20T22:09:12.096838+00:00,200,360.701,
2026-09-20T22:09:12.157108+00:00,200,307.983,
2026-09-20T22:09:12.164754+00:00,200,309.807,
2026-09-20T22:09:12.157804+00:00,200,324.705,
2026-09-20T22:09:12.161159+00:00,200,331.333,
2026-09-20T22:09:12.174745+00:00,200,325.517,
2026-09-20T22:09:12.129702+00:00,200,371.864,
2026-09-20T22:09:12.215511+00:00,200,287.198,
2026-09-20T22:09:12.162873+00:00,200,340.505,
2026-09-20T22:09:12.258002+00:00,200,254.307,
2026-09-20T22:09:12.185350+00:00,200,339.376,
2026-09-20T22:09:12.279743+00:00,200,245.973,
2026-09-20T22:09:12.231332+00:00,200,300.084,
2026-09-20T22:09:12.222258+00:00,200,313.784,
2026-09-20T22:09:12.201574+00:00,200,348.912,
2026-09-20T22:09:12.196500+00:00,200,355.734,
2026-09-20T22:09:12.249962+00:00,200,327.429,
2026-09-20T22:09:12.283699+00:00,200,300.962,
2026-09-20T22:09:12.263246+00:00,200,337.712,
2026-09-20T22:09:12.274881+00:00,200,329.593,
2026-09-20T22:09:12.230365+00:00,200,374.982,
2026-09-20T22:09:12.309817+00:00,200,297.499,
2026-09-20T22:09:12.270610+00:00,200,338.91,
2026-09-20T22:09:12.236554+00:00,200,376.885,
2026-09-20T22:09:12.278796+00:00,200,344.946,
2026-09-20T22:09:12.345102+00:00,200,279.511,
2026-09-20T22:09:12.327469+00:00,200,312.555,
2026-09-20T22:09:12.341957+00:00,200,299.837,
2026-09-20T22:09:12.390471+00:00,200,257.222,
2026-09-20T22:09:12.316670+00:00,200,333.658,
2026-09-20T22:09:12.272385+00:00,200,380.45,
2026-09-20T22:09:12.417914+00:00,200,260.862,
2026-09-20T22:09:12.329590+00:00,200,350.935,
2026-09-20T22:09:12.413016+00:00,200,270.045,
2026-09-20T22:09:12.358993+00:00,200,325.922,
2026-09-20T22:09:12.365127+00:00,200,321.797,
2026-09-20T22:09:12.256546+00:00,200,435.103,
2026-09-20T22:09:12.374923+00:00,200,319.872,
2026-09-20T22:09:12.306880+00:00,200,389.447,
2026-09-20T22:09:12.436155+00:00,200,266.158,
2026-09-20T22:09:12.343064+00:00,200,371.286,
2026-09-20T22:09:12.388601+00:00,200,326.621,
2026-09-20T22:09:12.418905+00:00,200,298.813,
2026-09-20T22:09:12.421898+00:00,200,301.518,
2026-09-20T22:09:12.439018+00:00,200,312.423,
2026-09-20T22:09:12.363194+00:00,200,390.45,
2026-09-20T22:09:12.425230+00:00,200,329.774,
2026-09-20T22:09:12.297279+00:00,200,459.313,
2026-09-20T22:09:12.396442+00:00,200,387.447,
2026-09-20T22:09:12.448165+00:00,200,342.634,
2026-09-20T22:09:12.392568+00:00,200,402.104,
2026-09-20T22:09:12.414880+00:00,200,380.317,
2026-09-20T22:09:12.465094+00:00,200,338.684,
2026-09-20T22:09:12.404459+00:00,200,404.805,
2026-09-20T22:09:12.482510+00:00,200,342.63,
2026-09-20T22:09:12.524732+00:00,200,318.596,
2026-09-20T22:09:12.531419+00:00,200,322.515,
2026-09-20T22:09:12.449651+00:00,200,413.462,
2026-09-20T22:09:12.502712+00:00,200,361.216,
2026-09-20T22:09:12.550488+00:00,200,322.913,
2026-09-20T22:09:12.474564+00:00,200,402.498,
2026-09-20T22:09:12.501570+00:00,200,376.211,
2026-09-20T22:09:12.503381+00:00,200,375.51,
2026-09-20T22:09:12.457545+00:00,200,423.045,
2026-09-20T22:09:12.552236+00:00,200,330.502,
2026-09-20T22:09:12.512312+00:00,200,375.93,
2026-09-20T22:09:12.463438+00:00,200,428.418,
2026-09-20T22:09:12.492494+00:00,200,405.952,
2026-09-20T22:09:12.529936+00:00,200,383.091,
2026-09-20T22:09:12.600961+00:00,200,315.235,
2026-09-20T22:09:12.500265+00:00,200,421.587,
2026-09-20T22:09:12.429949+00:00,200,495.14,
2026-09-20T22:09:12.607319+00:00,200,321.605,
2026-09-20T22:09:12.604478+00:00,200,350.116,
2026-09-20T22:09:12.536044+00:00,200,435.162,
2026-09-20T22:09:12.577394+00:00,200,396.568,
2026-09-20T22:09:12.605351+00:00,200,372.605,
2026-09-20T22:09:12.613442+00:00,200,371.446,
2026-09-20T22:09:12.584664+00:00,200,402.627,
2026-09-20T22:09:12.525719+00:00,200,463.381,
2026-09-20T22:09:12.623746+00:00,200,384.467,
2026-09-20T22:09:12.597272+00:00,200,412.045,
2026-09-20T22:09:12.609524+00:00,200,403.884,
2026-09-20T22:09:12.624617+00:00,200,389.806,
2026-09-20T22:09:12.678784+00:00,200,338.258,
2026-09-20T22:09:12.496519+00:00,200,521.444,
2026-09-20T22:09:12.640034+00:00,200,415.874,
2026-09-20T22:09:12.652838+00:00,200,408.727,
2026-09-20T22:09:12.680530+00:00,200,382.137,
2026-09-20T22:09:12.641803+00:00,200,423.957,
2026-09-20T22:09:12.563883+00:00,200,502.901,
2026-09-20T22:09:12.691651+00:00,200,378.749,
2026-09-20T22:09:12.663932+00:00,200,408.491,
2026-09-20T22:09:12.715238+00:00,200,361.127,
2026-09-20T22:09:12.686929+00:00,200,391.069,
2026-09-20T22:09:12.751445+00:00,200,328.729,
2026-09-20T22:09:12.683072+00:00,200,407.072,
2026-09-20T22:09:12.714353+00:00,200,377.278,
2026-09-20T22:09:12.694812+00:00,200,402.114,
2026-09-20T22:09:12.647702+00:00,200,453.025,
2026-09-20T22:09:12.630027+00:00,200,472.356,
2026-09-20T22:09:12.684918+00:00,200,426.294,
2026-09-20T22:09:12.755008+00:00,200,388.064,
2026-09-20T22:09:12.650343+00:00,200,494.873,
2026-09-20T22:09:12.783897+00:00,200,380.244,
2026-09-20T22:09:12.717722+00:00,200,452.842,
2026-09-20T22:09:12.697611+00:00,200,479.506,
2026-09-20T22:09:12.790802+00:00,200,394.142,
2026-09-20T22:09:12.794676+00:00,200,406.339,
2026-09-20T22:09:12.753647+00:00,200,449.774,
2026-09-20T22:09:12.696330+00:00,200,509.044,
2026-09-20T22:09:12.756612+00:00,200,451.202,
2026-09-20T22:09:12.723420+00:00,200,486.906,
2026-09-20T22:09:12.795202+00:00,200,418.245,
2026-09-20T22:09:12.702316+00:00,200,517.198,
2026-09-20T22:09:12.863116+00:00,200,358.738,
2026-09-20T22:09:12.809267+00:00,200,422.961,
2026-09-20T22:09:12.891860+00:00,200,364.079,
2026-09-20T22:09:12.898451+00:00,200,362.665,
2026-09-20T22:09:12.873404+00:00,200,394.327,
2026-09-20T22:09:12.763661+00:00,200,506.27,
2026-09-20T22:09:12.877065+00:00,200,395.395,
2026-09-20T22:09:12.803780+00:00,200,472.282,
2026-09-20T22:09:12.843330+00:00,200,437.476,
2026-09-20T22:09:12.830175+00:00,200,452.186,
2026-09-20T22:09:12.730293+00:00,200,553.791,
2026-09-20T22:09:12.796385+00:00,200,489.798,
2026-09-20T22:09:12.880596+00:00,200,406.945,
2026-09-20T22:09:12.882741+00:00,200,415.534,
2026-09-20T22:09:12.921853+00:00,200,377.882,
2026-09-20T22:09:12.825143+00:00,200,477.676,
2026-09-20T22:09:12.853937+00:00,200,462.21,
2026-09-20T22:09:12.916201+00:00,200,437.507,
2026-09-20T22:09:12.925091+00:00,200,434.558,
2026-09-20T22:09:12.864616+00:00,200,498.565,
2026-09-20T22:09:12.971208+00:00,200,405.626,
2026-09-20T22:09:12.896839+00:00,200,497.383,
2026-09-20T22:09:12.863930+00:00,200,532.014,
2026-09-20T22:09:12.984894+00:00,200,414.154,
2026-09-20T22:09:12.877783+00:00,200,522.494,
2026-09-20T22:09:12.928927+00:00,200,472.619,
2026-09-20T22:09:12.878892+00:00,200,525.228,
2026-09-20T22:09:12.954597+00:00,200,454.452,
2026-09-20T22:09:12.973964+00:00,200,436.119,
2026-09-20T22:09:12.888244+00:00,200,535.44,
2026-09-20T22:09:13.014426+00:00,200,410.096,
2026-09-20T22:09:12.913030+00:00,200,537.382,
2026-09-20T22:09:13.017055+00:00,200,438.414,
2026-09-20T22:09:12.929744+00:00,200,526.695,
2026-09-20T22:09:13.017966+00:00,200,443.463,
2026-09-20T22:09:13.064306+00:00,200,398.101,
2026-09-20T22:09:13.013411+00:00,200,459.062,
2026-09-20T22:09:12.987295+00:00,200,486.174,
2026-09-20T22:09:13.055912+00:00,200,419.243,
2026-09-20T22:09:13.080180+00:00,200,398.613,
2026-09-20T22:09:13.065763+00:00,200,413.893,
2026-09-20T22:09:13.076367+00:00,200,406.878,
2026-09-20T22:09:13.008216+00:00,200,479.333,
2026-09-20T22:09:12.997203+00:00,200,492.528,
2026-09-20T22:09:12.989102+00:00,200,509.709,
2026-09-20T22:09:13.072426+00:00,200,434.841,
2026-09-20T22:09:12.977959+00:00,200,546.921,
2026-09-20T22:09:13.090147+00:00,200,453.98,
2026-09-20T22:09:13.091634+00:00,200,455.011,
2026-09-20T22:09:13.030731+00:00,200,531.159,
2026-09-20T22:09:13.009321+00:00,200,554.738,
2026-09-20T22:09:13.111215+00:00,200,463.131,
2026-09-20T22:09:13.070402+00:00,200,512.912,
2026-09-20T22:09:13.062671+00:00,200,543.051,
2026-09-20T22:09:13.061567+00:00,200,547.692,
2026-09-20T22:09:13.100729+00:00,200,509.709,
2026-09-20T22:09:12.963975+00:00,200,656.058,
2026-09-20T22:09:13.145218+00:00,200,477.275,
2026-09-20T22:09:13.078001+00:00,200,549.269,
2026-09-20T22:09:13.261119+00:00,200,374.101,
2026-09-20T22:09:13.102385+00:00,200,539.237,
2026-09-20T22:09:13.221856+00:00,200,421.277,
2026-09-20T22:09:13.184948+00:00,200,459.626,
2026-09-20T22:09:13.096929+00:00,200,550.58,
2026-09-20T22:09:13.066785+00:00,200,582.403,
2026-09-20T22:09:13.170568+00:00,200,484.786,
2026-09-20T22:09:13.097586+00:00,200,558.696,
2026-09-20T22:09:13.205376+00:00,200,464.432,
2026-09-20T22:09:13.232229+00:00,200,447.134,
2026-09-20T22:09:13.165267+00:00,200,515.275,
2026-09-20T22:09:13.210331+00:00,200,489.831,
2026-09-20T22:09:13.164152+00:00,200,538.725,
2026-09-20T22:09:13.203429+00:00,200,500.681,
2026-09-20T22:09:13.130797+00:00,200,574.469,
2026-09-20T22:09:13.143074+00:00,200,565.103,
2026-09-20T22:09:13.201020+00:00,200,512.419,
2026-09-20T22:09:13.280807+00:00,200,438.581,
2026-09-20T22:09:13.255942+00:00,200,470.573,
2026-09-20T22:09:13.177120+00:00,200,555.127,
2026-09-20T22:09:13.272462+00:00,200,460.687,
2026-09-20T22:09:13.282362+00:00,200,463.935,
2026-09-20T22:09:13.213447+00:00,200,534.343,
2026-09-20T22:09:13.284087+00:00,200,471.814,
2026-09-20T22:09:13.207816+00:00,200,589.089,
2026-09-20T22:09:13.219516+00:00,200,583.881,
2026-09-20T22:09:13.298277+00:00,200,519.82,
2026-09-20T22:09:13.302820+00:00,200,522.621,
2026-09-20T22:09:13.263297+00:00,200,564.731,
2026-09-20T22:09:13.287542+00:00,200,541.888,
2026-09-20T22:09:13.299737+00:00,200,532.218,
2026-09-20T22:09:13.353716+00:00,200,481.155,
2026-09-20T22:09:13.286184+00:00,200,551.549,
2026-09-20T22:09:13.297336+00:00,200,545.935,
2026-09-20T22:09:13.267739+00:00,200,576.675,
2026-09-20T22:09:13.269938+00:00,200,576.375,
2026-09-20T22:09:13.394226+00:00,200,464.515,
2026-09-20T22:09:13.363185+00:00,200,503.194,
2026-09-20T22:09:13.198955+00:00,200,671.445,
2026-09-20T22:09:13.276064+00:00,200,597.194,
2026-09-20T22:09:13.410086+00:00,200,464.407,
2026-09-20T22:09:13.376839+00:00,200,508.791,
2026-09-20T22:09:13.404122+00:00,200,487.15,
2026-09-20T22:09:13.455471+00:00,200,437.544,
2026-09-20T22:09:13.316149+00:00,200,578.092,
2026-09-20T22:09:13.364081+00:00,200,543.42,
2026-09-20T22:09:13.424534+00:00,200,491.211,
2026-09-20T22:09:13.450414+00:00,200,467.466,
2026-09-20T22:09:13.402313+00:00,200,521.2,
2026-09-20T22:09:13.395947+00:00,200,533.28,
2026-09-20T22:09:13.475158+00:00,200,459.432,
2026-09-20T22:09:13.230546+00:00,200,704.989,
2026-09-20T22:09:13.423685+00:00,200,521.395,
2026-09-20T22:09:13.359653+00:00,200,590.655,
2026-09-20T22:09:13.399062+00:00,200,585.662,
2026-09-20T22:09:13.478794+00:00,200,507.65,
2026-09-20T22:09:13.489732+00:00,200,517.911,
2026-09-20T22:09:13.473472+00:00,200,545.924,
2026-09-20T22:09:13.507269+00:00,200,515.36,
2026-09-20T22:09:13.483247+00:00,200,540.541,
2026-09-20T22:09:13.400279+00:00,200,631.816,
2026-09-20T22:09:13.561898+00:00,200,482.802,
2026-09-20T22:09:13.498814+00:00,200,547.445,
2026-09-20T22:09:13.330558+00:00,200,717.543,
2026-09-20T22:09:13.456444+00:00,200,600.936,
2026-09-20T22:09:13.409052+00:00,200,650.969,
2026-09-20T22:09:13.462409+00:00,200,603.257,
2026-09-20T22:09:13.497350+00:00,200,569.404,
2026-09-20T22:09:13.401548+00:00,200,667.672,
2026-09-20T22:09:13.472478+00:00,200,598.833,
2026-09-20T22:09:13.463550+00:00,200,608.675,
2026-09-20T22:09:13.641624+00:00,200,440.828,
2026-09-20T22:09:13.487551+00:00,200,596.528,
2026-09-20T22:09:13.461433+00:00,200,624.207,
2026-09-20T22:09:13.609264+00:00,200,485.359,
2026-09-20T22:09:13.610441+00:00,200,485.634,
2026-09-20T22:09:13.479658+00:00,200,626.223,
2026-09-20T22:09:13.530422+00:00,200,587.924,
2026-09-20T22:09:13.574349+00:00,200,554.389,
2026-09-20T22:09:13.643135+00:00,200,491.225,
2026-09-20T22:09:13.564062+00:00,200,571.883,
2026-09-20T22:09:13.544133+00:00,200,594.676,
2026-09-20T22:09:13.430376+00:00,200,709.899,
2026-09-20T22:09:13.546648+00:00,200,611.325,
2026-09-20T22:09:13.644576+00:00,200,525.617,
2026-09-20T22:09:13.524882+00:00,200,648.451,
2026-09-20T22:09:13.635223+00:00,200,543.611,
2026-09-20T22:09:13.649191+00:00,200,562.126,
2026-09-20T22:09:13.583316+00:00,200,637.313,
2026-09-20T22:09:13.597767+00:00,200,625.245,
2026-09-20T22:09:13.627272+00:00,200,599.123,
2026-09-20T22:09:13.647517+00:00,200,583.217,
2026-09-20T22:09:13.708179+00:00,200,540.973,
2026-09-20T22:09:13.655357+00:00,200,602.475,
2026-09-20T22:09:13.713449+00:00,200,549.438,
2026-09-20T22:09:13.669811+00:00,200,597.038,
2026-09-20T22:09:13.564953+00:00,200,703.227,
2026-09-20T22:09:13.755903+00:00,200,514.201,
2026-09-20T22:09:13.664013+00:00,200,613.989,
2026-09-20T22:09:13.630191+00:00,200,649.927,
2026-09-20T22:09:13.704112+00:00,200,577.054,
2026-09-20T22:09:13.622495+00:00,200,660.4,
2026-09-20T22:09:13.679365+00:00,200,608.321,
2026-09-20T22:09:13.733150+00:00,200,557.466,
2026-09-20T22:09:13.605729+00:00,200,688.145,
2026-09-20T22:09:13.620037+00:00,200,683.098,
2026-09-20T22:09:13.719391+00:00,200,587.89,
2026-09-20T22:09:13.656284+00:00,200,652.109,
2026-09-20T22:09:13.726517+00:00,200,584.561,
2026-09-20T22:09:13.747793+00:00,200,574.847,
2026-09-20T22:09:13.700166+00:00,200,627.904,
2026-09-20T22:09:13.680546+00:00,200,655.934,
2026-09-20T22:09:13.825448+00:00,200,529.171,
2026-09-20T22:09:13.698903+00:00,200,657.253,
2026-09-20T22:09:13.796911+00:00,200,571.351,
2026-09-20T22:09:13.843272+00:00,200,543.091,
2026-09-20T22:09:13.833125+00:00,200,569.058,
2026-09-20T22:09:13.837734+00:00,200,570.593,
2026-09-20T22:09:13.702894+00:00,200,708.563,
2026-09-20T22:09:13.732249+00:00,200,699.323,
2026-09-20T22:09:13.874494+00:00,200,567.268,
2026-09-20T22:09:13.705268+00:00,200,737.842,
2026-09-20T22:09:13.873259+00:00,200,575.931,
2026-09-20T22:09:13.885637+00:00,200,565.989,
2026-09-20T22:09:13.730346+00:00,200,722.398,
2026-09-20T22:09:13.803399+00:00,200,651.774,
2026-09-20T22:09:13.764187+00:00,200,696.26,
2026-09-20T22:09:13.894242+00:00,200,573.5,
2026-09-20T22:09:13.818098+00:00,200,658.049,
2026-09-20T22:09:13.870417+00:00,200,609.782,
2026-09-20T22:09:13.893017+00:00,200,589.179,
2026-09-20T22:09:13.828031+00:00,200,660.871,
2026-09-20T22:09:13.798414+00:00,200,692.587,
2026-09-20T22:09:13.834886+00:00,200,657.258,
2026-09-20T22:09:13.846314+00:00,200,648.511,
2026-09-20T22:09:13.829432+00:00,200,681.196,
2026-09-20T22:09:13.950316+00:00,200,566.545,
2026-09-20T22:09:13.907504+00:00,200,614.764,
2026-09-20T22:09:13.831956+00:00,200,692.06,
2026-09-20T22:09:13.917882+00:00,200,607.85,
2026-09-20T22:09:13.929231+00:00,200,601.688,
2026-09-20T22:09:13.746299+00:00,200,789.779,
2026-09-20T22:09:13.858747+00:00,200,678.319,
2026-09-20T22:09:13.844429+00:00,200,700.597,
2026-09-20T22:09:13.934592+00:00,200,620.797,
2026-09-20T22:09:14.023789+00:00,200,560.311,
2026-09-20T22:09:13.896880+00:00,200,705.317,
2026-09-20T22:09:13.866385+00:00,200,743.493,
2026-09-20T22:09:13.984731+00:00,200,635.624,
2026-09-20T22:09:14.022632+00:00,200,600.233,
2026-09-20T22:09:13.964450+00:00,200,660.241,
2026-09-20T22:09:13.915746+00:00,200,713.488,
2026-09-20T22:09:13.891273+00:00,200,739.701,
2026-09-20T22:09:13.863868+00:00,200,779.908,
2026-09-20T22:09:13.923514+00:00,200,721.426,
2026-09-20T22:09:14.046261+00:00,200,601.021,
2026-09-20T22:09:14.007645+00:00,200,649.458,
2026-09-20T22:09:14.094633+00:00,200,584.375,
2026-09-20T22:09:14.048102+00:00,200,632.274,
2026-09-20T22:09:14.060021+00:00,200,625.219,
2026-09-20T22:09:13.986446+00:00,200,709.153,
2026-09-20T22:09:14.069221+00:00,200,630.132,
2026-09-20T22:09:13.930201+00:00,200,770.786,
2026-09-20T22:09:14.084080+00:00,200,620.045,
2026-09-20T22:09:14.066755+00:00,200,638.513,
2026-09-20T22:09:13.945081+00:00,200,764.508,
2026-09-20T22:09:14.057381+00:00,200,657.428,
2026-09-20T22:09:13.935536+00:00,200,785.498,
2026-09-20T22:09:14.096082+00:00,200,637.187,
2026-09-20T22:09:14.032096+00:00,200,707.26,
2026-09-20T22:09:14.019403+00:00,200,731.42,
2026-09-20T22:09:14.082455+00:00,200,669.969,
2026-09-20T22:09:14.118348+00:00,200,637.66,
2026-09-20T22:09:14.044716+00:00,200,715.313,
2026-09-20T22:09:13.997791+00:00,200,767.899,
2026-09-20T22:09:14.134363+00:00,200,653.845,
2026-09-20T22:09:14.170195+00:00,200,626.755,
2026-09-20T22:09:14.065667+00:00,200,734.677,
2026-09-20T22:09:14.072225+00:00,200,732.091,
2026-09-20T22:09:14.140276+00:00,200,665.677,
2026-09-20T22:09:14.138823+00:00,200,670.376,
2026-09-20T22:09:14.071312+00:00,200,740.902,
2026-09-20T22:09:14.097403+00:00,200,717.758,
2026-09-20T22:09:14.135950+00:00,200,680.776,
2026-09-20T22:09:14.157974+00:00,200,665.831,
2026-09-20T22:09:14.085640+00:00,200,739.672,
2026-09-20T22:09:14.211328+00:00,200,620.964,
2026-09-20T22:09:14.220638+00:00,200,659.959,
2026-09-20T22:09:14.270106+00:00,200,621.279,
2026-09-20T22:09:14.262893+00:00,200,638.571,
2026-09-20T22:09:14.164086+00:00,200,739.748,
2026-09-20T22:09:14.257838+00:00,200,648.74,
2026-09-20T22:09:14.105881+00:00,200,802.514,
2026-09-20T22:09:14.063790+00:00,200,847.411,
2026-09-20T22:09:14.266851+00:00,200,645.402,
2026-09-20T22:09:14.173335+00:00,200,740.08,
2026-09-20T22:09:14.128745+00:00,200,786.647,
2026-09-20T22:09:14.030551+00:00,200,887.526,
2026-09-20T22:09:14.223034+00:00,200,696.171,
2026-09-20T22:09:14.278006+00:00,200,662.234,
2026-09-20T22:09:14.268182+00:00,200,680.326,
2026-09-20T22:09:14.280121+00:00,200,675.516,
2026-09-20T22:09:14.178838+00:00,200,779.057,
2026-09-20T22:09:14.130205+00:00,200,835.096,
2026-09-20T22:09:14.328076+00:00,200,646.553,
2026-09-20T22:09:14.303141+00:00,200,674.375,
2026-09-20T22:09:14.336482+00:00,200,642.678,
2026-09-20T22:09:14.230756+00:00,200,755.486,
2026-09-20T22:09:14.226400+00:00,200,760.871,
2026-09-20T22:09:14.287691+00:00,200,702.772,
2026-09-20T22:09:14.231894+00:00,200,759.957,
2026-09-20T22:09:14.293889+00:00,200,705.023,
2026-09-20T22:09:14.282898+00:00,200,731.192,
2026-09-20T22:09:14.311080+00:00,200,704.609,
2026-09-20T22:09:14.265253+00:00,200,764.489,
2026-09-20T22:09:14.356165+00:00,200,691.874,
2026-09-20T22:09:14.249159+00:00,200,809.056,
2026-09-20T22:09:14.198047+00:00,200,863.658,
2026-09-20T22:09:14.408328+00:00,200,668.568,
2026-09-20T22:09:14.368276+00:00,200,711.692,
2026-09-20T22:09:14.330394+00:00,200,752.892,
2026-09-20T22:09:14.443110+00:00,200,644.03,
2026-09-20T22:09:14.386364+00:00,200,712.699,
2026-09-20T22:09:14.290618+00:00,200,810.989,
2026-09-20T22:09:14.307285+00:00,200,800.586,
2026-09-20T22:09:14.411460+00:00,200,702.152,
2026-09-20T22:09:14.281168+00:00,200,844.445,
2026-09-20T22:09:14.449191+00:00,200,683.623,
2026-09-20T22:09:14.308394+00:00,200,836.833,
2026-09-20T22:09:14.297184+00:00,200,861.897,
2026-09-20T22:09:14.322643+00:00,200,838.535,
2026-09-20T22:09:14.460448+00:00,200,713.195,
2026-09-20T22:09:14.480200+00:00,200,695.444,
2026-09-20T22:09:14.452745+00:00,200,725.874,
2026-09-20T22:09:14.402186+00:00,200,778.275,
2026-09-20T22:09:14.354637+00:00,200,827.997,
2026-09-20T22:09:14.488904+00:00,200,694.839,
2026-09-20T22:09:14.441765+00:00,200,749.719,
2026-09-20T22:09:14.451626+00:00,200,745.259,
2026-09-20T22:09:14.432975+00:00,200,766.261,
2026-09-20T22:09:14.522270+00:00,200,679.662,
2026-09-20T22:09:14.476149+00:00,200,738.763,
2026-09-20T22:09:14.536079+00:00,200,686.484,
2026-09-20T22:09:14.491009+00:00,200,735.629,
2026-09-20T22:09:14.455175+00:00,200,781.635,
2026-09-20T22:09:14.510629+00:00,200,730.624,
2026-09-20T22:09:14.463913+00:00,200,779.337,
2026-09-20T22:09:14.431577+00:00,200,815.537,
2026-09-20T22:09:14.524017+00:00,200,726.179,
2026-09-20T22:09:14.516862+00:00,200,738.411,
2026-09-20T22:09:14.364275+00:00,200,908.196,
2026-09-20T22:09:14.537066+00:00,200,756.477,
2026-09-20T22:09:14.555391+00:00,200,741.728,
2026-09-20T22:09:14.467743+00:00,200,830.929,
2026-09-20T22:09:14.531707+00:00,200,789.849,
2026-09-20T22:09:14.584101+00:00,200,738.732,
2026-09-20T22:09:14.525733+00:00,200,814.421,
2026-09-20T22:09:14.530920+00:00,200,814.065,
2026-09-20T22:09:14.602202+00:00,200,744.036,
2026-09-20T22:09:14.629236+00:00,200,719.563,
2026-09-20T22:09:14.398104+00:00,200,952.589,
2026-09-20T22:09:14.482197+00:00,200,890.417,
2026-09-20T22:09:14.494825+00:00,200,879.462,
2026-09-20T22:09:14.620373+00:00,200,756.49,
2026-09-20T22:09:14.598205+00:00,200,781.229,
2026-09-20T22:09:14.545026+00:00,200,836.125,
2026-09-20T22:09:14.630974+00:00,200,752.316,
2026-09-20T22:09:14.644941+00:00,200,739.437,
2026-09-20T22:09:14.492146+00:00,200,894.43,
2026-09-20T22:09:14.704126+00:00,200,683.876,
2026-09-20T22:09:14.643776+00:00,200,751.126,
2026-09-20T22:09:14.622868+00:00,200,774.173,
2026-09-20T22:09:14.647283+00:00,200,769.817,
2026-09-20T22:09:14.680378+00:00,200,746.796,
2026-09-20T22:09:14.700987+00:00,200,731.536,
2026-09-20T22:09:14.733269+00:00,200,707.716,
2026-09-20T22:09:14.695606+00:00,200,750.809,
2026-09-20T22:09:14.705268+00:00,200,742.835,
2026-09-20T22:09:14.631759+00:00,200,822.16,
2026-09-20T22:09:14.624693+00:00,200,837.519,
2026-09-20T22:09:14.750839+00:00,200,751.869,
2026-09-20T22:09:14.497137+00:00,200,1007.923,
2026-09-20T22:09:14.657105+00:00,200,850.956,
2026-09-20T22:09:14.721033+00:00,200,788.477,
2026-09-20T22:09:14.564602+00:00,200,946.497,
2026-09-20T22:09:14.609882+00:00,200,904.114,
2026-09-20T22:09:14.697273+00:00,200,824.082,
2026-09-20T22:09:14.756008+00:00,200,767.196,
2026-09-20T22:09:14.788212+00:00,200,736.499,
2026-09-20T22:09:14.739357+00:00,200,799.458,
2026-09-20T22:09:14.699354+00:00,200,841.085,
2026-09-20T22:09:14.760030+00:00,200,782.114,
2026-09-20T22:09:14.796952+00:00,200,750.137,
2026-09-20T22:09:14.679009+00:00,200,873.869,
2026-09-20T22:09:14.800345+00:00,200,754.288,
2026-09-20T22:09:14.709588+00:00,200,849.116,
2026-09-20T22:09:14.685242+00:00,200,878.919,
2026-09-20T22:09:14.812215+00:00,200,761.665,
2026-09-20T22:09:14.798040+00:00,200,777.297,
2026-09-20T22:09:14.714813+00:00,200,889.86,
2026-09-20T22:09:14.664398+00:00,200,941.997,
2026-09-20T22:09:14.816726+00:00,200,793.106,
2026-09-20T22:09:14.815162+00:00,200,796.229,
2026-09-20T22:09:14.832306+00:00,200,784.779,
2026-09-20T22:09:14.764081+00:00,200,867.374,
2026-09-20T22:09:14.805953+00:00,200,839.984,
2026-09-20T22:09:14.903837+00:00,200,752.645,
2026-09-20T22:09:14.901479+00:00,200,765.893,
2026-09-20T22:09:14.880613+00:00,200,788.819,
2026-09-20T22:09:14.804316+00:00,200,870.153,
2026-09-20T22:09:14.906584+00:00,200,774.933,
2026-09-20T22:09:14.908395+00:00,200,776.774,
2026-09-20T22:09:14.765691+00:00,200,922.608,
2026-09-20T22:09:14.918076+00:00,200,782.383,
2026-09-20T22:09:14.912254+00:00,200,792.068,
2026-09-20T22:09:14.911200+00:00,200,794.811,
2026-09-20T22:09:14.809199+00:00,200,909.297,
2026-09-20T22:09:14.752424+00:00,200,971.204,
2026-09-20T22:09:14.823805+00:00,200,915.395,
2026-09-20T22:09:14.915392+00:00,200,830.481,
2026-09-20T22:09:14.948509+00:00,200,798.938,
2026-09-20T22:09:14.864782+00:00,200,885.434,
2026-09-20T22:09:14.891390+00:00,200,860.663,
2026-09-20T22:09:14.731402+00:00,200,1024.046,
2026-09-20T22:09:14.990464+00:00,200,768.852,
2026-09-20T22:09:14.897651+00:00,200,865.32,
2026-09-20T22:09:14.986251+00:00,200,792.574,
2026-09-20T22:09:14.965301+00:00,200,815.485,
2026-09-20T22:09:14.919210+00:00,200,872.282,
2026-09-20T22:09:14.913417+00:00,200,886.324,
2026-09-20T22:09:14.830882+00:00,200,974.265,
2026-09-20T22:09:14.977517+00:00,200,829.012,
2026-09-20T22:09:14.991853+00:00,200,818.732,
2026-09-20T22:09:14.825312+00:00,200,987.127,
2026-09-20T22:09:14.955639+00:00,200,883.646,
2026-09-20T22:09:14.998911+00:00,200,845.462,
2026-09-20T22:09:15.014090+00:00,200,837.913,
2026-09-20T22:09:15.058227+00:00,200,795.807,
2026-09-20T22:09:14.940242+00:00,200,917.279,
2026-09-20T22:09:14.931315+00:00,200,927.666,
2026-09-20T22:09:15.029750+00:00,200,844.983,
2026-09-20T22:09:15.083293+00:00,200,812.9,
2026-09-20T22:09:14.974630+00:00,200,923.815,
2026-09-20T22:09:15.030680+00:00,200,871.358,
2026-09-20T22:09:14.997203+00:00,200,914.745,
2026-09-20T22:09:15.101607+00:00,200,813.321,
2026-09-20T22:09:14.979161+00:00,200,937.485,
2026-09-20T22:09:14.987275+00:00,200,936.071,
2026-09-20T22:09:14.963877+00:00,200,964.972,
2026-09-20T22:09:15.076898+00:00,200,855.778,
2026-09-20T22:09:15.097683+00:00,200,840.608,
2026-09-20T22:09:15.145227+00:00,200,795.329,
2026-09-20T22:09:15.063998+00:00,200,877.898,
2026-09-20T22:09:14.957896+00:00,200,986.969,
2026-09-20T22:09:15.125613+00:00,200,821.203,
2026-09-20T22:09:15.015689+00:00,200,940.942,
2026-09-20T22:09:15.132817+00:00,200,845.407,
2026-09-20T22:09:15.178620+00:00,200,803.379,
2026-09-20T22:09:15.087142+00:00,200,901.645,
2026-09-20T22:09:15.048041+00:00,200,950.332,
2026-09-20T22:09:15.161178+00:00,200,841.493,
2026-09-20T22:09:15.061727+00:00,200,942.98,
2026-09-20T22:09:15.079969+00:00,200,937.642,
2026-09-20T22:09:15.099064+00:00,200,919.916,
2026-09-20T22:09:15.180463+00:00,200,863.543,
2026-09-20T22:09:15.107870+00:00,200,947.402,
2026-09-20T22:09:15.173644+00:00,200,887.128,
2026-09-20T22:09:15.199239+00:00,200,863.516,
2026-09-20T22:09:15.214912+00:00,200,850.601,
2026-09-20T22:09:15.241253+00:00,200,829.469,
2026-09-20T22:09:15.222564+00:00,200,849.719,
2026-09-20T22:09:15.191484+00:00,200,892.602,
2026-09-20T22:09:15.236809+00:00,200,852.568,
2026-09-20T22:09:15.159082+00:00,200,931.824,
2026-09-20T22:09:15.182634+00:00,200,914.172,
2026-09-20T22:09:15.243250+00:00,200,862.364,
2026-09-20T22:09:15.113614+00:00,200,999.902,
2026-09-20T22:09:15.293554+00:00,200,821.718,
2026-09-20T22:09:15.197699+00:00,200,924.14,
2026-09-20T22:09:15.175645+00:00,200,953.368,
2026-09-20T22:09:15.255273+00:00,200,883.525,
2026-09-20T22:09:15.196885+00:00,200,946.599,
2026-09-20T22:09:15.321556+00:00,200,827.306,
2026-09-20T22:09:15.264857+00:00,200,888.384,
2026-09-20T22:09:15.297120+00:00,200,873.088,
2026-09-20T22:09:15.201933+00:00,200,977.297,
2026-09-20T22:09:15.250196+00:00,200,933.865,
2026-09-20T22:09:15.183743+00:00,200,1002.129,
2026-09-20T22:09:15.348800+00:00,200,845.988,
2026-09-20T22:09:15.247128+00:00,200,956.115,
2026-09-20T22:09:15.272471+00:00,200,933.986,
2026-09-20T22:09:15.226638+00:00,200,983.271,
2026-09-20T22:09:15.299836+00:00,200,915.761,
2026-09-20T22:09:15.350715+00:00,200,877.208,
2026-09-20T22:09:15.131419+00:00,200,1099.045,
2026-09-20T22:09:15.346248+00:00,200,899.237,
2026-09-20T22:09:15.331426+00:00,200,915.734,
2026-09-20T22:09:15.376872+00:00,200,873.36,
2026-09-20T22:09:15.164070+00:00,200,1094.699,
2026-09-20T22:09:15.388002+00:00,200,874.215,
2026-09-20T22:09:15.397041+00:00,200,882.678,
2026-09-20T22:09:15.379457+00:00,200,907.6,
2026-09-20T22:09:15.394902+00:00,200,896.893,
2026-09-20T22:09:15.417100+00:00,200,878.393,
2026-09-20T22:09:15.230946+00:00,200,1066.575,
2026-09-20T22:09:15.322834+00:00,200,981.977,
2026-09-20T22:09:15.298671+00:00,200,1009.216,
2026-09-20T22:09:15.344985+00:00,200,964.715,
2026-09-20T22:09:15.448104+00:00,200,865.109,
2026-09-20T22:09:15.384377+00:00,200,940.874,
2026-09-20T22:09:15.397775+00:00,200,930.183,
2026-09-20T22:09:15.340154+00:00,200,995.147,
2026-09-20T22:09:15.372614+00:00,200,965.296,
2026-09-20T22:09:15.508061+00:00,200,851.584,
2026-09-20T22:09:15.374286+00:00,200,987.007,
2026-09-20T22:09:15.427174+00:00,200,942.108,
2026-09-20T22:09:15.440986+00:00,200,933.312,
2026-09-20T22:09:15.462212+00:00,200,915.877,
2026-09-20T22:09:15.383290+00:00,200,997.853,
2026-09-20T22:09:15.381149+00:00,200,1003.895,
2026-09-20T22:09:15.509510+00:00,200,886.419,
2026-09-20T22:09:15.386575+00:00,200,1020.848,
2026-09-20T22:09:15.505059+00:00,200,911.593,
2026-09-20T22:09:15.514008+00:00,200,904.405,
2026-09-20T22:09:15.540438+00:00,200,887.096,
2026-09-20T22:09:15.502710+00:00,200,936.947,
2026-09-20T22:09:15.524712+00:00,200,924.825,
2026-09-20T22:09:15.552878+00:00,200,905.879,
2026-09-20T22:09:15.446430+00:00,200,1014.784,
2026-09-20T22:09:15.432523+00:00,200,1032.314,
2026-09-20T22:09:15.499484+00:00,200,988.986,
2026-09-20T22:09:15.604672+00:00,200,885.486,
2026-09-20T22:09:15.521356+00:00,200,973.393,
2026-09-20T22:09:15.364975+00:00,200,1131.941,
2026-09-20T22:09:15.611390+00:00,200,890.812,
2026-09-20T22:09:15.453919+00:00,200,1055.655,
2026-09-20T22:09:15.538815+00:00,200,972.507,
2026-09-20T22:09:15.564160+00:00,200,962.385,
2026-09-20T22:09:15.464103+00:00,200,1065.646,
2026-09-20T22:09:15.531348+00:00,200,1000.636,
2026-09-20T22:09:15.645937+00:00,200,887.603,
2026-09-20T22:09:15.431316+00:00,200,1106.85,
2026-09-20T22:09:15.542144+00:00,200,997.37,
2026-09-20T22:09:15.523204+00:00,200,1023.756,
2026-09-20T22:09:15.511098+00:00,200,1046.067,
2026-09-20T22:09:15.656484+00:00,200,901.876,
2026-09-20T22:09:15.573879+00:00,200,986.685,
2026-09-20T22:09:15.575338+00:00,200,986.946,
2026-09-20T22:09:15.667382+00:00,200,907.679,
2026-09-20T22:09:15.554635+00:00,200,1025.948,
2026-09-20T22:09:15.547090+00:00,200,1035.449,
2026-09-20T22:09:15.681517+00:00,200,902.101,
2026-09-20T22:09:15.617086+00:00,200,971.802,
2026-09-20T22:09:15.631454+00:00,200,959.179,
2026-09-20T22:09:15.718495+00:00,200,919.172,
2026-09-20T22:09:15.669447+00:00,200,971.009,
2026-09-20T22:09:15.700458+00:00,200,957.178,
2026-09-20T22:09:15.674469+00:00,200,987.361,
2026-09-20T22:09:15.558703+00:00,200,1105.576,
2026-09-20T22:09:15.632267+00:00,200,1040.719,
2026-09-20T22:09:15.745874+00:00,200,933.092,
2026-09-20T22:09:15.664864+00:00,200,1018.649,
2026-09-20T22:09:15.778824+00:00,200,907.083,
2026-09-20T22:09:15.750216+00:00,200,937.131,
2026-09-20T22:09:15.564979+00:00,200,1128.462,
2026-09-20T22:09:15.606394+00:00,200,1094.009,
2026-09-20T22:09:15.598393+00:00,200,1103.532,
2026-09-20T22:09:15.688298+00:00,200,1029.296,
2026-09-20T22:09:15.805145+00:00,200,922.495,
2026-09-20T22:09:15.706010+00:00,200,1023.838,
2026-09-20T22:09:15.799740+00:00,200,931.496,
2026-09-20T22:09:15.731666+00:00,200,1003.181,
2026-09-20T22:09:15.609831+00:00,200,1126.32,
2026-09-20T22:09:15.780785+00:00,200,957.848,
2026-09-20T22:09:15.685170+00:00,200,1065.962,
2026-09-20T22:09:15.723626+00:00,200,1029.135,
2026-09-20T22:09:15.755447+00:00,200,1000.926,
2026-09-20T22:09:15.759316+00:00,200,1005.745,
2026-09-20T22:09:15.704322+00:00,200,1064.297,
2026-09-20T22:09:15.747447+00:00,200,1022.445,
2026-09-20T22:09:15.698430+00:00,200,1079.87,
2026-09-20T22:09:15.812438+00:00,200,973.332,
2026-09-20T22:09:15.857521+00:00,200,940.84,
2026-09-20T22:09:15.739204+00:00,200,1072.746,
2026-09-20T22:09:15.764104+00:00,200,1066.481,
2026-09-20T22:09:15.874732+00:00,200,958.806,
2026-09-20T22:09:15.923344+00:00,200,913.473,
2026-09-20T22:09:15.752063+00:00,200,1102.68,
2026-09-20T22:09:15.806528+00:00,200,1050.509,
2026-09-20T22:09:15.762971+00:00,200,1101.218,
2026-09-20T22:09:15.798436+00:00,200,1081.861,
2026-09-20T22:09:15.902038+00:00,200,979.711,
2026-09-20T22:09:15.839284+00:00,200,1049.556,
2026-09-20T22:09:15.810584+00:00,200,1079.721,
2026-09-20T22:09:15.854035+00:00,200,1039.581,
2026-09-20T22:09:15.898444+00:00,200,1005.625,
2026-09-20T22:09:15.940556+00:00,200,965.372,
2026-09-20T22:09:15.978224+00:00,200,930.864,
2026-09-20T22:09:15.831815+00:00,200,1078.721,
2026-09-20T22:09:15.946816+00:00,200,966.498,
2026-09-20T22:09:15.916646+00:00,200,998.616,
2026-09-20T22:09:15.852003+00:00,200,1064.91,
2026-09-20T22:09:15.864290+00:00,200,1063.624,
2026-09-20T22:09:15.791493+00:00,200,1145.656,
2026-09-20T22:09:15.858980+00:00,200,1079.423,
2026-09-20T22:09:15.981999+00:00,200,972.705,
2026-09-20T22:09:15.844373+00:00,200,1123.469,
2026-09-20T22:09:15.928847+00:00,200,1040.775,
2026-09-20T22:09:15.911946+00:00,200,1060.765,
2026-09-20T22:09:15.941896+00:00,200,1054.022,
2026-09-20T22:09:15.914929+00:00,200,1082.896,
2026-09-20T22:09:16.017611+00:00,200,983.267,
2026-09-20T22:09:15.988787+00:00,200,1015.596,
2026-09-20T22:09:15.896193+00:00,200,1116.017,
2026-09-20T22:09:16.002671+00:00,200,1011.323,
2026-09-20T22:09:16.065512+00:00,200,951.38,
2026-09-20T22:09:15.965029+00:00,200,1071.046,
2026-09-20T22:09:15.932677+00:00,200,1120.179,
2026-09-20T22:09:15.938292+00:00,200,1120.49,
2026-09-20T22:09:16.115291+00:00,200,952.118,
2026-09-20T22:09:15.998373+00:00,200,1071.191,
2026-09-20T22:09:15.956630+00:00,200,1120.675,
2026-09-20T22:09:15.930956+00:00,200,1149.12,
2026-09-20T22:09:16.084085+00:00,200,997.496,
2026-09-20T22:09:16.072283+00:00,200,1011.789,
2026-09-20T22:09:16.018980+00:00,200,1066.373,
2026-09-20T22:09:16.089378+00:00,200,997.429,
2026-09-20T22:09:16.031884+00:00,200,1058.051,
2026-09-20T22:09:15.999426+00:00,200,1091.817,
2026-09-20T22:09:16.044005+00:00,200,1049.769,
2026-09-20T22:09:16.004706+00:00,200,1091.988,
2026-09-20T22:09:15.944863+00:00,200,1153.464,
2026-09-20T22:09:16.129011+00:00,200,982.321,
2026-09-20T22:09:16.096805+00:00,200,1017.559,
2026-09-20T22:09:15.899451+00:00,200,1257.759,
2026-09-20T22:09:16.153241+00:00,200,1022.888,
2026-09-20T22:09:16.113516+00:00,200,1064.576,
2026-09-20T22:09:16.206457+00:00,200,974.73,
2026-09-20T22:09:16.097672+00:00,200,1087.381,
2026-09-20T22:09:16.062754+00:00,200,1128.306,
2026-09-20T22:09:16.055275+00:00,200,1141.892,
2026-09-20T22:09:16.105613+00:00,200,1093.521,
2026-09-20T22:09:16.209907+00:00,200,993.917,
2026-09-20T22:09:16.138798+00:00,200,1068.969,
2026-09-20T22:09:16.170209+00:00,200,1049.1,
2026-09-20T22:09:16.179229+00:00,200,1041.691,
2026-09-20T22:09:16.067483+00:00,200,1159.611,
2026-09-20T22:09:16.121838+00:00,200,1110.453,
2026-09-20T22:09:16.070722+00:00,200,1163.063,
2026-09-20T22:09:16.090906+00:00,200,1157.582,
2026-09-20T22:09:16.203242+00:00,200,1050.345,
2026-09-20T22:09:16.194788+00:00,200,1061.956,
2026-09-20T22:09:16.279718+00:00,200,979.026,
2026-09-20T22:09:16.245484+00:00,200,1017.771,
2026-09-20T22:09:16.250230+00:00,200,1016.366,
2026-09-20T22:09:16.215595+00:00,200,1054.268,
2026-09-20T22:09:16.060772+00:00,200,1229.525,
2026-09-20T22:09:16.184062+00:00,200,1108.449,
2026-09-20T22:09:16.148865+00:00,200,1157.668,
2026-09-20T22:09:16.304811+00:00,200,1013.285,
2026-09-20T22:09:16.143482+00:00,200,1177.421,
2026-09-20T22:09:16.165271+00:00,200,1157.156,
2026-09-20T22:09:16.258768+00:00,200,1065.401,
2026-09-20T22:09:16.197818+00:00,200,1148.439,
2026-09-20T22:09:16.335299+00:00,200,1017.239,
2026-09-20T22:09:16.291794+00:00,200,1062.303,
2026-09-20T22:09:16.227922+00:00,200,1130.667,
2026-09-20T22:09:16.185870+00:00,200,1176.117,
2026-09-20T22:09:16.309698+00:00,200,1079.075,
2026-09-20T22:09:16.230463+00:00,200,1163.938,
2026-09-20T22:09:16.264429+00:00,200,1132.126,
2026-09-20T22:09:16.131030+00:00,200,1271.41,
2026-09-20T22:09:16.295491+00:00,200,1114.465,
2026-09-20T22:09:16.307886+00:00,200,1103.919,
2026-09-20T22:09:16.247159+00:00,200,1171.018,
2026-09-20T22:09:16.374297+00:00,200,1048.898,
2026-09-20T22:09:16.231665+00:00,200,1197.915,
2026-09-20T22:09:16.416662+00:00,200,1022.068,
2026-09-20T22:09:16.418414+00:00,200,1022.018,
2026-09-20T22:09:16.287056+00:00,200,1155.342,
2026-09-20T22:09:16.359644+00:00,200,1084.849,
2026-09-20T22:09:16.262216+00:00,200,1184.131,
2026-09-20T22:09:16.395928+00:00,200,1052.144,
2026-09-20T22:09:16.337908+00:00,200,1114.838,
2026-09-20T22:09:16.297518+00:00,200,1161.056,
2026-09-20T22:09:16.327957+00:00,200,1133.997,
2026-09-20T22:09:16.439656+00:00,200,1032.065,
2026-09-20T22:09:16.313212+00:00,200,1170.268,
2026-09-20T22:09:16.494747+00:00,200,1018.011,
2026-09-20T22:09:16.299400+00:00,200,1220.264,
2026-09-20T22:09:16.397720+00:00,200,1127.246,
2026-09-20T22:09:16.364503+00:00,200,1173.784,
2026-09-20T22:09:16.449541+00:00,200,1099.146,
2026-09-20T22:09:16.381142+00:00,200,1169.679,
2026-09-20T22:09:16.325250+00:00,200,1227.594,
2026-09-20T22:09:16.509572+00:00,200,1046.007,
2026-09-20T22:09:16.331230+00:00,200,1231.829,
2026-09-20T22:09:16.385043+00:00,200,1185.808,
2026-09-20T22:09:16.369281+00:00,200,1213.088,
2026-09-20T22:09:16.361292+00:00,200,1230.457,
2026-09-20T22:09:16.560562+00:00,200,1035.374,
2026-09-20T22:09:16.533539+00:00,200,1079.196,
2026-09-20T22:09:16.407426+00:00,200,1208.23,
2026-09-20T22:09:16.488487+00:00,200,1128.778,
2026-09-20T22:09:16.431303+00:00,200,1189.488,
2026-09-20T22:09:16.464836+00:00,200,1159.18,
2026-09-20T22:09:16.539511+00:00,200,1086.072,
2026-09-20T22:09:16.461213+00:00,200,1168.104,
2026-09-20T22:09:16.458759+00:00,200,1176.401,
2026-09-20T22:09:16.526544+00:00,200,1110.28,
2026-09-20T22:09:16.427533+00:00,200,1211.948,
2026-09-20T22:09:16.557163+00:00,200,1083.699,
2026-09-20T22:09:16.529747+00:00,200,1112.504,
2026-09-20T22:09:16.490158+00:00,200,1153.878,
2026-09-20T22:09:16.378088+00:00,200,1268.892,
2026-09-20T22:09:16.588886+00:00,200,1078.249,
2026-09-20T22:09:16.497942+00:00,200,1175.148,
2026-09-20T22:09:16.496914+00:00,200,1181.624,
2026-09-20T22:09:16.534594+00:00,200,1172.301,
2026-09-20T22:09:16.590632+00:00,200,1117.416,
2026-09-20T22:09:16.672985+00:00,200,1039.169,
2026-09-20T22:09:16.546957+00:00,200,1171.141,
2026-09-20T22:09:16.637667+00:00,200,1086.943,
2026-09-20T22:09:16.502201+00:00,200,1223.813,
2026-09-20T22:09:16.562282+00:00,200,1183.808,
2026-09-20T22:09:16.580581+00:00,200,1172.663,
2026-09-20T22:09:16.661828+00:00,200,1096.714,
2026-09-20T22:09:16.558359+00:00,200,1220.148,
2026-09-20T22:09:16.511319+00:00,200,1268.401,
2026-09-20T22:09:16.564564+00:00,200,1227.619,
2026-09-20T22:09:16.678966+00:00,200,1115.171,
2026-09-20T22:09:16.700401+00:00,200,1098.277,
2026-09-20T22:09:16.538164+00:00,200,1263.573,
2026-09-20T22:09:16.465772+00:00,200,1339.354,
2026-09-20T22:09:16.583618+00:00,200,1224.206,
2026-09-20T22:09:16.582537+00:00,200,1228.66,
2026-09-20T22:09:16.575061+00:00,200,1237.17,
2026-09-20T22:09:16.664277+00:00,200,1150.214,
2026-09-20T22:09:16.731236+00:00,200,1084.416,
2026-09-20T22:09:16.727641+00:00,200,1099.34,
2026-09-20T22:09:16.640456+00:00,200,1188.355,
2026-09-20T22:09:16.598537+00:00,200,1240.581,
2026-09-20T22:09:16.632117+00:00,200,1229.451,
2026-09-20T22:09:16.665488+00:00,200,1201.405,
2026-09-20T22:09:16.657636+00:00,200,1216.531,
2026-09-20T22:09:16.531982+00:00,200,1343.409,
2026-09-20T22:09:16.683512+00:00,200,1193.691,
2026-09-20T22:09:16.698218+00:00,200,1180.418,
2026-09-20T22:09:16.768618+00:00,200,1116.04,
2026-09-20T22:09:16.729847+00:00,200,1156.741,
2026-09-20T22:09:16.717592+00:00,200,1186.051,
2026-09-20T22:09:16.765060+00:00,200,1159.764,
2026-09-20T22:09:16.687347+00:00,200,1238.728,
2026-09-20T22:09:16.685907+00:00,200,1262.956,
2026-09-20T22:09:16.756372+00:00,200,1204.39,
2026-09-20T22:09:16.830583+00:00,200,1131.593,
2026-09-20T22:09:16.738632+00:00,200,1226.299,
2026-09-20T22:09:16.752760+00:00,200,1214.993,
2026-09-20T22:09:16.693438+00:00,200,1286.595,
2026-09-20T22:09:16.778298+00:00,200,1203.861,
2026-09-20T22:09:16.751130+00:00,200,1241.508,
2026-09-20T22:09:16.799199+00:00,200,1194.865,
2026-09-20T22:09:16.857036+00:00,200,1139.468,
2026-09-20T22:09:16.785767+00:00,200,1212.315,
2026-09-20T22:09:16.798363+00:00,200,1201.458,
2026-09-20T22:09:16.888839+00:00,200,1115.758,
2026-09-20T22:09:16.811957+00:00,200,1197.013,
2026-09-20T22:09:16.736149+00:00,200,1279.056,
2026-09-20T22:09:16.701923+00:00,200,1316.428,
2026-09-20T22:09:16.734868+00:00,200,1284.659,
2026-09-20T22:09:16.904068+00:00,200,1138.037,
2026-09-20T22:09:16.910534+00:00,200,1134.007,
2026-09-20T22:09:16.832051+00:00,200,1216.445,
2026-09-20T22:09:16.836816+00:00,200,1231.522,
2026-09-20T22:09:16.769891+00:00,200,1299.653,
2026-09-20T22:09:16.732787+00:00,200,1337.925,
2026-09-20T22:09:16.854741+00:00,200,1218.477,
2026-09-20T22:09:16.864187+00:00,200,1211.879,
2026-09-20T22:09:16.893614+00:00,200,1183.482,
2026-09-20T22:09:16.937147+00:00,200,1167.285,
2026-09-20T22:09:16.890304+00:00,200,1229.081,
2026-09-20T22:09:16.833538+00:00,200,1301.196,
2026-09-20T22:09:16.898276+00:00,200,1245.051,
2026-09-20T22:09:16.916911+00:00,200,1232.031,
2026-09-20T22:09:16.954703+00:00,200,1195.163,
2026-09-20T22:09:16.915260+00:00,200,1236.03,
2026-09-20T22:09:16.765888+00:00,200,1387.825,
2026-09-20T22:09:16.927913+00:00,200,1238.743,
2026-09-20T22:09:16.913312+00:00,200,1256.623,
2026-09-20T22:09:16.881748+00:00,200,1288.992,
2026-09-20T22:09:16.909087+00:00,200,1263.564,
2026-09-20T22:09:16.997823+00:00,200,1175.793,
2026-09-20T22:09:16.931520+00:00,200,1243.505,
2026-09-20T22:09:16.965575+00:00,200,1218.758,
2026-09-20T22:09:16.969621+00:00,200,1220.9,
2026-09-20T22:09:16.938401+00:00,200,1253.377,
2026-09-20T22:09:16.967841+00:00,200,1225.957,
2026-09-20T22:09:17.036074+00:00,200,1166.284,
2026-09-20T22:09:16.880294+00:00,200,1327.405,
2026-09-20T22:09:16.905928+00:00,200,1306.683,
2026-09-20T22:09:17.085351+00:00,200,1134.98,
2026-09-20T22:09:17.080073+00:00,200,1168.94,
2026-09-20T22:09:17.091241+00:00,200,1169.805,
2026-09-20T22:09:17.052854+00:00,200,1223.326,
2026-09-20T22:09:16.865276+00:00,200,1412.649,
2026-09-20T22:09:16.972709+00:00,200,1306.003,
2026-09-20T22:09:17.004382+00:00,200,1286.254,
2026-09-20T22:09:17.013993+00:00,200,1277.741,
2026-09-20T22:09:16.998757+00:00,200,1296.246,
2026-09-20T22:09:16.995916+00:00,200,1309.069,
2026-09-20T22:09:17.000876+00:00,200,1305.613,
2026-09-20T22:09:17.067408+00:00,200,1263.317,
2026-09-20T22:09:17.157208+00:00,200,1186.674,
2026-09-20T22:09:17.081578+00:00,200,1273.212,
2026-09-20T22:09:17.012209+00:00,200,1343.631,
2026-09-20T22:09:17.058781+00:00,200,1299.39,
2026-09-20T22:09:17.069563+00:00,200,1289.504,
2026-09-20T22:09:17.086805+00:00,200,1273.449,
2026-09-20T22:09:17.111330+00:00,200,1250.061,
2026-09-20T22:09:17.197180+00:00,200,1166.064,
2026-09-20T22:09:17.032274+00:00,200,1333.167,
2026-09-20T22:09:17.084070+00:00,200,1283.601,
2026-09-20T22:09:17.016891+00:00,200,1365.101,
2026-09-20T22:09:17.114362+00:00,200,1271.51,
2026-09-20T22:09:17.093773+00:00,200,1309.213,
2026-09-20T22:09:17.181185+00:00,200,1232.571,
2026-09-20T22:09:17.089934+00:00,200,1333.675,
2026-09-20T22:09:17.203823+00:00,200,1244.23,
2026-09-20T22:09:17.132306+00:00,200,1319.304,
2026-09-20T22:09:17.077302+00:00,200,1377.381,
2026-09-20T22:09:17.096692+00:00,200,1373.366,
2026-09-20T22:09:17.098323+00:00,200,1439.204,
2026-09-20T22:09:17.185050+00:00,200,1358.77,
2026-09-20T22:09:17.248485+00:00,200,1300.794,
2026-09-20T22:09:17.233783+00:00,200,1322.174,
2026-09-20T22:09:17.263255+00:00,200,1295.988,
2026-09-20T22:09:17.200313+00:00,200,1376.915,
2026-09-20T22:09:17.065189+00:00,200,1537.541,
2026-09-20T22:09:17.099019+00:00,200,1506.176,
2026-09-20T22:09:17.207765+00:00,200,1413.684,
2026-09-20T22:09:17.219308+00:00,200,1415.845,
2026-09-20T22:09:17.176128+00:00,200,1467.041,
2026-09-20T22:09:17.264708+00:00,200,1391.742,
2026-09-20T22:09:17.227091+00:00,200,1431.1,
2026-09-20T22:09:17.220919+00:00,200,1439.674,
2026-09-20T22:09:17.258743+00:00,200,1406.256,
2026-09-20T22:09:17.178090+00:00,200,1494.279,
2026-09-20T22:09:17.165419+00:00,200,1508.436,
2026-09-20T22:09:17.346255+00:00,200,1331.963,
2026-09-20T22:09:17.234760+00:00,200,1450.698,
2026-09-20T22:09:17.269862+00:00,200,1421.344,
2026-09-20T22:09:17.191058+00:00,200,1504.715,
2026-09-20T22:09:17.199132+00:00,200,1510.972,
2026-09-20T22:09:17.298574+00:00,200,1422.522,
2026-09-20T22:09:17.253585+00:00,200,1469.372,
2026-09-20T22:09:17.232288+00:00,200,1496.148,
2026-09-20T22:09:17.256742+00:00,200,1486.514,
2026-09-20T22:09:17.266595+00:00,200,1489.965,
2026-09-20T22:09:17.331777+00:00,200,1426.703,
2026-09-20T22:09:17.292509+00:00,200,1471.699,
2026-09-20T22:09:17.364925+00:00,200,1412.077,
2026-09-20T22:09:17.318095+00:00,200,1468.135,
2026-09-20T22:09:17.394399+00:00,200,1393.719,
2026-09-20T22:09:17.290295+00:00,200,1500.806,
2026-09-20T22:09:17.409955+00:00,200,1382.923,
2026-09-20T22:09:17.423193+00:00,200,1373.15,
2026-09-20T22:09:17.306530+00:00,200,1512.878,
2026-09-20T22:09:17.324167+00:00,200,1498.369,
2026-09-20T22:09:17.361985+00:00,200,1469.475,
2026-09-20T22:09:17.402437+00:00,200,1435.297,
2026-09-20T22:09:17.352537+00:00,200,1487.088,
2026-09-20T22:09:17.322425+00:00,200,1519.557,
2026-09-20T22:09:17.461952+00:00,200,1392.188,
2026-09-20T22:09:17.446344+00:00,200,1410.257,
2026-09-20T22:09:17.396552+00:00,200,1463.032,
2026-09-20T22:09:17.320901+00:00,200,1540.876,
2026-09-20T22:09:17.431503+00:00,200,1432.045,
2026-09-20T22:09:17.448071+00:00,200,1422.942,
2026-09-20T22:09:17.440431+00:00,200,1432.876,
2026-09-20T22:09:17.442396+00:00,200,1439.407,
2026-09-20T22:09:17.354096+00:00,200,1529.567,
2026-09-20T22:09:17.418175+00:00,200,1467.411,
2026-09-20T22:09:17.358587+00:00,200,1546.806,
2026-09-20T22:09:17.538286+00:00,200,1371.671,
2026-09-20T22:09:17.438730+00:00,200,1494.142,
2026-09-20T22:09:17.388773+00:00,200,1546.023,
2026-09-20T22:09:17.429578+00:00,200,1512.763,
2026-09-20T22:09:17.550819+00:00,200,1393.396,
2026-09-20T22:09:17.458572+00:00,200,1499.456,
2026-09-20T22:09:17.411803+00:00,200,1549.705,
2026-09-20T22:09:17.563057+00:00,200,1402.894,
2026-09-20T22:09:17.471720+00:00,200,1506.464,
2026-09-20T22:09:17.444492+00:00,200,1557.51,
2026-09-20T22:09:17.595934+00:00,200,1419.181,
2026-09-20T22:09:17.465009+00:00,200,1552.182,
2026-09-20T22:09:17.612735+00:00,200,1407.885,
2026-09-20T22:09:17.617264+00:00,200,1406.08,
2026-09-20T22:09:17.636822+00:00,200,1389.457,
2026-09-20T22:09:17.499129+00:00,200,1535.415,
2026-09-20T22:09:17.452745+00:00,200,1583.959,
2026-09-20T22:09:17.620790+00:00,200,1419.759,
2026-09-20T22:09:17.519662+00:00,200,1524.574,
2026-09-20T22:09:17.483478+00:00,200,1562.734,
2026-09-20T22:09:17.398075+00:00,200,1650.243,
2026-09-20T22:09:17.524964+00:00,200,1535.57,
2026-09-20T22:09:17.644033+00:00,200,1418.337,
2026-09-20T22:09:17.591747+00:00,200,1477.383,
2026-09-20T22:09:17.615668+00:00,200,1457.151,
2026-09-20T22:09:17.625581+00:00,200,1449.01,
2026-09-20T22:09:17.667132+00:00,200,1412.95,
2026-09-20T22:09:17.512757+00:00,200,1570.469,
2026-09-20T22:09:17.640859+00:00,200,1443.645,
2026-09-20T22:09:17.706892+00:00,200,1382.552,
2026-09-20T22:09:17.548701+00:00,200,1544.36,
2026-09-20T22:09:17.552845+00:00,200,1562.789,
2026-09-20T22:09:17.718095+00:00,200,1420.175,
2026-09-20T22:09:17.570850+00:00,200,1580.57,
2026-09-20T22:09:17.532130+00:00,200,1630.033,
2026-09-20T22:09:17.582366+00:00,200,1581.609,
2026-09-20T22:09:17.555577+00:00,200,1636.838,
2026-09-20T22:09:17.758541+00:00,200,1435.134,
2026-09-20T22:09:17.564857+00:00,200,1630.028,
2026-09-20T22:09:17.792180+00:00,200,1404.042,
2026-09-20T22:09:17.635164+00:00,200,1571.518,
2026-09-20T22:09:17.646977+00:00,200,1561.971,
2026-09-20T22:09:17.794135+00:00,200,1425.122,
2026-09-20T22:09:17.624014+00:00,200,1596.792,
2026-09-20T22:09:17.732007+00:00,200,1489.931,
2026-09-20T22:09:17.642249+00:00,200,1582.904,
2026-09-20T22:09:17.639479+00:00,200,1590.91,
2026-09-20T22:09:17.753240+00:00,200,1483.105,
2026-09-20T22:09:17.629316+00:00,200,1620.94,
2026-09-20T22:09:17.665874+00:00,200,1592.882,
2026-09-20T22:09:17.828807+00:00,200,1431.329,
2026-09-20T22:09:17.598276+00:00,200,1663.361,
2026-09-20T22:09:17.724608+00:00,200,1538.487,
2026-09-20T22:09:17.678536+00:00,200,1586.397,
2026-09-20T22:09:17.708045+00:00,200,1560.478,
2026-09-20T22:09:17.815649+00:00,200,1467.426,
2026-09-20T22:09:17.826978+00:00,200,1457.283,
2026-09-20T22:09:17.726011+00:00,200,1560.519,
2026-09-20T22:09:17.779717+00:00,200,1513.161,
2026-09-20T22:09:17.799403+00:00,200,1495.856,
2026-09-20T22:09:17.673087+00:00,200,1624.321,
2026-09-20T22:09:17.874164+00:00,200,1454.358,
2026-09-20T22:09:17.801734+00:00,200,1532.712,
2026-09-20T22:09:17.631652+00:00,200,1710.365,
2026-09-20T22:09:17.746087+00:00,200,1607.575,
2026-09-20T22:09:17.798676+00:00,200,1570.748,
2026-09-20T22:09:17.712152+00:00,200,1659.538,
2026-09-20T22:09:17.814489+00:00,200,1561.868,
2026-09-20T22:09:17.699218+00:00,200,1679.298,
2026-09-20T22:09:17.903641+00:00,200,1477.055,
2026-09-20T22:09:17.807820+00:00,200,1585.716,
2026-09-20T22:09:17.778504+00:00,200,1618.418,
2026-09-20T22:09:17.811193+00:00,200,1591.392,
2026-09-20T22:09:17.948860+00:00,200,1455.175,
2026-09-20T22:09:17.962174+00:00,200,1452.445,
2026-09-20T22:09:17.839114+00:00,200,1577.649,
2026-09-20T22:09:17.886585+00:00,200,1531.577,
2026-09-20T22:09:17.878633+00:00,200,1545.051,
2026-09-20T22:09:17.964927+00:00,200,1470.822,
2026-09-20T22:09:17.861565+00:00,200,1579.792,
2026-09-20T22:09:17.875387+00:00,200,1574.307,
2026-09-20T22:09:17.805123+00:00,200,1646.62,
2026-09-20T22:09:17.812227+00:00,200,1641.538,
2026-09-20T22:09:17.932073+00:00,200,1547.377,
2026-09-20T22:09:17.980030+00:00,200,1501.835,
2026-09-20T22:09:17.924821+00:00,200,1559.421,
2026-09-20T22:09:18.018347+00:00,200,1475.03,
2026-09-20T22:09:17.966424+00:00,200,1529.491,
2026-09-20T22:09:17.831807+00:00,200,1673.187,
2026-09-20T22:09:18.044539+00:00,200,1463.608,
2026-09-20T22:09:17.866891+00:00,200,1660.095,
2026-09-20T22:09:17.865221+00:00,200,1673.459,
2026-09-20T22:09:17.765587+00:00,200,1774.85,
2026-09-20T22:09:17.884655+00:00,200,1658.554,
2026-09-20T22:09:17.967749+00:00,200,1577.069,
2026-09-20T22:09:17.982156+00:00,200,1573.67,
2026-09-20T22:09:17.899292+00:00,200,1680.881,
2026-09-20T22:09:17.994061+00:00,200,1587.75,
2026-09-20T22:09:18.077093+00:00,200,1506.983,
2026-09-20T22:09:17.877200+00:00,200,1711.897,
2026-09-20T22:09:17.960758+00:00,200,1629.789,
2026-09-20T22:09:17.926071+00:00,200,1666.475,
2026-09-20T22:09:18.032109+00:00,200,1563.43,
2026-09-20T22:09:18.143324+00:00,200,1459.145,
2026-09-20T22:09:17.996502+00:00,200,1608.985,
2026-09-20T22:09:18.019524+00:00,200,1590.979,
2026-09-20T22:09:18.002209+00:00,200,1622.43,
2026-09-20T22:09:18.070709+00:00,200,1555.714,
2026-09-20T22:09:18.148938+00:00,200,1480.232,
2026-09-20T22:09:17.992635+00:00,200,1638.214,
2026-09-20T22:09:18.042103+00:00,200,1600.781,
2026-09-20T22:09:18.190518+00:00,200,1454.023,
2026-09-20T22:09:18.169931+00:00,200,1488.685,
2026-09-20T22:09:18.048494+00:00,200,1630.862,
2026-09-20T22:09:17.999817+00:00,200,1686.31,
2026-09-20T22:09:18.153709+00:00,200,1544.144,
2026-09-20T22:09:18.073215+00:00,200,1627.396,
2026-09-20T22:09:18.193796+00:00,200,1513.682,
2026-09-20T22:09:18.119381+00:00,200,1603.735,
2026-09-20T22:09:18.076063+00:00,200,1650.382,
2026-09-20T22:09:17.998080+00:00,200,1737.676,
2026-09-20T22:09:18.134731+00:00,200,1604.986,
2026-09-20T22:09:18.207697+00:00,200,1535.351,
2026-09-20T22:09:18.151286+00:00,200,1603.774,
2026-09-20T22:09:18.068336+00:00,200,1691.214,
2026-09-20T22:09:18.249011+00:00,200,1512.575,
2026-09-20T22:09:18.008967+00:00,200,1764.447,
2026-09-20T22:09:18.098633+00:00,200,1676.409,
2026-09-20T22:09:18.066007+00:00,200,1712.522,
2026-09-20T22:09:18.104429+00:00,200,1675.753,
2026-09-20T22:09:18.004594+00:00,200,1778.083,
2026-09-20T22:09:18.175022+00:00,200,1617.983,
2026-09-20T22:09:18.015201+00:00,200,1779.278,
2026-09-20T22:09:18.202356+00:00,200,1596.467,
2026-09-20T22:09:18.166656+00:00,200,1633.472,
2026-09-20T22:09:18.069540+00:00,200,1736.592,
2026-09-20T22:09:18.232708+00:00,200,1574.731,
2026-09-20T22:09:18.276178+00:00,200,1533.823,
2026-09-20T22:09:18.191774+00:00,200,1628.314,
2026-09-20T22:09:18.291729+00:00,200,1543.154,
2026-09-20T22:09:18.149862+00:00,200,1688.313,
2026-09-20T22:09:18.306486+00:00,200,1549.313,
2026-09-20T22:09:18.360250+00:00,200,1528.62,
2026-09-20T22:09:18.304983+00:00,200,1586.192,
2026-09-20T22:09:18.355836+00:00,200,1538.369,
2026-09-20T22:09:18.172648+00:00,200,1734.53,
2026-09-20T22:09:18.170736+00:00,200,1742.642,
2026-09-20T22:09:18.212607+00:00,200,1706.391,
2026-09-20T22:09:18.265428+00:00,200,1658.784,
2026-09-20T22:09:18.261044+00:00,200,1668.691,
2026-09-20T22:09:18.359064+00:00,200,1579.269,
2026-09-20T22:09:18.381989+00:00,200,1558.352,
2026-09-20T22:09:18.298691+00:00,200,1646.008,
2026-09-20T22:09:18.290633+00:00,200,1655.549,
2026-09-20T22:09:18.277920+00:00,200,1678.067,
2026-09-20T22:09:18.173612+00:00,200,1785.219,
2026-09-20T22:09:18.365911+00:00,200,1596.616,
2026-09-20T22:09:18.354787+00:00,200,1610.687,
2026-09-20T22:09:18.198846+00:00,200,1768.096,
2026-09-20T22:09:18.448055+00:00,200,1530.744,
2026-09-20T22:09:18.167587+00:00,200,1813.29,
2026-09-20T22:09:18.363242+00:00,200,1620.981,
2026-09-20T22:09:18.132679+00:00,200,1853.63,
2026-09-20T22:09:18.295000+00:00,200,1694.464,
2026-09-20T22:09:18.184330+00:00,200,1806.462,
2026-09-20T22:09:18.432696+00:00,200,1569.101,
2026-09-20T22:09:18.220328+00:00,200,1784.542,
2026-09-20T22:09:18.361387+00:00,200,1654.691,
2026-09-20T22:09:18.278708+00:00,200,1746.14,
2026-09-20T22:09:18.549277+00:00,200,1477.044,
2026-09-20T22:09:18.555953+00:00,200,1478.478,
2026-09-20T22:09:18.365438+00:00,200,1710.471,
2026-09-20T22:09:18.532937+00:00,200,1544.97,
2026-09-20T22:09:18.385868+00:00,200,1695.234,
2026-09-20T22:09:18.423606+00:00,200,1666.235,
2026-09-20T22:09:18.451609+00:00,200,1661.417,
2026-09-20T22:09:18.605191+00:00,200,1510.88,
2026-09-20T22:09:18.330724+00:00,200,1787.52,
2026-09-20T22:09:18.658188+00:00,200,1463.367,
2026-09-20T22:09:18.635149+00:00,200,1488.388,
2026-09-20T22:09:18.343881+00:00,200,1787.039,
2026-09-20T22:09:18.402983+00:00,200,1741.055,
2026-09-20T22:09:18.685453+00:00,200,1469.921,
2026-09-20T22:09:18.470055+00:00,200,1690.426,
2026-09-20T22:09:18.672366+00:00,200,1490.172,
2026-09-20T22:09:18.466209+00:00,200,1698.733,
2026-09-20T22:09:18.332301+00:00,200,1838.149,
2026-09-20T22:09:18.577227+00:00,200,1594.727,
2026-09-20T22:09:18.621447+00:00,200,1557.396,
2026-09-20T22:09:18.537524+00:00,200,1645.17,
2026-09-20T22:09:18.710101+00:00,200,1474.736,
2026-09-20T22:09:18.454680+00:00,200,1731.837,
2026-09-20T22:09:18.358168+00:00,200,1832.493,
2026-09-20T22:09:18.367666+00:00,200,1824.718,
2026-09-20T22:09:18.413755+00:00,200,1782.532,
2026-09-20T22:09:18.399483+00:00,200,1811.776,
2026-09-20T22:09:18.499621+00:00,200,1712.767,
2026-09-20T22:09:18.756556+00:00,200,1469.049,
2026-09-20T22:09:18.543818+00:00,200,1688.259,
2026-09-20T22:09:18.678216+00:00,200,1561.164,
2026-09-20T22:09:18.664995+00:00,200,1581.85,
2026-09-20T22:09:18.698786+00:00,200,1553.898,
2026-09-20T22:09:18.722954+00:00,200,1533.145,
2026-09-20T22:09:18.673854+00:00,200,1607.56,
2026-09-20T22:09:18.643168+00:00,200,1644.315,
2026-09-20T22:09:18.559240+00:00,200,1756.415,
2026-09-20T22:09:18.791097+00:00,200,1527.251,
2026-09-20T22:09:18.859580+00:00,200,1460.454,
2026-09-20T22:09:18.837731+00:00,200,1497.768,
2026-09-20T22:09:18.691201+00:00,200,1646.175,
2026-09-20T22:09:18.565820+00:00,200,1775.906,
2026-09-20T22:09:18.721092+00:00,200,1622.925,
2026-09-20T22:09:18.792874+00:00,200,1552.675,
2026-09-20T22:09:18.788115+00:00,200,1563.507,
2026-09-20T22:09:18.602727+00:00,200,1750.28,
2026-09-20T22:09:18.728431+00:00,200,1626.441,
2026-09-20T22:09:18.599547+00:00,200,1763.572,
2026-09-20T22:09:18.660588+00:00,200,1707.515,
2026-09-20T22:09:18.776998+00:00,200,1593.074,
2026-09-20T22:09:18.871009+00:00,200,1507.017,
2026-09-20T22:09:18.831456+00:00,200,1548.252,
2026-09-20T22:09:18.732222+00:00,200,1653.339,
2026-09-20T22:09:18.758477+00:00,200,1628.796,
2026-09-20T22:09:18.632932+00:00,200,1773.08,
2026-09-20T22:09:18.695768+00:00,200,1711.486,
2026-09-20T22:09:18.881798+00:00,200,1533.451,
2026-09-20T22:09:18.822533+00:00,200,1594.001,
2026-09-20T22:09:18.666073+00:00,200,1753.385,
2026-09-20T22:09:18.905388+00:00,200,1516.568,
2026-09-20T22:09:18.909954+00:00,200,1516.808,
2026-09-20T22:09:18.656447+00:00,200,1773.48,
2026-09-20T22:09:18.743252+00:00,200,1724.785,
2026-09-20T22:09:18.839621+00:00,200,1636.374,
2026-09-20T22:09:18.944212+00:00,200,1540.652,
2026-09-20T22:09:18.854136+00:00,200,1631.842,
2026-09-20T22:09:18.958023+00:00,200,1541.182,
2026-09-20T22:09:18.978180+00:00,200,1535.169,
2026-09-20T22:09:18.796339+00:00,200,1720.671,
2026-09-20T22:09:18.935839+00:00,200,1586.461,
2026-09-20T22:09:18.934791+00:00,200,1601.912,
2026-09-20T22:09:18.873303+00:00,200,1670.335,
2026-09-20T22:09:18.764205+00:00,200,1781.626,
2026-09-20T22:09:18.819404+00:00,200,1727.644,
2026-09-20T22:09:19.015111+00:00,200,1535.944,
2026-09-20T22:09:18.856598+00:00,200,1696.4,
2026-09-20T22:09:18.965947+00:00,200,1594.708,
2026-09-20T22:09:18.798739+00:00,200,1766.247,
2026-09-20T22:09:18.786225+00:00,200,1783.056,
2026-09-20T22:09:18.865362+00:00,200,1704.968,
2026-09-20T22:09:18.765407+00:00,200,1810.273,
2026-09-20T22:09:18.832545+00:00,200,1750.476,
2026-09-20T22:09:19.048313+00:00,200,1535.979,
2026-09-20T22:09:19.023342+00:00,200,1571.548,
2026-09-20T22:09:19.040545+00:00,200,1560.346,
2026-09-20T22:09:18.861773+00:00,200,1741.221,
2026-09-20T22:09:19.072815+00:00,200,1540.77,
2026-09-20T22:09:18.899669+00:00,200,1718.898,
2026-09-20T22:09:18.841977+00:00,200,1784.95,
2026-09-20T22:09:19.069127+00:00,200,1566.685,
2026-09-20T22:09:18.863543+00:00,200,1775.226,
2026-09-20T22:09:18.883659+00:00,200,1762.901,
2026-09-20T22:09:19.017187+00:00,200,1641.201,
2026-09-20T22:09:19.162160+00:00,200,1513.929,
2026-09-20T22:09:19.083222+00:00,200,1594.19,
2026-09-20T22:09:19.192412+00:00,200,1490.102,
2026-09-20T22:09:19.026274+00:00,200,1660.564,
2026-09-20T22:09:19.034540+00:00,200,1669.117,
2026-09-20T22:09:18.885581+00:00,200,1820.612,
2026-09-20T22:09:18.966955+00:00,200,1757.697,
2026-09-20T22:09:19.089440+00:00,200,1636.799,
2026-09-20T22:09:18.942337+00:00,200,1790.045,
2026-09-20T22:09:18.961504+00:00,200,1775.873,
2026-09-20T22:09:19.093056+00:00,200,1650.757,
2026-09-20T22:09:19.220800+00:00,200,1528.477,
2026-09-20T22:09:19.194880+00:00,200,1557.766,
2026-09-20T22:09:19.020617+00:00,200,1733.784,
2026-09-20T22:09:19.001999+00:00,200,1754.901,
2026-09-20T22:09:18.932867+00:00,200,1826.108,
2026-09-20T22:09:19.206676+00:00,200,1555.605,
2026-09-20T22:09:19.115629+00:00,200,1657.953,
2026-09-20T22:09:19.074586+00:00,200,1700.973,
2026-09-20T22:09:19.062366+00:00,200,1733.065,
2026-09-20T22:09:19.080077+00:00,200,1717.9,
2026-09-20T22:09:19.260131+00:00,200,1556.288,
2026-09-20T22:09:19.138265+00:00,200,1680.066,
2026-09-20T22:09:19.261632+00:00,200,1561.171,
2026-09-20T22:09:19.044231+00:00,200,1780.413,
2026-09-20T22:09:19.225147+00:00,200,1602.835,
2026-09-20T22:09:19.036699+00:00,200,1799.213,
2026-09-20T22:09:19.046208+00:00,200,1791.432,
2026-09-20T22:09:19.163970+00:00,200,1678.101,
2026-09-20T22:09:19.060530+00:00,200,1786.12,
2026-09-20T22:09:19.264926+00:00,200,1604.092,
2026-09-20T22:09:19.295253+00:00,200,1576.241,
2026-09-20T22:09:19.084499+00:00,200,1807.35,
2026-09-20T22:09:19.208942+00:00,200,1684.441,
2026-09-20T22:09:19.032604+00:00,200,1881.247,
2026-09-20T22:09:19.268517+00:00,200,1658.36,
2026-09-20T22:09:19.099321+00:00,200,1829.32,
2026-09-20T22:09:19.232241+00:00,200,1699.597,
2026-09-20T22:09:19.000046+00:00,200,1935.714,
2026-09-20T22:09:19.236341+00:00,200,1705.926,
2026-09-20T22:09:19.221934+00:00,200,1726.645,
2026-09-20T22:09:19.369418+00:00,200,1582.652,
2026-09-20T22:09:19.193670+00:00,200,1761.448,
2026-09-20T22:09:19.376350+00:00,200,1580.962,
2026-09-20T22:09:19.378510+00:00,200,1583.324,
2026-09-20T22:09:19.065624+00:00,200,1900.428,
2026-09-20T22:09:19.292873+00:00,200,1692.482,
2026-09-20T22:09:19.265833+00:00,200,1721.445,
2026-09-20T22:09:19.151415+00:00,200,1838.614,
2026-09-20T22:09:19.250250+00:00,200,1741.969,
2026-09-20T22:09:19.393530+00:00,200,1600.447,
2026-09-20T22:09:19.286523+00:00,200,1710.631,
2026-09-20T22:09:19.219251+00:00,200,1780.695,
2026-09-20T22:09:19.165622+00:00,200,1846.937,
2026-09-20T22:09:19.133109+00:00,200,1891.223,
2026-09-20T22:09:19.263090+00:00,200,1771.966,
2026-09-20T22:09:19.328518+00:00,200,1707.854,
2026-09-20T22:09:19.423678+00:00,200,1635.576,
2026-09-20T22:09:19.418157+00:00,200,1642.53,
2026-09-20T22:09:19.342011+00:00,200,1720.896,
2026-09-20T22:09:19.196217+00:00,200,1871.611,
2026-09-20T22:09:19.258750+00:00,200,1810.915,
2026-09-20T22:09:19.366520+00:00,200,1716.022,
2026-09-20T22:09:19.230382+00:00,200,1859.097,
2026-09-20T22:09:19.199609+00:00,200,1911.598,
2026-09-20T22:09:19.332470+00:00,200,1780.75,
2026-09-20T22:09:19.380691+00:00,200,1739.42,
2026-09-20T22:09:19.495910+00:00,200,1636.576,
2026-09-20T22:09:19.353657+00:00,200,1781.08,
2026-09-20T22:09:19.284256+00:00,200,1854.426,
2026-09-20T22:09:19.398939+00:00,200,1741.705,
2026-09-20T22:09:19.484237+00:00,200,1664.845,
2026-09-20T22:09:19.543203+00:00,200,1607.87,
2026-09-20T22:09:19.508145+00:00,200,1644.579,
2026-09-20T22:09:19.555820+00:00,200,1610.394,
2026-09-20T22:09:19.297402+00:00,200,1877.738,
2026-09-20T22:09:19.283070+00:00,200,1893.558,
2026-09-20T22:09:19.453758+00:00,200,1725.257,
2026-09-20T22:09:19.414614+00:00,200,1765.994,
2026-09-20T22:09:19.441353+00:00,200,1746.061,
2026-09-20T22:09:19.499101+00:00,200,1689.634,
2026-09-20T22:09:19.334442+00:00,200,1856.845,
2026-09-20T22:09:19.371684+00:00,200,1822.908,
2026-09-20T22:09:19.298841+00:00,200,1902.709,
2026-09-20T22:09:19.449688+00:00,200,1779.432,
2026-09-20T22:09:19.504988+00:00,200,1730.987,
2026-09-20T22:09:19.433124+00:00,200,1817.65,
2026-09-20T22:09:19.592540+00:00,200,1660.658,
2026-09-20T22:09:19.590542+00:00,200,1664.583,
2026-09-20T22:09:19.404031+00:00,200,1859.234,
2026-09-20T22:09:19.479450+00:00,200,1787.019,
2026-09-20T22:09:19.416757+00:00,200,1880.386,
2026-09-20T22:09:19.644535+00:00,200,1654.724,
2026-09-20T22:09:19.396918+00:00,200,1904.092,
2026-09-20T22:09:19.402580+00:00,200,1905.828,
2026-09-20T22:09:19.540431+00:00,200,1769.962,
2026-09-20T22:09:19.610496+00:00,200,1706.768,
2026-09-20T22:09:19.629166+00:00,200,1696.495,
2026-09-20T22:09:19.624634+00:00,200,1705.285,
2026-09-20T22:09:19.435744+00:00,200,1895.723,
2026-09-20T22:09:19.481860+00:00,200,1876.322,
2026-09-20T22:09:19.580166+00:00,200,1780.095,
2026-09-20T22:09:19.686121+00:00,200,1677.178,
2026-09-20T22:09:19.700605+00:00,200,1667.69,
2026-09-20T22:09:19.726439+00:00,200,1646.129,
2026-09-20T22:09:19.466530+00:00,200,1907.537,
2026-09-20T22:09:19.493372+00:00,200,1891.921,
2026-09-20T22:09:19.451737+00:00,200,1935.58,
2026-09-20T22:09:19.589091+00:00,200,1799.824,
2026-09-20T22:09:19.538675+00:00,200,1860.371,
2026-09-20T22:09:19.605481+00:00,200,1796.043,
2026-09-20T22:09:19.595537+00:00,200,1812.056,
2026-09-20T22:09:19.739713+00:00,200,1672.027,
2026-09-20T22:09:19.526980+00:00,200,1886.678,
2026-09-20T22:09:19.626417+00:00,200,1788.58,
2026-09-20T22:09:19.599035+00:00,200,1822.025,
2026-09-20T22:09:19.761582+00:00,200,1663.224,
2026-09-20T22:09:19.544813+00:00,200,1900.218,
2026-09-20T22:09:19.780177+00:00,200,1680.151,
2026-09-20T22:09:19.630844+00:00,200,1834.884,
2026-09-20T22:09:19.697848+00:00,200,1773.091,
2026-09-20T22:09:19.632287+00:00,200,1856.188,
2026-09-20T22:09:19.584070+00:00,200,1921.308,
2026-09-20T22:09:19.532802+00:00,200,1979.168,
2026-09-20T22:09:19.782670+00:00,200,1732.75,
2026-09-20T22:09:19.602466+00:00,200,1925.676,
2026-09-20T22:09:19.566582+00:00,200,1963.78,
2026-09-20T22:09:19.806127+00:00,200,1727.86,
2026-09-20T22:09:19.800125+00:00,200,1735.485,
2026-09-20T22:09:19.666369+00:00,200,1873.37,
2026-09-20T22:09:19.735749+00:00,200,1806.89,
2026-09-20T22:09:19.834877+00:00,200,1711.641,
2026-09-20T22:09:19.907172+00:00,200,1642.813,
2026-09-20T22:09:19.581807+00:00,200,1969.756,
2026-09-20T22:09:19.755054+00:00,200,1816.243,
2026-09-20T22:09:19.642883+00:00,200,1934.113,
2026-09-20T22:09:19.679351+00:00,200,1899.768,
2026-09-20T22:09:19.838169+00:00,200,1742.586,
2026-09-20T22:09:19.658613+00:00,200,1926.522,
2026-09-20T22:09:19.773407+00:00,200,1813.359,
2026-09-20T22:09:19.891173+00:00,200,1700.25,
2026-09-20T22:09:19.707472+00:00,200,1885.857,
2026-09-20T22:09:19.792999+00:00,200,1811.136,
2026-09-20T22:09:19.918992+00:00,200,1687.116,
2026-09-20T22:09:19.798818+00:00,200,1809.507,
2026-09-20T22:09:19.775040+00:00,200,1857.825,
2026-09-20T22:09:19.866704+00:00,200,1785.714,
2026-09-20T22:09:19.809995+00:00,200,1856.754,
2026-09-20T22:09:19.938327+00:00,200,1731.84,
2026-09-20T22:09:19.723111+00:00,200,1950.846,
2026-09-20T22:09:19.820082+00:00,200,1865.705,
2026-09-20T22:09:19.759546+00:00,200,1930.219,
2026-09-20T22:09:19.743044+00:00,200,1950.116,
2026-09-20T22:09:19.855795+00:00,200,1846.017,
2026-09-20T22:09:19.833328+00:00,200,1876.05,
2026-09-20T22:09:19.699278+00:00,200,2013.033,
2026-09-20T22:09:19.958824+00:00,200,1760.521,
2026-09-20T22:09:19.794472+00:00,200,1926.363,
2026-09-20T22:09:19.778531+00:00,200,1943.986,
2026-09-20T22:09:19.801201+00:00,200,1930.749,
2026-09-20T22:09:19.924208+00:00,200,1809.321,
2026-09-20T22:09:19.980871+00:00,200,1756.965,
2026-09-20T22:09:19.932555+00:00,200,1815.073,
2026-09-20T22:09:20.016072+00:00,200,1735.103,
2026-09-20T22:09:19.986303+00:00,200,1766.128,
2026-09-20T22:09:19.962520+00:00,200,1791.559,
2026-09-20T22:09:19.807435+00:00,200,1950.7,
2026-09-20T22:09:19.966935+00:00,200,1801.552,
2026-09-20T22:09:19.888865+00:00,200,1883.9,
2026-09-20T22:09:19.766011+00:00,200,2010.727,
2026-09-20T22:09:19.946178+00:00,200,1833.901,
2026-09-20T22:09:19.732568+00:00,200,2055.542,
2026-09-20T22:09:19.978803+00:00,200,1823.771,
2026-09-20T22:09:19.940337+00:00,200,1871.219,
2026-09-20T22:09:19.968073+00:00,200,1849.824,
2026-09-20T22:09:20.081096+00:00,200,1742.251,
2026-09-20T22:09:20.075902+00:00,200,1759.826,
2026-09-20T22:09:19.894199+00:00,200,1948.918,
2026-09-20T22:09:19.990784+00:00,200,1870.979,
2026-09-20T22:09:20.033221+00:00,200,1844.128,
2026-09-20T22:09:19.929732+00:00,200,1951.252,
2026-09-20T22:09:20.004864+00:00,200,1887.314,
2026-09-20T22:09:20.024841+00:00,200,1869.157,
2026-09-20T22:09:19.913371+00:00,200,1983.822,
2026-09-20T22:09:20.130919+00:00,200,1776.481,
2026-09-20T22:09:19.944695+00:00,200,1969.526,
2026-09-20T22:09:19.999952+00:00,200,1915.863,
2026-09-20T22:09:19.955981+00:00,200,1962.74,
2026-09-20T22:09:20.162535+00:00,200,1758.929,
2026-09-20T22:09:20.089841+00:00,200,1838.357,
2026-09-20T22:09:19.965470+00:00,200,1973.68,
2026-09-20T22:09:20.171953+00:00,200,1769.073,
2026-09-20T22:09:20.066742+00:00,200,1876.354,
2026-09-20T22:09:20.132473+00:00,200,1814.09,
2026-09-20T22:09:20.212396+00:00,200,1748.033,
2026-09-20T22:09:20.113028+00:00,200,1854.312,
2026-09-20T22:09:19.899478+00:00,200,2069.374,
2026-09-20T22:09:20.178838+00:00,200,1793.738,
2026-09-20T22:09:20.001802+00:00,200,1974.29,
2026-09-20T22:09:19.989461+00:00,200,1992.396,
2026-09-20T22:09:20.123534+00:00,200,1876.734,
2026-09-20T22:09:19.984216+00:00,200,2018.822,
2026-09-20T22:09:20.164943+00:00,200,1840.001,
2026-09-20T22:09:20.166014+00:00,200,1842.004,
2026-09-20T22:09:20.256094+00:00,200,1768.025,
2026-09-20T22:09:20.121551+00:00,200,1904.102,
2026-09-20T22:09:20.144033+00:00,200,1897.611,
2026-09-20T22:09:20.026319+00:00,200,2024.308,
2026-09-20T22:09:20.170445+00:00,200,1891.863,
2026-09-20T22:09:20.192377+00:00,200,1882.329,
2026-09-20T22:09:20.034428+00:00,200,2044.859,
2026-09-20T22:09:20.077916+00:00,200,2028.131,
2026-09-20T22:09:20.116067+00:00,200,1992.802,
2026-09-20T22:09:20.315651+00:00,200,1795.119,
2026-09-20T22:09:20.118244+00:00,200,1995.108,
2026-09-20T22:09:20.186514+00:00,200,1928.92,
2026-09-20T22:09:20.345543+00:00,200,1772.396,
2026-09-20T22:09:20.155369+00:00,200,1964.088,
2026-09-20T22:09:20.341721+00:00,200,1779.457,
2026-09-20T22:09:20.100113+00:00,200,2024.345,
2026-09-20T22:09:20.225601+00:00,200,1902.781,
2026-09-20T22:09:20.200859+00:00,200,1930.543,
2026-09-20T22:09:20.370067+00:00,200,1763.185,
2026-09-20T22:09:20.196287+00:00,200,1959.678,
2026-09-20T22:09:20.337371+00:00,200,1820.055,
2026-09-20T22:09:20.354867+00:00,200,1804.219,
2026-09-20T22:09:20.232943+00:00,200,1940.105,
2026-09-20T22:09:20.182694+00:00,200,2001.905,
2026-09-20T22:09:20.232076+00:00,200,1957.624,
2026-09-20T22:09:20.333535+00:00,200,1865.569,
2026-09-20T22:09:20.160481+00:00,200,2046.692,
2026-09-20T22:09:20.281410+00:00,200,1927.121,
2026-09-20T22:09:20.246839+00:00,200,1965.564,
2026-09-20T22:09:20.368098+00:00,200,1846.984,
2026-09-20T22:09:20.406007+00:00,200,1810.399,
2026-09-20T22:09:20.320030+00:00,200,1916.335,
2026-09-20T22:09:20.184833+00:00,200,2053.09,
2026-09-20T22:09:20.190654+00:00,200,2057.007,
2026-09-20T22:09:20.211261+00:00,200,2053.44,
2026-09-20T22:09:20.266845+00:00,200,2006.433,
2026-09-20T22:09:20.419452+00:00,200,1863.511,
2026-09-20T22:09:20.300191+00:00,200,1984.848,
2026-09-20T22:09:20.239375+00:00,200,2054.361,
2026-09-20T22:09:20.378023+00:00,200,1927.513,
2026-09-20T22:09:20.318342+00:00,200,1996.076,
2026-09-20T22:09:20.287478+00:00,200,2030.759,
2026-09-20T22:09:20.485971+00:00,200,1834.611,
2026-09-20T22:09:20.429921+00:00,200,1893.331,
2026-09-20T22:09:20.432771+00:00,200,1898.423,
2026-09-20T22:09:20.252679+00:00,200,2081.156,
2026-09-20T22:09:20.545825+00:00,200,1791.049,
2026-09-20T22:09:20.335494+00:00,200,2009.504,
2026-09-20T22:09:20.387268+00:00,200,1959.293,
2026-09-20T22:09:20.543634+00:00,200,1810.406,
2026-09-20T22:09:20.353005+00:00,200,2012.691,
2026-09-20T22:09:20.344012+00:00,200,2028.407,
2026-09-20T22:09:20.400194+00:00,200,1976.344,
2026-09-20T22:09:20.366089+00:00,200,2015.433,
2026-09-20T22:09:20.407248+00:00,200,1976.376,
2026-09-20T22:09:20.475989+00:00,200,1918.512,
2026-09-20T22:09:20.416528+00:00,200,1980.034,
2026-09-20T22:09:20.564979+00:00,200,1837.252,
2026-09-20T22:09:20.351617+00:00,200,2054.65,
2026-09-20T22:09:20.583014+00:00,200,1847.792,
2026-09-20T22:09:20.569276+00:00,200,1863.651,
2026-09-20T22:09:20.379702+00:00,200,2058.781,
2026-09-20T22:09:20.415245+00:00,200,2030.376,
2026-09-20T22:09:20.363117+00:00,200,2090.734,
2026-09-20T22:09:20.484858+00:00,200,1972.342,
2026-09-20T22:09:20.533597+00:00,200,1925.795,
2026-09-20T22:09:20.421951+00:00,200,2047.728,
2026-09-20T22:09:20.522295+00:00,200,1956.342,
2026-09-20T22:09:20.385555+00:00,200,2104.924,
2026-09-20T22:09:20.513346+00:00,200,1986.618,
2026-09-20T22:09:20.677407+00:00,200,1832.729,
2026-09-20T22:09:20.658385+00:00,200,1854.001,
2026-09-20T22:09:20.426756+00:00,200,2090.752,
2026-09-20T22:09:20.536700+00:00,200,1984.936,
2026-09-20T22:09:20.613581+00:00,200,1909.75,
2026-09-20T22:09:20.552992+00:00,200,1979.295,
2026-09-20T22:09:20.468031+00:00,200,2066.019,
2026-09-20T22:09:20.565932+00:00,200,1981.092,
2026-09-20T22:09:20.517004+00:00,200,2035.3,
2026-09-20T22:09:20.686833+00:00,200,1872.87,
2026-09-20T22:09:20.547043+00:00,200,2015.928,
2026-09-20T22:09:20.575673+00:00,200,1990.672,
2026-09-20T22:09:20.499200+00:00,200,2076.637,
2026-09-20T22:09:20.724646+00:00,200,1869.648,
2026-09-20T22:09:20.570324+00:00,200,2028.07,
2026-09-20T22:09:20.703654+00:00,200,1896.802,
2026-09-20T22:09:20.466942+00:00,200,2143.631,
2026-09-20T22:09:20.626921+00:00,200,1986.972,
2026-09-20T22:09:20.584286+00:00,200,2031.599,
2026-09-20T22:09:20.560650+00:00,200,2060.446,
2026-09-20T22:09:20.600886+00:00,200,2023.132,
2026-09-20T22:09:20.499841+00:00,200,2128.143,
2026-09-20T22:09:20.594886+00:00,200,2036.183,
2026-09-20T22:09:20.551053+00:00,200,2091.705,
2026-09-20T22:09:20.752640+00:00,200,1893.788,
2026-09-20T22:09:20.599715+00:00,200,2056.334,
2026-09-20T22:09:20.749271+00:00,200,1908.767,
2026-09-20T22:09:20.635806+00:00,200,2024.014,
2026-09-20T22:09:20.743808+00:00,200,1934.292,
2026-09-20T22:09:20.773577+00:00,200,1914.729,
2026-09-20T22:09:20.795428+00:00,200,1908.028,
2026-09-20T22:09:20.682515+00:00,200,2023.43,
2026-09-20T22:09:20.638763+00:00,200,2071.162,
2026-09-20T22:09:20.602988+00:00,200,2115.035,
2026-09-20T22:09:20.633101+00:00,200,2087.164,
2026-09-20T22:09:20.818326+00:00,200,1905.522,
2026-09-20T22:09:20.618562+00:00,200,2113.593,
2026-09-20T22:09:20.837633+00:00,200,1901.872,
2026-09-20T22:09:20.726234+00:00,200,2043.999,
2026-09-20T22:09:20.754398+00:00,200,2020.081,
2026-09-20T22:09:20.871488+00:00,200,1904.995,
2026-09-20T22:09:20.646554+00:00,200,2134.067,
2026-09-20T22:09:20.775552+00:00,200,2007.117,
2026-09-20T22:09:20.666867+00:00,200,2118.644,
2026-09-20T22:09:20.676085+00:00,200,2119.427,
2026-09-20T22:09:20.706186+00:00,200,2091.101,
2026-09-20T22:09:20.737371+00:00,200,2066.51,
2026-09-20T22:09:20.842065+00:00,200,1964.567,
2026-09-20T22:09:20.700355+00:00,200,2109.398,
2026-09-20T22:09:20.926871+00:00,200,1884.768,
2026-09-20T22:09:20.732376+00:00,200,2090.78,
2026-09-20T22:09:20.816414+00:00,200,2013.682,
2026-09-20T22:09:20.756895+00:00,200,2074.878,
2026-09-20T22:09:20.833168+00:00,200,2001.873,
2026-09-20T22:09:20.758968+00:00,200,2077.871,
2026-09-20T22:09:20.733797+00:00,200,2119.482,
2026-09-20T22:09:20.827975+00:00,200,2031.704,
2026-09-20T22:09:20.935753+00:00,200,1925.72,
2026-09-20T22:09:20.957306+00:00,200,1919.783,
2026-09-20T22:09:20.835906+00:00,200,2048.532,
2026-09-20T22:09:20.762276+00:00,200,2135.396,
2026-09-20T22:09:20.985348+00:00,200,1921.759,
2026-09-20T22:09:20.961829+00:00,200,1947.572,
2026-09-20T22:09:20.952066+00:00,200,1959.152,
2026-09-20T22:09:20.846644+00:00,200,2092.561,
2026-09-20T22:09:20.797970+00:00,200,2143.2,
2026-09-20T22:09:20.822798+00:00,200,2120.594,
2026-09-20T22:09:20.893376+00:00,200,2053.087,
2026-09-20T22:09:20.993973+00:00,200,1954.581,
2026-09-20T22:09:20.928635+00:00,200,2034.517,
2026-09-20T22:09:20.824638+00:00,200,2147.323,
2026-09-20T22:09:21.024329+00:00,200,1959.401,
2026-09-20T22:09:20.766356+00:00,200,2219.51,
2026-09-20T22:09:20.799363+00:00,200,2188.714,
2026-09-20T22:09:21.059248+00:00,200,1935.638,
2026-09-20T22:09:20.933396+00:00,200,2063.146,
2026-09-20T22:09:20.867451+00:00,200,2133.359,
2026-09-20T22:09:20.869013+00:00,200,2133.303,
2026-09-20T22:09:20.891843+00:00,200,2117.051,
2026-09-20T22:09:20.913846+00:00,200,2096.549,
2026-09-20T22:09:20.948572+00:00,200,2064.798,
2026-09-20T22:09:20.966045+00:00,200,2048.899,
2026-09-20T22:09:20.942259+00:00,200,2076.444,
2026-09-20T22:09:21.035049+00:00,200,1987.322,
2026-09-20T22:09:21.060681+00:00,200,1978.153,
2026-09-20T22:09:21.089471+00:00,200,1967.177,
2026-09-20T22:09:20.955111+00:00,200,2103.47,
2026-09-20T22:09:21.033870+00:00,200,2026.498,
2026-09-20T22:09:20.900014+00:00,200,2166.333,
2026-09-20T22:09:20.999938+00:00,200,2082.966,
2026-09-20T22:09:20.931831+00:00,200,2152.943,
2026-09-20T22:09:21.134730+00:00,200,1958.472,
2026-09-20T22:09:21.166209+00:00,200,1940.16,
2026-09-20T22:09:21.140638+00:00,200,1973.788,
2026-09-20T22:09:21.069657+00:00,200,2067.155,
2026-09-20T22:09:20.967040+00:00,200,2174.378,
2026-09-20T22:09:20.987271+00:00,200,2158.826,
2026-09-20T22:09:20.990022+00:00,200,2166.313,
2026-09-20T22:09:21.187407+00:00,200,1976.62,
2026-09-20T22:09:21.062901+00:00,200,2104.922,
2026-09-20T22:09:21.012552+00:00,200,2157.104,
2026-09-20T22:09:21.100500+00:00,200,2075.656,
2026-09-20T22:09:21.002026+00:00,200,2176.35,
2026-09-20T22:09:20.997148+00:00,200,2184.797,
2026-09-20T22:09:21.179009+00:00,200,2017.158,
2026-09-20T22:09:21.082536+00:00,200,2123.465,
2026-09-20T22:09:21.138675+00:00,200,2069.854,
2026-09-20T22:09:21.200013+00:00,200,2010.16,
2026-09-20T22:09:21.120107+00:00,200,2091.931,
2026-09-20T22:09:21.113214+00:00,200,2102.293,
2026-09-20T22:09:20.992212+00:00,200,2225.004,
2026-09-20T22:09:21.067820+00:00,200,2151.873,
2026-09-20T22:09:21.191280+00:00,200,2029.801,
2026-09-20T22:09:21.111199+00:00,200,2127.835,
2026-09-20T22:09:21.132481+00:00,200,2109.349,
2026-09-20T22:09:21.036366+00:00,200,2206.988,
2026-09-20T22:09:21.167207+00:00,200,2078.144,
2026-09-20T22:09:21.301003+00:00,200,1954.28,
2026-09-20T22:09:21.235971+00:00,200,2050.535,
2026-09-20T22:09:21.149077+00:00,200,2144.608,
2026-09-20T22:09:21.329912+00:00,200,1965.736,
2026-09-20T22:09:21.152719+00:00,200,2169.181,
2026-09-20T22:09:21.317257+00:00,200,2006.501,
2026-09-20T22:09:21.194585+00:00,200,2132.962,
2026-09-20T22:09:21.176620+00:00,200,2152.664,
2026-09-20T22:09:21.180601+00:00,200,2161.164,
2026-09-20T22:09:21.201542+00:00,200,2144.649,
2026-09-20T22:09:21.175133+00:00,200,2180.14,
2026-09-20T22:09:21.363293+00:00,200,1998.636,
2026-09-20T22:09:21.188730+00:00,200,2175.039,
2026-09-20T22:09:21.302077+00:00,200,2064.856,
2026-09-20T22:09:21.229113+00:00,200,2150.911,
2026-09-20T22:09:21.368289+00:00,200,2014.222,
2026-09-20T22:09:21.066508+00:00,200,2317.567,
2026-09-20T22:09:21.266465+00:00,200,2119.326,
2026-09-20T22:09:21.151068+00:00,200,2237.881,
2026-09-20T22:09:21.255119+00:00,200,2137.613,
2026-09-20T22:09:21.399041+00:00,200,1995.536,
2026-09-20T22:09:21.253192+00:00,200,2144.099,
2026-09-20T22:09:21.250767+00:00,200,2152.514,
2026-09-20T22:09:21.263258+00:00,200,2149.666,
2026-09-20T22:09:21.299253+00:00,200,2126.774,
2026-09-20T22:09:21.413652+00:00,200,2013.893,
2026-09-20T22:09:21.424799+00:00,200,2011.219,
2026-09-20T22:09:21.411733+00:00,200,2035.124,
2026-09-20T22:09:21.135904+00:00,200,2314.082,
2026-09-20T22:09:21.470933+00:00,200,1996.052,
2026-09-20T22:09:21.310388+00:00,200,2161.597,
2026-09-20T22:09:21.297136+00:00,200,2185.829,
2026-09-20T22:09:21.358178+00:00,200,2126.461,
2026-09-20T22:09:21.325654+00:00,200,2167.089,
2026-09-20T22:09:21.465721+00:00,200,2045.506,
2026-09-20T22:09:21.511965+00:00,200,2007.113,
2026-09-20T22:09:21.267607+00:00,200,2253.649,
2026-09-20T22:09:21.331459+00:00,200,2191.789,
2026-09-20T22:09:21.505371+00:00,200,2022.654,
2026-09-20T22:09:21.535603+00:00,200,2000.419,
2026-09-20T22:09:21.308400+00:00,200,2242.294,
2026-09-20T22:09:21.385287+00:00,200,2168.946,
2026-09-20T22:09:21.372562+00:00,200,2187.615,
2026-09-20T22:09:21.360256+00:00,200,2201.868,
2026-09-20T22:09:21.374059+00:00,200,2191.039,
2026-09-20T22:09:21.388909+00:00,200,2188.954,
2026-09-20T22:09:21.407586+00:00,200,2171.94,
2026-09-20T22:09:21.549979+00:00,200,2034.984,
2026-09-20T22:09:21.233205+00:00,200,2358.22,
2026-09-20T22:09:21.401517+00:00,200,2191.713,
2026-09-20T22:09:21.387310+00:00,200,2215.752,
2026-09-20T22:09:21.542632+00:00,200,2072.422,
2026-09-20T22:09:21.333563+00:00,200,2283.165,
2026-09-20T22:09:21.580748+00:00,200,2039.03,
2026-09-20T22:09:21.445024+00:00,200,2185.338,
2026-09-20T22:09:21.571289+00:00,200,2065.759,
2026-09-20T22:09:21.606101+00:00,200,2037.669,
2026-09-20T22:09:21.421052+00:00,200,2235.475,
2026-09-20T22:09:21.591417+00:00,200,2073.169,
2026-09-20T22:09:21.488467+00:00,200,2190.433,
2026-09-20T22:09:21.414990+00:00,200,2268.119,
2026-09-20T22:09:21.460322+00:00,200,2224.978,
2026-09-20T22:09:21.366494+00:00,200,2321.706,
2026-09-20T22:09:21.530355+00:00,200,2179.033,
2026-09-20T22:09:21.673951+00:00,200,2037.951,
2026-09-20T22:09:21.701805+00:00,200,2011.99,
2026-09-20T22:09:21.539732+00:00,200,2176.361,
2026-09-20T22:09:21.434049+00:00,200,2284.079,
2026-09-20T22:09:21.515413+00:00,200,2212.789,
2026-09-20T22:09:21.528135+00:00,200,2202.095,
2026-09-20T22:09:21.533980+00:00,200,2198.243,
2026-09-20T22:09:21.600542+00:00,200,2135.624,
2026-09-20T22:09:21.709382+00:00,200,2036.986,
2026-09-20T22:09:21.400218+00:00,200,2354.75,
2026-09-20T22:09:21.579113+00:00,200,2177.791,
2026-09-20T22:09:21.536816+00:00,200,2222.087,
2026-09-20T22:09:21.576988+00:00,200,2192.958,
2026-09-20T22:09:21.551556+00:00,200,2220.313,
2026-09-20T22:09:21.466730+00:00,200,2307.112,
2026-09-20T22:09:21.546511+00:00,200,2235.885,
2026-09-20T22:09:21.500820+00:00,200,2299.492,
2026-09-20T22:09:21.731943+00:00,200,2070.063,
2026-09-20T22:09:21.733522+00:00,200,2076.718,
2026-09-20T22:09:21.585126+00:00,200,2254.949,
2026-09-20T22:09:21.604131+00:00,200,2247.626,
2026-09-20T22:09:21.758127+00:00,200,2096.1,
2026-09-20T22:09:21.593322+00:00,200,2264.612,
2026-09-20T22:09:21.754072+00:00,200,2119.065,
2026-09-20T22:09:21.802567+00:00,200,2075.556,
2026-09-20T22:09:21.767360+00:00,200,2113.745,
2026-09-20T22:09:21.586759+00:00,200,2298.598,
2026-09-20T22:09:21.768479+00:00,200,2118.725,
2026-09-20T22:09:21.608317+00:00,200,2283.4,
2026-09-20T22:09:21.685780+00:00,200,2207.493,
2026-09-20T22:09:21.655997+00:00,200,2239.304,
2026-09-20T22:09:21.892171+00:00,200,2033.351,
2026-09-20T22:09:21.632861+00:00,200,2294.725,
2026-09-20T22:09:21.666746+00:00,200,2264.163,
2026-09-20T22:09:21.811549+00:00,200,2121.182,
2026-09-20T22:09:21.801011+00:00,200,2134.833,
2026-09-20T22:09:21.674850+00:00,200,2262.532,
2026-09-20T22:09:21.720826+00:00,200,2218.232,
2026-09-20T22:09:21.712303+00:00,200,2230.971,
2026-09-20T22:09:21.689757+00:00,200,2254.894,
2026-09-20T22:09:21.693152+00:00,200,2261.839,
2026-09-20T22:09:21.737830+00:00,200,2222.506,
2026-09-20T22:09:21.722509+00:00,200,2243.29,
2026-09-20T22:09:21.567477+00:00,200,2405.63,
2026-09-20T22:09:21.719338+00:00,200,2270.461,
2026-09-20T22:09:21.747621+00:00,200,2243.773,
2026-09-20T22:09:21.915807+00:00,200,2090.112,
2026-09-20T22:09:21.921457+00:00,200,2093.539,
2026-09-20T22:09:21.897186+00:00,200,2134.484,
2026-09-20T22:09:21.751168+00:00,200,2282.796,
2026-09-20T22:09:21.776731+00:00,200,2261.904,
2026-09-20T22:09:21.941019+00:00,200,2102.018,
2026-09-20T22:09:21.652415+00:00,200,2392.67,
2026-09-20T22:09:21.752424+00:00,200,2298.059,
2026-09-20T22:09:21.960422+00:00,200,2094.869,
2026-09-20T22:09:21.670166+00:00,200,2394.494,
2026-09-20T22:09:21.788102+00:00,200,2292.793,
2026-09-20T22:09:21.772758+00:00,200,2312.568,
2026-09-20T22:09:21.734382+00:00,200,2352.968,
2026-09-20T22:09:21.823341+00:00,200,2267.311,
2026-09-20T22:09:21.981849+00:00,200,2114.104,
2026-09-20T22:09:21.843110+00:00,200,2264.458,
2026-09-20T22:09:21.817890+00:00,200,2296.504,
2026-09-20T22:09:22.003029+00:00,200,2121.642,
2026-09-20T22:09:21.968843+00:00,200,2157.984,
2026-09-20T22:09:21.700753+00:00,200,2429.34,
2026-09-20T22:09:22.000260+00:00,200,2131.885,
2026-09-20T22:09:21.780072+00:00,200,2354.196,
2026-09-20T22:09:21.861756+00:00,200,2274.084,
2026-09-20T22:09:21.933804+00:00,200,2211.474,
2026-09-20T22:09:21.877342+00:00,200,2278.24,
2026-09-20T22:09:21.835722+00:00,200,2352.33,
2026-09-20T22:09:21.907394+00:00,200,2291.146,
2026-09-20T22:09:21.893991+00:00,200,2310.328,
2026-09-20T22:09:22.062301+00:00,200,2144.306,
2026-09-20T22:09:21.918714+00:00,200,2301.511,
2026-09-20T22:09:21.834358+00:00,200,2387.746,
2026-09-20T22:09:21.880977+00:00,200,2343.413,
2026-09-20T22:09:22.025646+00:00,200,2202.502,
2026-09-20T22:09:22.113345+00:00,200,2116.625,
2026-09-20T22:09:21.928191+00:00,200,2306.236,
2026-09-20T22:09:21.946556+00:00,200,2295.393,
2026-09-20T22:09:22.001588+00:00,200,2249.64,
2026-09-20T22:09:21.867071+00:00,200,2386.539,
2026-09-20T22:09:21.972569+00:00,200,2287.308,
2026-09-20T22:09:21.943089+00:00,200,2328.444,
2026-09-20T22:09:22.008011+00:00,200,2267.697,
2026-09-20T22:09:22.108861+00:00,200,2168.447,
2026-09-20T22:09:21.967333+00:00,200,2318.312,
2026-09-20T22:09:21.914213+00:00,200,2376.16,
2026-09-20T22:09:22.004937+00:00,200,2287.353,
2026-09-20T22:09:22.067037+00:00,200,2251.313,
2026-09-20T22:09:21.939142+00:00,200,2381.103,
2026-09-20T22:09:22.199097+00:00,200,2123.689,
2026-09-20T22:09:22.159078+00:00,200,2165.943,
2026-09-20T22:09:22.135464+00:00,200,2194.14,
2026-09-20T22:09:22.024111+00:00,200,2313.523,
2026-09-20T22:09:21.976084+00:00,200,2363.36,
2026-09-20T22:09:22.050619+00:00,200,2296.69,
2026-09-20T22:09:21.899973+00:00,200,2448.835,
2026-09-20T22:09:21.969896+00:00,200,2382.669,
2026-09-20T22:09:22.215074+00:00,200,2156.712,
2026-09-20T22:09:22.207165+00:00,200,2176.278,
2026-09-20T22:09:22.237915+00:00,200,2154.603,
2026-09-20T22:09:22.074698+00:00,200,2326.301,
2026-09-20T22:09:22.041636+00:00,200,2362.621,
2026-09-20T22:09:22.079279+00:00,200,2333.44,
2026-09-20T22:09:22.034029+00:00,200,2380.458,
2026-09-20T22:09:22.247653+00:00,200,2172.427,
2026-09-20T22:09:22.119450+00:00,200,2302.514,
2026-09-20T22:09:22.110764+00:00,200,2330.081,
2026-09-20T22:09:22.128373+00:00,200,2319.637,
2026-09-20T22:09:22.124450+00:00,200,2326.144,
2026-09-20T22:09:22.173041+00:00,200,2281.084,
2026-09-20T22:09:22.106039+00:00,200,2357.634,
2026-09-20T22:09:22.293728+00:00,200,2177.838,
2026-09-20T22:09:22.273270+00:00,200,2200.676,
2026-09-20T22:09:22.157418+00:00,200,2318.565,
2026-09-20T22:09:22.117933+00:00,200,2363.128,
2026-09-20T22:09:22.115427+00:00,200,2367.268,
2026-09-20T22:09:22.346552+00:00,200,2142.793,
2026-09-20T22:09:22.331185+00:00,200,2167.95,
2026-09-20T22:09:22.184591+00:00,200,2324.425,
2026-09-20T22:09:22.189692+00:00,200,2342.504,
2026-09-20T22:09:22.131393+00:00,200,2403.607,
2026-09-20T22:09:22.121171+00:00,200,2418.73,
2026-09-20T22:09:22.101051+00:00,200,2447.005,
2026-09-20T22:09:22.155958+00:00,200,2393.865,
2026-09-20T22:09:22.318229+00:00,200,2234.228,
2026-09-20T22:09:22.354036+00:00,200,2220.11,
2026-09-20T22:09:22.208523+00:00,200,2367.549,
2026-09-20T22:09:22.212395+00:00,200,2373.17,
2026-09-20T22:09:22.402227+00:00,200,2192.172,
2026-09-20T22:09:22.376532+00:00,200,2220.221,
2026-09-20T22:09:22.282955+00:00,200,2320.879,
2026-09-20T22:09:22.216399+00:00,200,2389.532,
2026-09-20T22:09:22.394494+00:00,200,2213.914,
2026-09-20T22:09:22.438475+00:00,200,2180.127,
2026-09-20T22:09:22.167420+00:00,200,2452.969,
2026-09-20T22:09:22.264692+00:00,200,2367.1,
2026-09-20T22:09:22.234428+00:00,200,2399.158,
2026-09-20T22:09:22.133245+00:00,200,2506.106,
2026-09-20T22:09:22.200107+00:00,200,2443.696,
2026-09-20T22:09:22.236358+00:00,200,2417.263,
2026-09-20T22:09:22.499960+00:00,200,2156.937,
2026-09-20T22:09:22.457191+00:00,200,2201.569,
2026-09-20T22:09:22.285031+00:00,200,2376.753,
2026-09-20T22:09:22.320575+00:00,200,2347.602,
2026-09-20T22:09:22.490470+00:00,200,2188.923,
2026-09-20T22:09:22.344989+00:00,200,2349.665,
2026-09-20T22:09:22.305528+00:00,200,2399.836,
2026-09-20T22:09:22.372411+00:00,200,2343.996,
2026-09-20T22:09:22.453842+00:00,200,2269.804,
2026-09-20T22:09:22.323244+00:00,200,2402.535,
2026-09-20T22:09:22.314410+00:00,200,2413.462,
2026-09-20T22:09:22.266878+00:00,200,2470.115,
2026-09-20T22:09:22.434121+00:00,200,2321.125,
2026-09-20T22:09:22.594289+00:00,200,2169.369,
2026-09-20T22:09:22.336869+00:00,200,2430.083,
2026-09-20T22:09:22.523329+00:00,200,2255.17,
2026-09-20T22:09:22.366869+00:00,200,2413.994,
2026-09-20T22:09:22.532280+00:00,200,2258.374,
2026-09-20T22:09:22.365688+00:00,200,2426.98,
2026-09-20T22:09:22.547017+00:00,200,2248.37,
2026-09-20T22:09:22.333827+00:00,200,2463.888,
2026-09-20T22:09:22.335003+00:00,200,2468.024,
2026-09-20T22:09:22.383615+00:00,200,2421.743,
2026-09-20T22:09:22.562963+00:00,200,2255.956,
2026-09-20T22:09:22.300765+00:00,200,2520.815,
2026-09-20T22:09:22.459386+00:00,200,2366.789,
2026-09-20T22:09:22.381513+00:00,200,2463.837,
2026-09-20T22:09:22.432923+00:00,200,2414.205,
2026-09-20T22:09:22.406258+00:00,200,2444.975,
2026-09-20T22:09:22.430798+00:00,200,2429.893,
2026-09-20T22:09:22.627975+00:00,200,2234.224,
2026-09-20T22:09:22.598386+00:00,200,2266.569,
2026-09-20T22:09:22.396554+00:00,200,2470.252,
2026-09-20T22:09:22.536433+00:00,200,2333.514,
2026-09-20T22:09:22.510131+00:00,200,2361.654,
2026-09-20T22:09:22.517499+00:00,200,2362.485,
2026-09-20T22:09:22.478630+00:00,200,2410.342,
2026-09-20T22:09:22.445614+00:00,200,2458.274,
2026-09-20T22:09:22.631061+00:00,200,2283.894,
2026-09-20T22:09:22.469670+00:00,200,2446.936,
2026-09-20T22:09:22.400312+00:00,200,2527.701,
2026-09-20T22:09:22.723842+00:00,200,2224.18,
2026-09-20T22:09:22.467622+00:00,200,2482.256,
2026-09-20T22:09:22.610567+00:00,200,2341.684,
2026-09-20T22:09:22.601588+00:00,200,2355.233,
2026-09-20T22:09:22.739498+00:00,200,2221.797,
2026-09-20T22:09:22.658032+00:00,200,2307.352,
2026-09-20T22:09:22.521638+00:00,200,2445.743,
2026-09-20T22:09:22.633727+00:00,200,2341.166,
2026-09-20T22:09:22.552301+00:00,200,2429.698,
2026-09-20T22:09:22.534042+00:00,200,2458.039,
2026-09-20T22:09:22.512381+00:00,200,2497.013,
2026-09-20T22:09:22.774471+00:00,200,2240.752,
2026-09-20T22:09:22.701281+00:00,200,2318.333,
2026-09-20T22:09:22.621090+00:00,200,2400.215,
2026-09-20T22:09:22.797280+00:00,200,2226.22,
2026-09-20T22:09:22.559697+00:00,200,2469.346,
2026-09-20T22:09:22.642750+00:00,200,2395.911,
2026-09-20T22:09:22.656040+00:00,200,2384.516,
2026-09-20T22:09:22.501303+00:00,200,2542.573,
2026-09-20T22:09:22.575828+00:00,200,2469.991,
2026-09-20T22:09:22.646423+00:00,200,2421.231,
2026-09-20T22:09:22.615876+00:00,200,2454.929,
2026-09-20T22:09:22.809746+00:00,200,2263.044,
2026-09-20T22:09:22.566337+00:00,200,2526.773,
2026-09-20T22:09:22.600453+00:00,200,2494.474,
2026-09-20T22:09:22.703454+00:00,200,2419.031,
2026-09-20T22:09:22.613889+00:00,200,2514.155,
2026-09-20T22:09:22.767952+00:00,200,2371.123,
2026-09-20T22:09:22.861466+00:00,200,2283.299,
2026-09-20T22:09:22.811634+00:00,200,2335.492,
2026-09-20T22:09:22.718015+00:00,200,2431.761,
2026-09-20T22:09:22.624010+00:00,200,2528.182,
2026-09-20T22:09:22.678094+00:00,200,2477.593,
2026-09-20T22:09:22.732150+00:00,200,2425.855,
2026-09-20T22:09:22.830092+00:00,200,2330.249,
2026-09-20T22:09:22.567379+00:00,200,2594.635,
2026-09-20T22:09:22.877082+00:00,200,2290.424,
2026-09-20T22:09:22.705938+00:00,200,2479.642,
2026-09-20T22:09:22.911212+00:00,200,2278.052,
2026-09-20T22:09:22.709918+00:00,200,2483.435,
2026-09-20T22:09:22.659812+00:00,200,2536.61,
2026-09-20T22:09:22.776479+00:00,200,2432.437,
2026-09-20T22:09:22.946456+00:00,200,2264.31,
2026-09-20T22:09:22.770225+00:00,200,2442.764,
2026-09-20T22:09:22.943385+00:00,200,2272.974,
2026-09-20T22:09:22.909393+00:00,200,2312.683,
2026-09-20T22:09:22.806624+00:00,200,2427.824,
2026-09-20T22:09:22.688299+00:00,200,2549.769,
2026-09-20T22:09:22.720258+00:00,200,2519.519,
2026-09-20T22:09:22.780615+00:00,200,2460.973,
2026-09-20T22:09:22.803876+00:00,200,2441.161,
2026-09-20T22:09:22.900522+00:00,200,2376.649,
2026-09-20T22:09:22.667695+00:00,200,2612.679,
2026-09-20T22:09:22.782662+00:00,200,2524.643,
2026-09-20T22:09:22.831764+00:00,200,2479.919,
2026-09-20T22:09:22.996535+00:00,200,2320.314,
2026-09-20T22:09:22.785506+00:00,200,2539.369,
2026-09-20T22:09:23.014936+00:00,200,2329.745,
2026-09-20T22:09:22.853274+00:00,200,2493.466,
2026-09-20T22:09:22.994878+00:00,200,2355.889,
2026-09-20T22:09:22.835033+00:00,200,2517.81,
2026-09-20T22:09:23.010396+00:00,200,2344.959,
2026-09-20T22:09:22.838040+00:00,200,2520.666,
2026-09-20T22:09:22.967367+00:00,200,2394.574,
2026-09-20T22:09:22.939198+00:00,200,2426.08,
2026-09-20T22:09:22.800495+00:00,200,2568.896,
2026-09-20T22:09:22.795504+00:00,200,2583.655,
2026-09-20T22:09:23.082895+00:00,200,2298.1,
2026-09-20T22:09:22.733593+00:00,200,2659.436,
2026-09-20T22:09:22.884430+00:00,200,2510.43,
2026-09-20T22:09:22.941164+00:00,200,2457.658,
2026-09-20T22:09:22.907100+00:00,200,2494.368,
2026-09-20T22:09:22.859673+00:00,200,2545.754,
2026-09-20T22:09:22.823149+00:00,200,2584.471,
2026-09-20T22:09:23.084765+00:00,200,2324.656,
2026-09-20T22:09:22.963144+00:00,200,2449.217,
2026-09-20T22:09:23.066344+00:00,200,2354.917,
2026-09-20T22:09:23.106361+00:00,200,2316.789,
2026-09-20T22:09:22.897663+00:00,200,2540.213,
2026-09-20T22:09:22.983722+00:00,200,2460.437,
2026-09-20T22:09:22.836831+00:00,200,2635.969,
2026-09-20T22:09:23.136803+00:00,200,2359.68,
2026-09-20T22:09:23.164018+00:00,200,2336.364,
2026-09-20T22:09:22.867542+00:00,200,2642.737,
2026-09-20T22:09:23.169647+00:00,200,2344.611,
2026-09-20T22:09:23.013363+00:00,200,2506.13,
2026-09-20T22:09:22.985857+00:00,200,2536.414,
2026-09-20T22:09:23.060359+00:00,200,2469.168,
2026-09-20T22:09:22.971953+00:00,200,2562.311,
2026-09-20T22:09:23.181935+00:00,200,2358.3,
2026-09-20T22:09:22.934692+00:00,200,2607.6,
2026-09-20T22:09:23.219683+00:00,200,2327.637,
2026-09-20T22:09:22.988069+00:00,200,2560.872,
2026-09-20T22:09:23.212029+00:00,200,2339.993,
2026-09-20T22:09:23.000804+00:00,200,2553.672,
2026-09-20T22:09:22.948546+00:00,200,2611.609,
2026-09-20T22:09:23.056640+00:00,200,2508.462,
2026-09-20T22:09:23.002308+00:00,200,2564.505,
2026-09-20T22:09:23.243344+00:00,200,2344.607,
2026-09-20T22:09:23.008889+00:00,200,2584.316,
2026-09-20T22:09:23.221071+00:00,200,2374.105,
2026-09-20T22:09:23.003495+00:00,200,2596.313,
2026-09-20T22:09:23.114418+00:00,200,2491.341,
2026-09-20T22:09:23.067365+00:00,200,2544.622,
2026-09-20T22:09:23.022363+00:00,200,2591.676,
2026-09-20T22:09:23.156326+00:00,200,2474.937,
2026-09-20T22:09:23.293679+00:00,200,2348.879,
2026-09-20T22:09:23.018695+00:00,200,2626.132,
2026-09-20T22:09:23.200528+00:00,200,2447.719,
2026-09-20T22:09:23.038826+00:00,200,2623.329,
2026-09-20T22:09:23.167815+00:00,200,2496.582,
2026-09-20T22:09:23.323749+00:00,200,2370.324,
2026-09-20T22:09:23.058573+00:00,200,2638.526,
2026-09-20T22:09:23.268169+00:00,200,2433.3,
2026-09-20T22:09:23.034733+00:00,200,2678.431,
2026-09-20T22:09:23.210164+00:00,200,2505.388,
2026-09-20T22:09:23.134768+00:00,200,2590.341,
2026-09-20T22:09:23.355264+00:00,200,2371.915,
2026-09-20T22:09:23.176147+00:00,200,2553.832,
2026-09-20T22:09:23.178367+00:00,200,2553.435,
2026-09-20T22:09:23.295640+00:00,200,2438.506,
2026-09-20T22:09:23.141409+00:00,200,2594.616,
2026-09-20T22:09:23.333843+00:00,200,2421.695,
2026-09-20T22:09:23.146087+00:00,200,2611.946,
2026-09-20T22:09:23.245341+00:00,200,2514.6,
2026-09-20T22:09:23.368173+00:00,200,2393.919,
2026-09-20T22:09:23.093198+00:00,200,2672.568,
2026-09-20T22:09:23.394568+00:00,200,2373.15,
2026-09-20T22:09:23.196158+00:00,200,2578.368,
2026-09-20T22:09:23.286497+00:00,200,2489.726,
2026-09-20T22:09:23.205992+00:00,200,2580.455,
2026-09-20T22:09:23.241821+00:00,200,2565.333,
2026-09-20T22:09:23.217206+00:00,200,2602.022,
2026-09-20T22:09:23.388939+00:00,200,2432.099,
2026-09-20T22:09:23.234816+00:00,200,2589.4,
2026-09-20T22:09:23.412915+00:00,200,2413.868,
2026-09-20T22:09:23.101181+00:00,200,2736.157,
2026-09-20T22:09:23.436010+00:00,200,2408.655,
2026-09-20T22:09:23.208520+00:00,200,2646.942,
2026-09-20T22:09:23.329275+00:00,200,2545.422,
2026-09-20T22:09:23.215499+00:00,200,2662.055,
2026-09-20T22:09:23.400789+00:00,200,2479.062,
2026-09-20T22:09:23.382503+00:00,200,2512.291,
2026-09-20T22:09:23.446849+00:00,200,2449.772,
2026-09-20T22:09:23.341756+00:00,200,2558.313,
2026-09-20T22:09:23.170895+00:00,200,2738.036,
2026-09-20T22:09:23.434401+00:00,200,2476.892,
2026-09-20T22:09:23.255275+00:00,200,2662.1,
2026-09-20T22:09:23.239024+00:00,200,2680.223,
2026-09-20T22:09:23.501389+00:00,200,2420.891,
2026-09-20T22:09:23.363759+00:00,200,2560.386,
2026-09-20T22:09:23.380015+00:00,200,2548.649,
2026-09-20T22:09:23.519071+00:00,200,2412.403,
2026-09-20T22:09:23.528017+00:00,200,2404.995,
2026-09-20T22:09:23.427536+00:00,200,2529.263,
2026-09-20T22:09:23.392723+00:00,200,2565.738,
2026-09-20T22:09:23.321891+00:00,200,2638.715,
2026-09-20T22:09:23.346182+00:00,200,2617.737,
2026-09-20T22:09:23.327538+00:00,200,2662.06,
2026-09-20T22:09:23.449976+00:00,200,2541.384,
2026-09-20T22:09:23.560168+00:00,200,2433.472,
2026-09-20T22:09:23.397282+00:00,200,2604.798,
2026-09-20T22:09:23.615044+00:00,200,2397.479,
2026-09-20T22:09:23.466976+00:00,200,2559.547,
2026-09-20T22:09:23.591414+00:00,200,2441.657,
2026-09-20T22:09:23.300817+00:00,200,2734.411,
2026-09-20T22:09:23.643761+00:00,200,2398.402,
2026-09-20T22:09:23.361922+00:00,200,2683.987,
2026-09-20T22:09:23.492733+00:00,200,2561.961,
2026-09-20T22:09:23.385782+00:00,200,2685.15,
2026-09-20T22:09:23.484636+00:00,200,2588.759,
2026-09-20T22:09:23.523238+00:00,200,2552.721,
2026-09-20T22:09:23.384065+00:00,200,2694.641,
2026-09-20T22:09:23.619768+00:00,200,2460.742,
2026-09-20T22:09:23.664577+00:00,200,2417.983,
2026-09-20T22:09:23.366924+00:00,200,2719.281,
2026-09-20T22:09:23.709380+00:00,200,2380.264,
2026-09-20T22:09:23.683099+00:00,200,2408.412,
2026-09-20T22:09:23.403273+00:00,200,2690.432,
2026-09-20T22:09:23.554223+00:00,200,2542.596,
2026-09-20T22:09:23.426018+00:00,200,2689.19,
2026-09-20T22:09:23.718117+00:00,200,2398.726,
2026-09-20T22:09:23.716083+00:00,200,2404.598,
2026-09-20T22:09:23.550684+00:00,200,2578.441,
2026-09-20T22:09:23.471975+00:00,200,2666.79,
2026-09-20T22:09:23.468121+00:00,200,2680.054,
2026-09-20T22:09:23.482956+00:00,200,2673.101,
2026-09-20T22:09:23.565089+00:00,200,2592.747,
2026-09-20T22:09:23.511218+00:00,200,2687.929,
2026-09-20T22:09:23.771858+00:00,200,2439.512,
2026-09-20T22:09:23.603052+00:00,200,2610.766,
2026-09-20T22:09:23.593220+00:00,200,2629.159,
2026-09-20T22:09:23.736156+00:00,200,2494.454,
2026-09-20T22:09:23.616718+00:00,200,2617.219,
2026-09-20T22:09:23.562116+00:00,200,2676.485,
2026-09-20T22:09:23.754957+00:00,200,2491.03,
2026-09-20T22:09:23.601357+00:00,200,2646.897,
2026-09-20T22:09:23.769936+00:00,200,2485.741,
2026-09-20T22:09:23.584954+00:00,200,2672.624,
2026-09-20T22:09:23.536013+00:00,200,2725.04,
2026-09-20T22:09:23.521246+00:00,200,2742.094,
2026-09-20T22:09:23.634252+00:00,200,2632.514,
2026-09-20T22:09:23.873130+00:00,200,2395.751,
2026-09-20T22:09:23.567354+00:00,200,2707.525,
2026-09-20T22:09:23.840065+00:00,200,2436.978,
2026-09-20T22:09:23.810232+00:00,200,2471.732,
2026-09-20T22:09:23.577853+00:00,200,2708.853,
2026-09-20T22:09:23.678891+00:00,200,2610.018,
2026-09-20T22:09:23.782386+00:00,200,2514.842,
2026-09-20T22:09:23.637039+00:00,200,2667.315,
2026-09-20T22:09:23.579517+00:00,200,2730.316,
2026-09-20T22:09:23.534528+00:00,200,2781.793,
2026-09-20T22:09:23.878115+00:00,200,2457.267,
2026-09-20T22:09:23.667463+00:00,200,2670.924,
2026-09-20T22:09:23.730221+00:00,200,2611.408,
2026-09-20T22:09:23.713788+00:00,200,2635.737,
2026-09-20T22:09:23.925515+00:00,200,2449.815,
2026-09-20T22:09:23.895305+00:00,200,2486.189,
2026-09-20T22:09:23.630352+00:00,200,2752.941,
2026-09-20T22:09:23.965789+00:00,200,2444.523,
2026-09-20T22:09:23.940173+00:00,200,2478.121,
2026-09-20T22:09:23.800303+00:00,200,2624.019,
2026-09-20T22:09:23.756894+00:00,200,2674.111,
2026-09-20T22:09:23.746361+00:00,200,2696.364,
2026-09-20T22:09:23.656517+00:00,200,2793.389,
2026-09-20T22:09:23.688190+00:00,200,2765.054,
2026-09-20T22:09:23.943264+00:00,200,2512.92,
2026-09-20T22:09:23.711897+00:00,200,2746.087,
2026-09-20T22:09:23.927589+00:00,200,2532.394,
2026-09-20T22:09:23.851747+00:00,200,2610.389,
2026-09-20T22:09:23.854218+00:00,200,2611.454,
2026-09-20T22:09:23.732214+00:00,200,2736.644,
2026-09-20T22:09:23.685290+00:00,200,2785.131,
2026-09-20T22:09:23.881097+00:00,200,2593.852,
2026-09-20T22:09:24.014988+00:00,200,2461.953,
2026-09-20T22:09:23.734064+00:00,200,2744.432,
2026-09-20T22:09:23.937375+00:00,200,2543.987,
2026-09-20T22:09:23.967478+00:00,200,2520.032,
2026-09-20T22:09:23.758894+00:00,200,2730.752,
2026-09-20T22:09:23.728193+00:00,200,2763.086,
2026-09-20T22:09:23.989789+00:00,200,2503.632,
2026-09-20T22:09:23.701643+00:00,200,2821.2,
2026-09-20T22:09:23.885348+00:00,200,2652.216,
2026-09-20T22:09:23.887195+00:00,200,2674.296,
2026-09-20T22:09:23.893267+00:00,200,2670.511,
2026-09-20T22:09:24.050473+00:00,200,2518.712,
2026-09-20T22:09:24.064658+00:00,200,2515.045,
2026-09-20T22:09:23.773832+00:00,200,2807.824,
2026-09-20T22:09:23.932721+00:00,200,2660.529,
2026-09-20T22:09:23.801999+00:00,200,2802.037,
2026-09-20T22:09:24.085317+00:00,200,2525.04,
2026-09-20T22:09:24.107559+00:00,200,2505.088,
2026-09-20T22:09:24.033954+00:00,200,2609.209,
2026-09-20T22:09:23.868477+00:00,200,2777.029,
2026-09-20T22:09:23.901148+00:00,200,2747.122,
2026-09-20T22:09:23.835027+00:00,200,2817.421,
2026-09-20T22:09:23.857924+00:00,200,2798.459,
2026-09-20T22:09:24.035257+00:00,200,2625.175,
2026-09-20T22:09:23.960327+00:00,200,2705.48,
2026-09-20T22:09:24.130081+00:00,200,2537.425,
2026-09-20T22:09:23.768225+00:00,200,2901.432,
2026-09-20T22:09:23.891708+00:00,200,2784.969,
2026-09-20T22:09:24.198531+00:00,200,2481.041,
2026-09-20T22:09:23.935835+00:00,200,2745.246,
2026-09-20T22:09:23.991384+00:00,200,2693.479,
2026-09-20T22:09:23.930910+00:00,200,2757.464,
2026-09-20T22:09:24.224380+00:00,200,2466.916,
2026-09-20T22:09:24.135831+00:00,200,2557.253,
2026-09-20T22:09:24.155573+00:00,200,2539.27,
2026-09-20T22:09:24.038625+00:00,200,2657.568,
2026-09-20T22:09:23.803310+00:00,200,2896.305,
2026-09-20T22:09:23.944642+00:00,200,2766.007,
2026-09-20T22:09:24.229960+00:00,200,2508.672,
2026-09-20T22:09:24.055282+00:00,200,2688.358,
2026-09-20T22:09:23.939049+00:00,200,2806.54,
2026-09-20T22:09:24.080885+00:00,200,2673.146,
2026-09-20T22:09:24.087339+00:00,200,2679.141,
2026-09-20T22:09:24.277299+00:00,200,2496.0,
2026-09-20T22:09:24.251218+00:00,200,2550.113,
2026-09-20T22:09:24.271523+00:00,200,2533.316,
2026-09-20T22:09:23.954981+00:00,200,2872.361,
2026-09-20T22:09:23.973096+00:00,200,2856.453,
2026-09-20T22:09:24.031661+00:00,200,2801.524,
2026-09-20T22:09:24.145269+00:00,200,2691.89,
2026-09-20T22:09:24.001638+00:00,200,2839.225,
2026-09-20T22:09:24.126818+00:00,200,2720.959,
2026-09-20T22:09:24.290363+00:00,200,2559.393,
2026-09-20T22:09:24.206598+00:00,200,2646.635,
2026-09-20T22:09:24.005910+00:00,200,2853.3,
2026-09-20T22:09:24.132136+00:00,200,2729.673,
2026-09-20T22:09:24.134257+00:00,200,2729.393,
2026-09-20T22:09:24.337624+00:00,200,2528.08,
2026-09-20T22:09:24.101238+00:00,200,2768.004,
2026-09-20T22:09:24.045081+00:00,200,2829.823,
2026-09-20T22:09:24.043028+00:00,200,2839.159,
2026-09-20T22:09:24.235528+00:00,200,2651.569,
2026-09-20T22:09:24.352554+00:00,200,2538.387,
2026-09-20T22:09:24.095944+00:00,200,2799.58,
2026-09-20T22:09:24.220215+00:00,200,2681.325,
2026-09-20T22:09:24.301787+00:00,200,2603.429,
2026-09-20T22:09:24.325011+00:00,200,2582.431,
2026-09-20T22:09:24.392511+00:00,200,2535.583,
2026-09-20T22:09:24.090642+00:00,200,2841.937,
2026-09-20T22:09:24.114384+00:00,200,2830.943,
2026-09-20T22:09:24.222093+00:00,200,2753.669,
2026-09-20T22:09:24.259867+00:00,200,2719.195,
2026-09-20T22:09:24.241938+00:00,200,2750.409,
2026-09-20T22:09:24.334217+00:00,200,2660.586,
2026-09-20T22:09:24.137005+00:00,200,2872.73,
2026-09-20T22:09:24.318340+00:00,200,2703.232,
2026-09-20T22:09:24.448000+00:00,200,2578.064,
2026-09-20T22:09:24.329595+00:00,200,2703.483,
2026-09-20T22:09:24.275698+00:00,200,2759.893,
2026-09-20T22:09:24.475974+00:00,200,2567.062,
2026-09-20T22:09:24.292280+00:00,200,2753.159,
2026-09-20T22:09:24.067603+00:00,200,2981.798,
2026-09-20T22:09:24.228138+00:00,200,2823.622,
2026-09-20T22:09:24.420071+00:00,200,2633.511,
2026-09-20T22:09:24.188042+00:00,200,2869.224,
2026-09-20T22:09:24.124663+00:00,200,2938.562,
2026-09-20T22:09:24.347299+00:00,200,2719.827,
2026-09-20T22:09:24.168483+00:00,200,2900.488,
2026-09-20T22:09:24.204309+00:00,200,2867.13,
2026-09-20T22:09:24.454115+00:00,200,2624.764,
2026-09-20T22:09:24.482684+00:00,200,2602.961,
2026-09-20T22:09:24.268268+00:00,200,2824.784,
2026-09-20T22:09:24.371777+00:00,200,2725.271,
2026-09-20T22:09:24.548046+00:00,200,2563.044,
2026-09-20T22:09:24.534989+00:00,200,2577.832,
2026-09-20T22:09:24.481050+00:00,200,2633.945,
2026-09-20T22:09:24.489336+00:00,200,2635.053,
2026-09-20T22:09:24.253601+00:00,200,2890.965,
2026-09-20T22:09:24.574137+00:00,200,2583.328,
2026-09-20T22:09:24.440835+00:00,200,2722.093,
2026-09-20T22:09:24.414477+00:00,200,2750.49,
2026-09-20T22:09:24.234416+00:00,200,2933.955,
2026-09-20T22:09:24.200934+00:00,200,2972.481,
2026-09-20T22:09:24.594389+00:00,200,2604.269,
2026-09-20T22:09:24.463663+00:00,200,2738.412,
2026-09-20T22:09:24.339433+00:00,200,2866.253,
2026-09-20T22:09:24.285635+00:00,200,2922.23,
2026-09-20T22:09:24.368525+00:00,200,2853.222,
2026-09-20T22:09:24.404247+00:00,200,2819.726,
2026-09-20T22:09:24.536113+00:00,200,2697.465,
2026-09-20T22:09:24.596743+00:00,200,2640.545,
2026-09-20T22:09:24.320235+00:00,200,2920.767,
2026-09-20T22:09:24.435255+00:00,200,2807.643,
2026-09-20T22:09:24.639339+00:00,200,2606.944,
2026-09-20T22:09:24.348796+00:00,200,2904.041,
2026-09-20T22:09:24.532186+00:00,200,2725.577,
2026-09-20T22:09:24.402251+00:00,200,2857.375,
2026-09-20T22:09:24.322777+00:00,200,2940.106,
2026-09-20T22:09:24.383434+00:00,200,2894.852,
2026-09-20T22:09:24.658752+00:00,200,2621.628,
2026-09-20T22:09:24.552448+00:00,200,2744.238,
2026-09-20T22:09:24.631781+00:00,200,2675.924,
2026-09-20T22:09:24.400989+00:00,200,2911.07,
2026-09-20T22:09:24.716397+00:00,200,2605.785,
2026-09-20T22:09:24.603824+00:00,200,2728.387,
2026-09-20T22:09:24.679383+00:00,200,2655.189,
2026-09-20T22:09:24.467925+00:00,200,2879.53,
2026-09-20T22:09:24.421953+00:00,200,2935.388,
2026-09-20T22:09:24.633575+00:00,200,2731.571,
2026-09-20T22:09:24.669188+00:00,200,2703.339,
2026-09-20T22:09:24.412709+00:00,200,2962.135,
2026-09-20T22:09:24.473936+00:00,200,2909.264,
2026-09-20T22:09:24.795379+00:00,200,2595.385,
2026-09-20T22:09:24.620380+00:00,200,2778.042,
2026-09-20T22:09:24.450584+00:00,200,2950.422,
2026-09-20T22:09:24.501024+00:00,200,2902.463,
2026-09-20T22:09:24.618592+00:00,200,2787.568,
2026-09-20T22:09:24.755236+00:00,200,2655.834,
2026-09-20T22:09:24.471556+00:00,200,2943.161,
2026-09-20T22:09:24.568637+00:00,200,2862.267,
2026-09-20T22:09:24.735006+00:00,200,2700.686,
2026-09-20T22:09:24.768269+00:00,200,2673.66,
2026-09-20T22:09:24.656890+00:00,200,2794.372,
2026-09-20T22:09:24.792657+00:00,200,2664.593,
2026-09-20T22:09:24.601333+00:00,200,2864.766,
2026-09-20T22:09:24.705353+00:00,200,2765.695,
2026-09-20T22:09:24.661774+00:00,200,2811.137,
2026-09-20T22:09:24.539890+00:00,200,2938.5,
2026-09-20T22:09:24.509009+00:00,200,2973.867,
2026-09-20T22:09:24.499126+00:00,200,2985.832,
2026-09-20T22:09:24.576062+00:00,200,2919.456,
2026-09-20T22:09:24.845339+00:00,200,2682.212,
2026-09-20T22:09:24.725769+00:00,200,2803.559,
2026-09-20T22:09:24.549816+00:00,200,2981.279,
2026-09-20T22:09:24.608398+00:00,200,2924.61,
2026-09-20T22:09:24.727862+00:00,200,2818.543,
2026-09-20T22:09:24.866795+00:00,200,2682.612,
2026-09-20T22:09:24.914945+00:00,200,2645.267,
2026-09-20T22:09:24.864949+00:00,200,2699.929,
2026-09-20T22:09:24.916596+00:00,200,2654.975,
2026-09-20T22:09:24.778489+00:00,200,2794.931,
2026-09-20T22:09:24.763652+00:00,200,2811.968,
2026-09-20T22:09:24.888961+00:00,200,2694.804,
2026-09-20T22:09:24.952243+00:00,200,2646.543,
2026-09-20T22:09:24.766941+00:00,200,2833.808,
2026-09-20T22:09:24.585554+00:00,200,3018.423,
2026-09-20T22:09:24.605920+00:00,200,2999.997,
2026-09-20T22:09:24.961285+00:00,200,2647.075,
2026-09-20T22:09:24.974883+00:00,200,2635.055,
2026-09-20T22:09:24.643792+00:00,200,2970.694,
2026-09-20T22:09:24.634892+00:00,200,2983.028,
2026-09-20T22:09:24.797704+00:00,200,2833.076,
2026-09-20T22:09:24.803016+00:00,200,2831.816,
2026-09-20T22:09:24.821569+00:00,200,2831.875,
2026-09-20T22:09:24.935088+00:00,200,2721.784,
2026-09-20T22:09:24.736982+00:00,200,2937.988,
2026-09-20T22:09:24.694643+00:00,200,2982.694,
2026-09-20T22:09:24.851223+00:00,200,2828.317,
2026-09-20T22:09:24.860680+00:00,200,2821.292,
2026-09-20T22:09:24.668167+00:00,200,3019.275,
2026-09-20T22:09:24.871777+00:00,200,2833.427,
2026-09-20T22:09:24.653610+00:00,200,3054.241,
2026-09-20T22:09:25.021295+00:00,200,2690.964,
2026-09-20T22:09:24.701640+00:00,200,3013.863,
2026-09-20T22:09:24.723636+00:00,200,3003.129,
2026-09-20T22:09:24.835325+00:00,200,2898.807,
2026-09-20T22:09:25.029034+00:00,200,2719.7,
2026-09-20T22:09:25.094917+00:00,200,2656.016,
2026-09-20T22:09:24.867806+00:00,200,2886.533,
2026-09-20T22:09:24.879977+00:00,200,2877.622,
2026-09-20T22:09:24.968345+00:00,200,2791.487,
2026-09-20T22:09:25.023490+00:00,200,2745.941,
2026-09-20T22:09:25.122476+00:00,200,2654.178,
2026-09-20T22:09:24.790644+00:00,200,2999.993,
2026-09-20T22:09:25.038654+00:00,200,2753.86,
2026-09-20T22:09:24.780852+00:00,200,3020.224,
2026-09-20T22:09:25.147116+00:00,200,2656.981,
2026-09-20T22:09:24.949868+00:00,200,2857.712,
2026-09-20T22:09:24.992070+00:00,200,2835.129,
2026-09-20T22:09:24.902062+00:00,200,2927.548,
2026-09-20T22:09:24.956811+00:00,200,2874.888,
2026-09-20T22:09:24.818912+00:00,200,3019.608,
2026-09-20T22:09:24.805347+00:00,200,3036.456,
2026-09-20T22:09:25.072779+00:00,200,2784.642,
2026-09-20T22:09:25.045811+00:00,200,2830.876,
2026-09-20T22:09:24.862188+00:00,200,3016.514,
2026-09-20T22:09:25.015214+00:00,200,2867.421,
2026-09-20T22:09:24.847117+00:00,200,3037.668,
2026-09-20T22:09:25.040548+00:00,200,2854.212,
2026-09-20T22:09:25.185569+00:00,200,2712.719,
2026-09-20T22:09:25.069179+00:00,200,2850.193,
2026-09-20T22:09:24.808059+00:00,200,3115.232,
2026-09-20T22:09:25.067644+00:00,200,2862.542,
2026-09-20T22:09:24.869939+00:00,200,3063.862,
2026-09-20T22:09:24.826165+00:00,200,3113.622,
2026-09-20T22:09:25.002118+00:00,200,2939.421,
2026-09-20T22:09:25.208905+00:00,200,2736.091,
2026-09-20T22:09:25.222066+00:00,200,2724.979,
2026-09-20T22:09:25.241577+00:00,200,2712.301,
2026-09-20T22:09:25.189253+00:00,200,2770.043,
2026-09-20T22:09:24.903878+00:00,200,3057.391,
2026-09-20T22:09:24.948014+00:00,200,3017.482,
2026-09-20T22:09:25.128034+00:00,200,2839.713,
2026-09-20T22:09:25.234437+00:00,200,2738.68,
2026-09-20T22:09:25.139066+00:00,200,2843.074,
2026-09-20T22:09:24.928002+00:00,200,3072.836,
2026-09-20T22:09:25.307293+00:00,200,2697.418,
2026-09-20T22:09:25.152181+00:00,200,2857.366,
2026-09-20T22:09:25.280362+00:00,200,2735.042,
2026-09-20T22:09:25.155678+00:00,200,2883.758,
2026-09-20T22:09:25.101748+00:00,200,2939.555,
2026-09-20T22:09:24.967373+00:00,200,3079.638,
2026-09-20T22:09:25.160331+00:00,200,2888.703,
2026-09-20T22:09:24.965374+00:00,200,3085.663,
2026-09-20T22:09:25.268897+00:00,200,2785.385,
2026-09-20T22:09:25.193343+00:00,200,2875.131,
2026-09-20T22:09:25.019605+00:00,200,3055.391,
2026-09-20T22:09:25.355345+00:00,200,2724.837,
2026-09-20T22:09:25.212979+00:00,200,2869.019,
2026-09-20T22:09:25.380986+00:00,200,2708.175,
2026-09-20T22:09:24.981997+00:00,200,3112.799,
2026-09-20T22:09:25.070796+00:00,200,3025.788,
2026-09-20T22:09:25.043864+00:00,200,3055.914,
2026-09-20T22:09:25.009384+00:00,200,3103.521,
2026-09-20T22:09:25.239766+00:00,200,2886.618,
2026-09-20T22:09:25.361931+00:00,200,2766.468,
2026-09-20T22:09:25.393017+00:00,200,2745.532,
2026-09-20T22:09:25.210755+00:00,200,2930.917,
2026-09-20T22:09:25.405415+00:00,200,2741.778,
2026-09-20T22:09:25.344671+00:00,200,2812.981,
2026-09-20T22:09:25.423141+00:00,200,2744.995,
2026-09-20T22:09:25.034996+00:00,200,3138.893,
2026-09-20T22:09:25.201654+00:00,200,2984.377,
2026-09-20T22:09:25.144755+00:00,200,3048.769,
2026-09-20T22:09:25.444149+00:00,200,2756.933,
2026-09-20T22:09:25.093099+00:00,200,3110.682,
2026-09-20T22:09:25.168600+00:00,200,3037.151,
2026-09-20T22:09:25.235563+00:00,200,2972.431,
2026-09-20T22:09:25.407608+00:00,200,2810.013,
2026-09-20T22:09:25.149766+00:00,200,3077.533,
2026-09-20T22:09:25.316838+00:00,200,2921.695,
2026-09-20T22:09:25.522347+00:00,200,2719.588,
2026-09-20T22:09:25.358695+00:00,200,2892.772,
2026-09-20T22:09:25.379148+00:00,200,2874.152,
2026-09-20T22:09:25.196411+00:00,200,3065.861,
2026-09-20T22:09:25.369379+00:00,200,2898.877,
2026-09-20T22:09:25.346729+00:00,200,2923.353,
2026-09-20T22:09:25.162003+00:00,200,3111.372,
2026-09-20T22:09:25.514249+00:00,200,2763.013,
2026-09-20T22:09:25.157994+00:00,200,3121.092,
2026-09-20T22:09:25.500372+00:00,200,2780.592,
2026-09-20T22:09:25.167496+00:00,200,3115.48,
2026-09-20T22:09:25.394848+00:00,200,2905.438,
2026-09-20T22:09:25.542280+00:00,200,2759.927,
2026-09-20T22:09:25.540227+00:00,200,2766.803,
2026-09-20T22:09:25.135128+00:00,200,3178.539,
2026-09-20T22:09:25.552012+00:00,200,2767.952,
2026-09-20T22:09:25.216349+00:00,200,3123.484,
2026-09-20T22:09:25.398811+00:00,200,2950.295,
2026-09-20T22:09:25.595165+00:00,200,2773.632,
2026-09-20T22:09:25.566802+00:00,200,2803.964,
2026-09-20T22:09:25.370536+00:00,200,3008.549,
2026-09-20T22:09:25.238057+00:00,200,3153.216,
2026-09-20T22:09:25.614027+00:00,200,2788.651,
2026-09-20T22:09:25.277161+00:00,200,3128.096,
2026-09-20T22:09:25.335602+00:00,200,3074.677,
2026-09-20T22:09:25.311672+00:00,200,3100.47,
2026-09-20T22:09:25.412351+00:00,200,3004.47,
2026-09-20T22:09:25.245025+00:00,200,3173.674,
2026-09-20T22:09:25.535985+00:00,200,2886.238,
2026-09-20T22:09:25.611976+00:00,200,2816.196,
2026-09-20T22:09:25.324863+00:00,200,3107.145,
2026-09-20T22:09:25.435640+00:00,200,3002.784,
2026-09-20T22:09:25.496473+00:00,200,2945.651,
2026-09-20T22:09:25.529518+00:00,200,2916.55,
2026-09-20T22:09:25.534255+00:00,200,2928.86,
2026-09-20T22:09:25.547309+00:00,200,2918.421,
2026-09-20T22:09:25.648236+00:00,200,2825.792,
2026-09-20T22:09:25.350758+00:00,200,3125.419,
2026-09-20T22:09:25.365267+00:00,200,3113.725,
2026-09-20T22:09:25.715541+00:00,200,2765.484,
2026-09-20T22:09:25.634961+00:00,200,2851.072,
2026-09-20T22:09:25.554466+00:00,200,2933.865,
2026-09-20T22:09:25.352832+00:00,200,3137.186,
2026-09-20T22:09:25.601387+00:00,200,2915.224,
2026-09-20T22:09:25.302269+00:00,200,3216.936,
2026-09-20T22:09:25.731790+00:00,200,2789.3,
2026-09-20T22:09:25.401457+00:00,200,3150.034,
2026-09-20T22:09:25.501899+00:00,200,3051.975,
2026-09-20T22:09:25.437865+00:00,200,3120.544,
2026-09-20T22:09:25.587942+00:00,200,2972.671,
2026-09-20T22:09:25.668325+00:00,200,2900.776,
2026-09-20T22:09:25.759930+00:00,200,2813.689,
2026-09-20T22:09:25.409412+00:00,200,3188.766,
2026-09-20T22:09:25.402490+00:00,200,3197.688,
2026-09-20T22:09:25.568975+00:00,200,3041.524,
2026-09-20T22:09:25.786436+00:00,200,2826.062,
2026-09-20T22:09:25.421250+00:00,200,3196.946,
2026-09-20T22:09:25.776212+00:00,200,2843.991,
2026-09-20T22:09:25.774514+00:00,200,2849.406,
2026-09-20T22:09:25.642549+00:00,200,2983.984,
2026-09-20T22:09:25.510267+00:00,200,3118.697,
2026-09-20T22:09:25.713153+00:00,200,2917.695,
2026-09-20T22:09:25.697087+00:00,200,2937.251,
2026-09-20T22:09:25.472788+00:00,200,3163.584,
2026-09-20T22:09:25.662143+00:00,200,2986.176,
2026-09-20T22:09:25.844654+00:00,200,2805.396,
2026-09-20T22:09:25.734135+00:00,200,2925.165,
2026-09-20T22:09:25.736013+00:00,200,2925.279,
2026-09-20T22:09:25.605748+00:00,200,3057.483,
2026-09-20T22:09:25.802431+00:00,200,2873.89,
2026-09-20T22:09:25.468980+00:00,200,3215.117,
2026-09-20T22:09:25.519483+00:00,200,3170.417,
2026-09-20T22:09:25.725099+00:00,200,2982.596,
2026-09-20T22:09:25.896609+00:00,200,2826.485,
2026-09-20T22:09:25.560145+00:00,200,3165.582,
2026-09-20T22:09:25.835630+00:00,200,2892.833,
2026-09-20T22:09:25.758021+00:00,200,2972.581,
2026-09-20T22:09:25.879839+00:00,200,2855.918,
2026-09-20T22:09:25.548929+00:00,200,3189.08,
2026-09-20T22:09:25.565091+00:00,200,3185.573,
2026-09-20T22:09:25.958449+00:00,200,2808.184,
2026-09-20T22:09:25.599796+00:00,200,3184.975,
2026-09-20T22:09:25.593194+00:00,200,3198.291,
2026-09-20T22:09:25.644815+00:00,200,3154.776,
2026-09-20T22:09:25.824205+00:00,200,2980.474,
2026-09-20T22:09:25.819216+00:00,200,2989.537,
2026-09-20T22:09:25.770375+00:00,200,3040.622,
2026-09-20T22:09:25.924134+00:00,200,2888.855,
2026-09-20T22:09:25.963906+00:00,200,2854.59,
2026-09-20T22:09:25.737542+00:00,200,3082.982,
2026-09-20T22:09:25.837326+00:00,200,2996.853,
2026-09-20T22:09:25.664386+00:00,200,3171.683,
2026-09-20T22:09:25.631252+00:00,200,3207.694,
2026-09-20T22:09:25.989585+00:00,200,2852.743,
2026-09-20T22:09:25.807142+00:00,200,3046.928,
2026-09-20T22:09:25.933001+00:00,200,2923.261,
2026-09-20T22:09:25.877542+00:00,200,2980.649,
2026-09-20T22:09:26.026512+00:00,200,2834.757,
2026-09-20T22:09:25.694065+00:00,200,3169.526,
2026-09-20T22:09:25.762082+00:00,200,3104.699,
2026-09-20T22:09:25.701459+00:00,200,3191.358,
2026-09-20T22:09:26.012512+00:00,200,2882.284,
2026-09-20T22:09:25.908919+00:00,200,2988.018,
2026-09-20T22:09:26.042153+00:00,200,2862.935,
2026-09-20T22:09:25.911282+00:00,200,2996.763,
2026-09-20T22:09:26.054683+00:00,200,2856.729,
2026-09-20T22:09:26.078693+00:00,200,2857.152,
2026-09-20T22:09:26.075948+00:00,200,2866.541,
2026-09-20T22:09:25.755528+00:00,200,3199.01,
2026-09-20T22:09:25.922268+00:00,200,3044.198,
2026-09-20T22:09:25.727169+00:00,200,3241.8,
2026-09-20T22:09:25.767706+00:00,200,3204.904,
2026-09-20T22:09:25.729967+00:00,200,3245.081,
2026-09-20T22:09:25.931463+00:00,200,3045.721,
2026-09-20T22:09:25.702897+00:00,200,3284.679,
2026-09-20T22:09:25.869149+00:00,200,3120.311,
2026-09-20T22:09:25.765754+00:00,200,3227.097,
2026-09-20T22:09:25.991348+00:00,200,3010.645,
2026-09-20T22:09:26.096807+00:00,200,2908.323,
2026-09-20T22:09:25.901472+00:00,200,3122.326,
2026-09-20T22:09:26.115196+00:00,200,2911.171,
2026-09-20T22:09:26.086192+00:00,200,2942.086,
2026-09-20T22:09:26.138753+00:00,200,2891.571,
2026-09-20T22:09:25.826772+00:00,200,3208.75,
2026-09-20T22:09:25.821027+00:00,200,3219.988,
2026-09-20T22:09:25.968557+00:00,200,3077.089,
2026-09-20T22:09:25.855451+00:00,200,3199.794,
2026-09-20T22:09:26.033060+00:00,200,3029.514,
2026-09-20T22:09:26.156044+00:00,200,2917.2,
2026-09-20T22:09:25.934802+00:00,200,3140.559,
2026-09-20T22:09:26.129113+00:00,200,2952.505,
2026-09-20T22:09:25.874686+00:00,200,3212.763,
2026-09-20T22:09:26.211360+00:00,200,2877.846,
2026-09-20T22:09:26.082549+00:00,200,3012.071,
2026-09-20T22:09:26.238588+00:00,200,2857.73,
2026-09-20T22:09:26.073383+00:00,200,3026.37,
2026-09-20T22:09:26.230598+00:00,200,2892.589,
2026-09-20T22:09:26.003074+00:00,200,3131.432,
2026-09-20T22:09:26.091500+00:00,200,3044.885,
2026-09-20T22:09:25.894783+00:00,200,3244.988,
2026-09-20T22:09:26.036377+00:00,200,3117.673,
2026-09-20T22:09:25.900057+00:00,200,3256.178,
2026-09-20T22:09:26.263327+00:00,200,2901.464,
2026-09-20T22:09:25.919235+00:00,200,3253.411,
2026-09-20T22:09:25.917362+00:00,200,3258.774,
2026-09-20T22:09:26.068737+00:00,200,3112.767,
2026-09-20T22:09:25.960593+00:00,200,3223.075,
2026-09-20T22:09:26.201678+00:00,200,2995.55,
2026-09-20T22:09:25.928653+00:00,200,3271.429,
2026-09-20T22:09:26.235205+00:00,200,2976.529,
2026-09-20T22:09:25.993629+00:00,200,3231.599,
2026-09-20T22:09:26.101991+00:00,200,3139.607,
2026-09-20T22:09:26.297216+00:00,200,2949.873,
2026-09-20T22:09:25.956787+00:00,200,3293.095,
2026-09-20T22:09:26.148162+00:00,200,3103.968,
2026-09-20T22:09:26.277033+00:00,200,2982.553,
2026-09-20T22:09:26.233925+00:00,200,3039.033,
2026-09-20T22:09:26.213807+00:00,200,3065.717,
2026-09-20T22:09:26.383280+00:00,200,2898.472,
2026-09-20T22:09:26.274866+00:00,200,3010.019,
2026-09-20T22:09:26.002068+00:00,200,3288.203,
2026-09-20T22:09:26.248243+00:00,200,3046.972,
2026-09-20T22:09:26.035216+00:00,200,3265.443,
2026-09-20T22:09:26.424310+00:00,200,2878.377,
2026-09-20T22:09:26.255665+00:00,200,3050.7,
2026-09-20T22:09:26.266754+00:00,200,3041.957,
2026-09-20T22:09:26.281952+00:00,200,3028.731,
2026-09-20T22:09:26.045896+00:00,200,3273.864,
2026-09-20T22:09:26.341616+00:00,200,2980.055,
2026-09-20T22:09:26.286693+00:00,200,3044.36,
2026-09-20T22:09:26.093692+00:00,200,3252.054,
2026-09-20T22:09:26.309820+00:00,200,3040.959,
2026-09-20T22:09:26.304342+00:00,200,3055.123,
2026-09-20T22:09:26.089633+00:00,200,3271.805,
2026-09-20T22:09:26.070920+00:00,200,3295.253,
2026-09-20T22:09:26.430992+00:00,200,2953.599,
2026-09-20T22:09:26.457971+00:00,200,2935.165,
2026-09-20T22:09:26.349513+00:00,200,3068.548,
2026-09-20T22:09:26.453231+00:00,200,2971.602,
2026-09-20T22:09:26.468845+00:00,200,2958.262,
2026-09-20T22:09:26.080499+00:00,200,3349.492,
2026-09-20T22:09:26.116832+00:00,200,3317.179,
2026-09-20T22:09:26.157824+00:00,200,3278.524,
2026-09-20T22:09:26.316308+00:00,200,3123.376,
2026-09-20T22:09:26.493410+00:00,200,2948.533,
2026-09-20T22:09:26.487498+00:00,200,2973.189,
2026-09-20T22:09:26.135473+00:00,200,3327.418,
2026-09-20T22:09:26.336181+00:00,200,3135.931,
2026-09-20T22:09:26.435353+00:00,200,3038.697,
2026-09-20T22:09:26.120670+00:00,200,3357.423,
2026-09-20T22:09:26.410300+00:00,200,3069.853,
2026-09-20T22:09:26.375320+00:00,200,3107.792,
2026-09-20T22:09:26.449893+00:00,200,3034.943,
2026-09-20T22:09:26.199135+00:00,200,3291.452,
2026-09-20T22:09:26.462124+00:00,200,3032.62,
2026-09-20T22:09:26.442713+00:00,200,3058.46,
2026-09-20T22:09:26.402677+00:00,200,3109.921,
2026-09-20T22:09:26.471569+00:00,200,3051.9,
2026-09-20T22:09:26.222367+00:00,200,3311.102,
2026-09-20T22:09:26.169235+00:00,200,3367.837,
2026-09-20T22:09:26.569173+00:00,200,2972.563,
2026-09-20T22:09:26.476929+00:00,200,3071.518,
2026-09-20T22:09:26.245976+00:00,200,3317.072,
2026-09-20T22:09:26.257566+00:00,200,3336.46,
2026-09-20T22:09:26.502616+00:00,200,3103.884,
2026-09-20T22:09:26.537553+00:00,200,3071.778,
2026-09-20T22:09:26.612636+00:00,200,2999.522,
2026-09-20T22:09:26.491266+00:00,200,3123.271,
2026-09-20T22:09:26.288896+00:00,200,3332.48,
2026-09-20T22:09:26.535937+00:00,200,3087.854,
2026-09-20T22:09:26.481350+00:00,200,3144.852,
2026-09-20T22:09:26.667494+00:00,200,2966.491,
2026-09-20T22:09:26.261040+00:00,200,3382.117,
2026-09-20T22:09:26.684850+00:00,200,2960.719,
2026-09-20T22:09:26.561479+00:00,200,3089.338,
2026-09-20T22:09:26.610346+00:00,200,3047.193,
2026-09-20T22:09:26.648262+00:00,200,3011.406,
2026-09-20T22:09:26.593238+00:00,200,3070.428,
2026-09-20T22:09:26.652435+00:00,200,3013.47,
2026-09-20T22:09:26.306668+00:00,200,3363.144,
2026-09-20T22:09:26.338375+00:00,200,3337.839,
2026-09-20T22:09:26.271767+00:00,200,3406.319,
2026-09-20T22:09:26.470409+00:00,200,3210.95,
2026-09-20T22:09:26.645552+00:00,200,3044.848,
2026-09-20T22:09:26.268875+00:00,200,3423.285,
2026-09-20T22:09:26.335375+00:00,200,3359.159,
2026-09-20T22:09:26.381482+00:00,200,3314.721,
2026-09-20T22:09:26.581643+00:00,200,3133.862,
2026-09-20T22:09:26.570401+00:00,200,3147.123,
2026-09-20T22:09:26.681069+00:00,200,3039.79,
2026-09-20T22:09:26.660421+00:00,200,3062.347,
2026-09-20T22:09:26.696180+00:00,200,3029.81,
2026-09-20T22:09:26.418283+00:00,200,3320.574,
2026-09-20T22:09:26.669643+00:00,200,3116.041,
2026-09-20T22:09:26.670934+00:00,200,3126.783,
2026-09-20T22:09:26.701931+00:00,200,3106.407,
2026-09-20T22:09:26.745575+00:00,200,3065.402,
2026-09-20T22:09:26.827328+00:00,200,2986.028,
2026-09-20T22:09:26.602274+00:00,200,3214.824,
2026-09-20T22:09:26.369324+00:00,200,3451.468,
2026-09-20T22:09:26.456173+00:00,200,3366.836,
2026-09-20T22:09:26.691285+00:00,200,3138.759,
2026-09-20T22:09:26.833173+00:00,200,3012.987,
2026-09-20T22:09:26.699601+00:00,200,3152.531,
2026-09-20T22:09:26.636087+00:00,200,3218.436,
2026-09-20T22:09:26.849744+00:00,200,3007.348,
2026-09-20T22:09:26.465660+00:00,200,3393.881,
2026-09-20T22:09:26.766468+00:00,200,3095.049,
2026-09-20T22:09:26.474941+00:00,200,3390.974,
2026-09-20T22:09:26.693071+00:00,200,3174.918,
2026-09-20T22:09:26.478483+00:00,200,3398.063,
2026-09-20T22:09:26.847764+00:00,200,3034.144,
2026-09-20T22:09:26.563765+00:00,200,3320.084,
2026-09-20T22:09:26.743628+00:00,200,3142.699,
2026-09-20T22:09:26.459971+00:00,200,3435.057,
2026-09-20T22:09:26.522829+00:00,200,3374.247,
2026-09-20T22:09:26.736128+00:00,200,3164.833,
2026-09-20T22:09:26.489633+00:00,200,3413.544,
2026-09-20T22:09:26.861796+00:00,200,3053.238,
2026-09-20T22:09:26.773287+00:00,200,3144.975,
2026-09-20T22:09:26.579692+00:00,200,3351.868,
2026-09-20T22:09:26.829536+00:00,200,3141.141,
2026-09-20T22:09:26.882174+00:00,200,3106.624,
2026-09-20T22:09:26.863637+00:00,200,3128.954,
2026-09-20T22:09:26.853221+00:00,200,3143.235,
2026-09-20T22:09:26.840850+00:00,200,3160.693,
2026-09-20T22:09:26.643151+00:00,200,3360.707,
2026-09-20T22:09:26.887085+00:00,200,3121.821,
2026-09-20T22:09:26.871963+00:00,200,3151.789,
2026-09-20T22:09:26.928083+00:00,200,3098.522,
2026-09-20T22:09:26.802632+00:00,200,3226.143,
2026-09-20T22:09:26.676664+00:00,200,3359.092,
2026-09-20T22:09:26.656370+00:00,200,3384.269,
2026-09-20T22:09:26.835142+00:00,200,3208.122,
2026-09-20T22:09:26.902532+00:00,200,3143.085,
2026-09-20T22:09:26.665794+00:00,200,3385.128,
2026-09-20T22:09:26.935376+00:00,200,3119.246,
2026-09-20T22:09:26.890928+00:00,200,3166.354,
2026-09-20T22:09:26.994790+00:00,200,3064.771,
2026-09-20T22:09:26.604023+00:00,200,3459.592,
2026-09-20T22:09:26.679562+00:00,200,3387.632,
2026-09-20T22:09:26.945314+00:00,200,3135.571,
2026-09-20T22:09:26.865692+00:00,200,3216.757,
2026-09-20T22:09:26.992334+00:00,200,3095.28,
2026-09-20T22:09:26.710636+00:00,200,3381.286,
2026-09-20T22:09:26.738621+00:00,200,3360.822,
2026-09-20T22:09:26.688361+00:00,200,3412.721,
2026-09-20T22:09:26.905204+00:00,200,3202.505,
2026-09-20T22:09:26.694832+00:00,200,3414.489,
2026-09-20T22:09:27.043024+00:00,200,3068.334,
2026-09-20T22:09:27.049386+00:00,200,3092.146,
2026-09-20T22:09:27.021561+00:00,200,3132.97,
2026-09-20T22:09:27.026053+00:00,200,3161.204,
2026-09-20T22:09:27.085633+00:00,200,3104.102,
2026-09-20T22:09:27.053570+00:00,200,3139.938,
2026-09-20T22:09:27.067113+00:00,200,3131.104,
2026-09-20T22:09:26.969521+00:00,200,3231.558,
2026-09-20T22:09:27.097035+00:00,200,3130.914,
2026-09-20T22:09:27.051746+00:00,200,3179.534,
2026-09-20T22:09:26.804827+00:00,200,3432.596,
2026-09-20T22:09:27.033065+00:00,200,3209.76,
2026-09-20T22:09:27.157453+00:00,200,3088.22,
2026-09-20T22:09:26.801320+00:00,200,3446.545,
2026-09-20T22:09:27.198647+00:00,200,3051.981,
2026-09-20T22:09:27.162915+00:00,200,3091.756,
2026-09-20T22:09:26.837146+00:00,200,3421.679,
2026-09-20T22:09:26.768570+00:00,200,3492.439,
2026-09-20T22:09:27.068957+00:00,200,3194.98,
2026-09-20T22:09:26.895511+00:00,200,3371.025,
2026-09-20T22:09:27.205671+00:00,200,3066.724,
2026-09-20T22:09:27.112810+00:00,200,3162.012,
2026-09-20T22:09:27.111079+00:00,200,3169.401,
2026-09-20T22:09:26.754019+00:00,200,3533.735,
2026-09-20T22:09:26.859197+00:00,200,3434.311,
2026-09-20T22:09:27.114983+00:00,200,3189.17,
2026-09-20T22:09:26.874891+00:00,200,3431.672,
2026-09-20T22:09:27.078867+00:00,200,3230.346,
2026-09-20T22:09:26.869229+00:00,200,3444.593,
2026-09-20T22:09:26.901527+00:00,200,3422.827,
2026-09-20T22:09:27.036892+00:00,200,3291.977,
2026-09-20T22:09:27.223960+00:00,200,3137.866,
2026-09-20T22:09:27.233565+00:00,200,3139.449,
2026-09-20T22:09:27.071425+00:00,200,3309.871,
2026-09-20T22:09:27.168358+00:00,200,3219.803,
2026-09-20T22:09:27.203809+00:00,200,3209.196,
2026-09-20T22:09:27.102381+00:00,200,3312.37,
2026-09-20T22:09:27.246271+00:00,200,3170.53,
2026-09-20T22:09:27.221733+00:00,200,3197.175,
2026-09-20T22:09:27.374830+00:00,200,3045.912,
2026-09-20T22:09:27.257751+00:00,200,3165.881,
2026-09-20T22:09:26.932566+00:00,200,3494.285,
2026-09-20T22:09:26.907431+00:00,200,3520.998,
2026-09-20T22:09:27.322170+00:00,200,3109.088,
2026-09-20T22:09:27.035578+00:00,200,3397.744,
2026-09-20T22:09:27.334559+00:00,200,3100.286,
2026-09-20T22:09:27.280367+00:00,200,3156.367,
2026-09-20T22:09:27.202062+00:00,200,3238.091,
2026-09-20T22:09:27.045427+00:00,200,3396.686,
2026-09-20T22:09:27.057253+00:00,200,3386.896,
2026-09-20T22:09:26.979050+00:00,200,3466.649,
2026-09-20T22:09:27.357328+00:00,200,3097.421,
2026-09-20T22:09:27.169764+00:00,200,3290.207,
2026-09-20T22:09:27.240988+00:00,200,3220.749,
2026-09-20T22:09:27.009722+00:00,200,3478.792,
2026-09-20T22:09:27.072779+00:00,200,3417.672,
2026-09-20T22:09:27.296673+00:00,200,3195.909,
2026-09-20T22:09:27.252824+00:00,200,3261.928,
2026-09-20T22:09:27.063211+00:00,200,3453.641,
2026-09-20T22:09:27.259612+00:00,200,3271.281,
2026-09-20T22:09:26.975750+00:00,200,3557.287,
2026-09-20T22:09:27.398409+00:00,200,3136.957,
2026-09-20T22:09:27.400992+00:00,200,3165.851,
2026-09-20T22:09:27.312045+00:00,200,3266.377,
2026-09-20T22:09:27.441917+00:00,200,3140.461,
2026-09-20T22:09:27.368941+00:00,200,3223.905,
2026-09-20T22:09:27.332198+00:00,200,3263.037,
2026-09-20T22:09:27.451250+00:00,200,3150.924,
2026-09-20T22:09:27.372514+00:00,200,3232.414,
2026-09-20T22:09:27.383187+00:00,200,3224.181,
2026-09-20T22:09:27.347442+00:00,200,3267.075,
2026-09-20T22:09:27.414703+00:00,200,3202.102,
2026-09-20T22:09:27.173401+00:00,200,3448.63,
2026-09-20T22:09:27.002568+00:00,200,3623.091,
2026-09-20T22:09:27.531081+00:00,200,3104.217,
2026-09-20T22:09:27.471035+00:00,200,3166.322,
2026-09-20T22:09:27.527542+00:00,200,3111.535,
2026-09-20T22:09:27.406148+00:00,200,3240.554,
2026-09-20T22:09:27.435681+00:00,200,3218.244,
2026-09-20T22:09:27.093040+00:00,200,3562.539,
2026-09-20T22:09:27.164954+00:00,200,3492.678,
2026-09-20T22:09:27.136284+00:00,200,3523.521,
2026-09-20T22:09:27.411058+00:00,200,3250.55,
2026-09-20T22:09:27.207851+00:00,200,3462.226,
2026-09-20T22:09:27.124377+00:00,200,3547.285,
2026-09-20T22:09:27.144555+00:00,200,3537.241,
2026-09-20T22:09:27.335906+00:00,200,3347.703,
2026-09-20T22:09:27.466086+00:00,200,3226.369,
2026-09-20T22:09:27.237276+00:00,200,3485.762,
2026-09-20T22:09:27.242885+00:00,200,3486.833,
2026-09-20T22:09:27.436897+00:00,200,3325.127,
2026-09-20T22:09:27.472898+00:00,200,3292.603,
2026-09-20T22:09:27.600735+00:00,200,3168.885,
2026-09-20T22:09:27.564866+00:00,200,3206.951,
2026-09-20T22:09:27.495504+00:00,200,3285.262,
2026-09-20T22:09:27.560200+00:00,200,3222.56,
2026-09-20T22:09:27.598773+00:00,200,3186.593,
2026-09-20T22:09:27.532994+00:00,200,3256.026,
2026-09-20T22:09:27.549394+00:00,200,3241.918,
2026-09-20T22:09:27.571558+00:00,200,3234.756,
2026-09-20T22:09:27.278272+00:00,200,3530.325,
2026-09-20T22:09:27.262869+00:00,200,3548.018,
2026-09-20T22:09:27.603963+00:00,200,3216.479,
2026-09-20T22:09:27.609926+00:00,200,3212.427,
2026-09-20T22:09:27.583753+00:00,200,3242.028,
2026-09-20T22:09:27.602091+00:00,200,3225.976,
2026-09-20T22:09:27.307693+00:00,200,3526.741,
2026-09-20T22:09:27.634819+00:00,200,3205.286,
2026-09-20T22:09:27.269188+00:00,200,3572.961,
2026-09-20T22:09:27.630766+00:00,200,3214.61,
2026-09-20T22:09:27.365133+00:00,200,3483.583,
2026-09-20T22:09:27.656860+00:00,200,3193.577,
2026-09-20T22:09:27.608348+00:00,200,3258.113,
2026-09-20T22:09:27.235311+00:00,200,3632.969,
2026-09-20T22:09:27.390753+00:00,200,3489.6,
2026-09-20T22:09:27.502720+00:00,200,3385.973,
2026-09-20T22:09:27.302500+00:00,200,3588.716,
2026-09-20T22:09:27.614471+00:00,200,3284.092,
2026-09-20T22:09:27.407663+00:00,200,3518.351,
2026-09-20T22:09:27.403474+00:00,200,3529.423,
2026-09-20T22:09:27.679527+00:00,200,3269.093,
2026-09-20T22:09:27.687427+00:00,200,3263.704,
2026-09-20T22:09:27.726751+00:00,200,3227.772,
2026-09-20T22:09:27.653430+00:00,200,3312.954,
2026-09-20T22:09:27.674956+00:00,200,3295.244,
2026-09-20T22:09:27.707836+00:00,200,3266.161,
2026-09-20T22:09:27.635903+00:00,200,3341.792,
2026-09-20T22:09:27.827186+00:00,200,3171.481,
2026-09-20T22:09:27.769418+00:00,200,3231.682,
2026-09-20T22:09:27.669819+00:00,200,3336.691,
2026-09-20T22:09:27.457238+00:00,200,3552.847,
2026-09-20T22:09:27.757585+00:00,200,3256.355,
2026-09-20T22:09:27.748721+00:00,200,3267.622,
2026-09-20T22:09:27.478376+00:00,200,3540.601,
2026-09-20T22:09:27.715489+00:00,200,3305.92,
2026-09-20T22:09:27.770829+00:00,200,3254.153,
2026-09-20T22:09:27.430891+00:00,200,3596.582,
2026-09-20T22:09:27.804085+00:00,200,3228.206,
2026-09-20T22:09:27.878688+00:00,200,3160.356,
2026-09-20T22:09:27.529315+00:00,200,3512.078,
2026-09-20T22:09:27.703158+00:00,200,3339.997,
2026-09-20T22:09:27.482862+00:00,200,3566.833,
2026-09-20T22:09:27.750920+00:00,200,3309.604,
2026-09-20T22:09:27.831685+00:00,200,3235.178,
2026-09-20T22:09:27.484944+00:00,200,3588.551,
2026-09-20T22:09:27.468890+00:00,200,3624.777,
2026-09-20T22:09:27.546392+00:00,200,3569.547,
2026-09-20T22:09:27.573407+00:00,200,3544.991,
2026-09-20T22:09:27.776642+00:00,200,3346.018,
2026-09-20T22:09:27.944984+00:00,200,3187.165,
2026-09-20T22:09:27.884771+00:00,200,3262.307,
2026-09-20T22:09:27.829597+00:00,200,3323.526,
2026-09-20T22:09:27.575607+00:00,200,3583.994,
2026-09-20T22:09:27.735476+00:00,200,3432.018,
2026-09-20T22:09:27.790623+00:00,200,3383.256,
2026-09-20T22:09:27.841789+00:00,200,3335.04,
2026-09-20T22:09:27.802441+00:00,200,3376.929,
2026-09-20T22:09:28.004699+00:00,200,3177.592,
2026-09-20T22:09:27.933792+00:00,200,3255.722,
2026-09-20T22:09:27.923281+00:00,200,3270.836,
2026-09-20T22:09:27.919361+00:00,200,3286.524,
2026-09-20T22:09:27.953865+00:00,200,3254.573,
2026-09-20T22:09:27.965482+00:00,200,3251.893,
2026-09-20T22:09:28.015391+00:00,200,3204.68,
2026-09-20T22:09:27.947032+00:00,200,3275.099,
2026-09-20T22:09:27.882622+00:00,200,3342.075,
2026-09-20T22:09:28.039423+00:00,200,3187.758,
2026-09-20T22:09:27.967734+00:00,200,3261.398,
2026-09-20T22:09:27.569124+00:00,200,3663.473,
2026-09-20T22:09:27.677323+00:00,200,3560.223,
2026-09-20T22:09:27.617906+00:00,200,3625.581,
2026-09-20T22:09:27.930175+00:00,200,3315.534,
2026-09-20T22:09:27.535414+00:00,200,3712.396,
2026-09-20T22:09:27.681959+00:00,200,3581.238,
2026-09-20T22:09:27.605902+00:00,200,3673.812,
2026-09-20T22:09:27.705190+00:00,200,3576.726,
2026-09-20T22:09:27.712247+00:00,200,3613.505,
2026-09-20T22:09:27.754324+00:00,200,3580.95,
2026-09-20T22:09:27.948300+00:00,200,3389.693,
2026-09-20T22:09:27.968910+00:00,200,3374.768,
2026-09-20T22:09:27.734122+00:00,200,3613.399,
2026-09-20T22:09:28.049020+00:00,200,3311.478,
2026-09-20T22:09:28.002274+00:00,200,3360.648,
2026-09-20T22:09:27.982128+00:00,200,3385.25,
2026-09-20T22:09:28.041289+00:00,200,3328.632,
2026-09-20T22:09:27.959282+00:00,200,3413.345,
2026-09-20T22:09:28.094780+00:00,200,3284.219,
2026-09-20T22:09:28.000823+00:00,200,3384.385,
2026-09-20T22:09:28.089149+00:00,200,3314.95,
2026-09-20T22:09:28.054269+00:00,200,3351.902,
2026-09-20T22:09:27.914153+00:00,200,3494.836,
2026-09-20T22:09:28.186017+00:00,200,3225.529,
2026-09-20T22:09:28.074981+00:00,200,3342.657,
2026-09-20T22:09:28.068460+00:00,200,3351.882,
2026-09-20T22:09:27.759819+00:00,200,3665.2,
2026-09-20T22:09:27.807566+00:00,200,3620.266,
2026-09-20T22:09:27.801061+00:00,200,3632.67,
2026-09-20T22:09:28.112889+00:00,200,3325.22,
2026-09-20T22:09:28.102284+00:00,200,3340.25,
2026-09-20T22:09:28.128385+00:00,200,3320.075,
2026-09-20T22:09:28.141658+00:00,200,3315.636,
2026-09-20T22:09:27.792500+00:00,200,3672.479,
2026-09-20T22:09:28.096569+00:00,200,3375.776,
2026-09-20T22:09:27.838504+00:00,200,3651.784,
2026-09-20T22:09:27.857408+00:00,200,3638.678,
2026-09-20T22:09:27.876673+00:00,200,3632.144,
2026-09-20T22:09:28.157639+00:00,200,3383.127,
2026-09-20T22:09:27.898277+00:00,200,3644.387,
2026-09-20T22:09:28.069672+00:00,200,3475.489,
2026-09-20T22:09:28.217608+00:00,200,3329.135,
2026-09-20T22:09:28.099763+00:00,200,3448.948,
2026-09-20T22:09:28.205736+00:00,200,3344.719,
2026-09-20T22:09:28.169406+00:00,200,3388.982,
2026-09-20T22:09:28.273360+00:00,200,3290.271,
2026-09-20T22:09:27.939773+00:00,200,3625.387,
2026-09-20T22:09:28.253287+00:00,200,3313.806,
2026-09-20T22:09:28.262257+00:00,200,3309.867,
2026-09-20T22:09:27.894750+00:00,200,3680.797,
2026-09-20T22:09:28.193509+00:00,200,3383.821,
2026-09-20T22:09:28.147180+00:00,200,3432.281,
2026-09-20T22:09:28.136234+00:00,200,3444.823,
2026-09-20T22:09:27.836533+00:00,200,3761.243,
2026-09-20T22:09:27.961255+00:00,200,3638.13,
2026-09-20T22:09:28.241940+00:00,200,3361.41,
2026-09-20T22:09:28.279071+00:00,200,3329.545,
2026-09-20T22:09:28.201069+00:00,200,3409.754,
2026-09-20T22:09:28.300272+00:00,200,3317.605,
2026-09-20T22:09:27.869882+00:00,200,3749.985,
2026-09-20T22:09:28.307023+00:00,200,3314.442,
2026-09-20T22:09:28.271431+00:00,200,3358.153,
2026-09-20T22:09:27.973103+00:00,200,3661.794,
2026-09-20T22:09:28.268242+00:00,200,3385.883,
2026-09-20T22:09:28.236590+00:00,200,3419.382,
2026-09-20T22:09:28.009533+00:00,200,3659.721,
2026-09-20T22:09:28.046996+00:00,200,3627.93,
2026-09-20T22:09:27.941525+00:00,200,3747.471,
2026-09-20T22:09:28.280952+00:00,200,3452.138,
2026-09-20T22:09:28.402669+00:00,200,3339.029,
2026-09-20T22:09:28.051022+00:00,200,3693.516,
2026-09-20T22:09:28.391258+00:00,200,3356.068,
2026-09-20T22:09:28.209462+00:00,200,3544.305,
2026-09-20T22:09:28.336726+00:00,200,3419.313,
2026-09-20T22:09:28.379070+00:00,200,3381.17,
2026-09-20T22:09:28.080169+00:00,200,3682.495,
2026-09-20T22:09:28.313652+00:00,200,3451.92,
2026-09-20T22:09:28.349092+00:00,200,3418.909,
2026-09-20T22:09:28.036426+00:00,200,3733.561,
2026-09-20T22:09:28.412127+00:00,200,3363.408,
2026-09-20T22:09:28.431994+00:00,200,3345.711,
2026-09-20T22:09:28.304357+00:00,200,3475.574,
2026-09-20T22:09:28.081984+00:00,200,3700.086,
2026-09-20T22:09:28.368785+00:00,200,3430.304,
2026-09-20T22:09:28.416806+00:00,200,3384.415,
2026-09-20T22:09:28.446059+00:00,200,3357.276,
2026-09-20T22:09:28.126371+00:00,200,3680.185,
2026-09-20T22:09:28.418683+00:00,200,3398.175,
2026-09-20T22:09:28.476161+00:00,200,3346.68,
2026-09-20T22:09:28.463106+00:00,200,3372.421,
2026-09-20T22:09:28.490002+00:00,200,3349.025,
2026-09-20T22:09:28.405242+00:00,200,3441.375,
2026-09-20T22:09:28.168123+00:00,200,3680.43,
2026-09-20T22:09:28.138536+00:00,200,3714.29,
2026-09-20T22:09:28.203766+00:00,200,3662.315,
2026-09-20T22:09:28.207980+00:00,200,3674.741,
2026-09-20T22:09:28.438411+00:00,200,3446.87,
2026-09-20T22:09:28.173874+00:00,200,3713.527,
2026-09-20T22:09:28.521078+00:00,200,3411.794,
2026-09-20T22:09:28.238519+00:00,200,3697.78,
2026-09-20T22:09:28.442110+00:00,200,3498.73,
2026-09-20T22:09:28.486022+00:00,200,3457.209,
2026-09-20T22:09:28.227284+00:00,200,3721.014,
2026-09-20T22:09:28.251453+00:00,200,3698.992,
2026-09-20T22:09:28.503483+00:00,200,3450.911,
2026-09-20T22:09:28.465718+00:00,200,3492.369,
2026-09-20T22:09:28.560603+00:00,200,3403.928,
2026-09-20T22:09:28.481013+00:00,200,3485.5,
2026-09-20T22:09:28.436050+00:00,200,3543.412,
2026-09-20T22:09:28.469339+00:00,200,3512.105,
2026-09-20T22:09:28.270069+00:00,200,3715.098,
2026-09-20T22:09:28.610489+00:00,200,3376.846,
2026-09-20T22:09:28.551476+00:00,200,3439.444,
2026-09-20T22:09:28.558394+00:00,200,3436.206,
2026-09-20T22:09:28.628950+00:00,200,3368.282,
2026-09-20T22:09:28.573606+00:00,200,3427.459,
2026-09-20T22:09:28.626524+00:00,200,3376.52,
2026-09-20T22:09:28.277250+00:00,200,3728.784,
2026-09-20T22:09:28.536850+00:00,200,3487.985,
2026-09-20T22:09:28.637785+00:00,200,3389.154,
2026-09-20T22:09:28.282961+00:00,200,3746.055,
2026-09-20T22:09:28.302195+00:00,200,3733.019,
2026-09-20T22:09:28.650039+00:00,200,3389.077,
2026-09-20T22:09:28.663219+00:00,200,3382.156,
2026-09-20T22:09:28.319951+00:00,200,3739.416,
2026-09-20T22:09:28.370754+00:00,200,3690.731,
2026-09-20T22:09:28.598162+00:00,200,3470.116,
2026-09-20T22:09:28.339818+00:00,200,3757.553,
2026-09-20T22:09:28.634329+00:00,200,3465.267,
2026-09-20T22:09:28.422215+00:00,200,3687.779,
2026-09-20T22:09:28.612485+00:00,200,3512.647,
2026-09-20T22:09:28.684082+00:00,200,3456.479,
2026-09-20T22:09:28.630836+00:00,200,3512.723,
2026-09-20T22:09:28.661281+00:00,200,3489.472,
2026-09-20T22:09:28.648307+00:00,200,3504.824,
2026-09-20T22:09:28.730589+00:00,200,3425.604,
2026-09-20T22:09:28.723080+00:00,200,3435.351,
2026-09-20T22:09:28.740786+00:00,200,3420.458,
2026-09-20T22:09:28.410265+00:00,200,3753.127,
2026-09-20T22:09:28.406678+00:00,200,3760.443,
2026-09-20T22:09:28.689888+00:00,200,3479.698,
2026-09-20T22:09:28.750649+00:00,200,3422.44,
2026-09-20T22:09:28.707684+00:00,200,3468.82,
2026-09-20T22:09:28.735744+00:00,200,3444.136,
2026-09-20T22:09:28.725715+00:00,200,3466.046,
2026-09-20T22:09:28.372256+00:00,200,3825.697,
2026-09-20T22:09:28.791471+00:00,200,3424.775,
2026-09-20T22:09:28.820510+00:00,200,3398.201,
2026-09-20T22:09:28.804664+00:00,200,3425.15,
2026-09-20T22:09:28.428159+00:00,200,3803.818,
2026-09-20T22:09:28.478976+00:00,200,3767.697,
2026-09-20T22:09:28.516599+00:00,200,3732.355,
2026-09-20T22:09:28.474015+00:00,200,3786.255,
2026-09-20T22:09:28.836054+00:00,200,3426.363,
2026-09-20T22:09:28.808742+00:00,200,3461.364,
2026-09-20T22:09:28.784755+00:00,200,3487.703,
2026-09-20T22:09:28.488320+00:00,200,3790.817,
2026-09-20T22:09:28.553861+00:00,200,3735.473,
2026-09-20T22:09:28.703537+00:00,200,3606.884,
2026-09-20T22:09:28.737994+00:00,200,3574.762,
2026-09-20T22:09:28.858180+00:00,200,3463.191,
2026-09-20T22:09:28.600161+00:00,200,3729.407,
2026-09-20T22:09:28.519190+00:00,200,3812.693,
2026-09-20T22:09:28.861255+00:00,200,3478.827,
2026-09-20T22:09:28.856248+00:00,200,3486.482,
2026-09-20T22:09:28.834165+00:00,200,3510.951,
2026-09-20T22:09:28.810984+00:00,200,3538.194,
2026-09-20T22:09:28.569087+00:00,200,3792.141,
2026-09-20T22:09:28.854056+00:00,200,3509.563,
2026-09-20T22:09:28.802759+00:00,200,3571.687,
2026-09-20T22:09:28.892801+00:00,200,3492.903,
2026-09-20T22:09:28.908031+00:00,200,3480.131,
2026-09-20T22:09:28.620190+00:00,200,3770.595,
2026-09-20T22:09:28.894783+00:00,200,3498.137,
2026-09-20T22:09:28.972595+00:00,200,3425.761,
2026-09-20T22:09:28.905074+00:00,200,3502.377,
2026-09-20T22:09:28.942476+00:00,200,3478.151,
2026-09-20T22:09:28.903374+00:00,200,3519.642,
2026-09-20T22:09:28.618180+00:00,200,3807.23,
2026-09-20T22:09:28.623907+00:00,200,3803.893,
2026-09-20T22:09:28.987562+00:00,200,3442.63,
2026-09-20T22:09:28.911398+00:00,200,3529.958,
2026-09-20T22:09:28.935834+00:00,200,3511.62,
2026-09-20T22:09:28.570334+00:00,200,3885.437,
2026-09-20T22:09:28.659287+00:00,200,3811.36,
2026-09-20T22:09:28.602878+00:00,200,3870.123,
2026-09-20T22:09:28.676309+00:00,200,3799.503,
2026-09-20T22:09:29.001979+00:00,200,3489.718,
2026-09-20T22:09:28.636357+00:00,200,3870.194,
2026-09-20T22:09:28.989446+00:00,200,3526.813,
2026-09-20T22:09:28.966452+00:00,200,3551.977,
2026-09-20T22:09:28.977169+00:00,200,3544.035,
2026-09-20T22:09:28.869428+00:00,200,3653.822,
2026-09-20T22:09:29.028264+00:00,200,3503.946,
2026-09-20T22:09:29.045632+00:00,200,3488.6,
2026-09-20T22:09:28.728457+00:00,200,3809.359,
2026-09-20T22:09:28.669780+00:00,200,3877.113,
2026-09-20T22:09:29.003417+00:00,200,3547.778,
2026-09-20T22:09:29.026353+00:00,200,3527.044,
2026-09-20T22:09:28.970255+00:00,200,3591.186,
2026-09-20T22:09:29.038107+00:00,200,3535.676,
2026-09-20T22:09:29.075347+00:00,200,3503.959,
2026-09-20T22:09:29.087435+00:00,200,3494.185,
2026-09-20T22:09:29.005116+00:00,200,3587.241,
2026-09-20T22:09:29.055231+00:00,200,3539.487,
2026-09-20T22:09:28.766620+00:00,200,3840.438,
2026-09-20T22:09:28.818482+00:00,200,3804.586,
2026-09-20T22:09:29.081604+00:00,200,3546.227,
2026-09-20T22:09:28.799576+00:00,200,3831.022,
2026-09-20T22:09:29.099740+00:00,200,3534.38,
2026-09-20T22:09:28.769396+00:00,200,3870.285,
2026-09-20T22:09:29.134490+00:00,200,3508.751,
2026-09-20T22:09:28.812975+00:00,200,3832.723,
2026-09-20T22:09:29.139756+00:00,200,3508.951,
2026-09-20T22:09:28.842314+00:00,200,3808.483,
2026-09-20T22:09:29.172629+00:00,200,3482.096,
2026-09-20T22:09:28.838933+00:00,200,3846.215,
2026-09-20T22:09:28.863580+00:00,200,3823.825,
2026-09-20T22:09:29.102903+00:00,200,3588.446,
2026-09-20T22:09:29.136370+00:00,200,3557.506,
2026-09-20T22:09:29.096304+00:00,200,3610.615,
2026-09-20T22:09:29.070027+00:00,200,3658.468,
2026-09-20T22:09:29.225214+00:00,200,3505.666,
2026-09-20T22:09:29.176121+00:00,200,3557.678,
2026-09-20T22:09:29.094606+00:00,200,3641.398,
2026-09-20T22:09:29.164776+00:00,200,3576.227,
2026-09-20T22:09:28.866766+00:00,200,3880.159,
2026-09-20T22:09:29.249867+00:00,200,3499.399,
2026-09-20T22:09:29.200065+00:00,200,3556.124,
2026-09-20T22:09:29.183653+00:00,200,3580.655,
2026-09-20T22:09:29.169800+00:00,200,3611.001,
2026-09-20T22:09:28.954525+00:00,200,3832.472,
2026-09-20T22:09:29.252115+00:00,200,3543.17,
2026-09-20T22:09:28.975033+00:00,200,3822.219,
2026-09-20T22:09:28.896924+00:00,200,3902.763,
2026-09-20T22:09:29.272943+00:00,200,3530.418,
2026-09-20T22:09:28.837139+00:00,200,3995.016,
2026-09-20T22:09:28.992835+00:00,200,3841.391,
2026-09-20T22:09:29.211720+00:00,200,3626.813,
2026-09-20T22:09:29.279509+00:00,200,3561.085,
2026-09-20T22:09:29.247074+00:00,200,3604.569,
2026-09-20T22:09:28.937156+00:00,200,3927.224,
2026-09-20T22:09:29.308697+00:00,200,3558.569,
2026-09-20T22:09:28.968955+00:00,200,3901.489,
2026-09-20T22:09:29.306350+00:00,200,3571.671,
2026-09-20T22:09:29.035507+00:00,200,3844.575,
2026-09-20T22:09:29.302674+00:00,200,3580.033,
2026-09-20T22:09:29.270429+00:00,200,3616.117,
2026-09-20T22:09:29.281737+00:00,200,3607.339,
2026-09-20T22:09:29.023783+00:00,200,3869.091,
2026-09-20T22:09:29.321656+00:00,200,3577.023,
2026-09-20T22:09:29.361421+00:00,200,3539.437,
2026-09-20T22:09:29.284870+00:00,200,3617.806,
2026-09-20T22:09:29.345729+00:00,200,3568.179,
2026-09-20T22:09:29.319744+00:00,200,3595.988,
2026-09-20T22:09:29.310668+00:00,200,3607.348,
2026-09-20T22:09:29.300643+00:00,200,3622.211,
2026-09-20T22:09:29.040999+00:00,200,3899.206,
2026-09-20T22:09:29.366157+00:00,200,3584.411,
2026-09-20T22:09:29.304436+00:00,200,3656.297,
2026-09-20T22:09:29.418046+00:00,200,3546.639,
2026-09-20T22:09:29.393122+00:00,200,3573.526,
2026-09-20T22:09:29.073231+00:00,200,3916.905,
2026-09-20T22:09:29.433995+00:00,200,3567.786,
2026-09-20T22:09:29.336592+00:00,200,3667.405,
2026-09-20T22:09:29.062560+00:00,200,3955.805,
2026-09-20T22:09:29.030309+00:00,200,3991.957,
2026-09-20T22:09:29.089192+00:00,200,3935.277,
2026-09-20T22:09:29.123174+00:00,200,3917.692,
2026-09-20T22:09:29.156219+00:00,200,3887.155,
2026-09-20T22:09:29.439668+00:00,200,3608.413,
2026-09-20T22:09:29.441928+00:00,200,3608.935,
2026-09-20T22:09:29.460672+00:00,200,3602.354,
2026-09-20T22:09:29.197214+00:00,200,3868.346,
2026-09-20T22:09:29.429974+00:00,200,3639.88,
2026-09-20T22:09:29.478077+00:00,200,3593.886,
2026-09-20T22:09:29.181490+00:00,200,3897.769,
2026-09-20T22:09:29.494729+00:00,200,3589.92,
2026-09-20T22:09:29.490571+00:00,200,3596.416,
2026-09-20T22:09:29.480139+00:00,200,3609.029,
2026-09-20T22:09:29.437912+00:00,200,3654.789,
2026-09-20T22:09:29.501159+00:00,200,3596.124,
2026-09-20T22:09:29.403812+00:00,200,3695.355,
2026-09-20T22:09:29.512584+00:00,200,3589.905,
2026-09-20T22:09:29.462875+00:00,200,3641.723,
2026-09-20T22:09:29.474036+00:00,200,3633.732,
2026-09-20T22:09:29.154035+00:00,200,3963.356,
2026-09-20T22:09:29.563031+00:00,200,3570.475,
2026-09-20T22:09:29.241584+00:00,200,3919.228,
2026-09-20T22:09:29.137773+00:00,200,4025.294,
2026-09-20T22:09:29.594010+00:00,200,3583.132,
2026-09-20T22:09:29.470340+00:00,200,3714.301,
2026-09-20T22:09:29.259571+00:00,200,3932.331,
2026-09-20T22:09:29.537056+00:00,200,3657.2,
2026-09-20T22:09:29.533453+00:00,200,3664.786,
2026-09-20T22:09:29.290255+00:00,200,3912.335,
2026-09-20T22:09:29.202895+00:00,200,4006.29,
2026-09-20T22:09:29.612143+00:00,200,3608.06,
2026-09-20T22:09:29.295200+00:00,200,3927.225,
2026-09-20T22:09:29.621360+00:00,200,3616.65,
2026-09-20T22:09:29.669794+00:00,200,3572.573,
2026-09-20T22:09:29.331038+00:00,200,3913.788,
2026-09-20T22:09:29.237080+00:00,200,4011.618,
2026-09-20T22:09:29.650803+00:00,200,3600.596,
2026-09-20T22:09:29.502836+00:00,200,3750.873,
2026-09-20T22:09:29.614521+00:00,200,3646.504,
2026-09-20T22:09:29.645554+00:00,200,3617.536,
2026-09-20T22:09:29.350764+00:00,200,3938.431,
2026-09-20T22:09:29.603786+00:00,200,3687.646,
2026-09-20T22:09:29.681342+00:00,200,3618.562,
2026-09-20T22:09:29.384577+00:00,200,3917.673,
2026-09-20T22:09:29.676197+00:00,200,3628.562,
2026-09-20T22:09:29.623776+00:00,200,3683.052,
2026-09-20T22:09:29.359450+00:00,200,3952.899,
2026-09-20T22:09:29.694517+00:00,200,3620.035,
2026-09-20T22:09:29.570180+00:00,200,3746.831,
2026-09-20T22:09:29.633971+00:00,200,3685.74,
2026-09-20T22:09:29.663651+00:00,200,3661.694,
2026-09-20T22:09:29.696187+00:00,200,3641.906,
2026-09-20T22:09:29.690385+00:00,200,3649.4,
2026-09-20T22:09:29.424819+00:00,200,3957.195,
2026-09-20T22:09:29.427092+00:00,200,3956.933,
2026-09-20T22:09:29.671188+00:00,200,3715.202,
2026-09-20T22:09:29.717509+00:00,200,3674.946,
2026-09-20T22:09:29.703466+00:00,200,3690.895,
2026-09-20T22:09:29.472096+00:00,200,3925.681,
2026-09-20T22:09:29.715490+00:00,200,3684.543,
2026-09-20T22:09:29.820775+00:00,200,3588.96,
2026-09-20T22:09:29.369714+00:00,200,4044.814,
2026-09-20T22:09:29.722753+00:00,200,3693.945,
2026-09-20T22:09:29.484821+00:00,200,3934.491,
2026-09-20T22:09:29.797701+00:00,200,3625.171,
2026-09-20T22:09:29.436331+00:00,200,4004.307,
2026-09-20T22:09:29.483097+00:00,200,3961.878,
2026-09-20T22:09:29.770621+00:00,200,3681.922,
2026-09-20T22:09:29.738840+00:00,200,3717.08,
2026-09-20T22:09:29.808323+00:00,200,3651.716,
2026-09-20T22:09:29.737306+00:00,200,3728.198,
2026-09-20T22:09:29.846145+00:00,200,3623.192,
2026-09-20T22:09:29.822992+00:00,200,3648.554,
2026-09-20T22:09:29.881893+00:00,200,3602.475,
2026-09-20T22:09:29.857078+00:00,200,3629.51,
2026-09-20T22:09:29.859525+00:00,200,3639.334,
2026-09-20T22:09:29.523455+00:00,200,3977.72,
2026-09-20T22:09:29.852116+00:00,200,3655.185,
2026-09-20T22:09:29.867973+00:00,200,3651.362,
2026-09-20T22:09:29.541722+00:00,200,3981.187,
2026-09-20T22:09:29.548432+00:00,200,3982.309,
2026-09-20T22:09:29.813342+00:00,200,3721.732,
2026-09-20T22:09:29.865898+00:00,200,3674.347,
2026-09-20T22:09:29.609316+00:00,200,3934.878,
2026-09-20T22:09:29.895012+00:00,200,3681.946,
2026-09-20T22:09:29.836926+00:00,200,3747.176,
2026-09-20T22:09:29.886311+00:00,200,3700.218,
2026-09-20T22:09:29.606486+00:00,200,3991.889,
2026-09-20T22:09:29.538270+00:00,200,4062.751,
2026-09-20T22:09:29.915019+00:00,200,3690.373,
2026-09-20T22:09:29.869661+00:00,200,3739.77,
2026-09-20T22:09:29.659654+00:00,200,3954.682,
2026-09-20T22:09:29.803411+00:00,200,3823.742,
2026-09-20T22:09:29.988782+00:00,200,3644.901,
2026-09-20T22:09:29.992576+00:00,200,3643.42,
2026-09-20T22:09:29.936772+00:00,200,3701.951,
2026-09-20T22:09:29.900945+00:00,200,3742.546,
2026-09-20T22:09:29.918246+00:00,200,3728.551,
2026-09-20T22:09:29.643140+00:00,200,4006.034,
2026-09-20T22:09:29.970662+00:00,200,3682.209,
2026-09-20T22:09:30.023737+00:00,200,3632.83,
2026-09-20T22:09:29.626186+00:00,200,4032.579,
2026-09-20T22:09:30.008890+00:00,200,3653.51,
2026-09-20T22:09:29.657524+00:00,200,4008.24,
2026-09-20T22:09:29.678068+00:00,200,3995.424,
2026-09-20T22:09:29.665891+00:00,200,4033.513,
2026-09-20T22:09:30.001527+00:00,200,3705.761,
2026-09-20T22:09:30.028759+00:00,200,3680.638,
2026-09-20T22:09:30.040622+00:00,200,3673.443,
2026-09-20T22:09:30.050906+00:00,200,3666.104,
2026-09-20T22:09:30.035738+00:00,200,3692.18,
2026-09-20T22:09:29.636331+00:00,200,4094.059,
2026-09-20T22:09:29.725975+00:00,200,4007.89,
2026-09-20T22:09:29.692142+00:00,200,4049.961,
2026-09-20T22:09:30.067176+00:00,200,3686.193,
2026-09-20T22:09:30.072138+00:00,200,3683.556,
2026-09-20T22:09:29.972226+00:00,200,3786.973,
2026-09-20T22:09:29.720844+00:00,200,4069.147,
2026-09-20T22:09:30.087599+00:00,200,3705.411,
2026-09-20T22:09:30.141517+00:00,200,3654.173,
2026-09-20T22:09:29.785668+00:00,200,4016.96,
2026-09-20T22:09:30.107692+00:00,200,3697.76,
2026-09-20T22:09:30.063598+00:00,200,3744.105,
2026-09-20T22:09:30.099426+00:00,200,3713.798,
2026-09-20T22:09:30.045601+00:00,200,3777.217,
2026-09-20T22:09:30.103284+00:00,200,3747.036,
2026-09-20T22:09:30.201063+00:00,200,3652.175,
2026-09-20T22:09:30.005552+00:00,200,3850.09,
2026-09-20T22:09:29.810962+00:00,200,4048.715,
2026-09-20T22:09:29.830028+00:00,200,4035.212,
2026-09-20T22:09:29.854508+00:00,200,4013.265,
2026-09-20T22:09:30.091904+00:00,200,3778.295,
2026-09-20T22:09:29.817082+00:00,200,4059.955,
2026-09-20T22:09:30.111344+00:00,200,3767.634,
2026-09-20T22:09:30.245658+00:00,200,3637.843,
2026-09-20T22:09:29.876529+00:00,200,4009.082,
2026-09-20T22:09:30.187242+00:00,200,3704.662,
2026-09-20T22:09:30.198202+00:00,200,3697.166,
2026-09-20T22:09:30.250614+00:00,200,3650.147,
2026-09-20T22:09:29.861502+00:00,200,4041.359,
2026-09-20T22:09:30.227933+00:00,200,3688.53,
2026-09-20T22:09:29.883833+00:00,200,4036.447,
2026-09-20T22:09:30.037117+00:00,200,3885.273,
2026-09-20T22:09:30.189720+00:00,200,3741.338,
2026-09-20T22:09:30.272380+00:00,200,3668.742,
2026-09-20T22:09:30.293490+00:00,200,3682.325,
2026-09-20T22:09:29.897059+00:00,200,4083.825,
2026-09-20T22:09:30.203180+00:00,200,3784.734,
2026-09-20T22:09:29.903160+00:00,200,4093.514,
2026-09-20T22:09:30.137424+00:00,200,3861.948,
2026-09-20T22:09:30.280464+00:00,200,3727.654,
2026-09-20T22:09:30.361811+00:00,200,3649.018,
2026-09-20T22:09:29.931544+00:00,200,4081.835,
2026-09-20T22:09:30.237407+00:00,200,3804.106,
2026-09-20T22:09:30.388145+00:00,200,3655.868,
2026-09-20T22:09:30.266519+00:00,200,3780.548,
2026-09-20T22:09:30.003842+00:00,200,4051.538,
2026-09-20T22:09:30.274806+00:00,200,3782.865,
2026-09-20T22:09:30.412989+00:00,200,3648.726,
2026-09-20T22:09:29.904349+00:00,200,4161.335,
2026-09-20T22:09:30.170767+00:00,200,3897.367,
2026-09-20T22:09:30.247848+00:00,200,3824.142,
2026-09-20T22:09:30.043249+00:00,200,4031.015,
2026-09-20T22:09:30.420726+00:00,200,3659.488,
2026-09-20T22:09:30.026589+00:00,200,4070.492,
2026-09-20T22:09:30.260991+00:00,200,3841.815,
2026-09-20T22:09:29.996441+00:00,200,4108.82,
2026-09-20T22:09:30.054607+00:00,200,4052.694,
2026-09-20T22:09:30.263921+00:00,200,3859.772,
2026-09-20T22:09:30.328853+00:00,200,3797.322,
2026-09-20T22:09:30.238898+00:00,200,3889.327,
2026-09-20T22:09:30.304137+00:00,200,3827.618,
2026-09-20T22:09:30.434831+00:00,200,3700.448,
2026-09-20T22:09:30.057267+00:00,200,4089.07,
2026-09-20T22:09:30.454735+00:00,200,3693.771,
2026-09-20T22:09:30.313805+00:00,200,3849.872,
2026-09-20T22:09:30.080869+00:00,200,4090.645,
2026-09-20T22:09:30.490433+00:00,200,3685.924,
2026-09-20T22:09:30.444131+00:00,200,3735.418,
2026-09-20T22:09:30.433306+00:00,200,3754.467,
2026-09-20T22:09:30.372999+00:00,200,3817.305,
2026-09-20T22:09:30.101065+00:00,200,4106.387,
2026-09-20T22:09:30.423616+00:00,200,3787.241,
2026-09-20T22:09:30.154516+00:00,200,4058.75,
2026-09-20T22:09:30.492566+00:00,200,3724.655,
2026-09-20T22:09:30.431243+00:00,200,3794.328,
2026-09-20T22:09:30.516835+00:00,200,3716.98,
2026-09-20T22:09:30.082433+00:00,200,4163.394,
2026-09-20T22:09:30.440137+00:00,200,3807.864,
2026-09-20T22:09:30.109302+00:00,200,4145.107,
2026-09-20T22:09:30.414734+00:00,200,3866.402,
2026-09-20T22:09:30.193493+00:00,200,4089.99,
2026-09-20T22:09:30.470763+00:00,200,3815.894,
2026-09-20T22:09:30.530877+00:00,200,3758.005,
2026-09-20T22:09:30.442096+00:00,200,3853.062,
2026-09-20T22:09:30.578406+00:00,200,3718.918,
2026-09-20T22:09:30.242810+00:00,200,4058.867,
2026-09-20T22:09:30.231264+00:00,200,4081.533,
2026-09-20T22:09:30.488496+00:00,200,3835.408,
2026-09-20T22:09:30.459955+00:00,200,3866.271,
2026-09-20T22:09:30.595219+00:00,200,3734.969,
2026-09-20T22:09:30.306546+00:00,200,4028.298,
2026-09-20T22:09:30.059546+00:00,200,4277.47,
2026-09-20T22:09:30.254656+00:00,200,4086.175,
2026-09-20T22:09:30.614501+00:00,200,3745.015,
2026-09-20T22:09:30.602159+00:00,200,3762.25,
2026-09-20T22:09:30.625641+00:00,200,3762.201,
2026-09-20T22:09:30.287736+00:00,200,4103.953,
2026-09-20T22:09:30.461722+00:00,200,3932.832,
2026-09-20T22:09:30.258808+00:00,200,4138.072,
2026-09-20T22:09:30.655561+00:00,200,3751.805,
2026-09-20T22:09:30.535351+00:00,200,3875.035,
2026-09-20T22:09:30.570101+00:00,200,3842.769,
2026-09-20T22:09:30.582364+00:00,200,3834.538,
2026-09-20T22:09:30.637342+00:00,200,3782.097,
2026-09-20T22:09:30.533019+00:00,200,3888.894,
2026-09-20T22:09:30.309196+00:00,200,4116.624,
2026-09-20T22:09:30.324336+00:00,200,4113.958,
2026-09-20T22:09:30.317299+00:00,200,4124.394,
2026-09-20T22:09:30.622014+00:00,200,3824.557,
2026-09-20T22:09:30.607352+00:00,200,3852.204,
2026-09-20T22:09:30.661591+00:00,200,3800.34,
2026-09-20T22:09:30.592830+00:00,200,3873.645,
2026-09-20T22:09:30.536646+00:00,200,3939.866,
2026-09-20T22:09:30.692440+00:00,200,3787.952,
2026-09-20T22:09:30.780750+00:00,200,3717.317,
2026-09-20T22:09:30.344720+00:00,200,4173.369,
2026-09-20T22:09:30.416787+00:00,200,4103.988,
2026-09-20T22:09:30.381280+00:00,200,4142.595,
2026-09-20T22:09:30.653910+00:00,200,3874.511,
2026-09-20T22:09:30.671644+00:00,200,3859.634,
2026-09-20T22:09:30.765487+00:00,200,3769.935,
2026-09-20T22:09:30.785351+00:00,200,3758.005,
2026-09-20T22:09:30.426832+00:00,200,4118.925,
2026-09-20T22:09:30.418892+00:00,200,4134.126,
2026-09-20T22:09:30.659787+00:00,200,3896.741,
2026-09-20T22:09:30.635283+00:00,200,3926.435,
2026-09-20T22:09:30.808580+00:00,200,3755.318,
2026-09-20T22:09:30.428410+00:00,200,4138.105,
2026-09-20T22:09:30.683593+00:00,200,3891.314,
2026-09-20T22:09:30.640237+00:00,200,3944.193,
2026-09-20T22:09:30.822336+00:00,200,3764.663,
2026-09-20T22:09:30.834416+00:00,200,3777.228,
2026-09-20T22:09:30.436718+00:00,200,4189.42,
2026-09-20T22:09:30.670060+00:00,200,3958.708,
2026-09-20T22:09:30.282013+00:00,200,4349.865,
2026-09-20T22:09:30.371582+00:00,200,4265.115,
2026-09-20T22:09:30.762008+00:00,200,3883.5,
2026-09-20T22:09:30.848699+00:00,200,3801.988,
2026-09-20T22:09:30.445682+00:00,200,4210.048,
2026-09-20T22:09:30.868261+00:00,200,3791.364,
2026-09-20T22:09:30.773362+00:00,200,3888.751,
2026-09-20T22:09:30.888682+00:00,200,3785.053,
2026-09-20T22:09:30.806298+00:00,200,3873.164,
2026-09-20T22:09:30.810869+00:00,200,3885.346,
2026-09-20T22:09:30.782745+00:00,200,3924.127,
2026-09-20T22:09:30.870653+00:00,200,3838.276,
2026-09-20T22:09:30.966368+00:00,200,3748.074,
2026-09-20T22:09:30.973981+00:00,200,3744.834,
2026-09-20T22:09:30.932880+00:00,200,3787.926,
2026-09-20T22:09:30.404194+00:00,200,4321.694,
2026-09-20T22:09:30.566827+00:00,200,4161.213,
2026-09-20T22:09:30.514736+00:00,200,4215.116,
2026-09-20T22:09:30.437690+00:00,200,4295.658,
2026-09-20T22:09:30.804336+00:00,200,3931.067,
2026-09-20T22:09:30.840089+00:00,200,3898.893,
2026-09-20T22:09:30.845361+00:00,200,3921.272,
2026-09-20T22:09:30.850421+00:00,200,3918.069,
2026-09-20T22:09:30.609027+00:00,200,4162.706,
2026-09-20T22:09:30.504229+00:00,200,4281.429,
2026-09-20T22:09:30.998651+00:00,200,3792.514,
2026-09-20T22:09:30.820426+00:00,200,3973.776,
2026-09-20T22:09:30.937005+00:00,200,3863.231,
2026-09-20T22:09:30.604912+00:00,200,4197.278,
2026-09-20T22:09:31.021392+00:00,200,3797.854,
2026-09-20T22:09:30.880335+00:00,200,3945.69,
2026-09-20T22:09:31.041377+00:00,200,3791.93,
2026-09-20T22:09:30.616789+00:00,200,4225.523,
2026-09-20T22:09:31.060508+00:00,200,3784.107,
2026-09-20T22:09:30.646685+00:00,200,4200.337,
2026-09-20T22:09:31.039028+00:00,200,3827.007,
2026-09-20T22:09:30.639065+00:00,200,4233.35,
2026-09-20T22:09:30.948604+00:00,200,3930.193,
2026-09-20T22:09:30.891198+00:00,200,3990.031,
2026-09-20T22:09:31.115922+00:00,200,3769.236,
2026-09-20T22:09:31.037157+00:00,200,3850.636,
2026-09-20T22:09:30.925997+00:00,200,3963.816,
2026-09-20T22:09:31.147062+00:00,200,3745.205,
2026-09-20T22:09:30.657616+00:00,200,4245.792,
2026-09-20T22:09:30.672795+00:00,200,4239.107,
2026-09-20T22:09:30.681778+00:00,200,4237.961,
2026-09-20T22:09:30.977679+00:00,200,3944.366,
2026-09-20T22:09:30.970184+00:00,200,3960.577,
2026-09-20T22:09:31.016327+00:00,200,3916.933,
2026-09-20T22:09:31.006493+00:00,200,3928.866,
2026-09-20T22:09:31.010068+00:00,200,3938.542,
2026-09-20T22:09:31.153106+00:00,200,3807.321,
2026-09-20T22:09:31.104446+00:00,200,3858.164,
2026-09-20T22:09:30.723021+00:00,200,4243.349,
2026-09-20T22:09:30.729701+00:00,200,4239.19,
2026-09-20T22:09:31.027458+00:00,200,3958.551,
2026-09-20T22:09:31.217359+00:00,200,3773.682,
2026-09-20T22:09:30.704301+00:00,200,4289.063,
2026-09-20T22:09:30.769605+00:00,200,4235.22,
2026-09-20T22:09:31.137172+00:00,200,3871.29,
2026-09-20T22:09:31.182275+00:00,200,3851.065,
2026-09-20T22:09:30.791296+00:00,200,4244.518,
2026-09-20T22:09:31.227165+00:00,200,3817.785,
2026-09-20T22:09:31.232579+00:00,200,3814.693,
2026-09-20T22:09:30.971969+00:00,200,4079.31,
2026-09-20T22:09:30.789003+00:00,200,4266.136,
2026-09-20T22:09:31.203921+00:00,200,3871.033,
2026-09-20T22:09:31.024966+00:00,200,4052.447,
2026-09-20T22:09:30.737342+00:00,200,4346.464,
2026-09-20T22:09:31.118386+00:00,200,3969.159,
2026-09-20T22:09:31.243468+00:00,200,3846.3,
2026-09-20T22:09:31.170263+00:00,200,3924.329,
2026-09-20T22:09:31.073479+00:00,200,4025.304,
2026-09-20T22:09:30.828051+00:00,200,4283.432,
2026-09-20T22:09:31.132133+00:00,200,3982.049,
2026-09-20T22:09:31.173866+00:00,200,3945.186,
2026-09-20T22:09:31.179353+00:00,200,3941.936,
2026-09-20T22:09:30.842132+00:00,200,4293.374,
2026-09-20T22:09:31.167477+00:00,200,3971.856,
2026-09-20T22:09:30.866444+00:00,200,4275.126,
2026-09-20T22:09:30.825765+00:00,200,4325.679,
2026-09-20T22:09:31.360481+00:00,200,3794.546,
2026-09-20T22:09:31.343661+00:00,200,3813.676,
2026-09-20T22:09:31.004490+00:00,200,4155.159,
2026-09-20T22:09:30.771801+00:00,200,4390.284,
2026-09-20T22:09:30.898546+00:00,200,4269.748,
2026-09-20T22:09:31.335256+00:00,200,3836.362,
2026-09-20T22:09:31.189508+00:00,200,3991.232,
2026-09-20T22:09:31.362906+00:00,200,3834.204,
2026-09-20T22:09:30.836786+00:00,200,4362.552,
2026-09-20T22:09:30.951115+00:00,200,4267.549,
2026-09-20T22:09:31.304522+00:00,200,3916.385,
2026-09-20T22:09:31.378983+00:00,200,3855.062,
2026-09-20T22:09:31.425000+00:00,200,3815.987,
2026-09-20T22:09:31.406155+00:00,200,3838.856,
2026-09-20T22:09:31.448445+00:00,200,3806.783,
2026-09-20T22:09:31.222116+00:00,200,4035.386,
2026-09-20T22:09:31.208421+00:00,200,4052.876,
2026-09-20T22:09:30.954508+00:00,200,4320.663,
2026-09-20T22:09:31.237528+00:00,200,4044.81,
2026-09-20T22:09:31.281898+00:00,200,4002.829,
2026-09-20T22:09:31.238662+00:00,200,4048.902,
2026-09-20T22:09:31.490270+00:00,200,3804.657,
2026-09-20T22:09:31.001084+00:00,200,4298.97,
2026-09-20T22:09:31.018960+00:00,200,4286.915,
2026-09-20T22:09:31.224680+00:00,200,4086.093,
2026-09-20T22:09:30.903805+00:00,200,4428.012,
2026-09-20T22:09:31.496068+00:00,200,3841.343,
2026-09-20T22:09:31.472328+00:00,200,3869.584,
2026-09-20T22:09:31.049677+00:00,200,4294.947,
2026-09-20T22:09:31.372610+00:00,200,3975.607,
2026-09-20T22:09:31.263179+00:00,200,4091.33,
2026-09-20T22:09:31.270886+00:00,200,4090.632,
2026-09-20T22:09:31.013924+00:00,200,4353.862,
2026-09-20T22:09:31.545144+00:00,200,3824.967,
2026-09-20T22:09:31.548693+00:00,200,3837.736,
2026-09-20T22:09:31.043138+00:00,200,4349.506,
2026-09-20T22:09:31.565145+00:00,200,3829.763,
2026-09-20T22:09:31.599367+00:00,200,3809.147,
2026-09-20T22:09:31.032274+00:00,200,4381.257,
2026-09-20T22:09:31.579443+00:00,200,3842.282,
2026-09-20T22:09:31.093650+00:00,200,4330.718,
2026-09-20T22:09:31.367361+00:00,200,4065.095,
2026-09-20T22:09:31.066847+00:00,200,4374.712,
2026-09-20T22:09:31.464960+00:00,200,3981.657,
2026-09-20T22:09:31.575536+00:00,200,3876.926,
2026-09-20T22:09:31.369905+00:00,200,4096.896,
2026-09-20T22:09:31.511620+00:00,200,3957.751,
2026-09-20T22:09:31.427814+00:00,200,4044.543,
2026-09-20T22:09:31.070350+00:00,200,4413.469,
2026-09-20T22:09:31.438093+00:00,200,4047.927,
2026-09-20T22:09:31.385192+00:00,200,4103.728,
2026-09-20T22:09:31.420325+00:00,200,4070.908,
2026-09-20T22:09:31.122643+00:00,200,4385.046,
2026-09-20T22:09:31.411530+00:00,200,4098.336,
2026-09-20T22:09:31.194111+00:00,200,4324.259,
2026-09-20T22:09:31.159583+00:00,200,4360.892,
2026-09-20T22:09:31.617860+00:00,200,3908.849,
2026-09-20T22:09:31.621448+00:00,200,3916.146,
2026-09-20T22:09:31.604378+00:00,200,3935.394,
2026-09-20T22:09:31.674908+00:00,200,3871.807,
2026-09-20T22:09:31.508799+00:00,200,4040.192,
2026-09-20T22:09:31.542651+00:00,200,4016.053,
2026-09-20T22:09:31.176812+00:00,200,4384.452,
2026-09-20T22:09:31.540748+00:00,200,4022.59,
2026-09-20T22:09:31.654108+00:00,200,3916.001,
2026-09-20T22:09:31.205874+00:00,200,4366.224,
2026-09-20T22:09:31.245699+00:00,200,4340.707,
2026-09-20T22:09:31.753749+00:00,200,3861.786,
2026-09-20T22:09:31.220055+00:00,200,4404.487,
2026-09-20T22:09:31.229116+00:00,200,4397.732,
2026-09-20T22:09:31.563615+00:00,200,4065.943,
2026-09-20T22:09:31.744519+00:00,200,3891.168,
2026-09-20T22:09:31.577313+00:00,200,4060.647,
2026-09-20T22:09:31.704673+00:00,200,3938.516,
2026-09-20T22:09:31.247792+00:00,200,4409.203,
2026-09-20T22:09:31.279696+00:00,200,4379.437,
2026-09-20T22:09:31.558371+00:00,200,4110.936,
2026-09-20T22:09:31.450132+00:00,200,4228.812,
2026-09-20T22:09:31.771353+00:00,200,3909.769,
2026-09-20T22:09:31.597757+00:00,200,4086.232,
2026-09-20T22:09:31.760224+00:00,200,3925.902,
2026-09-20T22:09:31.347503+00:00,200,4341.246,
2026-09-20T22:09:31.337976+00:00,200,4372.092,
2026-09-20T22:09:31.610806+00:00,200,4103.532,
2026-09-20T22:09:31.608599+00:00,200,4108.155,
2026-09-20T22:09:31.822825+00:00,200,3899.992,
2026-09-20T22:09:31.848534+00:00,200,3881.808,
2026-09-20T22:09:31.325734+00:00,200,4406.88,
2026-09-20T22:09:31.801204+00:00,200,3936.76,
2026-09-20T22:09:31.803319+00:00,200,3937.1,
2026-09-20T22:09:31.629567+00:00,200,4122.004,
2026-09-20T22:09:31.669236+00:00,200,4084.595,
2026-09-20T22:09:31.374485+00:00,200,4382.302,
2026-09-20T22:09:31.634880+00:00,200,4125.507,
2026-09-20T22:09:31.404083+00:00,200,4359.626,
2026-09-20T22:09:31.882703+00:00,200,3895.997,
2026-09-20T22:09:31.413765+00:00,200,4367.02,
2026-09-20T22:09:31.688977+00:00,200,4113.474,
2026-09-20T22:09:31.417621+00:00,200,4386.82,
2026-09-20T22:09:31.741684+00:00,200,4066.111,
2026-09-20T22:09:31.932857+00:00,200,3881.327,
2026-09-20T22:09:31.936281+00:00,200,3889.537,
2026-09-20T22:09:31.433713+00:00,200,4398.803,
2026-09-20T22:09:31.769969+00:00,200,4064.616,
2026-09-20T22:09:31.442517+00:00,200,4408.196,
2026-09-20T22:09:31.954393+00:00,200,3899.633,
2026-09-20T22:09:31.339468+00:00,200,4523.525,
2026-09-20T22:09:31.964514+00:00,200,3906.796,
2026-09-20T22:09:31.457278+00:00,200,4424.836,
2026-09-20T22:09:32.003028+00:00,200,3886.666,
2026-09-20T22:09:31.747309+00:00,200,4148.526,
2026-09-20T22:09:31.767983+00:00,200,4130.012,
2026-09-20T22:09:31.981429+00:00,200,3920.437,
2026-09-20T22:09:31.408977+00:00,200,4498.82,
2026-09-20T22:09:31.997216+00:00,200,3912.901,
2026-09-20T22:09:31.762645+00:00,200,4155.148,
2026-09-20T22:09:31.546725+00:00,200,4375.958,
2026-09-20T22:09:31.779913+00:00,200,4149.013,
2026-09-20T22:09:31.572107+00:00,200,4359.066,
2026-09-20T22:09:31.756022+00:00,200,4179.893,
2026-09-20T22:09:31.985147+00:00,200,3961.831,
2026-09-20T22:09:31.782051+00:00,200,4170.868,
2026-09-20T22:09:31.816842+00:00,200,4140.897,
2026-09-20T22:09:31.806539+00:00,200,4153.424,
2026-09-20T22:09:32.024819+00:00,200,3943.644,
2026-09-20T22:09:31.839010+00:00,200,4135.48,
2026-09-20T22:09:31.970600+00:00,200,4012.828,
2026-09-20T22:09:31.567076+00:00,200,4418.862,
2026-09-20T22:09:31.866063+00:00,200,4126.886,
2026-09-20T22:09:31.550438+00:00,200,4461.372,
2026-09-20T22:09:32.045358+00:00,200,3969.193,
2026-09-20T22:09:31.481698+00:00,200,4535.92,
2026-09-20T22:09:31.603334+00:00,200,4426.247,
2026-09-20T22:09:32.004179+00:00,200,4040.432,
2026-09-20T22:09:32.109978+00:00,200,3937.35,
2026-09-20T22:09:31.619848+00:00,200,4435.093,
2026-09-20T22:09:31.581042+00:00,200,4487.275,
2026-09-20T22:09:31.637090+00:00,200,4434.385,
2026-09-20T22:09:32.161228+00:00,200,3914.336,
2026-09-20T22:09:32.140544+00:00,200,3937.649,
2026-09-20T22:09:32.070588+00:00,200,4011.486,
2026-09-20T22:09:31.570550+00:00,200,4515.585,
2026-09-20T22:09:31.804721+00:00,200,4283.921,
2026-09-20T22:09:31.539403+00:00,200,4556.759,
2026-09-20T22:09:32.167103+00:00,200,3951.685,
2026-09-20T22:09:31.655956+00:00,200,4465.701,
2026-09-20T22:09:31.940827+00:00,200,4185.208,
2026-09-20T22:09:32.104130+00:00,200,4027.16,
2026-09-20T22:09:31.966496+00:00,200,4167.586,
2026-09-20T22:09:31.837028+00:00,200,4299.339,
2026-09-20T22:09:31.990904+00:00,200,4149.502,
2026-09-20T22:09:32.179863+00:00,200,3964.724,
2026-09-20T22:09:32.216229+00:00,200,3930.537,
2026-09-20T22:09:32.026922+00:00,200,4122.474,
2026-09-20T22:09:32.028996+00:00,200,4126.551,
2026-09-20T22:09:31.979446+00:00,200,4178.496,
2026-09-20T22:09:31.950427+00:00,200,4209.758,
2026-09-20T22:09:32.006015+00:00,200,4156.607,
2026-09-20T22:09:31.765555+00:00,200,4411.237,
2026-09-20T22:09:32.229798+00:00,200,3949.299,
2026-09-20T22:09:32.262399+00:00,200,3954.916,
2026-09-20T22:09:31.670430+00:00,200,4549.784,
2026-09-20T22:09:31.733072+00:00,200,4489.613,
2026-09-20T22:09:32.260253+00:00,200,3965.476,
2026-09-20T22:09:31.775518+00:00,200,4478.739,
2026-09-20T22:09:31.799072+00:00,200,4460.341,
2026-09-20T22:09:31.835514+00:00,200,4427.414,
2026-09-20T22:09:32.270089+00:00,200,4002.67,
2026-09-20T22:09:31.777689+00:00,200,4497.737,
2026-09-20T22:09:32.321354+00:00,200,3957.294,
2026-09-20T22:09:32.289316+00:00,200,3995.858,
2026-09-20T22:09:31.737286+00:00,200,4554.3,
2026-09-20T22:09:32.304892+00:00,200,3999.015,
2026-09-20T22:09:32.340065+00:00,200,3967.427,
2026-09-20T22:09:32.158415+00:00,200,4152.926,
2026-09-20T22:09:32.061466+00:00,200,4252.378,
2026-09-20T22:09:31.846601+00:00,200,4473.963,
2026-09-20T22:09:32.150736+00:00,200,4171.97,
2026-09-20T22:09:32.035195+00:00,200,4294.309,
2026-09-20T22:09:32.068263+00:00,200,4263.708,
2026-09-20T22:09:32.342712+00:00,200,3991.981,
2026-09-20T22:09:32.390766+00:00,200,3948.941,
2026-09-20T22:09:32.037208+00:00,200,4305.837,
2026-09-20T22:09:31.852807+00:00,200,4498.579,
2026-09-20T22:09:32.363601+00:00,200,3990.525,
2026-09-20T22:09:32.125116+00:00,200,4240.057,
2026-09-20T22:09:31.885266+00:00,200,4490.724,
2026-09-20T22:09:32.173072+00:00,200,4205.932,
2026-09-20T22:09:32.191743+00:00,200,4201.788,
2026-09-20T22:09:32.163373+00:00,200,4246.046,
2026-09-20T22:09:32.420610+00:00,200,4008.188,
2026-09-20T22:09:31.958072+00:00,200,4481.026,
2026-09-20T22:09:31.870771+00:00,200,4570.579,
2026-09-20T22:09:32.407433+00:00,200,4035.725,
2026-09-20T22:09:31.948279+00:00,200,4499.7,
2026-09-20T22:09:31.887382+00:00,200,4562.999,
2026-09-20T22:09:32.455752+00:00,200,3996.528,
2026-09-20T22:09:31.987319+00:00,200,4467.129,
2026-09-20T22:09:31.943215+00:00,200,4515.198,
2026-09-20T22:09:32.371276+00:00,200,4092.319,
2026-09-20T22:09:31.904746+00:00,200,4566.238,
2026-09-20T22:09:32.437995+00:00,200,4036.335,
2026-09-20T22:09:32.218694+00:00,200,4262.058,
2026-09-20T22:09:32.553380+00:00,200,3940.367,
2026-09-20T22:09:32.523231+00:00,200,3972.763,
2026-09-20T22:09:32.534214+00:00,200,3963.673,
2026-09-20T22:09:32.491679+00:00,200,4008.475,
2026-09-20T22:09:32.246655+00:00,200,4262.642,
2026-09-20T22:09:32.170845+00:00,200,4346.943,
2026-09-20T22:09:32.279117+00:00,200,4241.269,
2026-09-20T22:09:32.475792+00:00,200,4047.167,
2026-09-20T22:09:32.204424+00:00,200,4325.017,
2026-09-20T22:09:31.994583+00:00,200,4542.521,
2026-09-20T22:09:31.938535+00:00,200,4600.793,
2026-09-20T22:09:32.237644+00:00,200,4316.906,
2026-09-20T22:09:32.001048+00:00,200,4555.741,
2026-09-20T22:09:32.345098+00:00,200,4213.935,
2026-09-20T22:09:32.272440+00:00,200,4302.973,
2026-09-20T22:09:32.374428+00:00,200,4216.67,
2026-09-20T22:09:32.039098+00:00,200,4569.367,
2026-09-20T22:09:32.329550+00:00,200,4281.82,
2026-09-20T22:09:32.059348+00:00,200,4554.34,
2026-09-20T22:09:32.504439+00:00,200,4119.217,
2026-09-20T22:09:32.630580+00:00,200,3995.38,
2026-09-20T22:09:32.650778+00:00,200,3978.807,
2026-09-20T22:09:32.594700+00:00,200,4037.092,
2026-09-20T22:09:32.097352+00:00,200,4541.448,
2026-09-20T22:09:32.099580+00:00,200,4542.784,
2026-09-20T22:09:32.153113+00:00,200,4493.862,
2026-09-20T22:09:32.143542+00:00,200,4505.754,
2026-09-20T22:09:32.392902+00:00,200,4265.08,
2026-09-20T22:09:32.634101+00:00,200,4026.175,
2026-09-20T22:09:32.156176+00:00,200,4506.424,
2026-09-20T22:09:32.398339+00:00,200,4277.171,
2026-09-20T22:09:32.571648+00:00,200,4114.748,
2026-09-20T22:09:32.176487+00:00,200,4513.722,
2026-09-20T22:09:32.693858+00:00,200,3999.638,
2026-09-20T22:09:32.637706+00:00,200,4058.039,
2026-09-20T22:09:32.422998+00:00,200,4293.644,
2026-09-20T22:09:32.735985+00:00,200,3992.765,
2026-09-20T22:09:32.737716+00:00,200,4007.74,
2026-09-20T22:09:32.404457+00:00,200,4343.794,
2026-09-20T22:09:32.430175+00:00,200,4322.407,
2026-09-20T22:09:32.197933+00:00,200,4557.247,
2026-09-20T22:09:32.441338+00:00,200,4316.334,
2026-09-20T22:09:32.169568+00:00,200,4600.024,
2026-09-20T22:09:32.138126+00:00,200,4639.756,
2026-09-20T22:09:32.537796+00:00,200,4243.826,
2026-09-20T22:09:32.740986+00:00,200,4044.272,
2026-09-20T22:09:32.470628+00:00,200,4318.709,
2026-09-20T22:09:32.516241+00:00,200,4276.882,
2026-09-20T22:09:32.786978+00:00,200,4013.506,
2026-09-20T22:09:32.231959+00:00,200,4572.921,
2026-09-20T22:09:32.312737+00:00,200,4510.011,
2026-09-20T22:09:32.518412+00:00,200,4307.29,
2026-09-20T22:09:32.834206+00:00,200,4005.028,
2026-09-20T22:09:32.546873+00:00,200,4296.729,
2026-09-20T22:09:32.248935+00:00,200,4597.614,
2026-09-20T22:09:32.878003+00:00,200,3971.404,
2026-09-20T22:09:32.851626+00:00,200,4000.153,
2026-09-20T22:09:32.799667+00:00,200,4054.852,
2026-09-20T22:09:32.803344+00:00,200,4056.524,
2026-09-20T22:09:32.273864+00:00,200,4588.663,
2026-09-20T22:09:32.573765+00:00,200,4296.95,
2026-09-20T22:09:32.882689+00:00,200,3990.319,
2026-09-20T22:09:32.889059+00:00,200,3987.427,
2026-09-20T22:09:32.310403+00:00,200,4568.437,
2026-09-20T22:09:32.331873+00:00,200,4549.439,
2026-09-20T22:09:32.349160+00:00,200,4542.454,
2026-09-20T22:09:32.581603+00:00,200,4358.186,
2026-09-20T22:09:32.915714+00:00,200,4037.731,
2026-09-20T22:09:32.898661+00:00,200,4058.466,
2026-09-20T22:09:32.607038+00:00,200,4353.179,
2026-09-20T22:09:32.361210+00:00,200,4601.938,
2026-09-20T22:09:32.645678+00:00,200,4325.636,
2026-09-20T22:09:32.623049+00:00,200,4350.669,
2026-09-20T22:09:32.385686+00:00,200,4592.251,
2026-09-20T22:09:32.922835+00:00,200,4058.239,
2026-09-20T22:09:32.425392+00:00,200,4563.041,
2026-09-20T22:09:32.706901+00:00,200,4284.015,
2026-09-20T22:09:32.388144+00:00,200,4605.215,
2026-09-20T22:09:32.337695+00:00,200,4663.082,
2026-09-20T22:09:32.654708+00:00,200,4348.473,
2026-09-20T22:09:32.627814+00:00,200,4397.744,
2026-09-20T22:09:32.960714+00:00,200,4067.43,
2026-09-20T22:09:32.950549+00:00,200,4080.619,
2026-09-20T22:09:32.938524+00:00,200,4094.939,
2026-09-20T22:09:33.040846+00:00,200,3995.122,
2026-09-20T22:09:32.905060+00:00,200,4135.239,
2026-09-20T22:09:32.648690+00:00,200,4399.861,
2026-09-20T22:09:33.043354+00:00,200,4011.36,
2026-09-20T22:09:32.691331+00:00,200,4367.006,
2026-09-20T22:09:32.447437+00:00,200,4616.728,
2026-09-20T22:09:32.733781+00:00,200,4332.524,
2026-09-20T22:09:32.506531+00:00,200,4568.432,
2026-09-20T22:09:32.477475+00:00,200,4602.724,
2026-09-20T22:09:33.050845+00:00,200,4032.162,
2026-09-20T22:09:32.472982+00:00,200,4612.09,
2026-09-20T22:09:32.427781+00:00,200,4666.016,
2026-09-20T22:09:33.069836+00:00,200,4039.028,
2026-09-20T22:09:32.749249+00:00,200,4407.948,
2026-09-20T22:09:32.521187+00:00,200,4640.279,
2026-09-20T22:09:32.795266+00:00,200,4369.44,
2026-09-20T22:09:33.089150+00:00,200,4078.13,
2026-09-20T22:09:32.561423+00:00,200,4608.632,
2026-09-20T22:09:32.832135+00:00,200,4345.588,
2026-09-20T22:09:33.099150+00:00,200,4081.405,
2026-09-20T22:09:33.086968+00:00,200,4101.685,
2026-09-20T22:09:32.756171+00:00,200,4434.864,
2026-09-20T22:09:32.532192+00:00,200,4661.742,
2026-09-20T22:09:32.579289+00:00,200,4619.212,
2026-09-20T22:09:32.771390+00:00,200,4431.629,
2026-09-20T22:09:33.071945+00:00,200,4135.809,
2026-09-20T22:09:33.117371+00:00,200,4095.339,
2026-09-20T22:09:32.551177+00:00,200,4664.747,
2026-09-20T22:09:33.191882+00:00,200,4034.798,
2026-09-20T22:09:32.780783+00:00,200,4449.088,
2026-09-20T22:09:33.107750+00:00,200,4125.711,
2026-09-20T22:09:33.202571+00:00,200,4047.038,
2026-09-20T22:09:32.886528+00:00,200,4366.855,
2026-09-20T22:09:32.539218+00:00,200,4718.222,
2026-09-20T22:09:32.870425+00:00,200,4396.361,
2026-09-20T22:09:33.209165+00:00,200,4064.574,
2026-09-20T22:09:32.592338+00:00,200,4693.076,
2026-09-20T22:09:32.892854+00:00,200,4402.363,
2026-09-20T22:09:32.840576+00:00,200,4459.313,
2026-09-20T22:09:32.639662+00:00,200,4683.311,
2026-09-20T22:09:32.605101+00:00,200,4731.152,
2026-09-20T22:09:33.237992+00:00,200,4103.536,
2026-09-20T22:09:32.643226+00:00,200,4703.851,
2026-09-20T22:09:33.171516+00:00,200,4205.637,
2026-09-20T22:09:32.685128+00:00,200,4697.633,
2026-09-20T22:09:32.687385+00:00,200,4701.212,
2026-09-20T22:09:32.913890+00:00,200,4482.312,
2026-09-20T22:09:33.239406+00:00,200,4183.579,
2026-09-20T22:09:32.940184+00:00,200,4488.975,
2026-09-20T22:09:32.917998+00:00,200,4535.838,
2026-09-20T22:09:33.289174+00:00,200,4171.411,
2026-09-20T22:09:32.671705+00:00,200,4795.947,
2026-09-20T22:09:33.381994+00:00,200,4093.002,
2026-09-20T22:09:32.730863+00:00,200,4751.869,
2026-09-20T22:09:33.253691+00:00,200,4237.019,
2026-09-20T22:09:32.728477+00:00,200,4770.164,
2026-09-20T22:09:33.304742+00:00,200,4202.098,
2026-09-20T22:09:32.964667+00:00,200,4568.567,
2026-09-20T22:09:33.338074+00:00,200,4203.41,
2026-09-20T22:09:32.990115+00:00,200,4578.464,
2026-09-20T22:09:33.018344+00:00,200,4559.041,
2026-09-20T22:09:33.022246+00:00,200,4564.29,
2026-09-20T22:09:33.299885+00:00,200,4296.034,
2026-09-20T22:09:33.384005+00:00,200,4253.882,
2026-09-20T22:09:32.704799+00:00,200,4942.795,
2026-09-20T22:09:33.063007+00:00,200,4594.603,
2026-09-20T22:09:33.048062+00:00,200,4619.827,
2026-09-20T22:09:32.764289+00:00,200,4914.228,
2026-09-20T22:09:33.079239+00:00,200,4610.125,
2026-09-20T22:09:32.867248+00:00,200,4833.234,
2026-09-20T22:09:33.397757+00:00,200,4314.121,
2026-09-20T22:09:33.414507+00:00,200,4309.088,
2026-09-20T22:09:32.797234+00:00,200,4938.431,
2026-09-20T22:09:33.097266+00:00,200,4650.725,
2026-09-20T22:09:33.003978+00:00,200,4789.969,
2026-09-20T22:09:32.746905+00:00,200,5059.912,
2026-09-20T22:09:32.838515+00:00,200,4981.428,
2026-09-20T22:09:33.419292+00:00,200,4414.254,
2026-09-20T22:09:32.900841+00:00,200,4946.48,
2026-09-20T22:09:32.864360+00:00,200,4997.152,
2026-09-20T22:09:33.444955+00:00,200,4478.652,
2026-09-20T22:09:33.484350+00:00,200,4453.967,
2026-09-20T22:09:33.469319+00:00,200,4483.923,
2026-09-20T22:09:33.486570+00:00,200,4482.056,
2026-09-20T22:09:33.038750+00:00,200,4945.342,
2026-09-20T22:09:33.184622+00:00,200,4815.446,
2026-09-20T22:09:33.102473+00:00,200,4914.949,
2026-09-20T22:09:33.438843+00:00,200,4595.223,
2026-09-20T22:09:33.371985+00:00,200,4678.697,
2026-09-20T22:09:32.880062+00:00,200,5187.585,
2026-09-20T22:09:32.804771+00:00,200,5280.167,
2026-09-20T22:09:33.535055+00:00,200,4650.699,
2026-09-20T22:09:33.472804+00:00,200,4730.656,
2026-09-20T22:09:33.160792+00:00,200,5060.272,
2026-09-20T22:09:32.902658+00:00,200,5336.261,
2026-09-20T22:09:33.177127+00:00,200,5080.007,
2026-09-20T22:09:33.220186+00:00,200,5055.484,
2026-09-20T22:09:32.841963+00:00,200,5452.603,
2026-09-20T22:09:33.001763+00:00,200,5311.881,
2026-09-20T22:09:32.871759+00:00,200,5461.227,
2026-09-20T22:09:33.222405+00:00,200,5130.133,
2026-09-20T22:09:33.194239+00:00,200,5178.196,
2026-09-20T22:09:33.544175+00:00,200,4848.852,
2026-09-20T22:09:33.584089+00:00,200,4830.05,
2026-09-20T22:09:33.248678+00:00,200,5186.92,
2026-09-20T22:09:33.537852+00:00,200,4919.504,
2026-09-20T22:09:33.609412+00:00,200,4869.94,
2026-09-20T22:09:32.966630+00:00,200,5535.044,
2026-09-20T22:09:33.024449+00:00,200,5500.0,
2026-09-20T22:09:33.291415+00:00,200,5255.983,
2026-09-20T22:09:33.261007+00:00,200,5309.627,
2026-09-20T22:09:33.635978+00:00,200,5054.677,
2026-09-20T22:09:33.005542+00:00,200,5708.34,
2026-09-20T22:09:32.970997+00:00,200,5766.507,
2026-09-20T22:09:33.572074+00:00,200,5188.578,
2026-09-20T22:09:33.065541+00:00,200,5718.739,
2026-09-20T22:09:33.607339+00:00,200,5200.902,
2026-09-20T22:09:33.263072+00:00,200,5569.376,
2026-09-20T22:09:33.658745+00:00,200,5198.225,
2026-09-20T22:09:33.073429+00:00,200,5808.924,
2026-09-20T22:09:33.309144+00:00,200,5598.913,
2026-09-20T22:09:33.306810+00:00,200,5627.461,
2026-09-20T22:09:33.716991+00:00,200,5243.529,
2026-09-20T22:09:33.084630+00:00,200,5901.811,
2026-09-20T22:09:33.656549+00:00,200,5356.175,
2026-09-20T22:09:33.092682+00:00,200,5946.647,
2026-09-20T22:09:33.733844+00:00,200,5332.279,
2026-09-20T22:09:33.316993+00:00,200,5776.348,
2026-09-20T22:09:33.271585+00:00,200,5849.156,
2026-09-20T22:09:33.409717+00:00,200,5738.677,
2026-09-20T22:09:33.759180+00:00,200,5417.302,
2026-09-20T22:09:33.133488+00:00,200,6249.435,
2026-09-20T22:09:33.400014+00:00,200,6011.897,
2026-09-20T22:09:33.640096+00:00,200,5800.608,
2026-09-20T22:09:33.104579+00:00,200,6365.722,
2026-09-20T22:09:33.792991+00:00,200,5707.071,
2026-09-20T22:09:33.386371+00:00,200,6143.24,
2026-09-20T22:09:33.339767+00:00,200,6219.609,
2026-09-20T22:09:33.163047+00:00,200,6426.174,
2026-09-20T22:09:33.795672+00:00,200,5824.091,
2026-09-20T22:09:33.105807+00:00,200,6545.317,
2026-09-20T22:09:33.813205+00:00,200,5869.623,
2026-09-20T22:09:33.422854+00:00,200,6292.087,
2026-09-20T22:09:33.137896+00:00,200,6609.234,
2026-09-20T22:09:33.242350+00:00,200,6537.201,
2026-09-20T22:09:33.822799+00:00,200,5989.509,
2026-09-20T22:09:33.198222+00:00,200,6647.053,
2026-09-20T22:09:33.204246+00:00,200,6674.546,
2026-09-20T22:09:33.460020+00:00,200,6452.228,
2026-09-20T22:09:33.870180+00:00,200,6075.536,
2026-09-20T22:09:33.455900+00:00,200,6526.42,
2026-09-20T22:09:33.809224+00:00,200,6207.038,
2026-09-20T22:09:33.251381+00:00,200,6798.917,
2026-09-20T22:09:33.522888+00:00,200,6561.708,
2026-09-20T22:09:33.902840+00:00,200,6216.247,
2026-09-20T22:09:33.853220+00:00,200,6300.864,
2026-09-20T22:09:33.471527+00:00,200,6718.289,
2026-09-20T22:09:33.920259+00:00,200,6305.618,
2026-09-20T22:09:33.244806+00:00,200,7017.425,
2026-09-20T22:09:33.941104+00:00,200,6357.816,
2026-09-20T22:09:33.501156+00:00,200,6834.462,
2026-09-20T22:09:33.883483+00:00,200,6488.865,
2026-09-20T22:09:33.507282+00:00,200,6902.63,
2026-09-20T22:09:33.302230+00:00,200,7145.298,
2026-09-20T22:09:33.975796+00:00,200,6509.897,
2026-09-20T22:09:33.312329+00:00,200,7211.331,
2026-09-20T22:09:33.319692+00:00,200,7242.361,
2026-09-20T22:09:33.987896+00:00,200,6612.599,
2026-09-20T22:09:33.586510+00:00,200,7461.794,
2026-09-20T22:09:33.341018+00:00,200,7746.496,
2026-09-20T22:09:33.576939+00:00,200,7550.28,
2026-09-20T22:09:33.601001+00:00,200,7566.181,
2026-09-20T22:09:33.392436+00:00,200,7814.865,
2026-09-20T22:09:34.008099+00:00,200,7239.379,
2026-09-20T22:09:33.605374+00:00,200,7682.516,
2026-09-20T22:09:33.325327+00:00,200,8003.192,
2026-09-20T22:09:33.394343+00:00,200,7975.136,
2026-09-20T22:09:33.416679+00:00,200,7993.922,
2026-09-20T22:09:34.043994+00:00,200,7408.156,
2026-09-20T22:09:34.055359+00:00,200,7438.555,
2026-09-20T22:09:33.662381+00:00,200,7873.587,
2026-09-20T22:09:33.404712+00:00,200,8173.689,
2026-09-20T22:09:33.646778+00:00,200,7974.271,
2026-09-20T22:09:33.314534+00:00,200,8349.862,
2026-09-20T22:09:33.614315+00:00,200,8093.278,
2026-09-20T22:09:33.633666+00:00,200,8117.104,
2026-09-20T22:09:34.065662+00:00,200,7728.51,
2026-09-20T22:09:33.452526+00:00,200,8385.807,
2026-09-20T22:09:34.068114+00:00,200,7814.164,
2026-09-20T22:09:34.105240+00:00,200,7821.463,
2026-09-20T22:09:34.131734+00:00,200,7839.848,
2026-09-20T22:09:33.652853+00:00,200,8364.419,
2026-09-20T22:09:34.004994+00:00,200,8058.599,
2026-09-20T22:09:33.465485+00:00,200,8644.679,
2026-09-20T22:09:34.039314+00:00,200,8117.587,
2026-09-20T22:09:33.707270+00:00,200,8496.734,
2026-09-20T22:09:34.163657+00:00,200,8153.584,
2026-09-20T22:09:33.714046+00:00,200,8692.283,
2026-09-20T22:09:33.498840+00:00,200,8951.558,
2026-09-20T22:09:33.530721+00:00,200,9004.433,
2026-09-20T22:09:34.179535+00:00,200,8398.728,
2026-09-20T22:09:34.190284+00:00,200,8431.273,
2026-09-20T22:09:33.540226+00:00,200,9242.41,
2026-09-20T22:09:34.281116+00:00,200,8618.283,
2026-09-20T22:09:34.238314+00:00,200,8700.443,
2026-09-20T22:09:33.859656+00:00,200,9212.162,
2026-09-20T22:09:33.649154+00:00,200,9461.807,
2026-09-20T22:09:33.665744+00:00,200,9484.551,
2026-09-20T22:09:34.326205+00:00,200,8863.318,
2026-09-20T22:09:33.440618+00:00,200,10429.357,
2026-09-20T22:09:33.730368+00:00,200,10156.397,
2026-09-20T22:09:33.519317+00:00,200,10384.268,
2026-09-20T22:09:33.598356+00:00,200,10322.009,
2026-09-20T22:09:33.638705+00:00,200,10298.171,
2026-09-20T22:09:34.225550+00:00,200,9727.91,
2026-09-20T22:09:34.254387+00:00,200,9715.505,
2026-09-20T22:09:34.172847+00:00,200,9813.496,
2026-09-20T22:09:33.772142+00:00,200,10230.531,
2026-09-20T22:09:33.877016+00:00,200,10142.157,
2026-09-20T22:09:34.297305+00:00,200,9738.047,
2026-09-20T22:09:33.885590+00:00,200,10165.486,
2026-09-20T22:09:33.900742+00:00,200,10166.15,
2026-09-20T22:09:33.916444+00:00,200,10166.137,
2026-09-20T22:09:33.699383+00:00,200,10398.889,
2026-09-20T22:09:34.359496+00:00,200,9753.874,
2026-09-20T22:09:34.272324+00:00,200,9856.133,
2026-09-20T22:09:34.394534+00:00,200,9749.485,
2026-09-20T22:09:33.709379+00:00,200,10450.189,
2026-09-20T22:09:33.753350+00:00,200,10421.621,
2026-09-20T22:09:34.419419+00:00,200,9785.305,
2026-09-20T22:09:34.372046+00:00,200,9862.144,
2026-09-20T22:09:33.904525+00:00,200,10360.645,
2026-09-20T22:09:33.789970+00:00,200,10506.34,
2026-09-20T22:09:33.727900+00:00,200,10599.624,
2026-09-20T22:09:33.996653+00:00,200,10362.37,
2026-09-20T22:09:34.421894+00:00,200,10001.658,
2026-09-20T22:09:33.867752+00:00,200,10587.577,
2026-09-20T22:09:33.742082+00:00,200,10744.877,
2026-09-20T22:09:34.520753+00:00,200,9997.777,
2026-09-20T22:09:34.041494+00:00,200,10524.096,
2026-09-20T22:09:34.407347+00:00,200,10189.823,
2026-09-20T22:09:34.097060+00:00,200,10531.846,
2026-09-20T22:09:34.480372+00:00,200,10180.102,
2026-09-20T22:09:33.738103+00:00,200,10969.787,
2026-09-20T22:09:33.972205+00:00,200,10782.285,
2026-09-20T22:09:34.102786+00:00,200,10697.999,
2026-09-20T22:09:34.010810+00:00,200,10821.251,
2026-09-20T22:09:34.543337+00:00,200,10320.516,
2026-09-20T22:09:33.855622+00:00,200,11039.47,
2026-09-20T22:09:34.556508+00:00,200,10369.338,
2026-09-20T22:09:34.505349+00:00,200,10467.111,
2026-09-20T22:09:34.626117+00:00,200,10393.283,
2026-09-20T22:09:34.074243+00:00,200,10992.04,
2026-09-20T22:09:34.611625+00:00,200,10485.701,
2026-09-20T22:09:34.566494+00:00,200,10562.431,
2026-09-20T22:09:34.126155+00:00,200,11034.815,
2026-09-20T22:09:33.895350+00:00,200,11313.559,
2026-09-20T22:09:34.146315+00:00,200,11094.845,
2026-09-20T22:09:33.838827+00:00,200,11434.199,
2026-09-20T22:09:33.980863+00:00,200,11339.934,
2026-09-20T22:09:33.931039+00:00,200,11422.03,
2026-09-20T22:09:34.171492+00:00,200,11245.88,
2026-09-20T22:09:34.675077+00:00,200,10791.132,
2026-09-20T22:09:33.999356+00:00,200,11498.966,
2026-09-20T22:09:34.728019+00:00,200,10817.956,
2026-09-20T22:09:34.217201+00:00,200,11360.854,
2026-09-20T22:09:34.247983+00:00,200,11362.016,
2026-09-20T22:09:34.233795+00:00,200,11408.116,
2026-09-20T22:09:34.013358+00:00,200,11660.928,
2026-09-20T22:09:33.938546+00:00,200,11768.136,
2026-09-20T22:09:34.714423+00:00,200,11024.813,
2026-09-20T22:09:34.210837+00:00,200,11561.104,
2026-09-20T22:09:34.205435+00:00,200,11599.657,
2026-09-20T22:09:34.738962+00:00,200,11099.644,
2026-09-20T22:09:34.659606+00:00,200,11212.662,
2026-09-20T22:09:34.071970+00:00,200,11834.477,
2026-09-20T22:09:34.288863+00:00,200,11651.732,
2026-09-20T22:09:34.785641+00:00,200,11189.905,
2026-09-20T22:09:34.766611+00:00,200,11244.462,
2026-09-20T22:09:34.800217+00:00,200,11263.287,
2026-09-20T22:09:34.080195+00:00,200,12018.851,
2026-09-20T22:09:34.123674+00:00,200,12028.736,
2026-09-20T22:09:34.301656+00:00,200,11886.767,
2026-09-20T22:09:34.312777+00:00,200,11910.975,
2026-09-20T22:09:34.128205+00:00,200,12130.555,
2026-09-20T22:09:34.148486+00:00,200,12162.553,
2026-09-20T22:09:34.108744+00:00,200,12237.207,
2026-09-20T22:09:34.735383+00:00,200,11646.042,
2026-09-20T22:09:34.334823+00:00,200,12082.737,
2026-09-20T22:09:34.773024+00:00,200,11698.879,
2026-09-20T22:09:34.805006+00:00,200,11703.14,
2026-09-20T22:09:34.935339+00:00,200,11609.077,
2026-09-20T22:09:34.107279+00:00,200,12473.261,
2026-09-20T22:09:34.903386+00:00,200,11730.399,
2026-09-20T22:09:34.881208+00:00,200,11788.157,
2026-09-20T22:09:34.410366+00:00,200,12312.543,
2026-09-20T22:09:34.338580+00:00,200,12438.715,
2026-09-20T22:09:34.391667+00:00,200,12421.494,
2026-09-20T22:09:34.838639+00:00,200,12011.171,
2026-09-20T22:09:34.933240+00:00,200,11952.338,
2026-09-20T22:09:34.425799+00:00,200,12513.291,
2026-09-20T22:09:34.283463+00:00,200,12709.365,
2026-09-20T22:09:34.446551+00:00,200,12582.641,
2026-09-20T22:09:34.213245+00:00,200,12852.663,
2026-09-20T22:09:34.295138+00:00,200,12826.124,
2026-09-20T22:09:34.135259+00:00,200,14004.812,
2026-09-20T22:09:33.671569+00:00,200,14486.251,
2026-09-20T22:09:33.805433+00:00,200,14366.327,
2026-09-20T22:09:34.207431+00:00,200,13978.168,
2026-09-20T22:09:33.704889+00:00,200,14494.538,
2026-09-20T22:09:33.627134+00:00,200,14586.206,
2026-09-20T22:09:33.807683+00:00,200,14419.412,
2026-09-20T22:09:33.643473+00:00,200,14597.08,
2026-09-20T22:09:33.873244+00:00,200,14380.367,
2026-09-20T22:09:33.673472+00:00,200,14605.949,
2026-09-20T22:09:34.459537+00:00,200,13832.339,
2026-09-20T22:09:33.850301+00:00,200,14454.173,
2026-09-20T22:09:33.802608+00:00,200,14514.291,
2026-09-20T22:09:34.057651+00:00,200,14271.642,
2026-09-20T22:09:34.075865+00:00,200,14265.734,
2026-09-20T22:09:34.523853+00:00,200,13830.032,
2026-09-20T22:09:33.878958+00:00,200,14486.954,
2026-09-20T22:09:33.865219+00:00,200,14512.551,
2026-09-20T22:09:33.891886+00:00,200,14497.783,
2026-09-20T22:09:34.650667+00:00,200,13750.95,
2026-09-20T22:09:33.922370+00:00,200,14491.105,
2026-09-20T22:09:34.187753+00:00,200,14237.647,
2026-09-20T22:09:34.605785+00:00,200,13831.647,
2026-09-20T22:09:34.636674+00:00,200,13812.782,
2026-09-20T22:09:34.047047+00:00,200,14414.37,
2026-09-20T22:09:34.340810+00:00,200,14132.545,
2026-09-20T22:09:34.061697+00:00,200,14423.649,
2026-09-20T22:09:34.844595+00:00,200,13653.061,
2026-09-20T22:09:34.176338+00:00,200,14333.676,
2026-09-20T22:09:34.387822+00:00,200,14134.528,
2026-09-20T22:09:34.364389+00:00,200,14170.33,
2026-09-20T22:09:34.138109+00:00,200,14408.896,
2026-09-20T22:09:34.873744+00:00,200,13685.684,
2026-09-20T22:09:34.245805+00:00,200,14326.133,
2026-09-20T22:09:34.968869+00:00,200,13627.569,
2026-09-20T22:09:34.498049+00:00,200,14122.975,
2026-09-20T22:09:34.993344+00:00,200,13652.284,
2026-09-20T22:09:34.330169+00:00,200,14340.461,
2026-09-20T22:09:34.336993+00:00,200,14358.834,
2026-09-20T22:09:34.405316+00:00,200,14315.913,
2026-09-20T22:09:34.466456+00:00,200,14280.628,
2026-09-20T22:09:35.074935+00:00,200,13697.986,
2026-09-20T22:09:35.004804+00:00,200,13794.309,
2026-09-20T22:09:34.286638+00:00,200,14538.963,
2026-09-20T22:09:34.323885+00:00,200,14528.413,
2026-09-20T22:09:35.033320+00:00,200,13845.825,
2026-09-20T22:09:34.304861+00:00,200,14601.339,
2026-09-20T22:09:35.055117+00:00,200,13878.369,
2026-09-20T22:09:34.528401+00:00,200,14432.595,
2026-09-20T22:09:34.991021+00:00,200,13997.792,
2026-09-20T22:09:35.089748+00:00,200,13927.24,
2026-09-20T22:09:34.471830+00:00,200,14573.356,
2026-09-20T22:09:34.561697+00:00,200,14511.936,
2026-09-20T22:09:34.538211+00:00,200,14562.905,
2026-09-20T22:09:35.094573+00:00,200,14034.408,
2026-09-20T22:09:34.412851+00:00,200,14744.308,
2026-09-20T22:09:35.121268+00:00,200,14064.257,
2026-09-20T22:09:34.396859+00:00,200,14845.088,
2026-09-20T22:09:34.535402+00:00,200,14734.979,
2026-09-20T22:09:34.655708+00:00,200,14657.28,
2026-09-20T22:09:35.135483+00:00,200,14206.137,
2026-09-20T22:09:34.438272+00:00,200,14932.175,
2026-09-20T22:09:35.168272+00:00,200,14245.366,
2026-09-20T22:09:34.518067+00:00,200,14938.579,
2026-09-20T22:09:35.072627+00:00,200,14427.162,
2026-09-20T22:09:35.143091+00:00,200,14385.567,
2026-09-20T22:09:34.531258+00:00,200,15026.324,
2026-09-20T22:09:34.476491+00:00,200,15109.785,
2026-09-20T22:09:35.218642+00:00,200,14396.409,
2026-09-20T22:09:34.461911+00:00,200,15182.044,
2026-09-20T22:09:34.416882+00:00,200,15255.613,
2026-09-20T22:09:35.172902+00:00,200,14542.323,
2026-09-20T22:09:34.552996+00:00,200,15205.002,
2026-09-20T22:09:35.275148+00:00,200,14539.804,
2026-09-20T22:09:34.733325+00:00,200,15139.979,
2026-09-20T22:09:34.545736+00:00,200,15356.977,
2026-09-20T22:09:34.662093+00:00,200,15269.982,
2026-09-20T22:09:34.584409+00:00,200,15391.243,
2026-09-20T22:09:34.768470+00:00,200,15265.464,
2026-09-20T22:09:34.791146+00:00,200,15286.536,
2026-09-20T22:09:35.307216+00:00,200,14814.288,
2026-09-20T22:09:34.645489+00:00,200,15505.664,
2026-09-20T22:09:34.563879+00:00,200,15616.468,
2026-09-20T22:09:34.842290+00:00,200,15380.121,
2026-09-20T22:09:34.640083+00:00,200,15610.678,
2026-09-20T22:09:35.408494+00:00,200,14870.46,
2026-09-20T22:09:34.679442+00:00,200,15655.897,
2026-09-20T22:09:34.708909+00:00,200,15685.223,
2026-09-20T22:09:35.354488+00:00,200,15097.888,
2026-09-20T22:09:34.919717+00:00,200,15561.934,
2026-09-20T22:09:35.452441+00:00,200,15058.39,
2026-09-20T22:09:34.725865+00:00,200,15814.191,
2026-09-20T22:09:34.866015+00:00,200,15703.131,
2026-09-20T22:09:35.469350+00:00,200,15128.877,
2026-09-20T22:09:35.483796+00:00,200,15143.535,
2026-09-20T22:09:35.509845+00:00,200,15146.379,
2026-09-20T22:09:34.887774+00:00,200,15797.461,
2026-09-20T22:09:34.872392+00:00,200,15841.69,
2026-09-20T22:09:34.729831+00:00,200,16027.438,
2026-09-20T22:09:34.962590+00:00,200,15823.443,
2026-09-20T22:09:34.802168+00:00,200,16011.855,
2026-09-20T22:09:34.741682+00:00,200,16114.543,
2026-09-20T22:09:34.705246+00:00,200,16179.337,
2026-09-20T22:09:34.948590+00:00,200,15964.241,
2026-09-20T22:09:35.541278+00:00,200,15414.157,
2026-09-20T22:09:35.008442+00:00,200,15975.551,
2026-09-20T22:09:35.558683+00:00,200,15467.747,
2026-09-20T22:09:34.833288+00:00,200,16235.403,
2026-09-20T22:09:34.878777+00:00,200,16232.618,
2026-09-20T22:09:35.047253+00:00,200,16120.906,
2026-09-20T22:09:34.885139+00:00,200,16311.584,
2026-09-20T22:09:34.826004+00:00,200,16413.429,
2026-09-20T22:09:35.573483+00:00,200,15694.602,
2026-09-20T22:09:35.669285+00:00,200,15655.847,
2026-09-20T22:09:35.077392+00:00,200,16276.384,
2026-09-20T22:09:35.083783+00:00,200,16298.676,
2026-09-20T22:09:34.922025+00:00,200,16504.305,
2026-09-20T22:09:35.643173+00:00,200,15827.512,
2026-09-20T22:09:35.714317+00:00,200,15800.669,
2026-09-20T22:09:34.960408+00:00,200,16599.347,
2026-09-20T22:09:35.098762+00:00,200,16490.844,
2026-09-20T22:09:35.035791+00:00,200,16613.385,
2026-09-20T22:09:35.157318+00:00,200,16521.836,
2026-09-20T22:09:35.139313+00:00,200,16569.794,
2026-09-20T22:09:35.753809+00:00,200,15985.196,
2026-09-20T22:09:35.180720+00:00,200,16604.313,
2026-09-20T22:09:35.159627+00:00,200,16669.94,
2026-09-20T22:09:35.742011+00:00,200,16116.904,
2026-09-20T22:09:34.904862+00:00,200,16997.915,
2026-09-20T22:09:35.814168+00:00,200,16132.31,
2026-09-20T22:09:35.807774+00:00,200,16167.748,
2026-09-20T22:09:35.825800+00:00,200,16179.571,
2026-09-20T22:09:34.938211+00:00,200,17098.443,
2026-09-20T22:09:35.199320+00:00,200,16882.107,
2026-09-20T22:09:35.006433+00:00,200,17104.942,
2026-09-20T22:09:35.220887+00:00,200,16920.406,
2026-09-20T22:09:35.087525+00:00,200,17083.651,
2026-09-20T22:09:35.895813+00:00,200,16305.411,
2026-09-20T22:09:35.854005+00:00,200,16377.714,
2026-09-20T22:09:35.111460+00:00,200,17150.497,
2026-09-20T22:09:35.862970+00:00,200,16429.722,
2026-09-20T22:09:35.038979+00:00,200,17284.178,
2026-09-20T22:09:35.282317+00:00,200,17071.58,
2026-09-20T22:09:35.141548+00:00,200,17243.854,
2026-09-20T22:09:35.240968+00:00,200,17175.925,
2026-09-20T22:09:35.257481+00:00,200,17191.542,
2026-09-20T22:09:35.151421+00:00,200,17329.546,
2026-09-20T22:09:35.341892+00:00,200,17170.803,
2026-09-20T22:09:35.907773+00:00,200,16637.201,
2026-09-20T22:09:35.284707+00:00,200,17293.327,
2026-09-20T22:09:35.337391+00:00,200,17273.797,
2026-09-20T22:09:35.162062+00:00,200,17482.517,
2026-09-20T22:09:35.361497+00:00,200,17316.202,
2026-09-20T22:09:35.310753+00:00,200,17399.826,
2026-09-20T22:09:35.928903+00:00,200,16815.166,
2026-09-20T22:09:35.959941+00:00,200,16817.571,
2026-09-20T22:09:35.105566+00:00,200,17705.392,
2026-09-20T22:09:35.946958+00:00,200,16897.736,
2026-09-20T22:09:36.011786+00:00,200,16868.821,
2026-09-20T22:09:35.922660+00:00,200,16991.96,
2026-09-20T22:09:35.905528+00:00,200,17042.608,
2026-09-20T22:09:36.014531+00:00,200,16967.557,
2026-09-20T22:09:35.244991+00:00,200,17771.38,
2026-09-20T22:09:35.394888+00:00,200,17655.604,
2026-09-20T22:09:35.234025+00:00,200,17851.058,
2026-09-20T22:09:35.197091+00:00,200,17922.625,
2026-09-20T22:09:36.044590+00:00,200,17109.955,
2026-09-20T22:09:35.386409+00:00,200,17803.288,
2026-09-20T22:09:35.238692+00:00,200,17986.427,
2026-09-20T22:09:35.305853+00:00,200,17954.962,
2026-09-20T22:09:36.054917+00:00,200,17242.157,
2026-09-20T22:09:35.255208+00:00,200,18078.01,
2026-09-20T22:09:35.413509+00:00,200,17956.053,
2026-09-20T22:09:36.078174+00:00,200,17328.205,
2026-09-20T22:09:35.475715+00:00,200,17967.866,
2026-09-20T22:09:35.205354+00:00,200,18275.608,
2026-09-20T22:09:35.432435+00:00,200,18085.82,
2026-09-20T22:09:35.287544+00:00,200,18268.544,
2026-09-20T22:09:35.518348+00:00,200,18075.556,
2026-09-20T22:09:35.546695+00:00,200,18122.979,
2026-09-20T22:09:36.136345+00:00,200,17627.091,
2026-09-20T22:09:35.348197+00:00,200,18452.55,
2026-09-20T22:09:36.118768+00:00,200,17718.704,
2026-09-20T22:09:35.507668+00:00,200,18366.171,
2026-09-20T22:09:36.155525+00:00,200,17772.872,
2026-09-20T22:09:35.367764+00:00,200,18615.587,
2026-09-20T22:09:35.421705+00:00,200,18634.314,
2026-09-20T22:09:35.424346+00:00,200,18685.096,
2026-09-20T22:09:35.406089+00:00,200,18739.137,
2026-09-20T22:09:35.373008+00:00,200,18825.357,
2026-09-20T22:09:35.370091+00:00,200,18917.491,
2026-09-20T22:09:35.505749+00:00,200,18853.126,
2026-09-20T22:09:35.626825+00:00,200,18767.932,
2026-09-20T22:09:36.173052+00:00,200,18257.702,
2026-09-20T22:09:36.285154+00:00,200,18250.927,
2026-09-20T22:09:35.491212+00:00,200,19080.361,
2026-09-20T22:09:35.716732+00:00,200,18890.291,
2026-09-20T22:09:36.331949+00:00,200,18327.878,
2026-09-20T22:09:35.606174+00:00,200,19121.968,
2026-09-20T22:09:35.586383+00:00,200,19193.611,
2026-09-20T22:09:35.537574+00:00,200,19293.17,
2026-09-20T22:09:36.393509+00:00,200,18488.126,
2026-09-20T22:09:35.561242+00:00,200,19387.273,
2026-09-20T22:09:36.413530+00:00,200,18601.458,
2026-09-20T22:09:35.780762+00:00,200,19267.241,
2026-09-20T22:09:35.730322+00:00,200,19366.679,
2026-09-20T22:09:33.504591+00:00,200,22924.479,
2026-09-20T22:09:33.755675+00:00,200,22684.184,
2026-09-20T22:09:34.628748+00:00,200,21832.423,
2026-09-20T22:09:34.574886+00:00,200,21896.799,
2026-09-20T22:09:35.171599+00:00,200,21310.628,
2026-09-20T22:09:34.441672+00:00,200,22051.199,
2026-09-20T22:09:34.631855+00:00,200,21871.551,
2026-09-20T22:09:34.673716+00:00,200,21840.153,
2026-09-20T22:09:34.439806+00:00,200,22084.592,
2026-09-20T22:09:35.294906+00:00,200,21239.783,
2026-09-20T22:09:34.696195+00:00,200,21848.656,
2026-09-20T22:09:34.718796+00:00,200,21836.252,
2026-09-20T22:09:34.720786+00:00,200,21844.335,
2026-09-20T22:09:35.272705+00:00,200,21302.576,
2026-09-20T22:09:34.794182+00:00,200,21791.197,
2026-09-20T22:09:35.331798+00:00,200,21263.637,
2026-09-20T22:09:34.819226+00:00,200,21786.217,
2026-09-20T22:09:34.586979+00:00,200,22028.443,
2026-09-20T22:09:35.441537+00:00,200,21183.724,
2026-09-20T22:09:34.571875+00:00,200,22063.165,
2026-09-20T22:09:34.706852+00:00,200,21938.131,
2026-09-20T22:09:34.889793+00:00,200,21764.854,
2026-09-20T22:09:35.446596+00:00,200,21217.786,
2026-09-20T22:09:35.338916+00:00,200,21335.112,
2026-09-20T22:09:34.930741+00:00,200,21753.001,
2026-09-20T22:09:34.985988+00:00,200,21707.343,
2026-09-20T22:09:35.438975+00:00,200,21263.905,
2026-09-20T22:09:34.771711+00:00,200,21940.846,
2026-09-20T22:09:34.847000+00:00,200,21875.011,
2026-09-20T22:09:34.971562+00:00,200,21759.845,
2026-09-20T22:09:35.563317+00:00,200,21177.472,
2026-09-20T22:09:35.539751+00:00,200,21210.465,
2026-09-20T22:09:35.635668+00:00,200,21123.974,
2026-09-20T22:09:35.639743+00:00,200,21129.219,
2026-09-20T22:09:35.678922+00:00,200,21099.395,
2026-09-20T22:09:35.119032+00:00,200,21668.503,
2026-09-20T22:09:35.114162+00:00,200,21682.638,
2026-09-20T22:09:35.683968+00:00,200,21122.081,
2026-09-20T22:09:35.155008+00:00,200,21659.996,
2026-09-20T22:09:34.892248+00:00,200,21931.713,
2026-09-20T22:09:34.966348+00:00,200,21866.535,
2026-09-20T22:09:35.802429+00:00,200,21039.241,
2026-09-20T22:09:35.756765+00:00,200,21093.709,
2026-09-20T22:09:35.051259+00:00,200,21807.954,
2026-09-20T22:09:35.466780+00:00,200,21401.266,
2026-09-20T22:09:35.485999+00:00,200,21391.029,
2026-09-20T22:09:35.344601+00:00,200,21541.475,
2026-09-20T22:09:36.088620+00:00,200,20806.284,
2026-09-20T22:09:36.006309+00:00,200,20897.414,
2026-09-20T22:09:36.144567+00:00,200,20768.007,
2026-09-20T22:09:36.157921+00:00,200,20763.36,
2026-09-20T22:09:36.220190+00:00,200,20709.827,
2026-09-20T22:09:35.548970+00:00,200,21389.624,
2026-09-20T22:09:35.570089+00:00,200,21377.103,
2026-09-20T22:09:35.624519+00:00,200,21331.342,
2026-09-20T22:09:35.637939+00:00,200,21326.571,
2026-09-20T22:09:36.179076+00:00,200,20793.956,
2026-09-20T22:09:35.392621+00:00,200,21588.871,
2026-09-20T22:09:36.162601+00:00,200,20827.27,
2026-09-20T22:09:35.488898+00:00,200,21509.391,
2026-09-20T22:09:36.206388+00:00,200,20800.402,
2026-09-20T22:09:35.686105+00:00,200,21329.153,
2026-09-20T22:09:36.334672+00:00,200,20688.927,
2026-09-20T22:09:36.259389+00:00,200,20772.51,
2026-09-20T22:09:35.659110+00:00,200,21381.182,
2026-09-20T22:09:35.526688+00:00,200,21521.877,
2026-09-20T22:09:35.520453+00:00,200,21536.366,
2026-09-20T22:09:35.760365+00:00,200,21304.629,
2026-09-20T22:09:35.732592+00:00,200,21340.66,
2026-09-20T22:09:36.439074+00:00,200,20642.357,
2026-09-20T22:09:35.472335+00:00,200,21617.231,
2026-09-20T22:09:35.629536+00:00,200,21468.181,
2026-09-20T22:09:35.751549+00:00,200,21354.202,
2026-09-20T22:09:35.615516+00:00,200,21505.671,
2026-09-20T22:09:36.454424+00:00,200,20682.254,
2026-09-20T22:09:36.450357+00:00,200,20701.786,
2026-09-20T22:09:35.572075+00:00,200,21603.367,
2026-09-20T22:09:36.500133+00:00,200,20691.079,
2026-09-20T22:09:35.656971+00:00,200,21550.018,
2026-09-20T22:09:36.509274+00:00,200,20721.383,
2026-09-20T22:09:35.850690+00:00,200,21396.038,
2026-09-20T22:09:36.474313+00:00,200,20788.28,
2026-09-20T22:09:35.681102+00:00,200,21597.637,
2026-09-20T22:09:35.889676+00:00,200,21405.217,
2026-09-20T22:09:35.722798+00:00,200,21596.116,
2026-09-20T22:09:35.688727+00:00,200,21646.655,
2026-09-20T22:09:36.365150+00:00,200,20995.085,
2026-09-20T22:09:35.871290+00:00,200,21505.67,
2026-09-20T22:09:36.315396+00:00,200,21078.185,
2026-09-20T22:09:35.737944+00:00,200,21680.681,
2026-09-20T22:09:36.472537+00:00,200,20962.967,
2026-09-20T22:09:36.539305+00:00,200,20913.01,
2026-09-20T22:09:36.575391+00:00,200,20893.791,
2026-09-20T22:09:36.591076+00:00,200,20894.856,
2026-09-20T22:09:35.917772+00:00,200,21593.329,
2026-09-20T22:09:35.935893+00:00,200,21592.387,
2026-09-20T22:09:36.623635+00:00,200,20921.78,
2026-09-20T22:09:35.706198+00:00,200,21856.452,
2026-09-20T22:09:35.778679+00:00,200,21801.112,
2026-09-20T22:09:35.897974+00:00,200,21699.305,
2026-09-20T22:09:35.740399+00:00,200,21874.164,
2026-09-20T22:09:36.657960+00:00,200,20982.429,
2026-09-20T22:09:35.992927+00:00,200,21664.995,
2026-09-20T22:09:35.974469+00:00,200,21701.014,
2026-09-20T22:09:36.573202+00:00,200,21119.797,
2026-09-20T22:09:35.772751+00:00,200,21946.719,
2026-09-20T22:09:35.806023+00:00,200,21940.006,
2026-09-20T22:09:35.834564+00:00,200,21929.453,
2026-09-20T22:09:35.910096+00:00,200,21871.803,
2026-09-20T22:09:36.693475+00:00,200,21115.076,
2026-09-20T22:09:36.017594+00:00,200,21808.974,
2026-09-20T22:09:35.931151+00:00,200,21913.44,
2026-09-20T22:09:35.838918+00:00,200,22023.894,
2026-09-20T22:09:36.029557+00:00,200,21851.515,
2026-09-20T22:09:36.071456+00:00,200,21827.911,
2026-09-20T22:09:36.769568+00:00,200,21148.093,
2026-09-20T22:09:35.882090+00:00,200,22062.977,
2026-09-20T22:09:36.755156+00:00,200,21208.455,
2026-09-20T22:09:36.068293+00:00,200,21913.634,
2026-09-20T22:09:36.745435+00:00,200,21255.006,
2026-09-20T22:09:36.082053+00:00,200,21936.93,
2026-09-20T22:09:35.952898+00:00,200,22084.628,
2026-09-20T22:09:36.757650+00:00,200,21298.361,
2026-09-20T22:09:35.983409+00:00,200,22091.18,
2026-09-20T22:09:36.785237+00:00,200,21307.862,
2026-09-20T22:09:36.126014+00:00,200,21995.219,
2026-09-20T22:09:35.985914+00:00,200,22163.286,
2026-09-20T22:09:36.149374+00:00,200,22018.808,
2026-09-20T22:09:36.839214+00:00,200,21357.919,
2026-09-20T22:09:36.851758+00:00,200,21374.763,
2026-09-20T22:09:36.073319+00:00,200,22172.985,
2026-09-20T22:09:35.938786+00:00,200,22327.696,
2026-09-20T22:09:36.047307+00:00,200,22248.524,
2026-09-20T22:09:35.972176+00:00,200,22343.341,
2026-09-20T22:09:36.840838+00:00,200,21494.521,
2026-09-20T22:09:36.086112+00:00,200,22269.267,
2026-09-20T22:09:36.141958+00:00,200,22234.032,
2026-09-20T22:09:36.176768+00:00,200,22228.815,
2026-09-20T22:09:36.878817+00:00,200,21546.77,
2026-09-20T22:09:36.075543+00:00,200,22370.165,
2026-09-20T22:09:36.872987+00:00,200,21602.724,
2026-09-20T22:09:36.106302+00:00,200,22389.652,
2026-09-20T22:09:36.096138+00:00,200,22419.974,
2026-09-20T22:09:36.225708+00:00,200,22310.671,
2026-09-20T22:09:36.280735+00:00,200,22275.906,
2026-09-20T22:09:36.121633+00:00,200,22455.283,
2026-09-20T22:09:36.973696+00:00,200,21623.429,
2026-09-20T22:09:36.307470+00:00,200,22320.225,
2026-09-20T22:09:36.134060+00:00,200,22524.008,
2026-09-20T22:09:36.160163+00:00,200,22518.234,
2026-09-20T22:09:37.025535+00:00,200,21683.356,
2026-09-20T22:09:36.222663+00:00,200,22516.772,
2026-09-20T22:09:36.990893+00:00,200,21768.863,
2026-09-20T22:09:36.941546+00:00,200,21838.738,
2026-09-20T22:09:36.311319+00:00,200,22489.503,
2026-09-20T22:09:36.146746+00:00,200,22674.568,
2026-09-20T22:09:36.254233+00:00,200,22587.551,
2026-09-20T22:09:36.303887+00:00,200,22558.351,
2026-09-20T22:09:36.378982+00:00,200,22503.806,
2026-09-20T22:09:37.048528+00:00,200,21865.021,
2026-09-20T22:09:36.409397+00:00,200,22524.376,
2026-09-20T22:09:37.074940+00:00,200,21889.531,
2026-09-20T22:09:36.262905+00:00,200,22722.036,
2026-09-20T22:09:36.217295+00:00,200,22798.251,
2026-09-20T22:09:36.428777+00:00,200,22617.611,
2026-09-20T22:09:36.441326+00:00,200,22625.632,
2026-09-20T22:09:36.463574+00:00,200,22644.446,
2026-09-20T22:09:36.458390+00:00,200,22670.399,
2026-09-20T22:09:36.320540+00:00,200,22828.987,
2026-09-20T22:09:36.278627+00:00,200,22901.961,
2026-09-20T22:09:36.343022+00:00,200,22858.357,
2026-09-20T22:09:36.495973+00:00,200,22736.759,
2026-09-20T22:09:37.170031+00:00,200,22083.562,
2026-09-20T22:09:37.180533+00:00,200,22103.883,
2026-09-20T22:09:37.198477+00:00,200,22106.519,
2026-09-20T22:09:36.355752+00:00,200,22969.73,
2026-09-20T22:09:36.375966+00:00,200,22980.027,
2026-09-20T22:09:37.139140+00:00,200,22237.284,
2026-09-20T22:09:37.285389+00:00,200,22111.25,
2026-09-20T22:09:36.443137+00:00,200,22983.887,
2026-09-20T22:09:36.444386+00:00,200,23003.027,
2026-09-20T22:09:36.322685+00:00,200,23145.138,
2026-09-20T22:09:36.556765+00:00,200,22931.439,
2026-09-20T22:09:36.470961+00:00,200,23037.468,
2026-09-20T22:09:36.452259+00:00,200,23086.173,
2026-09-20T22:09:36.559011+00:00,200,22999.851,
2026-09-20T22:09:36.339687+00:00,200,23239.405,
2026-09-20T22:09:36.497866+00:00,200,23111.333,
2026-09-20T22:09:36.480730+00:00,200,23148.933,
2026-09-20T22:09:37.422963+00:00,200,22236.901,
2026-09-20T22:09:36.642340+00:00,200,23037.766,
2026-09-20T22:09:36.608441+00:00,200,23091.93,
2026-09-20T22:09:36.631771+00:00,200,23098.727,
2026-09-20T22:09:36.611348+00:00,200,23139.171,
2026-09-20T22:09:36.686375+00:00,200,23094.267,
2026-09-20T22:09:36.554529+00:00,200,23246.367,
2026-09-20T22:09:36.646952+00:00,200,23184.083,
2026-09-20T22:09:36.675487+00:00,200,23175.76,
2026-09-20T22:09:36.529419+00:00,200,23342.05,
2026-09-20T22:09:36.522939+00:00,200,23368.827,
2026-09-20T22:09:36.506009+00:00,200,23416.127,
2026-09-20T22:09:36.613664+00:00,200,23338.503,
2026-09-20T22:09:36.777858+00:00,200,23204.505,
2026-09-20T22:09:36.638777+00:00,200,23373.343,
2026-09-20T22:09:36.640366+00:00,200,23391.826,
2026-09-20T22:09:36.789314+00:00,200,23263.024,
2026-09-20T22:09:36.706443+00:00,200,23375.865,
2026-09-20T22:09:36.825679+00:00,200,23276.65,
2026-09-20T22:09:36.822725+00:00,200,23299.907,
2026-09-20T22:09:36.781600+00:00,200,23361.701,
2026-09-20T22:09:36.870693+00:00,200,23293.295,
2026-09-20T22:09:36.662576+00:00,200,23522.074,
2026-09-20T22:09:36.752559+00:00,200,23453.209,
2026-09-20T22:09:36.772414+00:00,200,23454.578,
2026-09-20T22:09:36.695724+00:00,200,23552.351,
2026-09-20T22:09:36.728729+00:00,200,23540.628,
2026-09-20T22:09:36.748229+00:00,200,23542.408,
2026-09-20T22:09:36.862503+00:00,200,23449.728,
2026-09-20T22:09:36.891590+00:00,200,23442.627,
2026-09-20T22:09:36.800463+00:00,200,23555.488,
2026-09-20T22:09:36.957106+00:00,200,23420.522,
2026-09-20T22:09:36.806298+00:00,200,23593.265,
2026-09-20T22:09:36.804856+00:00,200,23616.753,
2026-09-20T22:09:36.960195+00:00,200,23483.508,
2026-09-20T22:09:36.843580+00:00,200,23622.569,
2026-09-20T22:09:36.846525+00:00,200,23642.091,
2026-09-20T22:09:36.849386+00:00,200,23661.641,
2026-09-20T22:09:36.977914+00:00,200,23555.697,
2026-09-20T22:09:36.859846+00:00,200,23696.486,
2026-09-20T22:09:36.881288+00:00,200,23697.863,
2026-09-20T22:09:36.988410+00:00,200,23613.49,
2026-09-20T22:09:37.028123+00:00,200,23596.89,
2026-09-20T22:09:36.876465+00:00,200,23771.723,
2026-09-20T22:09:36.939766+00:00,200,23731.686,
2026-09-20T22:09:36.874318+00:00,200,23820.452,
2026-09-20T22:09:37.000756+00:00,200,23717.328,
2026-09-20T22:09:37.033442+00:00,200,23708.063,
2026-09-20T22:09:37.040277+00:00,200,23724.796,
2026-09-20T22:09:36.963124+00:00,200,23825.543,
2026-09-20T22:09:37.066282+00:00,200,23750.377,
2026-09-20T22:09:37.005850+00:00,200,23837.538,
2026-09-20T22:09:37.082986+00:00,200,23784.271,
2026-09-20T22:09:36.906659+00:00,200,23984.451,
2026-09-20T22:09:37.003158+00:00,200,23911.608,
2026-09-20T22:09:36.981053+00:00,200,23957.811,
2026-09-20T22:09:37.093773+00:00,200,23869.276,
2026-09-20T22:09:37.058314+00:00,200,23928.945,
2026-09-20T22:09:37.043374+00:00,200,23968.361,
2026-09-20T22:09:37.035947+00:00,200,24000.094,
2026-09-20T22:09:36.975792+00:00,200,24084.82,
2026-09-20T22:09:37.177701+00:00,200,23907.617,
2026-09-20T22:09:37.031147+00:00,200,24078.855,
2026-09-20T22:09:37.085048+00:00,200,24050.189,
2026-09-20T22:09:37.080175+00:00,200,24080.194,
2026-09-20T22:09:37.164684+00:00,200,24020.674,
2026-09-20T22:09:37.106760+00:00,200,24103.635,
2026-09-20T22:09:37.202996+00:00,200,24032.73,
2026-09-20T22:09:37.188633+00:00,200,24072.328,
2026-09-20T22:09:37.273718+00:00,200,24012.598,
2026-09-20T22:09:37.295193+00:00,200,24016.254,
2026-09-20T22:09:37.161442+00:00,200,24175.446,
2026-09-20T22:09:37.157174+00:00,200,24205.827,
2026-09-20T22:09:37.167258+00:00,200,24221.999,
2026-09-20T22:09:37.233439+00:00,200,24182.393,
2026-09-20T22:09:37.191012+00:00,200,24251.529,
2026-09-20T22:09:37.249588+00:00,200,24219.768,
2026-09-20T22:09:37.226659+00:00,200,24269.742,
2026-09-20T22:09:37.377130+00:00,200,24146.112,
2026-09-20T22:09:37.382737+00:00,200,24167.624,
2026-09-20T22:09:37.173670+00:00,200,24403.757,
2026-09-20T22:09:37.533210+00:00,200,25544.656,
2026-09-20T22:09:37.923583+00:00,200,25179.55,
2026-09-20T22:09:35.261276+00:00,200,27908.654,
2026-09-20T22:09:35.300033+00:00,200,27878.098,
2026-09-20T22:09:34.911880+00:00,200,28274.544,
2026-09-20T22:09:35.044931+00:00,200,28149.623,
2026-09-20T22:09:36.387742+00:00,200,26830.705,
2026-09-20T22:09:36.313822+00:00,200,26912.653,
2026-09-20T22:09:35.763686+00:00,200,27470.668,
2026-09-20T22:09:35.804418+00:00,200,27437.702,
2026-09-20T22:09:35.832492+00:00,200,27417.302,
2026-09-20T22:09:35.710045+00:00,200,27547.541,
2026-09-20T22:09:35.671996+00:00,200,27593.2,
2026-09-20T22:09:35.901845+00:00,200,27371.006,
2026-09-20T22:09:36.629564+00:00,200,26650.934,
2026-09-20T22:09:35.872619+00:00,200,27415.557,
2026-09-20T22:09:35.968443+00:00,200,27327.338,
2026-09-20T22:09:36.690185+00:00,200,26613.092,
2026-09-20T22:09:36.660256+00:00,200,26650.605,
2026-09-20T22:09:36.039584+00:00,200,27278.77,
2026-09-20T22:09:36.739932+00:00,200,26585.795,
2026-09-20T22:09:35.957717+00:00,200,27375.307,
2026-09-20T22:09:36.793101+00:00,200,26547.221,
2026-09-20T22:09:36.854498+00:00,200,26493.191,
2026-09-20T22:09:36.131269+00:00,200,27223.789,
2026-09-20T22:09:36.953424+00:00,200,26408.892,
2026-09-20T22:09:36.971291+00:00,200,26398.471,
2026-09-20T22:09:36.140385+00:00,200,27236.557,
2026-09-20T22:09:36.291562+00:00,200,27092.646,
2026-09-20T22:09:36.993335+00:00,200,26398.056,
2026-09-20T22:09:37.054693+00:00,200,26343.826,
2026-09-20T22:09:36.329481+00:00,200,27076.281,
2026-09-20T22:09:37.064141+00:00,200,26348.68,
2026-09-20T22:09:36.272738+00:00,200,27147.162,
2026-09-20T22:09:37.072992+00:00,200,26353.929,
2026-09-20T22:09:36.275402+00:00,200,27158.441,
2026-09-20T22:09:37.108844+00:00,200,26331.949,
2026-09-20T22:09:37.219698+00:00,200,26228.212,
2026-09-20T22:09:36.239733+00:00,200,27215.11,
2026-09-20T22:09:36.493726+00:00,200,26968.152,
2026-09-20T22:09:36.354105+00:00,200,27114.694,
2026-09-20T22:09:36.537081+00:00,200,26938.603,
2026-09-20T22:09:36.520364+00:00,200,26962.119,
2026-09-20T22:09:36.447956+00:00,200,27041.401,
2026-09-20T22:09:36.517766+00:00,200,26978.435,
2026-09-20T22:09:36.351362+00:00,200,27151.578,
2026-09-20T22:09:36.540526+00:00,200,26969.212,
2026-09-20T22:09:36.625940+00:00,200,26890.441,
2026-09-20T22:09:36.716620+00:00,200,26806.448,
2026-09-20T22:09:36.673250+00:00,200,26856.318,
2026-09-20T22:09:36.649273+00:00,200,26886.825,
2026-09-20T22:09:36.606343+00:00,200,26936.45,
2026-09-20T22:09:37.429137+00:00,200,27250.006,
2026-09-20T22:09:37.637865+00:00,200,27044.446,
2026-09-20T22:09:38.067619+00:00,200,26617.816,
2026-09-20T22:09:38.690629+00:00,200,26000.475,
2026-09-20T22:09:38.017395+00:00,200,27380.399,
2026-09-20T22:09:37.498616+00:00,200,27903.015,
2026-09-20T22:09:37.602838+00:00,200,27801.347,
2026-09-20T22:09:37.723573+00:00,200,27701.075,
2026-09-20T22:09:37.212688+00:00,200,28214.559,
2026-09-20T22:10:03.077721+00:00,200,2382.39,
2026-09-20T22:09:38.808213+00:00,200,26672.758,
2026-09-20T22:09:41.207257+00:00,200,24310.908,
2026-09-20T22:09:42.899352+00:00,200,22671.263,
2026-09-20T22:09:48.353808+00:00,200,17250.473,
2026-09-20T22:09:37.541461+00:00,200,28099.953,
2026-09-20T22:09:38.221037+00:00,200,27422.227,
2026-09-20T22:09:38.986409+00:00,200,26659.705,
2026-09-20T22:10:03.241964+00:00,200,2418.563,
2026-09-20T22:09:39.039297+00:00,200,26653.028,
2026-09-20T22:09:51.829474+00:00,200,13865.38,
2026-09-20T22:09:58.092978+00:00,200,7617.414,
2026-09-20T22:09:42.578216+00:00,200,23148.498,
2026-09-20T22:09:37.193909+00:00,200,28560.504,
2026-09-20T22:09:48.497579+00:00,200,17270.708,
2026-09-20T22:09:37.229847+00:00,200,28552.296,
2026-09-20T22:10:05.457702+00:00,200,353.256,
2026-09-20T22:09:37.336228+00:00,200,28476.333,
2026-09-20T22:09:58.759632+00:00,200,7066.894,
2026-09-20T22:09:38.457334+00:00,200,27383.513,
2026-09-20T22:10:03.376786+00:00,200,2477.478,
2026-09-20T22:09:58.405456+00:00,200,7461.53,
2026-09-20T22:09:38.479327+00:00,200,27389.58,
2026-09-20T22:09:39.282458+00:00,200,26624.134,
2026-09-20T22:10:05.234660+00:00,200,673.138,
2026-09-20T22:09:39.120710+00:00,200,26788.555,
2026-09-20T22:09:52.261860+00:00,200,13649.352,
2026-09-20T22:09:48.721149+00:00,200,17207.186,
2026-09-20T22:09:57.023481+00:00,200,8911.245,
2026-09-20T22:09:38.105526+00:00,200,27843.203,
2026-09-20T22:09:52.036557+00:00,200,13935.41,
2026-09-20T22:09:45.417309+00:00,200,20556.42,
2026-09-20T22:10:05.810957+00:00,200,176.034,
2026-09-20T22:09:52.844599+00:00,200,13164.459,
2026-09-20T22:10:03.516227+00:00,200,2493.772,
2026-09-20T22:10:05.427085+00:00,200,605.75,
2026-09-20T22:10:03.529416+00:00,200,2513.691,
2026-09-20T22:09:37.657587+00:00,200,28386.66,
2026-09-20T22:09:38.585120+00:00,200,27484.536,
2026-09-20T22:09:58.882659+00:00,200,7189.7,
2026-09-20T22:10:05.928238+00:00,200,165.389,
2026-09-20T22:10:05.258079+00:00,200,838.653,
2026-09-20T22:10:03.295625+00:00,200,2801.931,
2026-09-20T22:09:49.045104+00:00,200,17058.422,
2026-09-20T22:09:39.651088+00:00,200,26456.054,
2026-09-20T22:09:59.149397+00:00,200,6967.405,
2026-09-20T22:10:05.224962+00:00,200,892.918,
2026-09-20T22:09:52.323060+00:00,200,13799.059,
2026-09-20T22:10:05.570485+00:00,200,555.95,
2026-09-20T22:09:55.282085+00:00,200,10862.507,
2026-09-20T22:09:48.461336+00:00,200,17684.723,
2026-09-20T22:10:05.398919+00:00,200,753.438,
2026-09-20T22:09:57.064873+00:00,200,9090.795,
2026-09-20T22:10:06.008984+00:00,200,154.623,
2026-09-20T22:10:06.009986+00:00,200,168.346,
2026-09-20T22:10:03.658643+00:00,200,2520.701,
2026-09-20T22:09:38.203435+00:00,200,27978.004,
2026-09-20T22:09:53.333116+00:00,200,12868.348,
2026-09-20T22:10:06.069499+00:00,200,136.259,
2026-09-20T22:10:03.664789+00:00,200,2547.601,
2026-09-20T22:09:59.730367+00:00,200,6484.056,
2026-09-20T22:10:03.707771+00:00,200,2511.69,
2026-09-20T22:10:05.645962+00:00,200,574.152,
2026-09-20T22:09:38.570606+00:00,200,27670.037,
2026-09-20T22:10:06.093628+00:00,200,154.575,
2026-09-20T22:10:05.287533+00:00,200,974.525,
2026-09-20T22:10:05.289121+00:00,200,985.189,
2026-09-20T22:09:48.401540+00:00,200,17873.404,
2026-09-20T22:09:40.262193+00:00,200,26022.121,
2026-09-20T22:09:58.018859+00:00,200,8267.478,
2026-09-20T22:09:51.111304+00:00,200,15187.245,
2026-09-20T22:09:37.396179+00:00,200,28906.063,
2026-09-20T22:09:48.157741+00:00,200,18161.782,
2026-09-20T22:09:38.414113+00:00,200,27907.129,
2026-09-20T22:09:57.040171+00:00,200,9290.094,
2026-09-20T22:10:06.163608+00:00,200,170.273,
2026-09-20T22:09:55.391352+00:00,200,10955.515,
2026-09-20T22:09:57.278617+00:00,200,9080.441,
2026-09-20T22:10:05.377496+00:00,200,1000.446,
2026-09-20T22:10:05.270466+00:00,200,1121.94,
2026-09-20T22:09:57.675359+00:00,200,8720.699,
2026-09-20T22:10:00.247941+00:00,200,6150.952,
2026-09-20T22:09:37.453812+00:00,200,28956.683,
2026-09-20T22:09:45.771876+00:00,200,20649.511,
2026-09-20T22:10:05.726583+00:00,200,703.482,
2026-09-20T22:09:39.878756+00:00,200,26552.205,
2026-09-20T22:10:06.274306+00:00,200,175.507,
2026-09-20T22:10:03.840430+00:00,200,2611.323,
2026-09-20T22:09:44.113316+00:00,200,22348.422,
2026-09-20T22:09:48.879068+00:00,200,17583.984,
2026-09-20T22:10:03.885059+00:00,200,2589.304,
2026-09-20T22:09:52.231626+00:00,200,14256.188,
2026-09-20T22:10:06.240485+00:00,200,250.803,
2026-09-20T22:09:52.385305+00:00,200,14113.411,
2026-09-20T22:09:57.121065+00:00,200,9382.452,
2026-09-20T22:10:05.315140+00:00,200,1192.841,
2026-09-20T22:09:37.586512+00:00,200,28924.13,
2026-09-20T22:10:03.795446+00:00,200,2727.829,
2026-09-20T22:09:42.621511+00:00,200,23907.971,
2026-09-20T22:09:40.908720+00:00,200,25621.55,
2026-09-20T22:10:05.261232+00:00,200,1274.356,
2026-09-20T22:09:46.258692+00:00,200,20288.062,
2026-09-20T22:10:03.509584+00:00,200,3040.696,
2026-09-20T22:10:05.256499+00:00,200,1309.557,
2026-09-20T22:10:05.221770+00:00,200,1367.195,
2026-09-20T22:09:55.778318+00:00,200,10892.22,
2026-09-20T22:09:45.805028+00:00,200,20866.47,
2026-09-20T22:09:48.279339+00:00,200,18422.128,
2026-09-20T22:10:05.237856+00:00,200,1464.484,
2026-09-20T22:10:06.205759+00:00,200,497.645,
2026-09-20T22:09:39.239126+00:00,200,27482.805,
2026-09-20T22:10:00.788531+00:00,200,5934.52,
2026-09-20T22:09:39.382890+00:00,200,27341.612,
2026-09-20T22:10:03.601607+00:00,200,3124.199,
2026-09-20T22:09:47.618705+00:00,200,19129.053,
2026-09-20T22:09:49.073552+00:00,200,17675.649,
2026-09-20T22:10:06.138435+00:00,200,612.183,
2026-09-20T22:09:40.769555+00:00,200,25982.823,
2026-09-20T22:10:06.181280+00:00,200,617.076,
2026-09-20T22:09:48.240471+00:00,200,18598.61,
2026-09-20T22:09:56.167855+00:00,200,10697.095,
2026-09-20T22:10:05.768190+00:00,200,1098.668,
2026-09-20T22:09:51.426236+00:00,200,15442.636,
2026-09-20T22:10:06.392402+00:00,200,496.043,
2026-09-20T22:10:05.879338+00:00,200,1021.255,
2026-09-20T22:09:47.869267+00:00,200,19033.62,
2026-09-20T22:09:45.674220+00:00,200,21263.182,
2026-09-20T22:09:59.107891+00:00,200,7831.701,
2026-09-20T22:10:00.914630+00:00,200,6027.299,
2026-09-20T22:09:49.241864+00:00,200,17702.572,
2026-09-20T22:10:05.247229+00:00,200,1699.697,
2026-09-20T22:09:53.518154+00:00,200,13475.211,
2026-09-20T22:09:53.369461+00:00,200,13626.88,
2026-09-20T22:09:49.413558+00:00,200,17585.877,
2026-09-20T22:09:47.221051+00:00,200,19781.621,
2026-09-20T22:10:05.267399+00:00,200,1738.454,
2026-09-20T22:10:00.938728+00:00,200,6070.592,
2026-09-20T22:09:53.260713+00:00,200,13752.174,
2026-09-20T22:10:03.890437+00:00,200,3126.075,
2026-09-20T22:09:57.657799+00:00,200,9362.48,
2026-09-20T22:09:52.611091+00:00,200,14413.13,
2026-09-20T22:09:49.128902+00:00,200,17904.348,
2026-09-20T22:09:53.084983+00:00,200,14005.922,
2026-09-20T22:09:56.274314+00:00,200,10820.798,
2026-09-20T22:10:01.085182+00:00,200,6014.144,
2026-09-20T22:09:56.428940+00:00,200,10743.272,
2026-09-20T22:10:03.677273+00:00,200,3511.435,
2026-09-20T22:10:00.533477+00:00,200,6667.893,
2026-09-20T22:09:38.597052+00:00,200,28630.511,
2026-09-20T22:09:37.259975+00:00,200,29991.235,
2026-09-20T22:10:03.391240+00:00,200,3864.408,
2026-09-20T22:10:01.185222+00:00,200,6075.114,
2026-09-20T22:10:06.462952+00:00,200,802.159,
2026-09-20T22:09:58.197011+00:00,200,9073.123,
2026-09-20T22:10:03.984634+00:00,200,3290.564,
2026-09-20T22:10:05.239377+00:00,200,2040.992,
2026-09-20T22:09:48.341518+00:00,200,18944.21,
2026-09-20T22:09:49.975565+00:00,200,17393.245,
2026-09-20T22:10:00.601765+00:00,200,6772.201,
2026-09-20T22:09:57.376838+00:00,200,10002.538,
2026-09-20T22:09:56.513744+00:00,200,10871.188,
2026-09-20T22:09:48.227015+00:00,200,19163.557,
2026-09-20T22:10:03.760930+00:00,200,3635.311,
2026-09-20T22:09:49.672409+00:00,200,17729.793,
2026-09-20T22:10:05.332983+00:00,200,2075.037,
2026-09-20T22:09:45.498258+00:00,200,21915.841,
2026-09-20T22:09:43.398284+00:00,200,24021.918,
2026-09-20T22:09:41.971540+00:00,200,25454.831,
2026-09-20T22:09:56.787412+00:00,200,10645.213,
2026-09-20T22:09:57.048443+00:00,200,10390.652,
2026-09-20T22:09:57.191094+00:00,200,10313.17,
2026-09-20T22:09:40.671024+00:00,200,26877.161,
2026-09-20T22:09:55.817969+00:00,200,11736.806,
2026-09-20T22:10:05.643107+00:00,200,1918.386,
2026-09-20T22:09:39.714907+00:00,200,27853.671,
2026-09-20T22:10:05.840690+00:00,200,1734.816,
2026-09-20T22:10:05.236255+00:00,200,2411.423,
2026-09-20T22:09:55.710863+00:00,200,11995.539,
2026-09-20T22:10:03.999829+00:00,200,3713.938,
2026-09-20T22:10:00.143169+00:00,200,7578.07,
2026-09-20T22:09:38.050662+00:00,200,29678.276,
2026-09-20T22:09:58.266356+00:00,200,9470.077,
2026-09-20T22:09:54.881530+00:00,200,12862.763,
2026-09-20T22:09:37.257416+00:00,200,30494.959,
2026-09-20T22:10:06.144533+00:00,200,1615.655,
2026-09-20T22:09:40.888840+00:00,200,26879.697,
2026-09-20T22:09:56.034665+00:00,200,11742.014,
2026-09-20T22:10:05.826487+00:00,200,1958.485,
2026-09-20T22:09:50.033848+00:00,200,17759.828,
2026-09-20T22:09:48.825519+00:00,200,18976.819,
2026-09-20T22:10:06.171275+00:00,200,1639.763,
2026-09-20T22:10:05.934677+00:00,200,1885.139,
2026-09-20T22:10:06.274843+00:00,200,1553.856,
2026-09-20T22:10:03.169771+00:00,200,4668.149,
2026-09-20T22:09:47.777062+00:00,200,20070.217,
2026-09-20T22:10:06.126435+00:00,200,1730.11,
2026-09-20T22:09:41.838286+00:00,200,26027.869,
2026-09-20T22:09:43.920309+00:00,200,23955.48,
2026-09-20T22:09:55.511698+00:00,200,12373.8,
2026-09-20T22:09:56.564997+00:00,200,11470.771,
2026-09-20T22:09:57.073131+00:00,200,10972.297,
2026-09-20T22:10:05.290576+00:00,200,2764.639,
2026-09-20T22:09:57.981803+00:00,200,10083.42,
2026-09-20T22:09:47.534600+00:00,200,20540.764,
2026-09-20T22:10:01.260823+00:00,200,6824.576,
2026-09-20T22:09:46.098979+00:00,200,21996.649,
2026-09-20T22:10:03.347537+00:00,200,4758.441,
2026-09-20T22:10:03.857079+00:00,200,4259.386,
2026-09-20T22:10:04.014906+00:00,200,4112.23,
2026-09-20T22:09:57.435385+00:00,200,10702.639,
2026-09-20T22:09:56.179772+00:00,200,11969.284,
2026-09-20T22:10:06.372926+00:00,200,1787.545,
2026-09-20T22:09:37.322947+00:00,200,30849.269,
2026-09-20T22:09:50.121420+00:00,200,18062.364,
2026-09-20T22:09:57.862687+00:00,200,10332.674,
2026-09-20T22:09:53.189596+00:00,200,15017.584,
2026-09-20T22:10:04.063680+00:00,200,4190.187,
2026-09-20T22:09:41.452110+00:00,200,26838.784,
2026-09-20T22:10:06.178333+00:00,200,2248.191,
2026-09-20T22:10:05.231321+00:00,200,3207.68,
2026-09-20T22:09:37.341507+00:00,200,31110.19,
2026-09-20T22:09:51.068600+00:00,200,17395.721,
2026-09-20T22:10:06.701362+00:00,200,1775.762,
2026-09-20T22:09:37.433855+00:00,200,31056.483,
2026-09-20T22:10:05.278425+00:00,200,3224.75,
2026-09-20T22:09:56.595314+00:00,200,11921.035,
2026-09-20T22:10:06.179331+00:00,200,2350.183,
2026-09-20T22:09:42.406281+00:00,200,26136.722,
2026-09-20T22:09:43.986288+00:00,200,24570.115,
2026-09-20T22:10:05.313613+00:00,200,3256.193,
2026-09-20T22:10:03.948698+00:00,200,4634.936,
2026-09-20T22:10:01.311313+00:00,200,7286.153,
2026-09-20T22:09:48.329213+00:00,200,20282.354,
2026-09-20T22:09:50.539966+00:00,200,18085.793,
2026-09-20T22:09:43.748159+00:00,200,24891.888,
2026-09-20T22:10:06.670477+00:00,200,2166.727,
2026-09-20T22:10:06.702334+00:00,200,2155.431,
2026-09-20T22:10:06.721775+00:00,200,2149.783,
2026-09-20T22:10:06.773667+00:00,200,2111.912,
2026-09-20T22:10:05.283007+00:00,200,3631.191,
2026-09-20T22:09:50.510746+00:00,200,18418.061,
2026-09-20T22:10:00.579016+00:00,200,8364.481,
2026-09-20T22:10:05.259653+00:00,200,3698.673,
2026-09-20T22:09:48.596361+00:00,200,20376.858,
2026-09-20T22:09:44.863796+00:00,200,24124.606,
2026-09-20T22:10:05.355990+00:00,200,3647.479,
2026-09-20T22:09:55.984718+00:00,200,13033.999,
2026-09-20T22:10:05.441576+00:00,200,3592.472,
2026-09-20T22:09:50.180259+00:00,200,18869.456,
2026-09-20T22:09:37.847294+00:00,200,31218.077,
2026-09-20T22:09:43.677867+00:00,200,25403.13,
2026-09-20T22:10:04.135236+00:00,200,4961.56,
2026-09-20T22:09:50.335250+00:00,200,18777.936,
2026-09-20T22:09:37.511576+00:00,200,31617.852,
2026-09-20T22:09:50.955348+00:00,200,18190.25,
2026-09-20T22:09:45.975483+00:00,200,23186.567,
2026-09-20T22:09:59.659738+00:00,200,9518.685,
2026-09-20T22:10:05.334390+00:00,200,3860.605,
2026-09-20T22:09:43.512025+00:00,200,25699.781,
2026-09-20T22:10:06.606201+00:00,200,2622.446,
2026-09-20T22:10:01.700778+00:00,200,7544.923,
2026-09-20T22:10:06.219448+00:00,200,3042.944,
2026-09-20T22:10:01.415694+00:00,200,7863.571,
2026-09-20T22:09:37.215899+00:00,200,32080.46,
2026-09-20T22:09:50.569058+00:00,200,18744.119,
2026-09-20T22:09:56.859089+00:00,200,12471.334,
2026-09-20T22:09:41.048264+00:00,200,28299.333,
2026-09-20T22:09:52.171080+00:00,200,17193.658,
2026-09-20T22:09:42.450349+00:00,200,26931.915,
2026-09-20T22:09:44.895031+00:00,200,24504.753,
2026-09-20T22:09:55.406752+00:00,200,14010.769,
2026-09-20T22:10:05.319682+00:00,200,4116.28,
2026-09-20T22:09:37.350194+00:00,200,32104.309,
2026-09-20T22:09:46.939020+00:00,200,22533.997,
2026-09-20T22:10:01.714111+00:00,200,7777.469,
2026-09-20T22:09:51.168068+00:00,200,18342.388,
2026-09-20T22:09:39.093309+00:00,200,30436.214,
2026-09-20T22:09:41.707549+00:00,200,27841.203,
2026-09-20T22:09:52.081331+00:00,200,17486.539,
2026-09-20T22:09:48.291798+00:00,200,21295.607,
2026-09-20T22:09:39.912213+00:00,200,29694.719,
2026-09-20T22:09:59.066829+00:00,200,10559.644,
2026-09-20T22:10:05.262817+00:00,200,4383.416,
2026-09-20T22:09:48.933408+00:00,200,20732.671,
2026-09-20T22:10:04.153863+00:00,200,5531.576,
2026-09-20T22:10:04.149115+00:00,200,5555.695,
2026-09-20T22:10:05.279988+00:00,200,4444.449,
2026-09-20T22:10:05.218561+00:00,200,4661.819,
2026-09-20T22:10:06.838976+00:00,200,3212.285,
2026-09-20T22:10:00.717949+00:00,200,9363.771,
2026-09-20T22:09:43.622511+00:00,200,26479.531,
2026-09-20T22:09:37.347053+00:00,200,32775.448,
2026-09-20T22:10:06.070171+00:00,200,4072.673,
2026-09-20T22:10:06.330213+00:00,200,3833.169,
2026-09-20T22:10:05.321157+00:00,200,4863.057,
2026-09-20T22:09:48.389586+00:00,200,21815.469,
2026-09-20T22:09:49.614970+00:00,200,20611.088,
2026-09-20T22:10:03.783994+00:00,200,6463.012,
2026-09-20T22:09:55.344533+00:00,200,14923.351,
2026-09-20T22:10:03.569372+00:00,200,6719.105,
2026-09-20T22:10:06.321083+00:00,200,3988.17,
2026-09-20T22:09:40.447490+00:00,200,29882.788,
2026-09-20T22:10:05.335827+00:00,200,5015.271,
2026-09-20T22:10:06.346806+00:00,200,4025.638,
2026-09-20T22:09:57.545297+00:00,200,12848.447,
2026-09-20T22:09:56.585255+00:00,200,13829.929,
2026-09-20T22:09:52.111279+00:00,200,18325.525,
2026-09-20T22:09:44.660417+00:00,200,25798.011,
2026-09-20T22:09:48.171679+00:00,200,22308.496,
2026-09-20T22:09:57.614438+00:00,200,12887.647,
2026-09-20T22:09:51.239340+00:00,200,19284.951,
2026-09-20T22:09:44.972402+00:00,200,25573.969,
2026-09-20T22:09:43.071767+00:00,200,27496.816,
2026-09-20T22:10:01.727494+00:00,200,8863.367,
2026-09-20T22:09:37.878352+00:00,200,32735.044,
2026-09-20T22:09:44.128402+00:00,200,26507.708,
2026-09-20T22:10:06.220113+00:00,200,4438.589,
2026-09-20T22:10:05.941330+00:00,200,4740.119,
2026-09-20T22:09:56.492746+00:00,200,14211.647,
2026-09-20T22:10:04.158459+00:00,200,6568.798,
2026-09-20T22:09:49.873219+00:00,200,20877.175,
2026-09-20T22:10:05.977115+00:00,200,4797.172,
2026-09-20T22:09:47.729904+00:00,200,23068.639,
2026-09-20T22:10:03.806816+00:00,200,7015.919,
2026-09-20T22:10:03.862510+00:00,200,6984.758,
2026-09-20T22:09:48.449378+00:00,200,22422.477,
2026-09-20T22:09:44.035298+00:00,200,27122.041,
2026-09-20T22:10:06.319424+00:00,200,4933.66,
2026-09-20T22:10:05.268944+00:00,200,6020.233,
2026-09-20T22:09:37.678491+00:00,200,33733.057,
2026-09-20T22:10:05.424489+00:00,200,6011.595,
2026-09-20T22:09:58.678269+00:00,200,12783.093,
2026-09-20T22:09:44.159510+00:00,200,27327.059,
2026-09-20T22:10:01.286179+00:00,200,10225.246,
2026-09-20T22:09:38.352510+00:00,200,33184.412,
2026-09-20T22:09:45.066221+00:00,200,26495.899,
2026-09-20T22:09:51.325044+00:00,200,20262.333,
2026-09-20T22:09:37.253363+00:00,200,34359.672,
2026-09-20T22:10:03.426771+00:00,200,8211.83,
2026-09-20T22:10:05.325671+00:00,200,6338.807,
2026-09-20T22:10:03.964297+00:00,200,7738.945,
2026-09-20T22:09:43.713252+00:00,200,28016.0,
2026-09-20T22:10:04.172151+00:00,200,7582.304,
2026-09-20T22:09:59.015416+00:00,200,12764.255,
2026-09-20T22:10:01.160232+00:00,200,10644.742,
2026-09-20T22:10:05.710350+00:00,200,6120.234,
2026-09-20T22:09:44.002620+00:00,200,27853.727,
2026-09-20T22:09:55.541186+00:00,200,16353.204,
2026-09-20T22:09:55.857284+00:00,200,16073.966,
2026-09-20T22:10:00.334084+00:00,200,11645.749,
2026-09-20T22:09:49.902627+00:00,200,22124.876,
2026-09-20T22:09:44.296251+00:00,200,27754.92,
2026-09-20T22:09:40.789390+00:00,200,31285.591,
2026-09-20T22:09:56.731283+00:00,200,15367.385,
2026-09-20T22:10:01.754615+00:00,200,10367.631,
2026-09-20T22:09:41.926659+00:00,200,30219.301,
2026-09-20T22:10:03.051597+00:00,200,9117.859,
2026-09-20T22:09:51.353684+00:00,200,20851.354,
2026-09-20T22:10:01.768027+00:00,200,10460.851,
2026-09-20T22:10:04.176663+00:00,200,8076.166,
2026-09-20T22:09:40.829232+00:00,200,31481.924,
2026-09-20T22:09:37.568555+00:00,200,34765.867,
2026-09-20T22:09:55.313474+00:00,200,17044.24,
2026-09-20T22:09:51.559662+00:00,200,20901.672,
2026-09-20T22:09:38.332957+00:00,200,34151.438,
2026-09-20T22:09:49.157076+00:00,200,23350.252,
2026-09-20T22:09:57.899243+00:00,200,14631.17,
2026-09-20T22:09:53.669571+00:00,200,18883.589,
2026-09-20T22:10:07.012810+00:00,200,5584.399,
2026-09-20T22:09:55.599558+00:00,200,17019.669,
2026-09-20T22:09:45.128866+00:00,200,27512.624,
2026-09-20T22:09:56.654523+00:00,200,16009.304,
2026-09-20T22:10:07.009288+00:00,200,5676.866,
2026-09-20T22:09:56.615297+00:00,200,16093.104,
2026-09-20T22:10:07.504206+00:00,200,5725.735,
2026-09-20T22:10:03.969408+00:00,200,9311.433,
2026-09-20T22:10:06.939549+00:00,200,6391.951,
2026-09-20T22:09:52.880515+00:00,200,20459.674,
2026-09-20T22:10:04.125838+00:00,200,9222.888,
2026-09-20T22:10:01.740733+00:00,200,11616.746,
2026-09-20T22:09:56.203380+00:00,200,17162.716,
2026-09-20T22:09:45.097268+00:00,200,28277.531,
2026-09-20T22:10:05.322709+00:00,200,8060.579,
2026-09-20T22:10:00.843254+00:00,200,12548.684,
2026-09-20T22:09:57.418502+00:00,200,15982.091,
2026-09-20T22:09:39.845238+00:00,200,33564.043,
2026-09-20T22:10:05.786519+00:00,200,7631.305,
2026-09-20T22:09:40.710416+00:00,200,32716.218,
2026-09-20T22:10:06.999335+00:00,200,6435.776,
2026-09-20T22:10:07.033149+00:00,200,6714.208,
2026-09-20T22:09:50.452291+00:00,200,23325.348,
2026-09-20T22:10:05.694778+00:00,200,8090.447,
2026-09-20T22:09:50.656139+00:00,200,23166.693,
2026-09-20T22:09:44.204670+00:00,200,29715.833,
2026-09-20T22:09:55.791506+00:00,200,18136.233,
2026-09-20T22:09:56.867925+00:00,200,17067.191,
2026-09-20T22:09:39.500031+00:00,200,34442.511,
2026-09-20T22:09:56.712432+00:00,200,17237.421,
2026-09-20T22:10:06.655646+00:00,200,7301.479,
2026-09-20T22:09:48.988734+00:00,200,24975.731,
2026-09-20T22:09:44.066836+00:00,200,29904.884,
2026-09-20T22:09:59.538300+00:00,200,14440.417,
2026-09-20T22:10:07.016496+00:00,200,6969.309,
2026-09-20T22:09:45.739174+00:00,200,28260.78,
2026-09-20T22:09:50.250674+00:00,200,24143.874,
2026-09-20T22:09:40.335581+00:00,200,34085.165,
2026-09-20T22:09:50.222324+00:00,200,24244.309,
2026-09-20T22:09:38.275643+00:00,200,36201.242,
2026-09-20T22:10:03.652485+00:00,200,10869.353,
2026-09-20T22:09:53.593801+00:00,200,20933.099,
2026-09-20T22:09:45.940530+00:00,200,28591.402,
2026-09-20T22:09:43.953406+00:00,200,30889.836,
2026-09-20T22:09:37.747966+00:00,200,37138.113,
2026-09-20T22:09:46.722841+00:00,200,28171.815,
2026-09-20T22:10:01.808100+00:00,200,13099.57,
2026-09-20T22:09:45.466148+00:00,200,29450.388,
2026-09-20T22:09:56.912456+00:00,200,18012.835,
2026-09-20T22:09:49.586191+00:00,200,25406.918,
2026-09-20T22:09:37.870784+00:00,200,37196.146,
2026-09-20T22:09:45.208845+00:00,200,30063.718,
2026-09-20T22:09:59.830904+00:00,200,15448.803,
2026-09-20T22:10:07.005844+00:00,200,8296.004,
2026-09-20T22:09:37.266763+00:00,200,38053.899,
2026-09-20T22:09:58.149074+00:00,200,17194.172,
2026-09-20T22:09:48.485265+00:00,200,26959.611,
2026-09-20T22:10:13.785180+00:00,200,1666.207,
2026-09-20T22:09:41.493873+00:00,200,33999.87,
2026-09-20T22:10:04.289413+00:00,200,11246.511,
2026-09-20T22:10:06.550761+00:00,200,9027.033,
2026-09-20T22:09:38.908026+00:00,200,36704.529,
2026-09-20T22:10:03.542641+00:00,200,12075.619,
2026-09-20T22:09:38.435571+00:00,200,37246.877,
2026-09-20T22:09:39.779515+00:00,200,35953.126,
2026-09-20T22:10:08.885569+00:00,200,6882.81,
2026-09-20T22:10:04.049345+00:00,200,11754.174,
2026-09-20T22:10:14.843065+00:00,200,976.199,
2026-09-20T22:10:06.688260+00:00,200,9158.264,
2026-09-20T22:09:41.750725+00:00,200,34103.531,
2026-09-20T22:09:47.345602+00:00,200,28513.638,
2026-09-20T22:10:06.106991+00:00,200,9775.19,
2026-09-20T22:09:55.233103+00:00,200,20671.466,
2026-09-20T22:09:50.757178+00:00,200,25175.051,
2026-09-20T22:09:44.597114+00:00,200,31353.265,
2026-09-20T22:09:56.740669+00:00,200,19224.689,
2026-09-20T22:10:13.822699+00:00,200,2202.129,
2026-09-20T22:10:07.027034+00:00,200,9021.678,
2026-09-20T22:10:07.390463+00:00,200,8675.281,
2026-09-20T22:09:45.160908+00:00,200,30914.925,
2026-09-20T22:10:05.480819+00:00,200,10623.347,
2026-09-20T22:10:05.226574+00:00,200,10897.617,
2026-09-20T22:10:08.045366+00:00,200,8140.458,
2026-09-20T22:09:38.832419+00:00,200,37375.188,
2026-09-20T22:10:07.188690+00:00,200,9036.13,
2026-09-20T22:10:01.362865+00:00,200,14941.994,
2026-09-20T22:10:08.973106+00:00,200,7421.929,
2026-09-20T22:09:56.981370+00:00,200,19430.322,
2026-09-20T22:10:05.216922+00:00,200,11232.963,
2026-09-20T22:10:05.623167+00:00,200,10843.115,
2026-09-20T22:10:05.232910+00:00,200,11287.186,
2026-09-20T22:10:04.354435+00:00,200,12194.37,
2026-09-20T22:09:48.620945+00:00,200,27972.639,
2026-09-20T22:10:06.752230+00:00,200,9847.599,
2026-09-20T22:10:00.867123+00:00,200,15746.202,
2026-09-20T22:09:48.799035+00:00,200,27827.095,
2026-09-20T22:09:47.257802+00:00,200,29405.47,
2026-09-20T22:09:41.247439+00:00,200,35419.957,
2026-09-20T22:09:40.749780+00:00,200,35928.249,
2026-09-20T22:10:07.592817+00:00,200,9113.991,
2026-09-20T22:09:44.174913+00:00,200,32566.361,
2026-09-20T22:10:07.439037+00:00,200,9329.127,
2026-09-20T22:09:39.176453+00:00,200,37612.317,
2026-09-20T22:10:06.902778+00:00,200,9909.662,
2026-09-20T22:10:08.127114+00:00,200,8689.077,
2026-09-20T22:10:14.916368+00:00,200,1935.232,
2026-09-20T22:09:54.198258+00:00,200,22684.237,
2026-09-20T22:10:05.228187+00:00,200,11657.621,
2026-09-20T22:10:13.920333+00:00,200,2972.077,
2026-09-20T22:10:06.573390+00:00,200,10324.222,
2026-09-20T22:10:15.202223+00:00,200,1741.547,
2026-09-20T22:09:43.869916+00:00,200,33091.784,
2026-09-20T22:10:06.359008+00:00,200,10624.041,
2026-09-20T22:10:09.096770+00:00,200,7902.209,
2026-09-20T22:10:13.964323+00:00,200,3115.465,
2026-09-20T22:10:07.275181+00:00,200,9821.978,
2026-09-20T22:09:45.353005+00:00,200,31754.565,
2026-09-20T22:10:04.092779+00:00,200,13039.617,
2026-09-20T22:09:55.738088+00:00,200,21404.068,
2026-09-20T22:09:49.016909+00:00,200,28146.042,
2026-09-20T22:10:15.577555+00:00,200,1603.305,
2026-09-20T22:09:55.764998+00:00,200,21427.225,
2026-09-20T22:09:39.440673+00:00,200,37769.284,
2026-09-20T22:10:06.096729+00:00,200,11119.516,
2026-09-20T22:10:04.424031+00:00,200,12798.199,
2026-09-20T22:10:01.523105+00:00,200,15702.366,
2026-09-20T22:10:14.957479+00:00,200,2278.612,
2026-09-20T22:10:08.222973+00:00,200,9024.338,
2026-09-20T22:10:05.971890+00:00,200,11282.29,
2026-09-20T22:09:57.763892+00:00,200,19508.276,
2026-09-20T22:10:16.223648+00:00,200,1083.499,
2026-09-20T22:10:02.881924+00:00,200,14436.315,
2026-09-20T22:09:54.358768+00:00,200,22969.685,
2026-09-20T22:09:49.757912+00:00,200,27578.95,
2026-09-20T22:09:57.056697+00:00,200,20293.665,
2026-09-20T22:10:09.262376+00:00,200,8127.964,
2026-09-20T22:10:03.933125+00:00,200,13465.405,
2026-09-20T22:09:37.490688+00:00,200,39925.245,
2026-09-20T22:10:16.393627+00:00,200,1022.238,
2026-09-20T22:10:14.095924+00:00,200,3322.859,
2026-09-20T22:10:02.132533+00:00,200,15288.663,
2026-09-20T22:09:56.989752+00:00,200,20446.05,
2026-09-20T22:10:17.207269+00:00,200,239.809,
2026-09-20T22:09:56.534569+00:00,200,20922.895,
2026-09-20T22:09:55.452220+00:00,200,22012.267,
2026-09-20T22:10:03.318199+00:00,200,14174.676,
2026-09-20T22:10:06.377938+00:00,200,11141.782,
2026-09-20T22:09:46.992757+00:00,200,30531.793,
2026-09-20T22:09:37.482706+00:00,200,40044.158,
2026-09-20T22:10:00.163856+00:00,200,17375.017,
2026-09-20T22:09:44.832002+00:00,200,32709.243,
2026-09-20T22:10:03.778260+00:00,200,13765.359,
2026-09-20T22:09:55.526522+00:00,200,22032.367,
2026-09-20T22:09:43.567038+00:00,200,33999.692,
2026-09-20T22:09:56.998167+00:00,200,20571.159,
2026-09-20T22:09:58.536252+00:00,200,19041.36,
2026-09-20T22:10:14.552206+00:00,200,3026.897,
2026-09-20T22:10:04.489845+00:00,200,13096.518,
2026-09-20T22:10:04.281018+00:00,200,13307.634,
2026-09-20T22:10:09.472888+00:00,200,8147.103,
2026-09-20T22:10:15.853474+00:00,200,1779.447,
2026-09-20T22:09:56.461047+00:00,200,21175.15,
2026-09-20T22:09:50.983904+00:00,200,26663.992,
2026-09-20T22:09:38.524419+00:00,200,39131.3,
2026-09-20T22:10:14.215963+00:00,200,3441.291,
2026-09-20T22:10:06.441065+00:00,200,11231.417,
2026-09-20T22:10:17.213702+00:00,200,463.884,
2026-09-20T22:10:03.713766+00:00,200,13976.25,
2026-09-20T22:10:14.571591+00:00,200,3131.328,
2026-09-20T22:10:07.736380+00:00,200,9969.157,
2026-09-20T22:10:07.408009+00:00,200,10298.662,
2026-09-20T22:09:50.685145+00:00,200,27025.844,
2026-09-20T22:10:02.008338+00:00,200,15707.709,
2026-09-20T22:10:14.782157+00:00,200,2938.265,
2026-09-20T22:10:15.066717+00:00,200,2654.312,
2026-09-20T22:10:02.049526+00:00,200,15682.136,
2026-09-20T22:10:05.948570+00:00,200,11783.632,
2026-09-20T22:10:15.706914+00:00,200,2033.103,
2026-09-20T22:09:55.437149+00:00,200,22310.548,
2026-09-20T22:09:48.304393+00:00,200,29447.923,
2026-09-20T22:10:14.590810+00:00,200,3167.705,
2026-09-20T22:09:56.059279+00:00,200,21712.569,
2026-09-20T22:10:16.518493+00:00,200,1257.147,
2026-09-20T22:10:06.284165+00:00,200,11503.026,
2026-09-20T22:09:54.948404+00:00,200,22843.537,
2026-09-20T22:09:39.589186+00:00,200,38212.329,
2026-09-20T22:09:56.319632+00:00,200,21483.133,
2026-09-20T22:10:17.305659+00:00,200,494.957,
2026-09-20T22:09:55.751583+00:00,200,22052.908,
2026-09-20T22:10:09.750268+00:00,200,8058.968,
2026-09-20T22:10:17.408617+00:00,200,408.891,
2026-09-20T22:10:14.268027+00:00,200,3555.686,
2026-09-20T22:10:04.565652+00:00,200,13260.058,
2026-09-20T22:10:14.351641+00:00,200,3485.684,
2026-09-20T22:10:00.764938+00:00,200,17095.072,
2026-09-20T22:09:39.066094+00:00,200,38805.923,
2026-09-20T22:10:17.686837+00:00,200,189.622,
2026-09-20T22:10:03.265039+00:00,200,14616.699,
2026-09-20T22:10:06.116763+00:00,200,11777.589,
2026-09-20T22:10:17.728420+00:00,200,177.848,
2026-09-20T22:10:04.229725+00:00,200,13699.261,
2026-09-20T22:10:17.728981+00:00,200,198.37,
2026-09-20T22:10:17.768519+00:00,200,159.527,
2026-09-20T22:09:55.014882+00:00,200,22917.94,
2026-09-20T22:09:47.808265+00:00,200,30138.203,
2026-09-20T22:10:07.793575+00:00,200,10160.203,
2026-09-20T22:10:07.885429+00:00,200,10072.736,
2026-09-20T22:09:46.310971+00:00,200,31648.395,
2026-09-20T22:09:56.823837+00:00,200,21136.576,
2026-09-20T22:10:14.561903+00:00,200,3413.361,
2026-09-20T22:10:17.783902+00:00,200,192.925,
2026-09-20T22:10:02.796151+00:00,200,15186.275,
2026-09-20T22:10:06.566050+00:00,200,11417.226,
2026-09-20T22:10:06.430810+00:00,200,11577.619,
2026-09-20T22:10:17.798053+00:00,200,216.414,
2026-09-20T22:10:04.595586+00:00,200,13422.947,
2026-09-20T22:10:06.671378+00:00,200,11352.347,
2026-09-20T22:10:07.875653+00:00,200,10156.638,
2026-09-20T22:10:01.035904+00:00,200,17006.154,
2026-09-20T22:09:40.189780+00:00,200,37859.356,
2026-09-20T22:10:17.856597+00:00,200,199.452,
2026-09-20T22:09:57.745904+00:00,200,20319.971,
2026-09-20T22:09:37.861486+00:00,200,40210.435,
2026-09-20T22:10:02.063346+00:00,200,16024.118,
2026-09-20T22:09:47.634823+00:00,200,30464.159,
2026-09-20T22:10:17.906044+00:00,200,194.37,
2026-09-20T22:10:04.068542+00:00,200,14036.656,
2026-09-20T22:10:14.154273+00:00,200,3955.608,
2026-09-20T22:10:04.493435+00:00,200,13623.647,
2026-09-20T22:10:16.676069+00:00,200,1443.902,
2026-09-20T22:10:02.077211+00:00,200,16067.897,
2026-09-20T22:09:53.555985+00:00,200,24592.135,
2026-09-20T22:10:02.300329+00:00,200,15856.57,
2026-09-20T22:10:13.617329+00:00,200,4543.288,
2026-09-20T22:10:14.952938+00:00,200,3216.345,
2026-09-20T22:10:04.572407+00:00,200,13601.028,
2026-09-20T22:10:04.668851+00:00,200,13518.313,
2026-09-20T22:09:50.785944+00:00,200,27426.34,
2026-09-20T22:10:11.536732+00:00,200,6680.332,
2026-09-20T22:09:37.833522+00:00,200,40386.216,
2026-09-20T22:09:56.482106+00:00,200,21740.66,
2026-09-20T22:09:51.196631+00:00,200,27031.844,
2026-09-20T22:10:04.665664+00:00,200,13576.522,
2026-09-20T22:09:46.188356+00:00,200,32059.079,
2026-09-20T22:09:47.823750+00:00,200,30440.899,
2026-09-20T22:10:14.122224+00:00,200,4148.435,
2026-09-20T22:10:16.996747+00:00,200,1278.19,
2026-09-20T22:10:02.091042+00:00,200,16208.691,
2026-09-20T22:09:38.608767+00:00,200,39692.2,
2026-09-20T22:10:13.495447+00:00,200,4821.905,
2026-09-20T22:10:02.173086+00:00,200,16145.545,
2026-09-20T22:10:13.545334+00:00,200,4774.51,
2026-09-20T22:10:04.198946+00:00,200,14139.526,
2026-09-20T22:09:56.768842+00:00,200,21571.064,
2026-09-20T22:09:37.595897+00:00,200,40745.563,
2026-09-20T22:10:02.021961+00:00,200,16320.926,
2026-09-20T22:09:57.562526+00:00,200,20802.962,
2026-09-20T22:10:00.011987+00:00,200,18376.562,
2026-09-20T22:10:17.755310+00:00,200,631.591,
2026-09-20T22:10:13.585698+00:00,200,4806.082,
2026-09-20T22:10:02.419136+00:00,200,15974.445,
2026-09-20T22:09:40.372313+00:00,200,38023.259,
2026-09-20T22:09:37.711855+00:00,200,40711.24,
2026-09-20T22:09:56.921163+00:00,200,21503.751,
2026-09-20T22:10:17.094785+00:00,200,1356.376,
2026-09-20T22:10:00.032059+00:00,200,18423.549,
2026-09-20T22:10:00.556198+00:00,200,17901.487,
2026-09-20T22:10:14.173081+00:00,200,4286.712,
2026-09-20T22:09:41.535925+00:00,200,36926.324,
2026-09-20T22:10:13.365999+00:00,200,5130.483,
2026-09-20T22:09:47.666829+00:00,200,30832.23,
2026-09-20T22:10:06.841170+00:00,200,11660.381,
2026-09-20T22:10:08.085362+00:00,200,10418.815,
2026-09-20T22:09:58.739307+00:00,200,19803.028,
2026-09-20T22:09:57.393461+00:00,200,21151.487,
2026-09-20T22:10:04.678988+00:00,200,13907.902,
2026-09-20T22:10:11.411355+00:00,200,7178.218,
2026-09-20T22:10:14.542427+00:00,200,4050.012,
2026-09-20T22:10:16.343437+00:00,200,2250.576,
2026-09-20T22:10:04.514523+00:00,200,14083.719,
2026-09-20T22:09:44.518474+00:00,200,34130.599,
2026-09-20T22:09:44.486900+00:00,200,34165.165,
2026-09-20T22:10:11.436051+00:00,200,7218.923,
2026-09-20T22:09:50.077596+00:00,200,28580.505,
2026-09-20T22:10:09.161919+00:00,200,9499.329,
2026-09-20T22:09:48.365830+00:00,200,30298.822,
2026-09-20T22:09:46.669299+00:00,200,31998.685,
2026-09-20T22:09:59.700239+00:00,200,18971.096,
2026-09-20T22:10:16.345996+00:00,200,2327.371,
2026-09-20T22:10:14.521776+00:00,200,4232.257,
2026-09-20T22:09:49.643870+00:00,200,29113.927,
2026-09-20T22:10:14.335302+00:00,200,4426.887,
2026-09-20T22:10:09.296175+00:00,200,9469.81,
2026-09-20T22:09:44.455271+00:00,200,34397.338,
2026-09-20T22:10:14.619999+00:00,200,4240.072,
2026-09-20T22:09:46.417492+00:00,200,32475.373,
2026-09-20T22:09:53.800643+00:00,200,25097.614,
2026-09-20T22:10:07.101947+00:00,200,11801.531,
2026-09-20T22:09:58.037400+00:00,200,20870.303,
2026-09-20T22:09:45.320734+00:00,200,33592.311,
2026-09-20T22:10:02.442178+00:00,200,16477.389,
2026-09-20T22:10:00.377495+00:00,200,18546.656,
2026-09-20T22:09:38.934240+00:00,200,39994.622,
2026-09-20T22:10:18.038414+00:00,200,959.34,
2026-09-20T22:09:59.982232+00:00,200,19056.78,
2026-09-20T22:10:15.881499+00:00,200,3162.583,
2026-09-20T22:09:56.216443+00:00,200,22837.444,
2026-09-20T22:10:04.482760+00:00,200,14582.706,
2026-09-20T22:10:17.703491+00:00,200,1367.899,
2026-09-20T22:10:15.343148+00:00,200,3737.543,
2026-09-20T22:10:16.023984+00:00,200,3063.025,
2026-09-20T22:10:02.686147+00:00,200,16409.333,
2026-09-20T22:10:02.521669+00:00,200,16694.645,
2026-09-20T22:10:11.253058+00:00,200,7970.634,
2026-09-20T22:10:04.472007+00:00,200,14757.514,
2026-09-20T22:10:14.966491+00:00,200,4268.813,
2026-09-20T22:10:03.927883+00:00,200,15314.204,
2026-09-20T22:10:17.035740+00:00,200,2213.508,
2026-09-20T22:09:38.501645+00:00,200,40762.751,
2026-09-20T22:10:17.178609+00:00,200,2099.682,
2026-09-20T22:10:03.369612+00:00,200,15921.705,
2026-09-20T22:10:18.141338+00:00,200,1262.791,
2026-09-20T22:10:01.591799+00:00,200,17856.88,
2026-09-20T22:10:16.208981+00:00,200,3248.548,
2026-09-20T22:09:38.856942+00:00,200,40609.134,
2026-09-20T22:10:01.928473+00:00,200,17546.696,
2026-09-20T22:09:56.885954+00:00,200,22600.05,
2026-09-20T22:10:17.744396+00:00,200,1747.015,
2026-09-20T22:10:07.752201+00:00,200,11751.492,
2026-09-20T22:10:10.101891+00:00,200,9411.651,
2026-09-20T22:09:56.625141+00:00,200,22899.802,
2026-09-20T22:10:17.820423+00:00,200,1710.12,
2026-09-20T22:10:11.461291+00:00,200,8081.989,
2026-09-20T22:10:02.275433+00:00,200,17279.275,
2026-09-20T22:10:09.880355+00:00,200,9683.832,
2026-09-20T22:09:57.826444+00:00,200,21752.036,
2026-09-20T22:09:38.114456+00:00,200,41476.26,
2026-09-20T22:10:11.804914+00:00,200,7796.668,
2026-09-20T22:10:10.225941+00:00,200,9383.692,
2026-09-20T22:09:37.689339+00:00,200,41933.596,
2026-09-20T22:10:14.373220+00:00,200,5257.906,
2026-09-20T22:10:09.399644+00:00,200,10240.981,
2026-09-20T22:10:14.285077+00:00,200,5364.649,
2026-09-20T22:10:08.837195+00:00,200,10824.661,
2026-09-20T22:10:03.177971+00:00,200,16495.202,
2026-09-20T22:10:13.701442+00:00,200,5980.274,
2026-09-20T22:10:00.122500+00:00,200,19705.839,
2026-09-20T22:10:18.538048+00:00,200,1299.642,
2026-09-20T22:10:18.045365+00:00,200,1818.993,
2026-09-20T22:10:14.035167+00:00,200,5841.433,
2026-09-20T22:09:58.515985+00:00,200,21434.524,
2026-09-20T22:10:07.744221+00:00,200,12222.814,
2026-09-20T22:10:02.118689+00:00,200,17858.203,
2026-09-20T22:10:05.331574+00:00,200,14658.338,
2026-09-20T22:10:09.587284+00:00,200,10415.221,
2026-09-20T22:10:10.546225+00:00,200,9485.694,
2026-09-20T22:10:18.453510+00:00,200,1598.569,
2026-09-20T22:10:18.644578+00:00,200,1428.943,
2026-09-20T22:10:16.895504+00:00,200,3258.364,
2026-09-20T22:09:57.136560+00:00,200,23040.269,
2026-09-20T22:10:15.868700+00:00,200,4336.567,
2026-09-20T22:10:18.660159+00:00,200,1574.489,
2026-09-20T22:10:18.847873+00:00,200,1521.828,
2026-09-20T22:10:18.902977+00:00,200,1474.191,
2026-09-20T22:09:51.514897+00:00,200,28981.099,
2026-09-20T22:10:03.959014+00:00,200,16658.738,
2026-09-20T22:10:10.415106+00:00,200,10323.011,
2026-09-20T22:10:07.373929+00:00,200,13375.56,
2026-09-20T22:10:04.130514+00:00,200,16644.967,
2026-09-20T22:10:08.914180+00:00,200,11900.352,
2026-09-20T22:09:43.417956+00:00,200,37407.939,
2026-09-20T22:10:08.172040+00:00,200,12695.093,
2026-09-20T22:10:15.939496+00:00,200,4968.595,
2026-09-20T22:09:46.381360+00:00,200,34535.34,
2026-09-20T22:09:56.544726+00:00,200,24460.749,
2026-09-20T22:09:47.310962+00:00,200,33752.726,
2026-09-20T22:09:40.485658+00:00,200,40586.004,
2026-09-20T22:10:13.461466+00:00,200,7650.431,
2026-09-20T22:10:18.295768+00:00,200,2855.214,
2026-09-20T22:10:03.901240+00:00,200,17261.763,
2026-09-20T22:10:14.615281+00:00,200,6555.971,
2026-09-20T22:10:07.426226+00:00,200,13753.71,
2026-09-20T22:10:07.020226+00:00,200,14200.993,
2026-09-20T22:10:04.562243+00:00,200,16701.596,
2026-09-20T22:10:17.737218+00:00,200,3551.592,
2026-09-20T22:10:14.191677+00:00,200,7112.794,
2026-09-20T22:09:58.475588+00:00,200,22837.485,
2026-09-20T22:10:03.582258+00:00,200,17774.993,
2026-09-20T22:09:45.241098+00:00,200,36196.91,
2026-09-20T22:10:18.928252+00:00,200,2544.121,
2026-09-20T22:10:07.728769+00:00,200,13839.426,
2026-09-20T22:10:18.650627+00:00,200,2928.668,
2026-09-20T22:10:03.384053+00:00,200,18243.929,
2026-09-20T22:10:12.507195+00:00,200,9144.467,
2026-09-20T22:10:03.234198+00:00,200,18478.036,
2026-09-20T22:10:04.634326+00:00,200,17324.358,
2026-09-20T22:10:19.862190+00:00,200,2224.076,
2026-09-20T22:10:06.286291+00:00,200,15929.842,
2026-09-20T22:09:43.548677+00:00,200,38737.387,
2026-09-20T22:10:17.414475+00:00,200,4876.342,
2026-09-20T22:10:13.609453+00:00,200,8692.035,
2026-09-20T22:10:18.392686+00:00,200,3916.627,
2026-09-20T22:10:09.740315+00:00,200,12612.765,
2026-09-20T22:10:13.724261+00:00,200,8692.913,
2026-09-20T22:10:05.907796+00:00,200,16567.184,
2026-09-20T22:10:21.560590+00:00,200,918.295,
2026-09-20T22:10:08.857755+00:00,200,13675.451,
2026-09-20T22:10:14.566736+00:00,200,7974.454,
2026-09-20T22:10:16.074750+00:00,200,6544.833,
2026-09-20T22:10:19.236997+00:00,200,3472.69,
2026-09-20T22:10:05.273492+00:00,200,17504.979,
2026-09-20T22:10:00.510892+00:00,200,22275.668,
2026-09-20T22:10:04.301756+00:00,200,18544.384,
2026-09-20T22:10:19.246464+00:00,200,3606.616,
2026-09-20T22:10:02.384078+00:00,200,20555.713,
2026-09-20T22:09:57.335258+00:00,200,25638.578,
2026-09-20T22:10:12.074802+00:00,200,10906.806,
2026-09-20T22:09:56.119683+00:00,200,26977.975,
2026-09-20T22:10:05.284556+00:00,200,17847.108,
2026-09-20T22:10:15.324203+00:00,200,7842.33,
2026-09-20T22:10:19.469792+00:00,200,3776.121,
2026-09-20T22:10:19.906902+00:00,200,3350.056,
2026-09-20T22:10:00.399429+00:00,200,22936.931,
2026-09-20T22:10:13.670940+00:00,200,9814.508,
2026-09-20T22:10:03.332869+00:00,200,20183.456,
2026-09-20T22:10:12.051013+00:00,200,11486.498,
2026-09-20T22:10:01.060476+00:00,200,22487.541,
2026-09-20T22:10:14.730365+00:00,200,8822.815,
2026-09-20T22:10:05.328614+00:00,200,18229.965,
2026-09-20T22:10:17.980498+00:00,200,5579.989,
2026-09-20T22:10:11.779599+00:00,200,11787.271,
2026-09-20T22:10:03.325576+00:00,200,20303.363,
2026-09-20T22:10:15.424608+00:00,200,8230.108,
2026-09-20T22:10:00.741370+00:00,200,22926.471,
2026-09-20T22:10:03.683411+00:00,200,20040.574,
2026-09-20T22:10:14.041937+00:00,200,9695.979,
2026-09-20T22:10:19.305292+00:00,200,4480.574,
2026-09-20T22:10:22.227959+00:00,200,1623.722,
2026-09-20T22:10:04.004844+00:00,200,19864.538,
2026-09-20T22:10:13.046699+00:00,200,10833.777,
2026-09-20T22:10:06.946919+00:00,200,16987.776,
2026-09-20T22:10:04.285169+00:00,200,19672.472,
2026-09-20T22:10:18.208364+00:00,200,5761.021,
2026-09-20T22:10:22.083939+00:00,200,1925.545,
2026-09-20T22:10:13.999793+00:00,200,10042.266,
2026-09-20T22:10:20.375481+00:00,200,3664.734,
2026-09-20T22:10:01.861547+00:00,200,22195.574,
2026-09-20T22:10:18.908241+00:00,200,5147.243,
2026-09-20T22:10:19.558758+00:00,200,4505.126,
2026-09-20T22:09:39.470267+00:00,200,44653.585,
2026-09-20T22:10:18.653626+00:00,200,5473.349,
2026-09-20T22:10:06.097541+00:00,200,18084.134,
2026-09-20T22:10:18.455694+00:00,200,5734.709,
2026-09-20T22:10:13.086015+00:00,200,11112.455,
2026-09-20T22:10:05.720480+00:00,200,18491.287,
2026-09-20T22:10:07.908698+00:00,200,16309.573,
2026-09-20T22:10:10.798411+00:00,200,13422.499,
2026-09-20T22:10:04.420277+00:00,200,19804.615,
2026-09-20T22:10:02.805786+00:00,200,21429.607,
2026-09-20T22:10:18.499991+00:00,200,5737.754,
2026-09-20T22:10:13.569626+00:00,200,10688.858,
2026-09-20T22:10:19.625645+00:00,200,4642.377,
2026-09-20T22:09:57.808431+00:00,200,26470.465,
2026-09-20T22:10:15.964501+00:00,200,8318.352,
2026-09-20T22:10:04.297649+00:00,200,20017.432,
2026-09-20T22:09:42.535104+00:00,200,41797.714,
2026-09-20T22:09:58.862109+00:00,200,25480.834,
2026-09-20T22:10:03.801202+00:00,200,20587.027,
2026-09-20T22:09:56.143968+00:00,200,28300.044,
2026-09-20T22:10:12.530331+00:00,200,11917.995,
2026-09-20T22:10:03.646280+00:00,200,20806.067,
2026-09-20T22:10:23.850192+00:00,200,598.147,
2026-09-20T22:10:06.941897+00:00,200,17519.211,
2026-09-20T22:10:13.435076+00:00,200,11033.89,
2026-09-20T22:09:54.055913+00:00,200,30422.103,
2026-09-20T22:10:06.145959+00:00,200,18334.001,
2026-09-20T22:10:17.416011+00:00,200,7074.867,
2026-09-20T22:10:19.667582+00:00,200,4839.91,
2026-09-20T22:10:16.303538+00:00,200,8214.003,
2026-09-20T22:10:09.065192+00:00,200,15489.826,
2026-09-20T22:10:07.776613+00:00,200,16793.351,
2026-09-20T22:09:56.903605+00:00,200,27669.806,
2026-09-20T22:10:21.362240+00:00,200,3209.717,
2026-09-20T22:10:04.453623+00:00,200,20144.377,
2026-09-20T22:09:59.046259+00:00,200,25555.353,
2026-09-20T22:10:03.614346+00:00,200,21003.886,
2026-09-20T22:10:04.338222+00:00,200,20282.395,
2026-09-20T22:10:06.724346+00:00,200,17899.697,
2026-09-20T22:09:47.602270+00:00,200,37024.926,
2026-09-20T22:10:18.420759+00:00,200,6206.35,
2026-09-20T22:09:56.964389+00:00,200,27674.798,
2026-09-20T22:10:02.954932+00:00,200,21692.267,
2026-09-20T22:10:13.280790+00:00,200,11378.199,
2026-09-20T22:09:56.634915+00:00,200,28030.547,
2026-09-20T22:10:17.816987+00:00,200,6860.57,
2026-09-20T22:09:58.913424+00:00,200,25775.166,
2026-09-20T22:10:04.408893+00:00,200,20282.243,
2026-09-20T22:09:47.944120+00:00,200,36751.98,
2026-09-20T22:09:37.474975+00:00,200,47250.772,
2026-09-20T22:10:04.659435+00:00,200,20068.432,
2026-09-20T22:10:19.099964+00:00,200,5628.205,
2026-09-20T22:10:18.101492+00:00,200,6630.325,
2026-09-20T22:10:16.103159+00:00,200,8633.366,
2026-09-20T22:10:02.186117+00:00,200,22556.392,
2026-09-20T22:10:02.287936+00:00,200,22455.85,
2026-09-20T22:10:01.941768+00:00,200,22822.811,
2026-09-20T22:10:13.026553+00:00,200,11740.816,
2026-09-20T22:10:09.080853+00:00,200,15688.465,
2026-09-20T22:10:05.529604+00:00,200,19241.961,
2026-09-20T22:10:14.734699+00:00,200,10049.316,
2026-09-20T22:10:23.506843+00:00,200,1275.693,
2026-09-20T22:10:08.075248+00:00,200,16731.689,
2026-09-20T22:10:22.964818+00:00,200,1834.595,
2026-09-20T22:10:23.730674+00:00,200,1069.921,
2026-09-20T22:10:05.318204+00:00,200,19494.402,
2026-09-20T22:09:56.524272+00:00,200,28299.848,
2026-09-20T22:10:04.442591+00:00,200,20384.732,
2026-09-20T22:10:20.918146+00:00,200,3904.854,
2026-09-20T22:10:13.036658+00:00,200,11799.929,
2026-09-20T22:10:02.716655+00:00,200,22143.025,
2026-09-20T22:10:24.670427+00:00,200,190.479,
2026-09-20T22:10:07.893329+00:00,200,16980.72,
2026-09-20T22:10:15.866142+00:00,200,9009.153,
2026-09-20T22:10:02.706479+00:00,200,22177.92,
2026-09-20T22:10:17.430661+00:00,200,7461.674,
2026-09-20T22:10:01.821426+00:00,200,23079.771,
2026-09-20T22:10:20.646229+00:00,200,4261.475,
2026-09-20T22:10:20.383469+00:00,200,4550.839,
2026-09-20T22:10:09.003449+00:00,200,15941.369,
2026-09-20T22:09:57.944941+00:00,200,27003.097,
2026-09-20T22:10:18.753201+00:00,200,6196.384,
2026-09-20T22:10:13.935019+00:00,200,11022.795,
2026-09-20T22:09:54.830635+00:00,200,30134.497,
2026-09-20T22:10:08.065167+00:00,200,16903.203,
2026-09-20T22:10:02.756816+00:00,200,22213.889,
2026-09-20T22:10:17.801119+00:00,200,7178.719,
2026-09-20T22:10:06.864890+00:00,200,18121.253,
2026-09-20T22:10:04.728229+00:00,200,20259.471,
2026-09-20T22:10:05.911136+00:00,200,19083.768,
2026-09-20T22:10:17.387578+00:00,200,7606.761,
2026-09-20T22:10:10.774262+00:00,200,14225.062,
2026-09-20T22:10:13.777506+00:00,200,11225.486,
2026-09-20T22:09:59.679975+00:00,200,25326.924,
2026-09-20T22:09:39.224923+00:00,200,45796.306,
2026-09-20T22:10:07.402102+00:00,200,17637.153,
2026-09-20T22:10:13.553401+00:00,200,11494.73,
2026-09-20T22:10:07.260303+00:00,200,17790.223,
2026-09-20T22:10:19.572964+00:00,200,5472.889,
2026-09-20T22:10:04.615056+00:00,200,20439.422,
2026-09-20T22:09:51.975431+00:00,200,33095.349,
2026-09-20T22:10:23.496160+00:00,200,1569.199,
2026-09-20T22:10:24.884538+00:00,200,184.785,
2026-09-20T22:10:17.325689+00:00,200,7756.485,
2026-09-20T22:09:56.814882+00:00,200,28272.875,
2026-09-20T22:10:10.288440+00:00,200,14802.742,
2026-09-20T22:10:13.949756+00:00,200,11154.818,
2026-09-20T22:10:20.149865+00:00,200,4954.762,
2026-09-20T22:10:03.475533+00:00,200,21642.353,
2026-09-20T22:09:58.964346+00:00,200,26156.333,
2026-09-20T22:10:07.898451+00:00,200,17228.357,
2026-09-20T22:10:04.401048+00:00,200,20727.19,
2026-09-20T22:10:06.798354+00:00,200,18333.143,
2026-09-20T22:10:17.788581+00:00,200,7361.236,
2026-09-20T22:10:24.433684+00:00,200,710.173,
2026-09-20T22:10:14.526781+00:00,200,10630.605,
2026-09-20T22:10:21.076619+00:00,200,4090.222,
2026-09-20T22:10:04.404984+00:00,200,20771.997,
2026-09-20T22:10:12.795387+00:00,200,12392.322,
2026-09-20T22:10:13.537141+00:00,200,11657.882,
2026-09-20T22:10:21.608300+00:00,200,3599.428,
2026-09-20T22:10:25.028507+00:00,200,186.692,
2026-09-20T22:10:04.525064+00:00,200,20709.629,
2026-09-20T22:10:19.296054+00:00,200,5948.209,
2026-09-20T22:10:03.303126+00:00,200,21948.13,
2026-09-20T22:10:14.557070+00:00,200,10702.654,
2026-09-20T22:10:25.059918+00:00,200,191.571,
2026-09-20T22:10:03.731800+00:00,200,21533.206,
2026-09-20T22:10:05.281466+00:00,200,19991.424,
2026-09-20T22:10:14.233435+00:00,200,11043.425,
2026-09-20T22:09:43.936819+00:00,200,41357.643,
2026-09-20T22:09:59.780511+00:00,200,25527.55,
2026-09-20T22:10:17.217513+00:00,200,8090.385,
2026-09-20T22:10:14.925189+00:00,200,10389.834,
2026-09-20T22:09:39.619733+00:00,200,45700.848,
2026-09-20T22:10:25.093811+00:00,200,219.927,
2026-09-20T22:09:47.585187+00:00,200,37758.17,
2026-09-20T22:10:03.595091+00:00,200,21755.141,
2026-09-20T22:09:57.452196+00:00,200,27906.119,
2026-09-20T22:10:04.828001+00:00,200,20533.96,
2026-09-20T22:09:55.585019+00:00,200,29779.939,
2026-09-20T22:10:17.347584+00:00,200,8015.662,
2026-09-20T22:10:14.907596+00:00,200,10460.794,
2026-09-20T22:10:13.731947+00:00,200,11650.649,
2026-09-20T22:10:08.216767+00:00,200,17174.592,
2026-09-20T22:10:25.204494+00:00,200,183.074,
2026-09-20T22:10:23.398061+00:00,200,2001.206,
2026-09-20T22:10:07.002560+00:00,200,18414.405,
2026-09-20T22:10:06.010545+00:00,200,19409.873,
2026-09-20T22:10:06.117876+00:00,200,19311.414,
2026-09-20T22:10:04.621567+00:00,200,20814.02,
2026-09-20T22:10:25.265958+00:00,200,161.121,
2026-09-20T22:10:03.725859+00:00,200,21725.281,
2026-09-20T22:10:12.870788+00:00,200,12592.381,
2026-09-20T22:10:22.737236+00:00,200,2720.131,
2026-09-20T22:10:24.685519+00:00,200,776.519,
2026-09-20T22:10:18.314642+00:00,200,7156.193,
2026-09-20T22:10:20.118853+00:00,200,5360.917,
2026-09-20T22:10:19.211247+00:00,200,6274.048,
2026-09-20T22:10:14.547346+00:00,200,10946.496,
2026-09-20T22:09:58.074464+00:00,200,27426.084,
2026-09-20T22:10:06.421270+00:00,200,19081.035,
2026-09-20T22:10:25.099938+00:00,200,393.831,
2026-09-20T22:10:03.671059+00:00,200,21841.084,
2026-09-20T22:10:24.483387+00:00,200,1033.5,
2026-09-20T22:10:12.027377+00:00,200,13502.016,
2026-09-20T22:10:24.796382+00:00,200,727.169,
2026-09-20T22:10:20.232830+00:00,200,5299.332,
2026-09-20T22:10:04.322079+00:00,200,21218.146,
2026-09-20T22:09:38.096528+00:00,200,47446.87,
2026-09-20T22:10:20.050219+00:00,200,5491.721,
2026-09-20T22:10:15.931386+00:00,200,9627.573,
2026-09-20T22:10:08.055201+00:00,200,17512.812,
2026-09-20T22:10:17.563591+00:00,200,8008.067,
2026-09-20T22:10:17.705194+00:00,200,7869.491,
2026-09-20T22:10:20.387404+00:00,200,5312.878,
2026-09-20T22:10:02.776611+00:00,200,22935.275,
2026-09-20T22:10:03.562952+00:00,200,22172.831,
2026-09-20T22:10:16.077471+00:00,200,9658.31,
2026-09-20T22:10:09.178370+00:00,200,16559.235,
2026-09-20T22:09:47.929614+00:00,200,37809.08,
2026-09-20T22:10:20.785325+00:00,200,4947.462,
2026-09-20T22:10:14.970918+00:00,200,10769.721,
2026-09-20T22:10:17.553848+00:00,200,8208.459,
2026-09-20T22:10:04.139902+00:00,200,21626.812,
2026-09-20T22:10:10.658678+00:00,200,15109.442,
2026-09-20T22:10:04.167713+00:00,200,21601.919,
2026-09-20T22:10:11.612838+00:00,200,14183.262,
2026-09-20T22:09:50.394043+00:00,200,35405.311,
2026-09-20T22:10:09.364640+00:00,200,16436.211,
2026-09-20T22:10:02.696335+00:00,200,23106.047,
2026-09-20T22:09:57.015137+00:00,200,28788.839,
2026-09-20T22:09:59.629532+00:00,200,26175.994,
2026-09-20T22:09:58.821186+00:00,200,26986.393,
2026-09-20T22:10:15.083941+00:00,200,10725.562,
2026-09-20T22:10:23.645183+00:00,200,2156.711,
2026-09-20T22:10:01.687502+00:00,200,24135.112,
2026-09-20T22:10:04.885142+00:00,200,20956.529,
2026-09-20T22:10:17.699785+00:00,200,8145.574,
2026-09-20T22:10:06.900589+00:00,200,18949.945,
2026-09-20T22:10:20.909649+00:00,200,4936.039,
2026-09-20T22:10:14.962011+00:00,200,10895.827,
2026-09-20T22:10:18.542870+00:00,200,7316.262,
2026-09-20T22:10:20.860260+00:00,200,5025.538,
2026-09-20T22:10:04.305862+00:00,200,21588.99,
2026-09-20T22:09:51.679060+00:00,200,34218.09,
2026-09-20T22:10:24.860753+00:00,200,1027.981,
2026-09-20T22:10:04.882722+00:00,200,21089.786,
2026-09-20T22:10:06.950260+00:00,200,19024.52,
2026-09-20T22:10:02.909729+00:00,200,23093.662,
2026-09-20T22:10:10.959458+00:00,200,15060.265,
2026-09-20T22:09:37.612980+00:00,200,48409.474,
2026-09-20T22:10:23.781327+00:00,200,2233.815,
2026-09-20T22:10:10.590812+00:00,200,15436.638,
2026-09-20T22:10:04.889835+00:00,200,21140.342,
2026-09-20T22:10:25.237180+00:00,200,784.811,
2026-09-20T22:10:20.403192+00:00,200,5626.146,
2026-09-20T22:10:04.915989+00:00,200,21126.648,
2026-09-20T22:10:17.495117+00:00,200,8594.388,
2026-09-20T22:10:25.184183+00:00,200,900.666,
2026-09-20T22:10:03.689632+00:00,200,22409.593,
2026-09-20T22:10:25.376103+00:00,200,715.567,
2026-09-20T22:10:07.104285+00:00,200,19002.022,
2026-09-20T22:10:21.853193+00:00,200,4290.7,
2026-09-20T22:10:23.122545+00:00,200,3041.705,
2026-09-20T22:10:25.064034+00:00,200,1102.547,
2026-09-20T22:10:16.184713+00:00,200,9995.613,
2026-09-20T22:10:19.275668+00:00,200,6947.739,
2026-09-20T22:10:25.726313+00:00,200,514.358,
2026-09-20T22:10:25.332248+00:00,200,922.752,
2026-09-20T22:10:02.212025+00:00,200,24058.829,
2026-09-20T22:10:25.753977+00:00,200,510.352,
2026-09-20T22:09:55.614001+00:00,200,30666.646,
2026-09-20T22:09:55.265938+00:00,200,31019.653,
2026-09-20T22:10:15.331726+00:00,200,11000.614,
2026-09-20T22:10:22.365131+00:00,200,3964.056,
2026-09-20T22:10:14.329695+00:00,200,12013.057,
2026-09-20T22:10:20.265366+00:00,200,6094.632,
2026-09-20T22:10:25.548543+00:00,200,814.181,
2026-09-20T22:10:25.725440+00:00,200,650.485,
2026-09-20T22:10:25.724462+00:00,200,656.79,
2026-09-20T22:10:25.756814+00:00,200,629.832,
2026-09-20T22:10:25.758287+00:00,200,712.116,
2026-09-20T22:09:46.345883+00:00,200,40145.493,
2026-09-20T22:10:17.808305+00:00,200,8684.964,
2026-09-20T22:09:58.627568+00:00,200,27874.458,
2026-09-20T22:10:07.811031+00:00,200,18696.426,
2026-09-20T22:10:13.391871+00:00,200,13121.056,
2026-09-20T22:10:14.764736+00:00,200,11753.8,
2026-09-20T22:09:45.906381+00:00,200,40618.058,
2026-09-20T22:10:25.371605+00:00,200,1147.556,
2026-09-20T22:10:24.148204+00:00,200,2378.076,
2026-09-20T22:10:25.105224+00:00,200,1426.503,
2026-09-20T22:10:06.550264+00:00,200,19998.743,
2026-09-20T22:10:14.075822+00:00,200,12479.656,
2026-09-20T22:09:42.938710+00:00,200,43623.512,
2026-09-20T22:10:24.188453+00:00,200,2370.203,
2026-09-20T22:10:13.978636+00:00,200,12628.04,
2026-09-20T22:10:15.818723+00:00,200,10800.918,
2026-09-20T22:10:25.798191+00:00,200,889.509,
2026-09-20T22:10:07.847165+00:00,200,18897.825,
2026-09-20T22:10:13.357414+00:00,200,13448.647,
2026-09-20T22:10:19.090559+00:00,200,7774.511,
2026-09-20T22:10:24.113705+00:00,200,2770.303,
2026-09-20T22:10:20.253015+00:00,200,6696.648,
2026-09-20T22:10:19.402602+00:00,200,7554.932,
2026-09-20T22:10:18.088278+00:00,200,8877.892,
2026-09-20T22:10:24.059409+00:00,200,2907.631,
2026-09-20T22:10:24.391040+00:00,200,2582.96,
2026-09-20T22:10:06.042141+00:00,200,20949.314,
2026-09-20T22:10:04.087958+00:00,200,22910.919,
2026-09-20T22:09:47.398758+00:00,200,39607.679,
2026-09-20T22:10:04.950362+00:00,200,22063.575,
2026-09-20T22:09:47.380732+00:00,200,39641.023,
2026-09-20T22:10:05.560931+00:00,200,21468.544,
2026-09-20T22:10:17.523741+00:00,200,9510.676,
2026-09-20T22:10:00.987122+00:00,200,26058.341,
2026-09-20T22:10:23.554522+00:00,200,3489.587,
2026-09-20T22:10:13.686201+00:00,200,13375.599,
2026-09-20T22:10:10.934430+00:00,200,16135.731,
2026-09-20T22:10:04.276873+00:00,200,22801.765,
2026-09-20T22:09:43.189474+00:00,200,43897.859,
2026-09-20T22:10:14.197808+00:00,200,12898.047,
2026-09-20T22:10:04.968030+00:00,200,22136.573,
2026-09-20T22:10:13.348674+00:00,200,13765.903,
2026-09-20T22:10:25.603697+00:00,200,1510.004,
2026-09-20T22:09:40.298886+00:00,200,46835.192,
2026-09-20T22:10:17.582358+00:00,200,9558.002,
2026-09-20T22:09:54.606916+00:00,200,32545.851,
2026-09-20T22:10:02.825080+00:00,200,24336.701,
2026-09-20T22:10:13.478678+00:00,200,13692.226,
2026-09-20T22:10:17.412953+00:00,200,9764.42,
2026-09-20T22:10:17.927101+00:00,200,9258.949,
2026-09-20T22:10:25.409354+00:00,200,1778.564,
2026-09-20T22:09:56.554923+00:00,200,30780.187,
2026-09-20T22:10:17.890927+00:00,200,9479.298,
2026-09-20T22:10:16.814203+00:00,200,10566.927,
2026-09-20T22:10:10.909301+00:00,200,16483.383,
2026-09-20T22:10:03.502785+00:00,200,23900.121,
2026-09-20T22:10:04.970205+00:00,200,22442.898,
2026-09-20T22:09:40.730133+00:00,200,46693.241,
2026-09-20T22:09:38.000042+00:00,200,49433.607,
2026-09-20T22:10:02.872544+00:00,200,24571.304,
2026-09-20T22:10:24.248417+00:00,200,3196.019,
2026-09-20T22:10:13.927636+00:00,200,13537.68,
2026-09-20T22:09:59.426893+00:00,200,28049.318,
2026-09-20T22:10:10.436700+00:00,200,17096.148,
2026-09-20T22:10:09.194975+00:00,200,18490.624,
2026-09-20T22:09:53.873736+00:00,200,33822.491,
2026-09-20T22:10:12.860315+00:00,200,14846.348,
2026-09-20T22:10:03.701788+00:00,200,24015.72,
2026-09-20T22:09:49.312905+00:00,200,38415.601,
2026-09-20T22:10:02.566208+00:00,200,25173.037,
2026-09-20T22:10:03.186262+00:00,200,24563.974,
2026-09-20T22:10:24.361488+00:00,200,3389.589,
2026-09-20T22:10:16.611572+00:00,200,11159.2,
2026-09-20T22:10:07.856537+00:00,200,19927.115,
2026-09-20T22:10:25.275279+00:00,200,2508.719,
2026-09-20T22:10:02.726733+00:00,200,25079.723,
2026-09-20T22:10:16.211512+00:00,200,11605.297,
2026-09-20T22:10:15.937004+00:00,200,11891.709,
2026-09-20T22:10:24.890529+00:00,200,2939.999,
2026-09-20T22:10:03.607963+00:00,200,24244.963,
2026-09-20T22:10:25.338153+00:00,200,2515.754,
2026-09-20T22:10:22.611907+00:00,200,5256.464,
2026-09-20T22:10:20.901931+00:00,200,6980.714,
2026-09-20T22:10:13.577591+00:00,200,14522.724,
2026-09-20T22:09:54.394651+00:00,200,33737.647,
2026-09-20T22:10:18.663478+00:00,200,9534.824,
2026-09-20T22:10:22.745642+00:00,200,5461.238,
2026-09-20T22:10:07.379320+00:00,200,20849.227,
2026-09-20T22:10:04.532030+00:00,200,23709.72,
2026-09-20T22:10:25.506131+00:00,200,2737.682,
2026-09-20T22:09:47.202507+00:00,200,41066.032,
2026-09-20T22:10:04.974655+00:00,200,23307.264,
2026-09-20T22:10:23.020014+00:00,200,5266.339,
2026-09-20T22:10:24.678079+00:00,200,3620.454,
2026-09-20T22:09:53.016271+00:00,200,35306.62,
2026-09-20T22:10:18.118071+00:00,200,10214.846,
2026-09-20T22:10:20.391357+00:00,200,7953.004,
2026-09-20T22:10:22.293193+00:00,200,6063.244,
2026-09-20T22:10:17.555829+00:00,200,10820.02,
2026-09-20T22:10:10.204931+00:00,200,18188.194,
2026-09-20T22:09:47.792630+00:00,200,40615.012,
2026-09-20T22:10:19.644224+00:00,200,8772.224,
2026-09-20T22:10:06.530124+00:00,200,21906.57,
2026-09-20T22:10:14.586026+00:00,200,13865.299,
2026-09-20T22:10:04.897023+00:00,200,23569.147,
2026-09-20T22:09:59.952035+00:00,200,28528.762,
2026-09-20T22:10:24.865336+00:00,200,3619.665,
2026-09-20T22:10:04.216703+00:00,200,24293.965,
2026-09-20T22:10:09.760391+00:00,200,18765.318,
2026-09-20T22:09:37.207732+00:00,200,51333.427,
2026-09-20T22:10:24.659337+00:00,200,3886.413,
2026-09-20T22:10:00.205635+00:00,200,28365.953,
2026-09-20T22:09:46.223685+00:00,200,42363.591,
2026-09-20T22:10:10.896806+00:00,200,17705.807,
2026-09-20T22:09:59.232603+00:00,200,29385.453,
2026-09-20T22:10:21.297172+00:00,200,7328.882,
2026-09-20T22:10:25.146583+00:00,200,3491.543,
2026-09-20T22:10:05.493732+00:00,200,23170.939,
2026-09-20T22:10:12.619131+00:00,200,16061.105,
2026-09-20T22:10:16.980826+00:00,200,11713.046,
2026-09-20T22:10:04.948068+00:00,200,23763.923,
2026-09-20T22:10:24.972443+00:00,200,3745.025,
2026-09-20T22:10:10.184188+00:00,200,18560.536,
2026-09-20T22:10:06.750617+00:00,200,22010.735,
2026-09-20T22:09:57.597156+00:00,200,31180.965,
2026-09-20T22:10:14.367840+00:00,200,14427.017,
2026-09-20T22:10:23.487561+00:00,200,5314.713,
2026-09-20T22:10:17.129955+00:00,200,11696.308,
2026-09-20T22:10:24.903713+00:00,200,3931.422,
2026-09-20T22:10:11.009028+00:00,200,17853.919,
2026-09-20T22:09:50.598142+00:00,200,38282.09,
2026-09-20T22:10:14.420551+00:00,200,14476.972,
2026-09-20T22:10:01.496263+00:00,200,27418.759,
2026-09-20T22:09:56.083554+00:00,200,32849.151,
2026-09-20T22:10:23.142373+00:00,200,5798.634,
2026-09-20T22:09:40.651402+00:00,200,48316.41,
2026-09-20T22:10:25.686620+00:00,200,3287.069,
2026-09-20T22:09:57.963490+00:00,200,31038.972,
2026-09-20T22:10:01.968439+00:00,200,27051.54,
2026-09-20T22:09:48.316817+00:00,200,40720.968,
2026-09-20T22:10:04.733785+00:00,200,24321.798,
2026-09-20T22:10:04.976785+00:00,200,24096.938,
2026-09-20T22:10:06.408069+00:00,200,22683.833,
2026-09-20T22:10:19.048979+00:00,200,10056.336,
2026-09-20T22:10:14.244838+00:00,200,14979.914,
2026-09-20T22:10:23.734909+00:00,200,5611.479,
2026-09-20T22:10:17.976584+00:00,200,11413.696,
2026-09-20T22:09:49.270299+00:00,200,40152.198,
2026-09-20T22:10:26.140173+00:00,200,3289.524,
2026-09-20T22:10:02.963836+00:00,200,26571.849,
2026-09-20T22:10:10.635958+00:00,200,18918.423,
2026-09-20T22:10:04.370053+00:00,200,25203.338,
2026-09-20T22:09:40.631665+00:00,200,48961.398,
2026-09-20T22:10:24.592609+00:00,200,5009.369,
2026-09-20T22:10:03.989660+00:00,200,25642.302,
2026-09-20T22:10:05.223336+00:00,200,24428.553,
2026-09-20T22:10:10.330107+00:00,200,19341.907,
2026-09-20T22:10:21.370396+00:00,200,8314.346,
2026-09-20T22:10:18.260645+00:00,200,11447.804,
2026-09-20T22:10:14.992965+00:00,200,14739.243,
2026-09-20T22:10:18.996584+00:00,200,10954.987,
2026-09-20T22:10:15.786939+00:00,200,14340.642,
2026-09-20T22:09:47.551360+00:00,200,42606.869,
2026-09-20T22:10:04.203359+00:00,200,26441.751,
2026-09-20T22:10:04.264199+00:00,200,26410.007,
2026-09-20T22:10:02.348633+00:00,200,28345.124,
2026-09-20T22:10:04.963619+00:00,200,25780.754,
2026-09-20T22:10:11.729092+00:00,200,19139.853,
2026-09-20T22:10:26.817096+00:00,200,4058.031,
2026-09-20T22:10:20.650102+00:00,200,10560.296,
2026-09-20T22:10:04.624736+00:00,200,26980.288,
2026-09-20T22:10:16.720486+00:00,200,14894.372,
2026-09-20T22:10:00.312097+00:00,200,31483.451,
2026-09-20T22:10:10.267801+00:00,200,21652.81,
2026-09-20T22:10:04.427681+00:00,200,27666.831,
2026-09-20T22:10:04.535462+00:00,200,27680.343,
2026-09-20T22:10:24.502750+00:00,200,7715.377,
2026-09-20T22:10:18.656880+00:00,200,13575.51,
2026-09-20T22:10:05.868751+00:00,200,26380.512,
2026-09-20T22:10:03.879518+00:00,200,28390.201,
2026-09-20T22:10:11.071795+00:00,200,21206.276,
2026-09-20T22:10:26.161725+00:00,200,6146.209,
2026-09-20T22:09:49.185446+00:00,200,43142.593,
2026-09-20T22:10:26.490093+00:00,200,5980.62,
2026-09-20T22:09:58.708768+00:00,200,33830.727,
2026-09-20T22:10:12.881122+00:00,200,19672.679,
2026-09-20T22:10:20.104415+00:00,200,12508.893,
2026-09-20T22:10:12.925002+00:00,200,19708.852,
2026-09-20T22:10:05.012995+00:00,200,27631.91,
2026-09-20T22:09:55.655818+00:00,200,37022.965,
2026-09-20T22:10:18.494761+00:00,200,14211.662,
2026-09-20T22:09:43.474777+00:00,200,49259.979,
2026-09-20T22:10:14.014401+00:00,200,18769.728,
2026-09-20T22:10:25.796174+00:00,200,6983.132,
2026-09-20T22:10:21.474176+00:00,200,11399.257,
2026-09-20T22:10:25.418217+00:00,200,7524.852,
2026-09-20T22:10:06.104060+00:00,200,26862.881,
2026-09-20T22:10:12.708311+00:00,200,20311.31,
2026-09-20T22:10:14.531768+00:00,200,18506.2,
2026-09-20T22:10:04.998389+00:00,200,28103.628,
2026-09-20T22:10:25.248839+00:00,200,7852.767,
2026-09-20T22:10:07.802231+00:00,200,25380.775,
2026-09-20T22:10:16.667763+00:00,200,16540.32,
2026-09-20T22:10:22.277612+00:00,200,10964.201,
2026-09-20T22:09:55.683432+00:00,200,37576.571,
2026-09-20T22:10:16.669924+00:00,200,16616.508,
2026-09-20T22:10:14.466495+00:00,200,18836.377,
2026-09-20T22:09:48.534639+00:00,200,44803.457,
2026-09-20T22:10:25.069176+00:00,200,8275.678,
2026-09-20T22:10:18.334469+00:00,200,15056.311,
2026-09-20T22:09:59.128660+00:00,200,34280.831,
2026-09-20T22:10:26.524390+00:00,200,6883.652,
2026-09-20T22:10:22.894842+00:00,200,10564.875,
2026-09-20T22:10:20.998389+00:00,200,12478.436,
2026-09-20T22:10:25.169641+00:00,200,8342.447,
2026-09-20T22:10:25.536789+00:00,200,7982.364,
2026-09-20T22:10:27.370612+00:00,200,6159.87,
2026-09-20T22:09:47.958711+00:00,200,45593.379,
2026-09-20T22:10:11.561969+00:00,200,21991.976,
2026-09-20T22:10:19.983978+00:00,200,13567.578,
2026-09-20T22:09:43.969838+00:00,200,49602.934,
2026-09-20T22:10:04.913646+00:00,200,28676.636,
2026-09-20T22:10:32.865210+00:00,200,726.844,
2026-09-20T22:09:47.914527+00:00,200,45711.635,
2026-09-20T22:10:23.146186+00:00,200,10500.165,
2026-09-20T22:10:03.749304+00:00,200,29926.967,
2026-09-20T22:10:25.708058+00:00,200,7969.66,
2026-09-20T22:10:17.768853+00:00,200,15932.325,
2026-09-20T22:10:14.610574+00:00,200,19180.776,
2026-09-20T22:10:19.075860+00:00,200,14756.531,
2026-09-20T22:10:27.482385+00:00,200,6355.891,
2026-09-20T22:10:24.992311+00:00,200,8857.283,
2026-09-20T22:09:59.376302+00:00,200,34502.32,
2026-09-20T22:10:00.082176+00:00,200,33802.434,
2026-09-20T22:09:52.448927+00:00,200,41438.8,
2026-09-20T22:10:21.950676+00:00,200,11938.436,
2026-09-20T22:10:25.037411+00:00,200,8866.173,
2026-09-20T22:10:26.567707+00:00,200,7336.704,
2026-09-20T22:10:20.818922+00:00,200,13092.686,
2026-09-20T22:10:32.885115+00:00,200,1046.198,
2026-09-20T22:10:11.046525+00:00,200,22909.826,
2026-09-20T22:10:33.639362+00:00,200,344.077,
2026-09-20T22:10:24.184496+00:00,200,9809.21,
2026-09-20T22:10:22.361136+00:00,200,11639.947,
2026-09-20T22:10:15.903794+00:00,200,18108.399,
2026-09-20T22:10:22.493735+00:00,200,11513.932,
2026-09-20T22:09:55.724588+00:00,200,38306.897,
2026-09-20T22:10:24.007718+00:00,200,10026.208,
2026-09-20T22:10:06.474351+00:00,200,27586.842,
2026-09-20T22:10:19.308572+00:00,200,14750.482,
2026-09-20T22:10:04.555591+00:00,200,29513.121,
2026-09-20T22:09:54.430651+00:00,200,39648.462,
2026-09-20T22:10:09.145495+00:00,200,24945.662,
2026-09-20T22:10:17.834018+00:00,200,16262.128,
2026-09-20T22:10:19.685563+00:00,200,14414.929,
2026-09-20T22:10:11.754413+00:00,200,22374.558,
2026-09-20T22:10:14.239138+00:00,200,19937.643,
2026-09-20T22:10:18.218866+00:00,200,15956.518,
2026-09-20T22:10:28.119202+00:00,200,6052.648,
2026-09-20T22:10:33.930818+00:00,200,246.022,
2026-09-20T22:10:05.083386+00:00,200,29112.649,
2026-09-20T22:10:16.961307+00:00,200,17246.763,
2026-09-20T22:10:01.995041+00:00,200,32217.745,
2026-09-20T22:10:11.830551+00:00,200,22383.51,
2026-09-20T22:10:19.103390+00:00,200,15107.21,
2026-09-20T22:10:09.491536+00:00,200,24729.103,
2026-09-20T22:10:19.480586+00:00,200,14741.443,
2026-09-20T22:09:59.488075+00:00,200,34748.44,
2026-09-20T22:10:29.427457+00:00,200,4809.379,
2026-09-20T22:10:04.598855+00:00,200,29674.851,
2026-09-20T22:10:06.199694+00:00,200,28084.596,
2026-09-20T22:09:57.917540+00:00,200,36373.651,
2026-09-20T22:10:33.726348+00:00,200,550.773,
2026-09-20T22:10:05.098387+00:00,200,29213.997,
2026-09-20T22:10:04.867954+00:00,200,29472.792,
2026-09-20T22:10:03.310709+00:00,200,31034.504,
2026-09-20T22:10:05.781980+00:00,200,28619.7,
2026-09-20T22:10:15.194487+00:00,200,19215.896,
2026-09-20T22:10:14.204008+00:00,200,20212.5,
2026-09-20T22:10:04.326094+00:00,200,30096.76,
2026-09-20T22:10:21.986337+00:00,200,12432.459,
2026-09-20T22:09:48.437354+00:00,200,46003.564,
2026-09-20T22:10:16.415416+00:00,200,18034.775,
2026-09-20T22:10:24.015654+00:00,200,10429.653,
2026-09-20T22:10:03.226321+00:00,200,31232.968,
2026-09-20T22:10:07.227400+00:00,200,27249.88,
2026-09-20T22:10:31.389088+00:00,200,3089.295,
2026-09-20T22:10:03.280347+00:00,200,31247.355,
2026-09-20T22:10:04.019806+00:00,200,30525.775,
2026-09-20T22:10:26.259115+00:00,200,8276.573,
2026-09-20T22:10:04.431353+00:00,200,30117.325,
2026-09-20T22:10:30.280259+00:00,200,4255.949,
2026-09-20T22:10:16.464754+00:00,200,18096.378,
2026-09-20T22:10:31.589913+00:00,200,2959.048,
2026-09-20T22:10:13.512121+00:00,200,21058.744,
2026-09-20T22:09:37.984067+00:00,200,56593.978,
2026-09-20T22:10:25.961012+00:00,200,8608.533,
2026-09-20T22:10:32.153563+00:00,200,2416.506,
2026-09-20T22:09:57.031781+00:00,200,37563.255,
2026-09-20T22:10:30.251112+00:00,200,4353.799,
2026-09-20T22:10:11.486413+00:00,200,23138.398,
2026-09-20T22:10:04.393346+00:00,200,30239.954,
2026-09-20T22:10:29.658033+00:00,200,4965.508,
2026-09-20T22:10:04.569022+00:00,200,30073.878,
2026-09-20T22:09:55.422092+00:00,200,39238.997,
2026-09-20T22:09:56.955741+00:00,200,37718.152,
2026-09-20T22:10:28.337577+00:00,200,6329.768,
2026-09-20T22:10:23.592196+00:00,200,11086.785,
2026-09-20T22:10:17.633043+00:00,200,17082.016,
2026-09-20T22:09:38.084910+00:00,200,56650.996,
2026-09-20T22:10:32.179632+00:00,200,2543.079,
2026-09-20T22:10:31.396234+00:00,200,3329.031,
2026-09-20T22:10:24.934550+00:00,200,9798.079,
2026-09-20T22:10:03.917292+00:00,200,30832.462,
2026-09-20T22:10:03.016644+00:00,200,31735.191,
2026-09-20T22:10:05.136863+00:00,200,29622.128,
2026-09-20T22:10:17.644696+00:00,200,17116.506,
2026-09-20T22:09:53.928297+00:00,200,40853.939,
2026-09-20T22:10:03.943486+00:00,200,30843.099,
2026-09-20T22:10:30.309566+00:00,200,4466.289,
2026-09-20T22:10:27.704744+00:00,200,7076.4,
2026-09-20T22:10:18.266800+00:00,200,16530.406,
2026-09-20T22:10:24.802031+00:00,200,9991.927,
2026-09-20T22:10:15.198354+00:00,200,19611.915,
2026-09-20T22:10:06.866854+00:00,200,27955.871,
2026-09-20T22:10:17.464230+00:00,200,17365.228,
2026-09-20T22:10:19.996583+00:00,200,14831.729,
2026-09-20T22:10:30.426609+00:00,200,4394.47,
2026-09-20T22:10:02.766752+00:00,200,32080.684,
2026-09-20T22:10:04.628021+00:00,200,30229.874,
2026-09-20T22:10:19.460576+00:00,200,15392.725,
2026-09-20T22:10:04.259791+00:00,200,30599.562,
2026-09-20T22:10:17.454539+00:00,200,17402.656,
2026-09-20T22:10:05.064192+00:00,200,29829.983,
2026-09-20T22:09:58.576788+00:00,200,36338.965,
2026-09-20T22:09:49.101035+00:00,200,45833.296,
2026-09-20T22:10:05.089047+00:00,200,29851.671,
2026-09-20T22:10:03.025395+00:00,200,31920.488,
2026-09-20T22:10:23.490574+00:00,200,11455.874,
2026-09-20T22:09:55.997253+00:00,200,38974.308,
2026-09-20T22:10:24.976194+00:00,200,9996.058,
2026-09-20T22:10:11.931160+00:00,200,23055.018,
2026-09-20T22:09:55.972115+00:00,200,39016.041,
2026-09-20T22:10:31.649995+00:00,200,3339.488,
2026-09-20T22:10:25.563485+00:00,200,9431.486,
2026-09-20T22:10:12.955570+00:00,200,22084.24,
2026-09-20T22:10:28.714762+00:00,200,6312.675,
2026-09-20T22:10:03.979557+00:00,200,31063.802,
2026-09-20T22:10:04.358249+00:00,200,30687.978,
2026-09-20T22:09:42.110117+00:00,200,52943.362,
2026-09-20T22:10:04.605371+00:00,200,30450.685,
2026-09-20T22:10:28.901460+00:00,200,6147.428,
2026-09-20T22:10:30.358264+00:00,200,4698.437,
2026-09-20T22:09:38.257107+00:00,200,56816.204,
2026-09-20T22:10:31.697971+00:00,200,3367.898,
2026-09-20T22:10:23.016102+00:00,200,12057.29,
2026-09-20T22:10:16.410190+00:00,200,18700.479,
2026-09-20T22:10:07.554709+00:00,200,27559.572,
2026-09-20T22:10:11.856188+00:00,200,23260.397,
2026-09-20T22:10:34.917530+00:00,200,194.495,
2026-09-20T22:10:18.296865+00:00,200,16833.815,
2026-09-20T22:10:03.398368+00:00,200,31756.759,
2026-09-20T22:10:29.408543+00:00,200,5753.498,
2026-09-20T22:10:25.142268+00:00,200,10024.368,
2026-09-20T22:09:51.589513+00:00,200,43591.739,
2026-09-20T22:09:43.493477+00:00,200,51693.34,
2026-09-20T22:10:30.872545+00:00,200,4301.028,
2026-09-20T22:10:30.630525+00:00,200,4554.662,
2026-09-20T22:10:27.876711+00:00,200,7313.716,
2026-09-20T22:10:12.975939+00:00,200,22234.214,
2026-09-20T22:10:26.820618+00:00,200,8383.602,
2026-09-20T22:10:27.049552+00:00,200,8159.396,
2026-09-20T22:10:00.269224+00:00,200,34964.306,
2026-09-20T22:10:04.825506+00:00,200,30427.889,
2026-09-20T22:10:24.190016+00:00,200,11055.463,
2026-09-20T22:10:22.972668+00:00,200,12282.319,
2026-09-20T22:10:27.410676+00:00,200,7852.269,
2026-09-20T22:10:04.690955+00:00,200,30589.058,
2026-09-20T22:10:34.704754+00:00,200,569.968,
2026-09-20T22:10:04.807608+00:00,200,30488.046,
2026-09-20T22:10:31.661935+00:00,200,3628.757,
2026-09-20T22:10:07.265108+00:00,200,28062.843,
2026-09-20T22:10:27.906442+00:00,200,7409.654,
2026-09-20T22:10:27.041333+00:00,200,8276.436,
2026-09-20T22:10:25.529056+00:00,200,9808.679,
2026-09-20T22:10:04.810262+00:00,200,30539.781,
2026-09-20T22:10:30.221895+00:00,200,5142.603,
2026-09-20T22:10:33.535905+00:00,200,1854.182,
2026-09-20T22:10:04.918324+00:00,200,30507.784,
2026-09-20T22:10:31.679931+00:00,200,3732.29,
2026-09-20T22:10:30.988936+00:00,200,4424.979,
2026-09-20T22:10:32.359143+00:00,200,3076.106,
2026-09-20T22:10:30.241468+00:00,200,5196.289,
2026-09-20T22:10:16.920971+00:00,200,18530.404,
2026-09-20T22:10:26.950599+00:00,200,8492.222,
2026-09-20T22:10:30.348550+00:00,200,5120.001,
2026-09-20T22:09:46.063440+00:00,200,49421.326,
2026-09-20T22:10:04.860375+00:00,200,30626.01,
2026-09-20T22:10:24.231850+00:00,200,11246.254,
2026-09-20T22:10:25.500992+00:00,200,9977.996,
2026-09-20T22:10:04.078295+00:00,200,31413.798,
2026-09-20T22:10:31.403419+00:00,200,4075.764,
2026-09-20T22:10:19.676175+00:00,200,15814.564,
2026-09-20T22:10:21.147740+00:00,200,14343.663,
2026-09-20T22:10:20.114612+00:00,200,15416.705,
2026-09-20T22:10:03.812487+00:00,200,31727.175,
2026-09-20T22:10:28.309658+00:00,200,7254.901,
2026-09-20T22:10:18.004860+00:00,200,17571.59,
2026-09-20T22:09:48.645551+00:00,200,46947.106,
2026-09-20T22:09:50.627246+00:00,200,44983.631,
2026-09-20T22:10:20.528147+00:00,200,15092.677,
2026-09-20T22:10:28.988824+00:00,200,6627.626,
2026-09-20T22:10:06.266601+00:00,200,29366.164,
2026-09-20T22:09:55.570410+00:00,200,40070.756,
2026-09-20T22:10:12.169404+00:00,200,23512.443,
2026-09-20T22:10:27.926047+00:00,200,7745.677,
2026-09-20T22:10:16.773830+00:00,200,18911.703,
2026-09-20T22:10:20.367961+00:00,200,15316.049,
2026-09-20T22:10:04.855475+00:00,200,30837.962,
2026-09-20T22:10:27.057891+00:00,200,8626.387,
2026-09-20T22:10:18.165558+00:00,200,17556.796,
2026-09-20T22:10:25.789513+00:00,200,9952.215,
2026-09-20T22:09:47.433173+00:00,200,48323.286,
2026-09-20T22:09:40.119052+00:00,200,55640.796,
2026-09-20T22:10:21.982178+00:00,200,13772.919,
2026-09-20T22:10:25.968656+00:00,200,9786.527,
2026-09-20T22:10:04.044508+00:00,200,31725.767,
2026-09-20T22:10:30.997688+00:00,200,4761.501,
2026-09-20T22:10:33.322016+00:00,200,2439.69,
2026-09-20T22:10:33.775209+00:00,200,1990.953,
2026-09-20T22:10:17.446755+00:00,200,18401.532,
2026-09-20T22:10:27.452781+00:00,200,8389.588,
2026-09-20T22:10:32.467046+00:00,200,3376.291,
2026-09-20T22:10:15.704112+00:00,200,20158.321,
2026-09-20T22:10:32.162292+00:00,200,3689.268,
2026-09-20T22:10:30.377693+00:00,200,5479.041,
2026-09-20T22:10:31.300989+00:00,200,4559.394,
2026-09-20T22:10:12.334223+00:00,200,23545.399,
2026-09-20T22:10:04.954841+00:00,200,30929.231,
2026-09-20T22:10:01.389119+00:00,200,34499.407,
2026-09-20T22:10:29.165019+00:00,200,6756.542,
2026-09-20T22:09:52.141198+00:00,200,43829.77,
2026-09-20T22:10:34.511158+00:00,200,1447.846,
2026-09-20T22:10:29.006356+00:00,200,6960.201,
2026-09-20T22:10:32.951144+00:00,200,3017.956,
2026-09-20T22:10:35.095341+00:00,200,877.576,
2026-09-20T22:10:32.367608+00:00,200,3611.427,
2026-09-20T22:10:12.901484+00:00,200,23097.935,
2026-09-20T22:10:34.112658+00:00,200,1960.337,
2026-09-20T22:10:25.527224+00:00,200,10555.928,
2026-09-20T22:10:27.074891+00:00,200,9012.243,
2026-09-20T22:10:05.058226+00:00,200,31046.392,
2026-09-20T22:10:27.938931+00:00,200,8158.138,
2026-09-20T22:10:05.165266+00:00,200,30950.066,
2026-09-20T22:10:04.585852+00:00,200,31534.86,
2026-09-20T22:10:19.656309+00:00,200,16464.265,
2026-09-20T22:10:28.698578+00:00,200,7419.724,
2026-09-20T22:10:25.176872+00:00,200,10949.592,
2026-09-20T22:10:05.103898+00:00,200,31039.206,
2026-09-20T22:10:05.069983+00:00,200,31078.858,
2026-09-20T22:10:04.058924+00:00,200,32095.815,
2026-09-20T22:10:04.901780+00:00,200,31258.891,
2026-09-20T22:09:57.262475+00:00,200,38904.285,
2026-09-20T22:10:34.436027+00:00,200,1826.154,
2026-09-20T22:10:34.052385+00:00,200,2216.176,
2026-09-20T22:10:25.532075+00:00,200,10747.828,
2026-09-20T22:10:30.416792+00:00,200,5866.108,
2026-09-20T22:10:04.838105+00:00,200,31465.706,
2026-09-20T22:10:31.039893+00:00,200,5255.511,
2026-09-20T22:09:57.097596+00:00,200,39219.299,
2026-09-20T22:10:31.202175+00:00,200,5106.343,
2026-09-20T22:10:05.056226+00:00,200,31273.835,
2026-09-20T22:09:52.353800+00:00,200,43982.977,
2026-09-20T22:10:25.397583+00:00,200,10934.91,
2026-09-20T22:09:55.555795+00:00,200,40794.715,
2026-09-20T22:10:07.596519+00:00,200,28881.675,
2026-09-20T22:10:28.467499+00:00,200,8004.577,
2026-09-20T22:10:26.512416+00:00,200,9968.14,
2026-09-20T22:10:29.041951+00:00,200,7444.13,
2026-09-20T22:10:34.257285+00:00,200,2233.521,
2026-09-20T22:10:34.328752+00:00,200,2169.43,
2026-09-20T22:09:56.805929+00:00,200,39716.094,
2026-09-20T22:10:11.511368+00:00,200,25018.237,
2026-09-20T22:10:16.276597+00:00,200,20259.491,
2026-09-20T22:09:54.145125+00:00,200,42400.112,
2026-09-20T22:10:24.210860+00:00,200,12332.121,
2026-09-20T22:09:55.946973+00:00,200,40614.157,
2026-09-20T22:10:09.685409+00:00,200,26883.796,
2026-09-20T22:10:20.395327+00:00,200,16338.104,
2026-09-20T22:10:05.747198+00:00,200,31000.946,
2026-09-20T22:10:17.489943+00:00,200,19263.617,
2026-09-20T22:10:05.123972+00:00,200,31641.029,
2026-09-20T22:10:04.500623+00:00,200,32272.86,
2026-09-20T22:10:05.015025+00:00,200,31767.046,
2026-09-20T22:10:20.122920+00:00,200,16661.423,
2026-09-20T22:10:04.592373+00:00,200,32206.683,
2026-09-20T22:10:25.314680+00:00,200,11482.137,
2026-09-20T22:10:01.442403+00:00,200,35374.381,
2026-09-20T22:10:33.999907+00:00,200,2809.303,
2026-09-20T22:10:05.156560+00:00,200,31677.717,
2026-09-20T22:10:03.789718+00:00,200,33053.295,
2026-09-20T22:10:01.834886+00:00,200,35017.019,
2026-09-20T22:10:09.211659+00:00,200,27649.101,
2026-09-20T22:10:29.770010+00:00,200,7085.863,
2026-09-20T22:10:31.023434+00:00,200,5841.144,
2026-09-20T22:10:26.169802+00:00,200,10711.482,
2026-09-20T22:10:32.354785+00:00,200,4532.484,
2026-09-20T22:10:35.433830+00:00,200,1461.815,
2026-09-20T22:10:07.443401+00:00,200,29620.909,
2026-09-20T22:10:33.339658+00:00,200,3718.138,
2026-09-20T22:10:30.918287+00:00,200,6150.412,
2026-09-20T22:10:04.739325+00:00,200,32382.845,
2026-09-20T22:10:35.333153+00:00,200,1796.366,
2026-09-20T22:10:35.389263+00:00,200,1750.028,
2026-09-20T22:10:15.624245+00:00,200,21561.23,
2026-09-20T22:10:34.160460+00:00,200,3018.731,
2026-09-20T22:10:33.003837+00:00,200,4185.703,
2026-09-20T22:10:09.790208+00:00,200,27425.155,
2026-09-20T22:10:31.638006+00:00,200,5572.162,
2026-09-20T22:10:24.873751+00:00,200,12350.91,
2026-09-20T22:10:13.648062+00:00,200,23597.375,
2026-09-20T22:09:49.528577+00:00,200,47779.713,
2026-09-20T22:10:35.438116+00:00,200,1955.95,
2026-09-20T22:10:35.466029+00:00,200,1938.479,
2026-09-20T22:10:35.560741+00:00,200,1854.22,
2026-09-20T22:09:56.759522+00:00,200,40785.316,
2026-09-20T22:10:15.949473+00:00,200,21826.481,
2026-09-20T22:10:33.844100+00:00,200,3961.741,
2026-09-20T22:10:36.087422+00:00,200,1778.584,
2026-09-20T22:10:21.227052+00:00,200,16940.102,
2026-09-20T22:10:34.535603+00:00,200,3754.777,
2026-09-20T22:10:34.808179+00:00,200,3635.117,
2026-09-20T22:10:36.460861+00:00,200,2026.307,
2026-09-20T22:10:36.527800+00:00,200,1969.265,
2026-09-20T22:10:14.055551+00:00,200,24608.234,
2026-09-20T22:10:33.342022+00:00,200,5321.231,
2026-09-20T22:10:04.978983+00:00,200,33757.585,
2026-09-20T22:10:22.890666+00:00,200,15894.617,
2026-09-20T22:10:28.497377+00:00,200,10340.399,
2026-09-20T22:09:41.167141+00:00,200,57694.689,
2026-09-20T22:10:14.313052+00:00,200,24559.288,
2026-09-20T22:10:15.767878+00:00,200,23136.276,
2026-09-20T22:10:00.466015+00:00,200,38454.938,
2026-09-20T22:10:05.120421+00:00,200,33811.109,
2026-09-20T22:10:37.168175+00:00,200,1783.116,
2026-09-20T22:10:33.690082+00:00,200,5339.018,
2026-09-20T22:10:26.697870+00:00,200,12346.135,
2026-09-20T22:10:21.366324+00:00,200,17693.174,
2026-09-20T22:09:55.697234+00:00,200,43423.6,
2026-09-20T22:10:24.544674+00:00,200,14592.123,
2026-09-20T22:10:34.616718+00:00,200,4524.308,
2026-09-20T22:09:46.152343+00:00,200,53016.133,
2026-09-20T22:10:26.484706+00:00,200,12824.503,
2026-09-20T22:10:37.663889+00:00,200,1696.342,
2026-09-20T22:10:36.114510+00:00,200,3440.892,
2026-09-20T22:10:09.704780+00:00,200,30012.084,
2026-09-20T22:10:38.082321+00:00,200,1696.996,
2026-09-20T22:10:36.504611+00:00,200,3285.358,
2026-09-20T22:10:38.441881+00:00,200,1484.231,
2026-09-20T22:10:03.639983+00:00,200,36417.664,
2026-09-20T22:10:36.574341+00:00,200,3604.881,
2026-09-20T22:10:18.387764+00:00,200,21829.713,
2026-09-20T22:10:30.231808+00:00,200,10215.357,
2026-09-20T22:10:24.268721+00:00,200,16205.875,
2026-09-20T22:10:34.554362+00:00,200,5936.151,
2026-09-20T22:10:12.986104+00:00,200,27568.338,
2026-09-20T22:10:37.227847+00:00,200,3355.407,
2026-09-20T22:10:30.729736+00:00,200,9927.123,
2026-09-20T22:10:04.804982+00:00,200,35878.609,
2026-09-20T22:10:16.448377+00:00,200,24256.107,
2026-09-20T22:10:26.216892+00:00,200,14506.876,
2026-09-20T22:10:26.015945+00:00,200,14715.302,
2026-09-20T22:10:26.518288+00:00,200,14298.436,
2026-09-20T22:10:37.694142+00:00,200,3171.43,
2026-09-20T22:10:36.149493+00:00,200,4722.374,
2026-09-20T22:10:33.477457+00:00,200,7459.417,
2026-09-20T22:10:24.819364+00:00,200,16150.565,
2026-09-20T22:10:21.845346+00:00,200,19129.995,
2026-09-20T22:10:21.064414+00:00,200,19951.315,
2026-09-20T22:10:34.299434+00:00,200,6741.044,
2026-09-20T22:10:36.154599+00:00,200,4909.595,
2026-09-20T22:09:57.152025+00:00,200,43944.04,
2026-09-20T22:09:52.512602+00:00,200,48638.263,
2026-09-20T22:09:38.185729+00:00,200,62987.26,
2026-09-20T22:10:14.307563+00:00,200,26877.569,
2026-09-20T22:10:14.790910+00:00,200,26421.098,
2026-09-20T22:10:04.272644+00:00,200,36953.186,
2026-09-20T22:09:57.006672+00:00,200,44251.535,
2026-09-20T22:10:15.209671+00:00,200,26064.135,
2026-09-20T22:10:37.259321+00:00,200,4035.463,
2026-09-20T22:09:55.641838+00:00,200,45719.291,
2026-09-20T22:10:27.672891+00:00,200,13682.627,
2026-09-20T22:10:35.159093+00:00,200,6202.756,
2026-09-20T22:10:06.944335+00:00,200,34456.417,
2026-09-20T22:10:37.264551+00:00,200,4136.669,
2026-09-20T22:10:31.941497+00:00,200,9481.066,
2026-09-20T22:10:09.646209+00:00,200,31811.277,
2026-09-20T22:10:09.606762+00:00,200,31900.423,
2026-09-20T22:10:20.076712+00:00,200,21427.068,
2026-09-20T22:10:24.068641+00:00,200,17442.837,
2026-09-20T22:10:05.131398+00:00,200,36401.988,
2026-09-20T22:10:25.787906+00:00,200,15738.498,
2026-09-20T22:10:14.318648+00:00,200,27226.449,
2026-09-20T22:10:19.039928+00:00,200,22502.911,
2026-09-20T22:10:05.168863+00:00,200,36390.762,
2026-09-20T22:10:02.555117+00:00,200,39006.954,
2026-09-20T22:10:31.970645+00:00,200,9662.115,
2026-09-20T22:10:11.021457+00:00,200,30648.889,
2026-09-20T22:09:55.096891+00:00,200,46579.275,
2026-09-20T22:10:04.830533+00:00,200,36853.764,
2026-09-20T22:10:34.626314+00:00,200,7065.099,
2026-09-20T22:10:40.414128+00:00,200,1294.675,
2026-09-20T22:10:41.342078+00:00,200,399.722,
2026-09-20T22:09:55.217164+00:00,200,46574.123,
2026-09-20T22:10:04.558984+00:00,200,37255.417,
2026-09-20T22:10:27.748508+00:00,200,14065.159,
2026-09-20T22:10:03.218294+00:00,200,38609.892,
2026-09-20T22:10:34.089763+00:00,200,7726.709,
2026-09-20T22:10:35.473185+00:00,200,6344.438,
2026-09-20T22:10:17.077475+00:00,200,24775.989,
2026-09-20T22:10:32.938354+00:00,200,8904.906,
2026-09-20T22:10:35.746077+00:00,200,6128.611,
2026-09-20T22:09:38.393001+00:00,200,63502.934,
2026-09-20T22:10:16.880337+00:00,200,25038.974,
2026-09-20T22:10:25.522965+00:00,200,16390.337,
2026-09-20T22:10:03.272695+00:00,200,38661.542,
2026-09-20T22:09:52.544880+00:00,200,49396.497,
2026-09-20T22:10:04.238470+00:00,200,37704.874,
2026-09-20T22:10:40.409272+00:00,200,1521.283,
2026-09-20T22:09:58.315390+00:00,200,43643.839,
2026-09-20T22:10:24.654956+00:00,200,17300.361,
2026-09-20T22:10:05.068059+00:00,200,36924.775,
2026-09-20T22:10:04.820538+00:00,200,37179.198,
2026-09-20T22:10:34.274723+00:00,200,7710.818,
2026-09-20T22:10:39.988137+00:00,200,2003.602,
2026-09-20T22:09:47.745428+00:00,200,54281.637,
2026-09-20T22:10:04.416509+00:00,200,37614.373,
2026-09-20T22:10:29.698320+00:00,200,12324.01,
2026-09-20T22:09:38.372407+00:00,200,63668.016,
2026-09-20T22:10:35.866964+00:00,200,6160.187,
2026-09-20T22:10:10.051245+00:00,200,32003.706,
2026-09-20T22:09:59.284291+00:00,200,42785.966,
2026-09-20T22:10:04.961396+00:00,200,37140.083,
2026-09-20T22:09:44.707829+00:00,200,57418.357,
2026-09-20T22:10:10.946920+00:00,200,31182.294,
2026-09-20T22:10:14.357113+00:00,200,27796.43,
2026-09-20T22:09:53.154448+00:00,200,49013.217,
2026-09-20T22:10:24.050238+00:00,200,18109.941,
2026-09-20T22:10:21.080731+00:00,200,21087.482,
2026-09-20T22:10:03.743505+00:00,200,38433.809,
2026-09-20T22:10:04.479189+00:00,200,37730.892,
2026-09-20T22:10:04.309943+00:00,200,37908.216,
2026-09-20T22:10:30.182891+00:00,200,12024.391,
2026-09-20T22:09:40.050261+00:00,200,62177.397,
2026-09-20T22:10:20.260976+00:00,200,21962.919,
2026-09-20T22:09:44.925789+00:00,200,57306.139,
2026-09-20T22:10:26.550155+00:00,200,15674.42,
2026-09-20T22:10:02.815345+00:00,200,39424.934,
2026-09-20T22:10:05.006615+00:00,200,37235.276,
2026-09-20T22:10:04.589150+00:00,200,37668.86,
2026-09-20T22:10:06.032834+00:00,200,36239.284,
2026-09-20T22:10:14.777806+00:00,200,27508.698,
2026-09-20T22:10:35.845768+00:00,200,6425.6,
2026-09-20T22:10:26.690813+00:00,200,15590.242,
2026-09-20T22:10:24.680654+00:00,200,17604.897,
2026-09-20T22:09:47.839010+00:00,200,54460.261,
2026-09-20T22:10:04.840601+00:00,200,37484.49,
2026-09-20T22:10:25.730891+00:00,200,16585.623,
2026-09-20T22:09:37.299866+00:00,200,65032.607,
2026-09-20T22:09:37.793925+00:00,200,64543.79,
2026-09-20T22:10:14.773387+00:00,200,27570.9,
2026-09-20T22:10:25.039768+00:00,200,17304.466,
2026-09-20T22:10:36.747545+00:00,200,5611.018,
2026-09-20T22:10:29.559434+00:00,200,12807.096,
2026-09-20T22:10:33.609942+00:00,200,8756.744,
2026-09-20T22:10:26.495573+00:00,200,15881.234,
2026-09-20T22:10:39.128857+00:00,200,3251.041,
2026-09-20T22:10:21.155794+00:00,200,21245.11,
2026-09-20T22:10:42.190843+00:00,200,204.349,
2026-09-20T22:10:37.446897+00:00,200,4959.947,
2026-09-20T22:09:48.571857+00:00,200,53856.882,
2026-09-20T22:10:01.888306+00:00,200,40544.723,
2026-09-20T22:10:41.490786+00:00,200,935.771,
2026-09-20T22:10:26.957624+00:00,200,15479.48,
2026-09-20T22:09:57.692885+00:00,200,44757.231,
2026-09-20T22:10:03.633685+00:00,200,38833.062,
2026-09-20T22:10:05.105770+00:00,200,37367.345,
2026-09-20T22:09:38.960492+00:00,200,63524.664,
2026-09-20T22:10:28.798254+00:00,200,13678.301,
2026-09-20T22:10:36.312776+00:00,200,6168.313,
2026-09-20T22:10:41.974797+00:00,200,505.255,
2026-09-20T22:10:02.927937+00:00,200,39579.645,
2026-09-20T22:10:40.809805+00:00,200,1681.499,
2026-09-20T22:10:39.395404+00:00,200,3100.707,
2026-09-20T22:10:32.644699+00:00,200,9855.123,
2026-09-20T22:10:05.180938+00:00,200,37338.157,
2026-09-20T22:10:35.619605+00:00,200,6892.58,
2026-09-20T22:10:20.256940+00:00,200,22281.18,
2026-09-20T22:09:49.499708+00:00,200,53048.973,
2026-09-20T22:10:34.259774+00:00,200,8293.976,
2026-09-20T22:10:22.620356+00:00,200,19948.129,
2026-09-20T22:10:24.813485+00:00,200,17761.752,
2026-09-20T22:10:42.192122+00:00,200,383.435,
2026-09-20T22:09:40.849039+00:00,200,61770.021,
2026-09-20T22:10:36.333159+00:00,200,6274.994,
2026-09-20T22:10:36.799287+00:00,200,5821.341,
2026-09-20T22:10:36.137517+00:00,200,6494.039,
2026-09-20T22:10:36.885271+00:00,200,5750.256,
2026-09-20T22:09:56.683618+00:00,200,45972.28,
2026-09-20T22:10:33.836583+00:00,200,8806.658,
2026-09-20T22:10:09.548593+00:00,200,33115.506,
2026-09-20T22:10:42.465695+00:00,200,184.621,
2026-09-20T22:10:05.854252+00:00,200,36816.238,
2026-09-20T22:10:03.938291+00:00,200,38745.684,
2026-09-20T22:10:35.097509+00:00,200,7572.816,
2026-09-20T22:10:32.877142+00:00,200,9800.093,
2026-09-20T22:10:24.717356+00:00,200,17982.329,
2026-09-20T22:10:36.772974+00:00,200,5927.42,
2026-09-20T22:10:33.467810+00:00,200,9243.09,
2026-09-20T22:10:27.083586+00:00,200,15636.677,
2026-09-20T22:10:39.390102+00:00,200,3335.762,
2026-09-20T22:10:18.055797+00:00,200,24688.575,
2026-09-20T22:10:05.604183+00:00,200,37155.16,
2026-09-20T22:10:04.744918+00:00,200,38015.781,
2026-09-20T22:10:04.039628+00:00,200,38729.507,
2026-09-20T22:10:05.154806+00:00,200,37624.238,
2026-09-20T22:10:04.111643+00:00,200,38670.516,
2026-09-20T22:10:34.806076+00:00,200,7965.448,
2026-09-20T22:10:05.109453+00:00,200,37684.01,
2026-09-20T22:10:38.729124+00:00,200,4047.972,
2026-09-20T22:10:32.233823+00:00,200,10552.415,
2026-09-20T22:10:05.023147+00:00,200,37782.007,
2026-09-20T22:10:34.719127+00:00,200,8075.853,
2026-09-20T22:10:05.010975+00:00,200,37806.417,
2026-09-20T22:10:23.967626+00:00,200,18853.787,
2026-09-20T22:10:22.616346+00:00,200,20228.234,
2026-09-20T22:10:35.615767+00:00,200,7225.566,
2026-09-20T22:10:12.228819+00:00,200,30632.078,
2026-09-20T22:10:35.982311+00:00,200,6889.033,
2026-09-20T22:10:25.566690+00:00,200,17319.05,
2026-09-20T22:10:06.398859+00:00,200,36500.678,
2026-09-20T22:10:05.158210+00:00,200,37747.532,
2026-09-20T22:10:17.805939+00:00,200,25098.363,
2026-09-20T22:10:23.269499+00:00,200,19642.77,
2026-09-20T22:10:36.875438+00:00,200,6042.849,
2026-09-20T22:10:30.900244+00:00,200,12021.659,
2026-09-20T22:10:35.258649+00:00,200,7662.766,
2026-09-20T22:10:35.475139+00:00,200,7450.02,
2026-09-20T22:10:30.679134+00:00,200,12254.421,
2026-09-20T22:10:33.987474+00:00,200,8957.433,
2026-09-20T22:10:33.993198+00:00,200,8958.638,
2026-09-20T22:10:36.497274+00:00,200,6465.097,
2026-09-20T22:10:24.450828+00:00,200,18519.372,
2026-09-20T22:10:04.507624+00:00,200,38481.455,
2026-09-20T22:10:28.379945+00:00,200,14603.11,
2026-09-20T22:10:35.977400+00:00,200,7002.743,
2026-09-20T22:10:27.893488+00:00,200,15101.124,
2026-09-20T22:09:47.500633+00:00,200,55509.6,
2026-09-20T22:10:36.816795+00:00,200,6178.083,
2026-09-20T22:10:22.706045+00:00,200,20299.491,
2026-09-20T22:10:24.797817+00:00,200,18229.919,
2026-09-20T22:09:39.747094+00:00,200,63296.043,
2026-09-20T22:10:04.862917+00:00,200,38193.737,
2026-09-20T22:10:30.475382+00:00,200,12577.61,
2026-09-20T22:09:59.180458+00:00,200,43888.462,
2026-09-20T22:10:28.365656+00:00,200,14699.859,
2026-09-20T22:09:41.410560+00:00,200,61677.028,
2026-09-20T22:10:06.044084+00:00,200,37054.757,
2026-09-20T22:10:00.694634+00:00,200,42425.673,
2026-09-20T22:10:32.488247+00:00,200,10622.651,
2026-09-20T22:10:41.408057+00:00,200,1720.786,
2026-09-20T22:10:35.024109+00:00,200,8108.841,
2026-09-20T22:10:14.799661+00:00,200,28357.716,
2026-09-20T22:10:42.525043+00:00,200,622.38,
2026-09-20T22:10:25.347250+00:00,200,17810.967,
2026-09-20T22:10:34.318105+00:00,200,8836.187,
2026-09-20T22:10:39.601462+00:00,200,3559.373,
2026-09-20T22:09:37.735639+00:00,200,65446.895,
2026-09-20T22:10:00.488482+00:00,200,42698.446,
2026-09-20T22:09:58.000320+00:00,200,45196.822,
2026-09-20T22:10:40.224029+00:00,200,2972.542,
2026-09-20T22:09:44.628847+00:00,200,58587.373,
2026-09-20T22:10:40.399278+00:00,200,2807.907,
2026-09-20T22:10:42.608759+00:00,200,608.45,
2026-09-20T22:10:42.453808+00:00,200,765.801,
2026-09-20T22:10:41.038014+00:00,200,2186.429,
2026-09-20T22:10:05.090966+00:00,200,38157.694,
2026-09-20T22:10:05.174079+00:00,200,38098.464,
2026-09-20T22:10:27.493359+00:00,200,15770.577,
2026-09-20T22:10:36.098132+00:00,200,7163.147,
2026-09-20T22:10:41.418838+00:00,200,1859.568,
2026-09-20T22:10:32.484684+00:00,200,10813.191,
2026-09-20T22:10:27.102293+00:00,200,16200.181,
2026-09-20T22:09:44.082525+00:00,200,59233.869,
2026-09-20T22:09:43.150242+00:00,200,60169.931,
2026-09-20T22:10:09.820062+00:00,200,33504.401,
2026-09-20T22:10:40.961639+00:00,200,2347.071,
2026-09-20T22:10:08.477117+00:00,200,34859.238,
2026-09-20T22:10:40.465996+00:00,200,2856.292,
2026-09-20T22:10:02.675792+00:00,200,40675.896,
2026-09-20T22:10:42.529264+00:00,200,815.769,
2026-09-20T22:10:16.722445+00:00,200,26661.539,
2026-09-20T22:10:33.996617+00:00,200,9374.642,
2026-09-20T22:10:40.873560+00:00,200,2500.813,
2026-09-20T22:10:41.688903+00:00,200,1695.427,
2026-09-20T22:10:06.212377+00:00,200,37199.559,
2026-09-20T22:10:21.349835+00:00,200,22058.79,
2026-09-20T22:09:57.719350+00:00,200,45702.51,
2026-09-20T22:10:14.256507+00:00,200,29187.17,
2026-09-20T22:09:52.948040+00:00,200,50527.178,
2026-09-20T22:10:24.106151+00:00,200,19363.892,
2026-09-20T22:10:42.305822+00:00,200,1168.58,
2026-09-20T22:10:37.197763+00:00,200,6289.131,
2026-09-20T22:10:28.832302+00:00,200,14670.496,
2026-09-20T22:10:02.612285+00:00,200,40907.301,
2026-09-20T22:10:40.982095+00:00,200,2531.178,
2026-09-20T22:10:36.092786+00:00,200,7436.082,
2026-09-20T22:10:30.962733+00:00,200,12585.733,
2026-09-20T22:10:38.517334+00:00,200,5033.696,
2026-09-20T22:10:40.864531+00:00,200,2702.159,
2026-09-20T22:10:05.000543+00:00,200,38586.19,
2026-09-20T22:10:10.613208+00:00,200,32974.442,
2026-09-20T22:10:40.535730+00:00,200,3051.934,
2026-09-20T22:10:41.077101+00:00,200,2511.405,
2026-09-20T22:10:35.247119+00:00,200,8344.431,
2026-09-20T22:10:34.842672+00:00,200,8756.482,
2026-09-20T22:10:40.987032+00:00,200,2626.953,
2026-09-20T22:10:06.487735+00:00,200,37146.374,
2026-09-20T22:09:54.779885+00:00,200,48855.608,
2026-09-20T22:10:23.327024+00:00,200,20300.402,
2026-09-20T22:10:43.008839+00:00,200,609.78,
2026-09-20T22:09:56.876907+00:00,200,46762.58,
2026-09-20T22:10:09.810188+00:00,200,33830.647,
2026-09-20T22:09:41.882234+00:00,200,61760.265,
2026-09-20T22:09:40.154050+00:00,200,63489.993,
2026-09-20T22:10:40.218948+00:00,200,3407.91,
2026-09-20T22:10:31.953415+00:00,200,11678.473,
2026-09-20T22:10:24.121360+00:00,200,19517.535,
2026-09-20T22:10:30.173070+00:00,200,13496.499,
2026-09-20T22:09:43.585521+00:00,200,60100.315,
2026-09-20T22:10:23.273428+00:00,200,20404.859,
2026-09-20T22:10:24.607805+00:00,200,19071.177,
2026-09-20T22:10:06.396011+00:00,200,37295.24,
2026-09-20T22:10:38.983842+00:00,200,4717.505,
2026-09-20T22:10:16.828128+00:00,200,26902.732,
2026-09-20T22:10:00.816526+00:00,200,42918.474,
2026-09-20T22:10:23.963357+00:00,200,19763.995,
2026-09-20T22:10:41.980559+00:00,200,1739.833,
2026-09-20T22:10:25.463695+00:00,200,18266.977,
2026-09-20T22:09:52.981992+00:00,200,50866.322,
2026-09-20T22:10:14.537457+00:00,200,29332.193,
2026-09-20T22:10:19.218667+00:00,200,24648.214,
2026-09-20T22:10:23.253576+00:00,200,20611.39,
2026-09-20T22:10:09.770375+00:00,200,34106.165,
2026-09-20T22:10:35.115124+00:00,200,8747.073,
2026-09-20T22:10:41.839921+00:00,200,2028.611,
2026-09-20T22:10:33.259654+00:00,200,10625.504,
2026-09-20T22:10:22.532671+00:00,200,21390.188,
2026-09-20T22:10:06.461611+00:00,200,37472.558,
2026-09-20T22:10:18.919420+00:00,200,25012.612,
2026-09-20T22:10:05.021135+00:00,200,38964.182,
2026-09-20T22:10:29.060081+00:00,200,14917.8,
2026-09-20T22:10:04.994184+00:00,200,39000.142,
2026-09-20T22:10:43.543643+00:00,200,433.886,
2026-09-20T22:10:04.983331+00:00,200,39022.306,
2026-09-20T22:10:38.102592+00:00,200,5897.59,
2026-09-20T22:10:34.733119+00:00,200,9284.418,
2026-09-20T22:10:06.214388+00:00,200,37824.177,
2026-09-20T22:10:33.286959+00:00,200,10772.933,
2026-09-20T22:10:43.549544+00:00,200,541.012,
2026-09-20T22:10:43.586822+00:00,200,506.661,
2026-09-20T22:10:42.713211+00:00,200,1396.635,
2026-09-20T22:10:24.943405+00:00,200,19206.475,
2026-09-20T22:10:11.587262+00:00,200,32628.507,
2026-09-20T22:10:41.084958+00:00,200,3159.109,
2026-09-20T22:10:04.991974+00:00,200,39286.828,
2026-09-20T22:10:38.325851+00:00,200,5973.108,
2026-09-20T22:10:21.576046+00:00,200,22777.705,
2026-09-20T22:10:17.004152+00:00,200,27406.201,
2026-09-20T22:10:25.010333+00:00,200,19426.608,
2026-09-20T22:10:40.934060+00:00,200,3497.588,
2026-09-20T22:10:40.202890+00:00,200,4240.856,
2026-09-20T22:10:04.461121+00:00,200,40042.304,
2026-09-20T22:10:41.543002+00:00,200,2974.093,
2026-09-20T22:10:24.573900+00:00,200,19957.634,
2026-09-20T22:10:04.911363+00:00,200,39634.887,
2026-09-20T22:10:17.618439+00:00,200,26940.788,
2026-09-20T22:10:04.764669+00:00,200,39824.685,
2026-09-20T22:10:42.252871+00:00,200,2320.295,
2026-09-20T22:10:43.079375+00:00,200,1527.488,
2026-09-20T22:10:43.106998+00:00,200,1504.174,
2026-09-20T22:10:25.794127+00:00,200,18829.548,
2026-09-20T22:09:58.495828+00:00,200,46142.264,
2026-09-20T22:10:25.846489+00:00,200,18783.211,
2026-09-20T22:10:05.114952+00:00,200,39529.255,
2026-09-20T22:10:21.486473+00:00,200,23153.354,
2026-09-20T22:09:53.763337+00:00,200,50887.272,
2026-09-20T22:10:05.397639+00:00,200,39256.241,
2026-09-20T22:10:37.056218+00:00,200,7583.443,
2026-09-20T22:09:56.605319+00:00,200,48055.425,
2026-09-20T22:10:06.507976+00:00,200,38156.12,
2026-09-20T22:10:31.721672+00:00,200,12930.825,
2026-09-20T22:10:30.455863+00:00,200,14200.972,
2026-09-20T22:09:40.409875+00:00,200,64286.165,
2026-09-20T22:10:42.992913+00:00,200,1711.25,
2026-09-20T22:10:25.474740+00:00,200,19249.047,
2026-09-20T22:10:33.643048+00:00,200,11079.701,
2026-09-20T22:10:24.754023+00:00,200,20009.404,
2026-09-20T22:10:06.302076+00:00,200,38515.96,
2026-09-20T22:10:15.942051+00:00,200,28928.395,
2026-09-20T22:10:03.034170+00:00,200,41844.223,
2026-09-20T22:10:33.193971+00:00,200,11685.017,
2026-09-20T22:10:05.986993+00:00,200,38949.214,
2026-09-20T22:10:20.025968+00:00,200,24922.653,
2026-09-20T22:10:26.386168+00:00,200,18586.384,
2026-09-20T22:10:34.410350+00:00,200,10581.024,
2026-09-20T22:10:39.554163+00:00,200,5439.06,
2026-09-20T22:10:33.393437+00:00,200,11653.731,
2026-09-20T22:10:08.148989+00:00,200,36950.451,
2026-09-20T22:10:28.936583+00:00,200,16170.432,
2026-09-20T22:10:26.254296+00:00,200,18871.505,
2026-09-20T22:10:04.342285+00:00,200,40825.321,
2026-09-20T22:10:32.183881+00:00,200,12973.643,
2026-09-20T22:10:43.277904+00:00,200,1896.074,
2026-09-20T22:10:36.834397+00:00,200,8357.239,
2026-09-20T22:10:27.092274+00:00,200,18138.128,
2026-09-20T22:09:51.946388+00:00,200,53342.817,
2026-09-20T22:10:39.150050+00:00,200,6124.503,
2026-09-20T22:10:24.648584+00:00,200,20639.574,
2026-09-20T22:10:03.627419+00:00,200,41693.669,
2026-09-20T22:10:31.031685+00:00,200,14369.435,
2026-09-20T22:10:27.121586+00:00,200,18311.554,
2026-09-20T22:10:34.044880+00:00,200,11393.4,
2026-09-20T22:10:34.735194+00:00,200,10728.889,
2026-09-20T22:09:57.880948+00:00,200,47682.31,
2026-09-20T22:10:04.887498+00:00,200,40719.741,
2026-09-20T22:10:42.681655+00:00,200,2922.586,
2026-09-20T22:10:26.268863+00:00,200,19354.378,
2026-09-20T22:10:41.352437+00:00,200,4288.644,
2026-09-20T22:10:37.403748+00:00,200,8257.621,
2026-09-20T22:10:05.184321+00:00,200,40502.529,
2026-09-20T22:10:42.051028+00:00,200,3626.348,
2026-09-20T22:10:40.616532+00:00,200,5127.377,
2026-09-20T22:10:08.625657+00:00,200,37178.907,
2026-09-20T22:10:03.522917+00:00,200,42360.504,
2026-09-20T22:09:56.972914+00:00,200,48928.393,
2026-09-20T22:10:18.095188+00:00,200,27840.364,
2026-09-20T22:10:07.432566+00:00,200,38512.194,
2026-09-20T22:10:29.118286+00:00,200,16844.012,
2026-09-20T22:10:21.086446+00:00,200,24889.727,
2026-09-20T22:10:35.858234+00:00,200,10120.41,
2026-09-20T22:10:42.243606+00:00,200,3751.88,
2026-09-20T22:10:32.346271+00:00,200,13685.44,
2026-09-20T22:10:03.974497+00:00,200,42078.136,
2026-09-20T22:10:25.700578+00:00,200,20346.26,
2026-09-20T22:10:42.011694+00:00,200,4049.396,
2026-09-20T22:10:12.817397+00:00,200,33268.132,
2026-09-20T22:09:44.800725+00:00,200,61294.411,
2026-09-20T22:10:04.817971+00:00,200,41343.992,
2026-09-20T22:10:26.732935+00:00,200,19420.467,
2026-09-20T22:10:43.295289+00:00,200,2917.908,
2026-09-20T22:10:17.979739+00:00,200,28263.519,
2026-09-20T22:10:07.413974+00:00,200,38836.317,
2026-09-20T22:10:14.028247+00:00,200,32248.756,
2026-09-20T22:10:04.475588+00:00,200,41821.875,
2026-09-20T22:10:37.104575+00:00,200,9254.959,
2026-09-20T22:10:15.535732+00:00,200,30858.702,
2026-09-20T22:10:02.159964+00:00,200,44244.907,
2026-09-20T22:10:21.978262+00:00,200,24427.669,
2026-09-20T22:10:26.395110+00:00,200,20065.834,
2026-09-20T22:10:43.713257+00:00,200,2754.0,
2026-09-20T22:10:27.149398+00:00,200,19384.951,
2026-09-20T22:10:31.374611+00:00,200,15195.813,
2026-09-20T22:10:12.806481+00:00,200,33782.353,
2026-09-20T22:10:39.586090+00:00,200,7052.978,
2026-09-20T22:10:08.503159+00:00,200,38199.782,
2026-09-20T22:10:43.108039+00:00,200,3592.838,
2026-09-20T22:10:37.177946+00:00,200,9559.579,
2026-09-20T22:10:25.405908+00:00,200,21392.035,
2026-09-20T22:10:35.204416+00:00,200,11628.126,
2026-09-20T22:10:43.667927+00:00,200,3175.573,
2026-09-20T22:10:01.235589+00:00,200,45643.179,
2026-09-20T22:10:37.673949+00:00,200,9211.988,
2026-09-20T22:10:26.024206+00:00,200,20877.69,
2026-09-20T22:10:06.410329+00:00,200,40562.297,
2026-09-20T22:10:41.940025+00:00,200,5021.096,
2026-09-20T22:10:35.918144+00:00,200,11087.814,
2026-09-20T22:10:44.432468+00:00,200,2596.512,
2026-09-20T22:10:04.318031+00:00,200,42782.906,
2026-09-20T22:10:41.082483+00:00,200,6038.417,
2026-09-20T22:10:13.076371+00:00,200,34081.557,
2026-09-20T22:10:12.686123+00:00,200,34489.417,
2026-09-20T22:10:43.965624+00:00,200,3195.895,
2026-09-20T22:10:17.748968+00:00,200,29432.852,
2026-09-20T22:10:05.127671+00:00,200,42097.157,
2026-09-20T22:10:38.532281+00:00,200,8704.649,
2026-09-20T22:10:00.355817+00:00,200,46908.76,
2026-09-20T22:10:11.703199+00:00,200,35572.448,
2026-09-20T22:09:58.055890+00:00,200,49236.948,
2026-09-20T22:10:14.210022+00:00,200,33107.656,
2026-09-20T22:10:43.567136+00:00,200,3736.97,
2026-09-20T22:10:04.822991+00:00,200,42567.801,
2026-09-20T22:10:04.981175+00:00,200,42415.293,
2026-09-20T22:10:36.120139+00:00,200,11326.613,
2026-09-20T22:10:18.144298+00:00,200,29363.64,
2026-09-20T22:10:44.715037+00:00,200,2792.309,
2026-09-20T22:09:57.246607+00:00,200,50293.183,
2026-09-20T22:10:37.452384+00:00,200,10127.346,
2026-09-20T22:10:23.594778+00:00,200,24052.719,
2026-09-20T22:10:37.886126+00:00,200,9774.236,
2026-09-20T22:10:27.487804+00:00,200,20181.282,
2026-09-20T22:10:04.875328+00:00,200,42868.593,
2026-09-20T22:10:25.830276+00:00,200,21918.268,
2026-09-20T22:10:23.012153+00:00,200,24756.586,
2026-09-20T22:10:05.641254+00:00,200,42155.136,
2026-09-20T22:10:38.854176+00:00,200,8931.022,
2026-09-20T22:10:34.899015+00:00,200,12937.779,
2026-09-20T22:10:36.852456+00:00,200,11010.047,
2026-09-20T22:09:58.841656+00:00,200,49041.981,
2026-09-20T22:10:25.117399+00:00,200,22771.753,
2026-09-20T22:10:24.467649+00:00,200,23475.308,
2026-09-20T22:09:52.743975+00:00,200,55226.14,
2026-09-20T22:10:24.636745+00:00,200,23389.993,
2026-09-20T22:09:37.506818+00:00,200,70548.992,
2026-09-20T22:10:43.049831+00:00,200,5072.425,
2026-09-20T22:10:34.119852+00:00,200,14038.56,
2026-09-20T22:10:43.253027+00:00,200,4922.59,
2026-09-20T22:10:44.621255+00:00,200,3565.273,
2026-09-20T22:10:16.206296+00:00,200,32018.059,
2026-09-20T22:10:18.182352+00:00,200,30047.168,
2026-09-20T22:10:02.972803+00:00,200,45264.728,
2026-09-20T22:10:36.543699+00:00,200,11733.994,
2026-09-20T22:10:22.485862+00:00,200,25806.62,
2026-09-20T22:10:37.527039+00:00,200,10763.909,
2026-09-20T22:10:03.620615+00:00,200,44697.626,
2026-09-20T22:10:14.939377+00:00,200,33391.641,
2026-09-20T22:10:29.850088+00:00,200,18498.136,
2026-09-20T22:10:47.739420+00:00,200,624.003,
2026-09-20T22:10:33.801088+00:00,200,14649.049,
2026-09-20T22:09:47.884407+00:00,200,60591.96,
2026-09-20T22:10:11.034003+00:00,200,37459.016,
2026-09-20T22:10:14.185516+00:00,200,34324.354,
2026-09-20T22:10:44.097237+00:00,200,4528.172,
2026-09-20T22:09:52.416796+00:00,200,56271.508,
2026-09-20T22:10:27.400553+00:00,200,21282.807,
2026-09-20T22:10:19.299464+00:00,200,29395.786,
2026-09-20T22:10:35.064264+00:00,200,13639.232,
2026-09-20T22:10:42.325071+00:00,200,6386.021,
2026-09-20T22:10:43.037192+00:00,200,5684.31,
2026-09-20T22:10:27.441976+00:00,200,21302.053,
2026-09-20T22:10:10.822696+00:00,200,37963.577,
2026-09-20T22:10:47.606069+00:00,200,1170.083,
2026-09-20T22:10:22.285306+00:00,200,26505.895,
2026-09-20T22:10:47.059860+00:00,200,1746.706,
2026-09-20T22:10:34.578428+00:00,200,14249.25,
2026-09-20T22:10:44.754082+00:00,200,4091.133,
2026-09-20T22:10:08.253845+00:00,200,40655.889,
2026-09-20T22:10:32.774963+00:00,200,16120.137,
2026-09-20T22:10:37.138600+00:00,200,11756.286,
2026-09-20T22:10:06.043095+00:00,200,42871.082,
2026-09-20T22:10:38.832855+00:00,200,10077.065,
2026-09-20T22:10:04.934454+00:00,200,43995.543,
2026-09-20T22:10:28.849472+00:00,200,20068.855,
2026-09-20T22:10:17.315538+00:00,200,31630.059,
2026-09-20T22:10:33.862353+00:00,200,15109.002,
2026-09-20T22:10:21.244090+00:00,200,27754.142,
2026-09-20T22:09:48.139994+00:00,200,60874.862,
2026-09-20T22:10:48.667532+00:00,200,331.881,
2026-09-20T22:10:42.089992+00:00,200,6920.434,
2026-09-20T22:10:39.359650+00:00,200,9657.232,
2026-09-20T22:10:48.121125+00:00,200,898.597,
2026-09-20T22:10:36.306135+00:00,200,12744.14,
2026-09-20T22:10:24.874548+00:00,200,24188.458,
2026-09-20T22:10:48.699566+00:00,200,363.665,
2026-09-20T22:10:43.981574+00:00,200,5112.148,
2026-09-20T22:10:39.379946+00:00,200,9720.27,
2026-09-20T22:10:26.380757+00:00,200,22733.89,
2026-09-20T22:10:12.484199+00:00,200,36644.732,
2026-09-20T22:10:41.160516+00:00,200,7963.099,
2026-09-20T22:10:42.550838+00:00,200,6574.12,
2026-09-20T22:09:56.894786+00:00,200,52266.59,
2026-09-20T22:10:14.089380+00:00,200,35083.161,
2026-09-20T22:10:43.449581+00:00,200,5705.139,
2026-09-20T22:10:42.948698+00:00,200,6213.043,
2026-09-20T22:10:43.920726+00:00,200,5284.531,
2026-09-20T22:10:28.781447+00:00,200,20433.332,
2026-09-20T22:10:04.438900+00:00,200,44796.174,
2026-09-20T22:10:48.890080+00:00,200,325.995,
2026-09-20T22:09:55.627927+00:00,200,53619.126,
2026-09-20T22:10:22.103568+00:00,200,27138.957,
2026-09-20T22:10:06.503464+00:00,200,42767.453,
2026-09-20T22:10:04.653166+00:00,200,44622.831,
2026-09-20T22:10:06.430063+00:00,200,42866.096,
2026-09-20T22:10:38.645690+00:00,200,10684.533,
2026-09-20T22:10:46.233909+00:00,200,3097.621,
2026-09-20T22:10:35.046499+00:00,200,14298.172,
2026-09-20T22:10:42.309737+00:00,200,7052.74,
2026-09-20T22:10:04.783633+00:00,200,44611.478,
2026-09-20T22:10:36.131626+00:00,200,13270.699,
2026-09-20T22:10:46.788682+00:00,200,2617.372,
2026-09-20T22:10:37.896562+00:00,200,11526.589,
2026-09-20T22:10:05.264302+00:00,200,44198.416,
2026-09-20T22:10:18.215735+00:00,200,31247.304,
2026-09-20T22:10:30.524501+00:00,200,18942.639,
2026-09-20T22:10:45.434562+00:00,200,4055.661,
2026-09-20T22:10:40.687193+00:00,200,8822.429,
2026-09-20T22:10:44.731476+00:00,200,4801.278,
2026-09-20T22:10:38.972683+00:00,200,10573.005,
2026-09-20T22:09:42.782585+00:00,200,66792.562,
2026-09-20T22:10:18.492335+00:00,200,31101.597,
2026-09-20T22:10:38.496344+00:00,200,11087.023,
2026-09-20T22:10:48.966842+00:00,200,616.532,
2026-09-20T22:09:48.906118+00:00,200,60705.921,
2026-09-20T22:10:25.887926+00:00,200,23718.988,
2026-09-20T22:10:22.231865+00:00,200,27410.555,
2026-09-20T22:10:09.049609+00:00,200,40604.674,
2026-09-20T22:09:56.503282+00:00,200,53153.521,
2026-09-20T22:10:24.559601+00:00,200,25107.384,
2026-09-20T22:10:33.834661+00:00,200,15829.417,
2026-09-20T22:10:46.829036+00:00,200,2836.724,
2026-09-20T22:09:57.360116+00:00,200,52341.528,
2026-09-20T22:10:49.405555+00:00,200,276.534,
2026-09-20T22:09:53.050392+00:00,200,56668.727,
2026-09-20T22:10:17.244739+00:00,200,32473.504,
2026-09-20T22:10:29.078257+00:00,200,20642.858,
2026-09-20T22:10:42.774072+00:00,200,6958.213,
2026-09-20T22:10:28.527692+00:00,200,21211.977,
2026-09-20T22:10:39.374952+00:00,200,10380.827,
2026-09-20T22:10:13.056737+00:00,200,36719.157,
2026-09-20T22:10:47.775863+00:00,200,1981.457,
2026-09-20T22:09:56.251320+00:00,200,53532.745,
2026-09-20T22:10:46.256833+00:00,200,3508.499,
2026-09-20T22:10:42.557807+00:00,200,7217.159,
2026-09-20T22:10:45.975591+00:00,200,3813.494,
2026-09-20T22:10:37.484338+00:00,200,12314.041,
2026-09-20T22:10:01.874923+00:00,200,47951.114,
2026-09-20T22:09:57.844465+00:00,200,51987.7,
2026-09-20T22:10:27.131045+00:00,200,22697.859,
2026-09-20T22:10:08.943450+00:00,200,40908.323,
2026-09-20T22:10:13.709088+00:00,200,36146.619,
2026-09-20T22:10:06.333883+00:00,200,43523.534,
2026-09-20T22:10:46.673917+00:00,200,3183.508,
2026-09-20T22:10:17.978869+00:00,200,31900.636,
2026-09-20T22:10:18.672839+00:00,200,31210.057,
2026-09-20T22:10:31.381970+00:00,200,18498.886,
2026-09-20T22:10:06.451740+00:00,200,43450.731,
2026-09-20T22:10:46.526443+00:00,200,3390.239,
2026-09-20T22:10:27.520247+00:00,200,22406.359,
2026-09-20T22:10:39.203825+00:00,200,10721.445,
2026-09-20T22:09:58.335237+00:00,200,51612.949,
2026-09-20T22:10:29.729098+00:00,200,20207.093,
2026-09-20T22:10:37.233279+00:00,200,12702.008,
2026-09-20T22:10:17.950285+00:00,200,32027.583,
2026-09-20T22:10:37.684082+00:00,200,12281.3,
2026-09-20T22:10:46.159750+00:00,200,3804.241,
2026-09-20T22:10:42.667750+00:00,200,7304.772,
2026-09-20T22:10:43.666091+00:00,200,6315.961,
2026-09-20T22:10:32.785357+00:00,200,17204.331,
2026-09-20T22:10:16.047794+00:00,200,33962.935,
2026-09-20T22:10:33.403940+00:00,200,16597.99,
2026-09-20T22:09:58.375864+00:00,200,51661.941,
2026-09-20T22:09:47.415813+00:00,200,62626.116,
2026-09-20T22:10:18.028699+00:00,200,32018.767,
2026-09-20T22:10:36.280090+00:00,200,13769.87,
2026-09-20T22:10:46.883394+00:00,200,3172.056,
2026-09-20T22:10:41.712215+00:00,200,8355.506,
2026-09-20T22:10:43.763760+00:00,200,6332.983,
2026-09-20T22:10:38.097556+00:00,200,12005.665,
2026-09-20T22:10:40.887557+00:00,200,9222.494,
2026-09-20T22:10:03.818156+00:00,200,46313.795,
2026-09-20T22:10:42.347244+00:00,200,7767.014,
2026-09-20T22:10:33.641536+00:00,200,16484.151,
2026-09-20T22:10:30.387444+00:00,200,19751.708,
2026-09-20T22:10:37.243636+00:00,200,12896.496,
2026-09-20T22:10:02.834618+00:00,200,47344.949,
2026-09-20T22:10:29.521743+00:00,200,20650.498,
2026-09-20T22:10:01.901705+00:00,200,48290.035,
2026-09-20T22:10:24.975436+00:00,200,25213.908,
2026-09-20T22:10:49.962264+00:00,200,226.425,
2026-09-20T22:10:29.678150+00:00,200,20521.921,
2026-09-20T22:10:12.849864+00:00,200,37390.743,
2026-09-20T22:10:18.015588+00:00,200,32222.463,
2026-09-20T22:10:14.301930+00:00,200,35976.974,
2026-09-20T22:10:02.945969+00:00,200,47341.577,
2026-09-20T22:10:28.215461+00:00,200,22092.92,
2026-09-20T22:10:25.426950+00:00,200,24889.182,
2026-09-20T22:10:07.178126+00:00,200,43160.849,
2026-09-20T22:10:46.356886+00:00,200,3969.09,
2026-09-20T22:10:29.136724+00:00,200,21196.736,
2026-09-20T22:10:47.310177+00:00,200,3022.131,
2026-09-20T22:10:38.087445+00:00,200,12253.645,
2026-09-20T22:10:42.673638+00:00,200,7674.391,
2026-09-20T22:10:45.666758+00:00,200,4688.55,
2026-09-20T22:10:04.794449+00:00,200,45590.363,
2026-09-20T22:09:56.095653+00:00,200,54290.983,
2026-09-20T22:10:08.569789+00:00,200,41835.551,
2026-09-20T22:10:05.692172+00:00,200,44714.094,
2026-09-20T22:10:02.430799+00:00,200,47977.694,
2026-09-20T22:10:22.207881+00:00,200,28194.832,
2026-09-20T22:10:17.822363+00:00,200,32587.19,
2026-09-20T22:10:32.980429+00:00,200,17432.968,
2026-09-20T22:10:08.229121+00:00,200,42201.156,
2026-09-20T22:10:05.118580+00:00,200,45320.138,
2026-09-20T22:10:48.280388+00:00,200,2141.659,
2026-09-20T22:10:35.679552+00:00,200,14767.702,
2026-09-20T22:10:29.759756+00:00,200,20696.667,
2026-09-20T22:10:02.918863+00:00,200,47565.942,
2026-09-20T22:10:08.705611+00:00,200,41784.726,
2026-09-20T22:10:37.468313+00:00,200,13019.869,
2026-09-20T22:10:35.958395+00:00,200,14532.858,
2026-09-20T22:10:17.105054+00:00,200,33405.343,
2026-09-20T22:10:46.145279+00:00,200,4351.249,
2026-09-20T22:10:16.123153+00:00,200,34394.89,
2026-09-20T22:10:47.534145+00:00,200,2969.196,
2026-09-20T22:10:24.722585+00:00,200,25800.148,
2026-09-20T22:09:48.413394+00:00,200,62120.957,
2026-09-20T22:10:34.074846+00:00,200,16475.774,
2026-09-20T22:10:31.976317+00:00,200,18576.882,
2026-09-20T22:10:03.489203+00:00,200,47102.901,
2026-09-20T22:10:34.204271+00:00,200,16378.942,
2026-09-20T22:09:56.721887+00:00,200,53878.962,
2026-09-20T22:10:04.938991+00:00,200,45675.186,
2026-09-20T22:10:32.781967+00:00,200,17817.645,
2026-09-20T22:10:50.384360+00:00,200,211.634,
2026-09-20T22:10:27.805154+00:00,200,22799.834,
2026-09-20T22:09:55.909048+00:00,200,54722.282,
2026-09-20T22:10:35.522687+00:00,200,15095.19,
2026-09-20T22:09:38.737473+00:00,200,71904.33,
2026-09-20T22:10:46.037963+00:00,200,4602.972,
2026-09-20T22:09:40.016230+00:00,200,70648.185,
2026-09-20T22:10:47.683695+00:00,200,2962.477,
2026-09-20T22:10:25.574545+00:00,200,25111.055,
2026-09-20T22:10:28.241844+00:00,200,22448.833,
2026-09-20T22:10:14.738932+00:00,200,35966.351,
2026-09-20T22:10:05.102058+00:00,200,45616.054,
2026-09-20T22:10:50.189715+00:00,200,512.329,
2026-09-20T22:10:49.064477+00:00,200,1641.494,
2026-09-20T22:09:56.047012+00:00,200,54697.711,
2026-09-20T22:10:43.474098+00:00,200,7252.537,
2026-09-20T22:10:34.393960+00:00,200,16339.306,
2026-09-20T22:09:50.912741+00:00,200,59857.177,
2026-09-20T22:10:43.373684+00:00,200,7386.535,
2026-09-20T22:10:45.780761+00:00,200,4981.121,
2026-09-20T22:10:14.262346+00:00,200,36525.969,
2026-09-20T22:10:03.412670+00:00,200,47390.274,
2026-09-20T22:09:57.294771+00:00,200,53519.506,
2026-09-20T22:10:14.166918+00:00,200,36661.718,
2026-09-20T22:10:18.153116+00:00,200,32676.985,
2026-09-20T22:10:44.155819+00:00,200,6662.442,
2026-09-20T22:10:35.841808+00:00,200,14988.996,
2026-09-20T22:09:51.649082+00:00,200,59202.94,
2026-09-20T22:10:34.062722+00:00,200,16773.953,
2026-09-20T22:10:01.605490+00:00,200,49254.038,
2026-09-20T22:10:28.573832+00:00,200,22274.563,
2026-09-20T22:10:14.595548+00:00,200,36273.409,
2026-09-20T22:10:49.052875+00:00,200,1798.65,
2026-09-20T22:10:04.894643+00:00,200,45979.484,
2026-09-20T22:10:26.331028+00:00,200,24532.119,
2026-09-20T22:10:49.507578+00:00,200,1356.135,
2026-09-20T22:09:46.849746+00:00,200,64036.474,
2026-09-20T22:10:16.009332+00:00,200,34890.802,
2026-09-20T22:10:31.367124+00:00,200,19532.448,
2026-09-20T22:10:04.662565+00:00,200,46255.828,
2026-09-20T22:09:54.659722+00:00,200,56276.868,
2026-09-20T22:10:24.773517+00:00,200,26158.565,
2026-09-20T22:10:42.470722+00:00,200,8454.044,
2026-09-20T22:10:04.920600+00:00,200,46024.243,
2026-09-20T22:10:04.780971+00:00,200,46175.822,
2026-09-20T22:10:25.811215+00:00,200,25141.466,
2026-09-20T22:10:35.479388+00:00,200,15478.073,
2026-09-20T22:10:18.647565+00:00,200,32326.773,
2026-09-20T22:10:08.490160+00:00,200,42498.469,
2026-09-20T22:10:05.242520+00:00,200,45761.069,
2026-09-20T22:10:35.160679+00:00,200,15827.266,
2026-09-20T22:10:50.807621+00:00,200,182.079,
2026-09-20T22:09:37.365873+00:00,200,73658.759,
2026-09-20T22:10:43.219410+00:00,200,7798.012,
2026-09-20T22:10:26.173261+00:00,200,24853.17,
2026-09-20T22:10:35.564780+00:00,200,15462.781,
2026-09-20T22:10:45.932020+00:00,200,5094.137,
2026-09-20T22:10:50.640070+00:00,200,386.486,
2026-09-20T22:10:35.673357+00:00,200,15367.244,
2026-09-20T22:10:17.139653+00:00,200,33917.339,
2026-09-20T22:10:05.140458+00:00,200,45923.933,
2026-09-20T22:10:47.657737+00:00,200,3399.475,
2026-09-20T22:10:33.880875+00:00,200,17186.514,
2026-09-20T22:10:34.654521+00:00,200,16427.18,
2026-09-20T22:10:04.682158+00:00,200,46433.413,
2026-09-20T22:10:24.214802+00:00,200,26915.887,
2026-09-20T22:10:35.770084+00:00,200,15360.45,
2026-09-20T22:10:43.914495+00:00,200,7216.948,
2026-09-20T22:09:56.262821+00:00,200,54892.619,
2026-09-20T22:10:50.659614+00:00,200,479.574,
2026-09-20T22:10:07.819808+00:00,200,43347.703,
2026-09-20T22:10:23.728304+00:00,200,27432.601,
2026-09-20T22:10:42.941768+00:00,200,8221.012,
2026-09-20T22:10:49.882617+00:00,200,1281.806,
2026-09-20T22:10:25.491178+00:00,200,25696.448,
2026-09-20T22:10:33.378770+00:00,200,17809.664,
2026-09-20T22:10:50.596779+00:00,200,601.296,
2026-09-20T22:10:26.537086+00:00,200,24691.749,
2026-09-20T22:10:31.410529+00:00,200,19820.241,
2026-09-20T22:10:13.470078+00:00,200,37780.068,
2026-09-20T22:10:34.564488+00:00,200,16670.163,
2026-09-20T22:10:02.999203+00:00,200,48254.558,
2026-09-20T22:10:41.514339+00:00,200,9722.748,
2026-09-20T22:10:04.102191+00:00,200,47177.628,
2026-09-20T22:10:48.204904+00:00,200,3055.872,
2026-09-20T22:10:24.761025+00:00,200,26515.811,
2026-09-20T22:10:32.874388+00:00,200,18426.292,
2026-09-20T22:09:58.445581+00:00,200,52876.424,
2026-09-20T22:10:43.167407+00:00,200,8137.331,
2026-09-20T22:10:49.127201+00:00,200,2184.122,
2026-09-20T22:10:22.477985+00:00,200,28847.862,
2026-09-20T22:10:25.440035+00:00,200,25915.246,
2026-09-20T22:10:03.496048+00:00,200,47872.772,
2026-09-20T22:10:48.927542+00:00,200,2428.044,
2026-09-20T22:10:02.844196+00:00,200,48534.222,
2026-09-20T22:10:17.525145+00:00,200,33865.336,
2026-09-20T22:10:47.685549+00:00,200,3688.463,
2026-09-20T22:10:21.172729+00:00,200,30219.929,
2026-09-20T22:10:34.765529+00:00,200,16651.073,
2026-09-20T22:10:46.984727+00:00,200,4452.16,
2026-09-20T22:09:39.812275+00:00,200,71652.334,
2026-09-20T22:10:26.964757+00:00,200,24488.322,
2026-09-20T22:10:02.900595+00:00,200,48565.64,
2026-09-20T22:10:25.309444+00:00,200,26146.784,
2026-09-20T22:10:17.927845+00:00,200,33536.915,
2026-09-20T22:10:25.074081+00:00,200,26384.415,
2026-09-20T22:10:30.299792+00:00,200,21172.152,
2026-09-20T22:10:50.793166+00:00,200,680.137,
2026-09-20T22:10:47.532253+00:00,200,3942.878,
2026-09-20T22:10:30.367943+00:00,200,21139.604,
2026-09-20T22:10:40.716649+00:00,200,10787.897,
2026-09-20T22:10:48.212714+00:00,200,3291.373,
2026-09-20T22:10:17.799976+00:00,200,33722.771,
2026-09-20T22:10:46.568592+00:00,200,4938.615,
2026-09-20T22:10:26.010763+00:00,200,25513.41,
2026-09-20T22:10:42.335732+00:00,200,9189.499,
2026-09-20T22:10:33.574177+00:00,200,17984.447,
2026-09-20T22:10:17.219668+00:00,200,34368.858,
2026-09-20T22:10:12.357618+00:00,200,39250.863,
2026-09-20T22:09:42.317197+00:00,200,69312.611,
2026-09-20T22:10:43.229149+00:00,200,8393.839,
2026-09-20T22:10:48.720256+00:00,200,2935.025,
2026-09-20T22:10:25.261940+00:00,200,26406.708,
2026-09-20T22:10:50.760940+00:00,200,899.163,
2026-09-20T22:10:42.762765+00:00,200,8904.487,
2026-09-20T22:10:21.612319+00:00,200,30103.191,
2026-09-20T22:10:31.780312+00:00,200,19941.17,
2026-09-20T22:10:34.211013+00:00,200,17520.081,
2026-09-20T22:10:29.942202+00:00,200,21793.672,
2026-09-20T22:10:21.644003+00:00,200,30104.498,
2026-09-20T22:10:47.949480+00:00,200,3802.063,
2026-09-20T22:10:34.877484+00:00,200,16917.235,
2026-09-20T22:10:04.786381+00:00,200,47039.849,
2026-09-20T22:10:33.479408+00:00,200,18360.579,
2026-09-20T22:10:51.094455+00:00,200,742.31,
2026-09-20T22:09:55.934408+00:00,200,55929.979,
2026-09-20T22:10:08.160464+00:00,200,43708.008,
2026-09-20T22:10:14.576403+00:00,200,37298.003,
2026-09-20T22:10:50.915445+00:00,200,955.74,
2026-09-20T22:10:43.715345+00:00,200,8166.546,
2026-09-20T22:10:51.500802+00:00,200,400.609,
2026-09-20T22:10:49.927226+00:00,200,1985.423,
2026-09-20T22:10:51.506316+00:00,200,431.844,
2026-09-20T22:10:39.369817+00:00,200,12605.849,
2026-09-20T22:10:44.259035+00:00,200,7745.603,
2026-09-20T22:10:51.654791+00:00,200,361.214,
2026-09-20T22:10:51.658400+00:00,200,359.414,
2026-09-20T22:10:49.489421+00:00,200,2536.993,
2026-09-20T22:10:27.186596+00:00,200,24876.82,
2026-09-20T22:10:51.659964+00:00,200,399.524,
2026-09-20T22:10:48.379375+00:00,200,3682.688,
2026-09-20T22:10:01.619497+00:00,200,50465.292,
2026-09-20T22:10:49.046795+00:00,200,3019.277,
2026-09-20T22:10:15.301803+00:00,200,36801.302,
2026-09-20T22:10:30.504673+00:00,200,21601.371,
2026-09-20T22:09:56.947070+00:00,200,55183.654,
2026-09-20T22:10:46.700046+00:00,200,5413.682,
2026-09-20T22:10:25.482767+00:00,200,26643.233,
2026-09-20T22:10:04.675046+00:00,200,47477.12,
2026-09-20T22:10:04.521619+00:00,200,47644.738,
2026-09-20T22:10:33.763719+00:00,200,18398.76,
2026-09-20T22:10:24.988628+00:00,200,27199.608,
2026-09-20T22:10:44.554554+00:00,200,7683.213,
2026-09-20T22:10:45.603532+00:00,200,6635.984,
2026-09-20T22:10:49.635881+00:00,200,2604.838,
2026-09-20T22:10:27.864157+00:00,200,24386.705,
2026-09-20T22:10:22.224024+00:00,200,30045.097,
2026-09-20T22:10:30.436395+00:00,200,21866.11,
2026-09-20T22:10:14.082446+00:00,200,38236.949,
2026-09-20T22:10:08.611453+00:00,200,43710.492,
2026-09-20T22:09:47.650841+00:00,200,64673.78,
2026-09-20T22:10:43.526483+00:00,200,8781.075,
2026-09-20T22:10:16.883709+00:00,200,35444.055,
2026-09-20T22:10:12.891321+00:00,200,39441.29,
2026-09-20T22:10:35.164358+00:00,200,17154.395,
2026-09-20T22:10:04.872838+00:00,200,47465.644,
2026-09-20T22:10:41.553706+00:00,200,10768.768,
2026-09-20T22:10:49.398710+00:00,200,2925.001,
2026-09-20T22:10:42.636494+00:00,200,9691.777,
2026-09-20T22:10:32.694946+00:00,200,19640.221,
2026-09-20T22:10:46.377230+00:00,200,5956.558,
2026-09-20T22:10:04.377740+00:00,200,47979.697,
2026-09-20T22:10:30.319366+00:00,200,22027.207,
2026-09-20T22:10:05.189357+00:00,200,47175.224,
2026-09-20T22:10:42.372687+00:00,200,9976.24,
2026-09-20T22:10:45.028200+00:00,200,7323.791,
2026-09-20T22:10:12.911693+00:00,200,39463.841,
2026-09-20T22:10:17.737758+00:00,200,34638.374,
2026-09-20T22:09:52.292598+00:00,200,60090.675,
2026-09-20T22:10:02.853711+00:00,200,49533.365,
2026-09-20T22:10:47.661190+00:00,200,4760.373,
2026-09-20T22:10:03.447760+00:00,200,49017.454,
2026-09-20T22:10:35.483237+00:00,200,16968.898,
2026-09-20T22:10:07.589113+00:00,200,44884.329,
2026-09-20T22:10:01.577288+00:00,200,50977.157,
2026-09-20T22:10:42.728637+00:00,200,9891.318,
2026-09-20T22:10:21.733215+00:00,200,30902.55,
2026-09-20T22:10:24.047162+00:00,200,28590.704,
2026-09-20T22:10:30.927218+00:00,200,21710.126,
2026-09-20T22:10:05.813700+00:00,200,46842.621,
2026-09-20T22:10:35.664864+00:00,200,16978.829,
2026-09-20T22:10:47.297297+00:00,200,5347.539,
2026-09-20T22:10:43.911754+00:00,200,8738.365,
2026-09-20T22:10:17.878311+00:00,200,34792.602,
2026-09-20T22:10:36.578459+00:00,200,16083.14,
2026-09-20T22:09:47.899464+00:00,200,64784.358,
2026-09-20T22:10:18.156895+00:00,200,34527.948,
2026-09-20T22:10:18.497360+00:00,200,34192.002,
2026-09-20T22:10:46.212516+00:00,200,6465.876,
2026-09-20T22:10:44.250281+00:00,200,8433.565,
2026-09-20T22:10:03.362166+00:00,200,49346.537,
2026-09-20T22:10:16.772010+00:00,200,35939.899,
2026-09-20T22:10:17.132717+00:00,200,35583.916,
2026-09-20T22:10:05.167090+00:00,200,47557.19,
2026-09-20T22:09:41.087474+00:00,200,71642.248,
2026-09-20T22:10:33.346531+00:00,200,19372.537,
2026-09-20T22:10:31.673970+00:00,200,21051.39,
2026-09-20T22:10:09.567771+00:00,200,43178.349,
2026-09-20T22:09:48.747004+00:00,200,64004.841,
2026-09-20T22:10:09.417443+00:00,200,43444.04,
2026-09-20T22:10:34.838336+00:00,200,18018.636,
2026-09-20T22:10:51.139114+00:00,200,1719.507,
2026-09-20T22:10:47.859456+00:00,200,5005.9,
2026-09-20T22:10:15.493481+00:00,200,37437.277,
2026-09-20T22:10:44.552987+00:00,200,8416.644,
2026-09-20T22:10:47.832957+00:00,200,5160.558,
2026-09-20T22:10:18.540650+00:00,200,34475.289,
2026-09-20T22:09:52.005280+00:00,200,61021.19,
2026-09-20T22:10:35.311086+00:00,200,17704.754,
2026-09-20T22:10:13.066601+00:00,200,39972.445,
2026-09-20T22:09:57.528157+00:00,200,55517.351,
2026-09-20T22:10:36.286532+00:00,200,16748.157,
2026-09-20T22:10:51.183322+00:00,200,1854.383,
2026-09-20T22:10:33.537895+00:00,200,19511.526,
2026-09-20T22:09:59.922004+00:00,200,53150.277,
2026-09-20T22:10:21.358092+00:00,200,31713.79,
2026-09-20T22:10:49.619652+00:00,200,3445.831,
2026-09-20T22:10:04.608523+00:00,200,48484.952,
2026-09-20T22:10:49.063169+00:00,200,4016.825,
2026-09-20T22:10:03.354902+00:00,200,49753.282,
2026-09-20T22:10:25.792564+00:00,200,27311.674,
2026-09-20T22:10:34.775426+00:00,200,18330.973,
2026-09-20T22:10:42.988053+00:00,200,10123.107,
2026-09-20T22:10:50.355537+00:00,200,2761.586,
2026-09-20T22:10:15.451372+00:00,200,37713.372,
2026-09-20T22:10:04.446223+00:00,200,48761.291,
2026-09-20T22:10:51.853229+00:00,200,1410.576,
2026-09-20T22:10:46.074838+00:00,200,7209.744,
2026-09-20T22:10:49.922685+00:00,200,3369.009,
2026-09-20T22:10:09.382111+00:00,200,43938.361,
2026-09-20T22:10:50.705692+00:00,200,2601.703,
2026-09-20T22:10:50.287883+00:00,200,3027.712,
2026-09-20T22:10:42.969632+00:00,200,10355.644,
2026-09-20T22:10:41.488173+00:00,200,11845.634,
2026-09-20T22:10:45.425453+00:00,200,7915.637,
2026-09-20T22:10:26.279922+00:00,200,27077.773,
2026-09-20T22:10:02.199149+00:00,200,51178.733,
2026-09-20T22:10:05.253393+00:00,200,48132.865,
2026-09-20T22:10:45.332773+00:00,200,8041.872,
2026-09-20T22:10:45.924625+00:00,200,7458.229,
2026-09-20T22:10:04.802321+00:00,200,48609.106,
2026-09-20T22:10:52.015955+00:00,200,1382.649,
2026-09-20T22:10:05.354507+00:00,200,48073.978,
2026-09-20T22:10:51.912331+00:00,200,1538.716,
2026-09-20T22:10:48.701203+00:00,200,4789.342,
2026-09-20T22:10:09.780277+00:00,200,43748.157,
2026-09-20T22:10:52.017764+00:00,200,1559.0,
2026-09-20T22:10:16.064804+00:00,200,37568.035,
2026-09-20T22:09:57.781775+00:00,200,55930.105,
2026-09-20T22:10:37.891352+00:00,200,15850.464,
2026-09-20T22:10:35.624102+00:00,200,18226.972,
2026-09-20T22:10:46.818758+00:00,200,7037.963,
2026-09-20T22:10:43.067983+00:00,200,10812.023,
2026-09-20T22:10:16.665453+00:00,200,37346.993,
2026-09-20T22:10:17.222888+00:00,200,36811.56,
2026-09-20T22:10:14.394410+00:00,200,39660.723,
2026-09-20T22:10:27.017203+00:00,200,27039.134,
2026-09-20T22:10:31.935472+00:00,200,22172.416,
2026-09-20T22:10:45.272867+00:00,200,8866.597,
2026-09-20T22:10:47.272367+00:00,200,6902.977,
2026-09-20T22:10:23.528061+00:00,200,30873.419,
2026-09-20T22:09:44.565531+00:00,200,69879.615,
2026-09-20T22:09:45.019342+00:00,200,69591.003,
2026-09-20T22:10:19.617253+00:00,200,35012.717,
2026-09-20T22:10:34.168509+00:00,200,20488.44,
2026-09-20T22:10:32.768468+00:00,200,21964.935,
2026-09-20T22:10:48.185776+00:00,200,6647.816,
2026-09-20T22:10:44.798150+00:00,200,10105.742,
2026-09-20T22:10:42.238759+00:00,200,12697.66,
2026-09-20T22:10:41.991151+00:00,200,12954.205,
2026-09-20T22:10:37.065864+00:00,200,17889.84,
2026-09-20T22:10:20.777764+00:00,200,34206.74,
2026-09-20T22:10:51.025206+00:00,200,3958.589,
2026-09-20T22:10:43.588801+00:00,200,11488.262,
2026-09-20T22:10:43.378966+00:00,200,11707.404,
2026-09-20T22:10:43.100806+00:00,200,12072.759,
2026-09-20T22:10:26.013320+00:00,200,29190.324,
2026-09-20T22:09:47.517673+00:00,200,67706.566,
2026-09-20T22:10:18.020138+00:00,200,37244.361,
2026-09-20T22:10:40.612379+00:00,200,14645.683,
2026-09-20T22:10:46.675736+00:00,200,8700.079,
2026-09-20T22:10:42.153551+00:00,200,13325.669,
2026-09-20T22:09:50.884491+00:00,200,64635.024,
2026-09-20T22:10:51.062528+00:00,200,4457.293,
2026-09-20T22:10:17.566261+00:00,200,38014.774,
2026-09-20T22:10:49.374282+00:00,200,6292.791,
2026-09-20T22:10:19.604152+00:00,200,36336.796,
2026-09-20T22:10:49.881565+00:00,200,6081.144,
2026-09-20T22:10:49.929325+00:00,200,6092.071,
2026-09-20T22:10:34.424327+00:00,200,21737.017,
2026-09-20T22:10:06.498637+00:00,200,49705.139,
2026-09-20T22:10:44.140837+00:00,200,12086.167,
2026-09-20T22:10:34.561334+00:00,200,21811.426,
2026-09-20T22:10:03.766708+00:00,200,52686.301,
2026-09-20T22:10:04.538823+00:00,200,51953.23,
2026-09-20T22:10:55.476720+00:00,200,1176.302,
2026-09-20T22:10:41.131859+00:00,200,15542.783,
2026-09-20T22:10:43.863024+00:00,200,12848.623,
2026-09-20T22:10:43.617128+00:00,200,13151.988,
2026-09-20T22:10:08.670358+00:00,200,48176.526,
2026-09-20T22:10:43.971829+00:00,200,12904.946,
2026-09-20T22:10:05.177558+00:00,200,51764.533,
2026-09-20T22:10:22.628486+00:00,200,34381.228,
2026-09-20T22:10:08.677499+00:00,200,48352.149,
2026-09-20T22:10:10.847230+00:00,200,46247.616,
2026-09-20T22:09:48.185520+00:00,200,69127.09,
2026-09-20T22:10:05.135065+00:00,200,52232.557,
2026-09-20T22:10:35.045669+00:00,200,22354.134,
2026-09-20T22:10:04.024781+00:00,200,53420.332,
2026-09-20T22:09:53.837371+00:00,200,63615.055,
2026-09-20T22:10:05.133204+00:00,200,52345.404,
2026-09-20T22:10:49.732088+00:00,200,7749.291,
2026-09-20T22:10:42.707584+00:00,200,14786.882,
2026-09-20T22:10:33.022185+00:00,200,24533.071,
2026-09-20T22:10:49.666011+00:00,200,7895.073,
2026-09-20T22:10:49.698168+00:00,200,7881.095,
2026-09-20T22:09:55.249333+00:00,200,62372.931,
2026-09-20T22:10:50.675755+00:00,200,6970.554,
2026-09-20T22:10:45.881122+00:00,200,11769.977,
2026-09-20T22:10:04.852946+00:00,200,52868.95,
2026-09-20T22:10:44.951488+00:00,200,12771.8,
2026-09-20T22:09:50.856134+00:00,200,66890.017,
2026-09-20T22:10:26.469863+00:00,200,31274.195,
2026-09-20T22:10:41.876633+00:00,200,15874.177,
2026-09-20T22:10:52.240304+00:00,200,5518.294,
2026-09-20T22:10:24.454578+00:00,200,33321.951,
2026-09-20T22:10:39.799830+00:00,200,18004.505,
2026-09-20T22:10:48.819552+00:00,200,8986.677,
2026-09-20T22:10:01.109865+00:00,200,56776.695,
2026-09-20T22:10:52.864523+00:00,200,5013.733,
2026-09-20T22:10:44.651460+00:00,200,13233.218,
2026-09-20T22:09:48.695746+00:00,200,69211.35,
2026-09-20T22:10:57.290578+00:00,200,616.075,
2026-09-20T22:10:52.643931+00:00,200,5273.812,
2026-09-20T22:10:43.293923+00:00,200,14640.32,
2026-09-20T22:10:41.809048+00:00,200,16151.912,
2026-09-20T22:10:30.971528+00:00,200,27018.362,
2026-09-20T22:10:48.893443+00:00,200,9113.028,
2026-09-20T22:09:55.375955+00:00,200,62655.946,
2026-09-20T22:10:39.993584+00:00,200,18028.335,
2026-09-20T22:10:05.658550+00:00,200,52393.65,
2026-09-20T22:10:48.216904+00:00,200,9850.037,
2026-09-20T22:10:44.109495+00:00,200,13965.072,
2026-09-20T22:10:25.518278+00:00,200,32566.702,
2026-09-20T22:10:02.665425+00:00,200,55435.394,
2026-09-20T22:10:45.919100+00:00,200,12176.986,
2026-09-20T22:09:56.009853+00:00,200,62115.23,
2026-09-20T22:10:38.156458+00:00,200,19959.692,
2026-09-20T22:10:06.747649+00:00,200,51388.254,
2026-09-20T22:10:40.014046+00:00,200,18108.277,
2026-09-20T22:10:32.491830+00:00,200,25658.393,
2026-09-20T22:10:24.930016+00:00,200,33265.045,
2026-09-20T22:10:41.840786+00:00,200,16351.235,
2026-09-20T22:10:37.393299+00:00,200,20817.354,
2026-09-20T22:10:04.899413+00:00,200,53330.603,
2026-09-20T22:10:47.160815+00:00,200,11052.324,
2026-09-20T22:10:13.374638+00:00,200,44870.927,
2026-09-20T22:10:42.629421+00:00,200,15599.395,
2026-09-20T22:10:38.994784+00:00,200,19240.642,
2026-09-20T22:09:38.882325+00:00,200,79388.414,
2026-09-20T22:10:48.449818+00:00,200,9818.916,
2026-09-20T22:10:32.879851+00:00,200,25395.465,
2026-09-20T22:10:52.443884+00:00,200,5843.282,
2026-09-20T22:10:52.687337+00:00,200,5622.306,
2026-09-20T22:10:42.650269+00:00,200,15667.976,
2026-09-20T22:10:05.330114+00:00,200,53010.848,
2026-09-20T22:10:32.171001+00:00,200,26168.119,
2026-09-20T22:10:24.733249+00:00,200,33620.369,
2026-09-20T22:10:50.120869+00:00,200,8244.742,
2026-09-20T22:10:48.889015+00:00,200,9480.364,
2026-09-20T22:10:30.397292+00:00,200,27985.144,
2026-09-20T22:10:49.155260+00:00,200,9221.999,
2026-09-20T22:10:49.105687+00:00,200,9274.356,
2026-09-20T22:10:31.929387+00:00,200,26477.824,
2026-09-20T22:10:45.395893+00:00,200,13027.945,
2026-09-20T22:10:39.400562+00:00,200,19025.751,
2026-09-20T22:09:40.809388+00:00,200,77640.42,
2026-09-20T22:10:13.520426+00:00,200,44931.303,
2026-09-20T22:09:56.841557+00:00,200,61619.38,
2026-09-20T22:10:35.972558+00:00,200,22472.182,
2026-09-20T22:10:16.890351+00:00,200,41576.573,
2026-09-20T22:10:04.957092+00:00,200,53518.053,
2026-09-20T22:10:23.619360+00:00,200,34850.604,
2026-09-20T22:10:43.977427+00:00,200,14504.224,
2026-09-20T22:10:44.341602+00:00,200,14148.203,
2026-09-20T22:10:01.674168+00:00,200,56843.335,
2026-09-20T22:10:46.605702+00:00,200,11973.808,
2026-09-20T22:10:34.787884+00:00,200,23804.054,
2026-09-20T22:09:42.203957+00:00,200,76406.791,
2026-09-20T22:10:42.430037+00:00,200,16171.247,
2026-09-20T22:10:54.047070+00:00,200,4562.476,
2026-09-20T22:10:36.125892+00:00,200,22493.159,
2026-09-20T22:10:34.568917+00:00,200,24071.654,
2026-09-20T22:10:19.230286+00:00,200,39423.297,
2026-09-20T22:10:52.317179+00:00,200,6321.501,
2026-09-20T22:10:13.655690+00:00,200,45012.959,
2026-09-20T22:10:58.422657+00:00,200,231.154,
2026-09-20T22:10:58.446976+00:00,200,212.731,
2026-09-20T22:09:57.230539+00:00,200,61452.367,
2026-09-20T22:10:12.965788+00:00,200,45721.889,
2026-09-20T22:10:49.376594+00:00,200,9310.188,
2026-09-20T22:10:50.723616+00:00,200,7988.131,
2026-09-20T22:10:31.601627+00:00,200,27138.349,
2026-09-20T22:10:35.854072+00:00,200,22888.679,
2026-09-20T22:10:14.894495+00:00,200,43866.298,
2026-09-20T22:10:04.987706+00:00,200,53783.917,
2026-09-20T22:10:16.607178+00:00,200,42173.847,
2026-09-20T22:10:47.303270+00:00,200,11459.954,
2026-09-20T22:10:14.250687+00:00,200,44549.005,
2026-09-20T22:10:52.238306+00:00,200,6549.844,
2026-09-20T22:10:35.967756+00:00,200,22840.522,
2026-09-20T22:10:45.742583+00:00,200,13068.494,
2026-09-20T22:10:03.194393+00:00,200,55645.115,
2026-09-20T22:10:08.597426+00:00,200,50248.727,
2026-09-20T22:10:41.233249+00:00,200,17597.656,
2026-09-20T22:10:34.987887+00:00,200,23854.482,
2026-09-20T22:10:03.851559+00:00,200,55008.944,
2026-09-20T22:10:52.652981+00:00,200,6191.379,
2026-09-20T22:10:52.343276+00:00,200,6513.947,
2026-09-20T22:10:54.951623+00:00,200,3906.209,
2026-09-20T22:10:58.223575+00:00,200,650.256,
2026-09-20T22:10:41.795274+00:00,200,17087.697,
2026-09-20T22:10:56.709448+00:00,200,2172.326,
2026-09-20T22:10:52.852271+00:00,200,6031.58,
2026-09-20T22:10:55.924688+00:00,200,3006.293,
2026-09-20T22:10:40.879092+00:00,200,18063.666,
2026-09-20T22:10:24.986400+00:00,200,33966.122,
2026-09-20T22:10:24.725006+00:00,200,34243.987,
2026-09-20T22:10:44.851317+00:00,200,14111.505,
2026-09-20T22:10:52.639371+00:00,200,6326.171,
2026-09-20T22:10:43.332136+00:00,200,15640.573,
2026-09-20T22:10:37.187747+00:00,200,21797.065,
2026-09-20T22:10:05.754251+00:00,200,53258.135,
2026-09-20T22:10:13.593689+00:00,200,45427.211,
2026-09-20T22:10:51.447071+00:00,200,7573.662,
2026-09-20T22:10:51.355182+00:00,200,7672.594,
2026-09-20T22:10:47.204411+00:00,200,11827.345,
2026-09-20T22:10:21.849237+00:00,200,37196.205,
2026-09-20T22:10:50.682749+00:00,200,8368.281,
2026-09-20T22:10:04.848042+00:00,200,54230.919,
2026-09-20T22:10:15.845897+00:00,200,43253.209,
2026-09-20T22:10:35.566039+00:00,200,23517.835,
2026-09-20T22:10:27.782156+00:00,200,31307.479,
2026-09-20T22:09:55.298046+00:00,200,63813.354,
2026-09-20T22:10:07.575498+00:00,200,51540.803,
2026-09-20T22:10:06.334970+00:00,200,52783.148,
2026-09-20T22:10:27.960235+00:00,200,31147.41,
2026-09-20T22:10:57.721237+00:00,200,1384.382,
2026-09-20T22:10:33.514250+00:00,200,25599.606,
2026-09-20T22:10:25.043702+00:00,200,34084.601,
2026-09-20T22:10:21.600410+00:00,200,37557.259,
2026-09-20T22:10:42.509871+00:00,200,16637.284,
2026-09-20T22:10:58.939510+00:00,200,213.42,
2026-09-20T22:10:36.157704+00:00,200,23002.256,
2026-09-20T22:10:09.129247+00:00,200,50052.584,
2026-09-20T22:10:36.482359+00:00,200,22686.234,
2026-09-20T22:10:45.676480+00:00,200,13499.056,
2026-09-20T22:10:05.191106+00:00,200,54032.72,
2026-09-20T22:10:04.789051+00:00,200,54452.287,
2026-09-20T22:10:30.465595+00:00,200,28763.878,
2026-09-20T22:10:51.465165+00:00,200,7785.269,
2026-09-20T22:10:12.828574+00:00,200,46445.527,
2026-09-20T22:10:51.938097+00:00,200,7318.109,
2026-09-20T22:10:27.009384+00:00,200,32263.268,
2026-09-20T22:10:08.691599+00:00,200,50622.898,
2026-09-20T22:10:51.445052+00:00,200,7860.983,
2026-09-20T22:10:32.371793+00:00,200,26941.485,
2026-09-20T22:10:50.266555+00:00,200,9049.452,
2026-09-20T22:10:34.929158+00:00,200,24406.506,
2026-09-20T22:10:52.177686+00:00,200,7155.14,
2026-09-20T22:09:44.143965+00:00,200,75219.633,
2026-09-20T22:10:44.644245+00:00,200,14717.056,
2026-09-20T22:10:35.005650+00:00,200,24366.161,
2026-09-20T22:10:45.614892+00:00,200,13770.025,
2026-09-20T22:10:13.625004+00:00,200,45794.618,
2026-09-20T22:10:52.081898+00:00,200,7347.808,
2026-09-20T22:10:04.029787+00:00,200,55432.466,
2026-09-20T22:10:21.256528+00:00,200,38200.72,
2026-09-20T22:10:34.460784+00:00,200,25007.064,
2026-09-20T22:10:50.725158+00:00,200,8739.722,
2026-09-20T22:10:42.490827+00:00,200,16998.297,
2026-09-20T22:10:07.251039+00:00,200,52261.996,
2026-09-20T22:09:52.810858+00:00,200,66705.461,
2026-09-20T22:10:41.630464+00:00,200,17872.372,
2026-09-20T22:10:46.008581+00:00,200,13516.066,
2026-09-20T22:10:37.473686+00:00,200,22065.651,
2026-09-20T22:10:50.594300+00:00,200,8952.595,
2026-09-20T22:10:04.736636+00:00,200,54832.34,
2026-09-20T22:10:15.792333+00:00,200,43819.762,
2026-09-20T22:10:41.708426+00:00,200,17888.048,
2026-09-20T22:10:45.043238+00:00,200,14574.853,
2026-09-20T22:10:52.054552+00:00,200,7575.532,
2026-09-20T22:10:51.436094+00:00,200,8204.29,
2026-09-20T22:10:04.756374+00:00,200,54913.849,
2026-09-20T22:10:24.715081+00:00,200,34965.148,
2026-09-20T22:10:29.174263+00:00,200,30509.319,
2026-09-20T22:10:02.644381+00:00,200,57060.877,
2026-09-20T22:09:44.019117+00:00,200,75696.548,
2026-09-20T22:10:03.868011+00:00,200,55850.549,
2026-09-20T22:10:40.763621+00:00,200,18945.974,
2026-09-20T22:10:50.365588+00:00,200,9364.984,
2026-09-20T22:10:18.273274+00:00,200,41490.806,
2026-09-20T22:10:27.840071+00:00,200,31916.17,
2026-09-20T22:10:51.880294+00:00,200,7873.276,
2026-09-20T22:10:41.907089+00:00,200,17851.766,
2026-09-20T22:10:51.734992+00:00,200,8022.979,
2026-09-20T22:10:50.158592+00:00,200,9622.333,
2026-09-20T22:10:49.008875+00:00,200,10777.664,
2026-09-20T22:10:18.599894+00:00,200,41205.415,
2026-09-20T22:10:23.394898+00:00,200,36428.218,
2026-09-20T22:10:36.347196+00:00,200,23469.429,
2026-09-20T22:10:04.313966+00:00,200,55527.201,
2026-09-20T22:10:04.468414+00:00,200,55375.107,
2026-09-20T22:10:53.109194+00:00,200,6718.622,
2026-09-20T22:10:56.181974+00:00,200,3655.439,
2026-09-20T22:10:34.234305+00:00,200,25611.52,
2026-09-20T22:10:37.804221+00:00,200,22041.6,
2026-09-20T22:10:48.782313+00:00,200,11065.848,
2026-09-20T22:10:59.639378+00:00,200,212.988,
2026-09-20T22:10:45.547599+00:00,200,14311.175,
2026-09-20T22:10:38.537279+00:00,200,21339.635,
2026-09-20T22:10:46.235760+00:00,200,13667.406,
2026-09-20T22:09:37.467627+00:00,200,82469.38,
2026-09-20T22:09:47.698708+00:00,200,72253.129,
2026-09-20T22:10:59.359011+00:00,200,572.012,
2026-09-20T22:10:52.648458+00:00,200,7289.437,
2026-09-20T22:10:42.106857+00:00,200,17842.793,
2026-09-20T22:10:31.959266+00:00,200,27995.366,
2026-09-20T22:10:23.965974+00:00,200,36008.825,
2026-09-20T22:10:29.155793+00:00,200,30830.351,
2026-09-20T22:10:25.313564+00:00,200,34679.787,
2026-09-20T22:10:48.225044+00:00,200,11765.548,
2026-09-20T22:09:39.196483+00:00,200,80816.745,
2026-09-20T22:10:01.469218+00:00,200,58547.896,
2026-09-20T22:10:29.540472+00:00,200,30505.9,
2026-09-20T22:10:45.117553+00:00,200,14925.496,
2026-09-20T22:10:42.786865+00:00,200,17259.178,
2026-09-20T22:10:34.027524+00:00,200,26027.891,
2026-09-20T22:10:58.990274+00:00,200,1065.405,
2026-09-20T22:10:43.587824+00:00,200,16473.021,
2026-09-20T22:10:18.183356+00:00,200,41909.777,
2026-09-20T22:10:17.300153+00:00,200,42807.188,
2026-09-20T22:10:59.872826+00:00,200,218.996,
2026-09-20T22:10:41.924178+00:00,200,18175.332,
2026-09-20T22:09:59.304870+00:00,200,60828.229,
2026-09-20T22:10:23.391647+00:00,200,36737.415,
2026-09-20T22:10:51.587334+00:00,200,8535.74,
2026-09-20T22:10:35.435183+00:00,200,24694.159,
2026-09-20T22:10:45.933880+00:00,200,14207.949,
2026-09-20T22:10:52.672212+00:00,200,7488.343,
2026-09-20T22:09:46.885511+00:00,200,73304.445,
2026-09-20T22:10:24.957683+00:00,200,35231.418,
2026-09-20T22:10:18.313430+00:00,200,41891.585,
2026-09-20T22:09:57.485815+00:00,200,62726.113,
2026-09-20T22:10:49.345846+00:00,200,10852.608,
2026-09-20T22:10:22.524662+00:00,200,37706.537,
2026-09-20T22:10:35.834062+00:00,200,24399.772,
2026-09-20T22:09:59.578959+00:00,200,60676.369,
2026-09-20T22:10:49.549458+00:00,200,10687.402,
2026-09-20T22:10:04.925231+00:00,200,55335.473,
2026-09-20T22:11:00.038101+00:00,200,208.978,
2026-09-20T22:10:39.182339+00:00,200,21077.724,
2026-09-20T22:10:51.234999+00:00,200,9061.496,
2026-09-20T22:10:37.457772+00:00,200,22850.416,
2026-09-20T22:10:03.575832+00:00,200,56767.362,
2026-09-20T22:10:50.179100+00:00,200,10144.62,
2026-09-20T22:10:30.485197+00:00,200,29857.852,
2026-09-20T22:10:45.330726+00:00,200,15024.663,
2026-09-20T22:10:49.592400+00:00,200,10763.676,
2026-09-20T22:10:52.320231+00:00,200,8039.143,
2026-09-20T22:10:44.526416+00:00,200,15837.466,
2026-09-20T22:10:52.630745+00:00,200,7732.762,
2026-09-20T22:09:59.201248+00:00,200,61228.294,
2026-09-20T22:10:41.772114+00:00,200,18646.411,
2026-09-20T22:10:20.082181+00:00,200,40352.855,
2026-09-20T22:10:24.616669+00:00,200,35823.074,
2026-09-20T22:10:48.377407+00:00,200,12055.921,
2026-09-20T22:10:00.671318+00:00,200,59804.823,
2026-09-20T22:10:51.260250+00:00,200,9211.397,
2026-09-20T22:10:19.259134+00:00,200,41239.076,
2026-09-20T22:10:28.884047+00:00,200,31608.962,
2026-09-20T22:09:58.226399+00:00,200,62286.955,
2026-09-20T22:10:09.228635+00:00,200,51285.74,
2026-09-20T22:10:08.235300+00:00,200,52290.735,
2026-09-20T22:10:17.233571+00:00,200,43290.986,
2026-09-20T22:10:26.994077+00:00,200,33528.017,
2026-09-20T22:10:59.486279+00:00,200,1030.108,
2026-09-20T22:09:53.119614+00:00,200,67437.835,
2026-09-20T22:10:49.577270+00:00,200,10977.446,
2026-09-20T22:10:51.258674+00:00,200,9303.637,
2026-09-20T22:10:49.491487+00:00,200,11084.593,
2026-09-20T22:10:21.620293+00:00,200,38977.806,
2026-09-20T22:10:47.002713+00:00,200,13586.564,
2026-09-20T22:10:14.943979+00:00,200,45682.685,
2026-09-20T22:10:42.318287+00:00,200,18309.7,
2026-09-20T22:10:50.851221+00:00,200,9776.348,
2026-09-20T22:10:50.612540+00:00,200,10018.302,
2026-09-20T22:09:58.355252+00:00,200,62306.915,
2026-09-20T22:10:41.235241+00:00,200,19409.875,
2026-09-20T22:10:39.209045+00:00,200,21441.571,
2026-09-20T22:10:16.704964+00:00,200,43966.803,
2026-09-20T22:10:35.575573+00:00,200,25092.129,
2026-09-20T22:10:53.855543+00:00,200,6812.728,
2026-09-20T22:10:26.175389+00:00,200,34515.466,
2026-09-20T22:10:34.701550+00:00,200,25990.501,
2026-09-20T22:10:36.475117+00:00,200,24239.704,
2026-09-20T22:10:04.528551+00:00,200,56206.316,
2026-09-20T22:11:00.167622+00:00,200,567.226,
2026-09-20T22:10:03.994719+00:00,200,56764.032,
2026-09-20T22:10:36.319413+00:00,200,24436.191,
2026-09-20T22:10:34.276869+00:00,200,26484.926,
2026-09-20T22:10:07.784963+00:00,200,53003.292,
2026-09-20T22:10:46.820546+00:00,200,13954.741,
2026-09-20T22:10:18.384458+00:00,200,42410.31,
2026-09-20T22:10:42.082274+00:00,200,18702.893,
2026-09-20T22:10:17.189652+00:00,200,43634.596,
2026-09-20T22:10:19.537883+00:00,200,41286.879,
2026-09-20T22:10:17.971784+00:00,200,42856.264,
2026-09-20T22:10:55.084245+00:00,200,5738.352,
2026-09-20T22:10:30.113853+00:00,200,30727.114,
2026-09-20T22:10:26.097810+00:00,200,34750.83,
2026-09-20T22:10:47.061751+00:00,200,13797.545,
2026-09-20T22:10:51.303089+00:00,200,9558.722,
2026-09-20T22:10:29.146529+00:00,200,31728.832,
2026-09-20T22:10:32.157902+00:00,200,28724.694,
2026-09-20T22:10:43.195732+00:00,200,17709.458,
2026-09-20T22:10:43.868001+00:00,200,17039.825,
2026-09-20T22:10:18.422625+00:00,200,42507.995,
2026-09-20T22:10:42.395138+00:00,200,18526.12,
2026-09-20T22:10:36.976187+00:00,200,23959.91,
2026-09-20T22:10:33.264762+00:00,200,27675.128,
2026-09-20T22:09:56.832759+00:00,200,64145.66,
2026-09-20T22:10:51.300821+00:00,200,9659.593,
2026-09-20T22:09:55.921756+00:00,200,65063.196,
2026-09-20T22:10:59.706238+00:00,200,1260.684,
2026-09-20T22:11:00.765990+00:00,200,208.637,
2026-09-20T22:10:26.087626+00:00,200,34903.388,
2026-09-20T22:10:43.476988+00:00,200,17516.37,
2026-09-20T22:10:14.624696+00:00,200,46391.92,
2026-09-20T22:10:55.666152+00:00,200,5330.486,
2026-09-20T22:10:31.279017+00:00,200,29734.404,
2026-09-20T22:10:49.862141+00:00,200,11146.643,
2026-09-20T22:10:02.590524+00:00,200,58446.668,
2026-09-20T22:09:43.640961+00:00,200,77407.747,
2026-09-20T22:11:00.074722+00:00,200,952.904,
2026-09-20T22:10:40.881889+00:00,200,20161.151,
2026-09-20T22:10:05.271951+00:00,200,55810.144,
2026-09-20T22:10:51.146404+00:00,200,9921.985,
2026-09-20T22:09:56.155921+00:00,200,64944.736,
2026-09-20T22:10:03.257429+00:00,200,57847.712,
2026-09-20T22:09:46.544351+00:00,200,74565.257,
2026-09-20T22:10:47.306139+00:00,200,13791.736,
2026-09-20T22:10:47.519264+00:00,200,13582.124,
2026-09-20T22:10:42.308568+00:00,200,18796.373,
2026-09-20T22:10:27.476535+00:00,200,33639.907,
2026-09-20T22:10:23.924872+00:00,200,37204.081,
2026-09-20T22:10:41.591384+00:00,200,19533.19,
2026-09-20T22:10:55.519201+00:00,200,5605.026,
2026-09-20T22:10:58.637905+00:00,200,2487.564,
2026-09-20T22:10:28.482354+00:00,200,32656.263,
2026-09-20T22:09:56.644858+00:00,200,64527.039,
2026-09-20T22:10:51.232614+00:00,200,9928.803,
2026-09-20T22:10:49.643194+00:00,200,11530.333,
2026-09-20T22:10:48.743126+00:00,200,12449.996,
2026-09-20T22:11:00.956072+00:00,200,239.24,
2026-09-20T22:10:53.992717+00:00,200,7208.509,
2026-09-20T22:10:51.443293+00:00,200,9762.16,
2026-09-20T22:10:08.105953+00:00,200,53122.236,
2026-09-20T22:10:59.440088+00:00,200,1784.745,
2026-09-20T22:10:51.504887+00:00,200,9735.57,
2026-09-20T22:10:58.588541+00:00,200,2655.793,
2026-09-20T22:10:14.048696+00:00,200,47223.583,
2026-09-20T22:10:48.445689+00:00,200,12811.566,
2026-09-20T22:10:28.866631+00:00,200,32399.844,
2026-09-20T22:10:05.125842+00:00,200,56173.654,
2026-09-20T22:11:00.860670+00:00,200,432.294,
2026-09-20T22:10:41.922145+00:00,200,19387.732,
2026-09-20T22:10:31.667894+00:00,200,29651.408,
2026-09-20T22:09:39.682797+00:00,200,81654.599,
2026-09-20T22:10:46.893088+00:00,200,14431.921,
2026-09-20T22:10:43.149752+00:00,200,18182.61,
2026-09-20T22:10:34.012589+00:00,200,27326.104,
2026-09-20T22:10:06.529347+00:00,200,54827.874,
2026-09-20T22:10:14.362442+00:00,200,47003.37,
2026-09-20T22:10:34.200315+00:00,200,27152.658,
2026-09-20T22:10:02.407557+00:00,200,58963.9,
2026-09-20T22:10:41.003941+00:00,200,20349.94,
2026-09-20T22:10:38.843479+00:00,200,22513.677,
2026-09-20T22:10:50.853851+00:00,200,10514.671,
2026-09-20T22:11:01.172084+00:00,200,206.036,
2026-09-20T22:10:13.942345+00:00,200,47465.194,
2026-09-20T22:10:49.000764+00:00,200,12388.981,
2026-09-20T22:10:50.385270+00:00,200,11005.856,
2026-09-20T22:09:37.302524+00:00,200,84110.601,
2026-09-20T22:10:10.480050+00:00,200,50936.301,
2026-09-20T22:10:32.175271+00:00,200,29234.625,
2026-09-20T22:10:11.157184+00:00,200,50270.273,
2026-09-20T22:10:08.116443+00:00,200,53311.931,
2026-09-20T22:10:04.985508+00:00,200,56454.436,
2026-09-20T22:10:38.750108+00:00,200,22683.151,
2026-09-20T22:11:01.224671+00:00,200,211.171,
2026-09-20T22:10:35.171473+00:00,200,26278.448,
2026-09-20T22:10:26.240281+00:00,200,35224.684,
2026-09-20T22:10:14.062420+00:00,200,47423.389,
2026-09-20T22:10:44.637379+00:00,200,16830.003,
2026-09-20T22:09:54.287475+00:00,200,67202.637,
2026-09-20T22:10:49.420202+00:00,200,12050.182,
2026-09-20T22:11:01.292928+00:00,200,195.252,
2026-09-20T22:10:42.158080+00:00,200,19347.334,
2026-09-20T22:10:30.953827+00:00,200,30560.141,
2026-09-20T22:10:51.313224+00:00,200,10196.411,
2026-09-20T22:10:12.663737+00:00,200,48868.586,
2026-09-20T22:10:08.639905+00:00,200,52910.071,
2026-09-20T22:10:39.925625+00:00,200,21611.009,
2026-09-20T22:10:04.449962+00:00,200,57124.008,
2026-09-20T22:10:59.463775+00:00,200,2095.846,
2026-09-20T22:10:59.756999+00:00,200,1816.873,
2026-09-20T22:10:28.394322+00:00,200,33190.908,
2026-09-20T22:10:49.520077+00:00,200,12071.051,
2026-09-20T22:10:18.213258+00:00,200,43397.627,
2026-09-20T22:10:16.141471+00:00,200,45493.675,
2026-09-20T22:10:19.083008+00:00,200,42548.982,
2026-09-20T22:10:04.908973+00:00,200,56732.58,
2026-09-20T22:10:35.029466+00:00,200,26598.82,
2026-09-20T22:10:57.480311+00:00,200,4146.197,
2026-09-20T22:10:47.759547+00:00,200,13883.031,
2026-09-20T22:10:05.918205+00:00,200,55745.886,
2026-09-20T22:09:59.558732+00:00,200,62112.069,
2026-09-20T22:10:45.269125+00:00,200,16382.694,
2026-09-20T22:10:44.483600+00:00,200,17205.15,
2026-09-20T22:10:18.225366+00:00,200,43489.588,
2026-09-20T22:10:18.591063+00:00,200,43129.923,
2026-09-20T22:10:59.330231+00:00,200,2379.45,
2026-09-20T22:10:25.304095+00:00,200,36419.697,
2026-09-20T22:11:00.821989+00:00,200,895.494,
2026-09-20T22:10:42.782291+00:00,200,18943.655,
2026-09-20T22:10:51.130010+00:00,200,10596.51,
2026-09-20T22:10:24.532194+00:00,200,37207.517,
2026-09-20T22:10:27.025103+00:00,200,34726.54,
2026-09-20T22:10:34.723649+00:00,200,27028.175,
2026-09-20T22:10:19.944579+00:00,200,41823.878,
2026-09-20T22:10:17.334061+00:00,200,44448.042,
2026-09-20T22:10:53.398406+00:00,200,8365.906,
2026-09-20T22:10:31.014992+00:00,200,30774.438,
2026-09-20T22:10:59.755823+00:00,200,2027.123,
2026-09-20T22:10:14.721889+00:00,200,47089.09,
2026-09-20T22:10:54.727485+00:00,200,7062.953,
2026-09-20T22:10:04.799731+00:00,200,57031.433,
2026-09-20T22:11:00.734801+00:00,200,1083.968,
2026-09-20T22:10:13.331465+00:00,200,48510.514,
2026-09-20T22:10:12.461215+00:00,200,49400.082,
2026-09-20T22:10:24.816731+00:00,200,37036.954,
2026-09-20T22:10:58.318917+00:00,200,3533.224,
2026-09-20T22:11:01.613856+00:00,200,243.23,
2026-09-20T22:10:50.812801+00:00,200,11065.056,
2026-09-20T22:09:59.609067+00:00,200,62296.259,
2026-09-20T22:10:47.994163+00:00,200,13895.25,
2026-09-20T22:09:48.522272+00:00,200,73391.538,
2026-09-20T22:10:12.122189+00:00,200,49796.202,
2026-09-20T22:10:34.435155+00:00,200,27475.823,
2026-09-20T22:10:51.473197+00:00,200,10482.478,
2026-09-20T22:10:23.138571+00:00,200,38832.069,
2026-09-20T22:10:34.532133+00:00,200,27440.33,
2026-09-20T22:10:23.597345+00:00,200,38389.291,
2026-09-20T22:10:52.840131+00:00,200,9136.086,
2026-09-20T22:10:43.671637+00:00,200,18309.579,
2026-09-20T22:10:34.815684+00:00,200,27170.448,
2026-09-20T22:10:55.193490+00:00,200,6797.692,
2026-09-20T22:10:34.830751+00:00,200,27178.205,
2026-09-20T22:09:47.682832+00:00,200,74343.831,
2026-09-20T22:10:13.487079+00:00,200,48540.396,
2026-09-20T22:10:24.704574+00:00,200,37321.068,
2026-09-20T22:09:58.295705+00:00,200,63772.647,
2026-09-20T22:10:42.285541+00:00,200,19778.484,
2026-09-20T22:10:43.316841+00:00,200,18747.946,
2026-09-20T22:09:38.294537+00:00,200,83793.899,
2026-09-20T22:10:19.585075+00:00,200,42513.039,
2026-09-20T22:10:23.388422+00:00,200,38711.002,
2026-09-20T22:10:29.718218+00:00,200,32390.367,
2026-09-20T22:10:25.455025+00:00,200,36670.531,
2026-09-20T22:10:52.354271+00:00,200,9763.494,
2026-09-20T22:10:26.943684+00:00,200,35186.334,
2026-09-20T22:10:23.915409+00:00,200,38222.223,
2026-09-20T22:10:45.955823+00:00,200,16174.574,
2026-09-20T22:10:14.581243+00:00,200,47571.978,
2026-09-20T22:09:59.891634+00:00,200,62275.802,
2026-09-20T22:10:59.249469+00:00,200,2903.528,
2026-09-20T22:10:10.568427+00:00,200,51631.164,
2026-09-20T22:10:43.719937+00:00,200,18486.816,
2026-09-20T22:10:38.913293+00:00,200,23296.008,
2026-09-20T22:11:01.838964+00:00,200,367.42,
2026-09-20T22:10:39.596335+00:00,200,22615.256,
2026-09-20T22:10:25.357418+00:00,200,36862.95,
2026-09-20T22:10:04.097481+00:00,200,58135.274,
2026-09-20T22:10:32.502639+00:00,200,29716.38,
2026-09-20T22:11:01.087189+00:00,200,1149.46,
2026-09-20T22:10:43.177604+00:00,200,19082.158,
2026-09-20T22:10:58.970137+00:00,200,3292.761,
2026-09-20T22:10:51.224653+00:00,200,11040.696,
2026-09-20T22:10:17.275916+00:00,200,45009.468,
2026-09-20T22:10:23.859598+00:00,200,38420.232,
2026-09-20T22:10:24.508508+00:00,200,37772.367,
2026-09-20T22:10:13.229911+00:00,200,49068.038,
2026-09-20T22:10:42.495193+00:00,200,19805.646,
2026-09-20T22:10:55.202444+00:00,200,7100.225,
2026-09-20T22:10:51.016988+00:00,200,11288.02,
2026-09-20T22:10:04.144529+00:00,200,58183.348,
2026-09-20T22:09:39.945682+00:00,200,82384.158,
2026-09-20T22:10:50.748777+00:00,200,11561.784,
2026-09-20T22:10:06.725789+00:00,200,55607.696,
2026-09-20T22:10:31.006428+00:00,200,31314.244,
2026-09-20T22:10:50.491784+00:00,200,11824.753,
2026-09-20T22:10:00.648052+00:00,200,61691.558,
2026-09-20T22:10:26.881833+00:00,200,35447.671,
2026-09-20T22:10:50.840659+00:00,200,11515.357,
2026-09-20T22:10:36.489868+00:00,200,25871.934,
2026-09-20T22:10:35.440438+00:00,200,26961.28,
2026-09-20T22:10:20.489416+00:00,200,41924.888,
2026-09-20T22:10:27.431264+00:00,200,34979.204,
2026-09-20T22:11:01.876548+00:00,200,526.388,
2026-09-20T22:10:08.529503+00:00,200,53926.479,
2026-09-20T22:10:50.132641+00:00,200,12356.896,
2026-09-20T22:10:35.862558+00:00,200,26633.18,
2026-09-20T22:10:33.170281+00:00,200,29329.007,
2026-09-20T22:10:42.488253+00:00,200,20010.019,
2026-09-20T22:11:01.082819+00:00,200,1414.974,
2026-09-20T22:09:48.509934+00:00,200,74012.83,
2026-09-20T22:10:58.803333+00:00,200,3711.316,
2026-09-20T22:10:49.764661+00:00,200,12760.398,
2026-09-20T22:10:42.983106+00:00,200,19551.392,
2026-09-20T22:11:02.081222+00:00,200,473.229,
2026-09-20T22:10:04.234120+00:00,200,58345.499,
2026-09-20T22:11:02.206360+00:00,200,353.649,
2026-09-20T22:10:48.744187+00:00,200,13834.705,
2026-09-20T22:10:59.982137+00:00,200,2609.248,
2026-09-20T22:10:05.245652+00:00,200,57424.57,
2026-09-20T22:10:27.726463+00:00,200,34942.846,
2026-09-20T22:11:01.306709+00:00,200,1376.849,
2026-09-20T22:10:24.171633+00:00,200,38550.831,
2026-09-20T22:10:59.499752+00:00,200,3214.611,
2026-09-20T22:10:48.066537+00:00,200,14680.366,
2026-09-20T22:10:18.386100+00:00,200,44392.473,
2026-09-20T22:10:53.057892+00:00,200,9745.721,
2026-09-20T22:10:40.177968+00:00,200,22631.202,
2026-09-20T22:10:04.054096+00:00,200,58809.066,
2026-09-20T22:10:06.248205+00:00,200,56674.029,
2026-09-20T22:11:02.490415+00:00,200,420.445,
2026-09-20T22:11:00.933551+00:00,200,1988.944,
2026-09-20T22:10:52.447767+00:00,200,10503.138,
2026-09-20T22:11:02.497674+00:00,200,466.103,
2026-09-20T22:10:56.920195+00:00,200,6071.134,
2026-09-20T22:10:51.357250+00:00,200,11641.858,
2026-09-20T22:10:27.158577+00:00,200,35877.524,
2026-09-20T22:10:21.604355+00:00,200,41439.234,
2026-09-20T22:10:43.699981+00:00,200,19335.974,
2026-09-20T22:10:48.891755+00:00,200,14147.438,
2026-09-20T22:10:59.494083+00:00,200,3548.099,
2026-09-20T22:10:51.523335+00:00,200,11537.306,
2026-09-20T22:10:01.647142+00:00,200,61444.887,
2026-09-20T22:10:51.444148+00:00,200,11637.889,
2026-09-20T22:09:45.706616+00:00,200,77407.328,
2026-09-20T22:10:52.295683+00:00,200,10803.966,
2026-09-20T22:10:04.545456+00:00,200,58584.228,
2026-09-20T22:10:50.831935+00:00,200,12361.442,
2026-09-20T22:10:38.522303+00:00,200,24676.856,
2026-09-20T22:10:10.142822+00:00,200,53094.143,
2026-09-20T22:11:00.491056+00:00,200,2774.813,
2026-09-20T22:10:17.583319+00:00,200,45731.653,
2026-09-20T22:10:19.884951+00:00,200,43450.198,
2026-09-20T22:10:04.009860+00:00,200,59340.879,
2026-09-20T22:10:43.998439+00:00,200,19359.715,
2026-09-20T22:10:07.585269+00:00,200,55816.887,
2026-09-20T22:10:50.223401+00:00,200,13163.29,
2026-09-20T22:10:51.790192+00:00,200,11632.145,
2026-09-20T22:10:21.482491+00:00,200,41967.748,
2026-09-20T22:10:35.749627+00:00,200,27723.398,
2026-09-20T22:11:02.591158+00:00,200,897.663,
2026-09-20T22:10:46.909581+00:00,200,16586.927,
2026-09-20T22:10:42.409348+00:00,200,21105.379,
2026-09-20T22:10:59.683062+00:00,200,3842.493,
2026-09-20T22:10:27.828341+00:00,200,35748.454,
2026-09-20T22:10:05.852768+00:00,200,57753.653,
2026-09-20T22:10:24.738407+00:00,200,38874.443,
2026-09-20T22:10:28.202565+00:00,200,35413.517,
2026-09-20T22:10:13.444301+00:00,200,50215.511,
2026-09-20T22:10:04.892303+00:00,200,58819.49,
2026-09-20T22:10:28.351592+00:00,200,35349.653,
2026-09-20T22:09:43.903527+00:00,200,79827.264,
2026-09-20T22:10:25.695384+00:00,200,38030.924,
2026-09-20T22:10:29.109100+00:00,200,34661.703,
2026-09-20T22:10:44.647816+00:00,200,19126.799,
2026-09-20T22:10:09.018644+00:00,200,54799.679,
2026-09-20T22:10:30.202504+00:00,200,33607.208,
2026-09-20T22:10:02.146347+00:00,200,61735.801,
2026-09-20T22:11:03.435278+00:00,200,443.602,
2026-09-20T22:10:04.207758+00:00,200,59753.484,
2026-09-20T22:10:46.466630+00:00,200,17484.927,
2026-09-20T22:10:52.657643+00:00,200,11313.196,
2026-09-20T22:10:37.414236+00:00,200,26565.64,
2026-09-20T22:10:15.092479+00:00,200,48907.887,
2026-09-20T22:10:34.777255+00:00,200,29216.507,
2026-09-20T22:10:50.620613+00:00,200,13387.194,
2026-09-20T22:10:59.107807+00:00,200,4901.81,
2026-09-20T22:10:15.526247+00:00,200,48521.576,
2026-09-20T22:10:05.071972+00:00,200,58994.569,
2026-09-20T22:10:25.163093+00:00,200,38902.566,
2026-09-20T22:10:44.369115+00:00,200,19697.462,
2026-09-20T22:10:03.953858+00:00,200,60163.526,
2026-09-20T22:11:02.356743+00:00,200,1788.484,
2026-09-20T22:11:00.096452+00:00,200,4068.966,
2026-09-20T22:10:04.640628+00:00,200,59552.531,
2026-09-20T22:10:03.288019+00:00,200,60909.389,
2026-09-20T22:10:06.749100+00:00,200,57468.328,
2026-09-20T22:10:28.512439+00:00,200,35742.069,
2026-09-20T22:10:14.221732+00:00,200,50067.455,
2026-09-20T22:10:22.344713+00:00,200,41959.164,
2026-09-20T22:10:27.198738+00:00,200,37119.327,
2026-09-20T22:10:16.591784+00:00,200,47741.245,
2026-09-20T22:10:49.597489+00:00,200,14720.695,
2026-09-20T22:10:49.947269+00:00,200,14383.811,
2026-09-20T22:09:46.813092+00:00,200,77541.952,
2026-09-20T22:10:41.399862+00:00,200,23068.311,
2026-09-20T22:10:41.301313+00:00,200,23226.26,
2026-09-20T22:10:41.885976+00:00,200,22646.49,
2026-09-20T22:10:52.622212+00:00,200,11911.969,
2026-09-20T22:10:32.149138+00:00,200,32402.945,
2026-09-20T22:11:03.761948+00:00,200,785.767,
2026-09-20T22:10:06.703403+00:00,200,57877.892,
2026-09-20T22:10:27.737448+00:00,200,36835.305,
2026-09-20T22:11:02.207648+00:00,200,2378.709,
2026-09-20T22:10:57.882539+00:00,200,6754.749,
2026-09-20T22:10:48.594127+00:00,200,16057.239,
2026-09-20T22:10:46.374376+00:00,200,18280.003,
2026-09-20T22:11:00.484283+00:00,200,4190.766,
2026-09-20T22:10:07.420066+00:00,200,57283.967,
2026-09-20T22:10:51.750892+00:00,200,12975.905,
2026-09-20T22:10:25.851978+00:00,200,38924.719,
2026-09-20T22:10:20.914081+00:00,200,43894.511,
2026-09-20T22:10:14.069168+00:00,200,50748.955,
2026-09-20T22:10:25.883412+00:00,200,38944.363,
2026-09-20T22:10:09.347436+00:00,200,55522.666,
2026-09-20T22:10:54.033645+00:00,200,10831.971,
2026-09-20T22:10:28.747917+00:00,200,36133.941,
2026-09-20T22:10:44.627521+00:00,200,20290.16,
2026-09-20T22:10:44.372095+00:00,200,20552.36,
2026-09-20T22:10:58.211514+00:00,200,6718.625,
2026-09-20T22:10:42.633686+00:00,200,22303.286,
2026-09-20T22:10:58.824075+00:00,200,6112.964,
2026-09-20T22:10:43.059253+00:00,200,21893.172,
2026-09-20T22:10:27.770867+00:00,200,37191.057,
2026-09-20T22:10:49.795217+00:00,200,15185.883,
2026-09-20T22:10:41.349256+00:00,200,23691.038,
2026-09-20T22:10:28.189622+00:00,200,36860.706,
2026-09-20T22:10:49.204147+00:00,200,15856.822,
2026-09-20T22:10:36.570284+00:00,200,28584.44,
2026-09-20T22:10:15.529353+00:00,200,49645.125,
2026-09-20T22:10:41.293456+00:00,200,23867.593,
2026-09-20T22:11:02.319267+00:00,200,2870.952,
2026-09-20T22:10:05.401472+00:00,200,59815.202,
2026-09-20T22:10:17.191023+00:00,200,48055.224,
2026-09-20T22:11:00.974614+00:00,200,4257.249,
2026-09-20T22:11:03.379669+00:00,200,1855.972,
2026-09-20T22:10:34.841984+00:00,200,30424.177,
2026-09-20T22:09:53.983245+00:00,200,71302.373,
2026-09-20T22:10:03.829347+00:00,200,61463.04,
2026-09-20T22:10:04.350496+00:00,200,60958.51,
2026-09-20T22:11:01.444398+00:00,200,3856.52,
2026-09-20T22:10:49.123511+00:00,200,16190.045,
2026-09-20T22:10:42.000301+00:00,200,23339.184,
2026-09-20T22:10:36.907774+00:00,200,28451.198,
2026-09-20T22:11:01.389789+00:00,200,3972.485,
2026-09-20T22:09:50.151066+00:00,200,75247.249,
2026-09-20T22:10:17.251585+00:00,200,48176.253,
2026-09-20T22:10:49.406520+00:00,200,16027.973,
2026-09-20T22:10:59.490884+00:00,200,5976.793,
2026-09-20T22:11:01.725276+00:00,200,3790.293,
2026-09-20T22:10:03.556307+00:00,200,61989.738,
2026-09-20T22:10:05.151194+00:00,200,60404.28,
2026-09-20T22:10:34.385206+00:00,200,31170.757,
2026-09-20T22:09:47.466942+00:00,200,78127.91,
2026-09-20T22:10:05.144076+00:00,200,60459.093,
2026-09-20T22:09:53.443480+00:00,200,72163.979,
2026-09-20T22:10:24.731973+00:00,200,40894.802,
2026-09-20T22:10:25.843087+00:00,200,39792.599,
2026-09-20T22:10:45.152969+00:00,200,20481.31,
2026-09-20T22:10:03.588662+00:00,200,62116.319,
2026-09-20T22:10:43.048025+00:00,200,22648.735,
2026-09-20T22:10:53.079356+00:00,200,12652.202,
2026-09-20T22:10:06.514929+00:00,200,59273.33,
2026-09-20T22:11:05.336026+00:00,200,446.143,
2026-09-20T22:10:32.718942+00:00,200,33106.233,
2026-09-20T22:10:30.260809+00:00,200,35575.277,
2026-09-20T22:10:44.676034+00:00,200,21164.853,
2026-09-20T22:10:57.394621+00:00,200,8449.832,
2026-09-20T22:10:06.302448+00:00,200,59615.317,
2026-09-20T22:10:34.784469+00:00,200,31131.237,
2026-09-20T22:10:50.325231+00:00,200,15593.077,
2026-09-20T22:10:52.308568+00:00,200,13616.557,
2026-09-20T22:10:56.825020+00:00,200,9170.502,
2026-09-20T22:10:41.381754+00:00,200,24627.226,
2026-09-20T22:10:17.929283+00:00,200,48097.98,
2026-09-20T22:10:34.878315+00:00,200,31153.622,
2026-09-20T22:10:58.438830+00:00,200,7617.235,
2026-09-20T22:10:05.092912+00:00,200,61023.076,
2026-09-20T22:10:09.800144+00:00,200,56339.1,
2026-09-20T22:10:18.593921+00:00,200,47554.934,
2026-09-20T22:10:26.530628+00:00,200,39658.126,
2026-09-20T22:10:43.162882+00:00,200,23044.515,
2026-09-20T22:09:47.275577+00:00,200,78957.194,
2026-09-20T22:11:03.026005+00:00,200,3204.199,
2026-09-20T22:10:03.695696+00:00,200,62605.206,
2026-09-20T22:10:02.863130+00:00,200,63449.959,
2026-09-20T22:10:28.323468+00:00,200,37984.678,
2026-09-20T22:10:23.854090+00:00,200,42474.323,
2026-09-20T22:09:56.107763+00:00,200,70293.438,
2026-09-20T22:10:30.936079+00:00,200,35457.319,
2026-09-20T22:10:42.759657+00:00,200,23652.833,
2026-09-20T22:10:45.460667+00:00,200,20963.963,
2026-09-20T22:11:01.129581+00:00,200,5295.597,
2026-09-20T22:11:03.098473+00:00,200,3354.15,
2026-09-20T22:10:41.628992+00:00,200,24849.478,
2026-09-20T22:10:36.103506+00:00,200,30401.699,
2026-09-20T22:11:01.508438+00:00,200,4997.228,
2026-09-20T22:10:27.167813+00:00,200,39350.705,
2026-09-20T22:10:49.019558+00:00,200,17493.514,
2026-09-20T22:10:26.325830+00:00,200,40229.188,
2026-09-20T22:10:53.407028+00:00,200,13145.651,
2026-09-20T22:10:13.632807+00:00,200,52970.543,
2026-09-20T22:10:55.497704+00:00,200,11086.731,
2026-09-20T22:10:17.252782+00:00,200,49392.508,
2026-09-20T22:11:06.177979+00:00,200,457.117,
2026-09-20T22:10:45.863277+00:00,200,20785.609,
2026-09-20T22:10:48.702503+00:00,200,17994.716,
2026-09-20T22:10:54.423433+00:00,200,12282.242,
2026-09-20T22:10:35.332015+00:00,200,31402.712,
2026-09-20T22:11:06.278185+00:00,200,454.886,
2026-09-20T22:10:18.501705+00:00,200,48281.767,
2026-09-20T22:11:06.378434+00:00,200,400.149,
2026-09-20T22:10:35.247735+00:00,200,31582.85,
2026-09-20T22:10:50.781871+00:00,200,16071.538,
2026-09-20T22:10:22.769681+00:00,200,44119.863,
2026-09-20T22:10:42.739964+00:00,200,24147.019,
2026-09-20T22:10:34.903547+00:00,200,32009.738,
2026-09-20T22:10:04.366131+00:00,200,62583.331,
2026-09-20T22:10:58.332486+00:00,200,8606.926,
2026-09-20T22:10:34.721505+00:00,200,32230.095,
2026-09-20T22:10:41.872602+00:00,200,25084.752,
2026-09-20T22:10:51.015831+00:00,200,15942.438,
2026-09-20T22:09:59.467691+00:00,200,67518.787,
2026-09-20T22:09:46.508081+00:00,200,80494.06,
2026-09-20T22:10:46.306170+00:00,200,20708.74,
2026-09-20T22:09:44.234136+00:00,200,82828.701,
2026-09-20T22:10:58.760660+00:00,200,8284.928,
2026-09-20T22:10:31.323023+00:00,200,35749.03,
2026-09-20T22:10:48.652484+00:00,200,18416.408,
2026-09-20T22:10:14.179356+00:00,200,52924.653,
2026-09-20T22:10:38.315584+00:00,200,28774.342,
2026-09-20T22:11:01.405158+00:00,200,5690.945,
2026-09-20T22:10:17.799399+00:00,200,49343.287,
2026-09-20T22:10:59.089219+00:00,200,8065.264,
2026-09-20T22:10:40.652705+00:00,200,26517.294,
2026-09-20T22:10:20.094882+00:00,200,47091.463,
2026-09-20T22:10:52.242436+00:00,200,14983.656,
2026-09-20T22:10:56.652887+00:00,200,10575.674,
2026-09-20T22:10:36.082258+00:00,200,31156.266,
2026-09-20T22:11:06.824694+00:00,200,412.414,
2026-09-20T22:10:27.420929+00:00,200,39862.445,
2026-09-20T22:10:06.993289+00:00,200,60306.951,
2026-09-20T22:11:02.523521+00:00,200,4802.369,
2026-09-20T22:11:00.470534+00:00,200,6858.226,
2026-09-20T22:10:10.971996+00:00,200,56384.956,
2026-09-20T22:10:05.111279+00:00,200,62253.573,
2026-09-20T22:10:58.368071+00:00,200,8979.022,
2026-09-20T22:10:05.812398+00:00,200,61559.939,
2026-09-20T22:11:00.418838+00:00,200,6962.215,
2026-09-20T22:10:59.840037+00:00,200,7543.422,
2026-09-20T22:10:24.758800+00:00,200,42638.71,
2026-09-20T22:10:35.182946+00:00,200,32210.773,
2026-09-20T22:10:37.678937+00:00,200,29715.75,
2026-09-20T22:11:03.059362+00:00,200,4349.483,
2026-09-20T22:10:13.747320+00:00,200,53696.657,
2026-09-20T22:09:46.580471+00:00,200,80873.852,
2026-09-20T22:10:50.389976+00:00,200,17047.953,
2026-09-20T22:10:40.599721+00:00,200,26849.326,
2026-09-20T22:10:43.591449+00:00,200,23881.991,
2026-09-20T22:09:58.121108+00:00,200,69397.896,
2026-09-20T22:10:07.721197+00:00,200,59805.832,
2026-09-20T22:09:37.577361+00:00,200,89962.715,
2026-09-20T22:10:59.846686+00:00,200,7676.013,
2026-09-20T22:09:59.253467+00:00,200,68312.407,
2026-09-20T22:11:06.580671+00:00,200,964.994,
2026-09-20T22:11:07.328242+00:00,200,218.326,
2026-09-20T22:10:52.026010+00:00,200,15532.108,
2026-09-20T22:10:03.461724+00:00,200,64134.236,
2026-09-20T22:11:01.641736+00:00,200,5936.606,
2026-09-20T22:10:25.925477+00:00,200,41686.002,
2026-09-20T22:10:45.622958+00:00,200,21983.087,
2026-09-20T22:10:48.070324+00:00,200,19549.296,
2026-09-20T22:10:23.543732+00:00,200,44094.297,
2026-09-20T22:11:01.619195+00:00,200,6009.097,
2026-09-20T22:10:20.773922+00:00,200,46872.649,
2026-09-20T22:10:03.906492+00:00,200,63747.776,
2026-09-20T22:10:04.904196+00:00,200,62754.234,
2026-09-20T22:10:25.784778+00:00,200,41872.09,
2026-09-20T22:11:00.492141+00:00,200,7162.693,
2026-09-20T22:10:25.339209+00:00,200,42328.966,
2026-09-20T22:11:07.408542+00:00,200,266.542,
2026-09-20T22:10:05.079647+00:00,200,62619.102,
2026-09-20T22:11:00.994368+00:00,200,6689.957,
2026-09-20T22:10:45.963150+00:00,200,21728.627,
2026-09-20T22:11:05.262915+00:00,200,2438.075,
2026-09-20T22:10:59.522649+00:00,200,8190.051,
2026-09-20T22:11:01.882915+00:00,200,5837.156,
2026-09-20T22:10:37.217664+00:00,200,30510.563,
2026-09-20T22:10:27.759712+00:00,200,39984.089,
2026-09-20T22:10:43.366321+00:00,200,24375.043,
2026-09-20T22:10:59.977638+00:00,200,7762.85,
2026-09-20T22:10:59.397516+00:00,200,8347.889,
2026-09-20T22:10:26.831082+00:00,200,40938.507,
2026-09-20T22:10:51.701975+00:00,200,16070.483,
2026-09-20T22:10:05.077782+00:00,200,62737.828,
2026-09-20T22:10:58.879995+00:00,200,8932.715,
2026-09-20T22:10:28.620044+00:00,200,39203.894,
2026-09-20T22:10:59.252005+00:00,200,8574.281,
2026-09-20T22:10:46.952270+00:00,200,20883.178,
2026-09-20T22:10:42.480741+00:00,200,25373.946,
2026-09-20T22:10:06.262054+00:00,200,61614.428,
2026-09-20T22:10:51.056615+00:00,200,16806.057,
2026-09-20T22:10:04.389495+00:00,200,63496.556,
2026-09-20T22:10:16.479668+00:00,200,51405.782,
2026-09-20T22:10:18.100168+00:00,200,49804.544,
2026-09-20T22:11:01.851813+00:00,200,6036.819,
2026-09-20T22:10:49.763120+00:00,200,18127.934,
2026-09-20T22:10:40.753343+00:00,200,27155.365,
2026-09-20T22:10:47.028413+00:00,200,20885.902,
2026-09-20T22:10:27.322568+00:00,200,40621.34,
2026-09-20T22:10:42.599574+00:00,200,25343.015,
2026-09-20T22:10:34.267873+00:00,200,33681.847,
2026-09-20T22:10:48.823516+00:00,200,19139.43,
2026-09-20T22:10:21.235390+00:00,200,46747.743,
2026-09-20T22:11:01.160240+00:00,200,6824.016,
2026-09-20T22:10:49.659428+00:00,200,18327.657,
2026-09-20T22:10:35.837862+00:00,200,32156.717,
2026-09-20T22:10:46.060099+00:00,200,21935.485,
2026-09-20T22:10:26.687035+00:00,200,41319.176,
2026-09-20T22:10:39.198501+00:00,200,28812.637,
2026-09-20T22:10:04.742084+00:00,200,63297.908,
2026-09-20T22:10:15.327934+00:00,200,52729.144,
2026-09-20T22:10:19.961140+00:00,200,48110.018,
2026-09-20T22:10:30.514585+00:00,200,37552.093,
2026-09-20T22:10:04.518103+00:00,200,63569.042,
2026-09-20T22:11:07.325549+00:00,200,757.302,
2026-09-20T22:10:06.155617+00:00,200,61956.765,
2026-09-20T22:10:59.305061+00:00,200,8805.234,
2026-09-20T22:10:05.008672+00:00,200,63126.038,
2026-09-20T22:10:17.540625+00:00,200,50592.605,
2026-09-20T22:09:56.285740+00:00,200,71855.573,
2026-09-20T22:10:20.248910+00:00,200,47890.246,
2026-09-20T22:11:07.689137+00:00,200,447.273,
2026-09-20T22:11:01.751991+00:00,200,6385.679,
2026-09-20T22:11:01.195293+00:00,200,6945.107,
2026-09-20T22:11:01.788663+00:00,200,6354.097,
2026-09-20T22:10:23.913027+00:00,200,44271.143,
2026-09-20T22:10:27.919555+00:00,200,40262.921,
2026-09-20T22:10:03.895758+00:00,200,64303.352,
2026-09-20T22:10:53.373213+00:00,200,14809.129,
2026-09-20T22:10:48.310442+00:00,200,19880.821,
2026-09-20T22:10:10.122313+00:00,200,58102.721,
2026-09-20T22:10:23.134581+00:00,200,45097.254,
2026-09-20T22:10:25.223770+00:00,200,43017.778,
2026-09-20T22:10:52.063506+00:00,200,16176.266,
2026-09-20T22:10:18.062181+00:00,200,50201.051,
2026-09-20T22:10:42.710638+00:00,200,25550.734,
2026-09-20T22:10:13.426446+00:00,200,54865.054,
2026-09-20T22:10:35.742648+00:00,200,32549.074,
2026-09-20T22:10:25.240312+00:00,200,43059.688,
2026-09-20T22:11:06.008054+00:00,200,2294.22,
2026-09-20T22:10:34.530871+00:00,200,33779.885,
2026-09-20T22:10:17.616934+00:00,200,50709.542,
2026-09-20T22:10:24.236087+00:00,200,44084.466,
2026-09-20T22:10:35.990210+00:00,200,32328.462,
2026-09-20T22:10:58.427611+00:00,200,9913.103,
2026-09-20T22:10:17.839006+00:00,200,50527.996,
2026-09-20T22:09:40.562013+00:00,200,87809.304,
2026-09-20T22:11:01.973801+00:00,200,6385.086,
2026-09-20T22:10:27.033154+00:00,200,41359.273,
2026-09-20T22:10:50.552794+00:00,200,17832.812,
2026-09-20T22:10:09.830147+00:00,200,58577.62,
2026-09-20T22:10:02.476583+00:00,200,65932.927,
2026-09-20T22:10:45.400055+00:00,200,22993.302,
2026-09-20T22:11:06.005299+00:00,200,2388.31,
2026-09-20T22:10:43.550760+00:00,200,24856.932,
2026-09-20T22:11:02.262601+00:00,200,6147.689,
2026-09-20T22:10:59.989001+00:00,200,8426.923,
2026-09-20T22:10:50.579770+00:00,200,17844.379,
2026-09-20T22:10:05.866945+00:00,200,62583.484,
2026-09-20T22:10:08.207097+00:00,200,60245.407,
2026-09-20T22:11:05.580508+00:00,200,2860.322,
2026-09-20T22:11:03.969649+00:00,200,4485.335,
2026-09-20T22:10:13.663327+00:00,200,54820.18,
2026-09-20T22:10:24.568993+00:00,200,43909.756,
2026-09-20T22:10:59.019788+00:00,200,9483.721,
2026-09-20T22:10:24.976979+00:00,200,43547.522,
2026-09-20T22:10:58.883129+00:00,200,9644.95,
2026-09-20T22:09:47.714417+00:00,200,80851.404,
2026-09-20T22:10:25.120671+00:00,200,43443.341,
2026-09-20T22:10:25.354952+00:00,200,43209.715,
2026-09-20T22:10:50.728695+00:00,200,17831.04,
2026-09-20T22:11:04.316480+00:00,200,4249.488,
2026-09-20T22:11:00.667518+00:00,200,7911.417,
2026-09-20T22:11:01.101898+00:00,200,7513.808,
2026-09-20T22:10:27.361139+00:00,200,41277.064,
2026-09-20T22:10:13.340076+00:00,200,55313.028,
2026-09-20T22:11:07.543050+00:00,200,1089.582,
2026-09-20T22:10:50.417713+00:00,200,18220.677,
2026-09-20T22:10:34.221898+00:00,200,34422.845,
2026-09-20T22:10:35.056388+00:00,200,33596.549,
2026-09-20T22:10:59.810295+00:00,200,8844.341,
2026-09-20T22:10:03.043032+00:00,200,65634.537,
2026-09-20T22:10:22.481882+00:00,200,46197.387,
2026-09-20T22:10:05.276920+00:00,200,63412.403,
2026-09-20T22:11:05.782141+00:00,200,2894.827,
2026-09-20T22:10:05.163501+00:00,200,63544.385,
2026-09-20T22:10:58.881545+00:00,200,9805.637,
2026-09-20T22:10:41.745887+00:00,200,26948.3,
2026-09-20T22:10:48.381360+00:00,200,20312.523,
2026-09-20T22:10:35.138314+00:00,200,33580.033,
2026-09-20T22:10:45.851157+00:00,200,22868.346,
2026-09-20T22:10:52.298148+00:00,200,16426.958,
2026-09-20T22:10:50.545931+00:00,200,18183.837,
2026-09-20T22:10:04.190020+00:00,200,64604.511,
2026-09-20T22:10:42.815633+00:00,200,25961.239,
2026-09-20T22:10:04.943563+00:00,200,63863.579,
2026-09-20T22:10:57.864539+00:00,200,10937.403,
2026-09-20T22:10:06.491288+00:00,200,62333.483,
2026-09-20T22:10:44.615191+00:00,200,24190.649,
2026-09-20T22:10:39.606491+00:00,200,29205.454,
2026-09-20T22:10:32.304104+00:00,200,36519.945,
2026-09-20T22:10:23.947783+00:00,200,44901.345,
2026-09-20T22:11:01.626110+00:00,200,7219.856,
2026-09-20T22:10:59.821322+00:00,200,9025.73,
2026-09-20T22:10:59.382847+00:00,200,9465.242,
2026-09-20T22:10:59.693360+00:00,200,9155.708,
2026-09-20T22:09:41.621006+00:00,200,87269.892,
2026-09-20T22:10:50.922993+00:00,200,17951.114,
2026-09-20T22:11:07.556587+00:00,200,1316.991,
2026-09-20T22:09:48.670549+00:00,200,80227.089,
2026-09-20T22:10:05.592420+00:00,200,63306.38,
2026-09-20T22:10:32.633430+00:00,200,36251.113,
2026-09-20T22:10:26.972000+00:00,200,41926.601,
2026-09-20T22:09:37.647568+00:00,200,91281.967,
2026-09-20T22:11:07.380527+00:00,200,1527.475,
2026-09-20T22:10:25.889922+00:00,200,43030.909,
2026-09-20T22:10:17.369850+00:00,200,51561.212,
2026-09-20T22:10:04.927538+00:00,200,64023.84,
2026-09-20T22:10:17.067621+00:00,200,51889.152,
2026-09-20T22:10:34.534048+00:00,200,34415.768,
2026-09-20T22:11:04.170595+00:00,200,4794.167,
2026-09-20T22:10:49.446048+00:00,200,19528.839,
2026-09-20T22:10:34.197709+00:00,200,34786.368,
2026-09-20T22:10:04.381691+00:00,200,64644.779,
2026-09-20T22:10:34.295948+00:00,200,34723.218,
2026-09-20T22:10:00.443569+00:00,200,68593.881,
2026-09-20T22:10:57.804968+00:00,200,11224.85,
2026-09-20T22:11:08.615167+00:00,200,436.87,
2026-09-20T22:09:52.677602+00:00,200,76400.868,
2026-09-20T22:11:01.957391+00:00,200,7106.023,
2026-09-20T22:11:08.712294+00:00,200,370.538,
2026-09-20T22:10:31.643983+00:00,200,37454.803,
2026-09-20T22:11:08.460711+00:00,200,638.925,
2026-09-20T22:10:44.392821+00:00,200,24712.74,
2026-09-20T22:11:00.361469+00:00,200,8754.075,
2026-09-20T22:11:01.781855+00:00,200,7335.586,
2026-09-20T22:10:59.442399+00:00,200,9690.998,
2026-09-20T22:11:08.801082+00:00,200,334.565,
2026-09-20T22:10:51.310958+00:00,200,17832.834,
2026-09-20T22:10:17.954668+00:00,200,51215.819,
2026-09-20T22:10:01.135099+00:00,200,68059.84,
2026-09-20T22:10:25.963295+00:00,200,43237.22,
2026-09-20T22:10:37.254171+00:00,200,31949.417,
2026-09-20T22:10:19.489277+00:00,200,49733.424,
2026-09-20T22:10:17.676978+00:00,200,51558.169,
2026-09-20T22:10:53.389970+00:00,200,15900.379,
2026-09-20T22:11:04.725414+00:00,200,4567.076,
2026-09-20T22:10:14.290750+00:00,200,55105.678,
2026-09-20T22:10:28.452910+00:00,200,40955.277,
2026-09-20T22:11:00.177578+00:00,200,9225.598,
2026-09-20T22:10:42.007781+00:00,200,27407.127,
2026-09-20T22:10:43.625908+00:00,200,25814.768,
2026-09-20T22:10:49.283837+00:00,200,20184.099,
2026-09-20T22:10:52.420756+00:00,200,17054.024,
2026-09-20T22:10:27.112585+00:00,200,42379.875,
2026-09-20T22:10:04.611799+00:00,200,64912.505,
2026-09-20T22:10:04.772822+00:00,200,64775.031,
2026-09-20T22:11:02.963742+00:00,200,6585.971,
2026-09-20T22:11:02.303696+00:00,200,7250.304,
2026-09-20T22:11:06.055433+00:00,200,3526.837,
2026-09-20T22:10:44.041440+00:00,200,25588.273,
2026-09-20T22:10:25.791004+00:00,200,43862.538,
2026-09-20T22:10:06.072319+00:00,200,63594.674,
2026-09-20T22:10:33.452580+00:00,200,36200.571,
2026-09-20T22:11:05.036671+00:00,200,4612.23,
2026-09-20T22:10:10.246971+00:00,200,59426.829,
2026-09-20T22:10:54.588614+00:00,200,15066.039,
2026-09-20T22:11:02.267197+00:00,200,7389.115,
2026-09-20T22:10:04.486303+00:00,200,65194.92,
2026-09-20T22:10:00.290503+00:00,200,69393.337,
2026-09-20T22:10:08.988265+00:00,200,60698.176,
2026-09-20T22:11:01.394043+00:00,200,8272.814,
2026-09-20T22:09:44.051019+00:00,200,85641.089,
2026-09-20T22:10:09.454319+00:00,200,60240.516,
2026-09-20T22:10:10.502012+00:00,200,59195.715,
2026-09-20T22:11:05.532816+00:00,200,4145.286,
2026-09-20T22:10:11.289144+00:00,200,58414.638,
2026-09-20T22:11:02.949761+00:00,200,6734.704,
2026-09-20T22:10:39.048642+00:00,200,30643.215,
2026-09-20T22:10:16.547157+00:00,200,53164.583,
2026-09-20T22:10:53.612309+00:00,200,16082.93,
2026-09-20T22:10:17.878751+00:00,200,51837.926,
2026-09-20T22:11:08.136386+00:00,200,1564.337,
2026-09-20T22:10:41.254893+00:00,200,28453.208,
2026-09-20T22:10:59.026819+00:00,200,10681.755,
2026-09-20T22:10:50.095442+00:00,200,19685.726,
2026-09-20T22:10:26.501070+00:00,200,43292.823,
2026-09-20T22:10:53.050844+00:00,200,16737.225,
2026-09-20T22:10:04.121167+00:00,200,65692.045,
2026-09-20T22:10:59.159723+00:00,200,10645.216,
2026-09-20T22:10:50.100227+00:00,200,19771.526,
2026-09-20T22:10:05.096598+00:00,200,64835.255,
2026-09-20T22:09:49.557497+00:00,200,80391.962,
2026-09-20T22:10:22.466472+00:00,200,47499.838,
2026-09-20T22:10:58.094212+00:00,200,11862.633,
2026-09-20T22:10:59.314841+00:00,200,10645.953,
2026-09-20T22:10:25.076909+00:00,200,44899.344,
2026-09-20T22:10:25.353877+00:00,200,44626.361,
2026-09-20T22:10:50.318000+00:00,200,19656.559,
2026-09-20T22:10:35.023101+00:00,200,34959.988,
2026-09-20T22:10:42.990684+00:00,200,26994.067,
2026-09-20T22:09:37.607902+00:00,200,92400.821,
2026-09-20T22:10:23.008211+00:00,200,46995.826,
2026-09-20T22:10:47.879439+00:00,200,22117.643,
2026-09-20T22:11:08.172550+00:00,200,1826.988,
2026-09-20T22:10:13.016449+00:00,200,57010.625,
2026-09-20T22:10:48.527668+00:00,200,21483.629,
2026-09-20T22:10:20.781601+00:00,200,49248.491,
2026-09-20T22:11:08.512374+00:00,200,1586.808,
2026-09-20T22:11:07.988860+00:00,200,2122.523,
2026-09-20T22:09:56.191620+00:00,200,73947.547,
2026-09-20T22:11:08.466292+00:00,200,1655.062,
2026-09-20T22:10:24.273526+00:00,200,45865.698,
2026-09-20T22:10:52.130889+00:00,200,18002.241,
2026-09-20T22:10:47.782886+00:00,200,22356.118,
2026-09-20T22:11:08.089565+00:00,200,2052.417,
2026-09-20T22:10:36.343615+00:00,200,33809.196,
2026-09-20T22:10:43.856899+00:00,200,26298.875,
2026-09-20T22:11:02.488065+00:00,200,7670.325,
2026-09-20T22:10:51.972809+00:00,200,18192.186,
2026-09-20T22:10:57.724085+00:00,200,12445.758,
2026-09-20T22:09:56.297121+00:00,200,73971.675,
2026-09-20T22:10:07.201334+00:00,200,63103.804,
2026-09-20T22:11:05.614633+00:00,200,4673.426,
2026-09-20T22:10:28.764622+00:00,200,41538.219,
2026-09-20T22:09:48.772844+00:00,200,81549.386,
2026-09-20T22:10:12.784714+00:00,200,57543.09,
2026-09-20T22:10:50.331760+00:00,200,20011.742,
2026-09-20T22:11:02.710067+00:00,200,7646.994,
2026-09-20T22:11:00.804481+00:00,200,9616.063,
2026-09-20T22:11:07.860974+00:00,200,2571.33,
2026-09-20T22:10:26.165724+00:00,200,44283.884,
2026-09-20T22:11:08.082807+00:00,200,2361.864,
2026-09-20T22:10:59.811734+00:00,200,10680.847,
2026-09-20T22:10:48.709660+00:00,200,21793.825,
2026-09-20T22:10:04.870461+00:00,200,65672.688,
2026-09-20T22:11:05.631591+00:00,200,4917.473,
2026-09-20T22:10:52.339673+00:00,200,18229.859,
2026-09-20T22:10:43.806784+00:00,200,26802.69,
2026-09-20T22:10:49.097835+00:00,200,21586.738,
2026-09-20T22:11:06.926707+00:00,200,3775.172,
2026-09-20T22:11:00.755943+00:00,200,9968.693,
2026-09-20T22:10:16.412969+00:00,200,54338.917,
2026-09-20T22:10:43.257034+00:00,200,27528.053,
2026-09-20T22:10:41.807327+00:00,200,29020.2,
2026-09-20T22:10:16.766236+00:00,200,54091.539,
2026-09-20T22:10:46.384605+00:00,200,24584.031,
2026-09-20T22:10:24.562981+00:00,200,46427.799,
2026-09-20T22:09:46.633719+00:00,200,84381.045,
2026-09-20T22:10:32.778682+00:00,200,38236.223,
2026-09-20T22:10:28.971393+00:00,200,42065.014,
2026-09-20T22:09:40.690705+00:00,200,90378.855,
2026-09-20T22:10:07.291251+00:00,200,64033.878,
2026-09-20T22:11:01.191516+00:00,200,10120.644,
2026-09-20T22:10:41.657022+00:00,200,29667.818,
2026-09-20T22:10:05.017080+00:00,200,66342.629,
2026-09-20T22:10:02.395886+00:00,200,69033.29,
2026-09-20T22:10:42.792209+00:00,200,28637.076,
2026-09-20T22:10:42.582347+00:00,200,28897.626,
2026-09-20T22:10:20.108831+00:00,200,51483.359,
2026-09-20T22:10:05.660514+00:00,200,65943.933,
2026-09-20T22:10:47.221476+00:00,200,24378.017,
2026-09-20T22:11:08.653976+00:00,200,2968.135,
2026-09-20T22:10:27.066323+00:00,200,44581.854,
2026-09-20T22:10:02.981675+00:00,200,68821.518,
2026-09-20T22:09:51.470596+00:00,200,80341.693,
2026-09-20T22:11:08.807547+00:00,200,2991.135,
2026-09-20T22:10:38.744831+00:00,200,33073.898,
2026-09-20T22:10:50.112585+00:00,200,21712.603,
2026-09-20T22:11:07.166027+00:00,200,4714.503,
2026-09-20T22:10:50.513233+00:00,200,21385.057,
2026-09-20T22:11:00.875711+00:00,200,11037.469,
2026-09-20T22:10:24.032183+00:00,200,47920.271,
2026-09-20T22:10:48.068404+00:00,200,23882.98,
2026-09-20T22:09:41.369434+00:00,200,90643.815,
2026-09-20T22:10:16.540533+00:00,200,55581.524,
2026-09-20T22:11:01.622686+00:00,200,10564.668,
2026-09-20T22:11:02.495159+00:00,200,9735.46,
2026-09-20T22:10:34.406363+00:00,200,37839.541,
2026-09-20T22:10:05.081476+00:00,200,67225.325,
2026-09-20T22:11:02.402894+00:00,200,9897.349,
2026-09-20T22:10:14.021273+00:00,200,58330.009,
2026-09-20T22:11:01.406052+00:00,200,10965.016,
2026-09-20T22:10:42.928732+00:00,200,29454.773,
2026-09-20T22:10:14.885866+00:00,200,57623.898,
2026-09-20T22:10:41.915069+00:00,200,30598.24,
2026-09-20T22:10:27.380183+00:00,200,45189.036,
2026-09-20T22:10:50.326163+00:00,200,22259.877,
2026-09-20T22:10:20.653815+00:00,200,51980.805,
2026-09-20T22:10:58.207980+00:00,200,14452.731,
2026-09-20T22:11:03.689266+00:00,200,9030.04,
2026-09-20T22:10:25.881259+00:00,200,46883.888,
2026-09-20T22:09:59.750388+00:00,200,73054.445,
2026-09-20T22:11:05.361967+00:00,200,7451.649,
2026-09-20T22:10:12.145788+00:00,200,60845.778,
2026-09-20T22:10:20.170637+00:00,200,52831.398,
2026-09-20T22:10:04.293591+00:00,200,68791.838,
2026-09-20T22:10:42.406519+00:00,200,30716.1,
2026-09-20T22:10:31.709764+00:00,200,41429.705,
2026-09-20T22:10:51.134268+00:00,200,22018.135,
2026-09-20T22:10:05.179281+00:00,200,68059.156,
2026-09-20T22:10:33.543643+00:00,200,39688.996,
2026-09-20T22:10:38.288902+00:00,200,34966.678,
2026-09-20T22:11:05.549782+00:00,200,7746.621,
2026-09-20T22:10:48.624449+00:00,200,24717.665,
2026-09-20T22:10:18.898811+00:00,200,54469.338,
2026-09-20T22:10:36.902853+00:00,200,36471.333,
2026-09-20T22:11:08.348336+00:00,200,5030.078,
2026-09-20T22:11:00.407257+00:00,200,13009.85,
2026-09-20T22:09:40.084565+00:00,200,93380.441,
2026-09-20T22:10:45.254239+00:00,200,28219.467,
2026-09-20T22:10:52.323242+00:00,200,21155.68,
2026-09-20T22:09:59.851116+00:00,200,73685.365,
2026-09-20T22:10:07.706335+00:00,200,65940.109,
2026-09-20T22:10:41.930818+00:00,200,31742.636,
2026-09-20T22:11:03.691912+00:00,200,9987.712,
2026-09-20T22:10:58.635051+00:00,200,15064.252,
2026-09-20T22:10:51.847260+00:00,200,21920.079,
2026-09-20T22:11:12.968526+00:00,200,847.876,
2026-09-20T22:10:26.362105+00:00,200,47540.266,
2026-09-20T22:10:23.855932+00:00,200,50192.104,
2026-09-20T22:10:04.932198+00:00,200,69156.951,
2026-09-20T22:10:49.682044+00:00,200,24393.718,
2026-09-20T22:11:09.908925+00:00,200,4219.872,
2026-09-20T22:10:18.666900+00:00,200,55525.682,
2026-09-20T22:09:52.914525+00:00,200,81297.828,
2026-09-20T22:10:58.609016+00:00,200,15598.548,
2026-09-20T22:10:42.977853+00:00,200,31258.362,
2026-09-20T22:10:44.879232+00:00,200,29395.672,
2026-09-20T22:10:58.231654+00:00,200,16150.56,
2026-09-20T22:11:08.972853+00:00,200,5473.581,
2026-09-20T22:10:37.489754+00:00,200,36989.029,
2026-09-20T22:10:42.046344+00:00,200,32443.932,
2026-09-20T22:10:42.426298+00:00,200,32074.336,
2026-09-20T22:11:09.099602+00:00,200,5413.009,
2026-09-20T22:10:35.199525+00:00,200,39334.809,
2026-09-20T22:10:02.891245+00:00,200,71699.62,
2026-09-20T22:11:03.938693+00:00,200,10637.4,
2026-09-20T22:10:44.090429+00:00,200,30493.82,
2026-09-20T22:10:50.893482+00:00,200,23699.93,
2026-09-20T22:10:41.930115+00:00,200,32683.383,
2026-09-20T22:10:02.532916+00:00,200,72107.494,
2026-09-20T22:10:45.222739+00:00,200,29472.953,
2026-09-20T22:11:07.382879+00:00,200,7331.662,
2026-09-20T22:10:58.189127+00:00,200,16547.384,
2026-09-20T22:10:42.269212+00:00,200,32486.719,
2026-09-20T22:10:52.998794+00:00,200,21764.58,
2026-09-20T22:11:14.128593+00:00,200,652.057,
2026-09-20T22:10:44.858473+00:00,200,29958.791,
2026-09-20T22:11:00.624989+00:00,200,14192.736,
2026-09-20T22:11:10.965904+00:00,200,3878.019,
2026-09-20T22:10:24.587594+00:00,200,50288.54,
2026-09-20T22:10:58.421815+00:00,200,16483.609,
2026-09-20T22:10:57.649264+00:00,200,17274.647,
2026-09-20T22:10:35.563047+00:00,200,39422.264,
2026-09-20T22:11:00.905204+00:00,200,14088.073,
2026-09-20T22:10:39.698403+00:00,200,35300.904,
2026-09-20T22:11:08.836124+00:00,200,6177.494,
2026-09-20T22:11:13.816367+00:00,200,1205.273,
2026-09-20T22:11:02.208994+00:00,200,12816.264,
2026-09-20T22:10:37.917454+00:00,200,37121.087,
2026-09-20T22:10:04.464816+00:00,200,70600.116,
2026-09-20T22:10:06.473068+00:00,200,68612.516,
2026-09-20T22:09:51.858824+00:00,200,83236.344,
2026-09-20T22:10:42.442170+00:00,200,32651.059,
2026-09-20T22:10:42.960294+00:00,200,32176.853,
2026-09-20T22:11:10.520187+00:00,200,4621.81,
2026-09-20T22:10:49.818933+00:00,200,25331.716,
2026-09-20T22:10:25.283372+00:00,200,49887.029,
2026-09-20T22:10:43.408949+00:00,200,31759.744,
2026-09-20T22:10:02.035748+00:00,200,73155.956,
2026-09-20T22:10:41.777950+00:00,200,33411.35,
2026-09-20T22:10:58.487533+00:00,200,16713.995,
2026-09-20T22:10:58.685527+00:00,200,16519.922,
2026-09-20T22:10:03.823785+00:00,200,71407.393,
2026-09-20T22:10:12.773939+00:00,200,62463.829,
2026-09-20T22:11:10.121263+00:00,200,5102.023,
2026-09-20T22:10:41.231223+00:00,200,34012.135,
2026-09-20T22:10:15.523053+00:00,200,59784.982,
2026-09-20T22:11:02.114266+00:00,200,13184.117,
2026-09-20T22:10:51.665439+00:00,200,23641.527,
2026-09-20T22:11:14.034684+00:00,200,1288.926,
2026-09-20T22:11:09.028936+00:00,200,6299.792,
2026-09-20T22:10:34.442776+00:00,200,40903.791,
2026-09-20T22:11:03.708142+00:00,200,11640.249,
2026-09-20T22:09:39.529577+00:00,200,95858.309,
2026-09-20T22:10:24.826037+00:00,200,50559.553,
2026-09-20T22:10:53.489784+00:00,200,21886.313,
2026-09-20T22:11:07.770868+00:00,200,7614.075,
2026-09-20T22:10:35.411775+00:00,200,39983.187,
2026-09-20T22:10:17.955742+00:00,200,57457.579,
2026-09-20T22:10:02.786398+00:00,200,72639.995,
2026-09-20T22:10:04.163058+00:00,200,71275.536,
2026-09-20T22:10:53.186086+00:00,200,22241.578,
2026-09-20T22:11:13.669505+00:00,200,1759.255,
2026-09-20T22:11:07.851195+00:00,200,7605.092,
2026-09-20T22:10:53.017689+00:00,200,22445.215,
2026-09-20T22:10:19.896813+00:00,200,55584.751,
2026-09-20T22:10:24.438089+00:00,200,51049.819,
2026-09-20T22:10:18.113362+00:00,200,57384.866,
2026-09-20T22:11:02.400619+00:00,200,13082.252,
2026-09-20T22:10:25.447109+00:00,200,50061.374,
2026-09-20T22:10:59.593404+00:00,200,15905.789,
2026-09-20T22:11:02.492769+00:00,200,13009.106,
2026-09-20T22:10:53.291176+00:00,200,22215.694,
2026-09-20T22:10:48.968893+00:00,200,26546.743,
2026-09-20T22:10:38.989276+00:00,200,36535.671,
2026-09-20T22:11:00.058232+00:00,200,15467.831,
2026-09-20T22:10:04.656295+00:00,200,70897.518,
2026-09-20T22:11:07.631466+00:00,200,7924.339,
2026-09-20T22:10:58.577735+00:00,200,16980.26,
2026-09-20T22:10:46.532367+00:00,200,29028.834,
2026-09-20T22:09:49.341540+00:00,200,86251.542,
2026-09-20T22:10:53.347985+00:00,200,22241.282,
2026-09-20T22:10:08.464222+00:00,200,67147.572,
2026-09-20T22:11:09.697181+00:00,200,5894.561,
2026-09-20T22:10:34.773607+00:00,200,40830.433,
2026-09-20T22:10:00.890973+00:00,200,74733.528,
2026-09-20T22:11:09.465846+00:00,200,6138.705,
2026-09-20T22:11:12.100653+00:00,200,3520.153,
2026-09-20T22:10:26.354459+00:00,200,49295.612,
2026-09-20T22:10:18.766454+00:00,200,56897.588,
2026-09-20T22:10:15.421187+00:00,200,60259.633,
2026-09-20T22:10:42.369425+00:00,200,33295.656,
2026-09-20T22:10:33.597178+00:00,200,42073.104,
2026-09-20T22:11:05.467189+00:00,200,10213.169,
2026-09-20T22:10:24.959986+00:00,200,50734.843,
2026-09-20T22:10:19.891557+00:00,200,55812.872,
2026-09-20T22:10:24.304912+00:00,200,51404.293,
2026-09-20T22:09:44.754431+00:00,200,90968.483,
2026-09-20T22:10:04.767374+00:00,200,70975.309,
2026-09-20T22:10:49.340616+00:00,200,26390.823,
2026-09-20T22:11:01.789701+00:00,200,13948.461,
2026-09-20T22:11:12.985105+00:00,200,2754.362,
2026-09-20T22:10:32.200374+00:00,200,43552.007,
2026-09-20T22:11:03.328236+00:00,200,12428.547,
2026-09-20T22:10:05.175809+00:00,200,70611.134,
2026-09-20T22:10:24.620789+00:00,200,51160.482,
2026-09-20T22:10:07.024139+00:00,200,68770.621,
2026-09-20T22:09:49.456563+00:00,200,86346.978,
2026-09-20T22:10:39.794736+00:00,200,35997.657,
2026-09-20T22:10:36.519982+00:00,200,39276.846,
2026-09-20T22:10:58.226135+00:00,200,17571.069,
2026-09-20T22:10:53.094192+00:00,200,22705.102,
2026-09-20T22:10:35.216665+00:00,200,40596.075,
2026-09-20T22:11:09.700635+00:00,200,6107.594,
2026-09-20T22:10:35.263153+00:00,200,40566.533,
2026-09-20T22:10:43.455580+00:00,200,32374.534,
2026-09-20T22:09:58.556515+00:00,200,77294.768,
2026-09-20T22:10:35.313183+00:00,200,40526.074,
2026-09-20T22:11:11.621953+00:00,200,4225.241,
2026-09-20T22:11:00.189653+00:00,200,15663.658,
2026-09-20T22:10:31.655953+00:00,200,44206.952,
2026-09-20T22:10:47.155178+00:00,200,28719.414,
2026-09-20T22:11:07.985147+00:00,200,7895.257,
2026-09-20T22:10:05.075888+00:00,200,70833.03,
2026-09-20T22:10:42.651135+00:00,200,33240.829,
2026-09-20T22:10:40.964360+00:00,200,34932.309,
2026-09-20T22:10:45.710891+00:00,200,30189.625,
2026-09-20T22:10:30.944913+00:00,200,44970.979,
2026-09-20T22:11:15.719480+00:00,200,193.836,
2026-09-20T22:11:03.265637+00:00,200,12655.88,
2026-09-20T22:11:04.847516+00:00,200,11076.269,
2026-09-20T22:10:30.270613+00:00,200,45672.985,
2026-09-20T22:11:10.444540+00:00,200,5493.852,
2026-09-20T22:10:40.039036+00:00,200,35909.354,
2026-09-20T22:10:07.866007+00:00,200,68107.337,
2026-09-20T22:10:18.335859+00:00,200,57650.564,
2026-09-20T22:10:50.443278+00:00,200,25531.317,
2026-09-20T22:10:18.281935+00:00,200,57713.505,
2026-09-20T22:10:09.313071+00:00,200,66696.937,
2026-09-20T22:10:38.092565+00:00,200,37908.156,
2026-09-20T22:09:38.620765+00:00,200,97424.261,
2026-09-20T22:11:15.807942+00:00,200,215.542,
2026-09-20T22:10:25.841231+00:00,200,50222.444,
2026-09-20T22:10:50.300498+00:00,200,25773.381,
2026-09-20T22:11:06.474834+00:00,200,9599.208,
2026-09-20T22:11:15.168509+00:00,200,907.405,
2026-09-20T22:11:03.606656+00:00,200,12472.331,
2026-09-20T22:11:15.501117+00:00,200,578.085,
2026-09-20T22:10:03.340171+00:00,200,72763.153,
2026-09-20T22:11:10.116177+00:00,200,5983.767,
2026-09-20T22:10:29.790002+00:00,200,46320.627,
2026-09-20T22:11:00.303676+00:00,200,15807.087,
2026-09-20T22:11:11.912444+00:00,200,4202.527,
2026-09-20T22:10:42.279912+00:00,200,33845.311,
2026-09-20T22:11:07.960863+00:00,200,8162.559,
2026-09-20T22:11:09.189127+00:00,200,6961.525,
2026-09-20T22:11:02.354671+00:00,200,13808.512,
2026-09-20T22:10:44.516322+00:00,200,31650.419,
2026-09-20T22:10:43.280213+00:00,200,32887.819,
2026-09-20T22:11:08.339936+00:00,200,7842.035,
2026-09-20T22:11:07.445041+00:00,200,8737.975,
2026-09-20T22:11:02.997796+00:00,200,13186.599,
2026-09-20T22:10:30.192705+00:00,200,46000.89,
2026-09-20T22:10:33.940113+00:00,200,42263.855,
2026-09-20T22:11:08.257915+00:00,200,7941.914,
2026-09-20T22:10:58.660779+00:00,200,17548.774,
2026-09-20T22:10:13.528623+00:00,200,62704.323,
2026-09-20T22:11:15.892348+00:00,200,338.195,
2026-09-20T22:10:58.930660+00:00,200,17305.699,
2026-09-20T22:10:28.815214+00:00,200,47431.183,
2026-09-20T22:10:07.280359+00:00,200,68985.436,
2026-09-20T22:11:15.934764+00:00,200,330.69,
2026-09-20T22:11:11.320928+00:00,200,4954.883,
2026-09-20T22:10:05.094759+00:00,200,71207.805,
2026-09-20T22:10:27.390354+00:00,200,48917.775,
2026-09-20T22:10:35.676406+00:00,200,40636.676,
2026-09-20T22:11:15.556879+00:00,200,757.053,
2026-09-20T22:11:01.429101+00:00,200,14903.729,
2026-09-20T22:10:41.158552+00:00,200,35194.769,
2026-09-20T22:11:16.099668+00:00,200,256.702,
2026-09-20T22:10:51.836655+00:00,200,24563.211,
2026-09-20T22:10:04.750414+00:00,200,71673.138,
2026-09-20T22:10:36.582661+00:00,200,39825.241,
2026-09-20T22:10:35.078617+00:00,200,41340.448,
2026-09-20T22:10:17.576127+00:00,200,58862.251,
2026-09-20T22:09:56.308452+00:00,200,80181.939,
2026-09-20T22:11:08.054259+00:00,200,8423.022,
2026-09-20T22:10:49.255190+00:00,200,27227.421,
2026-09-20T22:10:58.269045+00:00,200,18214.094,
2026-09-20T22:10:04.650080+00:00,200,71879.661,
2026-09-20T22:10:19.034142+00:00,200,57495.164,
2026-09-20T22:11:08.636541+00:00,200,7879.109,
2026-09-20T22:11:09.132675+00:00,200,7384.673,
2026-09-20T22:11:06.204188+00:00,200,10325.335,
2026-09-20T22:10:42.943317+00:00,200,33611.185,
2026-09-20T22:10:45.301069+00:00,200,31254.656,
2026-09-20T22:09:37.667865+00:00,200,98909.903,
2026-09-20T22:10:40.488324+00:00,200,36104.516,
2026-09-20T22:11:01.741559+00:00,200,14850.463,
2026-09-20T22:11:01.200446+00:00,200,15393.579,
2026-09-20T22:10:08.928702+00:00,200,67689.7,
2026-09-20T22:10:01.915094+00:00,200,74705.384,
2026-09-20T22:10:35.312111+00:00,200,41293.558,
2026-09-20T22:10:23.794953+00:00,200,52820.038,
2026-09-20T22:10:34.945861+00:00,200,41664.513,
2026-09-20T22:11:02.045919+00:00,200,14561.097,
2026-09-20T22:10:47.308158+00:00,200,29304.894,
2026-09-20T22:10:49.932008+00:00,200,26691.735,
2026-09-20T22:10:26.080849+00:00,200,50576.171,
2026-09-20T22:11:01.250004+00:00,200,15410.043,
2026-09-20T22:10:30.290029+00:00,200,46380.556,
2026-09-20T22:11:11.637472+00:00,200,5027.173,
2026-09-20T22:10:59.116953+00:00,200,17551.335,
2026-09-20T22:11:10.341545+00:00,200,6328.767,
2026-09-20T22:10:05.324153+00:00,200,71373.799,
2026-09-20T22:11:03.511513+00:00,200,13209.344,
2026-09-20T22:09:57.206866+00:00,200,79559.37,
2026-09-20T22:11:07.342082+00:00,200,9415.288,
2026-09-20T22:10:42.276773+00:00,200,34497.042,
2026-09-20T22:10:50.463780+00:00,200,26317.105,
2026-09-20T22:11:15.364552+00:00,200,1417.147,
2026-09-20T22:10:42.741314+00:00,200,34051.843,
2026-09-20T22:09:45.272963+00:00,200,91550.374,
2026-09-20T22:11:10.245800+00:00,200,6571.241,
2026-09-20T22:10:04.815474+00:00,200,72087.326,
2026-09-20T22:10:34.400078+00:00,200,42499.292,
2026-09-20T22:10:57.559998+00:00,200,19336.861,
2026-09-20T22:11:09.473196+00:00,200,7425.745,
2026-09-20T22:10:24.377997+00:00,200,52536.679,
2026-09-20T22:10:05.906441+00:00,200,71021.533,
2026-09-20T22:10:50.346403+00:00,200,26563.78,
2026-09-20T22:10:44.987927+00:00,200,31926.591,
2026-09-20T22:11:11.880269+00:00,200,5034.545,
2026-09-20T22:11:08.638291+00:00,200,8280.135,
2026-09-20T22:11:08.801914+00:00,200,8119.986,
2026-09-20T22:09:59.355862+00:00,200,77592.358,
2026-09-20T22:10:03.482331+00:00,200,73469.36,
2026-09-20T22:10:01.011599+00:00,200,75943.749,
2026-09-20T22:11:09.215421+00:00,200,7720.775,
2026-09-20T22:10:33.672878+00:00,200,43273.786,
2026-09-20T22:10:45.334710+00:00,200,31622.338,
2026-09-20T22:10:04.877848+00:00,200,72103.402,
2026-09-20T22:10:04.637459+00:00,200,72407.501,
2026-09-20T22:10:14.769046+00:00,200,62279.965,
2026-09-20T22:11:06.764940+00:00,200,10265.487,
2026-09-20T22:10:05.220175+00:00,200,71837.181,
2026-09-20T22:11:14.922722+00:00,200,2115.781,
2026-09-20T22:11:08.551999+00:00,200,8491.109,
2026-09-20T22:10:32.652141+00:00,200,44402.609,
2026-09-20T22:10:43.917060+00:00,200,33138.146,
2026-09-20T22:10:49.583270+00:00,200,27475.335,
2026-09-20T22:10:07.568419+00:00,200,69515.532,
2026-09-20T22:10:57.733958+00:00,200,19332.655,
2026-09-20T22:11:08.552846+00:00,200,8517.557,
2026-09-20T22:11:16.356362+00:00,200,794.967,
2026-09-20T22:11:02.301948+00:00,200,14854.867,
2026-09-20T22:09:45.545914+00:00,200,91638.161,
2026-09-20T22:11:00.553320+00:00,200,16703.26,
2026-09-20T22:10:55.246399+00:00,200,22015.55,
2026-09-20T22:10:17.535865+00:00,200,59749.602,
2026-09-20T22:11:15.033262+00:00,200,2236.881,
2026-09-20T22:11:14.843744+00:00,200,2431.386,
2026-09-20T22:10:31.315596+00:00,200,45972.702,
2026-09-20T22:11:08.877323+00:00,200,8407.968,
2026-09-20T22:11:15.214633+00:00,200,2075.371,
2026-09-20T22:11:08.816667+00:00,200,8478.724,
2026-09-20T22:10:16.810451+00:00,200,60511.003,
2026-09-20T22:11:11.425676+00:00,200,5879.985,
2026-09-20T22:10:04.922962+00:00,200,72432.375,
2026-09-20T22:10:46.904719+00:00,200,30443.621,
2026-09-20T22:11:00.639856+00:00,200,16725.11,
2026-09-20T22:10:04.034720+00:00,200,73390.206,
2026-09-20T22:10:36.917654+00:00,200,40514.45,
2026-09-20T22:10:58.653790+00:00,200,18801.261,
2026-09-20T22:11:01.782766+00:00,200,15680.472,
2026-09-20T22:11:03.091353+00:00,200,14380.306,
2026-09-20T22:10:38.950661+00:00,200,38599.507,
2026-09-20T22:10:44.729435+00:00,200,32839.296,
2026-09-20T22:10:35.753208+00:00,200,41934.561,
2026-09-20T22:11:03.033116+00:00,200,14654.836,
2026-09-20T22:09:51.784940+00:00,200,85953.206,
2026-09-20T22:10:52.329542+00:00,200,25429.826,
2026-09-20T22:10:48.999355+00:00,200,28814.661,
2026-09-20T22:10:42.017181+00:00,200,35868.116,
2026-09-20T22:10:51.345226+00:00,200,26543.621,
2026-09-20T22:11:00.959265+00:00,200,16955.902,
2026-09-20T22:10:27.193801+00:00,200,50736.772,
2026-09-20T22:10:41.540572+00:00,200,36467.768,
2026-09-20T22:11:07.933590+00:00,200,10101.301,
2026-09-20T22:10:21.478460+00:00,200,56608.07,
2026-09-20T22:11:01.589634+00:00,200,16571.382,
2026-09-20T22:10:52.617992+00:00,200,25560.112,
2026-09-20T22:10:44.430716+00:00,200,33767.748,
2026-09-20T22:11:09.869781+00:00,200,8350.062,
2026-09-20T22:11:09.687226+00:00,200,8551.678,
2026-09-20T22:11:01.819655+00:00,200,16436.996,
2026-09-20T22:11:15.943785+00:00,200,2383.223,
2026-09-20T22:10:01.210258+00:00,200,77145.464,
2026-09-20T22:10:42.229723+00:00,200,36142.641,
2026-09-20T22:10:13.957086+00:00,200,64456.604,
2026-09-20T22:11:08.943487+00:00,200,9461.456,
2026-09-20T22:11:16.183648+00:00,200,2229.247,
2026-09-20T22:11:15.682337+00:00,200,2805.731,
2026-09-20T22:10:28.558235+00:00,200,49956.235,
2026-09-20T22:10:53.011319+00:00,200,25514.634,
2026-09-20T22:10:16.959375+00:00,200,61593.977,
2026-09-20T22:10:17.101287+00:00,200,61529.004,
2026-09-20T22:11:09.782879+00:00,200,8857.256,
2026-09-20T22:09:55.467189+00:00,200,83257.494,
2026-09-20T22:11:16.235249+00:00,200,2519.132,
2026-09-20T22:10:46.603852+00:00,200,32231.195,
2026-09-20T22:10:42.447433+00:00,200,36399.456,
2026-09-20T22:10:44.934690+00:00,200,33935.874,
2026-09-20T22:11:11.948939+00:00,200,6940.747,
2026-09-20T22:11:03.037461+00:00,200,15869.405,
2026-09-20T22:10:58.072280+00:00,200,20893.192,
2026-09-20T22:10:40.884749+00:00,200,38097.856,
2026-09-20T22:10:34.939190+00:00,200,44050.952,
2026-09-20T22:11:08.632569+00:00,200,10377.013,
2026-09-20T22:10:40.009000+00:00,200,39041.72,
2026-09-20T22:11:00.043223+00:00,200,19034.081,
2026-09-20T22:11:04.307900+00:00,200,14786.707,
2026-09-20T22:11:11.596900+00:00,200,7543.882,
2026-09-20T22:10:35.099836+00:00,200,44061.802,
2026-09-20T22:11:10.781634+00:00,200,8401.471,
2026-09-20T22:09:41.794130+00:00,200,97451.074,
2026-09-20T22:11:08.910955+00:00,200,10322.64,
2026-09-20T22:10:58.856429+00:00,200,20455.572,
2026-09-20T22:10:08.035704+00:00,200,71324.794,
2026-09-20T22:11:13.215346+00:00,200,6242.8,
2026-09-20T22:11:00.651355+00:00,200,18826.556,
2026-09-20T22:10:08.426514+00:00,200,71104.002,
2026-09-20T22:11:07.904721+00:00,200,11626.05,
2026-09-20T22:11:09.091043+00:00,200,10465.414,
2026-09-20T22:10:33.526930+00:00,200,46125.631,
2026-09-20T22:10:34.843397+00:00,200,44816.894,
2026-09-20T22:11:15.950150+00:00,200,3725.575,
2026-09-20T22:11:17.255585+00:00,200,2519.874,
2026-09-20T22:10:15.612107+00:00,200,64302.286,
2026-09-20T22:10:52.305852+00:00,200,27592.905,
2026-09-20T22:11:19.093855+00:00,200,816.406,
2026-09-20T22:09:39.210700+00:00,200,100818.448,
2026-09-20T22:09:57.089443+00:00,200,82970.992,
2026-09-20T22:10:28.604667+00:00,200,51492.503,
2026-09-20T22:11:16.907930+00:00,200,3187.847,
2026-09-20T22:11:06.209963+00:00,200,13906.526,
2026-09-20T22:11:05.269739+00:00,200,14877.839,
2026-09-20T22:11:07.064261+00:00,200,13088.938,
2026-09-20T22:10:04.457335+00:00,200,75738.612,
2026-09-20T22:10:50.593142+00:00,200,29610.678,
2026-09-20T22:10:51.448128+00:00,200,28787.646,
2026-09-20T22:11:15.089361+00:00,200,5161.538,
2026-09-20T22:10:05.145811+00:00,200,75156.824,
2026-09-20T22:10:31.293668+00:00,200,49106.731,
2026-09-20T22:11:09.677849+00:00,200,10751.405,
2026-09-20T22:11:10.730375+00:00,200,9780.307,
2026-09-20T22:10:44.703741+00:00,200,35856.341,
2026-09-20T22:10:54.934011+00:00,200,25630.046,
2026-09-20T22:11:18.034417+00:00,200,2542.381,
2026-09-20T22:10:35.963021+00:00,200,44625.57,
2026-09-20T22:10:35.877933+00:00,200,44719.542,
2026-09-20T22:10:55.961841+00:00,200,24660.712,
2026-09-20T22:10:24.014059+00:00,200,56706.193,
2026-09-20T22:10:07.172152+00:00,200,73563.617,
2026-09-20T22:11:17.294996+00:00,200,3489.144,
2026-09-20T22:10:48.735898+00:00,200,32100.309,
2026-09-20T22:10:14.102520+00:00,200,66780.309,
2026-09-20T22:10:20.086544+00:00,200,60868.589,
2026-09-20T22:11:07.911888+00:00,200,13035.13,
2026-09-20T22:11:03.107200+00:00,200,17981.377,
2026-09-20T22:10:50.017545+00:00,200,31080.61,
2026-09-20T22:09:41.328474+00:00,200,99796.231,
2026-09-20T22:10:01.633334+00:00,200,79530.715,
2026-09-20T22:10:44.964440+00:00,200,36201.934,
2026-09-20T22:10:19.508170+00:00,200,61683.886,
2026-09-20T22:10:34.035306+00:00,200,47181.118,
2026-09-20T22:10:24.442055+00:00,200,56798.177,
2026-09-20T22:10:38.902693+00:00,200,42347.236,
2026-09-20T22:11:16.778657+00:00,200,4492.758,
2026-09-20T22:11:20.510279+00:00,200,782.49,
2026-09-20T22:10:15.279620+00:00,200,66125.757,
2026-09-20T22:10:43.517803+00:00,200,37886.445,
2026-09-20T22:10:45.147626+00:00,200,36349.3,
2026-09-20T22:11:15.374381+00:00,200,6128.367,
2026-09-20T22:11:00.431722+00:00,200,21101.081,
2026-09-20T22:10:58.733004+00:00,200,22806.946,
2026-09-20T22:10:35.054362+00:00,200,46528.375,
2026-09-20T22:10:46.734827+00:00,200,34853.119,
2026-09-20T22:10:38.486426+00:00,200,43118.704,
2026-09-20T22:10:33.167113+00:00,200,48529.224,
2026-09-20T22:10:06.230377+00:00,200,75486.918,
2026-09-20T22:10:35.667605+00:00,200,46050.694,
2026-09-20T22:11:02.125061+00:00,200,19594.52,
2026-09-20T22:10:24.322508+00:00,200,57444.114,
2026-09-20T22:11:15.339887+00:00,200,6425.563,
2026-09-20T22:09:54.571465+00:00,200,87238.626,
2026-09-20T22:11:08.578359+00:00,200,13258.502,
2026-09-20T22:10:59.098451+00:00,200,22750.326,
2026-09-20T22:11:01.978453+00:00,200,19874.886,
2026-09-20T22:10:43.850040+00:00,200,38082.579,
2026-09-20T22:11:19.775372+00:00,200,2161.42,
2026-09-20T22:11:04.681447+00:00,200,17268.354,
2026-09-20T22:10:43.979841+00:00,200,37993.808,
2026-09-20T22:11:15.347733+00:00,200,6625.958,
2026-09-20T22:10:34.557059+00:00,200,47426.878,
2026-09-20T22:10:42.902105+00:00,200,39107.586,
2026-09-20T22:11:21.576097+00:00,200,454.614,
2026-09-20T22:11:15.657682+00:00,200,6382.637,
2026-09-20T22:10:56.671710+00:00,200,25383.083,
2026-09-20T22:10:53.037432+00:00,200,29027.204,
2026-09-20T22:10:08.183682+00:00,200,73916.456,
2026-09-20T22:11:01.402973+00:00,200,20682.627,
2026-09-20T22:11:15.071917+00:00,200,7023.333,
2026-09-20T22:11:16.918035+00:00,200,5193.426,
2026-09-20T22:10:59.144349+00:00,200,22969.772,
2026-09-20T22:10:01.955124+00:00,200,80197.502,
2026-09-20T22:10:53.364807+00:00,200,28771.695,
2026-09-20T22:10:59.096000+00:00,200,23045.29,
2026-09-20T22:11:03.385163+00:00,200,18761.668,
2026-09-20T22:10:42.217274+00:00,200,39935.942,
2026-09-20T22:10:45.252293+00:00,200,36910.803,
2026-09-20T22:11:01.026278+00:00,200,21146.047,
2026-09-20T22:11:00.197047+00:00,200,21985.621,
2026-09-20T22:10:18.670323+00:00,200,63550.448,
2026-09-20T22:10:35.739302+00:00,200,46471.765,
2026-09-20T22:10:53.263605+00:00,200,28951.677,
2026-09-20T22:10:28.635613+00:00,200,53626.481,
2026-09-20T22:11:08.384954+00:00,200,13882.18,
2026-09-20T22:10:12.252784+00:00,200,70044.058,
2026-09-20T22:11:16.073551+00:00,200,6225.56,
2026-09-20T22:11:02.307279+00:00,200,20017.236,
2026-09-20T22:10:02.577035+00:00,200,79772.062,
2026-09-20T22:10:33.262231+00:00,200,49078.63,
2026-09-20T22:11:14.692529+00:00,200,7655.69,
2026-09-20T22:10:42.918844+00:00,200,39434.821,
2026-09-20T22:10:49.160392+00:00,200,33200.365,
2026-09-20T22:11:08.873501+00:00,200,13489.518,
2026-09-20T22:10:46.565134+00:00,200,35802.938,
2026-09-20T22:11:07.675070+00:00,200,14709.121,
2026-09-20T22:11:08.654701+00:00,200,13731.639,
2026-09-20T22:11:06.298610+00:00,200,16092.755,
2026-09-20T22:09:55.896087+00:00,200,86519.026,
2026-09-20T22:11:16.208416+00:00,200,6189.344,
2026-09-20T22:11:08.393460+00:00,200,14021.847,
2026-09-20T22:10:51.503526+00:00,200,30917.129,
2026-09-20T22:11:22.201752+00:00,200,221.905,
2026-09-20T22:10:49.033646+00:00,200,33407.162,
2026-09-20T22:09:56.228101+00:00,200,86234.705,
2026-09-20T22:10:05.107601+00:00,200,77360.276,
2026-09-20T22:10:16.786651+00:00,200,65706.742,
2026-09-20T22:11:15.852338+00:00,200,6621.872,
2026-09-20T22:11:07.712070+00:00,200,14765.433,
2026-09-20T22:10:42.202368+00:00,200,40287.564,
2026-09-20T22:11:22.298898+00:00,200,190.028,
2026-09-20T22:10:38.886451+00:00,200,43609.492,
2026-09-20T22:11:04.674712+00:00,200,17827.554,
2026-09-20T22:10:51.043287+00:00,200,31493.865,
2026-09-20T22:10:59.030056+00:00,200,23514.524,
2026-09-20T22:11:19.530242+00:00,200,3027.112,
2026-09-20T22:11:12.753514+00:00,200,9816.714,
2026-09-20T22:10:40.213802+00:00,200,42367.253,
2026-09-20T22:10:37.128807+00:00,200,45465.613,
2026-09-20T22:10:11.664443+00:00,200,70952.226,
2026-09-20T22:10:54.832557+00:00,200,27764.068,
2026-09-20T22:11:09.671946+00:00,200,12938.635,
2026-09-20T22:11:00.918255+00:00,200,21694.109,
2026-09-20T22:11:18.504490+00:00,200,4107.726,
2026-09-20T22:10:58.646619+00:00,200,23968.48,
2026-09-20T22:11:09.650917+00:00,200,12975.144,
2026-09-20T22:10:38.294857+00:00,200,44337.532,
2026-09-20T22:11:05.157400+00:00,200,17474.461,
2026-09-20T22:11:19.457905+00:00,200,3176.331,
2026-09-20T22:10:52.730389+00:00,200,29918.57,
2026-09-20T22:10:34.047906+00:00,200,48611.7,
2026-09-20T22:11:21.852311+00:00,200,818.962,
2026-09-20T22:11:17.453865+00:00,200,5219.8,
2026-09-20T22:10:04.843181+00:00,200,77858.098,
2026-09-20T22:09:47.450050+00:00,200,95257.973,
2026-09-20T22:10:41.166241+00:00,200,41530.797,
2026-09-20T22:10:57.491884+00:00,200,25203.745,
2026-09-20T22:10:48.907389+00:00,200,33813.827,
2026-09-20T22:11:09.641997+00:00,200,13084.301,
2026-09-20T22:11:18.238524+00:00,200,4492.067,
2026-09-20T22:11:22.557261+00:00,200,182.843,
2026-09-20T22:10:30.882095+00:00,200,51869.38,
2026-09-20T22:10:18.418831+00:00,200,64360.515,
2026-09-20T22:10:39.187750+00:00,200,43578.858,
2026-09-20T22:10:58.030187+00:00,200,24745.764,
2026-09-20T22:10:17.160381+00:00,200,65638.747,
2026-09-20T22:11:10.126424+00:00,200,12664.782,
2026-09-20T22:10:19.701302+00:00,200,63120.673,
2026-09-20T22:10:50.921551+00:00,200,31895.168,
2026-09-20T22:11:02.145004+00:00,200,20673.736,
2026-09-20T22:09:54.535977+00:00,200,88318.539,
2026-09-20T22:10:51.229059+00:00,200,31608.836,
2026-09-20T22:11:21.502530+00:00,200,1340.576,
2026-09-20T22:11:12.509409+00:00,200,10339.645,
2026-09-20T22:10:52.099288+00:00,200,30761.377,
2026-09-20T22:11:02.398384+00:00,200,20465.727,
2026-09-20T22:11:20.582362+00:00,200,2295.028,
2026-09-20T22:10:18.389498+00:00,200,64514.107,
2026-09-20T22:11:20.146857+00:00,200,2746.747,
2026-09-20T22:10:17.461547+00:00,200,65453.386,
2026-09-20T22:11:20.576713+00:00,200,2319.932,
2026-09-20T22:11:08.630296+00:00,200,14267.876,
2026-09-20T22:11:08.874674+00:00,200,14033.706,
2026-09-20T22:11:16.306888+00:00,200,6605.925,
2026-09-20T22:11:09.198352+00:00,200,13734.478,
2026-09-20T22:10:18.855502+00:00,200,64099.707,
2026-09-20T22:11:22.760008+00:00,200,182.592,
2026-09-20T22:10:59.827037+00:00,200,23118.175,
2026-09-20T22:11:05.843726+00:00,200,17105.514,
2026-09-20T22:11:15.328423+00:00,200,7628.386,
2026-09-20T22:10:42.922679+00:00,200,40042.97,
2026-09-20T22:11:22.778162+00:00,200,185.665,
2026-09-20T22:10:42.838932+00:00,200,40138.042,
2026-09-20T22:10:58.065540+00:00,200,24911.415,
2026-09-20T22:11:22.790701+00:00,200,189.347,
2026-09-20T22:11:22.814360+00:00,200,188.898,
2026-09-20T22:10:14.751878+00:00,200,68282.111,
2026-09-20T22:11:07.983759+00:00,200,15044.372,
2026-09-20T22:10:32.363435+00:00,200,50681.424,
2026-09-20T22:10:58.439833+00:00,200,24611.659,
2026-09-20T22:11:13.765457+00:00,200,9287.735,
2026-09-20T22:11:20.201491+00:00,200,2859.883,
2026-09-20T22:11:16.236664+00:00,200,6830.683,
2026-09-20T22:10:07.368712+00:00,200,75730.052,
2026-09-20T22:10:05.316685+00:00,200,77798.416,
2026-09-20T22:10:59.292373+00:00,200,23810.34,
2026-09-20T22:11:09.779201+00:00,200,13329.679,
2026-09-20T22:11:00.238468+00:00,200,22873.958,
2026-09-20T22:11:02.554414+00:00,200,20561.579,
2026-09-20T22:10:20.090817+00:00,200,63051.65,
2026-09-20T22:11:01.123647+00:00,200,22009.636,
2026-09-20T22:10:51.177638+00:00,200,31958.21,
2026-09-20T22:10:34.602703+00:00,200,48544.074,
2026-09-20T22:10:47.119423+00:00,200,36030.597,
2026-09-20T22:10:17.956849+00:00,200,65212.817,
2026-09-20T22:10:07.768383+00:00,200,75417.77,
2026-09-20T22:10:44.653697+00:00,200,38515.929,
2026-09-20T22:11:00.295396+00:00,200,22880.734,
2026-09-20T22:11:02.004172+00:00,200,21174.859,
2026-09-20T22:11:06.956623+00:00,200,16231.059,
2026-09-20T22:10:17.161883+00:00,200,66048.572,
2026-09-20T22:11:07.277478+00:00,200,15924.407,
2026-09-20T22:11:09.142059+00:00,200,14065.582,
2026-09-20T22:11:01.334897+00:00,200,21877.915,
2026-09-20T22:11:05.190003+00:00,200,18026.046,
2026-09-20T22:11:16.935838+00:00,200,6287.072,
2026-09-20T22:11:00.782090+00:00,200,22446.997,
2026-09-20T22:11:09.968336+00:00,200,13270.862,
2026-09-20T22:10:06.449816+00:00,200,76820.145,
2026-09-20T22:10:33.983283+00:00,200,49275.672,
2026-09-20T22:11:15.591463+00:00,200,7661.46,
2026-09-20T22:11:01.435826+00:00,200,21836.614,
2026-09-20T22:10:43.881440+00:00,200,39398.226,
2026-09-20T22:11:06.704534+00:00,200,16588.426,
2026-09-20T22:10:22.741143+00:00,200,60567.289,
2026-09-20T22:11:11.813885+00:00,200,11483.692,
2026-09-20T22:11:17.462343+00:00,200,5835.856,
2026-09-20T22:11:13.131553+00:00,200,10170.231,
2026-09-20T22:10:49.984480+00:00,200,33327.754,
2026-09-20T22:11:08.285945+00:00,200,15037.991,
2026-09-20T22:10:32.213027+00:00,200,51124.648,
2026-09-20T22:10:50.581047+00:00,200,32760.207,
2026-09-20T22:10:43.383877+00:00,200,39959.729,
2026-09-20T22:11:16.904731+00:00,200,6452.919,
2026-09-20T22:11:20.087166+00:00,200,3271.85,
2026-09-20T22:10:40.003891+00:00,200,43372.189,
2026-09-20T22:10:49.850774+00:00,200,33546.297,
2026-09-20T22:11:22.414716+00:00,200,989.341,
2026-09-20T22:10:10.081668+00:00,200,73362.391,
2026-09-20T22:11:08.977595+00:00,200,14444.305,
2026-09-20T22:11:09.955941+00:00,200,13473.945,
2026-09-20T22:10:18.888093+00:00,200,64568.671,
2026-09-20T22:10:41.905309+00:00,200,41537.74,
2026-09-20T22:10:20.731392+00:00,200,62742.547,
2026-09-20T22:11:07.853680+00:00,200,15622.883,
2026-09-20T22:10:56.470205+00:00,200,27011.572,
2026-09-20T22:10:59.818968+00:00,200,23685.153,
2026-09-20T22:11:22.252040+00:00,200,1251.637,
2026-09-20T22:11:18.160079+00:00,200,5350.96,
2026-09-20T22:11:02.990757+00:00,200,20533.173,
2026-09-20T22:09:48.199346+00:00,200,95351.585,
2026-09-20T22:11:22.652488+00:00,200,882.748,
2026-09-20T22:11:00.776548+00:00,200,22764.759,
2026-09-20T22:10:58.143774+00:00,200,25401.337,
2026-09-20T22:11:00.712586+00:00,200,22837.323,
2026-09-20T22:10:51.266240+00:00,200,32288.026,
2026-09-20T22:11:08.846383+00:00,200,14708.981,
2026-09-20T22:11:22.612084+00:00,200,947.669,
2026-09-20T22:11:23.357436+00:00,200,204.467,
2026-09-20T22:10:33.688300+00:00,200,49891.776,
2026-09-20T22:10:44.313955+00:00,200,39272.127,
2026-09-20T22:11:21.584859+00:00,200,2005.41,
2026-09-20T22:10:47.837065+00:00,200,35764.561,
2026-09-20T22:10:09.034030+00:00,200,74589.027,
2026-09-20T22:11:02.802568+00:00,200,20807.134,
2026-09-20T22:11:23.323314+00:00,200,295.238,
2026-09-20T22:10:25.215050+00:00,200,58423.868,
2026-09-20T22:11:22.569862+00:00,200,1062.868,
2026-09-20T22:11:22.439319+00:00,200,1199.28,
2026-09-20T22:11:02.500237+00:00,200,21140.317,
2026-09-20T22:10:53.299054+00:00,200,30348.01,
2026-09-20T22:10:34.966243+00:00,200,48691.044,
2026-09-20T22:10:43.673621+00:00,200,39998.165,
2026-09-20T22:11:12.230006+00:00,200,11463.175,
2026-09-20T22:11:23.502852+00:00,200,197.508,
2026-09-20T22:10:49.121779+00:00,200,34583.635,
2026-09-20T22:11:21.095700+00:00,200,2618.004,
2026-09-20T22:11:23.503642+00:00,200,212.743,
2026-09-20T22:10:26.031088+00:00,200,57700.595,
2026-09-20T22:10:43.147262+00:00,200,40579.481,
2026-09-20T22:11:22.213296+00:00,200,1513.935,
2026-09-20T22:10:32.166583+00:00,200,51591.079,
2026-09-20T22:11:01.573710+00:00,200,22181.192,
2026-09-20T22:10:04.602095+00:00,200,79179.732,
2026-09-20T22:11:00.040805+00:00,200,23728.336,
2026-09-20T22:10:00.102197+00:00,200,83694.427,
2026-09-20T22:10:04.542087+00:00,200,79256.859,
2026-09-20T22:11:05.523377+00:00,200,18257.734,
2026-09-20T22:10:18.582585+00:00,200,65221.088,
2026-09-20T22:11:03.028781+00:00,200,20759.786,
2026-09-20T22:10:42.869083+00:00,200,40937.327,
2026-09-20T22:10:42.811885+00:00,200,41012.496,
2026-09-20T22:10:17.678515+00:00,200,66185.076,
2026-09-20T22:10:44.606489+00:00,200,39243.371,
2026-09-20T22:11:22.725768+00:00,200,1131.194,
2026-09-20T22:10:35.481653+00:00,200,48384.1,
2026-09-20T22:10:57.430409+00:00,200,26455.868,
2026-09-20T22:11:00.415394+00:00,200,23472.311,
2026-09-20T22:09:39.148363+00:00,200,104775.177,
2026-09-20T22:11:16.397869+00:00,200,7512.832,
2026-09-20T22:11:10.157883+00:00,200,13768.073,
2026-09-20T22:10:44.572578+00:00,200,39361.041,
2026-09-20T22:11:15.588618+00:00,200,8344.494,
2026-09-20T22:09:54.728037+00:00,200,89237.833,
2026-09-20T22:11:08.773413+00:00,200,15192.366,
2026-09-20T22:11:16.789299+00:00,200,7196.722,
2026-09-20T22:10:05.113127+00:00,200,78912.071,
2026-09-20T22:10:24.629695+00:00,200,59497.341,
2026-09-20T22:10:58.710717+00:00,200,25405.716,
2026-09-20T22:10:50.306234+00:00,200,33812.256,
2026-09-20T22:10:05.062209+00:00,200,79097.404,
2026-09-20T22:10:41.299458+00:00,200,42842.231,
2026-09-20T22:10:44.804193+00:00,200,39337.676,
2026-09-20T22:11:01.686210+00:00,200,22454.359,
2026-09-20T22:10:53.024061+00:00,200,31118.684,
2026-09-20T22:11:06.583437+00:00,200,17566.21,
2026-09-20T22:10:44.655688+00:00,200,39514.058,
2026-09-20T22:10:52.350635+00:00,200,31818.977,
2026-09-20T22:11:07.504257+00:00,200,16665.25,
2026-09-20T22:09:43.530409+00:00,200,100689.749,
2026-09-20T22:11:09.644086+00:00,200,14554.481,
2026-09-20T22:10:40.989536+00:00,200,43214.563,
2026-09-20T22:10:58.113887+00:00,200,26088.653,
2026-09-20T22:10:39.591268+00:00,200,44616.449,
2026-09-20T22:10:31.048152+00:00,200,53164.912,
2026-09-20T22:10:50.923756+00:00,200,33284.784,
2026-09-20T22:10:43.619830+00:00,200,40591.948,
2026-09-20T22:09:40.225843+00:00,200,104007.516,
2026-09-20T22:11:12.283752+00:00,200,11928.307,
2026-09-20T22:10:42.363526+00:00,200,41854.296,
2026-09-20T22:11:00.512093+00:00,200,23740.931,
2026-09-20T22:09:44.423498+00:00,200,99853.907,
2026-09-20T22:10:58.457474+00:00,200,25799.819,
2026-09-20T22:11:04.949278+00:00,200,19348.636,
2026-09-20T22:11:15.768500+00:00,200,8530.909,
2026-09-20T22:11:22.611225+00:00,200,1702.976,
2026-09-20T22:09:44.265112+00:00,200,100106.707,
2026-09-20T22:10:35.217959+00:00,200,49139.238,
2026-09-20T22:10:55.255144+00:00,200,29099.663,
2026-09-20T22:10:04.989860+00:00,200,79389.129,
2026-09-20T22:10:59.990867+00:00,200,24368.46,
2026-09-20T22:11:02.264077+00:00,200,22097.643,
2026-09-20T22:10:45.543151+00:00,200,38823.543,
2026-09-20T22:11:16.275592+00:00,200,8090.733,
2026-09-20T22:10:26.594756+00:00,200,57785.75,
2026-09-20T22:11:00.159684+00:00,200,24213.535,
2026-09-20T22:11:23.749599+00:00,200,625.317,
2026-09-20T22:10:53.339685+00:00,200,31040.216,
2026-09-20T22:10:58.286446+00:00,200,26103.587,
2026-09-20T22:11:05.353846+00:00,200,19088.359,
2026-09-20T22:11:09.960013+00:00,200,14485.05,
2026-09-20T22:11:00.912437+00:00,200,23536.438,
2026-09-20T22:10:03.433689+00:00,200,81040.728,
2026-09-20T22:11:15.415400+00:00,200,9039.075,
2026-09-20T22:11:07.656395+00:00,200,16863.138,
2026-09-20T22:10:41.438487+00:00,200,43088.094,
2026-09-20T22:10:02.510440+00:00,200,82087.367,
2026-09-20T22:11:07.421245+00:00,200,17177.019,
2026-09-20T22:10:42.886321+00:00,200,41718.951,
2026-09-20T22:10:29.749755+00:00,200,54864.567,
2026-09-20T22:10:49.981869+00:00,200,34629.367,
2026-09-20T22:10:37.865333+00:00,200,46752.736,
2026-09-20T22:10:52.724786+00:00,200,31904.81,
2026-09-20T22:11:07.723064+00:00,200,16942.602,
2026-09-20T22:10:42.644767+00:00,200,42040.125,
2026-09-20T22:10:21.056488+00:00,200,63644.662,
2026-09-20T22:11:23.856932+00:00,200,832.013,
2026-09-20T22:11:23.965165+00:00,200,727.91,
2026-09-20T22:11:23.985786+00:00,200,711.54,
2026-09-20T22:11:24.113992+00:00,200,587.606,
2026-09-20T22:10:33.556554+00:00,200,51163.783,
2026-09-20T22:10:13.601548+00:00,200,71148.702,
2026-09-20T22:11:09.951895+00:00,200,14790.403,
2026-09-20T22:10:45.079499+00:00,200,39672.082,
2026-09-20T22:11:23.003254+00:00,200,1753.521,
2026-09-20T22:10:25.143281+00:00,200,59630.478,
2026-09-20T22:11:24.202694+00:00,200,587.61,
2026-09-20T22:11:07.630579+00:00,200,17236.431,
2026-09-20T22:10:32.221346+00:00,200,52656.787,
2026-09-20T22:10:16.604716+00:00,200,68306.848,
2026-09-20T22:11:19.045991+00:00,200,5853.651,
2026-09-20T22:11:24.297044+00:00,200,657.364,
2026-09-20T22:11:24.314154+00:00,200,662.175,
2026-09-20T22:10:31.727565+00:00,200,53363.775,
2026-09-20T22:10:58.103007+00:00,200,26995.136,
2026-09-20T22:10:26.564207+00:00,200,58589.734,
2026-09-20T22:10:35.410457+00:00,200,49758.423,
2026-09-20T22:10:46.907516+00:00,200,38272.112,
2026-09-20T22:11:07.431433+00:00,200,17775.365,
2026-09-20T22:11:10.438306+00:00,200,14772.38,
2026-09-20T22:09:56.796677+00:00,200,88441.188,
2026-09-20T22:10:36.861879+00:00,200,48362.508,
2026-09-20T22:10:40.603952+00:00,200,44663.492,
2026-09-20T22:11:11.476307+00:00,200,13804.275,
2026-09-20T22:11:16.921520+00:00,200,8362.877,
2026-09-20T22:11:00.629609+00:00,200,24682.484,
2026-09-20T22:11:22.397548+00:00,200,3005.939,
2026-09-20T22:10:35.736041+00:00,200,49677.92,
2026-09-20T22:10:14.743376+00:00,200,70691.734,
2026-09-20T22:10:49.997023+00:00,200,35421.496,
2026-09-20T22:10:42.198917+00:00,200,43225.582,
2026-09-20T22:10:34.793673+00:00,200,50637.653,
2026-09-20T22:11:22.625534+00:00,200,2803.393,
2026-09-20T22:10:50.421671+00:00,200,35014.131,
2026-09-20T22:10:47.382254+00:00,200,38058.528,
2026-09-20T22:10:30.659604+00:00,200,54791.45,
2026-09-20T22:10:51.026495+00:00,200,34422.558,
2026-09-20T22:10:46.682650+00:00,200,38771.792,
2026-09-20T22:11:08.383794+00:00,200,17072.827,
2026-09-20T22:10:38.734506+00:00,200,46731.643,
2026-09-20T22:10:50.030136+00:00,200,35495.213,
2026-09-20T22:11:24.518836+00:00,200,1051.52,
2026-09-20T22:10:44.370596+00:00,200,41208.356,
2026-09-20T22:09:56.702759+00:00,200,88921.306,
2026-09-20T22:10:43.196600+00:00,200,42425.573,
2026-09-20T22:10:58.074117+00:00,200,27550.62,
2026-09-20T22:10:19.443330+00:00,200,66247.946,
2026-09-20T22:10:34.817609+00:00,200,50867.647,
2026-09-20T22:10:14.786570+00:00,200,70920.574,
2026-09-20T22:11:09.102484+00:00,200,16587.355,
2026-09-20T22:10:43.614508+00:00,200,42084.035,
2026-09-20T22:11:24.213619+00:00,200,1486.614,
2026-09-20T22:11:07.346370+00:00,200,18360.169,
2026-09-20T22:10:48.341712+00:00,200,37377.28,
2026-09-20T22:10:43.499992+00:00,200,42239.671,
2026-09-20T22:10:04.412690+00:00,200,81366.156,
2026-09-20T22:10:24.458717+00:00,200,61385.853,
2026-09-20T22:11:00.931348+00:00,200,24908.851,
2026-09-20T22:11:10.099095+00:00,200,15799.836,
2026-09-20T22:10:25.489373+00:00,200,60471.756,
2026-09-20T22:11:22.204695+00:00,200,3826.075,
2026-09-20T22:11:21.688835+00:00,200,4384.974,
2026-09-20T22:11:08.268715+00:00,200,17900.378,
2026-09-20T22:11:02.268802+00:00,200,24001.101,
2026-09-20T22:09:45.577992+00:00,200,100743.196,
2026-09-20T22:11:11.780157+00:00,200,14559.45,
2026-09-20T22:10:08.556263+00:00,200,77855.674,
2026-09-20T22:10:55.074991+00:00,200,31323.816,
2026-09-20T22:10:04.575697+00:00,200,81886.917,
2026-09-20T22:10:53.877958+00:00,200,32584.53,
2026-09-20T22:11:21.493496+00:00,200,4982.879,
2026-09-20T22:10:50.387478+00:00,200,36096.559,
2026-09-20T22:10:46.452510+00:00,200,40088.33,
2026-09-20T22:11:16.781645+00:00,200,9774.404,
2026-09-20T22:10:36.512276+00:00,200,50065.406,
2026-09-20T22:09:56.022358+00:00,200,90601.902,
2026-09-20T22:11:09.524945+00:00,200,17113.121,
2026-09-20T22:10:53.143393+00:00,200,33543.463,
2026-09-20T22:10:12.935161+00:00,200,73778.264,
2026-09-20T22:11:10.152504+00:00,200,16543.3,
2026-09-20T22:10:22.107504+00:00,200,64624.338,
2026-09-20T22:10:51.834821+00:00,200,34908.101,
2026-09-20T22:11:23.843279+00:00,200,2961.286,
2026-09-20T22:11:16.879552+00:00,200,9936.07,
2026-09-20T22:10:42.961051+00:00,200,43879.604,
2026-09-20T22:09:44.098214+00:00,200,102770.234,
2026-09-20T22:10:59.105479+00:00,200,27759.787,
2026-09-20T22:11:15.024495+00:00,200,11910.278,
2026-09-20T22:11:00.686392+00:00,200,26273.437,
2026-09-20T22:11:03.318487+00:00,200,23684.736,
2026-09-20T22:11:08.527336+00:00,200,18584.632,
2026-09-20T22:10:35.670460+00:00,200,51524.959,
2026-09-20T22:10:15.858482+00:00,200,71373.956,
2026-09-20T22:11:19.910238+00:00,200,7307.46,
2026-09-20T22:10:16.739248+00:00,200,70535.293,
2026-09-20T22:11:00.980305+00:00,200,26328.197,
2026-09-20T22:10:38.107519+00:00,200,49241.369,
2026-09-20T22:10:57.931768+00:00,200,29428.242,
2026-09-20T22:10:49.184965+00:00,200,38209.379,
2026-09-20T22:11:01.388168+00:00,200,26048.586,
2026-09-20T22:10:33.902204+00:00,200,53545.978,
2026-09-20T22:10:35.477246+00:00,200,51975.487,
2026-09-20T22:10:41.359662+00:00,200,46128.723,
2026-09-20T22:11:06.421961+00:00,200,21126.423,
2026-09-20T22:11:02.311079+00:00,200,25277.365,
2026-09-20T22:11:04.464606+00:00,200,23149.569,
2026-09-20T22:11:22.390643+00:00,200,5275.398,
2026-09-20T22:11:03.987864+00:00,200,23711.231,
2026-09-20T22:11:23.438741+00:00,200,4302.256,
2026-09-20T22:10:41.631718+00:00,200,46119.013,
2026-09-20T22:10:17.521484+00:00,200,70250.707,
2026-09-20T22:10:31.964975+00:00,200,55806.524,
2026-09-20T22:09:46.777226+00:00,200,101047.221,
2026-09-20T22:10:02.633715+00:00,200,85241.904,
2026-09-20T22:10:08.656080+00:00,200,79230.19,
2026-09-20T22:11:25.755313+00:00,200,2113.508,
2026-09-20T22:10:25.991861+00:00,200,61908.239,
2026-09-20T22:10:29.739487+00:00,200,58169.325,
2026-09-20T22:10:17.574545+00:00,200,70386.744,
2026-09-20T22:10:52.003153+00:00,200,36001.414,
2026-09-20T22:11:01.149531+00:00,200,26889.405,
2026-09-20T22:09:51.026342+00:00,200,97043.202,
2026-09-20T22:10:43.368012+00:00,200,44692.761,
2026-09-20T22:11:14.979127+00:00,200,13100.171,
2026-09-20T22:11:25.411645+00:00,200,2749.226,
2026-09-20T22:11:01.818677+00:00,200,26372.622,
2026-09-20T22:10:57.764836+00:00,200,30525.886,
2026-09-20T22:10:49.251586+00:00,200,39078.527,
2026-09-20T22:11:01.887606+00:00,200,26457.395,
2026-09-20T22:10:05.240971+00:00,200,83157.338,
2026-09-20T22:11:27.547530+00:00,200,840.915,
2026-09-20T22:10:27.913051+00:00,200,60514.652,
2026-09-20T22:11:26.168390+00:00,200,2330.375,
2026-09-20T22:10:18.238308+00:00,200,70315.252,
2026-09-20T22:10:04.212304+00:00,200,84438.209,
2026-09-20T22:10:48.909254+00:00,200,39761.267,
2026-09-20T22:10:32.538246+00:00,200,56300.105,
2026-09-20T22:10:59.962463+00:00,200,28922.706,
2026-09-20T22:10:33.905784+00:00,200,54990.707,
2026-09-20T22:11:28.160805+00:00,200,820.832,
2026-09-20T22:10:43.618464+00:00,200,45375.341,
2026-09-20T22:11:19.891340+00:00,200,9109.766,
2026-09-20T22:11:24.350547+00:00,200,4678.029,
2026-09-20T22:10:52.157394+00:00,200,36879.005,
2026-09-20T22:10:51.126489+00:00,200,37959.63,
2026-09-20T22:10:12.996305+00:00,200,76154.902,
2026-09-20T22:10:25.115991+00:00,200,64047.105,
2026-09-20T22:11:23.561900+00:00,200,5598.291,
2026-09-20T22:11:25.446638+00:00,200,3737.606,
2026-09-20T22:11:25.522767+00:00,200,3713.865,
2026-09-20T22:10:44.991738+00:00,200,44279.879,
2026-09-20T22:11:26.689916+00:00,200,2585.155,
2026-09-20T22:11:12.328285+00:00,200,17029.077,
2026-09-20T22:11:11.311482+00:00,200,18056.9,
2026-09-20T22:11:08.358438+00:00,200,21012.804,
2026-09-20T22:11:23.582398+00:00,200,5809.987,
2026-09-20T22:10:51.805005+00:00,200,37597.488,
2026-09-20T22:09:55.328813+00:00,200,94113.726,
2026-09-20T22:11:22.129181+00:00,200,7296.534,
2026-09-20T22:10:04.334150+00:00,200,85117.647,
2026-09-20T22:10:32.495410+00:00,200,56964.187,
2026-09-20T22:11:22.084516+00:00,200,7385.538,
2026-09-20T22:10:36.895066+00:00,200,52586.326,
2026-09-20T22:11:23.437975+00:00,200,6076.532,
2026-09-20T22:11:23.626365+00:00,200,5890.325,
2026-09-20T22:11:05.838077+00:00,200,23722.437,
2026-09-20T22:11:02.899779+00:00,200,26663.277,
2026-09-20T22:11:23.133523+00:00,200,6446.45,
2026-09-20T22:10:46.748997+00:00,200,42893.522,
2026-09-20T22:10:50.219680+00:00,200,39424.446,
2026-09-20T22:10:58.598512+00:00,200,31054.571,
2026-09-20T22:10:52.300666+00:00,200,37366.247,
2026-09-20T22:11:24.388586+00:00,200,5304.683,
2026-09-20T22:11:24.377859+00:00,200,5320.843,
2026-09-20T22:11:24.115995+00:00,200,5607.327,
2026-09-20T22:11:07.095684+00:00,200,22633.027,
2026-09-20T22:10:43.854542+00:00,200,45880.662,
2026-09-20T22:10:24.996132+00:00,200,64762.72,
2026-09-20T22:11:08.502781+00:00,200,21247.19,
2026-09-20T22:10:46.308067+00:00,200,43448.887,
2026-09-20T22:10:30.494846+00:00,200,59274.8,
2026-09-20T22:10:26.084151+00:00,200,63693.249,
2026-09-20T22:10:12.597179+00:00,200,77197.796,
2026-09-20T22:11:24.140665+00:00,200,5659.246,
2026-09-20T22:11:16.957999+00:00,200,12852.618,
2026-09-20T22:09:56.071417+00:00,200,93808.533,
2026-09-20T22:11:07.237084+00:00,200,22647.74,
2026-09-20T22:11:22.438140+00:00,200,7452.552,
2026-09-20T22:10:32.523865+00:00,200,57390.724,
2026-09-20T22:11:29.514354+00:00,200,408.132,
2026-09-20T22:10:02.312633+00:00,200,87676.013,
2026-09-20T22:11:08.690441+00:00,200,21283.487,
2026-09-20T22:10:05.265844+00:00,200,84811.918,
2026-09-20T22:11:04.816604+00:00,200,25246.638,
2026-09-20T22:11:23.925421+00:00,200,6142.123,
2026-09-20T22:11:22.501428+00:00,200,7589.271,
2026-09-20T22:11:13.378155+00:00,200,16717.307,
2026-09-20T22:11:15.679815+00:00,200,14423.224,
2026-09-20T22:10:13.383243+00:00,200,76763.603,
2026-09-20T22:10:31.715688+00:00,200,58438.331,
2026-09-20T22:10:20.922147+00:00,200,69257.6,
2026-09-20T22:11:16.481952+00:00,200,13690.774,
2026-09-20T22:11:29.799772+00:00,200,376.877,
2026-09-20T22:11:07.039958+00:00,200,23141.992,
2026-09-20T22:11:29.856271+00:00,200,340.089,
2026-09-20T22:10:08.871548+00:00,200,81366.764,
2026-09-20T22:11:14.496787+00:00,200,15728.341,
2026-09-20T22:09:46.471838+00:00,200,103783.143,
2026-09-20T22:10:41.836694+00:00,200,48400.968,
2026-09-20T22:10:35.352908+00:00,200,54922.611,
2026-09-20T22:10:57.345680+00:00,200,32933.721,
2026-09-20T22:11:09.972621+00:00,200,20314.109,
2026-09-20T22:10:32.629259+00:00,200,57666.727,
2026-09-20T22:10:06.794980+00:00,200,83519.775,
2026-09-20T22:10:02.360441+00:00,200,87969.093,
2026-09-20T22:11:15.165077+00:00,200,15165.66,
2026-09-20T22:10:48.806236+00:00,200,41551.831,
2026-09-20T22:10:59.173500+00:00,200,31186.64,
2026-09-20T22:10:43.396480+00:00,200,47005.417,
2026-09-20T22:10:19.519480+00:00,200,70918.936,
2026-09-20T22:10:45.639996+00:00,200,44797.79,
2026-09-20T22:11:16.932075+00:00,200,13503.816,
2026-09-20T22:11:10.141868+00:00,200,20310.693,
2026-09-20T22:10:44.427881+00:00,200,46031.463,
2026-09-20T22:11:15.239143+00:00,200,15226.392,
2026-09-20T22:10:42.775882+00:00,200,47736.68,
2026-09-20T22:10:53.072062+00:00,200,37447.242,
2026-09-20T22:10:46.010548+00:00,200,44515.131,
2026-09-20T22:11:22.673493+00:00,200,7851.876,
2026-09-20T22:10:04.385628+00:00,200,86178.864,
2026-09-20T22:10:43.245000+00:00,200,47301.02,
2026-09-20T22:10:29.379980+00:00,200,61174.709,
2026-09-20T22:10:39.788811+00:00,200,50772.241,
2026-09-20T22:10:24.907163+00:00,200,65664.954,
2026-09-20T22:11:02.745040+00:00,200,27819.284,
2026-09-20T22:10:46.065394+00:00,200,44503.467,
2026-09-20T22:10:50.065880+00:00,200,40509.277,
2026-09-20T22:10:58.761573+00:00,200,31822.724,
2026-09-20T22:10:50.484898+00:00,200,40111.009,
2026-09-20T22:11:17.919690+00:00,200,12683.302,
2026-09-20T22:10:57.645382+00:00,200,32966.421,
2026-09-20T22:09:53.225017+00:00,200,97416.592,
2026-09-20T22:10:35.471261+00:00,200,55154.378,
2026-09-20T22:11:03.080731+00:00,200,27552.67,
2026-09-20T22:10:51.077187+00:00,200,39567.594,
2026-09-20T22:11:01.857069+00:00,200,28791.674,
2026-09-20T22:11:23.942332+00:00,200,6712.968,
2026-09-20T22:10:50.469344+00:00,200,40200.567,
2026-09-20T22:10:07.384872+00:00,200,83311.285,
2026-09-20T22:10:29.800112+00:00,200,60893.667,
2026-09-20T22:10:26.556777+00:00,200,64144.788,
2026-09-20T22:10:46.530539+00:00,200,44171.026,
2026-09-20T22:11:26.637423+00:00,200,4092.19,
2026-09-20T22:10:37.441668+00:00,200,53300.439,
2026-09-20T22:11:07.044923+00:00,200,23704.089,
2026-09-20T22:11:10.723952+00:00,200,20028.368,
2026-09-20T22:11:01.502294+00:00,200,29273.743,
2026-09-20T22:11:30.540844+00:00,200,237.593,
2026-09-20T22:11:06.733044+00:00,200,24059.214,
2026-09-20T22:11:22.972932+00:00,200,7822.135,
2026-09-20T22:10:43.402262+00:00,200,47400.715,
2026-09-20T22:10:49.591081+00:00,200,41228.214,
2026-09-20T22:10:04.850531+00:00,200,85994.399,
2026-09-20T22:10:17.906762+00:00,200,72936.709,
2026-09-20T22:11:05.515281+00:00,200,25311.569,
2026-09-20T22:11:03.975042+00:00,200,26860.616,
2026-09-20T22:11:22.975526+00:00,200,7860.929,
2026-09-20T22:10:41.651297+00:00,200,49204.595,
2026-09-20T22:10:34.546117+00:00,200,56352.042,
2026-09-20T22:09:43.437129+00:00,200,107479.594,
2026-09-20T22:11:21.936725+00:00,200,8958.016,
2026-09-20T22:10:41.813686+00:00,200,49093.532,
2026-09-20T22:11:07.349564+00:00,200,23560.717,
2026-09-20T22:11:28.417005+00:00,200,2497.253,
2026-09-20T22:09:37.968602+00:00,200,112989.617,
2026-09-20T22:11:30.729519+00:00,200,208.988,
2026-09-20T22:11:04.558714+00:00,200,26386.375,
2026-09-20T22:11:23.700360+00:00,200,7249.876,
2026-09-20T22:11:16.510925+00:00,200,14457.778,
2026-09-20T22:11:01.099559+00:00,200,29876.642,
2026-09-20T22:10:47.080542+00:00,200,43900.324,
2026-09-20T22:09:43.659240+00:00,200,107350.723,
2026-09-20T22:11:08.386653+00:00,200,22602.811,
2026-09-20T22:10:59.049960+00:00,200,31942.22,
2026-09-20T22:10:44.442591+00:00,200,46584.135,
2026-09-20T22:10:56.431161+00:00,200,34595.048,
2026-09-20T22:10:08.195303+00:00,200,82888.267,
2026-09-20T22:10:00.962913+00:00,200,90131.782,
2026-09-20T22:11:09.481905+00:00,200,21594.459,
2026-09-20T22:10:02.990432+00:00,200,88111.174,
2026-09-20T22:10:07.255627+00:00,200,83847.856,
2026-09-20T22:11:08.202236+00:00,200,22883.279,
2026-09-20T22:10:47.840980+00:00,200,43249.871,
2026-09-20T22:11:23.713628+00:00,200,7377.348,
2026-09-20T22:11:21.292747+00:00,200,9808.597,
2026-09-20T22:10:41.973660+00:00,200,49140.153,
2026-09-20T22:10:35.953751+00:00,200,55169.057,
2026-09-20T22:10:52.858364+00:00,200,38268.654,
2026-09-20T22:10:36.790342+00:00,200,54348.259,
2026-09-20T22:10:24.332719+00:00,200,66841.769,
2026-09-20T22:11:30.563133+00:00,200,607.352,
2026-09-20T22:11:27.613188+00:00,200,3559.191,
2026-09-20T22:11:22.273452+00:00,200,8904.628,
2026-09-20T22:10:04.833058+00:00,200,86369.466,
2026-09-20T22:11:07.812009+00:00,200,23368.744,
2026-09-20T22:11:00.235490+00:00,200,30966.029,
2026-09-20T22:11:29.579810+00:00,200,1633.028,
2026-09-20T22:11:31.022886+00:00,200,191.465,
2026-09-20T22:11:31.024397+00:00,200,192.201,
2026-09-20T22:11:06.953750+00:00,200,24298.066,
2026-09-20T22:11:22.385764+00:00,200,8870.364,
2026-09-20T22:11:29.664590+00:00,200,1593.938,
2026-09-20T22:10:47.143910+00:00,200,44123.713,
2026-09-20T22:10:45.026282+00:00,200,46243.456,
2026-09-20T22:10:46.982883+00:00,200,44288.17,
2026-09-20T22:11:24.761113+00:00,200,6531.583,
2026-09-20T22:11:31.059932+00:00,200,235.026,
2026-09-20T22:11:29.906554+00:00,200,1402.226,
2026-09-20T22:11:24.680751+00:00,200,6640.098,
2026-09-20T22:10:23.658213+00:00,200,67690.299,
2026-09-20T22:10:43.460467+00:00,200,47882.805,
2026-09-20T22:11:07.863237+00:00,200,23478.63,
2026-09-20T22:10:48.844373+00:00,200,42503.155,
2026-09-20T22:10:18.224538+00:00,200,73145.46,
2026-09-20T22:10:17.395726+00:00,200,73988.582,
2026-09-20T22:10:16.006743+00:00,200,75380.472,
2026-09-20T22:11:22.488923+00:00,200,8878.244,
2026-09-20T22:10:36.273800+00:00,200,55135.125,
2026-09-20T22:10:49.836518+00:00,200,41569.704,
2026-09-20T22:11:13.150436+00:00,200,18268.322,
2026-09-20T22:11:29.356802+00:00,200,2067.539,
2026-09-20T22:10:20.642250+00:00,200,70800.435,
2026-09-20T22:11:25.735718+00:00,200,5692.72,
2026-09-20T22:10:59.262781+00:00,200,32175.796,
2026-09-20T22:11:01.312121+00:00,200,30130.474,
2026-09-20T22:09:55.804763+00:00,200,95664.811,
2026-09-20T22:10:58.267355+00:00,200,33191.042,
2026-09-20T22:10:20.524287+00:00,200,70950.619,
2026-09-20T22:10:56.020528+00:00,200,35482.379,
2026-09-20T22:11:16.517001+00:00,200,14987.275,
2026-09-20T22:10:01.660802+00:00,200,89876.57,
2026-09-20T22:11:15.604260+00:00,200,15948.444,
2026-09-20T22:11:22.062619+00:00,200,9492.201,
2026-09-20T22:11:03.600859+00:00,200,27956.378,
2026-09-20T22:11:04.792937+00:00,200,26774.79,
2026-09-20T22:11:00.427918+00:00,200,31149.392,
2026-09-20T22:11:07.967605+00:00,200,23630.256,
2026-09-20T22:11:24.360642+00:00,200,7253.673,
2026-09-20T22:10:49.788349+00:00,200,41831.914,
2026-09-20T22:10:42.130924+00:00,200,49493.22,
2026-09-20T22:10:07.647666+00:00,200,84001.38,
2026-09-20T22:10:53.315136+00:00,200,38318.573,
2026-09-20T22:10:04.346334+00:00,200,87327.969,
2026-09-20T22:11:02.203984+00:00,200,29453.262,
2026-09-20T22:10:59.856643+00:00,200,31802.222,
2026-09-20T22:11:01.464896+00:00,200,30196.863,
2026-09-20T22:10:30.407051+00:00,200,61273.186,
2026-09-20T22:11:30.950060+00:00,200,722.414,
2026-09-20T22:10:49.151807+00:00,200,42535.165,
2026-09-20T22:10:07.270084+00:00,200,84443.563,
2026-09-20T22:10:59.914643+00:00,200,31777.904,
2026-09-20T22:11:10.836742+00:00,200,20865.025,
2026-09-20T22:11:19.140471+00:00,200,12574.446,
2026-09-20T22:11:09.003589+00:00,200,22719.41,
2026-09-20T22:10:44.196057+00:00,200,47540.384,
2026-09-20T22:11:12.379886+00:00,200,19358.364,
2026-09-20T22:11:05.765593+00:00,200,25976.163,
2026-09-20T22:10:24.104788+00:00,200,67674.255,
2026-09-20T22:10:35.765297+00:00,200,56013.394,
2026-09-20T22:10:06.888445+00:00,200,84923.235,
2026-09-20T22:10:50.512226+00:00,200,41280.691,
2026-09-20T22:10:26.021389+00:00,200,65783.649,
2026-09-20T22:10:59.534903+00:00,200,32264.763,
2026-09-20T22:11:08.565690+00:00,200,23238.894,
2026-09-20T22:10:50.321115+00:00,200,41487.266,
2026-09-20T22:10:33.932983+00:00,200,57885.573,
2026-09-20T22:10:42.907658+00:00,200,48915.904,
2026-09-20T22:11:16.953818+00:00,200,14876.171,
2026-09-20T22:10:43.308064+00:00,200,48548.386,
2026-09-20T22:11:01.559432+00:00,200,30298.922,
2026-09-20T22:11:24.137190+00:00,200,7725.875,
2026-09-20T22:11:24.166124+00:00,200,7699.932,
2026-09-20T22:10:43.615827+00:00,200,48259.1,
2026-09-20T22:11:29.559573+00:00,200,2323.88,
2026-09-20T22:11:00.583514+00:00,200,31314.625,
2026-09-20T22:10:43.807980+00:00,200,48094.478,
2026-09-20T22:11:03.421059+00:00,200,28482.158,
2026-09-20T22:10:24.201696+00:00,200,67721.225,
2026-09-20T22:11:20.391978+00:00,200,11523.661,
2026-09-20T22:10:07.095051+00:00,200,84853.147,
2026-09-20T22:10:04.936795+00:00,200,87016.278,
2026-09-20T22:10:03.719847+00:00,200,88267.742,
2026-09-20T22:10:28.919100+00:00,200,63061.432,
2026-09-20T22:10:19.836171+00:00,200,72167.55,
2026-09-20T22:10:33.821073+00:00,200,58173.841,
2026-09-20T22:10:34.196378+00:00,200,57802.751,
2026-09-20T22:11:22.694146+00:00,200,9312.996,
2026-09-20T22:10:13.561546+00:00,200,78484.158,
2026-09-20T22:09:58.657940+00:00,200,93392.905,
2026-09-20T22:10:44.056145+00:00,200,47976.983,
2026-09-20T22:11:08.727936+00:00,200,23309.178,
2026-09-20T22:11:31.116296+00:00,200,922.692,
2026-09-20T22:11:08.676788+00:00,200,23366.591,
2026-09-20T22:11:07.683831+00:00,200,24362.381,
2026-09-20T22:11:01.096003+00:00,200,30960.491,
2026-09-20T22:11:03.525226+00:00,200,28559.666,
2026-09-20T22:10:04.194477+00:00,200,87913.724,
2026-09-20T22:11:15.403191+00:00,200,16688.532,
2026-09-20T22:10:42.833826+00:00,200,49266.62,
2026-09-20T22:11:31.617495+00:00,200,481.747,
2026-09-20T22:11:22.325649+00:00,200,9788.636,
2026-09-20T22:09:37.460564+00:00,200,114678.401,
2026-09-20T22:11:31.170475+00:00,200,956.44,
2026-09-20T22:10:01.336751+00:00,200,90816.73,
2026-09-20T22:10:47.141982+00:00,200,44992.375,
2026-09-20T22:11:31.924536+00:00,200,211.307,
2026-09-20T22:11:30.565398+00:00,200,1573.519,
2026-09-20T22:10:10.351071+00:00,200,81819.194,
2026-09-20T22:11:04.329434+00:00,200,27825.409,
2026-09-20T22:11:23.271323+00:00,200,8883.889,
2026-09-20T22:11:15.847006+00:00,200,16319.397,
2026-09-20T22:10:25.137717+00:00,200,67049.734,
2026-09-20T22:10:39.214436+00:00,200,52966.34,
2026-09-20T22:10:41.518723+00:00,200,50669.6,
2026-09-20T22:10:29.819901+00:00,200,62387.564,
2026-09-20T22:11:30.397812+00:00,200,1828.616,
2026-09-20T22:10:06.201392+00:00,200,86049.397,
2026-09-20T22:09:48.473275+00:00,200,103785.672,
2026-09-20T22:11:26.836541+00:00,200,5400.362,
2026-09-20T22:10:22.489798+00:00,200,69787.23,
2026-09-20T22:10:42.785759+00:00,200,49488.79,
2026-09-20T22:11:00.990635+00:00,200,31293.579,
2026-09-20T22:11:06.452384+00:00,200,25843.296,
2026-09-20T22:11:07.739898+00:00,200,24557.997,
2026-09-20T22:11:23.201202+00:00,200,9097.59,
2026-09-20T22:11:27.391568+00:00,200,4918.03,
2026-09-20T22:11:16.075879+00:00,200,16255.214,
2026-09-20T22:10:44.877308+00:00,200,47459.505,
2026-09-20T22:11:02.119842+00:00,200,30227.468,
2026-09-20T22:11:15.832932+00:00,200,16518.279,
2026-09-20T22:11:20.250709+00:00,200,12101.218,
2026-09-20T22:09:53.296977+00:00,200,99080.89,
2026-09-20T22:10:41.552451+00:00,200,50809.581,
2026-09-20T22:10:31.337901+00:00,200,61032.954,
2026-09-20T22:11:26.600657+00:00,200,5773.527,
2026-09-20T22:11:15.148376+00:00,200,17227.806,
2026-09-20T22:10:04.116401+00:00,200,88284.67,
2026-09-20T22:11:31.597012+00:00,200,786.973,
2026-09-20T22:10:51.161093+00:00,200,41242.949,
2026-09-20T22:11:02.805362+00:00,200,29598.905,
2026-09-20T22:11:27.446112+00:00,200,4966.661,
2026-09-20T22:11:29.028460+00:00,200,3386.005,
2026-09-20T22:10:27.463585+00:00,200,64971.012,
2026-09-20T22:11:28.883773+00:00,200,3546.383,
2026-09-20T22:11:31.575898+00:00,200,859.138,
2026-09-20T22:10:03.737692+00:00,200,88727.037,
2026-09-20T22:11:32.227115+00:00,200,215.939,
2026-09-20T22:10:42.618756+00:00,200,49830.929,
2026-09-20T22:10:16.624289+00:00,200,75844.348,
2026-09-20T22:11:10.682384+00:00,200,21772.573,
2026-09-20T22:11:25.689197+00:00,200,6777.52,
2026-09-20T22:11:32.270265+00:00,200,206.567,
2026-09-20T22:10:41.526102+00:00,200,50967.212,
2026-09-20T22:11:19.182751+00:00,200,13325.056,
2026-09-20T22:11:10.978181+00:00,200,21534.348,
2026-09-20T22:11:31.418187+00:00,200,1103.527,
2026-09-20T22:10:50.983665+00:00,200,41569.599,
2026-09-20T22:11:15.995464+00:00,200,16557.348,
2026-09-20T22:10:22.881953+00:00,200,69702.338,
2026-09-20T22:10:30.980229+00:00,200,61601.146,
2026-09-20T22:11:17.265186+00:00,200,15310.768,
2026-09-20T22:10:04.775519+00:00,200,87825.34,
2026-09-20T22:11:32.045337+00:00,200,560.922,
2026-09-20T22:10:44.522097+00:00,200,48097.608,
2026-09-20T22:10:51.219634+00:00,200,41401.865,
2026-09-20T22:09:41.287848+00:00,200,111359.363,
2026-09-20T22:11:14.714164+00:00,200,17920.468,
2026-09-20T22:11:08.409861+00:00,200,24230.314,
2026-09-20T22:10:53.086762+00:00,200,39560.913,
2026-09-20T22:10:19.286166+00:00,200,73379.069,
2026-09-20T22:10:50.165211+00:00,200,42487.799,
2026-09-20T22:11:00.750616+00:00,200,31908.105,
2026-09-20T22:10:53.101633+00:00,200,39563.069,
2026-09-20T22:09:57.318792+00:00,200,95373.065,
2026-09-20T22:10:50.826831+00:00,200,41851.122,
2026-09-20T22:11:08.723547+00:00,200,23953.561,
2026-09-20T22:11:30.572459+00:00,200,2106.644,
2026-09-20T22:11:02.910829+00:00,200,29781.011,
2026-09-20T22:11:00.574666+00:00,200,32119.743,
2026-09-20T22:10:35.469438+00:00,200,57234.337,
2026-09-20T22:11:31.987458+00:00,200,722.655,
2026-09-20T22:11:12.813191+00:00,200,19898.523,
2026-09-20T22:11:15.986821+00:00,200,16726.821,
2026-09-20T22:10:56.766850+00:00,200,35950.713,
2026-09-20T22:09:56.778197+00:00,200,95973.901,
2026-09-20T22:09:38.713852+00:00,200,114061.419,
2026-09-20T22:10:25.471205+00:00,200,67321.55,
2026-09-20T22:10:38.527283+00:00,200,54267.854,
2026-09-20T22:10:58.737765+00:00,200,34054.796,
2026-09-20T22:10:54.651705+00:00,200,38153.937,
2026-09-20T22:10:48.866648+00:00,200,43948.552,
2026-09-20T22:09:57.105629+00:00,200,95734.166,
2026-09-20T22:09:51.267996+00:00,200,101581.741,
2026-09-20T22:11:32.606250+00:00,200,237.605,
2026-09-20T22:10:16.598126+00:00,200,76275.103,
2026-09-20T22:11:24.664969+00:00,200,8188.077,
2026-09-20T22:10:06.727305+00:00,200,86154.136,
2026-09-20T22:09:59.325351+00:00,200,93557.317,
2026-09-20T22:10:51.621304+00:00,200,41247.179,
2026-09-20T22:11:32.639331+00:00,200,246.994,
2026-09-20T22:11:23.329649+00:00,200,9566.304,
2026-09-20T22:11:31.870866+00:00,200,1051.548,
2026-09-20T22:11:14.567699+00:00,200,18359.888,
2026-09-20T22:11:32.710101+00:00,200,225.715,
2026-09-20T22:09:56.439730+00:00,200,96522.383,
2026-09-20T22:11:31.178864+00:00,200,1771.701,
2026-09-20T22:09:55.870291+00:00,200,97108.329,
2026-09-20T22:10:42.640111+00:00,200,50321.103,
2026-09-20T22:11:04.529031+00:00,200,28440.019,
2026-09-20T22:11:32.511829+00:00,200,458.114,
2026-09-20T22:10:42.651963+00:00,200,50330.279,
2026-09-20T22:10:50.426771+00:00,200,42577.11,
2026-09-20T22:10:34.769933+00:00,200,58240.381,
2026-09-20T22:10:18.058727+00:00,200,75034.054,
2026-09-20T22:10:51.372291+00:00,200,41729.693,
2026-09-20T22:10:04.221092+00:00,200,88919.147,
2026-09-20T22:11:22.804156+00:00,200,10313.596,
2026-09-20T22:10:18.588183+00:00,200,74556.737,
2026-09-20T22:10:44.610805+00:00,200,48536.931,
2026-09-20T22:10:47.234618+00:00,200,45913.656,
2026-09-20T22:11:16.242586+00:00,200,16904.041,
2026-09-20T22:10:58.665640+00:00,200,34483.361,
2026-09-20T22:11:23.480159+00:00,200,9668.785,
2026-09-20T22:10:51.003372+00:00,200,42149.303,
2026-09-20T22:11:10.567877+00:00,200,22584.373,
2026-09-20T22:10:59.946657+00:00,200,33207.862,
2026-09-20T22:11:23.222702+00:00,200,9932.14,
2026-09-20T22:11:07.224615+00:00,200,25932.605,
2026-09-20T22:11:08.404445+00:00,200,24754.53,
2026-09-20T22:11:23.599610+00:00,200,9560.607,
2026-09-20T22:10:23.870735+00:00,200,69330.436,
2026-09-20T22:10:04.643830+00:00,200,88579.359,
2026-09-20T22:11:04.547659+00:00,200,28655.002,
2026-09-20T22:11:05.994719+00:00,200,27209.982,
2026-09-20T22:10:29.839777+00:00,200,63380.111,
2026-09-20T22:11:24.371959+00:00,200,8858.57,
2026-09-20T22:11:09.653358+00:00,200,23592.682,
2026-09-20T22:11:09.116931+00:00,200,24135.328,
2026-09-20T22:09:39.559342+00:00,200,113718.348,
2026-09-20T22:09:47.363024+00:00,200,105917.064,
2026-09-20T22:11:23.716382+00:00,200,9542.573,
2026-09-20T22:10:08.958306+00:00,200,84326.729,
2026-09-20T22:10:13.400503+00:00,200,79887.175,
2026-09-20T22:10:14.128623+00:00,200,79181.699,
2026-09-20T22:10:43.018855+00:00,200,50300.663,
2026-09-20T22:10:34.969487+00:00,200,58355.364,
2026-09-20T22:10:58.495418+00:00,200,34826.747,
2026-09-20T22:10:53.331401+00:00,200,39994.069,
2026-09-20T22:11:23.067116+00:00,200,10364.641,
2026-09-20T22:10:58.960620+00:00,200,34475.33,
2026-09-20T22:11:23.404030+00:00,200,10033.61,
2026-09-20T22:11:17.363977+00:00,200,16076.964,
2026-09-20T22:11:15.498180+00:00,200,17971.201,
2026-09-20T22:11:24.866303+00:00,200,8640.393,
2026-09-20T22:11:24.201081+00:00,200,9308.662,
2026-09-20T22:11:09.669072+00:00,200,23844.477,
2026-09-20T22:10:41.528652+00:00,200,51991.962,
2026-09-20T22:11:06.499686+00:00,200,27020.6,
2026-09-20T22:10:29.211068+00:00,200,64321.545,
2026-09-20T22:11:24.209729+00:00,200,9316.577,
2026-09-20T22:10:49.313015+00:00,200,44219.501,
2026-09-20T22:10:49.229884+00:00,200,44306.19,
2026-09-20T22:10:49.093853+00:00,200,44445.958,
2026-09-20T22:11:13.225639+00:00,200,20315.516,
2026-09-20T22:10:33.959849+00:00,200,59592.024,
2026-09-20T22:10:59.615871+00:00,200,33934.094,
2026-09-20T22:11:20.591210+00:00,200,12961.695,
2026-09-20T22:11:15.207990+00:00,200,18349.265,
2026-09-20T22:10:51.608483+00:00,200,41954.978,
2026-09-20T22:10:04.791780+00:00,200,88797.182,
2026-09-20T22:11:05.194040+00:00,200,28376.616,
2026-09-20T22:10:05.251882+00:00,200,88345.781,
2026-09-20T22:10:09.245660+00:00,200,84391.863,
2026-09-20T22:11:08.306724+00:00,200,25358.609,
2026-09-20T22:10:34.476870+00:00,200,59199.813,
2026-09-20T22:11:00.736464+00:00,200,33037.493,
2026-09-20T22:10:48.302664+00:00,200,45478.634,
2026-09-20T22:10:18.338866+00:00,200,75464.856,
2026-09-20T22:10:12.310976+00:00,200,81502.519,
2026-09-20T22:11:16.552504+00:00,200,17243.632,
2026-09-20T22:10:22.220169+00:00,200,71604.289,
2026-09-20T22:09:57.510978+00:00,200,96337.082,
2026-09-20T22:11:20.946443+00:00,200,12887.531,
2026-09-20T22:11:21.718570+00:00,200,12195.787,
2026-09-20T22:11:31.829571+00:00,200,2111.031,
2026-09-20T22:11:22.613740+00:00,200,11394.865,
2026-09-20T22:10:50.054862+00:00,200,43965.561,
2026-09-20T22:11:22.932270+00:00,200,11104.088,
2026-09-20T22:11:16.163353+00:00,200,17957.352,
2026-09-20T22:10:55.562319+00:00,200,38606.869,
2026-09-20T22:10:59.031231+00:00,200,35165.407,
2026-09-20T22:10:07.828692+00:00,200,86436.885,
2026-09-20T22:10:42.021081+00:00,200,52231.598,
2026-09-20T22:10:08.095503+00:00,200,86296.093,
2026-09-20T22:10:24.849053+00:00,200,69702.816,
2026-09-20T22:10:31.703887+00:00,200,62870.691,
2026-09-20T22:10:45.626831+00:00,200,48984.418,
2026-09-20T22:10:45.478390+00:00,200,49140.731,
2026-09-20T22:10:34.495889+00:00,200,60133.633,
2026-09-20T22:11:01.385252+00:00,200,33244.97,
2026-09-20T22:11:23.910457+00:00,200,10726.251,
2026-09-20T22:10:43.624287+00:00,200,51023.25,
2026-09-20T22:11:04.289702+00:00,200,30362.404,
2026-09-20T22:10:24.727021+00:00,200,69944.249,
2026-09-20T22:10:25.729381+00:00,200,68949.109,
2026-09-20T22:11:08.139896+00:00,200,26534.493,
2026-09-20T22:10:53.738197+00:00,200,40945.69,
2026-09-20T22:11:26.684730+00:00,200,8004.761,
2026-09-20T22:10:24.509740+00:00,200,70201.399,
2026-09-20T22:10:36.160820+00:00,200,58551.118,
2026-09-20T22:10:29.024069+00:00,200,65700.098,
2026-09-20T22:10:45.278606+00:00,200,49446.971,
2026-09-20T22:10:32.882531+00:00,200,61856.122,
2026-09-20T22:10:28.228644+00:00,200,66520.733,
2026-09-20T22:10:37.906902+00:00,200,56846.734,
2026-09-20T22:11:15.645372+00:00,200,19111.497,
2026-09-20T22:11:01.488164+00:00,200,33278.8,
2026-09-20T22:11:30.894511+00:00,200,3879.656,
2026-09-20T22:11:07.864194+00:00,200,26919.18,
2026-09-20T22:11:22.677835+00:00,200,12115.96,
2026-09-20T22:09:55.183310+00:00,200,99643.244,
2026-09-20T22:10:35.274478+00:00,200,59544.362,
2026-09-20T22:09:56.575161+00:00,200,98269.566,
2026-09-20T22:10:05.027149+00:00,200,89826.893,
2026-09-20T22:10:52.115860+00:00,200,42726.06,
2026-09-20T22:11:30.094930+00:00,200,4754.293,
2026-09-20T22:10:34.529035+00:00,200,60432.944,
2026-09-20T22:11:05.235507+00:00,200,29738.921,
2026-09-20T22:11:24.748040+00:00,200,10258.24,
2026-09-20T22:10:36.808033+00:00,200,58232.602,
2026-09-20T22:10:42.541721+00:00,200,52506.58,
2026-09-20T22:10:04.579067+00:00,200,90498.023,
2026-09-20T22:11:04.025449+00:00,200,31038.662,
2026-09-20T22:10:15.444722+00:00,200,79651.464,
2026-09-20T22:11:23.722761+00:00,200,11359.744,
2026-09-20T22:10:28.282236+00:00,200,66820.526,
2026-09-20T22:11:24.684750+00:00,200,10512.339,
2026-09-20T22:11:15.425908+00:00,200,19849.864,
2026-09-20T22:11:18.412813+00:00,200,16872.579,
2026-09-20T22:11:31.819320+00:00,200,3475.383,
2026-09-20T22:11:19.507193+00:00,200,15797.466,
2026-09-20T22:11:24.444501+00:00,200,10870.02,
2026-09-20T22:10:57.007764+00:00,200,38318.413,
2026-09-20T22:11:16.150325+00:00,200,19184.693,
2026-09-20T22:10:24.610193+00:00,200,70747.904,
2026-09-20T22:11:31.363445+00:00,200,3991.787,
2026-09-20T22:11:22.576275+00:00,200,12789.633,
2026-09-20T22:10:25.837149+00:00,200,69551.505,
2026-09-20T22:11:02.177218+00:00,200,33211.117,
2026-09-20T22:10:45.100616+00:00,200,50300.948,
2026-09-20T22:10:48.300193+00:00,200,47111.317,
2026-09-20T22:10:47.223447+00:00,200,48198.995,
2026-09-20T22:11:25.700195+00:00,200,9729.905,
2026-09-20T22:10:50.170758+00:00,200,45272.94,
2026-09-20T22:10:17.348665+00:00,200,78124.099,
2026-09-20T22:10:16.542794+00:00,200,78942.036,
2026-09-20T22:11:30.559137+00:00,200,4914.867,
2026-09-20T22:11:04.936523+00:00,200,30549.732,
2026-09-20T22:11:25.948731+00:00,200,9547.967,
2026-09-20T22:11:25.214302+00:00,200,10508.666,
2026-09-20T22:11:06.130474+00:00,200,29604.885,
2026-09-20T22:10:03.007997+00:00,200,92761.905,
2026-09-20T22:11:30.233163+00:00,200,5524.988,
2026-09-20T22:10:16.872233+00:00,200,78919.454,
2026-09-20T22:10:52.533091+00:00,200,43251.086,
2026-09-20T22:10:45.778899+00:00,200,50018.366,
2026-09-20T22:10:50.084839+00:00,200,45723.902,
2026-09-20T22:11:01.027547+00:00,200,34792.278,
2026-09-20T22:10:49.580604+00:00,200,46253.078,
2026-09-20T22:10:49.330929+00:00,200,46515.453,
2026-09-20T22:11:25.310850+00:00,200,10546.234,
2026-09-20T22:11:20.095664+00:00,200,15774.51,
2026-09-20T22:11:08.847377+00:00,200,27035.843,
2026-09-20T22:10:35.314311+00:00,200,60587.426,
2026-09-20T22:11:04.194875+00:00,200,31713.825,
2026-09-20T22:11:23.297144+00:00,200,12623.377,
2026-09-20T22:10:43.206400+00:00,200,52730.876,
2026-09-20T22:10:49.730790+00:00,200,46218.04,
2026-09-20T22:10:49.360923+00:00,200,46601.014,
2026-09-20T22:10:20.516549+00:00,200,75473.027,
2026-09-20T22:11:17.687150+00:00,200,18299.211,
2026-09-20T22:09:47.121190+00:00,200,108902.076,
2026-09-20T22:09:59.800765+00:00,200,96236.096,
2026-09-20T22:10:34.100863+00:00,200,61933.239,
2026-09-20T22:10:22.930833+00:00,200,73124.623,
2026-09-20T22:11:31.258495+00:00,200,4796.461,
2026-09-20T22:10:50.046295+00:00,200,46025.398,
2026-09-20T22:10:34.657250+00:00,200,61433.141,
2026-09-20T22:11:27.440866+00:00,200,8657.023,
2026-09-20T22:10:38.512343+00:00,200,57605.455,
2026-09-20T22:10:49.327553+00:00,200,46801.931,
2026-09-20T22:10:18.116007+00:00,200,78044.986,
2026-09-20T22:10:58.980324+00:00,200,37176.779,
2026-09-20T22:10:20.071868+00:00,200,76116.049,
2026-09-20T22:11:14.189148+00:00,200,21996.273,
2026-09-20T22:11:01.059787+00:00,200,35141.039,
2026-09-20T22:11:23.108346+00:00,200,13106.06,
2026-09-20T22:11:01.039595+00:00,200,35190.56,
2026-09-20T22:11:08.875934+00:00,200,27368.49,
2026-09-20T22:09:55.047894+00:00,200,101234.327,
2026-09-20T22:10:48.775935+00:00,200,47500.574,
2026-09-20T22:10:25.424501+00:00,200,70876.741,
2026-09-20T22:10:04.552230+00:00,200,91775.393,
2026-09-20T22:10:27.001672+00:00,200,69329.133,
2026-09-20T22:11:33.784016+00:00,200,2551.366,
2026-09-20T22:11:23.886481+00:00,200,12465.14,
2026-09-20T22:11:16.659137+00:00,200,19708.576,
2026-09-20T22:10:49.912542+00:00,200,46473.447,
2026-09-20T22:10:04.797060+00:00,200,91626.185,
2026-09-20T22:10:49.108195+00:00,200,47310.478,
2026-09-20T22:10:50.254728+00:00,200,46180.22,
2026-09-20T22:11:30.751644+00:00,200,5697.186,
2026-09-20T22:11:29.641476+00:00,200,6827.183,
2026-09-20T22:11:04.636695+00:00,200,31860.327,
2026-09-20T22:10:42.496158+00:00,200,54289.609,
2026-09-20T22:11:26.695193+00:00,200,10172.916,
2026-09-20T22:11:31.214351+00:00,200,5670.884,
2026-09-20T22:11:29.731248+00:00,200,7197.222,
2026-09-20T22:09:59.871340+00:00,200,97153.635,
2026-09-20T22:10:05.185989+00:00,200,91939.405,
2026-09-20T22:11:30.224644+00:00,200,7083.44,
2026-09-20T22:11:16.591158+00:00,200,20808.968,
2026-09-20T22:11:32.843854+00:00,200,4592.211,
2026-09-20T22:11:14.816835+00:00,200,22646.88,
2026-09-20T22:11:32.006913+00:00,200,5493.966,
2026-09-20T22:10:33.244002+00:00,200,64396.434,
2026-09-20T22:10:02.487773+00:00,200,95608.182,
2026-09-20T22:10:04.073393+00:00,200,94089.548,
2026-09-20T22:10:15.532386+00:00,200,82733.891,
2026-09-20T22:11:15.620653+00:00,200,22839.561,
2026-09-20T22:11:09.707778+00:00,200,28778.642,
2026-09-20T22:10:40.234273+00:00,200,58356.253,
2026-09-20T22:10:14.279348+00:00,200,84345.993,
2026-09-20T22:11:36.335335+00:00,200,2428.64,
2026-09-20T22:10:05.116746+00:00,200,93732.965,
2026-09-20T22:11:32.330628+00:00,200,6500.634,
2026-09-20T22:11:30.988654+00:00,200,7908.5,
2026-09-20T22:10:49.856826+00:00,200,49097.928,
2026-09-20T22:10:49.755048+00:00,200,49234.573,
2026-09-20T22:10:47.932703+00:00,200,51072.625,
2026-09-20T22:11:01.702936+00:00,200,37357.066,
2026-09-20T22:11:26.030665+00:00,200,13059.064,
2026-09-20T22:11:07.227660+00:00,200,31888.363,
2026-09-20T22:10:18.457958+00:00,200,80783.113,
2026-09-20T22:11:02.514316+00:00,200,36757.572,
2026-09-20T22:10:19.224448+00:00,200,80177.599,
2026-09-20T22:10:13.503789+00:00,200,85959.071,
2026-09-20T22:10:05.460099+00:00,200,94027.757,
2026-09-20T22:11:01.614543+00:00,200,38166.704,
2026-09-20T22:11:25.218374+00:00,200,14577.617,
2026-09-20T22:11:09.994702+00:00,200,29857.525,
2026-09-20T22:11:16.078292+00:00,200,23783.876,
2026-09-20T22:09:38.034042+00:00,200,121858.462,
2026-09-20T22:11:15.826483+00:00,200,24089.767,
2026-09-20T22:11:23.146969+00:00,200,16779.858,
2026-09-20T22:10:14.476678+00:00,200,85504.422,
2026-09-20T22:11:22.896575+00:00,200,17068.2,
2026-09-20T22:09:52.777417+00:00,200,107231.184,
2026-09-20T22:11:36.432166+00:00,200,3607.555,
2026-09-20T22:10:34.438721+00:00,200,65701.967,
2026-09-20T22:10:34.155798+00:00,200,66021.973,
2026-09-20T22:11:07.992947+00:00,200,32190.017,
2026-09-20T22:10:12.945472+00:00,200,87340.515,
2026-09-20T22:11:02.396231+00:00,200,38027.284,
2026-09-20T22:11:23.275883+00:00,200,17181.377,
2026-09-20T22:11:03.878849+00:00,200,36587.989,
2026-09-20T22:10:17.717268+00:00,200,82793.728,
2026-09-20T22:10:28.295857+00:00,200,72258.723,
2026-09-20T22:11:07.738111+00:00,200,32812.872,
2026-09-20T22:11:15.756080+00:00,200,24870.527,
2026-09-20T22:10:06.588959+00:00,200,94078.534,
2026-09-20T22:10:57.757902+00:00,200,42895.477,
2026-09-20T22:11:17.021707+00:00,200,23660.184,
2026-09-20T22:11:31.084691+00:00,200,9604.807,
2026-09-20T22:11:06.508178+00:00,200,34208.976,
2026-09-20T22:11:27.188883+00:00,200,13537.258,
2026-09-20T22:11:33.669493+00:00,200,7088.477,
2026-09-20T22:10:49.629834+00:00,200,51144.349,
2026-09-20T22:10:35.987605+00:00,200,64807.059,
2026-09-20T22:10:33.075372+00:00,200,67726.713,
2026-09-20T22:11:01.576097+00:00,200,39279.937,
2026-09-20T22:10:42.210907+00:00,200,58660.07,
2026-09-20T22:10:34.324295+00:00,200,66597.917,
2026-09-20T22:10:35.682690+00:00,200,65241.54,
2026-09-20T22:11:31.266028+00:00,200,9681.392,
2026-09-20T22:10:43.717591+00:00,200,57258.268,
2026-09-20T22:10:26.027887+00:00,200,74968.456,
2026-09-20T22:11:25.460806+00:00,200,15545.108,
2026-09-20T22:09:37.819916+00:00,200,123235.201,
2026-09-20T22:11:40.422109+00:00,200,612.394,
2026-09-20T22:10:23.242052+00:00,200,77823.225,
2026-09-20T22:10:03.911892+00:00,200,97167.71,
2026-09-20T22:11:22.742752+00:00,200,18331.447,
2026-09-20T22:10:43.859324+00:00,200,57220.698,
2026-09-20T22:10:28.542898+00:00,200,72545.508,
2026-09-20T22:10:01.550224+00:00,200,99570.95,
2026-09-20T22:11:24.522113+00:00,200,16637.056,
2026-09-20T22:11:31.109336+00:00,200,10063.888,
2026-09-20T22:11:35.770026+00:00,200,5415.18,
2026-09-20T22:10:33.416795+00:00,200,67788.776,
2026-09-20T22:10:43.212048+00:00,200,57991.627,
2026-09-20T22:11:34.120209+00:00,200,7082.1,
2026-09-20T22:10:05.004558+00:00,200,96240.543,
2026-09-20T22:10:32.637116+00:00,200,68596.651,
2026-09-20T22:11:15.474999+00:00,200,25765.153,
2026-09-20T22:09:47.854206+00:00,200,113419.943,
2026-09-20T22:11:32.175436+00:00,200,9087.331,
2026-09-20T22:11:02.210341+00:00,200,39071.972,
2026-09-20T22:11:22.490735+00:00,200,18805.468,
2026-09-20T22:11:35.722737+00:00,200,5581.536,
2026-09-20T22:11:06.544066+00:00,200,34787.503,
2026-09-20T22:09:44.327466+00:00,200,117027.675,
2026-09-20T22:11:30.798888+00:00,200,10534.694,
2026-09-20T22:11:30.891058+00:00,200,10454.331,
2026-09-20T22:10:50.136822+00:00,200,51217.349,
2026-09-20T22:11:15.823341+00:00,200,25545.163,
2026-09-20T22:10:36.299566+00:00,200,65107.381,
2026-09-20T22:11:24.199506+00:00,200,17209.512,
2026-09-20T22:11:09.062923+00:00,200,32360.519,
2026-09-20T22:10:25.556845+00:00,200,75884.916,
2026-09-20T22:11:06.938711+00:00,200,34492.889,
2026-09-20T22:10:17.702360+00:00,200,83757.192,
2026-09-20T22:11:22.718518+00:00,200,18727.699,
2026-09-20T22:10:02.453799+00:00,200,99025.776,
2026-09-20T22:11:17.070001+00:00,200,24389.573,
2026-09-20T22:11:35.894867+00:00,200,5567.884,
2026-09-20T22:11:22.095001+00:00,200,19385.943,
2026-09-20T22:10:50.547485+00:00,200,50936.992,
2026-09-20T22:11:25.262708+00:00,200,16221.312,
2026-09-20T22:10:58.837010+00:00,200,42666.129,
2026-09-20T22:11:35.734311+00:00,200,5773.977,
2026-09-20T22:11:32.236783+00:00,200,9279.924,
2026-09-20T22:11:41.331174+00:00,200,191.04,
2026-09-20T22:11:08.118438+00:00,200,33410.871,
2026-09-20T22:11:34.017653+00:00,200,7517.468,
2026-09-20T22:11:08.627872+00:00,200,32910.491,
2026-09-20T22:11:03.069532+00:00,200,38471.333,
2026-09-20T22:10:19.870842+00:00,200,81688.835,
2026-09-20T22:11:00.256156+00:00,200,41316.712,
2026-09-20T22:10:16.922666+00:00,200,84697.101,
2026-09-20T22:11:16.720130+00:00,200,24892.13,
2026-09-20T22:11:11.046431+00:00,200,30586.514,
2026-09-20T22:11:17.886720+00:00,200,23751.324,
2026-09-20T22:11:01.323033+00:00,200,40322.037,
2026-09-20T22:11:29.723183+00:00,200,11923.049,
2026-09-20T22:10:05.129584+00:00,200,96548.151,
2026-09-20T22:11:31.803767+00:00,200,9851.822,
2026-09-20T22:10:31.308317+00:00,200,70361.415,
2026-09-20T22:10:43.159809+00:00,200,58506.598,
2026-09-20T22:09:48.546940+00:00,200,113144.983,
2026-09-20T22:10:05.909113+00:00,200,95795.745,
2026-09-20T22:11:20.620960+00:00,200,21069.917,
2026-09-20T22:11:30.672523+00:00,200,11030.641,
2026-09-20T22:11:36.068882+00:00,200,5642.444,
2026-09-20T22:11:00.362610+00:00,200,41355.466,
2026-09-20T22:10:14.726141+00:00,200,87017.341,
2026-09-20T22:11:30.794871+00:00,200,10925.78,
2026-09-20T22:10:12.839237+00:00,200,88907.924,
2026-09-20T22:11:06.883619+00:00,200,34841.66,
2026-09-20T22:11:16.506506+00:00,200,25219.171,
2026-09-20T22:10:51.715482+00:00,200,50020.008,
2026-09-20T22:10:50.610241+00:00,200,51132.704,
2026-09-20T22:11:23.618549+00:00,200,18133.989,
2026-09-20T22:10:48.675211+00:00,200,53081.074,
2026-09-20T22:10:04.685283+00:00,200,97094.328,
2026-09-20T22:10:34.059022+00:00,200,67713.325,
2026-09-20T22:11:03.191964+00:00,200,38580.086,
2026-09-20T22:11:24.604890+00:00,200,17177.139,
2026-09-20T22:11:41.611652+00:00,200,171.703,
2026-09-20T22:11:32.552340+00:00,200,9235.553,
2026-09-20T22:11:22.897580+00:00,200,18896.469,
2026-09-20T22:11:08.906506+00:00,200,32901.22,
2026-09-20T22:11:22.948471+00:00,200,18860.303,
2026-09-20T22:11:34.615448+00:00,200,7227.931,
2026-09-20T22:11:04.053982+00:00,200,37791.269,
2026-09-20T22:10:14.795326+00:00,200,87080.199,
2026-09-20T22:11:09.648614+00:00,200,32211.911,
2026-09-20T22:10:46.750823+00:00,200,55125.541,
2026-09-20T22:11:23.177965+00:00,200,18740.906,
2026-09-20T22:11:09.135631+00:00,200,32801.609,
2026-09-20T22:09:55.844195+00:00,200,106120.734,
2026-09-20T22:11:36.155462+00:00,200,5800.616,
2026-09-20T22:11:16.467109+00:00,200,25502.36,
2026-09-20T22:11:31.714588+00:00,200,10269.469,
2026-09-20T22:11:03.583908+00:00,200,38412.473,
2026-09-20T22:09:55.883188+00:00,200,106142.28,
2026-09-20T22:11:32.362147+00:00,200,9646.975,
2026-09-20T22:11:29.367768+00:00,200,12646.343,
2026-09-20T22:11:33.143891+00:00,200,8877.521,
2026-09-20T22:11:34.756339+00:00,200,7270.507,
2026-09-20T22:11:33.116536+00:00,200,8913.332,
2026-09-20T22:11:33.159991+00:00,200,8872.173,
2026-09-20T22:11:41.843259+00:00,200,191.344,
2026-09-20T22:11:41.843952+00:00,200,205.579,
2026-09-20T22:11:08.238206+00:00,200,33816.382,
2026-09-20T22:11:32.690618+00:00,200,9378.291,
2026-09-20T22:11:31.963907+00:00,200,10109.957,
2026-09-20T22:10:05.250378+00:00,200,96854.806,
2026-09-20T22:10:50.408212+00:00,200,51705.246,
2026-09-20T22:11:22.831008+00:00,200,19289.913,
2026-09-20T22:11:35.314276+00:00,200,6808.929,
2026-09-20T22:11:41.918476+00:00,200,213.601,
2026-09-20T22:10:51.901353+00:00,200,50247.002,
2026-09-20T22:11:32.780185+00:00,200,9375.129,
2026-09-20T22:11:30.902698+00:00,200,11260.897,
2026-09-20T22:10:05.275031+00:00,200,96924.516,
2026-09-20T22:10:35.184420+00:00,200,67002.531,
2026-09-20T22:11:41.968847+00:00,200,225.138,
2026-09-20T22:10:32.499010+00:00,200,69708.222,
2026-09-20T22:10:48.529613+00:00,200,53677.318,
2026-09-20T22:11:23.598700+00:00,200,18614.0,
2026-09-20T22:10:47.723401+00:00,200,54508.304,
2026-09-20T22:11:14.066016+00:00,200,28166.036,
2026-09-20T22:11:24.167435+00:00,200,18070.751,
2026-09-20T22:10:31.359861+00:00,200,70902.993,
2026-09-20T22:11:32.055132+00:00,200,10200.537,
2026-09-20T22:11:13.295970+00:00,200,28963.402,
2026-09-20T22:11:01.125235+00:00,200,41136.075,
2026-09-20T22:11:29.370465+00:00,200,12900.847,
2026-09-20T22:11:15.525090+00:00,200,26748.547,
2026-09-20T22:10:49.713884+00:00,200,52574.81,
2026-09-20T22:11:11.939352+00:00,200,30371.229,
2026-09-20T22:11:01.007392+00:00,200,41305.072,
2026-09-20T22:11:01.841899+00:00,200,40482.583,
2026-09-20T22:11:23.394518+00:00,200,18964.269,
2026-09-20T22:11:32.027131+00:00,200,10332.779,
2026-09-20T22:10:32.663067+00:00,200,69707.423,
2026-09-20T22:10:35.390398+00:00,200,66999.664,
2026-09-20T22:10:04.435171+00:00,200,97982.317,
2026-09-20T22:10:29.779967+00:00,200,72626.163,
2026-09-20T22:11:02.005133+00:00,200,40397.689,
2026-09-20T22:10:59.428817+00:00,200,42993.108,
2026-09-20T22:11:08.302132+00:00,200,34120.643,
2026-09-20T22:10:33.984296+00:00,200,68448.679,
2026-09-20T22:11:23.358916+00:00,200,19077.837,
2026-09-20T22:10:42.841529+00:00,200,59635.111,
2026-09-20T22:11:16.079180+00:00,200,26399.106,
2026-09-20T22:11:19.009115+00:00,200,23498.263,
2026-09-20T22:11:25.442132+00:00,200,17066.506,
2026-09-20T22:10:18.931028+00:00,200,83627.26,
2026-09-20T22:10:50.957628+00:00,200,51585.776,
2026-09-20T22:10:45.189142+00:00,200,57356.973,
2026-09-20T22:11:28.343790+00:00,200,14221.642,
2026-09-20T22:11:18.983538+00:00,200,23583.901,
2026-09-20T22:09:55.200553+00:00,200,107396.697,
2026-09-20T22:10:59.841476+00:00,200,42742.958,
2026-09-20T22:11:23.572765+00:00,200,19012.451,
2026-09-20T22:11:02.557177+00:00,200,40031.1,
2026-09-20T22:11:14.904317+00:00,200,27685.284,
2026-09-20T22:11:31.631487+00:00,200,10959.846,
2026-09-20T22:10:52.256106+00:00,200,50339.836,
2026-09-20T22:10:43.321492+00:00,200,59278.504,
2026-09-20T22:11:23.540126+00:00,200,19058.286,
2026-09-20T22:11:22.333385+00:00,200,20267.544,
2026-09-20T22:10:25.728285+00:00,200,76932.132,
2026-09-20T22:10:43.137947+00:00,200,59516.572,
2026-09-20T22:11:23.207069+00:00,200,19445.833,
2026-09-20T22:11:35.408400+00:00,200,7246.629,
2026-09-20T22:10:18.315919+00:00,200,84361.442,
2026-09-20T22:10:45.658987+00:00,200,57004.824,
2026-09-20T22:10:49.820360+00:00,200,52845.325,
2026-09-20T22:11:28.981620+00:00,200,13737.696,
2026-09-20T22:11:25.428850+00:00,200,17294.822,
2026-09-20T22:10:14.227590+00:00,200,88522.385,
2026-09-20T22:11:33.519306+00:00,200,9229.908,
2026-09-20T22:11:10.299188+00:00,200,32468.497,
2026-09-20T22:11:30.522204+00:00,200,12270.21,
2026-09-20T22:10:44.719011+00:00,200,58080.123,
2026-09-20T22:11:35.945970+00:00,200,6852.313,
2026-09-20T22:10:23.732825+00:00,200,79082.677,
2026-09-20T22:10:50.830872+00:00,200,51976.423,
2026-09-20T22:10:49.785741+00:00,200,53024.995,
2026-09-20T22:11:02.130874+00:00,200,40748.553,
2026-09-20T22:11:09.999436+00:00,200,32882.748,
2026-09-20T22:10:25.548996+00:00,200,77348.299,
2026-09-20T22:11:06.093291+00:00,200,36795.832,
2026-09-20T22:11:39.114986+00:00,200,3776.474,
2026-09-20T22:11:36.303860+00:00,200,6591.105,
2026-09-20T22:11:20.428797+00:00,200,22470.207,
2026-09-20T22:11:24.899467+00:00,200,18003.081,
2026-09-20T22:11:35.419122+00:00,200,7486.92,
2026-09-20T22:09:58.800694+00:00,200,104132.856,
2026-09-20T22:11:20.937801+00:00,200,21976.217,
2026-09-20T22:11:23.174918+00:00,200,19758.776,
2026-09-20T22:10:50.220673+00:00,200,52725.303,
2026-09-20T22:10:34.608274+00:00,200,68354.219,
2026-09-20T22:11:01.329521+00:00,200,41683.626,
2026-09-20T22:10:07.561485+00:00,200,95478.03,
2026-09-20T22:11:06.385434+00:00,200,36635.507,
2026-09-20T22:10:10.727221+00:00,200,92320.543,
2026-09-20T22:11:15.496394+00:00,200,27532.482,
2026-09-20T22:11:16.593113+00:00,200,26440.046,
2026-09-20T22:11:01.078295+00:00,200,41960.239,
2026-09-20T22:11:31.456777+00:00,200,11584.87,
2026-09-20T22:10:50.645646+00:00,200,52403.136,
2026-09-20T22:11:33.156293+00:00,200,9894.419,
2026-09-20T22:09:44.358966+00:00,200,118720.193,
2026-09-20T22:11:30.602635+00:00,200,12547.455,
2026-09-20T22:11:08.887976+00:00,200,34267.566,
2026-09-20T22:10:25.493453+00:00,200,77680.547,
2026-09-20T22:11:32.412664+00:00,200,10755.336,
2026-09-20T22:10:42.267304+00:00,200,60910.342,
2026-09-20T22:11:25.420218+00:00,200,17758.051,
2026-09-20T22:09:56.938472+00:00,200,106268.343,
2026-09-20T22:11:00.481072+00:00,200,42708.718,
2026-09-20T22:11:24.138282+00:00,200,19170.527,
2026-09-20T22:11:00.561194+00:00,200,42753.992,
2026-09-20T22:10:28.666886+00:00,200,74662.325,
2026-09-20T22:10:25.839146+00:00,200,77497.233,
2026-09-20T22:11:41.250204+00:00,200,2079.045,
2026-09-20T22:11:09.976915+00:00,200,33358.603,
2026-09-20T22:10:42.110035+00:00,200,61234.812,
2026-09-20T22:10:19.690629+00:00,200,83732.618,
2026-09-20T22:11:31.364424+00:00,200,12049.069,
2026-09-20T22:10:48.939026+00:00,200,54505.388,
2026-09-20T22:11:42.255487+00:00,200,1202.557,
2026-09-20T22:10:24.628704+00:00,200,78851.362,
2026-09-20T22:10:09.113080+00:00,200,94403.539,
2026-09-20T22:10:06.870594+00:00,200,96732.097,
2026-09-20T22:11:08.429678+00:00,200,35166.946,
2026-09-20T22:11:30.986186+00:00,200,12643.064,
2026-09-20T22:11:28.533840+00:00,200,15165.107,
2026-09-20T22:11:22.894370+00:00,200,20810.414,
2026-09-20T22:11:38.242666+00:00,200,5475.969,
2026-09-20T22:11:03.637340+00:00,200,40109.065,
2026-09-20T22:10:52.236318+00:00,200,51520.086,
2026-09-20T22:10:49.531783+00:00,200,54236.879,
2026-09-20T22:09:59.508297+00:00,200,104310.34,
2026-09-20T22:10:34.627075+00:00,200,69228.052,
2026-09-20T22:10:18.243445+00:00,200,85633.218,
2026-09-20T22:11:41.723353+00:00,200,2165.852,
2026-09-20T22:10:08.663260+00:00,200,95282.141,
2026-09-20T22:11:15.938141+00:00,200,28007.312,
2026-09-20T22:10:58.018497+00:00,200,45948.792,
2026-09-20T22:11:20.712398+00:00,200,23475.546,
2026-09-20T22:10:57.423156+00:00,200,46774.464,
2026-09-20T22:11:43.340183+00:00,200,1011.13,
2026-09-20T22:11:08.872327+00:00,200,35514.04,
2026-09-20T22:11:41.808372+00:00,200,2607.725,
2026-09-20T22:10:49.665225+00:00,200,54762.206,
2026-09-20T22:11:00.503794+00:00,200,43967.569,
2026-09-20T22:11:22.848669+00:00,200,21629.999,
2026-09-20T22:11:22.534823+00:00,200,22043.519,
2026-09-20T22:10:58.843613+00:00,200,45744.372,
2026-09-20T22:11:07.573159+00:00,200,37036.279,
2026-09-20T22:11:41.983877+00:00,200,2742.537,
2026-09-20T22:11:27.435522+00:00,200,17302.679,
2026-09-20T22:11:18.255730+00:00,200,26555.904,
2026-09-20T22:11:30.834556+00:00,200,14010.847,
2026-09-20T22:11:04.765506+00:00,200,40112.363,
2026-09-20T22:11:42.943078+00:00,200,1941.971,
2026-09-20T22:11:25.600492+00:00,200,19293.294,
2026-09-20T22:10:35.610366+00:00,200,69307.176,
2026-09-20T22:10:26.979213+00:00,200,77951.813,
2026-09-20T22:11:33.940564+00:00,200,11011.398,
2026-09-20T22:11:23.252661+00:00,200,21720.127,
2026-09-20T22:11:11.581436+00:00,200,33403.8,
2026-09-20T22:11:32.454243+00:00,200,12544.046,
2026-09-20T22:10:16.144038+00:00,200,88886.074,
2026-09-20T22:11:21.599814+00:00,200,23436.407,
2026-09-20T22:10:34.220082+00:00,200,70829.245,
2026-09-20T22:11:23.227915+00:00,200,21870.057,
2026-09-20T22:10:07.760180+00:00,200,97390.263,
2026-09-20T22:10:19.707993+00:00,200,85516.22,
2026-09-20T22:11:07.273170+00:00,200,38029.735,
2026-09-20T22:11:32.789554+00:00,200,12532.611,
2026-09-20T22:11:24.726797+00:00,200,20612.724,
2026-09-20T22:11:38.763935+00:00,200,6612.106,
2026-09-20T22:11:16.674713+00:00,200,28756.307,
2026-09-20T22:10:47.370342+00:00,200,58174.036,
2026-09-20T22:10:58.378770+00:00,200,47175.566,
2026-09-20T22:10:54.969647+00:00,200,50593.625,
2026-09-20T22:11:28.388428+00:00,200,17198.527,
2026-09-20T22:11:11.789186+00:00,200,33818.774,
2026-09-20T22:11:32.129781+00:00,200,13483.384,
2026-09-20T22:11:11.990078+00:00,200,33702.55,
2026-09-20T22:11:21.531652+00:00,200,24192.577,
2026-09-20T22:11:42.660037+00:00,200,3069.513,
2026-09-20T22:11:10.287778+00:00,200,35462.563,
2026-09-20T22:11:35.793633+00:00,200,9969.989,
2026-09-20T22:10:05.244110+00:00,200,100563.28,
2026-09-20T22:11:12.618231+00:00,200,33267.706,
2026-09-20T22:11:32.922395+00:00,200,13069.959,
2026-09-20T22:11:17.681555+00:00,200,28331.645,
2026-09-20T22:10:33.078108+00:00,200,72951.036,
2026-09-20T22:10:59.930971+00:00,200,46152.024,
2026-09-20T22:11:16.021660+00:00,200,30089.176,
2026-09-20T22:11:22.040095+00:00,200,24102.7,
2026-09-20T22:10:44.916289+00:00,200,61296.809,
2026-09-20T22:11:03.194780+00:00,200,43132.282,
2026-09-20T22:11:23.727189+00:00,200,22607.532,
2026-09-20T22:10:33.900111+00:00,200,72453.313,
2026-09-20T22:09:38.547370+00:00,200,127840.2,
2026-09-20T22:11:30.465076+00:00,200,15931.574,
2026-09-20T22:10:49.680720+00:00,200,56727.631,
2026-09-20T22:11:28.667665+00:00,200,17761.97,
2026-09-20T22:10:03.454689+00:00,200,103034.883,
2026-09-20T22:11:33.210308+00:00,200,13288.42,
2026-09-20T22:11:28.037669+00:00,200,18469.842,
2026-09-20T22:11:40.771220+00:00,200,5741.905,
2026-09-20T22:10:03.440643+00:00,200,103166.231,
2026-09-20T22:10:45.624914+00:00,200,60981.981,
2026-09-20T22:11:08.664940+00:00,200,37973.89,
2026-09-20T22:10:10.372423+00:00,200,96314.494,
2026-09-20T22:11:03.801514+00:00,200,42983.245,
2026-09-20T22:11:18.609379+00:00,200,28207.877,
2026-09-20T22:10:51.569899+00:00,200,55258.087,
2026-09-20T22:11:22.631054+00:00,200,24237.217,
2026-09-20T22:11:14.528015+00:00,200,32346.302,
2026-09-20T22:11:33.509526+00:00,200,13396.854,
2026-09-20T22:10:15.417798+00:00,200,91594.428,
2026-09-20T22:11:32.623384+00:00,200,14428.065,
2026-09-20T22:11:33.261356+00:00,200,13801.37,
2026-09-20T22:11:27.763225+00:00,200,19366.533,
2026-09-20T22:10:37.463049+00:00,200,69704.326,
2026-09-20T22:10:58.429719+00:00,200,48788.758,
2026-09-20T22:11:22.761493+00:00,200,24512.399,
2026-09-20T22:10:43.179254+00:00,200,64118.598,
2026-09-20T22:11:42.891401+00:00,200,4441.769,
2026-09-20T22:11:16.197022+00:00,200,31148.218,
2026-09-20T22:11:22.159671+00:00,200,25213.749,
2026-09-20T22:11:02.060893+00:00,200,45392.859,
2026-09-20T22:11:24.206141+00:00,200,23271.477,
2026-09-20T22:11:43.177916+00:00,200,4385.523,
2026-09-20T22:10:18.761494+00:00,200,88862.586,
2026-09-20T22:11:33.506498+00:00,200,14174.315,
2026-09-20T22:10:26.543595+00:00,200,81150.86,
2026-09-20T22:10:59.590485+00:00,200,48151.84,
2026-09-20T22:11:23.692758+00:00,200,24053.442,
2026-09-20T22:11:42.362291+00:00,200,5392.205,
2026-09-20T22:11:31.437057+00:00,200,16333.862,
2026-09-20T22:11:32.446703+00:00,200,15329.488,
2026-09-20T22:10:00.226859+00:00,200,107578.246,
2026-09-20T22:10:43.148115+00:00,200,64641.061,
2026-09-20T22:10:04.247153+00:00,200,103568.806,
2026-09-20T22:10:48.154167+00:00,200,59658.289,
2026-09-20T22:11:39.464042+00:00,200,8352.005,
2026-09-20T22:11:29.810244+00:00,200,18026.185,
2026-09-20T22:11:22.473981+00:00,200,25380.069,
2026-09-20T22:10:26.824100+00:00,200,81058.662,
2026-09-20T22:11:00.966809+00:00,200,46930.882,
2026-09-20T22:11:22.588583+00:00,200,25333.191,
2026-09-20T22:11:32.713167+00:00,200,15214.065,
2026-09-20T22:10:49.140544+00:00,200,58804.637,
2026-09-20T22:10:16.661370+00:00,200,91346.042,
2026-09-20T22:10:06.546639+00:00,200,101486.378,
2026-09-20T22:10:53.044104+00:00,200,55015.552,
2026-09-20T22:11:31.691084+00:00,200,16378.193,
2026-09-20T22:09:50.278871+00:00,200,117829.174,
2026-09-20T22:10:17.630470+00:00,200,90478.478,
2026-09-20T22:10:21.741395+00:00,200,86366.968,
2026-09-20T22:11:35.294639+00:00,200,12802.826,
2026-09-20T22:10:47.757234+00:00,200,60358.211,
2026-09-20T22:10:20.963254+00:00,200,87177.172,
2026-09-20T22:10:19.060591+00:00,200,89093.663,
2026-09-20T22:09:47.568438+00:00,200,120593.268,
2026-09-20T22:11:00.709898+00:00,200,47433.064,
2026-09-20T22:11:41.225573+00:00,200,6918.509,
2026-09-20T22:11:41.724177+00:00,200,6439.659,
2026-09-20T22:11:15.478755+00:00,200,32691.184,
2026-09-20T22:11:01.417603+00:00,200,46782.058,
2026-09-20T22:11:00.626375+00:00,200,47580.292,
2026-09-20T22:11:08.427591+00:00,200,39793.78,
2026-09-20T22:10:14.948411+00:00,200,93297.034,
2026-09-20T22:10:45.587163+00:00,200,62643.02,
2026-09-20T22:11:06.116572+00:00,200,42112.864,
2026-09-20T22:10:49.554161+00:00,200,58684.054,
2026-09-20T22:10:43.985936+00:00,200,64274.779,
2026-09-20T22:11:16.402069+00:00,200,31891.39,
2026-09-20T22:11:43.011609+00:00,200,5290.146,
2026-09-20T22:10:02.372287+00:00,200,105972.805,
2026-09-20T22:11:18.194981+00:00,200,30130.319,
2026-09-20T22:11:14.580826+00:00,200,33747.976,
2026-09-20T22:10:59.746901+00:00,200,48592.915,
2026-09-20T22:10:15.205978+00:00,200,93158.162,
2026-09-20T22:11:09.693811+00:00,200,38660.008,
2026-09-20T22:11:07.066830+00:00,200,41290.358,
2026-09-20T22:10:24.469660+00:00,200,83901.935,
2026-09-20T22:11:09.055520+00:00,200,39308.219,
2026-09-20T22:11:10.701662+00:00,200,37672.311,
2026-09-20T22:11:00.217535+00:00,200,48160.209,
2026-09-20T22:11:19.337181+00:00,200,29067.85,
2026-09-20T22:11:38.986707+00:00,200,9423.21,
2026-09-20T22:11:43.441287+00:00,200,4969.569,
2026-09-20T22:11:23.719760+00:00,200,24698.484,
2026-09-20T22:11:33.146153+00:00,200,15287.686,
2026-09-20T22:10:04.959274+00:00,200,103501.26,
2026-09-20T22:11:35.284957+00:00,200,13171.18,
2026-09-20T22:11:43.023924+00:00,200,5433.012,
2026-09-20T22:10:33.764955+00:00,200,74707.888,
2026-09-20T22:10:02.250367+00:00,200,106256.132,
2026-09-20T22:10:58.636587+00:00,200,49848.832,
2026-09-20T22:09:56.131931+00:00,200,112377.165,
2026-09-20T22:11:38.139143+00:00,200,10351.053,
2026-09-20T22:11:23.339696+00:00,200,25160.107,
2026-09-20T22:11:13.679038+00:00,200,34830.155,
2026-09-20T22:11:27.002161+00:00,200,21512.79,
2026-09-20T22:11:09.786558+00:00,200,38748.573,
2026-09-20T22:11:33.664462+00:00,200,14887.225,
2026-09-20T22:11:13.470604+00:00,200,35082.594,
2026-09-20T22:11:35.053351+00:00,200,13503.98,
2026-09-20T22:11:26.804492+00:00,200,21758.595,
2026-09-20T22:11:35.933030+00:00,200,12632.268,
2026-09-20T22:11:44.424416+00:00,200,4142.426,
2026-09-20T22:11:29.753562+00:00,200,18867.308,
2026-09-20T22:10:49.217478+00:00,200,59416.563,
2026-09-20T22:10:47.535960+00:00,200,61101.525,
2026-09-20T22:11:33.203694+00:00,200,15432.041,
2026-09-20T22:10:50.391899+00:00,200,58254.261,
2026-09-20T22:10:19.878381+00:00,200,88790.242,
2026-09-20T22:10:50.257980+00:00,200,58399.991,
2026-09-20T22:10:07.837895+00:00,200,100852.084,
2026-09-20T22:11:22.323500+00:00,200,26349.961,
2026-09-20T22:10:39.804947+00:00,200,68883.606,
2026-09-20T22:11:42.253981+00:00,200,6439.709,
2026-09-20T22:10:49.656491+00:00,200,59051.813,
2026-09-20T22:10:04.251391+00:00,200,104488.362,
2026-09-20T22:11:16.799978+00:00,200,31919.092,
2026-09-20T22:11:02.265608+00:00,200,46458.651,
2026-09-20T22:11:42.588905+00:00,200,6140.73,
2026-09-20T22:10:54.613887+00:00,200,54133.75,
2026-09-20T22:11:43.889174+00:00,200,4887.56,
2026-09-20T22:11:01.966619+00:00,200,46812.611,
2026-09-20T22:11:48.551444+00:00,200,227.334,
2026-09-20T22:10:32.350507+00:00,200,76456.406,
2026-09-20T22:11:07.888201+00:00,200,40914.718,
2026-09-20T22:11:15.967213+00:00,200,32840.424,
2026-09-20T22:11:03.859594+00:00,200,44954.029,
2026-09-20T22:09:47.483699+00:00,200,121354.188,
2026-09-20T22:11:35.376314+00:00,200,13440.482,
2026-09-20T22:11:01.640748+00:00,200,47190.912,
2026-09-20T22:11:18.326919+00:00,200,30518.954,
2026-09-20T22:11:24.954393+00:00,200,23894.072,
2026-09-20T22:11:28.327327+00:00,200,20525.392,
2026-09-20T22:11:16.667180+00:00,200,32199.942,
2026-09-20T22:10:42.479065+00:00,200,66397.972,
2026-09-20T22:11:26.268777+00:00,200,22610.438,
2026-09-20T22:11:16.182582+00:00,200,32703.871,
2026-09-20T22:10:25.452109+00:00,200,83476.6,
2026-09-20T22:11:30.632237+00:00,200,18300.857,
2026-09-20T22:11:08.936254+00:00,200,40011.419,
2026-09-20T22:10:38.739680+00:00,200,70219.035,
2026-09-20T22:10:26.827571+00:00,200,82148.13,
2026-09-20T22:11:22.053239+00:00,200,26925.891,
2026-09-20T22:10:20.379671+00:00,200,88619.076,
2026-09-20T22:10:04.548920+00:00,200,104457.095,
2026-09-20T22:11:22.980045+00:00,200,26003.427,
2026-09-20T22:09:40.600458+00:00,200,128417.679,
2026-09-20T22:09:57.081313+00:00,200,111942.96,
2026-09-20T22:10:23.277336+00:00,200,85741.794,
2026-09-20T22:11:00.809298+00:00,200,48201.599,
2026-09-20T22:10:34.547524+00:00,200,74470.57,
2026-09-20T22:11:43.323905+00:00,200,5697.177,
2026-09-20T22:10:26.392174+00:00,200,82641.943,
2026-09-20T22:11:28.078888+00:00,200,20944.448,
2026-09-20T22:11:34.849128+00:00,200,14180.866,
2026-09-20T22:11:03.949281+00:00,200,45086.213,
2026-09-20T22:10:48.035071+00:00,200,61011.466,
2026-09-20T22:11:42.884605+00:00,200,6162.287,
2026-09-20T22:11:33.117503+00:00,200,15938.566,
2026-09-20T22:10:25.299473+00:00,200,83795.593,
2026-09-20T22:09:50.713993+00:00,200,118395.568,
2026-09-20T22:11:32.403041+00:00,200,16691.793,
2026-09-20T22:10:24.954373+00:00,200,84155.08,
2026-09-20T22:11:43.856660+00:00,200,5243.465,
2026-09-20T22:11:42.081326+00:00,200,7026.805,
2026-09-20T22:11:30.434232+00:00,200,18692.248,
2026-09-20T22:11:32.294721+00:00,200,16833.234,
2026-09-20T22:11:48.915856+00:00,200,224.865,
2026-09-20T22:10:43.347597+00:00,200,65803.367,
2026-09-20T22:11:23.522935+00:00,200,25625.186,
2026-09-20T22:10:03.922571+00:00,200,105252.504,
2026-09-20T22:11:48.932781+00:00,200,229.061,
2026-09-20T22:11:42.586849+00:00,200,6589.325,
2026-09-20T22:11:31.811156+00:00,200,17392.584,
2026-09-20T22:11:04.929561+00:00,200,44283.097,
2026-09-20T22:11:45.205948+00:00,200,4009.977,
2026-09-20T22:09:42.063555+00:00,200,127185.75,
2026-09-20T22:10:52.145078+00:00,200,57107.026,
2026-09-20T22:10:21.305675+00:00,200,87961.929,
2026-09-20T22:11:16.599314+00:00,200,32654.433,
2026-09-20T22:11:22.076732+00:00,200,27189.67,
2026-09-20T22:10:24.837237+00:00,200,84453.583,
2026-09-20T22:11:07.496177+00:00,200,41797.662,
2026-09-20T22:10:48.455607+00:00,200,60847.117,
2026-09-20T22:11:43.753811+00:00,200,5567.248,
2026-09-20T22:10:29.096520+00:00,200,80236.202,
2026-09-20T22:11:15.729061+00:00,200,33600.369,
2026-09-20T22:09:51.738915+00:00,200,117615.865,
2026-09-20T22:11:31.929398+00:00,200,17429.098,
2026-09-20T22:11:30.291126+00:00,200,19081.587,
2026-09-20T22:11:32.154997+00:00,200,17219.148,
2026-09-20T22:11:40.133364+00:00,200,9241.662,
2026-09-20T22:11:01.510018+00:00,200,47884.291,
2026-09-20T22:10:48.274449+00:00,200,61141.18,
2026-09-20T22:11:31.308752+00:00,200,18108.011,
2026-09-20T22:10:27.932494+00:00,200,81505.784,
2026-09-20T22:10:55.374412+00:00,200,54064.913,
2026-09-20T22:11:49.029770+00:00,200,417.769,
2026-09-20T22:11:33.187262+00:00,200,16262.615,
2026-09-20T22:11:20.115833+00:00,200,29342.011,
2026-09-20T22:10:42.880126+00:00,200,66603.682,
2026-09-20T22:11:14.486324+00:00,200,34999.772,
2026-09-20T22:11:16.595189+00:00,200,32894.098,
2026-09-20T22:10:07.548032+00:00,200,101981.262,
2026-09-20T22:10:10.704312+00:00,200,98828.016,
2026-09-20T22:10:19.096093+00:00,200,90437.876,
2026-09-20T22:09:41.127179+00:00,200,128416.98,
2026-09-20T22:10:42.405275+00:00,200,67125.057,
2026-09-20T22:11:08.176275+00:00,200,41352.065,
2026-09-20T22:11:34.681666+00:00,200,14846.826,
2026-09-20T22:10:37.668978+00:00,200,71872.03,
2026-09-20T22:10:16.080113+00:00,200,93501.211,
2026-09-20T22:11:24.608671+00:00,200,24957.442,
2026-09-20T22:11:25.437717+00:00,200,24133.248,
2026-09-20T22:10:21.213968+00:00,200,88376.393,
2026-09-20T22:11:33.526088+00:00,200,16052.155,
2026-09-20T22:11:48.845217+00:00,200,740.325,
2026-09-20T22:11:17.914184+00:00,200,31702.202,
2026-09-20T22:10:24.419567+00:00,200,85216.699,
2026-09-20T22:10:43.852285+00:00,200,65788.768,
2026-09-20T22:10:24.984184+00:00,200,84667.818,
2026-09-20T22:11:15.771568+00:00,200,33882.399,
2026-09-20T22:10:17.652438+00:00,200,92024.662,
2026-09-20T22:10:49.153506+00:00,200,60515.121,
2026-09-20T22:10:50.967555+00:00,200,58712.93,
2026-09-20T22:11:16.603860+00:00,200,33084.21,
2026-09-20T22:09:55.496829+00:00,200,114219.198,
2026-09-20T22:10:04.083108+00:00,200,105637.68,
2026-09-20T22:10:40.208611+00:00,200,69496.954,
2026-09-20T22:10:36.267617+00:00,200,73440.377,
2026-09-20T22:11:17.151300+00:00,200,32555.952,
2026-09-20T22:11:22.692541+00:00,200,27034.177,
2026-09-20T22:10:07.903724+00:00,200,101856.261,
2026-09-20T22:11:48.455928+00:00,200,1282.55,
2026-09-20T22:10:43.392389+00:00,200,66375.253,
2026-09-20T22:10:38.776000+00:00,200,70995.234,
2026-09-20T22:11:42.650142+00:00,200,7118.194,
2026-09-20T22:11:09.680903+00:00,200,40089.85,
2026-09-20T22:11:01.467705+00:00,200,48312.732,
2026-09-20T22:10:58.809092+00:00,200,50972.663,
2026-09-20T22:10:17.002677+00:00,200,92801.127,
2026-09-20T22:11:09.790286+00:00,200,39997.983,
2026-09-20T22:11:48.552352+00:00,200,1259.386,
2026-09-20T22:11:23.027497+00:00,200,26786.125,
2026-09-20T22:11:42.120512+00:00,200,7706.689,
2026-09-20T22:10:36.077126+00:00,200,73767.479,
2026-09-20T22:11:07.546557+00:00,200,42299.575,
2026-09-20T22:11:01.763401+00:00,200,48119.997,
2026-09-20T22:11:18.754290+00:00,200,31138.106,
2026-09-20T22:11:46.603053+00:00,200,3291.532,
2026-09-20T22:10:09.435940+00:00,200,100486.371,
2026-09-20T22:10:04.865427+00:00,200,105067.384,
2026-09-20T22:11:41.077881+00:00,200,8839.155,
2026-09-20T22:11:35.275223+00:00,200,14645.881,
2026-09-20T22:11:00.087791+00:00,200,49839.439,
2026-09-20T22:11:30.836259+00:00,200,19108.724,
2026-09-20T22:10:42.994823+00:00,200,66973.341,
2026-09-20T22:10:49.092649+00:00,200,60884.116,
2026-09-20T22:10:50.571065+00:00,200,59408.47,
2026-09-20T22:10:15.079632+00:00,200,94927.764,
2026-09-20T22:11:41.539493+00:00,200,8463.583,
2026-09-20T22:11:22.444441+00:00,200,27575.91,
2026-09-20T22:11:31.077938+00:00,200,18946.872,
2026-09-20T22:11:08.909403+00:00,200,41117.276,
2026-09-20T22:11:30.825860+00:00,200,19202.743,
2026-09-20T22:11:07.825622+00:00,200,42209.364,
2026-09-20T22:10:05.161767+00:00,200,104906.48,
2026-09-20T22:09:49.814870+00:00,200,120270.438,
2026-09-20T22:11:29.400104+00:00,200,20669.571,
2026-09-20T22:11:01.349107+00:00,200,48722.899,
2026-09-20T22:10:26.375432+00:00,200,83709.843,
2026-09-20T22:11:02.256850+00:00,200,47820.207,
2026-09-20T22:10:14.756186+00:00,200,95348.78,
2026-09-20T22:10:34.199139+00:00,200,75890.762,
2026-09-20T22:11:02.714081+00:00,200,47405.798,
2026-09-20T22:10:36.756020+00:00,200,73384.24,
2026-09-20T22:10:53.064949+00:00,200,57074.518,
2026-09-20T22:11:03.567119+00:00,200,46618.367,
2026-09-20T22:10:05.025117+00:00,200,105191.383,
2026-09-20T22:11:09.666284+00:00,200,40535.423,
2026-09-20T22:10:28.087352+00:00,200,82125.249,
2026-09-20T22:10:32.618260+00:00,200,77592.785,
2026-09-20T22:11:06.551411+00:00,200,43660.104,
2026-09-20T22:11:50.002954+00:00,200,225.322,
2026-09-20T22:11:29.083630+00:00,200,21156.928,
2026-09-20T22:10:34.663930+00:00,200,75592.581,
2026-09-20T22:11:32.488680+00:00,200,17778.993,
2026-09-20T22:11:15.464220+00:00,200,34808.981,
2026-09-20T22:11:45.992133+00:00,200,4282.373,
2026-09-20T22:11:42.749053+00:00,200,7549.805,
2026-09-20T22:11:40.794112+00:00,200,9513.532,
2026-09-20T22:10:50.363814+00:00,200,59948.1,
2026-09-20T22:11:00.055579+00:00,200,50265.577,
2026-09-20T22:11:40.651534+00:00,200,9669.472,
2026-09-20T22:11:48.340246+00:00,200,1982.174,
2026-09-20T22:11:42.726159+00:00,200,7600.646,
2026-09-20T22:11:17.029917+00:00,200,33298.676,
2026-09-20T22:10:33.898103+00:00,200,76462.945,
2026-09-20T22:11:31.915341+00:00,200,18440.933,
2026-09-20T22:10:41.206868+00:00,200,69156.39,
2026-09-20T22:11:36.184802+00:00,200,14176.118,
2026-09-20T22:10:43.296744+00:00,200,67075.115,
2026-09-20T22:10:05.085302+00:00,200,105307.735,
2026-09-20T22:11:40.984050+00:00,200,9397.172,
2026-09-20T22:11:18.390437+00:00,200,32003.804,
2026-09-20T22:11:48.163741+00:00,200,2233.168,
2026-09-20T22:11:49.322424+00:00,200,1078.659,
2026-09-20T22:11:21.271260+00:00,200,29132.682,
2026-09-20T22:10:39.580950+00:00,200,70833.838,
2026-09-20T22:10:35.117837+00:00,200,75305.991,
2026-09-20T22:10:00.624879+00:00,200,109831.376,
2026-09-20T22:11:07.885603+00:00,200,42574.164,
2026-09-20T22:11:33.515960+00:00,200,16954.797,
2026-09-20T22:11:06.635068+00:00,200,43837.612,
2026-09-20T22:11:23.371210+00:00,200,27107.102,
2026-09-20T22:11:32.146617+00:00,200,18346.283,
2026-09-20T22:09:53.406282+00:00,200,117134.798,
2026-09-20T22:11:31.212804+00:00,200,19308.35,
2026-09-20T22:10:21.737345+00:00,200,88802.667,
2026-09-20T22:11:39.964403+00:00,200,10565.282,
2026-09-20T22:11:46.513040+00:00,200,4020.747,
2026-09-20T22:11:10.548770+00:00,200,39999.829,
2026-09-20T22:10:08.438985+00:00,200,102164.633,
2026-09-20T22:11:17.025814+00:00,200,33568.938,
2026-09-20T22:11:21.087666+00:00,200,29527.772,
2026-09-20T22:11:47.604659+00:00,200,3019.24,
2026-09-20T22:11:32.282838+00:00,200,18352.509,
2026-09-20T22:11:42.310908+00:00,200,8329.919,
2026-09-20T22:11:23.162711+00:00,200,27485.605,
2026-09-20T22:10:13.409090+00:00,200,97265.0,
2026-09-20T22:11:01.727703+00:00,200,48924.556,
2026-09-20T22:10:37.758909+00:00,200,72898.377,
2026-09-20T22:10:05.357380+00:00,200,105322.527,
2026-09-20T22:10:58.078784+00:00,200,52580.673,
2026-09-20T22:10:45.545707+00:00,200,65116.748,
2026-09-20T22:11:09.292201+00:00,200,41386.194,
2026-09-20T22:11:31.501037+00:00,200,19219.599,
2026-09-20T22:11:41.330452+00:00,200,9394.5,
2026-09-20T22:11:48.693596+00:00,200,2032.804,
2026-09-20T22:11:21.969928+00:00,200,28758.23,
2026-09-20T22:10:08.451519+00:00,200,102308.603,
2026-09-20T22:10:47.636544+00:00,200,63105.842,
2026-09-20T22:11:32.476829+00:00,200,18274.44,
2026-09-20T22:11:30.355157+00:00,200,20400.755,
2026-09-20T22:11:41.430506+00:00,200,9325.98,
2026-09-20T22:11:31.350195+00:00,200,19411.617,
2026-09-20T22:11:50.307505+00:00,200,458.169,
2026-09-20T22:09:52.644480+00:00,200,118150.571,
2026-09-20T22:11:33.148715+00:00,200,17624.621,
2026-09-20T22:10:45.476433+00:00,200,65362.248,
2026-09-20T22:09:57.469063+00:00,200,113393.704,
2026-09-20T22:11:31.701077+00:00,200,19155.049,
2026-09-20T22:11:01.762448+00:00,200,49099.036,
2026-09-20T22:11:35.999407+00:00,200,14873.007,
2026-09-20T22:11:46.405308+00:00,200,4473.973,
2026-09-20T22:11:00.807922+00:00,200,50077.458,
2026-09-20T22:09:58.168057+00:00,200,112740.042,
2026-09-20T22:11:35.043897+00:00,200,15843.019,
2026-09-20T22:11:15.428686+00:00,200,35465.559,
2026-09-20T22:11:19.555997+00:00,200,31341.906,
2026-09-20T22:11:13.891051+00:00,200,37009.724,
2026-09-20T22:11:23.775467+00:00,200,27135.111,
2026-09-20T22:09:52.201132+00:00,200,118758.708,
2026-09-20T22:10:52.682261+00:00,200,58257.235,
2026-09-20T22:11:26.934389+00:00,200,24006.445,
2026-09-20T22:10:50.107962+00:00,200,60845.247,
2026-09-20T22:11:02.205132+00:00,200,48747.49,
2026-09-20T22:11:46.637761+00:00,200,4315.695,
2026-09-20T22:11:30.435500+00:00,200,20520.57,
2026-09-20T22:11:01.954466+00:00,200,49014.78,
2026-09-20T22:11:04.933712+00:00,200,46064.12,
2026-09-20T22:11:06.728878+00:00,200,44273.071,
2026-09-20T22:11:30.287995+00:00,200,20715.374,
2026-09-20T22:11:21.101173+00:00,200,29917.237,
2026-09-20T22:10:41.193111+00:00,200,69850.722,
2026-09-20T22:11:22.942597+00:00,200,28098.552,
2026-09-20T22:10:34.954784+00:00,200,76097.418,
2026-09-20T22:11:07.153845+00:00,200,43894.459,
2026-09-20T22:10:50.989673+00:00,200,60062.437,
2026-09-20T22:11:30.277713+00:00,200,20790.785,
2026-09-20T22:09:38.313615+00:00,200,132781.182,
2026-09-20T22:11:21.711913+00:00,200,29382.6,
2026-09-20T22:10:40.876340+00:00,200,70227.283,
2026-09-20T22:11:48.009077+00:00,200,3092.565,
2026-09-20T22:10:38.661098+00:00,200,72448.93,
2026-09-20T22:11:49.215869+00:00,200,1892.214,
2026-09-20T22:11:16.023478+00:00,200,35097.59,
2026-09-20T22:10:02.746807+00:00,200,108398.933,
2026-09-20T22:11:18.906021+00:00,200,32219.776,
2026-09-20T22:11:17.034103+00:00,200,34098.275,
2026-09-20T22:11:32.354116+00:00,200,18783.249,
2026-09-20T22:11:01.239313+00:00,200,49906.364,
2026-09-20T22:10:50.110991+00:00,200,61038.496,
2026-09-20T22:11:08.180970+00:00,200,42970.979,
2026-09-20T22:11:00.662419+00:00,200,50492.441,
2026-09-20T22:11:11.027009+00:00,200,40127.96,
2026-09-20T22:11:48.514561+00:00,200,2659.619,
2026-09-20T22:11:19.076198+00:00,200,32111.527,
2026-09-20T22:10:28.255310+00:00,200,82945.805,
2026-09-20T22:11:06.424777+00:00,200,44770.968,
2026-09-20T22:11:02.305455+00:00,200,48891.711,
2026-09-20T22:11:47.477167+00:00,200,3738.797,
2026-09-20T22:11:41.429101+00:00,200,9791.965,
2026-09-20T22:10:24.769924+00:00,200,86465.084,
2026-09-20T22:11:24.355497+00:00,200,26869.769,
2026-09-20T22:10:33.344278+00:00,200,77890.45,
2026-09-20T22:11:01.121334+00:00,200,50112.194,
2026-09-20T22:10:57.906593+00:00,200,53344.284,
2026-09-20T22:11:31.177856+00:00,200,20073.717,
2026-09-20T22:11:32.521692+00:00,200,18730.832,
2026-09-20T22:10:29.342240+00:00,200,81921.955,
2026-09-20T22:11:33.789825+00:00,200,17471.439,
2026-09-20T22:10:49.441880+00:00,200,61832.453,
2026-09-20T22:11:34.973334+00:00,200,16309.321,
2026-09-20T22:10:47.456642+00:00,200,63842.623,
2026-09-20T22:11:33.154604+00:00,200,18143.065,
2026-09-20T22:11:45.612933+00:00,200,5686.164,
2026-09-20T22:11:22.626975+00:00,200,28687.419,
2026-09-20T22:10:04.268442+00:00,200,107086.634,
2026-09-20T22:10:50.942974+00:00,200,60399.574,
2026-09-20T22:11:41.637480+00:00,200,9728.974,
2026-09-20T22:11:02.559982+00:00,200,48811.552,
2026-09-20T22:11:05.818187+00:00,200,45561.493,
2026-09-20T22:11:16.515275+00:00,200,34868.454,
2026-09-20T22:11:35.386999+00:00,200,15996.563,
2026-09-20T22:10:56.996475+00:00,200,54396.774,
2026-09-20T22:11:48.806892+00:00,200,2587.365,
2026-09-20T22:11:15.696172+00:00,200,35699.586,
2026-09-20T22:11:10.131467+00:00,200,41273.461,
2026-09-20T22:10:35.467711+00:00,200,75949.475,
2026-09-20T22:11:02.013751+00:00,200,49402.61,
2026-09-20T22:11:13.477122+00:00,200,37942.808,
2026-09-20T22:11:15.661171+00:00,200,35778.933,
2026-09-20T22:11:07.833011+00:00,200,43609.184,
2026-09-20T22:10:32.977744+00:00,200,78474.115,
2026-09-20T22:11:49.225207+00:00,200,2220.442,
2026-09-20T22:11:32.572464+00:00,200,18882.867,
2026-09-20T22:11:50.240193+00:00,200,1229.047,
2026-09-20T22:11:41.481657+00:00,200,9990.41,
2026-09-20T22:10:18.014194+00:00,200,93480.248,
2026-09-20T22:10:58.749532+00:00,200,52728.674,
2026-09-20T22:11:46.012561+00:00,200,5466.2,
2026-09-20T22:11:35.462725+00:00,200,16020.452,
2026-09-20T22:11:33.536882+00:00,200,17947.265,
2026-09-20T22:10:15.802939+00:00,200,95717.287,
2026-09-20T22:10:25.885636+00:00,200,85624.502,
2026-09-20T22:10:49.207450+00:00,200,62337.381,
2026-09-20T22:11:36.415692+00:00,200,15131.152,
2026-09-20T22:11:45.729505+00:00,200,5823.501,
2026-09-20T22:11:34.607609+00:00,200,16947.208,
2026-09-20T22:11:04.174837+00:00,200,47398.393,
2026-09-20T22:11:41.483689+00:00,200,10090.344,
2026-09-20T22:11:34.636463+00:00,200,16938.469,
2026-09-20T22:11:06.646291+00:00,200,44940.544,
2026-09-20T22:09:41.664350+00:00,200,129967.582,
2026-09-20T22:11:08.422339+00:00,200,43190.91,
2026-09-20T22:11:30.689864+00:00,200,20926.318,
2026-09-20T22:11:42.322998+00:00,200,9293.379,
2026-09-20T22:11:15.828039+00:00,200,35808.817,
2026-09-20T22:10:05.122201+00:00,200,106538.991,
2026-09-20T22:09:43.456103+00:00,200,128212.902,
2026-09-20T22:10:03.468644+00:00,200,108208.203,
2026-09-20T22:10:33.086148+00:00,200,78582.38,
2026-09-20T22:11:15.041755+00:00,200,36626.277,
2026-09-20T22:11:42.582767+00:00,200,9087.057,
2026-09-20T22:11:30.778434+00:00,200,20897.927,
2026-09-20T22:11:29.451558+00:00,200,22229.746,
2026-09-20T22:11:32.114042+00:00,200,19567.612,
2026-09-20T22:11:23.457233+00:00,200,28230.758,
2026-09-20T22:11:29.034069+00:00,200,22655.495,
2026-09-20T22:11:12.299620+00:00,200,39392.345,
2026-09-20T22:11:48.069000+00:00,200,3632.69,
2026-09-20T22:11:42.566899+00:00,200,9147.876,
2026-09-20T22:11:16.895581+00:00,200,34823.241,
2026-09-20T22:10:48.765590+00:00,200,62958.896,
2026-09-20T22:10:27.177141+00:00,200,84571.402,
2026-09-20T22:10:41.982794+00:00,200,69763.939,
2026-09-20T22:11:41.690407+00:00,200,10060.114,
2026-09-20T22:11:08.440650+00:00,200,43316.82,
2026-09-20T22:11:42.472187+00:00,200,9285.63,
2026-09-20T22:10:52.332733+00:00,200,59430.132,
2026-09-20T22:11:30.508312+00:00,200,21256.002,
2026-09-20T22:10:41.675639+00:00,200,70094.628,
2026-09-20T22:10:36.535691+00:00,200,75253.432,
2026-09-20T22:10:59.546804+00:00,200,52250.437,
2026-09-20T22:10:17.269501+00:00,200,94559.501,
2026-09-20T22:11:31.075614+00:00,200,20734.851,
2026-09-20T22:11:25.694627+00:00,200,26121.869,
2026-09-20T22:10:58.941142+00:00,200,52892.035,
2026-09-20T22:10:46.858400+00:00,200,64977.293,
2026-09-20T22:10:50.390885+00:00,200,61444.515,
2026-09-20T22:10:05.172313+00:00,200,106701.142,
2026-09-20T22:11:43.718550+00:00,200,8135.765,
2026-09-20T22:11:46.345757+00:00,200,5526.03,
2026-09-20T22:09:58.933645+00:00,200,112974.808,
2026-09-20T22:11:23.590211+00:00,200,28296.686,
2026-09-20T22:11:46.209102+00:00,200,5679.174,
2026-09-20T22:11:42.798168+00:00,200,9092.122,
2026-09-20T22:10:29.810023+00:00,200,82104.298,
2026-09-20T22:11:16.051867+00:00,200,35860.184,
2026-09-20T22:11:28.374715+00:00,200,23553.98,
2026-09-20T22:11:49.653202+00:00,200,2276.376,
2026-09-20T22:11:33.540545+00:00,200,18393.919,
2026-09-20T22:09:43.886709+00:00,200,128075.238,
2026-09-20T22:09:37.755476+00:00,200,134209.348,
2026-09-20T22:10:14.147820+00:00,200,97818.252,
2026-09-20T22:10:49.250121+00:00,200,62703.289,
2026-09-20T22:11:36.214106+00:00,200,15738.879,
2026-09-20T22:10:05.286031+00:00,200,106692.79,
2026-09-20T22:11:14.761614+00:00,200,37200.351,
2026-09-20T22:11:32.099234+00:00,200,19882.18,
2026-09-20T22:11:23.301414+00:00,200,28681.506,
2026-09-20T22:10:08.712714+00:00,200,103303.013,
2026-09-20T22:10:51.119660+00:00,200,60882.075,
2026-09-20T22:11:15.505121+00:00,200,36497.871,
2026-09-20T22:11:14.512345+00:00,200,37500.492,
2026-09-20T22:11:29.639221+00:00,200,22386.291,
2026-09-20T22:10:06.535583+00:00,200,105519.94,
2026-09-20T22:10:04.373879+00:00,200,107685.812,
2026-09-20T22:11:24.870067+00:00,200,27181.967,
2026-09-20T22:10:47.576966+00:00,200,64478.882,
2026-09-20T22:11:32.662429+00:00,200,19391.343,
2026-09-20T22:11:48.777662+00:00,200,3282.36,
2026-09-20T22:10:47.443498+00:00,200,64646.357,
2026-09-20T22:11:05.730300+00:00,200,46360.189,
2026-09-20T22:11:34.167207+00:00,200,17924.821,
2026-09-20T22:11:41.462657+00:00,200,10649.431,
2026-09-20T22:11:49.043156+00:00,200,3078.892,
2026-09-20T22:11:42.657470+00:00,200,9465.999,
2026-09-20T22:11:07.545605+00:00,200,44585.15,
2026-09-20T22:10:21.104799+00:00,200,91049.091,
2026-09-20T22:10:48.651106+00:00,200,63525.092,
2026-09-20T22:11:15.062418+00:00,200,37122.291,
2026-09-20T22:11:50.201638+00:00,200,1983.938,
2026-09-20T22:11:49.665445+00:00,200,2526.914,
2026-09-20T22:10:41.505506+00:00,200,70700.711,
2026-09-20T22:11:10.009040+00:00,200,42202.087,
2026-09-20T22:10:50.154988+00:00,200,62062.348,
2026-09-20T22:11:32.634105+00:00,200,19582.675,
2026-09-20T22:11:23.061287+00:00,200,29160.97,
2026-09-20T22:11:32.675337+00:00,200,19550.506,
2026-09-20T22:10:37.478936+00:00,200,74753.325,
2026-09-20T22:10:18.155253+00:00,200,94100.986,
2026-09-20T22:10:09.279222+00:00,200,102988.499,
2026-09-20T22:10:59.648043+00:00,200,52609.274,
2026-09-20T22:11:33.317881+00:00,200,18943.813,
2026-09-20T22:10:26.857827+00:00,200,85416.666,
2026-09-20T22:10:42.413714+00:00,200,69878.408,
2026-09-20T22:11:07.624740+00:00,200,44664.885,
2026-09-20T22:10:13.640343+00:00,200,98687.712,
2026-09-20T22:11:08.646851+00:00,200,43676.83,
2026-09-20T22:10:26.008226+00:00,200,86334.871,
2026-09-20T22:11:41.534990+00:00,200,10796.183,
2026-09-20T22:09:56.850354+00:00,200,115506.512,
2026-09-20T22:11:16.742949+00:00,200,35593.055,
2026-09-20T22:11:42.175688+00:00,200,10173.726,
2026-09-20T22:11:43.028197+00:00,200,9330.835,
2026-09-20T22:10:38.718397+00:00,200,73657.051,
2026-09-20T22:10:04.880292+00:00,200,107520.709,
2026-09-20T22:11:27.800760+00:00,200,24578.352,
2026-09-20T22:11:31.071015+00:00,200,21324.989,
2026-09-20T22:10:22.849318+00:00,200,89570.861,
2026-09-20T22:11:07.635634+00:00,200,44777.767,
2026-09-20T22:11:41.400384+00:00,200,11013.706,
2026-09-20T22:11:47.985266+00:00,200,4435.712,
2026-09-20T22:10:31.691973+00:00,200,80766.553,
2026-09-20T22:11:31.403467+00:00,200,21053.15,
2026-09-20T22:11:48.355998+00:00,200,4110.352,
2026-09-20T22:11:05.226131+00:00,200,47250.705,
2026-09-20T22:10:47.164665+00:00,200,65314.788,
2026-09-20T22:11:41.280877+00:00,200,11201.914,
2026-09-20T22:11:23.246509+00:00,200,29238.025,
2026-09-20T22:11:16.349039+00:00,200,36143.633,
2026-09-20T22:11:33.201552+00:00,200,19297.136,
2026-09-20T22:11:34.241872+00:00,200,18263.773,
2026-09-20T22:11:05.923742+00:00,200,46588.192,
2026-09-20T22:10:48.141373+00:00,200,64376.222,
2026-09-20T22:11:01.205884+00:00,200,51311.232,
2026-09-20T22:11:02.647779+00:00,200,49879.104,
2026-09-20T22:10:43.128378+00:00,200,69403.78,
2026-09-20T22:10:34.083174+00:00,200,78453.965,
2026-09-20T22:11:33.147386+00:00,200,19389.305,
2026-09-20T22:11:08.111885+00:00,200,44426.521,
2026-09-20T22:11:43.161266+00:00,200,9381.484,
2026-09-20T22:10:51.446053+00:00,200,61109.331,
2026-09-20T22:11:40.725872+00:00,200,11832.137,
2026-09-20T22:11:23.632701+00:00,200,28929.13,
2026-09-20T22:10:53.356415+00:00,200,59229.215,
2026-09-20T22:10:17.868463+00:00,200,94736.705,
2026-09-20T22:11:41.458982+00:00,200,11136.568,
2026-09-20T22:11:11.798525+00:00,200,40800.517,
2026-09-20T22:10:05.170618+00:00,200,107457.612,
2026-09-20T22:11:47.870955+00:00,200,4746.54,
2026-09-20T22:11:04.523971+00:00,200,48099.32,
2026-09-20T22:11:45.339117+00:00,200,7291.771,
2026-09-20T22:11:48.221551+00:00,200,4410.788,
2026-09-20T22:11:49.726192+00:00,200,2910.963,
2026-09-20T22:11:35.496490+00:00,200,17150.839,
2026-09-20T22:11:33.158121+00:00,200,19492.21,
2026-09-20T22:11:22.347947+00:00,200,30305.697,
2026-09-20T22:11:07.385273+00:00,200,45273.779,
2026-09-20T22:10:03.535945+00:00,200,109157.51,
2026-09-20T22:11:44.586189+00:00,200,8088.84,
2026-09-20T22:11:50.024493+00:00,200,2653.489,
2026-09-20T22:10:24.781450+00:00,200,87911.914,
2026-09-20T22:11:15.204356+00:00,200,37477.78,
2026-09-20T22:11:29.516543+00:00,200,23185.374,
2026-09-20T22:10:39.384990+00:00,200,73330.557,
2026-09-20T22:11:08.312995+00:00,200,44398.501,
2026-09-20T22:10:15.320444+00:00,200,97428.26,
2026-09-20T22:11:44.187438+00:00,200,8542.72,
2026-09-20T22:11:32.096178+00:00,200,20634.552,
2026-09-20T22:10:15.709817+00:00,200,97071.104,
2026-09-20T22:10:52.346909+00:00,200,60422.532,
2026-09-20T22:11:29.727849+00:00,200,23039.657,
2026-09-20T22:11:30.286024+00:00,200,22500.256,
2026-09-20T22:11:48.745300+00:00,200,4056.766,
2026-09-20T22:11:27.307238+00:00,200,25497.424,
2026-09-20T22:11:31.264370+00:00,200,21543.689,
2026-09-20T22:11:49.100051+00:00,200,3710.178,
2026-09-20T22:10:05.187691+00:00,200,107646.929,
2026-09-20T22:10:18.893520+00:00,200,93938.407,
2026-09-20T22:10:43.664267+00:00,200,69153.654,
2026-09-20T22:10:39.810356+00:00,200,73017.216,
2026-09-20T22:10:39.037774+00:00,200,73795.791,
2026-09-20T22:10:09.529349+00:00,200,103330.349,
2026-09-20T22:11:29.561903+00:00,200,23290.827,
2026-09-20T22:10:40.394124+00:00,200,72469.081,
2026-09-20T22:09:43.730642+00:00,200,129152.316,
2026-09-20T22:11:48.718359+00:00,200,4140.982,
2026-09-20T22:11:43.041439+00:00,200,9847.841,
2026-09-20T22:10:19.970954+00:00,200,92937.647,
2026-09-20T22:11:09.985632+00:00,200,42908.859,
2026-09-20T22:11:42.013873+00:00,200,10893.727,
2026-09-20T22:11:08.058374+00:00,200,44853.668,
2026-09-20T22:11:22.961630+00:00,200,29952.974,
2026-09-20T22:11:16.331948+00:00,200,36594.68,
2026-09-20T22:10:31.271521+00:00,200,81666.771,
2026-09-20T22:10:12.641334+00:00,200,100326.697,
2026-09-20T22:11:30.102608+00:00,200,22855.045,
2026-09-20T22:11:39.851338+00:00,200,13109.558,
2026-09-20T22:11:28.002239+00:00,200,24961.444,
2026-09-20T22:11:00.139757+00:00,200,52827.792,
2026-09-20T22:11:31.909324+00:00,200,21071.648,
2026-09-20T22:11:07.123240+00:00,200,45870.475,
2026-09-20T22:11:45.430352+00:00,200,7565.993,
2026-09-20T22:11:01.277168+00:00,200,51721.849,
2026-09-20T22:11:15.663200+00:00,200,37341.388,
2026-09-20T22:10:43.613271+00:00,200,69401.033,
2026-09-20T22:11:30.330278+00:00,200,22680.548,
2026-09-20T22:10:04.941297+00:00,200,108098.527,
2026-09-20T22:10:50.697062+00:00,200,62323.803,
2026-09-20T22:11:03.494356+00:00,200,49550.975,
2026-09-20T22:11:24.741728+00:00,200,28312.719,
2026-09-20T22:10:51.843104+00:00,200,61218.851,
2026-09-20T22:10:51.502180+00:00,200,61562.454,
2026-09-20T22:11:43.032523+00:00,200,10040.999,
2026-09-20T22:10:59.077621+00:00,200,54021.748,
2026-09-20T22:11:10.432160+00:00,200,42681.912,
2026-09-20T22:11:10.136599+00:00,200,42987.5,
2026-09-20T22:11:25.096657+00:00,200,28031.219,
2026-09-20T22:10:32.262646+00:00,200,80876.102,
2026-09-20T22:10:42.148373+00:00,200,70987.148,
2026-09-20T22:10:05.229753+00:00,200,107926.808,
2026-09-20T22:11:00.228697+00:00,200,52909.881,
2026-09-20T22:11:32.697033+00:00,200,20441.307,
2026-09-20T22:09:45.838544+00:00,200,127339.264,
2026-09-20T22:10:45.784466+00:00,200,67390.429,
2026-09-20T22:10:10.163362+00:00,200,103032.217,
2026-09-20T22:10:25.215964+00:00,200,87974.805,
2026-09-20T22:11:31.862881+00:00,200,21316.336,
2026-09-20T22:11:48.436580+00:00,200,4776.743,
2026-09-20T22:11:07.517128+00:00,200,45709.108,
2026-09-20T22:11:23.554764+00:00,200,29675.096,
2026-09-20T22:11:23.884756+00:00,200,29353.301,
2026-09-20T22:10:58.614188+00:00,200,54642.667,
2026-09-20T22:11:27.852022+00:00,200,25415.792,
2026-09-20T22:10:54.137915+00:00,200,59136.083,
2026-09-20T22:11:35.485129+00:00,200,17819.253,
2026-09-20T22:10:56.367484+00:00,200,56944.792,
2026-09-20T22:10:44.093365+00:00,200,69223.061,
2026-09-20T22:11:35.985886+00:00,200,17327.07,
2026-09-20T22:11:42.647868+00:00,200,10670.636,
2026-09-20T22:11:07.719652+00:00,200,45632.264,
2026-09-20T22:11:08.122569+00:00,200,45247.089,
2026-09-20T22:11:08.034318+00:00,200,45339.877,
2026-09-20T22:11:06.963692+00:00,200,46411.553,
2026-09-20T22:10:42.916370+00:00,200,70475.964,
2026-09-20T22:10:38.310438+00:00,200,75098.304,
2026-09-20T22:11:42.662722+00:00,200,10745.695,
2026-09-20T22:11:42.436354+00:00,200,10976.43,
2026-09-20T22:11:42.421750+00:00,200,10992.035,
2026-09-20T22:11:08.848386+00:00,200,44583.0,
2026-09-20T22:11:09.373584+00:00,200,44072.788,
2026-09-20T22:11:40.039660+00:00,200,13410.697,
2026-09-20T22:10:24.036664+00:00,200,89443.093,
2026-09-20T22:09:38.123106+00:00,200,135369.208,
2026-09-20T22:11:47.740562+00:00,200,5730.105,
2026-09-20T22:10:13.693828+00:00,200,99807.487,
2026-09-20T22:11:18.978144+00:00,200,34502.471,
2026-09-20T22:10:33.272284+00:00,200,80229.098,
2026-09-20T22:10:04.812908+00:00,200,108707.03,
2026-09-20T22:10:37.699194+00:00,200,75817.205,
2026-09-20T22:11:30.176645+00:00,200,23334.432,
2026-09-20T22:11:16.892608+00:00,200,36620.964,
2026-09-20T22:11:31.513686+00:00,200,22004.429,
2026-09-20T22:11:40.716044+00:00,200,12806.094,
2026-09-20T22:11:41.480523+00:00,200,12059.311,
2026-09-20T22:11:49.779882+00:00,200,3764.764,
2026-09-20T22:10:31.981951+00:00,200,81575.543,
2026-09-20T22:11:31.765368+00:00,200,21790.692,
2026-09-20T22:10:20.742735+00:00,200,92841.868,
2026-09-20T22:11:00.832961+00:00,200,52736.598,
2026-09-20T22:11:49.573660+00:00,200,3997.628,
2026-09-20T22:09:48.559351+00:00,200,125053.052,
2026-09-20T22:11:26.571500+00:00,200,27026.171,
2026-09-20T22:11:21.693888+00:00,200,31906.935,
2026-09-20T22:11:49.211312+00:00,200,4389.989,
2026-09-20T22:11:48.376030+00:00,200,5235.425,
2026-09-20T22:11:22.936400+00:00,200,30683.784,
2026-09-20T22:11:42.540633+00:00,200,11087.086,
2026-09-20T22:10:52.365754+00:00,200,61267.641,
2026-09-20T22:10:58.479288+00:00,200,55162.703,
2026-09-20T22:11:22.593267+00:00,200,31059.747,
2026-09-20T22:10:23.476052+00:00,200,90227.73,
2026-09-20T22:11:42.032008+00:00,200,11658.808,
2026-09-20T22:11:49.577983+00:00,200,4128.231,
2026-09-20T22:10:45.852928+00:00,200,67868.939,
2026-09-20T22:09:49.715143+00:00,200,124041.954,
2026-09-20T22:11:07.617414+00:00,200,46119.733,
2026-09-20T22:10:40.418988+00:00,200,73324.223,
2026-09-20T22:11:15.388698+00:00,200,38352.575,
2026-09-20T22:10:34.193890+00:00,200,79564.365,
2026-09-20T22:11:31.556092+00:00,200,22212.32,
2026-09-20T22:10:49.543091+00:00,200,64267.004,
2026-09-20T22:10:52.667263+00:00,200,61149.946,
2026-09-20T22:11:21.847487+00:00,200,31971.733,
2026-09-20T22:09:39.012695+00:00,200,134832.827,
2026-09-20T22:10:42.724885+00:00,200,71108.372,
2026-09-20T22:10:07.285621+00:00,200,106567.529,
2026-09-20T22:11:22.181474+00:00,200,31651.748,
2026-09-20T22:11:19.221738+00:00,200,34617.495,
2026-09-20T22:10:58.206323+00:00,200,55648.415,
2026-09-20T22:11:49.837826+00:00,200,4024.204,
2026-09-20T22:11:17.038420+00:00,200,36832.854,
2026-09-20T22:10:41.810277+00:00,200,72079.385,
2026-09-20T22:10:52.314268+00:00,200,61580.989,
2026-09-20T22:10:59.785113+00:00,200,54130.171,
2026-09-20T22:10:17.538146+00:00,200,96400.726,
2026-09-20T22:10:48.297602+00:00,200,65630.332,
2026-09-20T22:11:16.621430+00:00,200,37320.752,
2026-09-20T22:11:36.243536+00:00,200,17702.42,
2026-09-20T22:11:42.228366+00:00,200,11735.773,
2026-09-20T22:10:59.752619+00:00,200,54223.104,
2026-09-20T22:11:07.645437+00:00,200,46333.199,
2026-09-20T22:11:24.001716+00:00,200,29980.632,
2026-09-20T22:11:04.266671+00:00,200,49725.088,
2026-09-20T22:11:24.597552+00:00,200,29399.473,
2026-09-20T22:11:29.184154+00:00,200,24813.891,
2026-09-20T22:10:26.273802+00:00,200,87754.299,
2026-09-20T22:11:24.756728+00:00,200,29284.428,
2026-09-20T22:10:19.498318+00:00,200,94583.583,
2026-09-20T22:11:41.725058+00:00,200,12346.117,
2026-09-20T22:10:35.520441+00:00,200,78581.255,
2026-09-20T22:10:44.953430+00:00,200,69145.728,
2026-09-20T22:10:22.099659+00:00,200,92034.815,
2026-09-20T22:10:49.805117+00:00,200,64318.418,
2026-09-20T22:10:50.853050+00:00,200,63272.135,
2026-09-20T22:11:31.732533+00:00,200,22393.013,
2026-09-20T22:11:29.922478+00:00,200,24220.093,
2026-09-20T22:11:37.435983+00:00,200,16712.204,
2026-09-20T22:11:47.775934+00:00,200,6382.512,
2026-09-20T22:11:01.905098+00:00,200,52269.702,
2026-09-20T22:10:51.412083+00:00,200,62773.26,
2026-09-20T22:11:42.508295+00:00,200,11685.14,
2026-09-20T22:11:15.530617+00:00,200,38669.942,
2026-09-20T22:11:31.344604+00:00,200,22864.628,
2026-09-20T22:10:18.014939+00:00,200,96217.629,
2026-09-20T22:11:29.745963+00:00,200,24468.512,
2026-09-20T22:10:59.080320+00:00,200,55136.647,
2026-09-20T22:10:24.333854+00:00,200,89911.147,
2026-09-20T22:11:03.041875+00:00,200,51212.534,
2026-09-20T22:11:50.367409+00:00,200,3886.317,
2026-09-20T22:11:49.527202+00:00,200,4750.507,
2026-09-20T22:11:50.320864+00:00,200,3959.564,
2026-09-20T22:10:42.212570+00:00,200,72077.615,
2026-09-20T22:11:01.343532+00:00,200,52943.997,
2026-09-20T22:11:48.228186+00:00,200,6070.727,
2026-09-20T22:11:27.888038+00:00,200,26417.811,
2026-09-20T22:11:41.501391+00:00,200,12811.591,
2026-09-20T22:11:28.626908+00:00,200,25694.666,
2026-09-20T22:11:15.913310+00:00,200,38409.9,
2026-09-20T22:10:59.219199+00:00,200,55119.923,
2026-09-20T22:10:22.305032+00:00,200,92051.986,
2026-09-20T22:10:22.749726+00:00,200,91611.304,
2026-09-20T22:10:14.601263+00:00,200,99769.416,
2026-09-20T22:11:40.854551+00:00,200,13502.787,
2026-09-20T22:11:18.219474+00:00,200,36149.645,
2026-09-20T22:10:35.039292+00:00,200,79342.442,
2026-09-20T22:11:40.787984+00:00,200,13588.043,
2026-09-20T22:10:53.307005+00:00,200,61072.844,
2026-09-20T22:11:41.445816+00:00,200,12951.02,
2026-09-20T22:11:14.073512+00:00,200,40325.706,
2026-09-20T22:11:35.818382+00:00,200,18582.358,
2026-09-20T22:11:49.437075+00:00,200,4963.883,
2026-09-20T22:11:05.624428+00:00,200,48807.039,
2026-09-20T22:11:31.339185+00:00,200,23094.915,
2026-09-20T22:11:19.675589+00:00,200,34763.192,
2026-09-20T22:11:34.666083+00:00,200,19773.306,
2026-09-20T22:11:48.813826+00:00,200,5635.028,
2026-09-20T22:10:09.724414+00:00,200,104767.164,
2026-09-20T22:10:41.815443+00:00,200,72660.422,
2026-09-20T22:11:29.973158+00:00,200,24509.377,
2026-09-20T22:11:25.831338+00:00,200,28663.753,
2026-09-20T22:11:32.650285+00:00,200,21850.257,
2026-09-20T22:10:17.654176+00:00,200,96868.691,
2026-09-20T22:11:35.856853+00:00,200,18647.198,
2026-09-20T22:11:32.569506+00:00,200,21966.119,
2026-09-20T22:10:46.088902+00:00,200,68450.693,
2026-09-20T22:10:50.193129+00:00,200,64347.045,
2026-09-20T22:11:39.221416+00:00,200,15323.548,
2026-09-20T22:10:58.183712+00:00,200,56387.652,
2026-09-20T22:10:40.770360+00:00,200,73804.622,
2026-09-20T22:11:30.774738+00:00,200,23797.703,
2026-09-20T22:10:14.273677+00:00,200,100323.354,
2026-09-20T22:11:46.867783+00:00,200,7709.344,
2026-09-20T22:11:38.601593+00:00,200,15976.659,
2026-09-20T22:10:14.141385+00:00,200,100463.859,
2026-09-20T22:11:23.551944+00:00,200,31038.183,
2026-09-20T22:11:48.499313+00:00,200,6098.043,
2026-09-20T22:11:31.503846+00:00,200,23095.344,
2026-09-20T22:11:08.006655+00:00,200,46603.702,
2026-09-20T22:11:32.715753+00:00,200,21895.666,
2026-09-20T22:11:48.338054+00:00,200,6295.435,
2026-09-20T22:11:50.033820+00:00,200,4605.102,
2026-09-20T22:11:22.646881+00:00,200,31997.949,
2026-09-20T22:11:22.030700+00:00,200,32622.158,
2026-09-20T22:11:35.882338+00:00,200,18790.183,
2026-09-20T22:10:35.065643+00:00,200,79615.227,
2026-09-20T22:11:15.520018+00:00,200,39160.427,
2026-09-20T22:10:50.502807+00:00,200,64190.486,
2026-09-20T22:10:28.954096+00:00,200,85763.305,
2026-09-20T22:11:46.498506+00:00,200,8220.829,
2026-09-20T22:11:33.824303+00:00,200,20902.789,
2026-09-20T22:11:49.108029+00:00,200,5619.733,
2026-09-20T22:11:50.019814+00:00,200,4710.772,
2026-09-20T22:11:01.067204+00:00,200,53672.177,
2026-09-20T22:11:00.504876+00:00,200,54235.584,
2026-09-20T22:11:24.601198+00:00,200,30141.786,
2026-09-20T22:11:32.374054+00:00,200,22377.071,
2026-09-20T22:11:39.861564+00:00,200,14889.904,
2026-09-20T22:11:46.081283+00:00,200,8704.987,
2026-09-20T22:11:32.927049+00:00,200,21865.347,
2026-09-20T22:11:30.305879+00:00,200,24497.63,
2026-09-20T22:10:18.451433+00:00,200,96371.987,
2026-09-20T22:11:48.485091+00:00,200,6328.252,
2026-09-20T22:10:25.727279+00:00,200,89102.477,
2026-09-20T22:10:15.075331+00:00,200,99777.583,
2026-09-20T22:10:47.063598+00:00,200,67781.768,
2026-09-20T22:11:49.010683+00:00,200,5840.886,
2026-09-20T22:10:04.631145+00:00,200,110249.345,
2026-09-20T22:11:32.174627+00:00,200,22694.071,
2026-09-20T22:11:49.096193+00:00,200,5792.642,
2026-09-20T22:10:42.361203+00:00,200,72538.579,
2026-09-20T22:11:03.715077+00:00,200,51187.653,
2026-09-20T22:10:18.253009+00:00,200,96672.549,
2026-09-20T22:10:33.080901+00:00,200,81857.746,
2026-09-20T22:11:50.061244+00:00,200,4871.875,
2026-09-20T22:11:42.396351+00:00,200,12543.912,
2026-09-20T22:10:36.922644+00:00,200,78024.911,
2026-09-20T22:11:42.073688+00:00,200,12877.768,
2026-09-20T22:11:16.480187+00:00,200,38475.801,
2026-09-20T22:11:36.288569+00:00,200,18667.399,
2026-09-20T22:11:01.696451+00:00,200,53265.291,
2026-09-20T22:11:42.598020+00:00,200,12364.313,
2026-09-20T22:11:30.748124+00:00,200,24221.531,
2026-09-20T22:11:33.544449+00:00,200,21432.501,
2026-09-20T22:10:17.516772+00:00,200,97488.591,
2026-09-20T22:10:02.937085+00:00,200,112072.865,
2026-09-20T22:11:32.816057+00:00,200,22187.653,
2026-09-20T22:10:17.717878+00:00,200,97306.821,
2026-09-20T22:11:09.012727+00:00,200,45993.543,
2026-09-20T22:11:42.801303+00:00,200,12221.673,
2026-09-20T22:11:40.643666+00:00,200,14381.732,
2026-09-20T22:10:59.696369+00:00,200,55348.092,
2026-09-20T22:11:44.469729+00:00,200,10575.693,
2026-09-20T22:11:36.885125+00:00,200,18166.33,
2026-09-20T22:10:58.817401+00:00,200,56236.293,
2026-09-20T22:11:37.632603+00:00,200,17446.6,
2026-09-20T22:11:49.881796+00:00,200,5198.939,
2026-09-20T22:10:48.451695+00:00,200,66644.68,
2026-09-20T22:11:16.080098+00:00,200,39050.499,
2026-09-20T22:11:39.002082+00:00,200,16137.333,
2026-09-20T22:10:16.481992+00:00,200,98695.156,
2026-09-20T22:11:00.587390+00:00,200,54570.519,
2026-09-20T22:11:35.324342+00:00,200,19835.187,
2026-09-20T22:11:15.021589+00:00,200,40139.038,
2026-09-20T22:11:32.676282+00:00,200,22494.511,
2026-09-20T22:10:36.551850+00:00,200,78631.086,
2026-09-20T22:10:39.778750+00:00,200,75408.094,
2026-09-20T22:11:22.423653+00:00,200,32776.009,
2026-09-20T22:11:43.182892+00:00,200,12016.875,
2026-09-20T22:10:35.436597+00:00,200,79772.737,
2026-09-20T22:11:42.905916+00:00,200,12301.695,
2026-09-20T22:11:16.476876+00:00,200,38739.258,
2026-09-20T22:11:49.374889+00:00,200,5849.036,
2026-09-20T22:10:19.695182+00:00,200,95568.332,
2026-09-20T22:11:32.226391+00:00,200,23020.554,
2026-09-20T22:10:17.925505+00:00,200,97360.676,
2026-09-20T22:10:46.027046+00:00,200,69258.778,
2026-09-20T22:11:18.176157+00:00,200,37109.605,
2026-09-20T22:11:35.781764+00:00,200,19524.723,
2026-09-20T22:11:10.304900+00:00,200,45007.581,
2026-09-20T22:11:17.757394+00:00,200,37570.928,
2026-09-20T22:11:16.601479+00:00,200,38729.628,
2026-09-20T22:11:49.508392+00:00,200,5834.388,
2026-09-20T22:11:27.940737+00:00,200,27407.278,
2026-09-20T22:11:37.463106+00:00,200,17890.265,
2026-09-20T22:11:31.792910+00:00,200,23565.42,
2026-09-20T22:11:49.320980+00:00,200,6039.569,
2026-09-20T22:11:33.833653+00:00,200,21537.157,
2026-09-20T22:11:32.679061+00:00,200,22699.54,
2026-09-20T22:11:07.939124+00:00,200,47444.245,
2026-09-20T22:11:50.274450+00:00,200,5125.469,
2026-09-20T22:11:32.895724+00:00,200,22511.418,
2026-09-20T22:11:32.357408+00:00,200,23068.676,
2026-09-20T22:11:22.817697+00:00,200,32617.406,
2026-09-20T22:10:33.175656+00:00,200,82268.182,
2026-09-20T22:11:46.873539+00:00,200,8571.104,
2026-09-20T22:11:28.889146+00:00,200,26558.667,
2026-09-20T22:10:01.781503+00:00,200,113691.435,
2026-09-20T22:10:34.671927+00:00,200,80789.08,
2026-09-20T22:10:35.772654+00:00,200,79689.507,
2026-09-20T22:11:48.409774+00:00,200,7058.072,
2026-09-20T22:11:27.746233+00:00,200,27728.344,
2026-09-20T22:11:47.062496+00:00,200,8427.984,
2026-09-20T22:11:49.372388+00:00,200,6122.683,
2026-09-20T22:11:23.787568+00:00,200,31717.739,
2026-09-20T22:11:15.780247+00:00,200,39738.914,
2026-09-20T22:11:36.258404+00:00,200,19274.405,
2026-09-20T22:11:09.402508+00:00,200,46158.49,
2026-09-20T22:11:12.558694+00:00,200,43004.491,
2026-09-20T22:11:41.050668+00:00,200,14517.699,
2026-09-20T22:11:48.776667+00:00,200,6796.496,
2026-09-20T22:11:06.315477+00:00,200,49285.929,
2026-09-20T22:10:06.723019+00:00,200,108903.797,
2026-09-20T22:11:48.321125+00:00,200,7282.212,
2026-09-20T22:11:05.231529+00:00,200,50375.003,
2026-09-20T22:11:41.632083+00:00,200,13995.525,
2026-09-20T22:11:32.858942+00:00,200,22778.734,
2026-09-20T22:11:44.726375+00:00,200,10915.576,
2026-09-20T22:11:43.318729+00:00,200,12343.189,
2026-09-20T22:10:21.164096+00:00,200,94518.369,
2026-09-20T22:11:42.179917+00:00,200,13486.79,
2026-09-20T22:11:18.639746+00:00,200,37036.541,
2026-09-20T22:10:09.626414+00:00,200,106081.902,
2026-09-20T22:11:48.705227+00:00,200,6984.376,
2026-09-20T22:10:57.699914+00:00,200,57992.491,
2026-09-20T22:10:57.578179+00:00,200,58118.7,
2026-09-20T22:11:48.482529+00:00,200,7215.375,
2026-09-20T22:11:35.082244+00:00,200,20625.094,
2026-09-20T22:11:50.520832+00:00,200,5186.795,
2026-09-20T22:11:49.485281+00:00,200,6225.513,
2026-09-20T22:11:48.372995+00:00,200,7376.57,
2026-09-20T22:11:49.021001+00:00,200,6734.023,
2026-09-20T22:11:15.790996+00:00,200,39968.641,
2026-09-20T22:11:41.941019+00:00,200,13838.507,
2026-09-20T22:10:54.942880+00:00,200,60840.093,
2026-09-20T22:10:04.906596+00:00,200,110898.44,
2026-09-20T22:11:27.698067+00:00,200,28093.438,
2026-09-20T22:11:10.491819+00:00,200,45306.033,
2026-09-20T22:10:52.109407+00:00,200,63695.794,
2026-09-20T22:09:55.831095+00:00,200,120002.633,
2026-09-20T22:11:43.036973+00:00,200,12784.498,
2026-09-20T22:11:15.455907+00:00,200,40366.683,
2026-09-20T22:11:01.390626+00:00,200,54435.547,
2026-09-20T22:11:31.985826+00:00,200,23848.051,
2026-09-20T22:10:15.789634+00:00,200,100070.141,
2026-09-20T22:11:42.591136+00:00,200,13264.246,
2026-09-20T22:10:42.221023+00:00,200,73642.14,
2026-09-20T22:11:04.979382+00:00,200,50909.247,
2026-09-20T22:10:52.358063+00:00,200,63546.148,
2026-09-20T22:11:24.889782+00:00,200,31037.345,
2026-09-20T22:11:49.514925+00:00,200,6413.775,
2026-09-20T22:11:45.540925+00:00,200,10389.826,
2026-09-20T22:11:31.320693+00:00,200,24611.791,
2026-09-20T22:10:45.103162+00:00,200,70834.602,
2026-09-20T22:10:04.845606+00:00,200,111113.773,
2026-09-20T22:11:48.456858+00:00,200,7507.25,
2026-09-20T22:09:52.577936+00:00,200,123411.599,
2026-09-20T22:10:38.723971+00:00,200,77258.956,
2026-09-20T22:09:50.481563+00:00,200,125521.154,
2026-09-20T22:10:52.059430+00:00,200,63922.456,
2026-09-20T22:10:51.726281+00:00,200,64265.824,
2026-09-20T22:11:33.150079+00:00,200,22844.929,
2026-09-20T22:11:23.132142+00:00,200,32864.772,
2026-09-20T22:10:40.608188+00:00,200,75400.282,
2026-09-20T22:11:42.877959+00:00,200,13137.368,
2026-09-20T22:11:33.573956+00:00,200,22446.806,
2026-09-20T22:10:25.238493+00:00,200,90803.939,
2026-09-20T22:11:41.455711+00:00,200,14576.693,
2026-09-20T22:11:48.715791+00:00,200,7320.379,
2026-09-20T22:11:31.896735+00:00,200,24165.908,
2026-09-20T22:11:17.160704+00:00,200,38905.535,
2026-09-20T22:10:04.722591+00:00,200,111368.017,
2026-09-20T22:11:09.690471+00:00,200,46424.06,
2026-09-20T22:11:15.013316+00:00,200,41124.286,
2026-09-20T22:11:04.245239+00:00,200,51893.437,
2026-09-20T22:11:32.956877+00:00,200,23181.161,
2026-09-20T22:11:39.957330+00:00,200,16190.822,
2026-09-20T22:10:25.516052+00:00,200,90645.307,
2026-09-20T22:11:35.062927+00:00,200,21099.233,
2026-09-20T22:11:31.902051+00:00,200,24262.583,
2026-09-20T22:11:42.203746+00:00,200,13967.144,
2026-09-20T22:11:08.716777+00:00,200,47465.132,
2026-09-20T22:11:50.028280+00:00,200,6164.763,
2026-09-20T22:11:43.149862+00:00,200,13052.386,
2026-09-20T22:11:42.881246+00:00,200,13331.828,
2026-09-20T22:11:32.969936+00:00,200,23248.161,
2026-09-20T22:11:08.685028+00:00,200,47549.913,
2026-09-20T22:11:22.943960+00:00,200,33291.851,
2026-09-20T22:11:09.114910+00:00,200,47121.928,
2026-09-20T22:11:41.662050+00:00,200,14577.417,
2026-09-20T22:10:39.102480+00:00,200,77167.274,
2026-09-20T22:11:42.573329+00:00,200,13699.853,
2026-09-20T22:10:42.698491+00:00,200,73584.475,
2026-09-20T22:10:05.327168+00:00,200,110979.609,
2026-09-20T22:11:30.990649+00:00,200,25294.391,
2026-09-20T22:11:24.204392+00:00,200,32086.747,
2026-09-20T22:11:44.416059+00:00,200,11889.649,
2026-09-20T22:10:42.749744+00:00,200,73562.827,
2026-09-20T22:11:08.691674+00:00,200,47651.7,
2026-09-20T22:11:50.192522+00:00,200,6151.054,
2026-09-20T22:11:09.981271+00:00,200,46363.784,
2026-09-20T22:11:41.295797+00:00,200,15054.929,
2026-09-20T22:11:17.565339+00:00,200,38800.624,
2026-09-20T22:10:26.560706+00:00,200,89820.718,
2026-09-20T22:10:18.768906+00:00,200,97622.326,
2026-09-20T22:11:29.651536+00:00,200,26728.14,
2026-09-20T22:10:36.467996+00:00,200,79924.528,
2026-09-20T22:11:36.013075+00:00,200,20382.904,
2026-09-20T22:10:16.941650+00:00,200,99489.44,
2026-09-20T22:11:25.623235+00:00,200,30803.325,
2026-09-20T22:11:44.195685+00:00,200,12247.555,
2026-09-20T22:10:45.854690+00:00,200,70608.423,
2026-09-20T22:10:00.184516+00:00,200,116304.469,
2026-09-20T22:10:59.462200+00:00,200,57015.993,
2026-09-20T22:11:33.230323+00:00,200,23262.607,
2026-09-20T22:10:41.665208+00:00,200,74840.428,
2026-09-20T22:11:46.110132+00:00,200,10392.969,
2026-09-20T22:10:49.773407+00:00,200,66738.01,
2026-09-20T22:10:33.660119+00:00,200,82857.079,
2026-09-20T22:11:21.244765+00:00,200,35268.796,
2026-09-20T22:11:33.001194+00:00,200,23512.559,
2026-09-20T22:11:33.548438+00:00,200,22968.943,
2026-09-20T22:11:29.693138+00:00,200,26825.419,
2026-09-20T22:10:19.596121+00:00,200,96942.105,
2026-09-20T22:11:49.894540+00:00,200,6626.319,
2026-09-20T22:10:15.732023+00:00,200,100824.75,
2026-09-20T22:11:32.657316+00:00,200,23877.876,
2026-09-20T22:11:08.064321+00:00,200,48498.2,
2026-09-20T22:11:31.671025+00:00,200,24897.323,
2026-09-20T22:11:18.532250+00:00,200,38036.891,
2026-09-20T22:11:45.783476+00:00,200,10801.602,
2026-09-20T22:11:09.990121+00:00,200,46621.169,
2026-09-20T22:11:03.295520+00:00,200,53320.975,
2026-09-20T22:11:00.353164+00:00,200,56267.03,
2026-09-20T22:10:17.712824+00:00,200,98929.369,
2026-09-20T22:11:50.529529+00:00,200,6109.278,
2026-09-20T22:10:06.122041+00:00,200,110552.678,
2026-09-20T22:11:17.155975+00:00,200,39522.519,
2026-09-20T22:11:32.131085+00:00,200,24561.682,
2026-09-20T22:11:41.598072+00:00,200,15105.41,
2026-09-20T22:10:21.857217+00:00,200,94874.408,
2026-09-20T22:11:50.403363+00:00,200,6321.052,
2026-09-20T22:11:40.262203+00:00,200,16467.322,
2026-09-20T22:10:10.681423+00:00,200,106072.406,
2026-09-20T22:11:48.852356+00:00,200,7879.032,
2026-09-20T22:10:32.312461+00:00,200,84427.894,
2026-09-20T22:11:25.142380+00:00,200,31592.04,
2026-09-20T22:10:48.227112+00:00,200,68510.722,
2026-09-20T22:11:20.562341+00:00,200,36174.515,
2026-09-20T22:11:48.982965+00:00,200,7763.686,
2026-09-20T22:10:42.755271+00:00,200,74017.133,
2026-09-20T22:11:36.199380+00:00,200,20571.561,
2026-09-20T22:11:15.920805+00:00,200,40852.722,
2026-09-20T22:11:26.439066+00:00,200,30340.047,
2026-09-20T22:11:50.358237+00:00,200,6429.861,
2026-09-20T22:10:26.263946+00:00,200,90543.678,
2026-09-20T22:10:47.506747+00:00,200,69293.26,
2026-09-20T22:10:33.872582+00:00,200,82933.664,
2026-09-20T22:11:10.823681+00:00,200,45976.308,
2026-09-20T22:11:48.885715+00:00,200,7929.027,
2026-09-20T22:11:48.352784+00:00,200,8467.602,
2026-09-20T22:10:40.723973+00:00,200,76114.188,
2026-09-20T22:11:48.092215+00:00,200,8748.465,
2026-09-20T22:11:31.672461+00:00,200,25168.954,
2026-09-20T22:10:11.894297+00:00,200,104986.247,
2026-09-20T22:10:09.510352+00:00,200,107381.622,
2026-09-20T22:10:57.072967+00:00,200,59802.956,
2026-09-20T22:10:27.793627+00:00,200,89102.478,
2026-09-20T22:11:33.099450+00:00,200,23786.226,
2026-09-20T22:10:04.362174+00:00,200,112551.919,
2026-09-20T22:11:08.288103+00:00,200,48604.155,
2026-09-20T22:10:25.755372+00:00,200,91181.628,
2026-09-20T22:09:37.953218+00:00,200,138998.308,
2026-09-20T22:11:34.367892+00:00,200,22560.645,
2026-09-20T22:11:22.349662+00:00,200,34579.656,
2026-09-20T22:11:17.289923+00:00,200,39654.284,
2026-09-20T22:11:04.952108+00:00,200,52000.567,
2026-09-20T22:11:40.170316+00:00,200,16811.187,
2026-09-20T22:09:45.872205+00:00,200,131146.942,
2026-09-20T22:11:23.559728+00:00,200,33436.245,
2026-09-20T22:11:32.153739+00:00,200,24853.749,
2026-09-20T22:11:34.628835+00:00,200,22382.895,
2026-09-20T22:11:42.909642+00:00,200,14102.381,
2026-09-20T22:10:04.945795+00:00,200,112112.748,
2026-09-20T22:11:48.666039+00:00,200,8389.294,
2026-09-20T22:11:34.820946+00:00,200,22242.121,
2026-09-20T22:11:15.185244+00:00,200,41887.166,
2026-09-20T22:11:21.140634+00:00,200,35941.021,
2026-09-20T22:11:50.322395+00:00,200,6764.895,
2026-09-20T22:11:10.168888+00:00,200,46929.545,
2026-09-20T22:11:48.643206+00:00,200,8470.15,
2026-09-20T22:10:05.153042+00:00,200,111992.638,
2026-09-20T22:09:56.693207+00:00,200,120458.612,
2026-09-20T22:10:17.938732+00:00,200,99218.36,
2026-09-20T22:11:44.919373+00:00,200,12224.242,
2026-09-20T22:10:20.244656+00:00,200,96926.587,
2026-09-20T22:10:35.026598+00:00,200,82138.67,
2026-09-20T22:11:32.346029+00:00,200,24813.899,
2026-09-20T22:11:41.055753+00:00,200,16106.552,
2026-09-20T22:11:09.014546+00:00,200,48149.569,
2026-09-20T22:10:50.338052+00:00,200,66828.844,
2026-09-20T22:11:49.147630+00:00,200,8021.483,
2026-09-20T22:10:25.009340+00:00,200,92184.103,
2026-09-20T22:11:42.053565+00:00,200,15128.519,
2026-09-20T22:11:43.745045+00:00,200,13449.557,
2026-09-20T22:10:05.147631+00:00,200,112073.244,
2026-09-20T22:11:30.816512+00:00,200,26381.547,
2026-09-20T22:11:50.202708+00:00,200,7006.372,
2026-09-20T22:11:09.646288+00:00,200,47575.841,
2026-09-20T22:10:04.753165+00:00,200,112495.699,
2026-09-20T22:10:27.140344+00:00,200,90102.852,
2026-09-20T22:10:42.566488+00:00,200,74671.509,
2026-09-20T22:10:58.118894+00:00,200,59137.168,
2026-09-20T22:11:32.350739+00:00,200,24904.036,
2026-09-20T22:10:42.035789+00:00,200,75235.344,
2026-09-20T22:11:13.349739+00:00,200,43918.363,
2026-09-20T22:10:23.538495+00:00,200,93758.77,
2026-09-20T22:11:42.021256+00:00,200,15266.373,
2026-09-20T22:10:57.800873+00:00,200,59489.814,
2026-09-20T22:11:31.172301+00:00,200,26128.108,
2026-09-20T22:11:43.313575+00:00,200,14000.903,
2026-09-20T22:11:23.784503+00:00,200,33532.478,
2026-09-20T22:11:23.075323+00:00,200,34261.172,
2026-09-20T22:11:49.677611+00:00,200,7659.634,
2026-09-20T22:10:56.874586+00:00,200,60478.128,
2026-09-20T22:10:02.465183+00:00,200,114913.153,
2026-09-20T22:10:51.197982+00:00,200,66173.906,
2026-09-20T22:10:32.985777+00:00,200,84405.633,
2026-09-20T22:11:14.381110+00:00,200,43007.323,
2026-09-20T22:10:25.040567+00:00,200,92362.867,
2026-09-20T22:10:17.432908+00:00,200,99987.381,
2026-09-20T22:11:10.991673+00:00,200,46411.484,
2026-09-20T22:11:05.311696+00:00,200,52112.757,
2026-09-20T22:11:49.706540+00:00,200,7718.887,
2026-09-20T22:10:44.297222+00:00,200,73135.748,
2026-09-20T22:11:17.714797+00:00,200,39718.144,
2026-09-20T22:11:31.079840+00:00,200,26353.153,
2026-09-20T22:10:42.208275+00:00,200,75231.795,
2026-09-20T22:10:31.286355+00:00,200,86163.744,
2026-09-20T22:10:49.460821+00:00,200,67990.0,
2026-09-20T22:10:59.947728+00:00,200,57502.1,
2026-09-20T22:11:29.771392+00:00,200,27692.679,
2026-09-20T22:11:11.575257+00:00,200,45891.506,
2026-09-20T22:11:31.250911+00:00,200,26216.467,
2026-09-20T22:11:16.645370+00:00,200,40829.248,
2026-09-20T22:10:36.912663+00:00,200,80582.389,
2026-09-20T22:11:41.720450+00:00,200,15776.339,
2026-09-20T22:11:50.298751+00:00,200,7199.126,
2026-09-20T22:11:32.138885+00:00,200,25367.561,
2026-09-20T22:10:04.225466+00:00,200,113305.846,
2026-09-20T22:10:57.747973+00:00,200,59776.59,
2026-09-20T22:11:34.782456+00:00,200,22742.259,
2026-09-20T22:10:44.542479+00:00,200,72995.216,
2026-09-20T22:10:50.354408+00:00,200,67204.578,
2026-09-20T22:11:23.166031+00:00,200,34394.634,
2026-09-20T22:11:50.210267+00:00,200,7359.899,
2026-09-20T22:11:42.539146+00:00,200,15033.353,
2026-09-20T22:10:10.922002+00:00,200,106690.173,
2026-09-20T22:11:16.901660+00:00,200,40691.588,
2026-09-20T22:11:17.042708+00:00,200,40563.149,
2026-09-20T22:11:02.100236+00:00,200,55522.211,
2026-09-20T22:10:24.237478+00:00,200,93397.945,
2026-09-20T22:10:59.152911+00:00,200,58471.595,
2026-09-20T22:11:36.351343+00:00,200,21271.959,
2026-09-20T22:11:35.920232+00:00,200,21703.473,
2026-09-20T22:10:52.065579+00:00,200,65575.267,
2026-09-20T22:10:42.499776+00:00,200,75143.833,
2026-09-20T22:11:21.162913+00:00,200,36491.611,
2026-09-20T22:11:31.660438+00:00,200,26009.22,
2026-09-20T22:10:15.272392+00:00,200,102426.941,
2026-09-20T22:11:33.253841+00:00,200,24431.583,
2026-09-20T22:10:43.304960+00:00,200,74387.143,
2026-09-20T22:10:59.937040+00:00,200,57761.1,
2026-09-20T22:10:21.090938+00:00,200,96628.092,
2026-09-20T22:11:02.433576+00:00,200,55292.877,
2026-09-20T22:11:05.584729+00:00,200,52142.646,
2026-09-20T22:10:41.350922+00:00,200,76386.443,
2026-09-20T22:10:49.465637+00:00,200,68276.738,
2026-09-20T22:11:29.150319+00:00,200,28593.197,
2026-09-20T22:10:44.018863+00:00,200,73749.009,
2026-09-20T22:11:06.505293+00:00,200,51260.389,
2026-09-20T22:11:21.227119+00:00,200,36544.888,
2026-09-20T22:10:49.699958+00:00,200,68076.873,
2026-09-20T22:10:26.277220+00:00,200,91511.633,
2026-09-20T22:11:24.253800+00:00,200,33525.84,
2026-09-20T22:11:46.582938+00:00,200,11201.207,
2026-09-20T22:11:30.555933+00:00,200,27231.789,
2026-09-20T22:11:05.407794+00:00,200,52383.185,
2026-09-20T22:11:48.169183+00:00,200,9627.086,
2026-09-20T22:10:05.248863+00:00,200,112585.058,
2026-09-20T22:11:03.795813+00:00,200,54019.821,
2026-09-20T22:11:24.450913+00:00,200,33369.793,
2026-09-20T22:10:13.452908+00:00,200,104395.69,
2026-09-20T22:11:42.145737+00:00,200,15690.302,
2026-09-20T22:11:00.233062+00:00,200,57607.361,
2026-09-20T22:10:42.664606+00:00,200,75179.897,
2026-09-20T22:11:22.383558+00:00,200,35480.958,
2026-09-20T22:11:40.490376+00:00,200,17374.924,
2026-09-20T22:10:49.214273+00:00,200,68655.808,
2026-09-20T22:09:58.597002+00:00,200,119295.267,
2026-09-20T22:11:13.623348+00:00,200,44256.924,
2026-09-20T22:11:49.525659+00:00,200,8367.484,
2026-09-20T22:10:50.935705+00:00,200,66962.979,
2026-09-20T22:10:36.730697+00:00,200,81175.186,
2026-09-20T22:11:41.537370+00:00,200,16371.836,
2026-09-20T22:11:25.716105+00:00,200,32226.985,
2026-09-20T22:11:48.634015+00:00,200,9311.793,
2026-09-20T22:11:32.083731+00:00,200,25869.094,
2026-09-20T22:11:41.643553+00:00,200,16321.815,
2026-09-20T22:10:35.709095+00:00,200,82263.9,
2026-09-20T22:11:43.492761+00:00,200,14494.261,
2026-09-20T22:11:50.409267+00:00,200,7583.267,
2026-09-20T22:11:20.859494+00:00,200,37136.216,
2026-09-20T22:11:32.441037+00:00,200,25566.853,
2026-09-20T22:11:31.684092+00:00,200,26329.049,
2026-09-20T22:11:48.417767+00:00,200,9601.63,
2026-09-20T22:11:43.965418+00:00,200,14056.606,
2026-09-20T22:11:26.339093+00:00,200,31684.077,
2026-09-20T22:11:48.620542+00:00,200,9418.334,
2026-09-20T22:11:44.984349+00:00,200,13054.944,
2026-09-20T22:10:04.397236+00:00,200,113669.717,
2026-09-20T22:09:58.425465+00:00,200,119653.547,
2026-09-20T22:11:32.423508+00:00,200,25634.107,
2026-09-20T22:11:10.004187+00:00,200,48066.643,
2026-09-20T22:10:41.778907+00:00,200,76297.457,
2026-09-20T22:11:25.284130+00:00,200,32790.039,
2026-09-20T22:11:31.650631+00:00,200,26427.485,
2026-09-20T22:11:29.698572+00:00,200,28383.425,
2026-09-20T22:11:42.193984+00:00,200,15894.627,
2026-09-20T22:11:27.483816+00:00,200,30606.472,
2026-09-20T22:11:47.809115+00:00,200,10303.03,
2026-09-20T22:11:24.374901+00:00,200,33748.709,
2026-09-20T22:09:52.710480+00:00,200,125446.88,
2026-09-20T22:10:27.816652+00:00,200,90330.417,
2026-09-20T22:10:48.288073+00:00,200,69853.867,
2026-09-20T22:11:16.114787+00:00,200,42030.372,
2026-09-20T22:10:03.549827+00:00,200,114620.17,
2026-09-20T22:11:31.788021+00:00,200,26393.698,
2026-09-20T22:11:39.439093+00:00,200,18746.937,
2026-09-20T22:10:58.777652+00:00,200,59412.204,
2026-09-20T22:10:53.004995+00:00,200,65195.031,
2026-09-20T22:11:47.680579+00:00,200,10519.442,
2026-09-20T22:11:24.697311+00:00,200,33508.082,
2026-09-20T22:11:05.040791+00:00,200,53170.521,
2026-09-20T22:10:29.829784+00:00,200,88390.963,
2026-09-20T22:11:08.686429+00:00,200,49538.387,
2026-09-20T22:11:16.313904+00:00,200,41926.449,
2026-09-20T22:11:14.271679+00:00,200,43973.697,
2026-09-20T22:10:49.014509+00:00,200,69256.871,
2026-09-20T22:10:40.664794+00:00,200,77614.946,
2026-09-20T22:11:49.328668+00:00,200,8947.003,
2026-09-20T22:09:45.609936+00:00,200,132690.939,
2026-09-20T22:11:26.073689+00:00,200,32204.387,
2026-09-20T22:11:06.511112+00:00,200,51784.314,
2026-09-20T22:11:07.012388+00:00,200,51291.219,
2026-09-20T22:09:58.246179+00:00,200,120091.982,
2026-09-20T22:11:16.554375+00:00,200,41767.861,
2026-09-20T22:11:45.723731+00:00,200,12607.073,
2026-09-20T22:11:35.473907+00:00,200,22861.239,
2026-09-20T22:11:05.286360+00:00,200,53069.772,
2026-09-20T22:11:43.794720+00:00,200,14561.325,
2026-09-20T22:11:35.072509+00:00,200,23290.898,
2026-09-20T22:11:48.801773+00:00,200,9562.95,
2026-09-20T22:11:09.704158+00:00,200,48666.545,
2026-09-20T22:10:04.618339+00:00,200,113784.874,
2026-09-20T22:11:32.615849+00:00,200,25786.975,
2026-09-20T22:11:43.578819+00:00,200,14824.526,
2026-09-20T22:11:17.401653+00:00,200,41004.758,
2026-09-20T22:10:43.223843+00:00,200,75194.949,
2026-09-20T22:10:42.976823+00:00,200,75442.866,
2026-09-20T22:10:52.909500+00:00,200,65509.525,
2026-09-20T22:11:24.207902+00:00,200,34227.816,
2026-09-20T22:11:31.552238+00:00,200,26890.926,
2026-09-20T22:11:28.056735+00:00,200,30387.232,
2026-09-20T22:10:20.100091+00:00,200,98363.443,
2026-09-20T22:10:44.634025+00:00,200,73823.376,
2026-09-20T22:10:33.871414+00:00,200,84590.025,
2026-09-20T22:11:47.273404+00:00,200,11200.198,
2026-09-20T22:11:21.977070+00:00,200,36498.208,
2026-09-20T22:09:43.604040+00:00,200,134896.847,
2026-09-20T22:11:47.781133+00:00,200,10696.554,
2026-09-20T22:11:30.684229+00:00,200,27798.407,
2026-09-20T22:10:40.229192+00:00,200,78261.876,
2026-09-20T22:11:23.758350+00:00,200,34728.871,
2026-09-20T22:10:23.157441+00:00,200,95349.253,
2026-09-20T22:11:06.290366+00:00,200,52227.221,
2026-09-20T22:10:50.498065+00:00,200,68025.665,
2026-09-20T22:10:24.863439+00:00,200,93678.559,
2026-09-20T22:11:46.507175+00:00,200,12039.292,
2026-09-20T22:11:47.344524+00:00,200,11206.786,
2026-09-20T22:11:46.021093+00:00,200,12538.783,
2026-09-20T22:11:42.600497+00:00,200,15977.95,
2026-09-20T22:11:00.354697+00:00,200,58237.498,
2026-09-20T22:11:48.630886+00:00,200,9959.965,
2026-09-20T22:10:49.874944+00:00,200,68736.551,
2026-09-20T22:11:23.859229+00:00,200,34751.695,
2026-09-20T22:09:59.396513+00:00,200,119238.595,
2026-09-20T22:10:04.242854+00:00,200,114393.31,
2026-09-20T22:11:04.914923+00:00,200,53709.978,
2026-09-20T22:11:41.955981+00:00,200,16673.247,
2026-09-20T22:11:50.069319+00:00,200,8564.093,
2026-09-20T22:11:15.871794+00:00,200,42769.691,
2026-09-20T22:10:44.310652+00:00,200,74350.117,
2026-09-20T22:10:05.100235+00:00,200,113581.563,
2026-09-20T22:10:17.707707+00:00,200,100975.899,
2026-09-20T22:11:25.403405+00:00,200,33267.795,
2026-09-20T22:11:47.161170+00:00,200,11510.268,
2026-09-20T22:10:35.593797+00:00,200,83084.924,
2026-09-20T22:11:32.042562+00:00,200,26635.71,
2026-09-20T22:11:35.429887+00:00,200,23255.732,
2026-09-20T22:11:14.752029+00:00,200,43942.733,
2026-09-20T22:11:25.898338+00:00,200,32805.169,
2026-09-20T22:11:30.909409+00:00,200,27804.313,
2026-09-20T22:11:49.176079+00:00,200,9539.315,
2026-09-20T22:11:27.587287+00:00,200,31130.496,
2026-09-20T22:11:08.390552+00:00,200,50335.025,
2026-09-20T22:10:34.970094+00:00,200,83780.756,
2026-09-20T22:10:36.722387+00:00,200,82029.269,
2026-09-20T22:10:24.447824+00:00,200,94316.951,
2026-09-20T22:11:16.199444+00:00,200,42554.209,
2026-09-20T22:11:45.041826+00:00,200,13717.181,
2026-09-20T22:10:05.518027+00:00,200,113283.237,
2026-09-20T22:11:26.555744+00:00,200,32222.235,
2026-09-20T22:11:08.347532+00:00,200,50445.643,
2026-09-20T22:11:22.843068+00:00,200,35949.811,
2026-09-20T22:10:57.917089+00:00,200,60888.17,
2026-09-20T22:11:18.842878+00:00,200,39975.726,
2026-09-20T22:11:33.125533+00:00,200,25697.261,
2026-09-20T22:11:35.034381+00:00,200,23799.043,
2026-09-20T22:10:04.671969+00:00,200,114194.429,
2026-09-20T22:11:30.821278+00:00,200,28022.336,
2026-09-20T22:09:56.750096+00:00,200,122120.652,
2026-09-20T22:11:19.476844+00:00,200,39372.851,
2026-09-20T22:11:45.586640+00:00,200,13267.445,
2026-09-20T22:10:23.714325+00:00,200,95154.383,
2026-09-20T22:10:29.598411+00:00,200,89271.382,
2026-09-20T22:11:46.783366+00:00,200,12080.706,
2026-09-20T22:10:46.528715+00:00,200,72344.421,
2026-09-20T22:11:05.300620+00:00,200,53573.163,
2026-09-20T22:11:40.914824+00:00,200,17964.363,
2026-09-20T22:11:50.319397+00:00,200,8572.384,
2026-09-20T22:11:30.517072+00:00,200,28388.874,
2026-09-20T22:11:31.267771+00:00,200,27640.4,
2026-09-20T22:10:36.764608+00:00,200,82159.328,
2026-09-20T22:11:41.345195+00:00,200,17575.747,
2026-09-20T22:11:48.088102+00:00,200,10833.91,
2026-09-20T22:11:23.050099+00:00,200,35873.971,
2026-09-20T22:11:34.811975+00:00,200,24113.161,
2026-09-20T22:10:42.877516+00:00,200,76063.26,
2026-09-20T22:10:35.760629+00:00,200,83187.414,
2026-09-20T22:11:49.292663+00:00,200,9656.528,
2026-09-20T22:11:49.700253+00:00,200,9260.534,
2026-09-20T22:10:26.986619+00:00,200,91991.19,
2026-09-20T22:11:02.313047+00:00,200,56660.168,
2026-09-20T22:11:08.557941+00:00,200,50415.662,
2026-09-20T22:11:14.232524+00:00,200,44742.907,
2026-09-20T22:11:50.075495+00:00,200,8901.659,
2026-09-20T22:11:30.914204+00:00,200,28065.566,
2026-09-20T22:11:50.381086+00:00,200,8607.934,
2026-09-20T22:11:42.285720+00:00,200,16706.658,
2026-09-20T22:11:16.911210+00:00,200,42101.418,
2026-09-20T22:11:04.872693+00:00,200,54142.894,
2026-09-20T22:11:37.101622+00:00,200,21916.807,
2026-09-20T22:11:49.392694+00:00,200,9628.651,
2026-09-20T22:11:42.894855+00:00,200,16129.083,
2026-09-20T22:10:07.175909+00:00,200,111873.604,
2026-09-20T22:10:14.346195+00:00,200,104720.313,
2026-09-20T22:11:08.381874+00:00,200,50664.191,
2026-09-20T22:11:24.454172+00:00,200,34599.558,
2026-09-20T22:11:01.551613+00:00,200,57520.541,
2026-09-20T22:10:50.121493+00:00,200,68957.251,
2026-09-20T22:11:49.976592+00:00,200,9115.527,
2026-09-20T22:10:44.251876+00:00,200,74853.322,
2026-09-20T22:11:41.716471+00:00,200,17386.15,
2026-09-20T22:11:35.196853+00:00,200,23908.502,
2026-09-20T22:11:02.297745+00:00,200,56813.271,
2026-09-20T22:11:26.716450+00:00,200,32400.071,
2026-09-20T22:11:50.547581+00:00,200,8568.792,
2026-09-20T22:11:35.959010+00:00,200,23161.489,
2026-09-20T22:11:35.092172+00:00,200,24030.676,
2026-09-20T22:10:41.062506+00:00,200,78074.938,
2026-09-20T22:11:43.015656+00:00,200,16121.084,
2026-09-20T22:11:47.372912+00:00,200,11770.413,
2026-09-20T22:09:38.238890+00:00,200,140940.309,
2026-09-20T22:11:31.161021+00:00,200,28002.782,
2026-09-20T22:11:49.373860+00:00,200,9793.186,
2026-09-20T22:10:18.585304+00:00,200,100602.047,
2026-09-20T22:11:24.139450+00:00,200,35038.151,
2026-09-20T22:11:50.401070+00:00,200,8798.308,
2026-09-20T22:10:15.627560+00:00,200,103616.049,
2026-09-20T22:10:32.254257+00:00,200,86975.385,
2026-09-20T22:11:39.779786+00:00,200,19450.695,
2026-09-20T22:11:26.388414+00:00,200,32842.624,
2026-09-20T22:11:33.245254+00:00,200,25993.341,
2026-09-20T22:10:34.395141+00:00,200,84854.094,
2026-09-20T22:11:30.268780+00:00,200,28979.668,
2026-09-20T22:11:31.294955+00:00,200,27957.325,
2026-09-20T22:10:29.637891+00:00,200,89634.527,
2026-09-20T22:09:58.984812+00:00,200,120305.339,
2026-09-20T22:09:58.780160+00:00,200,120531.246,
2026-09-20T22:11:33.468870+00:00,200,25819.875,
2026-09-20T22:10:42.917207+00:00,200,76387.553,
2026-09-20T22:11:27.751574+00:00,200,31550.988,
2026-09-20T22:11:47.836116+00:00,200,11471.526,
2026-09-20T22:11:32.126896+00:00,200,27181.741,
2026-09-20T22:11:37.399585+00:00,200,21924.751,
2026-09-20T22:09:48.377688+00:00,200,130978.011,
2026-09-20T22:10:35.613045+00:00,200,83725.901,
2026-09-20T22:11:29.275011+00:00,200,30070.45,
2026-09-20T22:10:07.090826+00:00,200,112278.617,
2026-09-20T22:11:45.126553+00:00,200,14219.382,
2026-09-20T22:10:58.400443+00:00,200,60952.358,
2026-09-20T22:10:50.879931+00:00,200,68474.807,
2026-09-20T22:11:42.652495+00:00,200,16717.508,
2026-09-20T22:11:23.535213+00:00,200,35836.033,
2026-09-20T22:10:35.871397+00:00,200,83529.576,
2026-09-20T22:10:49.970959+00:00,200,69427.024,
2026-09-20T22:11:01.106736+00:00,200,58299.63,
2026-09-20T22:11:13.368605+00:00,200,46042.538,
2026-09-20T22:10:48.679714+00:00,200,70746.352,
2026-09-20T22:11:46.396370+00:00,200,13031.846,
2026-09-20T22:11:09.655814+00:00,200,49774.628,
2026-09-20T22:10:53.506989+00:00,200,65926.161,
2026-09-20T22:10:50.409291+00:00,200,69027.922,
2026-09-20T22:11:48.963880+00:00,200,10483.311,
2026-09-20T22:10:43.512583+00:00,200,75939.39,
2026-09-20T22:11:49.827090+00:00,200,9636.271,
2026-09-20T22:11:00.124053+00:00,200,59343.077,
2026-09-20T22:10:52.452134+00:00,200,67016.279,
2026-09-20T22:10:40.582124+00:00,200,78889.644,
2026-09-20T22:11:23.543673+00:00,200,35937.989,
2026-09-20T22:10:17.876219+00:00,200,101647.891,
2026-09-20T22:11:29.890502+00:00,200,29620.723,
2026-09-20T22:10:06.298463+00:00,200,113251.628,
2026-09-20T22:11:36.026696+00:00,200,23519.064,
2026-09-20T22:11:43.154538+00:00,200,16398.477,
2026-09-20T22:11:32.646699+00:00,200,26914.73,
2026-09-20T22:11:22.884225+00:00,200,36678.172,
2026-09-20T22:11:48.566784+00:00,200,10997.094,
2026-09-20T22:11:01.204304+00:00,200,58367.02,
2026-09-20T22:10:57.549130+00:00,200,62036.638,
2026-09-20T22:10:42.222646+00:00,200,77372.711,
2026-09-20T22:10:07.713748+00:00,200,111906.085,
2026-09-20T22:10:49.866398+00:00,200,69750.356,
2026-09-20T22:10:34.620974+00:00,200,85000.424,
2026-09-20T22:11:43.329219+00:00,200,16285.216,
2026-09-20T22:11:48.722716+00:00,200,10915.745,
2026-09-20T22:11:15.687072+00:00,200,43964.299,
2026-09-20T22:10:27.966615+00:00,200,91695.346,
2026-09-20T22:11:19.310771+00:00,200,40341.133,
2026-09-20T22:10:17.942870+00:00,200,101729.215,
2026-09-20T22:10:35.288972+00:00,200,84375.759,
2026-09-20T22:10:33.591704+00:00,200,86083.334,
2026-09-20T22:10:43.568085+00:00,200,76104.292,
2026-09-20T22:11:00.049513+00:00,200,59634.847,
2026-09-20T22:11:30.851329+00:00,200,28862.969,
2026-09-20T22:11:31.857037+00:00,200,27857.65,
2026-09-20T22:11:24.363270+00:00,200,35352.057,
2026-09-20T22:11:12.239346+00:00,200,47479.071,
2026-09-20T22:11:32.333046+00:00,200,27388.753,
2026-09-20T22:11:17.056218+00:00,200,42669.084,
2026-09-20T22:11:23.802353+00:00,200,35934.34,
2026-09-20T22:10:23.667104+00:00,200,96108.936,
2026-09-20T22:11:50.267382+00:00,200,9499.461,
2026-09-20T22:11:35.006050+00:00,200,24761.498,
2026-09-20T22:10:43.669780+00:00,200,76136.5,
2026-09-20T22:10:24.225285+00:00,200,95590.966,
2026-09-20T22:10:34.742359+00:00,200,85067.861,
2026-09-20T22:11:30.181075+00:00,200,29658.291,
2026-09-20T22:10:43.596228+00:00,200,76265.247,
2026-09-20T22:09:57.640270+00:00,200,122253.638,
2026-09-20T22:11:01.347032+00:00,200,58527.915,
2026-09-20T22:10:47.863054+00:00,200,72016.638,
2026-09-20T22:11:15.555409+00:00,200,44322.231,
2026-09-20T22:11:48.565098+00:00,200,11331.957,
2026-09-20T22:10:18.068105+00:00,200,101851.452,
2026-09-20T22:10:43.151250+00:00,200,76756.616,
2026-09-20T22:10:48.489256+00:00,200,71419.306,
2026-09-20T22:11:47.921273+00:00,200,11986.455,
2026-09-20T22:11:49.457242+00:00,200,10465.417,
2026-09-20T22:10:41.458643+00:00,200,78474.697,
2026-09-20T22:10:58.659688+00:00,200,61271.238,
2026-09-20T22:10:59.306651+00:00,200,60626.805,
2026-09-20T22:11:12.583968+00:00,200,47356.609,
2026-09-20T22:11:48.410785+00:00,200,11533.096,
2026-09-20T22:10:31.330486+00:00,200,88624.43,
2026-09-20T22:10:14.296395+00:00,200,105675.569,
2026-09-20T22:10:41.946610+00:00,200,78010.595,
2026-09-20T22:11:07.600157+00:00,200,52362.137,
2026-09-20T22:10:58.342091+00:00,200,61627.297,
2026-09-20T22:10:44.640837+00:00,200,75349.023,
2026-09-20T22:11:34.747796+00:00,200,25267.496,
2026-09-20T22:11:23.421313+00:00,200,36615.207,
2026-09-20T22:11:50.477796+00:00,200,9568.183,
2026-09-20T22:10:51.474441+00:00,200,68585.15,
2026-09-20T22:11:01.746081+00:00,200,58316.591,
2026-09-20T22:11:21.174071+00:00,200,38896.261,
2026-09-20T22:10:02.262782+00:00,200,117844.39,
2026-09-20T22:11:10.013970+00:00,200,50070.893,
2026-09-20T22:11:34.650952+00:00,200,25450.559,
2026-09-20T22:10:57.958082+00:00,200,62169.115,
2026-09-20T22:11:49.004433+00:00,200,11141.876,
2026-09-20T22:09:42.017226+00:00,200,138160.463,
2026-09-20T22:11:34.954788+00:00,200,25207.869,
2026-09-20T22:11:49.000265+00:00,200,11162.889,
2026-09-20T22:11:15.223046+00:00,200,44941.529,
2026-09-20T22:11:48.220266+00:00,200,11948.888,
2026-09-20T22:10:58.857393+00:00,200,61329.281,
2026-09-20T22:11:17.300197+00:00,200,42885.888,
2026-09-20T22:10:06.996264+00:00,200,113221.576,
2026-09-20T22:10:34.015124+00:00,200,86190.858,
2026-09-20T22:10:24.613630+00:00,200,95610.916,
2026-09-20T22:11:41.199339+00:00,200,19035.29,
2026-09-20T22:11:01.367263+00:00,200,58869.466,
2026-09-20T22:11:33.434358+00:00,200,26803.636,
2026-09-20T22:11:23.298009+00:00,200,36946.269,
2026-09-20T22:11:00.902401+00:00,200,59355.551,
2026-09-20T22:11:15.558287+00:00,200,44702.13,
2026-09-20T22:11:48.981170+00:00,200,11283.8,
2026-09-20T22:10:35.409186+00:00,200,84874.977,
2026-09-20T22:10:58.838396+00:00,200,61448.373,
2026-09-20T22:10:36.843291+00:00,200,83449.393,
2026-09-20T22:11:13.513344+00:00,200,46774.327,
2026-09-20T22:11:49.908836+00:00,200,10401.221,
2026-09-20T22:09:56.239818+00:00,200,124095.431,
2026-09-20T22:11:16.123022+00:00,200,44190.125,
2026-09-20T22:10:27.953181+00:00,200,92379.935,
2026-09-20T22:11:31.970413+00:00,200,28352.565,
2026-09-20T22:11:33.512759+00:00,200,26812.233,
2026-09-20T22:11:23.189478+00:00,200,37160.995,
2026-09-20T22:11:09.411196+00:00,200,50944.132,
2026-09-20T22:10:50.897308+00:00,200,69462.836,
2026-09-20T22:11:01.468875+00:00,200,58905.317,
2026-09-20T22:11:08.964451+00:00,200,51426.233,
2026-09-20T22:11:42.026724+00:00,200,18370.369,
2026-09-20T22:11:50.133745+00:00,200,10270.186,
2026-09-20T22:10:49.748596+00:00,200,70670.071,
2026-09-20T22:10:41.457169+00:00,200,78966.951,
2026-09-20T22:11:48.198055+00:00,200,12228.846,
2026-09-20T22:11:17.426360+00:00,200,43027.657,
2026-09-20T22:10:02.623006+00:00,200,117859.377,
2026-09-20T22:10:28.268783+00:00,200,92215.801,
2026-09-20T22:11:49.146545+00:00,200,11335.929,
2026-09-20T22:10:31.352630+00:00,200,89142.268,
2026-09-20T22:11:16.400321+00:00,200,44094.882,
2026-09-20T22:10:58.009831+00:00,200,62487.211,
2026-09-20T22:10:52.992659+00:00,200,67516.821,
2026-09-20T22:10:50.701962+00:00,200,69836.322,
2026-09-20T22:10:23.493338+00:00,200,97066.969,
2026-09-20T22:11:32.115127+00:00,200,28438.316,
2026-09-20T22:10:52.634977+00:00,200,67921.391,
2026-09-20T22:11:02.003239+00:00,200,58558.208,
2026-09-20T22:10:25.080408+00:00,200,95493.324,
2026-09-20T22:10:51.036529+00:00,200,69540.873,
2026-09-20T22:10:38.305261+00:00,200,82278.474,
2026-09-20T22:10:36.739030+00:00,200,83845.925,
2026-09-20T22:11:07.758928+00:00,200,52836.03,
2026-09-20T22:11:04.063823+00:00,200,56541.139,
2026-09-20T22:10:40.019138+00:00,200,80593.291,
2026-09-20T22:11:34.721855+00:00,200,25886.111,
2026-09-20T22:09:39.253320+00:00,200,141391.92,
2026-09-20T22:11:43.413278+00:00,200,17229.663,
2026-09-20T22:11:22.634141+00:00,200,38013.314,
2026-09-20T22:11:07.085200+00:00,200,53565.694,
2026-09-20T22:11:31.566670+00:00,200,29101.422,
2026-09-20T22:11:15.323558+00:00,200,45349.804,
2026-09-20T22:11:36.399482+00:00,200,24276.762,
2026-09-20T22:11:48.982050+00:00,200,11703.765,
2026-09-20T22:09:37.806790+00:00,200,142907.757,
2026-09-20T22:11:26.740603+00:00,200,33954.72,
2026-09-20T22:10:29.127471+00:00,200,91579.211,
2026-09-20T22:11:12.370357+00:00,200,48337.403,
2026-09-20T22:10:33.595480+00:00,200,87132.717,
2026-09-20T22:11:42.258609+00:00,200,18474.77,
2026-09-20T22:11:35.304263+00:00,200,25438.023,
2026-09-20T22:11:38.585392+00:00,200,22230.602,
2026-09-20T22:11:23.149727+00:00,200,37679.63,
2026-09-20T22:10:02.104875+00:00,200,118751.272,
2026-09-20T22:11:43.698665+00:00,200,17136.754,
2026-09-20T22:11:48.097260+00:00,200,12741.647,
2026-09-20T22:11:49.022964+00:00,200,11826.77,
2026-09-20T22:10:25.082691+00:00,200,95781.637,
2026-09-20T22:10:59.668557+00:00,200,61187.39,
2026-09-20T22:11:42.309754+00:00,200,18552.669,
2026-09-20T22:10:12.098581+00:00,200,108796.428,
2026-09-20T22:10:36.565774+00:00,200,84318.937,
2026-09-20T22:10:53.846568+00:00,200,67039.059,
2026-09-20T22:11:04.921637+00:00,200,55975.374,
2026-09-20T22:10:37.495119+00:00,200,83421.847,
2026-09-20T22:11:21.753389+00:00,200,39164.297,
2026-09-20T22:11:49.082090+00:00,200,11836.06,
2026-09-20T22:10:46.457352+00:00,200,74465.174,
2026-09-20T22:11:36.928327+00:00,200,23998.296,
2026-09-20T22:11:09.151117+00:00,200,51798.313,
2026-09-20T22:11:30.214697+00:00,200,30746.544,
2026-09-20T22:10:02.224850+00:00,200,118768.535,
2026-09-20T22:10:57.885000+00:00,200,63106.921,
2026-09-20T22:10:44.630689+00:00,200,76367.998,
2026-09-20T22:11:49.944661+00:00,200,11058.668,
2026-09-20T22:11:41.075853+00:00,200,19931.847,
2026-09-20T22:10:09.330352+00:00,200,111716.443,
2026-09-20T22:10:17.418351+00:00,200,103635.058,
2026-09-20T22:11:00.962599+00:00,200,60076.71,
2026-09-20T22:09:37.388572+00:00,200,143677.851,
2026-09-20T22:11:49.140721+00:00,200,11903.004,
2026-09-20T22:11:36.495859+00:00,200,24562.869,
2026-09-20T22:11:34.008332+00:00,200,27061.266,
2026-09-20T22:11:40.947241+00:00,200,20131.681,
2026-09-20T22:11:22.877321+00:00,200,38216.132,
2026-09-20T22:11:33.772529+00:00,200,27327.725,
2026-09-20T22:11:08.928504+00:00,200,52196.645,
2026-09-20T22:11:25.083013+00:00,200,36046.571,
2026-09-20T22:11:14.992404+00:00,200,46138.868,
2026-09-20T22:11:50.458599+00:00,200,10701.364,
2026-09-20T22:11:15.513200+00:00,200,45648.144,
2026-09-20T22:10:43.722153+00:00,200,77447.55,
2026-09-20T22:10:42.025071+00:00,200,79146.416,
2026-09-20T22:11:00.247066+00:00,200,60922.056,
2026-09-20T22:10:24.208206+00:00,200,96979.45,
2026-09-20T22:10:26.018637+00:00,200,95195.715,
2026-09-20T22:10:05.019145+00:00,200,116213.338,
2026-09-20T22:10:25.041377+00:00,200,96184.796,
2026-09-20T22:11:18.832024+00:00,200,42382.861,
2026-09-20T22:11:41.781677+00:00,200,19440.628,
2026-09-20T22:10:40.984573+00:00,200,80243.281,
2026-09-20T22:11:41.528286+00:00,200,19705.626,
2026-09-20T22:10:37.046754+00:00,200,84195.586,
2026-09-20T22:11:42.425406+00:00,200,18817.092,
2026-09-20T22:10:34.457551+00:00,200,86806.542,
2026-09-20T22:10:28.438131+00:00,200,92834.932,
2026-09-20T22:11:21.400439+00:00,200,39868.117,
2026-09-20T22:11:43.050539+00:00,200,18237.582,
2026-09-20T22:10:02.499241+00:00,200,118828.403,
2026-09-20T22:11:16.121267+00:00,200,45202.531,
2026-09-20T22:11:16.670026+00:00,200,44684.047,
2026-09-20T22:11:01.014873+00:00,200,60343.265,
2026-09-20T22:11:01.378103+00:00,200,59987.269,
2026-09-20T22:11:07.334208+00:00,200,54039.515,
2026-09-20T22:11:47.896048+00:00,200,13502.287,
2026-09-20T22:11:03.355365+00:00,200,58049.43,
2026-09-20T22:10:24.485166+00:00,200,96936.932,
2026-09-20T22:11:25.570330+00:00,200,35841.311,
2026-09-20T22:11:31.200097+00:00,200,30212.115,
2026-09-20T22:11:37.500777+00:00,200,23924.859,
2026-09-20T22:09:56.673907+00:00,200,124778.856,
2026-09-20T22:11:46.334274+00:00,200,15096.01,
2026-09-20T22:10:34.726690+00:00,200,86726.735,
2026-09-20T22:11:30.231236+00:00,200,31218.141,
2026-09-20T22:11:42.271070+00:00,200,19185.528,
2026-09-20T22:11:22.111286+00:00,200,39351.73,
2026-09-20T22:11:32.351614+00:00,200,29113.229,
2026-09-20T22:10:44.433969+00:00,200,77050.621,
2026-09-20T22:11:01.244086+00:00,200,60238.684,
2026-09-20T22:11:29.236543+00:00,200,32249.9,
2026-09-20T22:11:46.906157+00:00,200,14580.966,
2026-09-20T22:11:30.892947+00:00,200,30596.585,
2026-09-20T22:11:07.436148+00:00,200,54057.98,
2026-09-20T22:11:07.744761+00:00,200,53758.401,
2026-09-20T22:11:26.537556+00:00,200,34996.354,
2026-09-20T22:10:25.297051+00:00,200,96265.887,
2026-09-20T22:10:25.254054+00:00,200,96319.902,
2026-09-20T22:11:47.333106+00:00,200,14234.869,
2026-09-20T22:11:48.483546+00:00,200,13085.122,
2026-09-20T22:10:25.350936+00:00,200,96245.674,
2026-09-20T22:11:35.972355+00:00,200,25615.657,
2026-09-20T22:11:48.994035+00:00,200,12599.962,
2026-09-20T22:09:48.253531+00:00,200,133374.862,
2026-09-20T22:11:16.209775+00:00,200,45429.977,
2026-09-20T22:11:48.292739+00:00,200,13357.75,
2026-09-20T22:11:13.118827+00:00,200,48537.915,
2026-09-20T22:09:37.700456+00:00,200,143998.464,
2026-09-20T22:11:29.475287+00:00,200,32207.269,
2026-09-20T22:11:41.262603+00:00,200,20434.979,
2026-09-20T22:10:29.578958+00:00,200,92134.584,
2026-09-20T22:11:22.364927+00:00,200,39359.112,
2026-09-20T22:11:36.054863+00:00,200,25684.006,
2026-09-20T22:11:46.825252+00:00,200,14925.126,
2026-09-20T22:10:37.290538+00:00,200,84494.408,
2026-09-20T22:11:06.778559+00:00,200,55003.301,
2026-09-20T22:11:50.200645+00:00,200,11582.613,
2026-09-20T22:10:42.430771+00:00,200,79366.007,
2026-09-20T22:10:35.238699+00:00,200,86578.087,
2026-09-20T22:11:17.270056+00:00,200,44542.347,
2026-09-20T22:11:31.402537+00:00,200,30421.421,
2026-09-20T22:11:20.556581+00:00,200,41278.711,
2026-09-20T22:11:44.885022+00:00,200,16956.271,
2026-09-20T22:11:41.197759+00:00,200,20645.545,
2026-09-20T22:10:49.275358+00:00,200,72580.974,
2026-09-20T22:11:24.348207+00:00,200,37508.141,
2026-09-20T22:10:46.455437+00:00,200,75412.01,
2026-09-20T22:11:30.617895+00:00,200,31256.628,
2026-09-20T22:11:49.656259+00:00,200,12227.965,
2026-09-20T22:11:07.675950+00:00,200,54210.694,
2026-09-20T22:11:49.055808+00:00,200,12838.135,
2026-09-20T22:10:33.541412+00:00,200,88361.024,
2026-09-20T22:10:38.967253+00:00,200,82945.513,
2026-09-20T22:11:08.304464+00:00,200,53613.78,
2026-09-20T22:11:49.701295+00:00,200,12217.104,
2026-09-20T22:11:43.019786+00:00,200,18904.183,
2026-09-20T22:11:01.506383+00:00,200,60427.765,
2026-09-20T22:10:44.243228+00:00,200,77700.776,
2026-09-20T22:11:45.691751+00:00,200,16276.725,
2026-09-20T22:10:36.261417+00:00,200,85716.968,
2026-09-20T22:10:38.320691+00:00,200,83661.019,
2026-09-20T22:11:41.653883+00:00,200,20334.197,
2026-09-20T22:10:05.404027+00:00,200,116626.836,
2026-09-20T22:11:03.771946+00:00,200,58241.909,
2026-09-20T22:10:03.755109+00:00,200,118282.266,
2026-09-20T22:11:14.617239+00:00,200,47402.327,
2026-09-20T22:10:47.992179+00:00,200,74046.151,
2026-09-20T22:11:31.255905+00:00,200,30831.537,
2026-09-20T22:10:14.324214+00:00,200,107788.728,
2026-09-20T22:11:49.811723+00:00,200,12277.917,
2026-09-20T22:11:32.977908+00:00,200,29124.911,
2026-09-20T22:11:49.412293+00:00,200,12713.813,
2026-09-20T22:11:16.816745+00:00,200,45317.847,
2026-09-20T22:11:31.087740+00:00,200,31050.559,
2026-09-20T22:10:54.174219+00:00,200,67982.883,
2026-09-20T22:10:42.069015+00:00,200,80100.976,
2026-09-20T22:11:01.712416+00:00,200,60471.539,
2026-09-20T22:11:29.469862+00:00,200,32725.444,
2026-09-20T22:11:32.618951+00:00,200,29580.73,
2026-09-20T22:11:41.097310+00:00,200,21104.223,
2026-09-20T22:11:07.387764+00:00,200,54831.054,
2026-09-20T22:11:49.021982+00:00,200,13199.885,
2026-09-20T22:10:02.601497+00:00,200,119646.984,
2026-09-20T22:10:18.449407+00:00,200,103799.601,
2026-09-20T22:09:37.938296+00:00,200,144315.731,
2026-09-20T22:10:44.490886+00:00,200,77746.664,
2026-09-20T22:11:27.343279+00:00,200,34898.907,
2026-09-20T22:11:49.636753+00:00,200,12611.087,
2026-09-20T22:11:14.473374+00:00,200,47780.333,
2026-09-20T22:11:31.101091+00:00,200,31164.413,
2026-09-20T22:10:46.226592+00:00,200,76059.097,
2026-09-20T22:10:35.193371+00:00,200,87114.228,
2026-09-20T22:11:45.035730+00:00,200,17273.396,
2026-09-20T22:11:09.660898+00:00,200,52664.194,
2026-09-20T22:11:23.929985+00:00,200,38397.164,
2026-09-20T22:09:50.813933+00:00,200,131538.085,
2026-09-20T22:11:34.774091+00:00,200,27565.242,
2026-09-20T22:10:44.802296+00:00,200,77553.761,
2026-09-20T22:11:47.792010+00:00,200,14577.246,
2026-09-20T22:11:40.757845+00:00,200,21616.349,
2026-09-20T22:11:21.948981+00:00,200,40430.486,
2026-09-20T22:10:42.378923+00:00,200,80020.363,
2026-09-20T22:11:04.649458+00:00,200,57751.294,
2026-09-20T22:10:50.758709+00:00,200,71644.97,
2026-09-20T22:10:05.973612+00:00,200,116477.194,
2026-09-20T22:11:15.597492+00:00,200,46857.659,
2026-09-20T22:11:24.627461+00:00,200,37834.715,
2026-09-20T22:11:43.704351+00:00,200,18771.044,
2026-09-20T22:10:42.797994+00:00,200,79688.805,
2026-09-20T22:11:28.989808+00:00,200,33512.343,
2026-09-20T22:10:04.857907+00:00,200,117673.926,
2026-09-20T22:10:37.901817+00:00,200,84612.791,
2026-09-20T22:10:17.773964+00:00,200,104784.576,
2026-09-20T22:10:47.380360+00:00,200,75165.651,
2026-09-20T22:10:25.107051+00:00,200,97450.341,
2026-09-20T22:10:14.605889+00:00,200,107966.508,
2026-09-20T22:11:41.202185+00:00,200,21348.693,
2026-09-20T22:10:34.841217+00:00,200,87718.327,
2026-09-20T22:10:52.626462+00:00,200,69942.068,
2026-09-20T22:11:18.368309+00:00,200,44207.646,
2026-09-20T22:11:02.760187+00:00,200,59830.499,
2026-09-20T22:11:25.424464+00:00,200,37203.093,
2026-09-20T22:11:24.612447+00:00,200,38015.752,
2026-09-20T22:10:23.088518+00:00,200,99554.749,
2026-09-20T22:11:27.358447+00:00,200,35315.987,
2026-09-20T22:10:03.249638+00:00,200,119449.573,
2026-09-20T22:11:50.081046+00:00,200,12607.094,
2026-09-20T22:11:05.572088+00:00,200,57140.863,
2026-09-20T22:11:08.171172+00:00,200,54552.316,
2026-09-20T22:11:48.816582+00:00,200,13906.393,
2026-09-20T22:11:42.393621+00:00,200,20346.933,
2026-09-20T22:10:10.996656+00:00,200,111769.082,
2026-09-20T22:11:49.558333+00:00,200,13186.193,
2026-09-20T22:11:15.304988+00:00,200,47445.528,
2026-09-20T22:10:35.279546+00:00,200,87486.707,
2026-09-20T22:11:23.186978+00:00,200,39579.461,
2026-09-20T22:10:43.023534+00:00,200,79753.288,
2026-09-20T22:10:30.446115+00:00,200,92342.38,
2026-09-20T22:11:31.366945+00:00,200,31428.609,
2026-09-20T22:11:17.060711+00:00,200,45740.632,
2026-09-20T22:10:04.770124+00:00,200,118055.158,
2026-09-20T22:11:36.040646+00:00,200,26761.579,
2026-09-20T22:11:07.081301+00:00,200,55738.36,
2026-09-20T22:11:05.149483+00:00,200,57677.26,
2026-09-20T22:11:32.645400+00:00,200,30191.441,
2026-09-20T22:11:30.938505+00:00,200,31908.699,
2026-09-20T22:10:51.871040+00:00,200,70982.273,
2026-09-20T22:11:35.365607+00:00,200,27490.744,
2026-09-20T22:11:24.353018+00:00,200,38505.619,
2026-09-20T22:10:02.654968+00:00,200,120240.017,
2026-09-20T22:10:28.589302+00:00,200,94300.28,
2026-09-20T22:11:01.990487+00:00,200,60901.681,
2026-09-20T22:11:45.885088+00:00,200,17006.922,
2026-09-20T22:11:02.659637+00:00,200,60234.527,
2026-09-20T22:11:00.535121+00:00,200,62376.205,
2026-09-20T22:11:16.162386+00:00,200,46756.809,
2026-09-20T22:10:28.731319+00:00,200,94204.963,
2026-09-20T22:09:56.664262+00:00,200,126286.855,
2026-09-20T22:11:10.501235+00:00,200,52447.234,
2026-09-20T22:11:12.781730+00:00,200,50207.824,
2026-09-20T22:11:43.847825+00:00,200,19146.558,
2026-09-20T22:11:30.610137+00:00,200,32404.224,
2026-09-20T22:11:22.610056+00:00,200,40412.849,
2026-09-20T22:10:56.156033+00:00,200,66884.646,
2026-09-20T22:10:25.411979+00:00,200,97651.806,
2026-09-20T22:10:05.002510+00:00,200,118102.093,
2026-09-20T22:11:41.755756+00:00,200,21326.329,
2026-09-20T22:11:25.838969+00:00,200,37253.605,
2026-09-20T22:11:22.485735+00:00,200,40619.199,
2026-09-20T22:11:31.441266+00:00,200,31664.123,
2026-09-20T22:11:48.872393+00:00,200,14244.144,
2026-09-20T22:11:46.816640+00:00,200,16301.419,
2026-09-20T22:11:24.251798+00:00,200,38871.413,
2026-09-20T22:11:28.498715+00:00,200,34626.783,
2026-09-20T22:11:15.482105+00:00,200,47667.001,
2026-09-20T22:10:20.520399+00:00,200,102647.345,
2026-09-20T22:11:34.738758+00:00,200,28419.518,
2026-09-20T22:11:18.889403+00:00,200,44283.469,
2026-09-20T22:10:34.741584+00:00,200,88457.102,
2026-09-20T22:11:16.265443+00:00,200,46932.523,
2026-09-20T22:11:09.582057+00:00,200,53639.565,
2026-09-20T22:11:40.465548+00:00,200,22766.491,
2026-09-20T22:10:51.038339+00:00,200,72208.006,
2026-09-20T22:11:42.595666+00:00,200,20648.522,
2026-09-20T22:10:24.799687+00:00,200,98459.123,
2026-09-20T22:11:32.711100+00:00,200,30545.75,
2026-09-20T22:11:19.155100+00:00,200,44112.001,
2026-09-20T22:11:27.217489+00:00,200,36055.043,
2026-09-20T22:11:27.252881+00:00,200,36051.433,
2026-09-20T22:11:09.398549+00:00,200,53907.053,
2026-09-20T22:10:50.953322+00:00,200,72360.084,
2026-09-20T22:11:32.022078+00:00,200,31290.086,
2026-09-20T22:11:26.958547+00:00,200,36358.54,
2026-09-20T22:11:23.114975+00:00,200,40206.519,
2026-09-20T22:10:59.341327+00:00,200,63991.087,
2026-09-20T22:10:45.105037+00:00,200,78239.229,
2026-09-20T22:09:39.982287+00:00,200,143400.265,
2026-09-20T22:10:52.061448+00:00,200,71311.839,
2026-09-20T22:10:41.153893+00:00,200,82231.498,
2026-09-20T22:11:00.320942+00:00,200,63072.232,
2026-09-20T22:11:49.565644+00:00,200,13836.887,
2026-09-20T22:10:07.099294+00:00,200,116336.46,
2026-09-20T22:11:24.790290+00:00,200,38623.366,
2026-09-20T22:10:08.137964+00:00,200,115302.843,
2026-09-20T22:11:44.737876+00:00,200,18685.395,
2026-09-20T22:10:36.164347+00:00,200,87282.74,
2026-09-20T22:11:49.778812+00:00,200,13707.971,
2026-09-20T22:11:05.909674+00:00,200,57579.054,
2026-09-20T22:11:45.375940+00:00,200,18142.734,
2026-09-20T22:09:56.471561+00:00,200,127077.509,
2026-09-20T22:11:06.851728+00:00,200,56677.909,
2026-09-20T22:11:15.200415+00:00,200,48336.036,
2026-09-20T22:10:04.996295+00:00,200,118586.379,
2026-09-20T22:11:16.109790+00:00,200,47452.288,
2026-09-20T22:09:48.213259+00:00,200,135376.021,
2026-09-20T22:09:47.293363+00:00,200,136303.208,
2026-09-20T22:10:43.049422+00:00,200,80533.187,
2026-09-20T22:11:35.907513+00:00,200,27688.726,
2026-09-20T22:10:54.389384+00:00,200,69216.151,
2026-09-20T22:10:35.111943+00:00,200,88502.947,
2026-09-20T22:10:21.469562+00:00,200,102163.367,
2026-09-20T22:11:23.702724+00:00,200,39916.305,
2026-09-20T22:11:14.591346+00:00,200,49034.899,
2026-09-20T22:10:10.458281+00:00,200,113216.346,
2026-09-20T22:09:54.109336+00:00,200,129577.472,
2026-09-20T22:11:07.470260+00:00,200,56203.892,
2026-09-20T22:11:31.090796+00:00,200,32589.92,
2026-09-20T22:11:47.051206+00:00,200,16631.974,
2026-09-20T22:11:31.424297+00:00,200,32277.933,
2026-09-20T22:11:09.684020+00:00,200,54020.929,
2026-09-20T22:10:24.947170+00:00,200,98774.666,
2026-09-20T22:10:13.095706+00:00,200,110644.673,
2026-09-20T22:10:22.837281+00:00,200,100897.695,
2026-09-20T22:10:25.800116+00:00,200,97939.215,
2026-09-20T22:10:03.834927+00:00,200,119919.25,
2026-09-20T22:10:58.586519+00:00,200,65149.81,
2026-09-20T22:11:50.118353+00:00,200,13624.457,
2026-09-20T22:10:26.608259+00:00,200,97174.223,
2026-09-20T22:11:38.825906+00:00,200,24956.878,
2026-09-20T22:11:41.333387+00:00,200,22466.871,
2026-09-20T22:10:11.059249+00:00,200,112765.37,
2026-09-20T22:10:50.495709+00:00,200,73314.81,
2026-09-20T22:11:42.477639+00:00,200,21338.649,
2026-09-20T22:11:08.113394+00:00,200,55727.259,
2026-09-20T22:11:01.314917+00:00,200,62555.631,
2026-09-20T22:11:41.667976+00:00,200,22216.955,
2026-09-20T22:11:34.673489+00:00,200,29235.592,
2026-09-20T22:11:32.183696+00:00,200,31740.444,
2026-09-20T22:11:11.007640+00:00,200,52917.804,
2026-09-20T22:10:23.281469+00:00,200,100663.165,
2026-09-20T22:11:34.765584+00:00,200,29174.676,
2026-09-20T22:11:50.416644+00:00,200,13534.091,
2026-09-20T22:11:27.862708+00:00,200,36109.707,
2026-09-20T22:10:41.741690+00:00,200,82240.965,
2026-09-20T22:11:05.693556+00:00,200,58286.176,
2026-09-20T22:10:18.391359+00:00,200,105610.552,
2026-09-20T22:11:20.152597+00:00,200,43840.807,
2026-09-20T22:10:15.088157+00:00,200,108938.018,
2026-09-20T22:10:31.905368+00:00,200,92108.967,
2026-09-20T22:11:32.577169+00:00,200,31430.136,
2026-09-20T22:11:48.650493+00:00,200,15357.991,
2026-09-20T22:11:15.373002+00:00,200,48637.773,
2026-09-20T22:11:33.323216+00:00,200,30699.367,
2026-09-20T22:11:14.609507+00:00,200,49414.371,
2026-09-20T22:10:56.224931+00:00,200,67831.59,
2026-09-20T22:10:23.796864+00:00,200,100285.878,
2026-09-20T22:11:41.851726+00:00,200,22229.842,
2026-09-20T22:11:16.279341+00:00,200,47812.904,
2026-09-20T22:11:16.606175+00:00,200,47493.53,
2026-09-20T22:11:25.705791+00:00,200,38402.04,
2026-09-20T22:11:49.094558+00:00,200,15014.775,
2026-09-20T22:11:35.746141+00:00,200,28365.4,
2026-09-20T22:11:32.803576+00:00,200,31313.281,
2026-09-20T22:10:53.690342+00:00,200,70443.249,
2026-09-20T22:11:41.793647+00:00,200,22338.263,
2026-09-20T22:10:40.756789+00:00,200,83405.504,
2026-09-20T22:11:49.844951+00:00,200,14323.11,
2026-09-20T22:11:33.153032+00:00,200,31018.811,
2026-09-20T22:10:49.811221+00:00,200,74364.445,
2026-09-20T22:11:15.923189+00:00,200,48264.319,
2026-09-20T22:10:05.060247+00:00,200,119151.936,
2026-09-20T22:11:00.604453+00:00,200,63607.395,
2026-09-20T22:09:43.110909+00:00,200,141135.965,
2026-09-20T22:11:48.830065+00:00,200,15394.858,
2026-09-20T22:11:08.415295+00:00,200,55829.089,
2026-09-20T22:11:00.516293+00:00,200,63730.219,
2026-09-20T22:10:13.985767+00:00,200,110283.671,
2026-09-20T22:10:47.376016+00:00,200,76882.112,
2026-09-20T22:10:27.683421+00:00,200,96584.639,
2026-09-20T22:11:40.971657+00:00,200,23320.6,
2026-09-20T22:10:42.313044+00:00,200,81987.433,
2026-09-20T22:10:33.172986+00:00,200,91137.009,
2026-09-20T22:10:50.188652+00:00,200,74132.61,
2026-09-20T22:10:52.697717+00:00,200,71626.603,
2026-09-20T22:09:51.382367+00:00,200,132964.078,
2026-09-20T22:11:38.831142+00:00,200,25497.019,
2026-09-20T22:11:39.868525+00:00,200,24486.455,
2026-09-20T22:11:00.110844+00:00,200,64247.745,
2026-09-20T22:11:04.145091+00:00,200,60235.3,
2026-09-20T22:11:34.830310+00:00,200,29562.306,
2026-09-20T22:11:49.692001+00:00,200,14719.206,
2026-09-20T22:10:50.595962+00:00,200,73818.799,
2026-09-20T22:10:49.834850+00:00,200,74588.281,
2026-09-20T22:10:35.186477+00:00,200,89241.379,
2026-09-20T22:10:28.651290+00:00,200,95810.753,
2026-09-20T22:11:25.176475+00:00,200,39277.142,
2026-09-20T22:11:33.533169+00:00,200,30952.411,
2026-09-20T22:11:03.977877+00:00,200,60517.144,
2026-09-20T22:11:23.139894+00:00,200,41356.01,
2026-09-20T22:11:41.571258+00:00,200,22925.549,
2026-09-20T22:11:43.173029+00:00,200,21338.755,
2026-09-20T22:11:01.116478+00:00,200,63427.088,
2026-09-20T22:11:31.991846+00:00,200,32551.525,
2026-09-20T22:11:47.853545+00:00,200,16706.432,
2026-09-20T22:09:47.183680+00:00,200,137411.397,
2026-09-20T22:11:49.983479+00:00,200,14589.347,
2026-09-20T22:11:50.355972+00:00,200,14226.687,
2026-09-20T22:11:42.565162+00:00,200,22024.384,
2026-09-20T22:11:17.047155+00:00,200,47561.22,
2026-09-20T22:10:36.781583+00:00,200,87839.941,
2026-09-20T22:10:25.251340+00:00,200,99398.033,
2026-09-20T22:11:32.430081+00:00,200,32207.117,
2026-09-20T22:10:32.375854+00:00,200,92270.693,
2026-09-20T22:11:02.577168+00:00,200,62067.955,
2026-09-20T22:11:13.250512+00:00,200,51395.674,
2026-09-20T22:10:03.405607+00:00,200,121270.839,
2026-09-20T22:11:24.115037+00:00,200,40540.01,
2026-09-20T22:11:43.466624+00:00,200,21192.529,
2026-09-20T22:10:35.278788+00:00,200,89391.052,
2026-09-20T22:11:01.649464+00:00,200,63015.842,
2026-09-20T22:11:25.451234+00:00,200,39215.073,
2026-09-20T22:10:44.095656+00:00,200,80585.201,
2026-09-20T22:11:08.542870+00:00,200,56137.377,
2026-09-20T22:10:19.635106+00:00,200,105071.027,
2026-09-20T22:11:11.823117+00:00,200,52866.866,
2026-09-20T22:10:34.356419+00:00,200,90352.17,
2026-09-20T22:10:43.629290+00:00,200,81081.527,
2026-09-20T22:11:32.751428+00:00,200,31955.76,
2026-09-20T22:11:26.460466+00:00,200,38264.367,
2026-09-20T22:11:09.553510+00:00,200,55178.12,
2026-09-20T22:11:32.935814+00:00,200,31799.824,
2026-09-20T22:11:22.171206+00:00,200,42566.452,
2026-09-20T22:10:02.336778+00:00,200,122427.063,
2026-09-20T22:11:22.594833+00:00,200,42170.903,
2026-09-20T22:11:32.445354+00:00,200,32322.712,
2026-09-20T22:11:30.451860+00:00,200,34320.111,
2026-09-20T22:11:05.260199+00:00,200,59513.198,
2026-09-20T22:11:39.089459+00:00,200,25697.062,
2026-09-20T22:11:23.650547+00:00,200,41145.965,
2026-09-20T22:11:07.169644+00:00,200,57631.884,
2026-09-20T22:11:43.458027+00:00,200,21343.26,
2026-09-20T22:11:36.126549+00:00,200,28688.137,
2026-09-20T22:11:23.846237+00:00,200,40976.833,
2026-09-20T22:11:16.664426+00:00,200,48159.232,
2026-09-20T22:11:29.765364+00:00,200,35065.858,
2026-09-20T22:11:46.663019+00:00,200,18181.841,
2026-09-20T22:11:34.248148+00:00,200,30605.107,
2026-09-20T22:10:58.827772+00:00,200,66034.946,
2026-09-20T22:09:38.784249+00:00,200,146106.575,
2026-09-20T22:11:32.728359+00:00,200,32149.88,
2026-09-20T22:11:12.186671+00:00,200,52695.006,
2026-09-20T22:10:25.109816+00:00,200,99799.891,
2026-09-20T22:11:09.549277+00:00,200,55352.009,
2026-09-20T22:11:42.123091+00:00,200,22782.371,
2026-09-20T22:10:23.557394+00:00,200,101368.456,
2026-09-20T22:11:45.607074+00:00,200,19306.684,
2026-09-20T22:11:32.852857+00:00,200,32073.759,
2026-09-20T22:09:47.328315+00:00,200,137642.244,
2026-09-20T22:10:49.960451+00:00,200,74990.139,
2026-09-20T22:11:48.848016+00:00,200,16127.555,
2026-09-20T22:11:30.544891+00:00,200,34440.746,
2026-09-20T22:11:43.944777+00:00,200,21045.07,
2026-09-20T22:10:34.593556+00:00,200,90411.208,
2026-09-20T22:10:49.830890+00:00,200,75170.277,
2026-09-20T22:11:32.950530+00:00,200,32048.199,
2026-09-20T22:10:04.778265+00:00,200,120249.139,
2026-09-20T22:11:50.326697+00:00,200,14692.446,
2026-09-20T22:10:31.685916+00:00,200,93344.004,
2026-09-20T22:11:26.476238+00:00,200,38547.01,
2026-09-20T22:10:41.406474+00:00,200,83633.457,
2026-09-20T22:10:24.682832+00:00,200,100376.994,
2026-09-20T22:10:04.747633+00:00,200,120327.84,
2026-09-20T22:11:05.432676+00:00,200,59631.844,
2026-09-20T22:10:59.201691+00:00,200,65869.006,
2026-09-20T22:09:41.578356+00:00,200,143514.976,
2026-09-20T22:10:47.921614+00:00,200,77155.724,
2026-09-20T22:11:49.009226+00:00,200,16079.645,
2026-09-20T22:11:31.428305+00:00,200,33661.25,
2026-09-20T22:10:10.871727+00:00,200,114242.278,
2026-09-20T22:11:40.456894+00:00,200,24637.742,
2026-09-20T22:11:22.391624+00:00,200,42703.895,
2026-09-20T22:11:01.463515+00:00,200,63635.126,
2026-09-20T22:10:49.980748+00:00,200,75119.774,
2026-09-20T22:11:00.335306+00:00,200,64770.806,
2026-09-20T22:10:46.379045+00:00,200,78734.164,
2026-09-20T22:11:30.420199+00:00,200,34691.746,
2026-09-20T22:11:48.301678+00:00,200,16820.659,
2026-09-20T22:11:41.859585+00:00,200,23267.935,
2026-09-20T22:10:12.204920+00:00,200,112966.342,
2026-09-20T22:11:43.308420+00:00,200,21839.757,
2026-09-20T22:11:02.531513+00:00,200,62631.53,
2026-09-20T22:11:43.045953+00:00,200,22125.038,
2026-09-20T22:10:19.453353+00:00,200,105741.834,
2026-09-20T22:11:48.324646+00:00,200,16873.875,
2026-09-20T22:11:33.145000+00:00,200,32059.291,
2026-09-20T22:11:14.994633+00:00,200,50213.295,
2026-09-20T22:10:42.134378+00:00,200,83086.361,
2026-09-20T22:11:43.167811+00:00,200,22056.537,
2026-09-20T22:11:36.228706+00:00,200,28996.088,
2026-09-20T22:11:34.793512+00:00,200,30432.704,
2026-09-20T22:11:29.749195+00:00,200,35494.217,
2026-09-20T22:10:54.983236+00:00,200,70293.257,
2026-09-20T22:11:23.052858+00:00,200,42242.768,
2026-09-20T22:11:43.055164+00:00,200,22256.215,
2026-09-20T22:10:02.324750+00:00,200,123011.666,
2026-09-20T22:11:08.137215+00:00,200,57180.339,
2026-09-20T22:11:30.642249+00:00,200,34678.137,
2026-09-20T22:11:15.797506+00:00,200,49528.924,
2026-09-20T22:11:02.065885+00:00,200,63265.946,
2026-09-20T22:10:02.237614+00:00,200,123126.012,
2026-09-20T22:10:07.294078+00:00,200,118079.778,
2026-09-20T22:10:26.094722+00:00,200,99268.995,
2026-09-20T22:10:47.255259+00:00,200,78112.877,
2026-09-20T22:11:23.899913+00:00,200,41468.096,
2026-09-20T22:10:41.087425+00:00,200,84285.405,
2026-09-20T22:11:02.315140+00:00,200,63065.498,
2026-09-20T22:11:47.216602+00:00,200,18163.703,
2026-09-20T22:11:32.668123+00:00,200,32716.722,
2026-09-20T22:11:13.062339+00:00,200,52331.725,
2026-09-20T22:11:48.635481+00:00,200,16757.954,
2026-09-20T22:10:58.873768+00:00,200,66528.559,
2026-09-20T22:11:24.693059+00:00,200,40728.365,
2026-09-20T22:10:06.103430+00:00,200,119350.526,
2026-09-20T22:10:14.747597+00:00,200,110714.758,
2026-09-20T22:11:23.292238+00:00,200,42147.594,
2026-09-20T22:11:49.891741+00:00,200,15550.626,
2026-09-20T22:11:14.575486+00:00,200,50870.592,
2026-09-20T22:11:42.049529+00:00,200,23400.619,
2026-09-20T22:11:16.412616+00:00,200,49039.25,
2026-09-20T22:11:50.353323+00:00,200,15105.883,
2026-09-20T22:10:49.918320+00:00,200,75544.436,
2026-09-20T22:10:50.578578+00:00,200,74894.062,
2026-09-20T22:10:15.617945+00:00,200,109889.992,
2026-09-20T22:10:18.361413+00:00,200,107149.616,
2026-09-20T22:11:08.142308+00:00,200,57354.33,
2026-09-20T22:10:04.929867+00:00,200,120595.022,
2026-09-20T22:10:48.531583+00:00,200,76975.152,
2026-09-20T22:11:50.082318+00:00,200,15428.675,
2026-09-20T22:11:24.136128+00:00,200,41376.678,
2026-09-20T22:11:31.865873+00:00,200,33653.798,
2026-09-20T22:10:46.157955+00:00,200,79366.801,
2026-09-20T22:10:05.149422+00:00,200,120412.953,
2026-09-20T22:10:08.684551+00:00,200,116881.808,
2026-09-20T22:10:21.239510+00:00,200,104327.691,
2026-09-20T22:10:48.174529+00:00,200,77393.449,
2026-09-20T22:11:24.368988+00:00,200,41202.373,
2026-09-20T22:11:48.084011+00:00,200,17488.534,
2026-09-20T22:10:40.595272+00:00,200,84985.952,
2026-09-20T22:10:58.453084+00:00,200,67136.59,
2026-09-20T22:10:08.698597+00:00,200,116916.405,
2026-09-20T22:10:47.839040+00:00,200,77765.647,
2026-09-20T22:10:50.865037+00:00,200,74739.327,
2026-09-20T22:10:01.981814+00:00,200,123757.349,
2026-09-20T22:10:05.688604+00:00,200,120051.562,
2026-09-20T22:10:49.226199+00:00,200,76494.658,
2026-09-20T22:11:41.221255+00:00,200,24496.887,
2026-09-20T22:11:26.815315+00:00,200,38903.502,
2026-09-20T22:11:30.974862+00:00,200,34764.961,
2026-09-20T22:11:30.667279+00:00,200,35082.009,
2026-09-20T22:11:33.151516+00:00,200,32603.637,
2026-09-20T22:11:45.097528+00:00,200,20658.549,
2026-09-20T22:11:30.455516+00:00,200,35304.296,
2026-09-20T22:11:23.293740+00:00,200,42467.25,
2026-09-20T22:11:25.683672+00:00,200,40092.427,
2026-09-20T22:11:01.896052+00:00,200,63885.366,
2026-09-20T22:11:23.036919+00:00,200,42752.236,
2026-09-20T22:11:32.575530+00:00,200,33213.775,
2026-09-20T22:11:09.052016+00:00,200,56741.036,
2026-09-20T22:11:15.763741+00:00,200,50030.498,
2026-09-20T22:10:34.179653+00:00,200,91622.501,
2026-09-20T22:11:17.275035+00:00,200,48525.747,
2026-09-20T22:11:48.946587+00:00,200,16855.804,
2026-09-20T22:10:44.014461+00:00,200,81810.041,
2026-09-20T22:10:19.549244+00:00,200,106289.88,
2026-09-20T22:11:08.666466+00:00,200,57155.648,
2026-09-20T22:11:49.615704+00:00,200,16207.382,
2026-09-20T22:10:50.487384+00:00,200,75345.333,
2026-09-20T22:11:35.344778+00:00,200,30494.943,
2026-09-20T22:11:48.328005+00:00,200,17513.155,
2026-09-20T22:11:42.259766+00:00,200,23585.45,
2026-09-20T22:11:19.896703+00:00,200,45950.175,
2026-09-20T22:10:52.708224+00:00,200,73142.487,
2026-09-20T22:10:22.369489+00:00,200,103520.245,
2026-09-20T22:10:26.320629+00:00,200,99566.311,
2026-09-20T22:10:23.549072+00:00,200,102340.6,
2026-09-20T22:10:19.822555+00:00,200,106079.055,
2026-09-20T22:11:33.914059+00:00,200,31971.406,
2026-09-20T22:11:22.543262+00:00,200,43395.059,
2026-09-20T22:11:21.786615+00:00,200,44170.751,
2026-09-20T22:10:04.255567+00:00,200,121734.513,
2026-09-20T22:10:15.681895+00:00,200,110324.602,
2026-09-20T22:11:14.735387+00:00,200,51272.595,
2026-09-20T22:11:01.592375+00:00,200,64436.859,
2026-09-20T22:11:02.236553+00:00,200,63797.476,
2026-09-20T22:11:19.645299+00:00,200,46425.237,
2026-09-20T22:11:16.928433+00:00,200,49157.062,
2026-09-20T22:10:57.456653+00:00,200,68637.733,
2026-09-20T22:10:48.472390+00:00,200,77656.553,
2026-09-20T22:11:19.653622+00:00,200,46473.988,
2026-09-20T22:11:40.917425+00:00,200,25210.353,
2026-09-20T22:10:52.662370+00:00,200,73474.25,
2026-09-20T22:10:57.600238+00:00,200,68552.832,
2026-09-20T22:10:44.800419+00:00,200,81363.152,
2026-09-20T22:10:48.363305+00:00,200,77814.361,
2026-09-20T22:10:29.860438+00:00,200,96329.141,
2026-09-20T22:11:49.763226+00:00,200,16435.839,
2026-09-20T22:11:15.737335+00:00,200,50476.912,
2026-09-20T22:11:32.851250+00:00,200,33372.641,
2026-09-20T22:11:24.712934+00:00,200,41511.98,
2026-09-20T22:11:50.533732+00:00,200,15695.758,
2026-09-20T22:11:01.975209+00:00,200,64264.772,
2026-09-20T22:10:51.373368+00:00,200,74868.844,
2026-09-20T22:11:41.351284+00:00,200,24890.385,
2026-09-20T22:11:15.796040+00:00,200,50460.445,
2026-09-20T22:11:30.054130+00:00,200,36202.979,
2026-09-20T22:11:50.327868+00:00,200,15930.015,
2026-09-20T22:09:47.065836+00:00,200,139217.279,
2026-09-20T22:11:02.683449+00:00,200,63578.298,
2026-09-20T22:11:49.782097+00:00,200,16479.354,
2026-09-20T22:10:58.964781+00:00,200,67332.164,
2026-09-20T22:11:32.309489+00:00,200,33987.034,
2026-09-20T22:11:36.112146+00:00,200,30185.485,
2026-09-20T22:10:23.665027+00:00,200,102653.672,
2026-09-20T22:10:59.331961+00:00,200,67008.995,
2026-09-20T22:11:48.878805+00:00,200,17500.281,
2026-09-20T22:11:49.920873+00:00,200,16459.513,
2026-09-20T22:10:13.006413+00:00,200,113399.255,
2026-09-20T22:11:45.552480+00:00,200,20847.569,
2026-09-20T22:10:44.875000+00:00,200,81557.924,
2026-09-20T22:11:24.366059+00:00,200,42064.748,
2026-09-20T22:11:32.435020+00:00,200,33997.131,
2026-09-20T22:11:29.000857+00:00,200,37480.58,
2026-09-20T22:10:23.662940+00:00,200,102833.993,
2026-09-20T22:11:43.188174+00:00,200,23296.077,
2026-09-20T22:10:10.309232+00:00,200,116209.718,
2026-09-20T22:11:41.732854+00:00,200,24809.44,
2026-09-20T22:11:01.454331+00:00,200,65091.259,
2026-09-20T22:10:20.768680+00:00,200,105820.223,
2026-09-20T22:10:49.756960+00:00,200,76821.626,
2026-09-20T22:11:42.068743+00:00,200,24536.031,
2026-09-20T22:09:40.523621+00:00,200,146107.053,
2026-09-20T22:10:14.160578+00:00,200,112471.893,
2026-09-20T22:11:31.790269+00:00,200,34820.635,
2026-09-20T22:11:27.209530+00:00,200,39403.528,
2026-09-20T22:10:38.300055+00:00,200,88320.575,
2026-09-20T22:09:47.239641+00:00,200,139444.945,
2026-09-20T22:11:40.866381+00:00,200,25815.888,
2026-09-20T22:10:14.135043+00:00,200,112573.22,
2026-09-20T22:11:45.321952+00:00,200,21364.69,
2026-09-20T22:11:07.603336+00:00,200,59086.66,
2026-09-20T22:11:11.336706+00:00,200,55355.367,
2026-09-20T22:10:26.479379+00:00,200,100226.179,
2026-09-20T22:11:31.689990+00:00,200,35006.163,
2026-09-20T22:10:40.870234+00:00,200,85833.16,
2026-09-20T22:11:23.608690+00:00,200,43170.922,
2026-09-20T22:10:18.459835+00:00,200,108341.55,
2026-09-20T22:10:58.374834+00:00,200,68411.132,
2026-09-20T22:10:50.020889+00:00,200,76768.761,
2026-09-20T22:11:15.976162+00:00,200,50813.806,
2026-09-20T22:11:15.744608+00:00,200,51047.977,
2026-09-20T22:11:40.549953+00:00,200,26244.742,
2026-09-20T22:11:49.253020+00:00,200,17544.356,
2026-09-20T22:11:05.827778+00:00,200,61065.794,
2026-09-20T22:11:47.784724+00:00,200,19110.43,
2026-09-20T22:10:25.387425+00:00,200,101523.385,
2026-09-20T22:11:20.037029+00:00,200,46864.4,
2026-09-20T22:10:32.079144+00:00,200,94833.324,
2026-09-20T22:10:20.807718+00:00,200,106116.272,
2026-09-20T22:11:23.527367+00:00,200,43383.068,
2026-09-20T22:10:04.511052+00:00,200,122425.948,
2026-09-20T22:11:33.199487+00:00,200,33716.946,
2026-09-20T22:11:08.802829+00:00,200,58117.612,
2026-09-20T22:11:12.718764+00:00,200,54204.702,
2026-09-20T22:11:07.733794+00:00,200,59258.65,
2026-09-20T22:11:49.916907+00:00,200,17115.925,
2026-09-20T22:10:24.934156+00:00,200,102115.435,
2026-09-20T22:11:35.397788+00:00,200,31642.311,
2026-09-20T22:10:51.514527+00:00,200,75531.637,
2026-09-20T22:10:59.078738+00:00,200,67970.05,
2026-09-20T22:11:01.257670+00:00,200,65794.395,
2026-09-20T22:10:24.263439+00:00,200,102804.518,
2026-09-20T22:10:45.708906+00:00,200,81352.78,
2026-09-20T22:11:21.973457+00:00,200,45088.711,
2026-09-20T22:10:40.404263+00:00,200,86666.445,
2026-09-20T22:10:30.212205+00:00,200,96866.711,
2026-09-20T22:10:39.193116+00:00,200,87920.214,
2026-09-20T22:10:04.759210+00:00,200,122459.994,
2026-09-20T22:11:23.091647+00:00,200,44107.932,
2026-09-20T22:10:00.052206+00:00,200,127174.688,
2026-09-20T22:10:21.231244+00:00,200,105992.18,
2026-09-20T22:11:49.505340+00:00,200,17705.417,
2026-09-20T22:11:33.569586+00:00,200,33645.474,
2026-09-20T22:11:49.488557+00:00,200,17730.372,
2026-09-20T22:10:50.847937+00:00,200,76378.028,
2026-09-20T22:11:07.995434+00:00,200,59233.056,
2026-09-20T22:11:49.687337+00:00,200,17544.311,
2026-09-20T22:11:24.358049+00:00,200,42878.372,
2026-09-20T22:11:14.446164+00:00,200,52794.953,
2026-09-20T22:11:18.524050+00:00,200,48755.945,
2026-09-20T22:11:32.886322+00:00,200,34501.232,
2026-09-20T22:11:21.382032+00:00,200,46010.235,
2026-09-20T22:11:22.418401+00:00,200,44978.326,
2026-09-20T22:11:41.660839+00:00,200,25739.962,
2026-09-20T22:11:22.266546+00:00,200,45139.297,
2026-09-20T22:10:47.491220+00:00,200,79922.13,
2026-09-20T22:11:16.550705+00:00,200,50864.488,
2026-09-20T22:09:55.669723+00:00,200,131773.416,
2026-09-20T22:11:01.332667+00:00,200,66092.759,
2026-09-20T22:11:27.899290+00:00,200,39529.668,
2026-09-20T22:11:42.383113+00:00,200,25050.346,
2026-09-20T22:10:58.957397+00:00,200,68482.638,
2026-09-20T22:10:51.728843+00:00,200,75716.991,
2026-09-20T22:10:58.308955+00:00,200,69140.967,
2026-09-20T22:11:48.672939+00:00,200,18780.163,
2026-09-20T22:10:58.375995+00:00,200,69084.027,
2026-09-20T22:11:27.740885+00:00,200,39722.735,
2026-09-20T22:11:23.548721+00:00,200,43920.159,
2026-09-20T22:11:49.736029+00:00,200,17737.6,
2026-09-20T22:11:50.432249+00:00,200,17212.38,
2026-09-20T22:10:34.971372+00:00,200,92685.737,
2026-09-20T22:10:32.641017+00:00,200,95022.605,
2026-09-20T22:11:34.643422+00:00,200,33017.62,
2026-09-20T22:11:23.010591+00:00,200,44656.302,
2026-09-20T22:11:04.165083+00:00,200,63508.352,
2026-09-20T22:11:42.198955+00:00,200,25478.848,
2026-09-20T22:10:35.236548+00:00,200,92453.928,
2026-09-20T22:11:31.805702+00:00,200,35883.727,
2026-09-20T22:10:58.738760+00:00,200,68958.077,
2026-09-20T22:10:21.430402+00:00,200,106286.739,
2026-09-20T22:10:32.648430+00:00,200,95066.407,
2026-09-20T22:11:32.790961+00:00,200,34921.82,
2026-09-20T22:11:06.979279+00:00,200,60740.386,
2026-09-20T22:11:46.429315+00:00,200,21295.228,
2026-09-20T22:10:42.479915+00:00,200,85255.317,
2026-09-20T22:11:35.440919+00:00,200,32295.975,
2026-09-20T22:11:23.101405+00:00,200,44641.959,
2026-09-20T22:11:22.684478+00:00,200,45065.058,
2026-09-20T22:11:02.840697+00:00,200,64916.017,
2026-09-20T22:10:45.173523+00:00,200,82591.935,
2026-09-20T22:10:30.909204+00:00,200,96867.78,
2026-09-20T22:11:06.907240+00:00,200,60868.145,
2026-09-20T22:11:31.132418+00:00,200,36797.397,
2026-09-20T22:11:10.606172+00:00,200,57377.641,
2026-09-20T22:11:23.639516+00:00,200,44350.369,
2026-09-20T22:10:45.994575+00:00,200,82005.247,
2026-09-20T22:11:33.795661+00:00,200,34207.344,
2026-09-20T22:11:06.945474+00:00,200,61065.173,
2026-09-20T22:11:00.646682+00:00,200,67371.104,
2026-09-20T22:10:27.693959+00:00,200,100340.069,
2026-09-20T22:11:32.857758+00:00,200,35172.083,
2026-09-20T22:11:00.680241+00:00,200,67357.833,
2026-09-20T22:11:00.641811+00:00,200,67403.14,
2026-09-20T22:11:23.753784+00:00,200,44296.883,
2026-09-20T22:10:06.523261+00:00,200,121557.835,
2026-09-20T22:11:41.711231+00:00,200,26353.05,
2026-09-20T22:11:00.773345+00:00,200,67299.661,
2026-09-20T22:11:41.508191+00:00,200,26570.386,
2026-09-20T22:11:49.046804+00:00,200,19038.799,
2026-09-20T22:11:46.325629+00:00,200,21767.195,
2026-09-20T22:11:50.184028+00:00,200,17916.091,
2026-09-20T22:11:34.195038+00:00,200,33912.817,
2026-09-20T22:11:44.811034+00:00,200,23305.067,
2026-09-20T22:10:08.290741+00:00,200,119856.823,
2026-09-20T22:10:42.880920+00:00,200,85254.818,
2026-09-20T22:11:49.765455+00:00,200,18373.48,
2026-09-20T22:11:09.926442+00:00,200,58221.568,
2026-09-20T22:11:23.667940+00:00,200,44709.527,
2026-09-20T22:10:10.750275+00:00,200,117658.308,
2026-09-20T22:10:14.115698+00:00,200,114300.66,
2026-09-20T22:10:42.512970+00:00,200,85891.853,
2026-09-20T22:10:26.091127+00:00,200,102329.158,
2026-09-20T22:11:24.299124+00:00,200,44117.154,
2026-09-20T22:11:14.863373+00:00,200,53561.143,
2026-09-20T22:11:01.255589+00:00,200,67177.684,
2026-09-20T22:11:05.375580+00:00,200,63065.358,
2026-09-20T22:11:24.148893+00:00,200,44299.349,
2026-09-20T22:11:40.689320+00:00,200,27766.623,
2026-09-20T22:11:18.487962+00:00,200,49976.678,
2026-09-20T22:11:11.302142+00:00,200,57170.94,
2026-09-20T22:11:07.654297+00:00,200,60827.269,
2026-09-20T22:11:49.787220+00:00,200,18701.417,
2026-09-20T22:11:42.593370+00:00,200,25903.783,
2026-09-20T22:11:48.357951+00:00,200,20147.521,
2026-09-20T22:11:42.902185+00:00,200,25611.712,
2026-09-20T22:11:49.963641+00:00,200,18558.389,
2026-09-20T22:11:18.404514+00:00,200,50126.458,
2026-09-20T22:11:14.780624+00:00,200,53758.991,
2026-09-20T22:11:15.699597+00:00,200,52848.324,
2026-09-20T22:11:49.161841+00:00,200,19393.859,
2026-09-20T22:11:14.814011+00:00,200,53751.028,
2026-09-20T22:11:41.422476+00:00,200,27155.222,
2026-09-20T22:10:44.043056+00:00,200,84797.081,
2026-09-20T22:11:41.702960+00:00,200,27142.01,
2026-09-20T22:10:28.408787+00:00,200,100455.736,
2026-09-20T22:11:04.009196+00:00,200,64854.908,
2026-09-20T22:11:36.097708+00:00,200,32774.249,
2026-09-20T22:10:18.106227+00:00,200,110794.878,
2026-09-20T22:11:30.541893+00:00,200,38348.41,
2026-09-20T22:10:42.150901+00:00,200,86752.924,
2026-09-20T22:10:34.176729+00:00,200,94739.227,
2026-09-20T22:11:32.029173+00:00,200,36888.805,
2026-09-20T22:10:18.914854+00:00,200,110115.924,
2026-09-20T22:11:49.085515+00:00,200,19953.596,
2026-09-20T22:11:46.988353+00:00,200,22060.129,
2026-09-20T22:11:42.029712+00:00,200,27037.614,
2026-09-20T22:11:49.769698+00:00,200,19306.909,
2026-09-20T22:11:09.288915+00:00,200,59807.576,
2026-09-20T22:09:47.761223+00:00,200,141396.477,
2026-09-20T22:11:32.375678+00:00,200,36797.317,
2026-09-20T22:11:04.094822+00:00,200,65089.13,
2026-09-20T22:11:49.528262+00:00,200,19702.538,
2026-09-20T22:11:22.912590+00:00,200,46405.35,
2026-09-20T22:11:30.525170+00:00,200,38896.907,
2026-09-20T22:11:42.110605+00:00,200,27403.987,
2026-09-20T22:10:07.396223+00:00,200,122281.129,
2026-09-20T22:10:48.778820+00:00,200,80933.179,
2026-09-20T22:11:09.172031+00:00,200,60546.97,
2026-09-20T22:11:16.164340+00:00,200,53968.094,
2026-09-20T22:11:42.804499+00:00,200,27431.533,
2026-09-20T22:10:52.326325+00:00,200,78041.539,
2026-09-20T22:11:02.317168+00:00,200,68153.675,
2026-09-20T22:11:35.355154+00:00,200,35142.903,
2026-09-20T22:11:36.781322+00:00,200,33755.059,
2026-09-20T22:10:14.340814+00:00,200,116341.006,
2026-09-20T22:11:42.584822+00:00,200,28119.686,
2026-09-20T22:10:59.929530+00:00,200,70805.334,
2026-09-20T22:10:43.484947+00:00,200,87329.229,
2026-09-20T22:11:41.522213+00:00,200,29306.573,
2026-09-20T22:10:52.112773+00:00,200,78728.038,
2026-09-20T22:10:26.571293+00:00,200,104297.897,
2026-09-20T22:11:02.275583+00:00,200,68592.868,
2026-09-20T22:11:49.330737+00:00,200,21640.974,
2026-09-20T22:10:53.381550+00:00,200,77760.555,
2026-09-20T22:11:04.864549+00:00,200,66294.562,
2026-09-20T22:09:53.480858+00:00,200,137947.421,
2026-09-20T22:11:42.654907+00:00,200,28796.51,
2026-09-20T22:11:32.298571+00:00,200,39175.67,
2026-09-20T22:11:22.005695+00:00,200,49550.683,
2026-09-20T22:11:22.907801+00:00,200,48655.748,
2026-09-20T22:11:08.218139+00:00,200,63431.921,
2026-09-20T22:11:24.441361+00:00,200,47242.444,
2026-09-20T22:11:25.455943+00:00,200,46266.348,
2026-09-20T22:09:42.156857+00:00,200,149813.913,
2026-09-20T22:11:25.618152+00:00,200,46334.075,
2026-09-20T22:10:30.891151+00:00,200,101081.743,
2026-09-20T22:11:07.814497+00:00,200,64187.869,
2026-09-20T22:11:29.267943+00:00,200,42809.679,
2026-09-20T22:10:37.207672+00:00,200,94890.132,
2026-09-20T22:10:14.007417+00:00,200,118164.503,
2026-09-20T22:11:41.304181+00:00,200,30884.624,
2026-09-20T22:11:32.443052+00:00,200,39822.686,
2026-09-20T22:11:20.833534+00:00,200,51436.168,
2026-09-20T22:11:36.448719+00:00,200,35843.42,
2026-09-20T22:11:48.490039+00:00,200,23832.546,
2026-09-20T22:10:50.838435+00:00,200,81550.371,
2026-09-20T22:11:48.798462+00:00,200,23624.149,
2026-09-20T22:11:31.179904+00:00,200,41301.674,
2026-09-20T22:11:20.706785+00:00,200,51786.96,
2026-09-20T22:10:40.442788+00:00,200,92064.714,
2026-09-20T22:11:23.420622+00:00,200,49082.169,
2026-09-20T22:10:42.273840+00:00,200,90236.367,
2026-09-20T22:11:31.740762+00:00,200,40780.309,
2026-09-20T22:10:51.378722+00:00,200,81144.939,
2026-09-20T22:10:04.504133+00:00,200,128043.719,
2026-09-20T22:11:31.722209+00:00,200,40811.256,
2026-09-20T22:10:02.544113+00:00,200,130047.615,
2026-09-20T22:10:05.087205+00:00,200,127520.628,
2026-09-20T22:09:57.175319+00:00,200,135450.375,
2026-09-20T22:11:50.025577+00:00,200,22605.196,
2026-09-20T22:11:00.186759+00:00,200,72499.117,
2026-09-20T22:11:30.647476+00:00,200,42066.804,
2026-09-20T22:11:29.160050+00:00,200,43564.119,
2026-09-20T22:11:32.507461+00:00,200,40218.824,
2026-09-20T22:10:31.947468+00:00,200,100815.643,
2026-09-20T22:11:33.778220+00:00,200,39023.172,
2026-09-20T22:11:41.719685+00:00,200,31102.574,
2026-09-20T22:11:48.226310+00:00,200,24597.647,
2026-09-20T22:10:11.979768+00:00,200,120890.041,
2026-09-20T22:11:33.286672+00:00,200,39565.286,
2026-09-20T22:11:41.005596+00:00,200,31879.454,
2026-09-20T22:11:31.657398+00:00,200,41253.712,
2026-09-20T22:11:16.101504+00:00,200,56829.575,
2026-09-20T22:11:48.508355+00:00,200,24426.312,
2026-09-20T22:11:48.866403+00:00,200,24084.147,
2026-09-20T22:11:24.701589+00:00,200,48259.629,
2026-09-20T22:11:33.560953+00:00,200,39401.997,
2026-09-20T22:11:41.740131+00:00,200,31273.111,
2026-09-20T22:11:23.820309+00:00,200,49203.086,
2026-09-20T22:11:30.358635+00:00,200,42667.86,
2026-09-20T22:11:50.523826+00:00,200,22538.974,
2026-09-20T22:10:43.315786+00:00,200,89758.771,
2026-09-20T22:11:21.928870+00:00,200,51148.906,
2026-09-20T22:11:22.963823+00:00,200,50164.792,
2026-09-20T22:11:46.363493+00:00,200,26799.942,
2026-09-20T22:10:58.005199+00:00,200,75161.191,
2026-09-20T22:10:54.101627+00:00,200,79074.966,
2026-09-20T22:11:18.332398+00:00,200,54844.596,
2026-09-20T22:11:49.622562+00:00,200,23559.422,
2026-09-20T22:10:51.164214+00:00,200,82030.195,
2026-09-20T22:11:44.351300+00:00,200,28851.967,
2026-09-20T22:11:39.795686+00:00,200,33420.249,
2026-09-20T22:10:05.182672+00:00,200,128070.212,
2026-09-20T22:11:33.315275+00:00,200,39917.565,
2026-09-20T22:11:47.926978+00:00,200,25307.923,
2026-09-20T22:10:43.300516+00:00,200,89945.335,
2026-09-20T22:10:06.937281+00:00,200,126329.254,
2026-09-20T22:11:33.437402+00:00,200,39816.643,
2026-09-20T22:11:04.586174+00:00,200,68670.153,
2026-09-20T22:11:49.925481+00:00,200,23338.242,
2026-09-20T22:11:28.045876+00:00,200,45233.991,
2026-09-20T22:11:08.307823+00:00,200,64975.203,
2026-09-20T22:10:35.756913+00:00,200,97596.791,
2026-09-20T22:11:30.582747+00:00,200,42766.746,
2026-09-20T22:11:24.447679+00:00,200,48917.544,
2026-09-20T22:10:48.994004+00:00,200,84382.524,
2026-09-20T22:11:35.830798+00:00,200,37549.185,
2026-09-20T22:10:34.989425+00:00,200,98416.627,
2026-09-20T22:11:48.978597+00:00,200,24431.229,
2026-09-20T22:11:32.383971+00:00,200,41040.04,
2026-09-20T22:10:45.179453+00:00,200,88258.424,
2026-09-20T22:10:22.777734+00:00,200,110699.875,
2026-09-20T22:11:41.872835+00:00,200,31590.506,
2026-09-20T22:10:18.749587+00:00,200,114733.855,
2026-09-20T22:10:50.525453+00:00,200,82964.687,
2026-09-20T22:11:49.203450+00:00,200,24295.259,
2026-09-20T22:11:08.109621+00:00,200,65399.074,
2026-09-20T22:10:27.715652+00:00,200,105820.512,
2026-09-20T22:11:34.714060+00:00,200,38826.183,
2026-09-20T22:10:44.618201+00:00,200,88930.133,
2026-09-20T22:10:47.454833+00:00,200,86094.773,
2026-09-20T22:11:42.272971+00:00,200,31278.804,
2026-09-20T22:11:48.057116+00:00,200,25497.199,
2026-09-20T22:11:48.256468+00:00,200,25299.181,
2026-09-20T22:11:25.206072+00:00,200,48367.15,
2026-09-20T22:11:04.652031+00:00,200,68923.113,
2026-09-20T22:10:08.583609+00:00,200,125015.838,
2026-09-20T22:11:47.682450+00:00,200,25900.603,
2026-09-20T22:11:41.185114+00:00,200,32414.02,
2026-09-20T22:11:17.279999+00:00,200,56320.182,
2026-09-20T22:11:15.133413+00:00,200,58469.516,
2026-09-20T22:11:50.308933+00:00,200,23294.291,
2026-09-20T22:10:40.767019+00:00,200,92844.906,
2026-09-20T22:11:24.196545+00:00,200,49411.874,
2026-09-20T22:11:01.527647+00:00,200,72097.573,
2026-09-20T22:11:23.309706+00:00,200,50325.525,
2026-09-20T22:10:46.161608+00:00,200,87478.929,
2026-09-20T22:11:49.277463+00:00,200,24360.312,
2026-09-20T22:11:02.309206+00:00,200,71379.612,
2026-09-20T22:11:49.520052+00:00,200,24174.707,
2026-09-20T22:10:32.603753+00:00,200,101127.381,
2026-09-20T22:11:47.815920+00:00,200,25914.134,
2026-09-20T22:11:48.778778+00:00,200,24951.947,
2026-09-20T22:09:47.973269+00:00,200,145785.3,
2026-09-20T22:10:10.524182+00:00,200,123238.711,
2026-09-20T22:11:31.614142+00:00,200,42145.055,
2026-09-20T22:11:47.754417+00:00,200,26011.191,
2026-09-20T22:11:16.939566+00:00,200,56831.136,
2026-09-20T22:10:43.258963+00:00,200,90525.879,
2026-09-20T22:11:20.172578+00:00,200,53629.645,
2026-09-20T22:10:37.912251+00:00,200,95899.164,
2026-09-20T22:10:18.924000+00:00,200,114908.263,
2026-09-20T22:09:51.902683+00:00,200,141934.784,
2026-09-20T22:10:26.694305+00:00,200,107134.694,
2026-09-20T22:11:15.787717+00:00,200,58032.112,
2026-09-20T22:11:36.273469+00:00,200,37549.807,
2026-09-20T22:11:35.843452+00:00,200,37984.72,
2026-09-20T22:11:22.858487+00:00,200,50973.979,
2026-09-20T22:11:48.557114+00:00,200,25288.879,
2026-09-20T22:11:39.058560+00:00,200,34789.204,
2026-09-20T22:10:51.347656+00:00,200,82509.871,
2026-09-20T22:11:49.479261+00:00,200,24376.29,
2026-09-20T22:11:40.543902+00:00,200,33319.046,
2026-09-20T22:10:03.874101+00:00,200,130016.045,
2026-09-20T22:09:56.929899+00:00,200,136973.609,
2026-09-20T22:11:15.569796+00:00,200,58312.895,
2026-09-20T22:11:32.414393+00:00,200,41470.741,
2026-09-20T22:10:42.388821+00:00,200,91501.789,
2026-09-20T22:11:50.492598+00:00,200,23394.102,
2026-09-20T22:11:30.090505+00:00,200,43805.468,
2026-09-20T22:11:30.736181+00:00,200,43160.733,
2026-09-20T22:11:50.070366+00:00,200,23848.962,
2026-09-20T22:11:16.914597+00:00,200,57009.172,
2026-09-20T22:11:18.867173+00:00,200,55057.547,
2026-09-20T22:10:20.611116+00:00,200,113344.967,
2026-09-20T22:11:08.189069+00:00,200,65758.848,
2026-09-20T22:11:21.765222+00:00,200,52195.625,
2026-09-20T22:11:45.301774+00:00,200,28660.074,
2026-09-20T22:11:12.486763+00:00,200,61478.793,
2026-09-20T22:10:13.716785+00:00,200,120308.231,
2026-09-20T22:11:30.655137+00:00,200,43346.503,
2026-09-20T22:11:41.936270+00:00,200,32067.168,
2026-09-20T22:10:48.901209+00:00,200,85105.874,
2026-09-20T22:10:22.408766+00:00,200,111615.719,
2026-09-20T22:10:06.152355+00:00,200,127883.249,
2026-09-20T22:10:58.112103+00:00,200,75930.717,
2026-09-20T22:10:29.617968+00:00,200,104439.117,
2026-09-20T22:11:48.362668+00:00,200,25685.347,
2026-09-20T22:11:01.532852+00:00,200,72523.886,
2026-09-20T22:10:46.277234+00:00,200,87786.535,
2026-09-20T22:11:33.529627+00:00,200,40532.542,
2026-09-20T22:10:21.974188+00:00,200,112117.793,
2026-09-20T22:11:02.212197+00:00,200,71890.455,
2026-09-20T22:11:35.451755+00:00,200,38654.019,
2026-09-20T22:11:45.763460+00:00,200,28342.375,
2026-09-20T22:11:02.152738+00:00,200,71956.267,
2026-09-20T22:11:30.823276+00:00,200,43284.753,
2026-09-20T22:11:41.034496+00:00,200,33082.039,
2026-09-20T22:11:30.172324+00:00,200,43964.443,
2026-09-20T22:10:49.682734+00:00,200,84458.297,
2026-09-20T22:10:52.713708+00:00,200,81433.436,
2026-09-20T22:11:48.204990+00:00,200,25945.053,
2026-09-20T22:11:30.062220+00:00,200,44089.241,
2026-09-20T22:11:09.437389+00:00,200,64715.084,
2026-09-20T22:11:38.459616+00:00,200,35718.045,
2026-09-20T22:10:04.106981+00:00,200,130094.75,
2026-09-20T22:10:13.105285+00:00,200,121098.765,
2026-09-20T22:11:44.876574+00:00,200,29303.891,
2026-09-20T22:11:18.004108+00:00,200,56177.279,
2026-09-20T22:09:47.029121+00:00,200,147176.053,
2026-09-20T22:11:09.626521+00:00,200,64559.768,
2026-09-20T22:10:33.096675+00:00,200,101110.278,
2026-09-20T22:10:35.361944+00:00,200,98844.635,
2026-09-20T22:10:58.315560+00:00,200,75887.219,
2026-09-20T22:11:43.595588+00:00,200,30619.517,
2026-09-20T22:11:33.431508+00:00,200,40797.538,
2026-09-20T22:10:05.066135+00:00,200,129188.969,
2026-09-20T22:10:37.248811+00:00,200,96989.309,
2026-09-20T22:10:38.978292+00:00,200,95265.128,
2026-09-20T22:11:35.758040+00:00,200,38480.7,
2026-09-20T22:11:31.334457+00:00,200,42919.249,
2026-09-20T22:11:43.334573+00:00,200,30933.435,
2026-09-20T22:10:34.747687+00:00,200,99527.883,
2026-09-20T22:11:48.952935+00:00,200,25319.155,
2026-09-20T22:11:47.942021+00:00,200,26336.247,
2026-09-20T22:11:07.943331+00:00,200,66345.652,
2026-09-20T22:11:22.139991+00:00,200,52155.506,
2026-09-20T22:11:11.406155+00:00,200,62892.827,
2026-09-20T22:11:50.228275+00:00,200,24081.735,
2026-09-20T22:10:01.794769+00:00,200,132540.159,
2026-09-20T22:11:32.038970+00:00,200,42287.188,
2026-09-20T22:11:08.784277+00:00,200,65543.351,
2026-09-20T22:09:57.579667+00:00,200,136781.892,
2026-09-20T22:11:41.438898+00:00,200,32903.499,
2026-09-20T22:11:04.795569+00:00,200,69550.274,
2026-09-20T22:10:34.818881+00:00,200,99533.498,
2026-09-20T22:11:00.358433+00:00,200,73998.656,
2026-09-20T22:11:42.766766+00:00,200,31589.269,
2026-09-20T22:11:02.116675+00:00,200,72253.829,
2026-09-20T22:10:59.056838+00:00,200,75315.044,
2026-09-20T22:11:42.212314+00:00,200,32160.398,
2026-09-20T22:11:17.811496+00:00,200,56572.441,
2026-09-20T22:11:32.036301+00:00,200,42349.33,
2026-09-20T22:11:43.404984+00:00,200,30980.716,
2026-09-20T22:11:49.427221+00:00,200,24971.483,
2026-09-20T22:11:39.383308+00:00,200,35017.627,
2026-09-20T22:10:59.675117+00:00,200,74731.151,
2026-09-20T22:10:03.102989+00:00,200,131340.356,
2026-09-20T22:10:20.399320+00:00,200,114044.182,
2026-09-20T22:11:00.837952+00:00,200,73592.503,
2026-09-20T22:11:49.898363+00:00,200,24535.475,
2026-09-20T22:10:46.842781+00:00,200,87596.811,
2026-09-20T22:11:29.392243+00:00,200,45045.184,
2026-09-20T22:11:16.898599+00:00,200,57543.142,
2026-09-20T22:11:35.334496+00:00,200,39108.862,
2026-09-20T22:11:01.891333+00:00,200,72567.715,
2026-09-20T22:10:43.621252+00:00,200,90847.309,
2026-09-20T22:10:44.569510+00:00,200,89901.827,
2026-09-20T22:11:14.206505+00:00,200,60262.409,
2026-09-20T22:11:21.836298+00:00,200,52664.66,
2026-09-20T22:11:09.674844+00:00,200,64826.792,
2026-09-20T22:11:17.284900+00:00,200,57228.515,
2026-09-20T22:10:50.684290+00:00,200,83832.232,
2026-09-20T22:09:40.868983+00:00,200,153673.973,
2026-09-20T22:10:27.203528+00:00,200,107328.748,
2026-09-20T22:10:43.622754+00:00,200,90910.937,
2026-09-20T22:11:36.867895+00:00,200,37662.581,
2026-09-20T22:10:54.015473+00:00,200,80533.7,
2026-09-20T22:10:28.423463+00:00,200,106135.055,
2026-09-20T22:10:25.479233+00:00,200,109095.301,
2026-09-20T22:11:34.697752+00:00,200,39872.028,
2026-09-20T22:11:39.915634+00:00,200,34658.869,
2026-09-20T22:11:40.625977+00:00,200,33953.439,
2026-09-20T22:11:04.532941+00:00,200,70047.9,
2026-09-20T22:11:15.297602+00:00,200,59306.589,
2026-09-20T22:10:35.036586+00:00,200,99580.436,
2026-09-20T22:10:50.816939+00:00,200,83818.255,
2026-09-20T22:11:05.916621+00:00,200,68723.697,
2026-09-20T22:10:08.241432+00:00,200,126434.373,
2026-09-20T22:11:48.683127+00:00,200,25975.683,
2026-09-20T22:11:38.485539+00:00,200,36174.064,
2026-09-20T22:11:48.143980+00:00,200,26523.235,
2026-09-20T22:10:16.826192+00:00,200,117868.86,
2026-09-20T22:10:59.366407+00:00,200,75308.726,
2026-09-20T22:11:49.813104+00:00,200,24872.002,
2026-09-20T22:11:41.783354+00:00,200,32902.84,
2026-09-20T22:11:25.433289+00:00,200,49256.936,
2026-09-20T22:10:04.181172+00:00,200,130533.09,
2026-09-20T22:11:47.452210+00:00,200,27246.618,
2026-09-20T22:11:41.516540+00:00,200,33215.537,
2026-09-20T22:11:34.730695+00:00,200,40005.541,
2026-09-20T22:11:31.737636+00:00,200,42999.087,
2026-09-20T22:11:43.921535+00:00,200,30817.575,
2026-09-20T22:11:49.449612+00:00,200,25289.675,
2026-09-20T22:11:13.698269+00:00,200,61042.2,
2026-09-20T22:11:24.688925+00:00,200,50054.823,
2026-09-20T22:11:22.476869+00:00,200,52268.332,
2026-09-20T22:10:51.553548+00:00,200,83197.984,
2026-09-20T22:11:48.812204+00:00,200,25936.882,
2026-09-20T22:11:00.322443+00:00,200,74436.907,
2026-09-20T22:10:59.629172+00:00,200,75151.132,
2026-09-20T22:10:05.073955+00:00,200,129731.801,
2026-09-20T22:10:51.295302+00:00,200,83493.658,
2026-09-20T22:10:19.528464+00:00,200,115277.419,
2026-09-20T22:10:04.972466+00:00,200,129842.096,
2026-09-20T22:10:50.767307+00:00,200,84035.358,
2026-09-20T22:11:01.350444+00:00,200,73455.821,
2026-09-20T22:10:39.139294+00:00,200,95680.626,
2026-09-20T22:11:32.865989+00:00,200,41958.546,
2026-09-20T22:11:49.251002+00:00,200,25575.55,
2026-09-20T22:11:25.210129+00:00,200,49617.706,
2026-09-20T22:10:18.757732+00:00,200,116091.374,
2026-09-20T22:11:30.593280+00:00,200,44244.78,
2026-09-20T22:10:46.141766+00:00,200,88700.2,
2026-09-20T22:11:22.774525+00:00,200,52074.24,
2026-09-20T22:11:50.360700+00:00,200,24492.239,
2026-09-20T22:11:30.977610+00:00,200,43876.995,
2026-09-20T22:11:47.563376+00:00,200,27303.772,
2026-09-20T22:11:22.358113+00:00,200,52514.831,
2026-09-20T22:11:33.565253+00:00,200,41315.472,
2026-09-20T22:10:27.208431+00:00,200,107688.385,
2026-09-20T22:11:23.475908+00:00,200,51415.563,
2026-09-20T22:10:52.361891+00:00,200,82540.994,
2026-09-20T22:10:04.725482+00:00,200,130199.098,
2026-09-20T22:11:21.538633+00:00,200,53367.415,
2026-09-20T22:10:10.984306+00:00,200,123947.807,
2026-09-20T22:11:00.091804+00:00,200,74820.783,
2026-09-20T22:11:09.804152+00:00,200,65118.129,
2026-09-20T22:11:10.419882+00:00,200,64502.799,
2026-09-20T22:10:47.607858+00:00,200,87393.553,
2026-09-20T22:09:39.411878+00:00,200,155633.719,
2026-09-20T22:11:02.061927+00:00,200,72970.188,
2026-09-20T22:10:09.665962+00:00,200,125405.736,
2026-09-20T22:09:38.760626+00:00,200,156320.755,
2026-09-20T22:11:32.297018+00:00,200,42760.918,
2026-09-20T22:11:36.170203+00:00,200,38897.775,
2026-09-20T22:11:49.126161+00:00,200,25942.042,
2026-09-20T22:10:36.340003+00:00,200,98746.38,
2026-09-20T22:11:16.528996+00:00,200,58551.944,
2026-09-20T22:10:03.419746+00:00,200,131696.932,
2026-09-20T22:11:34.802769+00:00,200,40303.39,
2026-09-20T22:11:25.407497+00:00,200,49699.415,
2026-09-20T22:11:30.067397+00:00,200,45039.944,
2026-09-20T22:10:53.323275+00:00,200,81786.869,
2026-09-20T22:10:42.768796+00:00,200,92343.991,
2026-09-20T22:11:42.887950+00:00,200,32235.217,
2026-09-20T22:11:22.112827+00:00,200,53011.442,
2026-09-20T22:10:30.854281+00:00,200,104295.912,
2026-09-20T22:11:23.932831+00:00,200,51209.289,
2026-09-20T22:09:49.370364+00:00,200,145796.035,
2026-09-20T22:11:15.158195+00:00,200,59998.378,
2026-09-20T22:10:19.901022+00:00,200,115276.776,
2026-09-20T22:11:50.136902+00:00,200,25023.553,
2026-09-20T22:11:29.883968+00:00,200,45294.223,
2026-09-20T22:09:48.425320+00:00,200,146778.237,
2026-09-20T22:11:27.111257+00:00,200,48069.488,
2026-09-20T22:10:48.016606+00:00,200,87167.943,
2026-09-20T22:11:36.083233+00:00,200,39117.8,
2026-09-20T22:11:25.415935+00:00,200,49786.225,
2026-09-20T22:10:18.169645+00:00,200,117053.1,
2026-09-20T22:10:42.690826+00:00,200,92581.37,
2026-09-20T22:11:42.542236+00:00,200,32726.359,
2026-09-20T22:10:44.624353+00:00,200,90649.18,
2026-09-20T22:11:30.944028+00:00,200,44326.677,
2026-09-20T22:10:48.595806+00:00,200,86702.933,
2026-09-20T22:10:34.681451+00:00,200,100622.379,
2026-09-20T22:10:46.637229+00:00,200,88689.845,
2026-09-20T22:11:28.830349+00:00,200,46494.458,
2026-09-20T22:11:23.111207+00:00,200,52214.839,
2026-09-20T22:11:06.025939+00:00,200,69301.976,
2026-09-20T22:11:08.229639+00:00,200,67099.283,
2026-09-20T22:11:31.852313+00:00,200,43503.847,
2026-09-20T22:11:41.806745+00:00,200,33551.734,
2026-09-20T22:11:39.270510+00:00,200,36089.287,
2026-09-20T22:11:21.209343+00:00,200,54152.139,
2026-09-20T22:11:38.072150+00:00,200,37290.199,
2026-09-20T22:09:43.695558+00:00,200,151722.847,
2026-09-20T22:10:24.591173+00:00,200,110817.993,
2026-09-20T22:10:45.181459+00:00,200,90219.511,
2026-09-20T22:10:25.380329+00:00,200,110030.923,
2026-09-20T22:10:21.704461+00:00,200,113711.464,
2026-09-20T22:11:33.320530+00:00,200,42080.835,
2026-09-20T22:09:51.709014+00:00,200,143751.913,
2026-09-20T22:11:50.470485+00:00,200,24967.804,
2026-09-20T22:11:07.232949+00:00,200,68207.998,
2026-09-20T22:10:42.888207+00:00,200,92575.351,
2026-09-20T22:11:30.618941+00:00,200,44859.083,
2026-09-20T22:11:49.768234+00:00,200,25710.952,
2026-09-20T22:11:42.155149+00:00,200,33325.711,
2026-09-20T22:11:11.896284+00:00,200,63624.037,
2026-09-20T22:09:55.360293+00:00,200,140184.678,
2026-09-20T22:10:25.166104+00:00,200,110369.56,
2026-09-20T22:11:17.881202+00:00,200,57643.739,
2026-09-20T22:11:50.073112+00:00,200,25452.791,
2026-09-20T22:11:42.792190+00:00,200,32756.302,
2026-09-20T22:11:02.128154+00:00,200,73428.6,
2026-09-20T22:10:43.217051+00:00,200,92358.623,
2026-09-20T22:10:43.974629+00:00,200,91602.595,
2026-09-20T22:09:52.480870+00:00,200,143117.906,
2026-09-20T22:10:28.682705+00:00,200,106904.376,
2026-09-20T22:10:22.624480+00:00,200,112969.141,
2026-09-20T22:11:42.420223+00:00,200,33167.313,
2026-09-20T22:11:32.401486+00:00,200,43189.999,
2026-09-20T22:11:32.550676+00:00,200,43044.629,
2026-09-20T22:11:35.869787+00:00,200,39727.33,
2026-09-20T22:11:20.279266+00:00,200,55329.951,
2026-09-20T22:11:06.875595+00:00,200,68736.146,
2026-09-20T22:11:49.358207+00:00,200,26254.313,
2026-09-20T22:11:42.723326+00:00,200,32891.248,
2026-09-20T22:10:59.143202+00:00,200,76485.428,
2026-09-20T22:11:50.393567+00:00,200,25235.633,
2026-09-20T22:11:01.717407+00:00,200,73926.036,
2026-09-20T22:11:07.577913+00:00,200,68067.082,
2026-09-20T22:10:17.585604+00:00,200,118081.104,
2026-09-20T22:11:23.780297+00:00,200,51876.256,
2026-09-20T22:11:10.282202+00:00,200,65380.817,
2026-09-20T22:10:58.787349+00:00,200,76890.772,
2026-09-20T22:11:45.749377+00:00,200,29944.641,
2026-09-20T22:10:52.677251+00:00,200,83033.077,
2026-09-20T22:10:36.108947+00:00,200,99635.878,
2026-09-20T22:10:59.745814+00:00,200,75995.897,
2026-09-20T22:11:10.163306+00:00,200,65591.363,
2026-09-20T22:11:02.086398+00:00,200,73750.444,
2026-09-20T22:11:16.181592+00:00,200,59678.276,
2026-09-20T22:10:41.502397+00:00,200,94381.99,
2026-09-20T22:11:00.996086+00:00,200,74887.562,
2026-09-20T22:11:33.258729+00:00,200,42717.695,
2026-09-20T22:10:06.868785+00:00,200,129136.754,
2026-09-20T22:11:41.367865+00:00,200,34617.352,
2026-09-20T22:11:44.478222+00:00,200,31523.622,
2026-09-20T22:11:30.934410+00:00,200,45086.568,
2026-09-20T22:11:31.425691+00:00,200,44603.246,
2026-09-20T22:10:58.998834+00:00,200,77037.16,
2026-09-20T22:11:42.506840+00:00,200,33529.21,
2026-09-20T22:09:45.641848+00:00,200,150420.024,
2026-09-20T22:11:49.973570+00:00,200,26073.618,
2026-09-20T22:11:49.151105+00:00,200,26899.837,
2026-09-20T22:10:32.983088+00:00,200,103079.744,
2026-09-20T22:11:30.196358+00:00,200,45874.401,
2026-09-20T22:11:31.798166+00:00,200,44280.539,
2026-09-20T22:10:33.234201+00:00,200,102854.209,
2026-09-20T22:11:48.404422+00:00,200,27677.906,
2026-09-20T22:10:39.026984+00:00,200,97068.757,
2026-09-20T22:10:59.779696+00:00,200,76319.809,
2026-09-20T22:11:40.181956+00:00,200,35946.646,
2026-09-20T22:11:17.332072+00:00,200,58804.235,
2026-09-20T22:10:17.640687+00:00,200,118530.502,
2026-09-20T22:11:29.964999+00:00,200,46202.563,
2026-09-20T22:11:20.005641+00:00,200,56173.48,
2026-09-20T22:11:36.383150+00:00,200,39799.392,
2026-09-20T22:10:24.270064+00:00,200,111965.982,
2026-09-20T22:11:10.147174+00:00,200,66079.92,
2026-09-20T22:11:24.197995+00:00,200,52093.946,
2026-09-20T22:10:27.852069+00:00,200,108473.535,
2026-09-20T22:11:44.893412+00:00,200,31460.054,
2026-09-20T22:11:38.951858+00:00,200,37403.513,
2026-09-20T22:11:27.665900+00:00,200,48694.742,
2026-09-20T22:10:36.326265+00:00,200,100077.901,
2026-09-20T22:10:04.952585+00:00,200,131470.772,
2026-09-20T22:11:15.854843+00:00,200,60555.378,
2026-09-20T22:11:01.006060+00:00,200,75406.957,
2026-09-20T22:10:42.842334+00:00,200,93577.495,
2026-09-20T22:10:57.877639+00:00,200,78543.452,
2026-09-20T22:11:17.051638+00:00,200,59374.201,
2026-09-20T22:10:49.716080+00:00,200,86744.715,
2026-09-20T22:11:31.898444+00:00,200,44567.263,
2026-09-20T22:11:00.116210+00:00,200,76374.855,
2026-09-20T22:11:07.700832+00:00,200,68801.847,
2026-09-20T22:11:00.122048+00:00,200,76387.116,
2026-09-20T22:10:52.702923+00:00,200,83811.095,
2026-09-20T22:10:18.339922+00:00,200,118199.239,
2026-09-20T22:10:52.336128+00:00,200,84201.712,
2026-09-20T22:11:04.043989+00:00,200,72504.694,
2026-09-20T22:10:30.143828+00:00,200,106420.972,
2026-09-20T22:11:34.566021+00:00,200,42020.916,
2026-09-20T22:11:42.132078+00:00,200,34462.927,
2026-09-20T22:11:48.654995+00:00,200,27969.036,
2026-09-20T22:10:30.338809+00:00,200,106302.678,
2026-09-20T22:10:59.163818+00:00,200,77503.294,
2026-09-20T22:10:27.945339+00:00,200,108744.401,
2026-09-20T22:10:59.787447+00:00,200,76904.461,
2026-09-20T22:11:31.445856+00:00,200,45252.463,
2026-09-20T22:11:44.385343+00:00,200,32352.004,
2026-09-20T22:11:33.613838+00:00,200,43137.106,
2026-09-20T22:11:32.954871+00:00,200,43811.268,
2026-09-20T22:11:17.545147+00:00,200,59223.27,
2026-09-20T22:11:23.767886+00:00,200,53008.868,
2026-09-20T22:10:19.302406+00:00,200,117496.664,
2026-09-20T22:11:15.638671+00:00,200,61164.617,
2026-09-20T22:11:50.517031+00:00,200,26295.934,
2026-09-20T22:11:42.163388+00:00,200,34651.625,
2026-09-20T22:11:43.765639+00:00,200,33084.269,
2026-09-20T22:10:26.506684+00:00,200,110359.104,
2026-09-20T22:10:24.756875+00:00,200,112126.511,
2026-09-20T22:11:13.339710+00:00,200,63569.296,
2026-09-20T22:11:22.134529+00:00,200,54799.125,
2026-09-20T22:10:52.719154+00:00,200,84218.553,
2026-09-20T22:10:14.109113+00:00,200,122851.935,
2026-09-20T22:11:10.293351+00:00,200,66674.941,
2026-09-20T22:09:49.931989+00:00,200,147076.113,
2026-09-20T22:10:31.345258+00:00,200,105663.283,
2026-09-20T22:11:46.142300+00:00,200,30874.288,
2026-09-20T22:10:10.393672+00:00,200,126650.954,
2026-09-20T22:11:15.972395+00:00,200,61055.4,
2026-09-20T22:11:15.806374+00:00,200,61260.191,
2026-09-20T22:11:15.285022+00:00,200,61807.456,
2026-09-20T22:11:28.190086+00:00,200,48933.738,
2026-09-20T22:11:15.880015+00:00,200,61250.521,
2026-09-20T22:10:54.902134+00:00,200,82240.627,
2026-09-20T22:11:17.470870+00:00,200,59676.682,
2026-09-20T22:10:04.646911+00:00,200,132552.222,
2026-09-20T22:11:49.585535+00:00,200,27609.09,
2026-09-20T22:10:04.185636+00:00,200,133037.181,
2026-09-20T22:11:31.625393+00:00,200,45596.141,
2026-09-20T22:11:17.065345+00:00,200,60231.953,
2026-09-20T22:10:47.761490+00:00,200,89542.844,
2026-09-20T22:11:17.260388+00:00,200,60045.754,
2026-09-20T22:11:49.299421+00:00,200,28034.488,
2026-09-20T22:11:16.924939+00:00,200,60411.928,
2026-09-20T22:11:22.145908+00:00,200,55197.361,
2026-09-20T22:11:03.488752+00:00,200,73918.871,
2026-09-20T22:10:46.230090+00:00,200,91205.894,
2026-09-20T22:11:42.231325+00:00,200,35207.437,
2026-09-20T22:11:08.771663+00:00,200,68700.757,
2026-09-20T22:10:25.461409+00:00,200,112029.167,
2026-09-20T22:10:33.545577+00:00,200,103950.755,
2026-09-20T22:09:48.852217+00:00,200,148669.119,
2026-09-20T22:11:23.773119+00:00,200,53745.011,
2026-09-20T22:10:59.255312+00:00,200,78295.058,
2026-09-20T22:11:24.976313+00:00,200,52589.819,
2026-09-20T22:11:04.332365+00:00,200,73236.908,
2026-09-20T22:10:37.436210+00:00,200,100160.129,
2026-09-20T22:11:41.408659+00:00,200,36192.577,
2026-09-20T22:11:34.538763+00:00,200,43122.249,
2026-09-20T22:11:49.570518+00:00,200,28111.66,
2026-09-20T22:11:23.338825+00:00,200,54374.155,
2026-09-20T22:10:52.692505+00:00,200,85024.969,
2026-09-20T22:11:44.972347+00:00,200,32749.062,
2026-09-20T22:10:33.506894+00:00,200,104235.317,
2026-09-20T22:10:04.330117+00:00,200,133434.879,
2026-09-20T22:10:58.364516+00:00,200,79385.094,
2026-09-20T22:11:42.401351+00:00,200,35448.654,
2026-09-20T22:11:37.307946+00:00,200,40574.329,
2026-09-20T22:11:41.158823+00:00,200,36735.987,
2026-09-20T22:11:24.168811+00:00,200,53730.841,
2026-09-20T22:11:15.384562+00:00,200,62521.676,
2026-09-20T22:10:49.633434+00:00,200,88294.562,
2026-09-20T22:11:01.353036+00:00,200,76578.037,
2026-09-20T22:11:05.059142+00:00,200,72875.753,
2026-09-20T22:10:20.126935+00:00,200,117826.527,
2026-09-20T22:11:25.162290+00:00,200,52818.126,
2026-09-20T22:11:18.701313+00:00,200,59359.161,
2026-09-20T22:10:48.865544+00:00,200,89199.583,
2026-09-20T22:10:24.802825+00:00,200,113274.564,
2026-09-20T22:11:31.124743+00:00,200,46970.006,
2026-09-20T22:11:41.752161+00:00,200,36373.8,
2026-09-20T22:11:15.393650+00:00,200,62737.228,
2026-09-20T22:10:05.254971+00:00,200,132901.539,
2026-09-20T22:11:06.625163+00:00,200,71515.062,
2026-09-20T22:11:50.396880+00:00,200,27793.405,
2026-09-20T22:10:50.863492+00:00,200,87361.425,
2026-09-20T22:11:22.863088+00:00,200,55389.077,
2026-09-20T22:11:49.696811+00:00,200,28565.766,
2026-09-20T22:10:43.424169+00:00,200,94879.899,
2026-09-20T22:10:39.998859+00:00,200,98323.612,
2026-09-20T22:11:16.610257+00:00,200,61711.883,
2026-09-20T22:10:52.303220+00:00,200,86038.475,
2026-09-20T22:11:08.867893+00:00,200,69476.594,
2026-09-20T22:10:50.643228+00:00,200,87707.571,
2026-09-20T22:10:05.160012+00:00,200,133218.297,
2026-09-20T22:11:23.125073+00:00,200,55241.112,
2026-09-20T22:11:34.622324+00:00,200,43756.482,
2026-09-20T22:11:16.297450+00:00,200,62146.099,
2026-09-20T22:11:25.673089+00:00,200,52825.93,
2026-09-20T22:11:24.211624+00:00,200,54295.963,
2026-09-20T22:11:47.770641+00:00,200,30760.135,
2026-09-20T22:10:53.450826+00:00,200,85104.348,
2026-09-20T22:11:20.784020+00:00,200,57773.455,
2026-09-20T22:11:42.933282+00:00,200,35625.834,
2026-09-20T22:11:49.249419+00:00,200,29323.419,
2026-09-20T22:11:17.305406+00:00,200,61283.232,
2026-09-20T22:10:16.849603+00:00,200,121762.509,
2026-09-20T22:11:22.149032+00:00,200,56523.694,
2026-09-20T22:11:00.453861+00:00,200,78241.419,
2026-09-20T22:11:09.658306+00:00,200,69078.93,
2026-09-20T22:10:36.143450+00:00,200,102631.654,
2026-09-20T22:10:43.344821+00:00,200,95434.271,
2026-09-20T22:11:08.845460+00:00,200,69945.145,
2026-09-20T22:10:33.475525+00:00,200,105330.867,
2026-09-20T22:10:25.801819+00:00,200,113011.415,
2026-09-20T22:11:05.895088+00:00,200,72913.435,
2026-09-20T22:11:36.140957+00:00,200,42679.475,
2026-09-20T22:09:46.011011+00:00,200,152844.253,
2026-09-20T22:11:38.897004+00:00,200,39972.585,
2026-09-20T22:11:13.416258+00:00,200,65494.794,
2026-09-20T22:11:48.729546+00:00,200,30204.093,
2026-09-20T22:10:50.613810+00:00,200,88395.909,
2026-09-20T22:10:59.729383+00:00,200,79295.365,
2026-09-20T22:10:45.401899+00:00,200,93647.075,
2026-09-20T22:11:44.910645+00:00,200,34140.855,
2026-09-20T22:11:12.659681+00:00,200,66430.52,
2026-09-20T22:11:49.534844+00:00,200,29580.459,
2026-09-20T22:10:50.982495+00:00,200,88138.09,
2026-09-20T22:10:36.825519+00:00,200,102320.64,
2026-09-20T22:11:42.913538+00:00,200,36239.848,
2026-09-20T22:11:32.165933+00:00,200,46996.311,
2026-09-20T22:11:22.362457+00:00,200,56846.417,
2026-09-20T22:11:48.123482+00:00,200,31104.685,
2026-09-20T22:10:34.644444+00:00,200,104643.398,
2026-09-20T22:10:42.156115+00:00,200,97143.962,
2026-09-20T22:11:31.216596+00:00,200,48115.931,
2026-09-20T22:11:48.465083+00:00,200,30875.341,
2026-09-20T22:10:51.230073+00:00,200,88121.642,
2026-09-20T22:10:49.990728+00:00,200,89387.283,
2026-09-20T22:10:42.575455+00:00,200,96812.489,
2026-09-20T22:11:41.770687+00:00,200,37665.874,
2026-09-20T22:11:26.844770+00:00,200,52636.804,
2026-09-20T22:10:04.582455+00:00,200,134950.251,
2026-09-20T22:11:41.655412+00:00,200,37864.113,
2026-09-20T22:10:43.130222+00:00,200,96415.122,
2026-09-20T22:10:49.916043+00:00,200,89644.91,
2026-09-20T22:10:55.171359+00:00,200,84399.337,
2026-09-20T22:11:20.233579+00:00,200,59363.97,
2026-09-20T22:10:41.156647+00:00,200,98447.355,
2026-09-20T22:11:26.863837+00:00,200,52769.817,
2026-09-20T22:10:50.052058+00:00,200,89588.597,
2026-09-20T22:11:33.440505+00:00,200,46229.302,
2026-09-20T22:09:48.960914+00:00,200,150780.855,
2026-09-20T22:11:26.396943+00:00,200,53354.866,
2026-09-20T22:10:34.162861+00:00,200,105598.169,
2026-09-20T22:10:00.421475+00:00,200,139372.883,
2026-09-20T22:10:03.845995+00:00,200,135989.906,
2026-09-20T22:11:42.034603+00:00,200,37787.892,
2026-09-20T22:10:46.393715+00:00,200,93434.478,
2026-09-20T22:11:41.073803+00:00,200,38757.222,
2026-09-20T22:11:10.111264+00:00,200,69722.775,
2026-09-20T22:10:50.490032+00:00,200,89358.997,
2026-09-20T22:10:47.137571+00:00,200,92744.197,
2026-09-20T22:11:23.645038+00:00,200,56260.716,
2026-09-20T22:11:44.951777+00:00,200,34960.055,
2026-09-20T22:11:33.809019+00:00,200,46113.234,
2026-09-20T22:10:48.911095+00:00,200,91087.214,
2026-09-20T22:11:22.956545+00:00,200,57047.23,
2026-09-20T22:10:35.849869+00:00,200,104168.58,
2026-09-20T22:10:26.793994+00:00,200,113248.247,
2026-09-20T22:11:01.709467+00:00,200,78389.393,
2026-09-20T22:10:51.023445+00:00,200,89099.586,
2026-09-20T22:11:32.692987+00:00,200,47459.17,
2026-09-20T22:10:52.311354+00:00,200,87846.149,
2026-09-20T22:10:01.848253+00:00,200,138346.21,
2026-09-20T22:11:18.070780+00:00,200,62117.096,
2026-09-20T22:11:09.663550+00:00,200,70531.418,
2026-09-20T22:11:29.127640+00:00,200,51070.644,
2026-09-20T22:11:41.541645+00:00,200,38664.273,
2026-09-20T22:11:15.888117+00:00,200,64323.475,
2026-09-20T22:11:23.510869+00:00,200,56701.695,
2026-09-20T22:11:06.695190+00:00,200,73521.958,
2026-09-20T22:10:43.565951+00:00,200,96659.408,
2026-09-20T22:10:36.072159+00:00,200,104159.471,
2026-09-20T22:10:51.149448+00:00,200,89126.901,
2026-09-20T22:11:41.995043+00:00,200,38288.94,
2026-09-20T22:10:43.627577+00:00,200,96663.92,
2026-09-20T22:10:59.094190+00:00,200,81213.745,
2026-09-20T22:10:59.901181+00:00,200,80410.64,
2026-09-20T22:10:47.919431+00:00,200,92436.963,
2026-09-20T22:11:08.017171+00:00,200,72342.647,
2026-09-20T22:11:33.552580+00:00,200,46815.458,
2026-09-20T22:11:31.772092+00:00,200,48598.663,
2026-09-20T22:11:07.889139+00:00,200,72486.807,
2026-09-20T22:10:40.760190+00:00,200,99655.853,
2026-09-20T22:10:33.414665+00:00,200,107021.166,
2026-09-20T22:11:46.465637+00:00,200,33972.844,
2026-09-20T22:11:15.907441+00:00,200,64541.829,
2026-09-20T22:11:16.597223+00:00,200,63854.127,
2026-09-20T22:11:07.522110+00:00,200,72934.937,
2026-09-20T22:11:36.468525+00:00,200,43990.642,
2026-09-20T22:10:21.745552+00:00,200,118731.541,
2026-09-20T22:11:32.091236+00:00,200,48382.075,
2026-09-20T22:11:22.893520+00:00,200,57584.577,
2026-09-20T22:10:49.753281+00:00,200,90737.351,
2026-09-20T22:11:50.369057+00:00,200,30124.165,
2026-09-20T22:11:14.173852+00:00,200,66323.515,
2026-09-20T22:10:17.669340+00:00,200,122851.267,
2026-09-20T22:11:30.968285+00:00,200,49550.156,
2026-09-20T22:11:00.857396+00:00,200,79662.864,
2026-09-20T22:11:31.619697+00:00,200,48901.322,
2026-09-20T22:11:29.418864+00:00,200,51113.443,
2026-09-20T22:10:59.155056+00:00,200,81395.805,
2026-09-20T22:11:42.359725+00:00,200,38193.711,
2026-09-20T22:11:17.345435+00:00,200,63215.418,
2026-09-20T22:11:09.964128+00:00,200,70612.137,
2026-09-20T22:11:25.280078+00:00,200,55296.776,
2026-09-20T22:10:59.994881+00:00,200,80596.207,
2026-09-20T22:10:45.030139+00:00,200,95575.518,
2026-09-20T22:11:23.215227+00:00,200,57388.809,
2026-09-20T22:11:09.205203+00:00,200,71414.566,
2026-09-20T22:11:33.522646+00:00,200,47096.647,
2026-09-20T22:11:34.839462+00:00,200,45788.533,
2026-09-20T22:11:27.868770+00:00,200,52763.104,
2026-09-20T22:09:55.481982+00:00,200,145179.585,
2026-09-20T22:11:33.003265+00:00,200,47634.871,
2026-09-20T22:11:29.428174+00:00,200,51221.752,
2026-09-20T22:11:49.127676+00:00,200,31522.246,
2026-09-20T22:10:57.982650+00:00,200,82669.612,
2026-09-20T22:11:16.418182+00:00,200,64239.205,
2026-09-20T22:11:42.807771+00:00,200,37849.711,
2026-09-20T22:11:33.556733+00:00,200,47117.188,
2026-09-20T22:11:33.256284+00:00,200,47419.467,
2026-09-20T22:11:32.197894+00:00,200,48478.727,
2026-09-20T22:10:46.090919+00:00,200,94595.511,
2026-09-20T22:11:00.866767+00:00,200,79827.488,
2026-09-20T22:10:31.987538+00:00,200,108720.955,
2026-09-20T22:11:22.730446+00:00,200,57975.966,
2026-09-20T22:11:50.044272+00:00,200,30662.019,
2026-09-20T22:10:35.874949+00:00,200,104844.484,
2026-09-20T22:11:16.769833+00:00,200,63956.581,
2026-09-20T22:11:47.293414+00:00,200,33436.662,
2026-09-20T22:10:03.772499+00:00,200,136987.682,
2026-09-20T22:09:59.447281+00:00,200,141320.592,
2026-09-20T22:11:04.562942+00:00,200,76184.536,
2026-09-20T22:10:14.760472+00:00,200,126019.428,
2026-09-20T22:11:30.698198+00:00,200,50064.403,
2026-09-20T22:11:16.071653+00:00,200,64707.529,
2026-09-20T22:11:06.409162+00:00,200,74378.164,
2026-09-20T22:10:43.828584+00:00,200,96971.458,
2026-09-20T22:11:44.608337+00:00,200,36194.233,
2026-09-20T22:11:07.792805+00:00,200,73022.043,
2026-09-20T22:10:48.984776+00:00,200,91838.249,
2026-09-20T22:11:34.036095+00:00,200,46789.514,
2026-09-20T22:10:48.139483+00:00,200,92690.562,
2026-09-20T22:10:59.221825+00:00,200,81615.212,
2026-09-20T22:10:50.016830+00:00,200,90836.481,
2026-09-20T22:11:03.214506+00:00,200,77641.438,
2026-09-20T22:11:41.681010+00:00,200,39181.313,
2026-09-20T22:11:42.001558+00:00,200,38866.006,
2026-09-20T22:11:15.587524+00:00,200,65293.611,
2026-09-20T22:11:42.898509+00:00,200,37992.491,
2026-09-20T22:11:22.835587+00:00,200,58057.471,
2026-09-20T22:10:43.723334+00:00,200,97173.857,
2026-09-20T22:10:49.963265+00:00,200,90938.631,
2026-09-20T22:10:04.497039+00:00,200,136434.473,
2026-09-20T22:11:30.123260+00:00,200,50787.041,
2026-09-20T22:10:13.678612+00:00,200,127267.385,
2026-09-20T22:11:50.249134+00:00,200,30676.418,
2026-09-20T22:10:27.900056+00:00,200,113038.978,
2026-09-20T22:10:16.279169+00:00,200,124679.211,
2026-09-20T22:11:32.377382+00:00,200,48566.082,
2026-09-20T22:10:07.446854+00:00,200,133520.588,
2026-09-20T22:10:39.575697+00:00,200,101378.797,
2026-09-20T22:11:23.638566+00:00,200,57319.671,
2026-09-20T22:11:49.034079+00:00,200,31926.403,
2026-09-20T22:11:41.787728+00:00,200,39181.555,
2026-09-20T22:10:02.736802+00:00,200,138265.222,
2026-09-20T22:11:03.467578+00:00,200,77518.038,
2026-09-20T22:11:42.358391+00:00,200,38633.708,
2026-09-20T22:10:43.496720+00:00,200,97499.968,
2026-09-20T22:11:05.682304+00:00,200,75319.37,
2026-09-20T22:11:16.230532+00:00,200,64780.478,
2026-09-20T22:11:31.554581+00:00,200,49456.262,
2026-09-20T22:10:06.510477+00:00,200,134527.529,
2026-09-20T22:11:44.577887+00:00,200,36446.63,
2026-09-20T22:11:08.244052+00:00,200,72791.412,
2026-09-20T22:10:04.761939+00:00,200,136310.761,
2026-09-20T22:11:49.416459+00:00,200,31639.833,
2026-09-20T22:10:39.815368+00:00,200,101246.957,
2026-09-20T22:11:42.237814+00:00,200,38826.943,
2026-09-20T22:11:23.211688+00:00,200,57853.719,
2026-09-20T22:11:22.471927+00:00,200,58601.647,
2026-09-20T22:11:02.922330+00:00,200,78159.227,
2026-09-20T22:11:37.001174+00:00,200,44085.031,
2026-09-20T22:10:11.638556+00:00,200,129487.385,
2026-09-20T22:11:34.689318+00:00,200,46423.109,
2026-09-20T22:10:59.837029+00:00,200,81282.434,
2026-09-20T22:11:50.471434+00:00,200,30658.222,
2026-09-20T22:11:25.678396+00:00,200,55456.906,
2026-09-20T22:11:48.235128+00:00,200,32902.673,
2026-09-20T22:11:31.341017+00:00,200,49801.36,
2026-09-20T22:10:47.244126+00:00,200,93907.598,
2026-09-20T22:10:24.300930+00:00,200,116863.163,
2026-09-20T22:11:44.998073+00:00,200,36152.443,
2026-09-20T22:10:41.239195+00:00,200,99931.784,
2026-09-20T22:11:18.964172+00:00,200,62204.218,
2026-09-20T22:11:15.897411+00:00,200,65298.278,
2026-09-20T22:11:16.588350+00:00,200,64609.596,
2026-09-20T22:10:35.147099+00:00,200,106059.993,
2026-09-20T22:11:09.501396+00:00,200,71701.625,
2026-09-20T22:10:19.069703+00:00,200,122157.474,
2026-09-20T22:11:15.461119+00:00,200,65748.365,
2026-09-20T22:10:04.835553+00:00,200,136412.055,
2026-09-20T22:10:21.284711+00:00,200,119966.299,
2026-09-20T22:10:12.553053+00:00,200,128726.556,
2026-09-20T22:11:22.740101+00:00,200,58536.749,
2026-09-20T22:10:13.971549+00:00,502,127336.157,"<html> <head><title>502 Bad Gateway</title></head> <body> <center><h1>502 Bad Gateway</h1></center> </body> </html> "
2026-09-20T22:11:13.441758+00:00,200,67843.567,
2026-09-20T22:11:47.129405+00:00,200,34157.912,
2026-09-20T22:11:05.152026+00:00,200,76146.455,
2026-09-20T22:10:42.606104+00:00,200,98702.252,
2026-09-20T22:10:53.576542+00:00,200,87737.679,
2026-09-20T22:10:43.080240+00:00,200,98236.766,
2026-09-20T22:11:45.007278+00:00,200,36309.912,
2026-09-20T22:11:32.967944+00:00,200,48355.636,
2026-09-20T22:11:48.562692+00:00,200,32771.453,
2026-09-20T22:11:26.481492+00:00,200,54861.609,
2026-09-20T22:11:32.825964+00:00,200,48518.126,
2026-09-20T22:10:30.329044+00:00,200,111062.077,
2026-09-20T22:11:24.255867+00:00,200,57139.062,
2026-09-20T22:11:34.658060+00:00,200,46745.577,
2026-09-20T22:10:59.545761+00:00,200,81861.334,
2026-09-20T22:11:48.534099+00:00,200,32873.763,
2026-09-20T22:10:08.516282+00:00,200,132917.391,
2026-09-20T22:10:24.937310+00:00,200,116496.8,
2026-09-20T22:11:32.135843+00:00,200,49287.268,
2026-09-20T22:10:50.458243+00:00,200,90969.76,
2026-09-20T22:11:24.574294+00:00,200,56854.048,
2026-09-20T22:11:42.795143+00:00,200,38650.507,
2026-09-20T22:10:53.116703+00:00,200,88343.489,
2026-09-20T22:11:44.845154+00:00,200,36617.226,
2026-09-20T22:10:05.142264+00:00,200,136353.627,
2026-09-20T22:11:16.661733+00:00,200,64816.647,
2026-09-20T22:11:32.235171+00:00,200,49245.771,
2026-09-20T22:11:39.926462+00:00,200,41558.025,
2026-09-20T22:11:32.466561+00:00,200,49020.436,
2026-09-20T22:11:42.008951+00:00,200,39480.303,
2026-09-20T22:11:31.457782+00:00,200,50034.306,
2026-09-20T22:11:36.319311+00:00,200,45175.317,
2026-09-20T22:10:04.731031+00:00,200,136794.58,
2026-09-20T22:10:36.292934+00:00,200,105220.88,
2026-09-20T22:11:33.072733+00:00,200,48437.42,
2026-09-20T22:11:48.137655+00:00,200,33380.331,
2026-09-20T22:11:16.184705+00:00,200,65336.431,
2026-09-20T22:11:35.805941+00:00,200,45717.644,
2026-09-20T22:10:15.335437+00:00,200,126214.243,
2026-09-20T22:11:49.638759+00:00,200,31889.626,
2026-09-20T22:10:13.417781+00:00,200,128171.249,
2026-09-20T22:11:23.429353+00:00,200,58149.917,
2026-09-20T22:11:50.272415+00:00,200,31318.647,
2026-09-20T22:11:16.756908+00:00,200,64854.959,
2026-09-20T22:11:01.722975+00:00,200,79893.216,
2026-09-20T22:11:29.425525+00:00,200,52198.057,
2026-09-20T22:11:40.681312+00:00,200,40945.473,
2026-09-20T22:10:18.337300+00:00,200,123312.843,
2026-09-20T22:11:47.745735+00:00,200,33888.144,
2026-09-20T22:11:04.544897+00:00,200,77093.409,
2026-09-20T22:11:39.984705+00:00,200,41655.632,
2026-09-20T22:10:53.283325+00:00,200,88365.881,
2026-09-20T22:10:33.868342+00:00,200,107789.101,
2026-09-20T22:11:49.447536+00:00,200,32205.3,
2026-09-20T22:11:08.454687+00:00,200,73214.298,
2026-09-20T22:10:34.924007+00:00,200,106754.49,
2026-09-20T22:10:15.621286+00:00,200,126077.292,
2026-09-20T22:10:53.030565+00:00,200,88649.891,
2026-09-20T22:10:46.959924+00:00,200,94724.552,
2026-09-20T22:11:34.705436+00:00,200,46979.018,
2026-09-20T22:11:49.738462+00:00,200,31948.681,
2026-09-20T22:11:32.938369+00:00,200,48752.217,
2026-09-20T22:11:42.955197+00:00,200,38738.785,
2026-09-20T22:11:41.646010+00:00,200,40054.991,
2026-09-20T22:11:23.238670+00:00,200,58469.003,
2026-09-20T22:11:30.145560+00:00,200,51564.999,
2026-09-20T22:11:08.907914+00:00,200,72806.561,
2026-09-20T22:11:45.561026+00:00,200,36158.949,
2026-09-20T22:11:31.655987+00:00,200,50072.168,
2026-09-20T22:11:33.264025+00:00,200,48467.499,
2026-09-20T22:11:26.297533+00:00,200,55437.46,
2026-09-20T22:11:04.006298+00:00,200,77802.479,
2026-09-20T22:11:32.084518+00:00,200,49731.805,
2026-09-20T22:11:10.356560+00:00,200,71468.124,
2026-09-20T22:11:48.135188+00:00,200,33694.114,
2026-09-20T22:11:31.292541+00:00,200,50541.153,
2026-09-20T22:10:41.902257+00:00,200,99939.974,
2026-09-20T22:10:37.689082+00:00,200,104158.446,
2026-09-20T22:11:31.883406+00:00,200,49962.163,
2026-09-20T22:11:48.433586+00:00,200,33416.416,
2026-09-20T22:11:15.601281+00:00,200,66253.151,
2026-09-20T22:10:41.079928+00:00,200,100782.349,
2026-09-20T22:11:01.648409+00:00,200,80214.156,
2026-09-20T22:11:30.791349+00:00,200,51073.462,
2026-09-20T22:11:25.575225+00:00,200,56294.121,
2026-09-20T22:11:07.627856+00:00,200,74245.815,
2026-09-20T22:11:15.141782+00:00,200,66735.036,
2026-09-20T22:11:48.141293+00:00,200,33738.396,
2026-09-20T22:09:39.267924+00:00,200,162639.511,
2026-09-20T22:11:41.173039+00:00,200,40714.827,
2026-09-20T22:11:04.312163+00:00,200,77580.669,
2026-09-20T22:10:37.238514+00:00,200,104663.004,
2026-09-20T22:11:32.812246+00:00,200,49086.957,
2026-09-20T22:11:15.885710+00:00,200,66018.145,
2026-09-20T22:11:42.719059+00:00,200,39192.926,
2026-09-20T22:11:30.163070+00:00,200,51753.355,
2026-09-20T22:11:28.289121+00:00,200,53631.558,
2026-09-20T22:10:25.967384+00:00,200,115969.485,
2026-09-20T22:11:32.261883+00:00,200,49667.798,
2026-09-20T22:11:01.980410+00:00,200,79964.557,
2026-09-20T22:10:52.968075+00:00,200,88986.209,
2026-09-20T22:10:46.032454+00:00,200,95961.738,
2026-09-20T22:11:41.753134+00:00,200,40249.148,
2026-09-20T22:11:41.031117+00:00,200,40977.02,
2026-09-20T22:11:23.251789+00:00,200,58761.663,
2026-09-20T22:11:15.739350+00:00,200,66279.399,
2026-09-20T22:11:07.389714+00:00,200,74633.989,
2026-09-20T22:11:41.239501+00:00,200,40788.109,
2026-09-20T22:11:36.367193+00:00,200,45664.955,
2026-09-20T22:11:09.082813+00:00,200,72955.102,
2026-09-20T22:10:18.083769+00:00,200,123977.825,
2026-09-20T22:10:04.965866+00:00,200,137104.253,
2026-09-20T22:10:49.216018+00:00,200,92838.013,
2026-09-20T22:09:55.959486+00:00,200,146120.731,
2026-09-20T22:11:49.265865+00:00,200,32794.973,
2026-09-20T22:11:22.671251+00:00,200,59394.735,
2026-09-20T22:11:33.251443+00:00,200,48819.052,
2026-09-20T22:10:08.542855+00:00,200,133556.331,
2026-09-20T22:10:58.248548+00:00,200,83835.293,
2026-09-20T22:11:06.229974+00:00,200,75858.029,
2026-09-20T22:10:35.169875+00:00,200,106928.839,
2026-09-20T22:11:43.629022+00:00,200,38467.565,
2026-09-20T22:10:59.852349+00:00,200,82250.831,
2026-09-20T22:11:19.233136+00:00,200,62873.937,
2026-09-20T22:10:22.886489+00:00,200,119239.971,
2026-09-20T22:10:05.138701+00:00,200,137001.702,
2026-09-20T22:10:50.449486+00:00,200,91674.911,
2026-09-20T22:11:01.808788+00:00,200,80319.241,
2026-09-20T22:11:41.764823+00:00,200,40366.857,
2026-09-20T22:11:29.760526+00:00,200,52376.755,
2026-09-20T22:10:20.199760+00:00,200,121960.575,
2026-09-20T22:10:39.302736+00:00,200,102850.669,
2026-09-20T22:10:42.356741+00:00,200,99801.352,
2026-09-20T22:11:48.112025+00:00,200,34046.654,
