timestamp_iso,status_code,latency_ms,error
2026-09-21T01:29:30.089055+00:00,201,194.672,
2026-09-21T01:29:30.094514+00:00,201,191.046,
2026-09-21T01:29:30.115331+00:00,201,176.91,
2026-09-21T01:29:30.135328+00:00,201,171.955,
2026-09-21T01:29:30.154429+00:00,201,189.907,
2026-09-21T01:29:30.175133+00:00,201,184.103,
2026-09-21T01:29:30.195361+00:00,201,186.845,
2026-09-21T01:29:30.283882+00:00,201,110.953,
2026-09-21T01:29:30.285570+00:00,201,112.909,
2026-09-21T01:29:30.292252+00:00,201,107.895,
2026-09-21T01:29:30.215380+00:00,201,190.225,
2026-09-21T01:29:30.307290+00:00,201,109.7,
2026-09-21T01:29:30.235385+00:00,201,188.711,
2026-09-21T01:29:30.344361+00:00,201,108.953,
2026-09-21T01:29:30.275180+00:00,201,182.92,
2026-09-21T01:29:30.254559+00:00,201,205.317,
2026-09-21T01:29:30.359246+00:00,201,113.133,
2026-09-21T01:29:30.294473+00:00,201,179.921,
2026-09-21T01:29:30.382228+00:00,201,111.636,
2026-09-21T01:29:30.394847+00:00,201,113.387,
2026-09-21T01:29:30.314842+00:00,201,195.104,
2026-09-21T01:29:30.400154+00:00,201,111.662,
2026-09-21T01:29:30.398488+00:00,201,114.177,
2026-09-21T01:29:30.405614+00:00,201,109.182,
2026-09-21T01:29:30.335571+00:00,201,183.449,
2026-09-21T01:29:30.424109+00:00,201,105.994,
2026-09-21T01:29:30.416999+00:00,201,114.372,
2026-09-21T01:29:30.355185+00:00,201,176.858,
2026-09-21T01:29:30.374963+00:00,201,175.724,
2026-09-21T01:29:30.459888+00:00,201,107.294,
2026-09-21T01:29:30.453351+00:00,201,115.274,
2026-09-21T01:29:30.458112+00:00,201,111.649,
2026-09-21T01:29:30.395786+00:00,201,188.303,
2026-09-21T01:29:30.472404+00:00,201,115.062,
2026-09-21T01:29:30.474405+00:00,201,115.836,
2026-09-21T01:29:30.414787+00:00,201,178.961,
2026-09-21T01:29:30.493888+00:00,201,104.56,
2026-09-21T01:29:30.509971+00:00,201,107.686,
2026-09-21T01:29:30.435083+00:00,201,186.534,
2026-09-21T01:29:30.508253+00:00,201,116.974,
2026-09-21T01:29:30.511823+00:00,201,115.423,
2026-09-21T01:29:30.514803+00:00,201,113.785,
2026-09-21T01:29:30.512673+00:00,201,118.282,
2026-09-21T01:29:30.519051+00:00,201,116.719,
2026-09-21T01:29:30.454906+00:00,201,184.455,
2026-09-21T01:29:30.530111+00:00,201,112.216,
2026-09-21T01:29:30.532071+00:00,201,111.841,
2026-09-21T01:29:30.531378+00:00,201,115.425,
2026-09-21T01:29:30.550720+00:00,201,106.922,
2026-09-21T01:29:30.475862+00:00,201,187.745,
2026-09-21T01:29:30.567189+00:00,201,107.664,
2026-09-21T01:29:30.494905+00:00,201,180.814,
2026-09-21T01:29:30.568648+00:00,201,110.257,
2026-09-21T01:29:30.569769+00:00,201,112.932,
2026-09-21T01:29:30.584097+00:00,201,106.278,
2026-09-21T01:29:30.515331+00:00,201,177.992,
2026-09-21T01:29:30.593755+00:00,201,108.477,
2026-09-21T01:29:30.587489+00:00,201,115.674,
2026-09-21T01:29:30.590249+00:00,201,114.311,
2026-09-21T01:29:30.598460+00:00,201,108.419,
2026-09-21T01:29:30.534540+00:00,201,175.49,
2026-09-21T01:29:30.617667+00:00,201,107.234,
2026-09-21T01:29:30.621649+00:00,201,112.195,
2026-09-21T01:29:30.630964+00:00,201,108.101,
2026-09-21T01:29:30.628595+00:00,201,113.438,
2026-09-21T01:29:30.627254+00:00,201,115.673,
2026-09-21T01:29:30.625243+00:00,201,121.587,
2026-09-21T01:29:30.554740+00:00,201,192.993,
2026-09-21T01:29:30.635776+00:00,201,114.603,
2026-09-21T01:29:30.639376+00:00,201,112.427,
2026-09-21T01:29:30.642335+00:00,201,112.182,
2026-09-21T01:29:30.643919+00:00,201,115.606,
2026-09-21T01:29:30.574842+00:00,201,187.064,
2026-09-21T01:29:30.646809+00:00,201,116.691,
2026-09-21T01:29:30.657651+00:00,201,110.195,
2026-09-21T01:29:30.594648+00:00,201,178.784,
2026-09-21T01:29:30.663615+00:00,201,113.602,
2026-09-21T01:29:30.674862+00:00,201,109.347,
2026-09-21T01:29:30.682707+00:00,201,105.433,
2026-09-21T01:29:30.678914+00:00,201,112.882,
2026-09-21T01:29:30.675729+00:00,201,116.966,
2026-09-21T01:29:30.690383+00:00,201,108.468,
2026-09-21T01:29:30.693332+00:00,201,109.26,
2026-09-21T01:29:30.615377+00:00,201,194.253,
2026-09-21T01:29:30.702241+00:00,201,111.522,
2026-09-21T01:29:30.706886+00:00,201,108.737,
2026-09-21T01:29:30.634990+00:00,201,181.646,
2026-09-21T01:29:30.704569+00:00,201,119.145,
2026-09-21T01:29:30.710036+00:00,201,114.48,
2026-09-21T01:29:30.703173+00:00,201,122.208,
2026-09-21T01:29:30.724910+00:00,201,104.949,
2026-09-21T01:29:30.733851+00:00,201,105.331,
2026-09-21T01:29:30.655253+00:00,201,184.699,
2026-09-21T01:29:30.746839+00:00,201,106.734,
2026-09-21T01:29:30.742040+00:00,201,112.348,
2026-09-21T01:29:30.739073+00:00,201,117.663,
2026-09-21T01:29:30.742934+00:00,201,118.434,
2026-09-21T01:29:30.676460+00:00,201,191.753,
2026-09-21T01:29:30.750385+00:00,201,119.259,
2026-09-21T01:29:30.751809+00:00,201,119.337,
2026-09-21T01:29:30.747741+00:00,201,124.874,
2026-09-21T01:29:30.761915+00:00,201,113.882,
2026-09-21T01:29:30.763507+00:00,201,113.415,
2026-09-21T01:29:30.694497+00:00,201,187.583,
2026-09-21T01:29:30.759534+00:00,201,123.579,
2026-09-21T01:29:30.754527+00:00,201,130.108,
2026-09-21T01:29:30.773440+00:00,201,112.34,
2026-09-21T01:29:30.777226+00:00,201,114.398,
2026-09-21T01:29:30.767853+00:00,201,125.607,
2026-09-21T01:29:30.788148+00:00,201,112.398,
2026-09-21T01:29:30.714862+00:00,201,190.026,
2026-09-21T01:29:30.792701+00:00,201,113.223,
2026-09-21T01:29:30.784217+00:00,201,122.941,
2026-09-21T01:29:30.798857+00:00,201,111.292,
2026-09-21T01:29:30.791805+00:00,201,127.959,
2026-09-21T01:29:30.802599+00:00,201,117.916,
2026-09-21T01:29:30.734678+00:00,201,186.983,
2026-09-21T01:29:30.815632+00:00,201,109.324,
2026-09-21T01:29:30.809639+00:00,201,117.788,
2026-09-21T01:29:30.824527+00:00,201,109.514,
2026-09-21T01:29:30.825387+00:00,201,109.504,
2026-09-21T01:29:30.813772+00:00,201,125.291,
2026-09-21T01:29:30.823721+00:00,201,116.129,
2026-09-21T01:29:30.829865+00:00,201,111.057,
2026-09-21T01:29:30.816644+00:00,201,126.712,
2026-09-21T01:29:30.839961+00:00,201,110.523,
2026-09-21T01:29:30.755242+00:00,201,196.936,
2026-09-21T01:29:30.774505+00:00,201,181.685,
2026-09-21T01:29:30.839191+00:00,201,121.829,
2026-09-21T01:29:30.856743+00:00,201,107.931,
2026-09-21T01:29:30.853581+00:00,201,112.151,
2026-09-21T01:29:30.861376+00:00,201,113.317,
2026-09-21T01:29:30.855593+00:00,201,125.499,
2026-09-21T01:29:30.872621+00:00,201,114.666,
2026-09-21T01:29:30.868220+00:00,201,119.631,
2026-09-21T01:29:30.794644+00:00,201,196.997,
2026-09-21T01:29:30.871155+00:00,201,127.7,
2026-09-21T01:29:30.876928+00:00,201,122.933,
2026-09-21T01:29:30.869651+00:00,201,130.791,
2026-09-21T01:29:30.885789+00:00,201,116.85,
2026-09-21T01:29:30.882086+00:00,201,121.101,
2026-09-21T01:29:30.875805+00:00,201,133.06,
2026-09-21T01:29:30.884641+00:00,201,126.519,
2026-09-21T01:29:30.883120+00:00,201,131.293,
2026-09-21T01:29:30.893467+00:00,201,122.906,
2026-09-21T01:29:30.817442+00:00,201,200.911,
2026-09-21T01:29:30.891632+00:00,201,136.545,
2026-09-21T01:29:30.835058+00:00,201,193.87,
2026-09-21T01:29:30.905931+00:00,201,124.3,
2026-09-21T01:29:30.900553+00:00,201,130.691,
2026-09-21T01:29:30.907163+00:00,201,130.857,
2026-09-21T01:29:30.904895+00:00,201,136.286,
2026-09-21T01:29:30.921667+00:00,201,124.176,
2026-09-21T01:29:30.924962+00:00,201,125.171,
2026-09-21T01:29:30.910155+00:00,201,140.431,
2026-09-21T01:29:30.927435+00:00,201,127.093,
2026-09-21T01:29:30.934896+00:00,201,120.116,
2026-09-21T01:29:30.934047+00:00,201,122.352,
2026-09-21T01:29:30.919774+00:00,201,137.082,
2026-09-21T01:29:30.854395+00:00,201,203.966,
2026-09-21T01:29:30.920521+00:00,201,139.529,
2026-09-21T01:29:30.943363+00:00,201,120.539,
2026-09-21T01:29:30.940928+00:00,201,125.635,
2026-09-21T01:29:30.952184+00:00,201,115.948,
2026-09-21T01:29:30.939071+00:00,201,131.534,
2026-09-21T01:29:30.939856+00:00,201,131.215,
2026-09-21T01:29:30.956196+00:00,201,121.45,
2026-09-21T01:29:30.965738+00:00,201,115.423,
2026-09-21T01:29:30.961026+00:00,201,121.739,
2026-09-21T01:29:30.964680+00:00,201,118.578,
2026-09-21T01:29:30.950489+00:00,201,133.715,
2026-09-21T01:29:30.894728+00:00,201,190.197,
2026-09-21T01:29:30.875049+00:00,201,211.916,
2026-09-21T01:29:30.974699+00:00,201,124.166,
2026-09-21T01:29:30.987292+00:00,201,116.812,
2026-09-21T01:29:30.981097+00:00,201,123.556,
2026-09-21T01:29:30.991646+00:00,201,118.526,
2026-09-21T01:29:31.000447+00:00,201,110.905,
2026-09-21T01:29:31.003191+00:00,201,111.133,
2026-09-21T01:29:30.987857+00:00,201,128.224,
2026-09-21T01:29:30.915103+00:00,201,201.527,
2026-09-21T01:29:31.002645+00:00,201,119.737,
2026-09-21T01:29:30.999866+00:00,201,125.746,
2026-09-21T01:29:31.008871+00:00,201,120.506,
2026-09-21T01:29:30.998861+00:00,201,132.576,
2026-09-21T01:29:31.011166+00:00,201,122.138,
2026-09-21T01:29:30.935389+00:00,201,201.898,
2026-09-21T01:29:31.016378+00:00,201,131.089,
2026-09-21T01:29:31.028183+00:00,201,119.876,
2026-09-21T01:29:31.028933+00:00,201,119.743,
2026-09-21T01:29:31.018359+00:00,201,136.473,
2026-09-21T01:29:30.954865+00:00,201,203.722,
2026-09-21T01:29:31.014419+00:00,201,152.97,
2026-09-21T01:29:31.031249+00:00,201,141.415,
2026-09-21T01:29:31.045848+00:00,201,131.867,
2026-09-21T01:29:31.050591+00:00,201,129.502,
2026-09-21T01:29:31.050140+00:00,201,135.03,
2026-09-21T01:29:31.056864+00:00,201,129.454,
2026-09-21T01:29:31.066567+00:00,201,122.318,
2026-09-21T01:29:31.030237+00:00,201,163.251,
2026-09-21T01:29:31.038026+00:00,201,156.094,
2026-09-21T01:29:31.055017+00:00,201,139.8,
2026-09-21T01:29:31.041186+00:00,201,154.677,
2026-09-21T01:29:31.068136+00:00,201,130.216,
2026-09-21T01:29:31.060055+00:00,201,139.248,
2026-09-21T01:29:31.056406+00:00,201,153.611,
2026-09-21T01:29:30.975164+00:00,201,235.487,
2026-09-21T01:29:31.086971+00:00,201,125.611,
2026-09-21T01:29:30.994967+00:00,201,218.234,
2026-09-21T01:29:31.054534+00:00,201,162.041,
2026-09-21T01:29:31.063907+00:00,201,161.574,
2026-09-21T01:29:31.071075+00:00,201,155.934,
2026-09-21T01:29:31.070610+00:00,201,161.647,
2026-09-21T01:29:31.104659+00:00,201,128.232,
2026-09-21T01:29:31.058367+00:00,201,175.229,
2026-09-21T01:29:31.084210+00:00,201,151.053,
2026-09-21T01:29:31.083262+00:00,201,154.197,
2026-09-21T01:29:31.077650+00:00,201,160.409,
2026-09-21T01:29:31.084931+00:00,201,157.939,
2026-09-21T01:29:31.131441+00:00,201,123.031,
2026-09-21T01:29:31.015073+00:00,201,246.025,
2026-09-21T01:29:31.081165+00:00,201,183.67,
2026-09-21T01:29:31.098870+00:00,201,166.595,
2026-09-21T01:29:31.111356+00:00,201,154.8,
2026-09-21T01:29:31.137293+00:00,201,131.661,
2026-09-21T01:29:31.133311+00:00,201,136.403,
2026-09-21T01:29:31.122388+00:00,201,148.24,
2026-09-21T01:29:31.035042+00:00,201,236.48,
2026-09-21T01:29:31.114329+00:00,201,158.125,
2026-09-21T01:29:31.116636+00:00,201,156.783,
2026-09-21T01:29:31.082770+00:00,201,193.441,
2026-09-21T01:29:31.104109+00:00,201,173.113,
2026-09-21T01:29:31.116086+00:00,201,162.165,
2026-09-21T01:29:31.129384+00:00,201,153.155,
2026-09-21T01:29:31.148680+00:00,201,134.908,
2026-09-21T01:29:31.148064+00:00,201,137.903,
2026-09-21T01:29:31.125616+00:00,201,162.848,
2026-09-21T01:29:31.075040+00:00,201,217.849,
2026-09-21T01:29:31.110176+00:00,201,183.823,
2026-09-21T01:29:31.158592+00:00,201,136.495,
2026-09-21T01:29:31.055887+00:00,201,243.564,
2026-09-21T01:29:31.172669+00:00,201,127.922,
2026-09-21T01:29:31.154837+00:00,201,150.049,
2026-09-21T01:29:31.167395+00:00,201,138.846,
2026-09-21T01:29:31.185174+00:00,201,126.57,
2026-09-21T01:29:31.147472+00:00,201,166.837,
2026-09-21T01:29:31.095043+00:00,201,223.957,
2026-09-21T01:29:31.177720+00:00,201,148.966,
2026-09-21T01:29:31.193492+00:00,201,136.242,
2026-09-21T01:29:31.114784+00:00,201,221.597,
2026-09-21T01:29:31.134791+00:00,201,206.545,
2026-09-21T01:29:31.186321+00:00,201,156.136,
2026-09-21T01:29:31.194126+00:00,201,152.142,
2026-09-21T01:29:31.180099+00:00,201,169.558,
2026-09-21T01:29:31.199308+00:00,201,151.508,
2026-09-21T01:29:31.216580+00:00,201,139.411,
2026-09-21T01:29:31.194822+00:00,201,162.452,
2026-09-21T01:29:31.198356+00:00,201,160.229,
2026-09-21T01:29:31.188889+00:00,201,171.092,
2026-09-21T01:29:31.212586+00:00,201,150.414,
2026-09-21T01:29:31.213206+00:00,201,153.513,
2026-09-21T01:29:31.227013+00:00,201,145.717,
2026-09-21T01:29:31.155249+00:00,201,218.921,
2026-09-21T01:29:31.210021+00:00,201,165.557,
2026-09-21T01:29:31.196581+00:00,201,180.498,
2026-09-21T01:29:31.232262+00:00,201,146.34,
2026-09-21T01:29:31.235268+00:00,201,144.998,
2026-09-21T01:29:31.210656+00:00,201,174.719,
2026-09-21T01:29:31.233600+00:00,201,158.08,
2026-09-21T01:29:31.225486+00:00,201,167.88,
2026-09-21T01:29:31.237463+00:00,201,157.601,
2026-09-21T01:29:31.242875+00:00,201,161.264,
2026-09-21T01:29:31.254477+00:00,201,151.481,
2026-09-21T01:29:31.238064+00:00,201,169.72,
2026-09-21T01:29:31.232896+00:00,201,176.801,
2026-09-21T01:29:31.174878+00:00,201,236.743,
2026-09-21T01:29:31.261104+00:00,201,152.498,
2026-09-21T01:29:31.264840+00:00,201,150.878,
2026-09-21T01:29:31.271530+00:00,201,158.999,
2026-09-21T01:29:31.265471+00:00,201,167.049,
2026-09-21T01:29:31.195867+00:00,201,238.754,
2026-09-21T01:29:31.268959+00:00,201,167.743,
2026-09-21T01:29:31.288469+00:00,201,157.462,
2026-09-21T01:29:31.278256+00:00,201,169.969,
2026-09-21T01:29:31.292895+00:00,201,157.573,
2026-09-21T01:29:31.299455+00:00,201,153.302,
2026-09-21T01:29:31.214718+00:00,201,251.916,
2026-09-21T01:29:31.300595+00:00,201,168.401,
2026-09-21T01:29:31.273424+00:00,201,197.889,
2026-09-21T01:29:31.311749+00:00,201,161.883,
2026-09-21T01:29:31.326691+00:00,201,149.487,
2026-09-21T01:29:31.279446+00:00,201,204.849,
2026-09-21T01:29:31.306246+00:00,201,180.56,
2026-09-21T01:29:31.235887+00:00,201,253.449,
2026-09-21T01:29:31.329738+00:00,201,162.147,
2026-09-21T01:29:31.255059+00:00,201,247.742,
2026-09-21T01:29:31.319685+00:00,201,185.806,
2026-09-21T01:29:31.342462+00:00,201,174.328,
2026-09-21T01:29:31.314315+00:00,201,205.2,
2026-09-21T01:29:31.349661+00:00,201,172.637,
2026-09-21T01:29:31.357278+00:00,201,177.672,
2026-09-21T01:29:31.366724+00:00,201,190.406,
2026-09-21T01:29:31.372734+00:00,201,199.014,
2026-09-21T01:29:31.391685+00:00,201,192.236,
2026-09-21T01:29:31.395068+00:00,201,204.733,
2026-09-21T01:29:31.415723+00:00,201,193.935,
2026-09-21T01:29:31.432524+00:00,201,194.111,
2026-09-21T01:29:31.430532+00:00,201,204.744,
2026-09-21T01:29:31.459767+00:00,201,207.071,
2026-09-21T01:29:31.484299+00:00,201,209.603,
2026-09-21T01:29:31.516794+00:00,201,213.284,
2026-09-21T01:29:31.544886+00:00,201,198.891,
2026-09-21T01:29:31.336385+00:00,201,424.137,
2026-09-21T01:29:31.571752+00:00,201,193.024,
2026-09-21T01:29:31.599805+00:00,201,205.413,
2026-09-21T01:29:31.350820+00:00,201,472.414,
2026-09-21T01:29:31.609662+00:00,201,226.882,
2026-09-21T01:29:31.319005+00:00,201,542.335,
2026-09-21T01:29:31.666843+00:00,201,209.619,
2026-09-21T01:29:31.374174+00:00,201,513.114,
2026-09-21T01:29:31.363005+00:00,201,538.06,
2026-09-21T01:29:31.434626+00:00,201,481.44,
2026-09-21T01:29:31.422825+00:00,201,509.88,
2026-09-21T01:29:31.469000+00:00,201,483.802,
2026-09-21T01:29:31.409701+00:00,201,553.845,
2026-09-21T01:29:31.760526+00:00,201,205.775,
2026-09-21T01:29:31.473636+00:00,201,506.633,
2026-09-21T01:29:31.789523+00:00,201,211.657,
2026-09-21T01:29:31.805222+00:00,201,215.169,
2026-09-21T01:29:31.659715+00:00,201,388.16,
2026-09-21T01:29:31.836549+00:00,201,227.646,
2026-09-21T01:29:31.685596+00:00,201,389.791,
2026-09-21T01:29:31.276216+00:00,201,824.676,
2026-09-21T01:29:31.486810+00:00,201,621.014,
2026-09-21T01:29:31.916070+00:00,201,232.822,
2026-09-21T01:29:31.948160+00:00,201,203.405,
2026-09-21T01:29:31.952806+00:00,201,203.211,
2026-09-21T01:29:31.304892+00:00,201,863.286,
2026-09-21T01:29:31.411626+00:00,201,784.024,
2026-09-21T01:29:31.294003+00:00,201,937.223,
2026-09-21T01:29:31.407789+00:00,201,837.066,
2026-09-21T01:29:31.277227+00:00,201,1001.46,
2026-09-21T01:29:32.047879+00:00,201,233.549,
2026-09-21T01:29:31.855938+00:00,201,431.363,
2026-09-21T01:29:31.283592+00:00,201,1021.717,
2026-09-21T01:29:31.380270+00:00,201,943.615,
2026-09-21T01:29:31.397215+00:00,201,944.132,
2026-09-21T01:29:31.876465+00:00,201,471.446,
2026-09-21T01:29:31.635280+00:00,201,740.051,
2026-09-21T01:29:31.646875+00:00,201,735.135,
2026-09-21T01:29:31.823239+00:00,201,571.459,
2026-09-21T01:29:32.064202+00:00,201,368.034,
2026-09-21T01:29:31.282543+00:00,201,1159.645,
2026-09-21T01:29:32.231232+00:00,201,226.382,
2026-09-21T01:29:31.807040+00:00,201,678.739,
2026-09-21T01:29:32.169651+00:00,201,322.507,
2026-09-21T01:29:32.281439+00:00,201,229.352,
2026-09-21T01:29:32.278693+00:00,201,234.815,
2026-09-21T01:29:31.413607+00:00,201,1122.071,
2026-09-21T01:29:32.305314+00:00,201,235.835,
2026-09-21T01:29:31.269718+00:00,201,1291.04,
2026-09-21T01:29:31.722091+00:00,201,848.039,
2026-09-21T01:29:32.135494+00:00,201,445.683,
2026-09-21T01:29:32.347915+00:00,201,238.814,
2026-09-21T01:29:31.368577+00:00,201,1223.934,
2026-09-21T01:29:31.502805+00:00,201,1129.41,
2026-09-21T01:29:32.002841+00:00,201,637.99,
2026-09-21T01:29:31.861346+00:00,201,795.134,
2026-09-21T01:29:32.314704+00:00,201,367.009,
2026-09-21T01:29:32.457617+00:00,201,237.622,
2026-09-21T01:29:32.485784+00:00,201,234.472,
2026-09-21T01:29:31.622211+00:00,201,1123.879,
2026-09-21T01:29:31.448230+00:00,201,1316.625,
2026-09-21T01:29:32.299684+00:00,201,484.612,
2026-09-21T01:29:32.560765+00:00,201,227.758,
2026-09-21T01:29:31.990294+00:00,201,811.744,
2026-09-21T01:29:31.872372+00:00,201,973.171,
2026-09-21T01:29:31.534953+00:00,201,1315.863,
2026-09-21T01:29:31.963550+00:00,201,890.031,
2026-09-21T01:29:31.438594+00:00,201,1435.992,
2026-09-21T01:29:31.341341+00:00,201,1540.12,
2026-09-21T01:29:32.375335+00:00,201,530.468,
2026-09-21T01:29:31.358590+00:00,201,1573.214,
2026-09-21T01:29:31.557134+00:00,201,1393.499,
2026-09-21T01:29:31.523963+00:00,201,1436.339,
2026-09-21T01:29:32.746096+00:00,201,238.171,
2026-09-21T01:29:32.781582+00:00,201,222.062,
2026-09-21T01:29:32.396110+00:00,201,610.38,
2026-09-21T01:29:31.295092+00:00,201,1714.112,
2026-09-21T01:29:32.459028+00:00,201,582.367,
2026-09-21T01:29:31.301819+00:00,201,1750.162,
2026-09-21T01:29:31.346273+00:00,201,1722.225,
2026-09-21T01:29:32.850822+00:00,201,249.129,
2026-09-21T01:29:31.445934+00:00,201,1665.658,
2026-09-21T01:29:32.695243+00:00,201,430.915,
2026-09-21T01:29:32.148896+00:00,201,996.947,
2026-09-21T01:29:32.931810+00:00,201,241.008,
2026-09-21T01:29:32.712181+00:00,201,489.839,
2026-09-21T01:29:32.817475+00:00,201,390.87,
2026-09-21T01:29:32.425860+00:00,201,785.059,
2026-09-21T01:29:31.522302+00:00,201,1694.133,
2026-09-21T01:29:33.003648+00:00,201,224.57,
2026-09-21T01:29:32.802043+00:00,201,428.912,
2026-09-21T01:29:33.036107+00:00,201,224.861,
2026-09-21T01:29:32.510794+00:00,201,773.22,
2026-09-21T01:29:32.283236+00:00,201,1003.593,
2026-09-21T01:29:31.436706+00:00,201,1876.252,
2026-09-21T01:29:31.375582+00:00,201,1965.964,
2026-09-21T01:29:32.870451+00:00,201,477.821,
2026-09-21T01:29:33.116866+00:00,201,234.204,
2026-09-21T01:29:33.145848+00:00,201,239.022,
2026-09-21T01:29:32.950639+00:00,201,464.781,
2026-09-21T01:29:32.382015+00:00,201,1041.085,
2026-09-21T01:29:33.210924+00:00,201,232.588,
2026-09-21T01:29:32.984270+00:00,201,475.032,
2026-09-21T01:29:33.230959+00:00,201,236.57,
2026-09-21T01:29:31.266160+00:00,201,2241.201,
2026-09-21T01:29:31.888929+00:00,201,1621.143,
2026-09-21T01:29:32.107829+00:00,201,1423.178,
2026-09-21T01:29:32.195655+00:00,201,1355.738,
2026-09-21T01:29:32.090131+00:00,201,1472.539,
2026-09-21T01:29:31.917875+00:00,201,1655.711,
2026-09-21T01:29:33.341553+00:00,201,240.856,
2026-09-21T01:29:32.077207+00:00,201,1547.943,
2026-09-21T01:29:31.270633+00:00,201,2358.353,
2026-09-21T01:29:32.323890+00:00,201,1307.78,
2026-09-21T01:29:32.432242+00:00,201,1246.059,
2026-09-21T01:29:33.202024+00:00,201,482.598,
2026-09-21T01:29:32.881468+00:00,201,805.777,
2026-09-21T01:29:33.443515+00:00,201,259.021,
2026-09-21T01:29:31.359985+00:00,201,2347.893,
2026-09-21T01:29:33.278505+00:00,201,464.009,
2026-09-21T01:29:31.452760+00:00,201,2296.536,
2026-09-21T01:29:32.541153+00:00,201,1230.268,
2026-09-21T01:29:33.286834+00:00,201,498.206,
2026-09-21T01:29:32.698263+00:00,201,1111.656,
2026-09-21T01:29:32.287305+00:00,201,1531.385,
2026-09-21T01:29:33.531013+00:00,201,308.508,
2026-09-21T01:29:32.632222+00:00,201,1219.613,
2026-09-21T01:29:31.272458+00:00,201,2587.184,
2026-09-21T01:29:31.980273+00:00,201,1885.764,
2026-09-21T01:29:31.385378+00:00,201,2489.367,
2026-09-21T01:29:32.332156+00:00,201,1577.038,
2026-09-21T01:29:31.505494+00:00,201,2423.344,
2026-09-21T01:29:32.515322+00:00,201,1416.267,
2026-09-21T01:29:31.730082+00:00,201,2206.721,
2026-09-21T01:29:33.687251+00:00,201,266.265,
2026-09-21T01:29:33.262583+00:00,201,716.331,
2026-09-21T01:29:31.285972+00:00,201,2711.039,
2026-09-21T01:29:33.415424+00:00,201,587.206,
2026-09-21T01:29:33.742518+00:00,201,272.985,
2026-09-21T01:29:31.377084+00:00,201,2665.986,
2026-09-21T01:29:32.394703+00:00,201,1660.808,
2026-09-21T01:29:33.228221+00:00,201,838.848,
2026-09-21T01:29:33.126161+00:00,201,966.724,
2026-09-21T01:29:33.172821+00:00,201,930.439,
2026-09-21T01:29:32.378260+00:00,201,1737.924,
2026-09-21T01:29:33.284018+00:00,201,863.654,
2026-09-21T01:29:33.459306+00:00,201,699.52,
2026-09-21T01:29:33.348276+00:00,201,824.902,
2026-09-21T01:29:31.558837+00:00,201,2620.563,
2026-09-21T01:29:33.928847+00:00,201,258.147,
2026-09-21T01:29:33.936811+00:00,201,265.506,
2026-09-21T01:29:31.404144+00:00,201,2820.038,
2026-09-21T01:29:33.976213+00:00,201,254.526,
2026-09-21T01:29:31.932711+00:00,201,2331.268,
2026-09-21T01:29:33.177995+00:00,201,1099.912,
2026-09-21T01:29:31.709459+00:00,201,2573.68,
2026-09-21T01:29:32.652254+00:00,201,1633.551,
2026-09-21T01:29:31.519519+00:00,201,2797.33,
2026-09-21T01:29:32.249295+00:00,201,2084.882,
2026-09-21T01:29:34.092890+00:00,201,251.753,
2026-09-21T01:29:33.298264+00:00,201,1093.688,
2026-09-21T01:29:32.232699+00:00,201,2166.969,
2026-09-21T01:29:34.147677+00:00,201,280.083,
2026-09-21T01:29:32.889951+00:00,201,1543.406,
2026-09-21T01:29:32.764861+00:00,201,1681.501,
2026-09-21T01:29:33.445097+00:00,201,1016.063,
2026-09-21T01:29:33.953519+00:00,201,515.483,
2026-09-21T01:29:34.015506+00:00,201,482.709,
2026-09-21T01:29:32.156021+00:00,201,2346.167,
2026-09-21T01:29:32.581182+00:00,201,1940.935,
2026-09-21T01:29:33.464729+00:00,201,1108.134,
2026-09-21T01:29:31.343339+00:00,201,3233.398,
2026-09-21T01:29:32.049570+00:00,201,2543.031,
2026-09-21T01:29:33.724088+00:00,201,876.938,
2026-09-21T01:29:33.647889+00:00,201,979.178,
2026-09-21T01:29:32.349328+00:00,201,2294.52,
2026-09-21T01:29:31.626639+00:00,201,3046.517,
2026-09-21T01:29:33.931595+00:00,201,744.109,
2026-09-21T01:29:33.260971+00:00,201,1435.375,
2026-09-21T01:29:33.582413+00:00,201,1128.366,
2026-09-21T01:29:34.461165+00:00,201,256.222,
2026-09-21T01:29:33.424896+00:00,201,1327.882,
2026-09-21T01:29:33.765003+00:00,201,995.891,
2026-09-21T01:29:32.552546+00:00,201,2228.054,
2026-09-21T01:29:34.522124+00:00,201,260.995,
2026-09-21T01:29:33.851840+00:00,201,946.637,
2026-09-21T01:29:34.334184+00:00,201,483.737,
2026-09-21T01:29:33.503448+00:00,201,1348.115,
2026-09-21T01:29:31.507449+00:00,201,3366.274,
2026-09-21T01:29:32.020395+00:00,201,2859.688,
2026-09-21T01:29:33.705236+00:00,201,1186.981,
2026-09-21T01:29:33.707887+00:00,201,1212.961,
2026-09-21T01:29:34.673166+00:00,201,269.629,
2026-09-21T01:29:33.998598+00:00,201,948.321,
2026-09-21T01:29:33.744001+00:00,201,1226.665,
2026-09-21T01:29:32.971279+00:00,201,2012.006,
2026-09-21T01:29:33.625156+00:00,201,1375.7,
2026-09-21T01:29:32.442195+00:00,201,2590.235,
2026-09-21T01:29:33.387965+00:00,201,1650.742,
2026-09-21T01:29:32.803596+00:00,201,2262.427,
2026-09-21T01:29:33.876328+00:00,201,1198.401,
2026-09-21T01:29:34.043080+00:00,201,1036.631,
2026-09-21T01:29:33.598485+00:00,201,1498.943,
2026-09-21T01:29:31.471317+00:00,201,3641.634,
2026-09-21T01:29:34.851569+00:00,201,274.805,
2026-09-21T01:29:32.784301+00:00,201,2389.821,
2026-09-21T01:29:32.570135+00:00,201,2615.563,
2026-09-21T01:29:33.562676+00:00,201,1626.766,
2026-09-21T01:29:32.100897+00:00,201,3093.909,
2026-09-21T01:29:31.887294+00:00,201,3355.839,
2026-09-21T01:29:34.345998+00:00,201,937.456,
2026-09-21T01:29:32.205405+00:00,201,3087.899,
2026-09-21T01:29:33.051989+00:00,201,2259.856,
2026-09-21T01:29:34.158831+00:00,201,1156.715,
2026-09-21T01:29:34.287474+00:00,201,1035.99,
2026-09-21T01:29:32.513511+00:00,201,2816.192,
2026-09-21T01:29:34.323754+00:00,201,1009.904,
2026-09-21T01:29:34.819466+00:00,201,537.744,
2026-09-21T01:29:34.579484+00:00,201,828.832,
2026-09-21T01:29:32.531636+00:00,201,2899.133,
2026-09-21T01:29:34.427763+00:00,201,1028.698,
2026-09-21T01:29:34.202320+00:00,201,1256.955,
2026-09-21T01:29:33.866045+00:00,201,1604.999,
2026-09-21T01:29:34.557459+00:00,201,929.796,
2026-09-21T01:29:35.174132+00:00,201,327.326,
2026-09-21T01:29:34.130690+00:00,201,1389.686,
2026-09-21T01:29:35.243144+00:00,201,310.109,
2026-09-21T01:29:35.219807+00:00,201,336.066,
2026-09-21T01:29:31.489341+00:00,201,4078.779,
2026-09-21T01:29:34.224192+00:00,201,1356.149,
2026-09-21T01:29:34.643855+00:00,201,951.573,
2026-09-21T01:29:35.293314+00:00,201,310.633,
2026-09-21T01:29:34.697929+00:00,201,908.487,
2026-09-21T01:29:34.057821+00:00,201,1561.976,
2026-09-21T01:29:34.261466+00:00,201,1413.68,
2026-09-21T01:29:32.621097+00:00,201,3064.362,
2026-09-21T01:29:31.966304+00:00,201,3732.719,
2026-09-21T01:29:34.502197+00:00,201,1200.369,
2026-09-21T01:29:32.341353+00:00,201,3378.433,
2026-09-21T01:29:32.153241+00:00,201,3581.241,
2026-09-21T01:29:34.780609+00:00,201,957.932,
2026-09-21T01:29:35.133984+00:00,201,612.534,
2026-09-21T01:29:34.601030+00:00,201,1158.056,
2026-09-21T01:29:32.001186+00:00,201,3760.271,
2026-09-21T01:29:35.000863+00:00,201,796.782,
2026-09-21T01:29:34.817925+00:00,201,985.823,
2026-09-21T01:29:31.761999+00:00,201,4047.33,
2026-09-21T01:29:33.893125+00:00,201,1947.619,
2026-09-21T01:29:34.598315+00:00,201,1247.405,
2026-09-21T01:29:34.942798+00:00,201,918.415,
2026-09-21T01:29:34.429338+00:00,201,1439.424,
2026-09-21T01:29:35.066032+00:00,201,805.335,
2026-09-21T01:29:35.606422+00:00,201,283.823,
2026-09-21T01:29:34.283148+00:00,201,1621.091,
2026-09-21T01:29:34.116192+00:00,201,1811.46,
2026-09-21T01:29:35.647058+00:00,201,289.023,
2026-09-21T01:29:32.656485+00:00,201,3304.132,
2026-09-21T01:29:35.685468+00:00,201,291.508,
2026-09-21T01:29:31.493617+00:00,201,4497.99,
2026-09-21T01:29:34.986672+00:00,201,1019.613,
2026-09-21T01:29:33.525694+00:00,201,2489.902,
2026-09-21T01:29:34.469006+00:00,201,1566.419,
2026-09-21T01:29:32.729919+00:00,201,3309.589,
2026-09-21T01:29:34.838680+00:00,201,1247.467,
2026-09-21T01:29:32.922319+00:00,201,3180.021,
2026-09-21T01:29:35.845726+00:00,201,292.56,
2026-09-21T01:29:34.946924+00:00,201,1212.672,
2026-09-21T01:29:33.786426+00:00,201,2381.532,
2026-09-21T01:29:34.859764+00:00,201,1310.666,
2026-09-21T01:29:33.009212+00:00,201,3174.365,
2026-09-21T01:29:35.452599+00:00,201,736.106,
2026-09-21T01:29:35.927660+00:00,201,290.932,
2026-09-21T01:29:34.970672+00:00,201,1256.128,
2026-09-21T01:29:34.103265+00:00,201,2144.978,
2026-09-21T01:29:33.957583+00:00,201,2305.267,
2026-09-21T01:29:32.720259+00:00,201,3545.161,
2026-09-21T01:29:36.006291+00:00,201,269.018,
2026-09-21T01:29:33.551398+00:00,201,2734.759,
2026-09-21T01:29:33.484372+00:00,201,2811.132,
2026-09-21T01:29:35.093719+00:00,201,1203.797,
2026-09-21T01:29:34.067074+00:00,201,2235.631,
2026-09-21T01:29:36.015604+00:00,201,289.281,
2026-09-21T01:29:34.675709+00:00,201,1664.797,
2026-09-21T01:29:35.840752+00:00,201,512.355,
2026-09-21T01:29:35.533418+00:00,201,837.129,
2026-09-21T01:29:32.640835+00:00,201,3733.71,
2026-09-21T01:29:34.873734+00:00,201,1506.891,
2026-09-21T01:29:34.920853+00:00,201,1465.125,
2026-09-21T01:29:34.303046+00:00,201,2086.159,
2026-09-21T01:29:34.537732+00:00,201,1879.243,
2026-09-21T01:29:34.244933+00:00,201,2178.539,
2026-09-21T01:29:35.595435+00:00,201,837.305,
2026-09-21T01:29:34.408735+00:00,201,2036.528,
2026-09-21T01:29:36.248251+00:00,201,202.136,
2026-09-21T01:29:32.492161+00:00,201,3966.543,
2026-09-21T01:29:34.094329+00:00,201,2366.526,
2026-09-21T01:29:35.847625+00:00,201,613.981,
2026-09-21T01:29:34.710784+00:00,201,1757.768,
2026-09-21T01:29:34.055518+00:00,201,2419.53,
2026-09-21T01:29:35.872777+00:00,201,616.954,
2026-09-21T01:29:36.071769+00:00,201,426.986,
2026-09-21T01:29:36.118405+00:00,201,385.643,
2026-09-21T01:29:34.516821+00:00,201,1993.083,
2026-09-21T01:29:35.479348+00:00,201,1034.181,
2026-09-21T01:29:31.764779+00:00,201,4758.254,
2026-09-21T01:29:35.669416+00:00,201,854.088,
2026-09-21T01:29:33.853416+00:00,201,2674.521,
2026-09-21T01:29:36.389212+00:00,201,148.594,
2026-09-21T01:29:35.583411+00:00,201,959.774,
2026-09-21T01:29:33.354156+00:00,201,3212.007,
2026-09-21T01:29:33.147393+00:00,201,3422.694,
2026-09-21T01:29:32.960309+00:00,201,3614.388,
2026-09-21T01:29:36.170437+00:00,201,411.852,
2026-09-21T01:29:35.963585+00:00,201,620.721,
2026-09-21T01:29:32.410339+00:00,201,4175.052,
2026-09-21T01:29:31.583924+00:00,201,5006.641,
2026-09-21T01:29:34.783124+00:00,201,1811.346,
2026-09-21T01:29:34.592610+00:00,201,2006.329,
2026-09-21T01:29:33.684626+00:00,201,2916.474,
2026-09-21T01:29:34.900638+00:00,201,1703.676,
2026-09-21T01:29:33.564440+00:00,201,3049.842,
2026-09-21T01:29:35.734492+00:00,201,885.014,
2026-09-21T01:29:35.868769+00:00,201,751.262,
2026-09-21T01:29:36.498760+00:00,201,139.376,
2026-09-21T01:29:35.478028+00:00,201,1164.258,
2026-09-21T01:29:33.771426+00:00,201,2872.759,
2026-09-21T01:29:36.509912+00:00,201,141.992,
2026-09-21T01:29:36.513537+00:00,201,145.332,
2026-09-21T01:29:36.523046+00:00,201,141.699,
2026-09-21T01:29:35.890249+00:00,201,784.211,
2026-09-21T01:29:32.592517+00:00,201,4088.693,
2026-09-21T01:29:34.075231+00:00,201,2614.737,
2026-09-21T01:29:36.332656+00:00,201,361.594,
2026-09-21T01:29:36.570098+00:00,201,147.587,
2026-09-21T01:29:36.340513+00:00,201,379.022,
2026-09-21T01:29:35.112962+00:00,201,1612.174,
2026-09-21T01:29:33.665871+00:00,201,3061.499,
2026-09-21T01:29:36.304890+00:00,201,426.664,
2026-09-21T01:29:36.590579+00:00,201,141.631,
2026-09-21T01:29:34.433364+00:00,201,2299.493,
2026-09-21T01:29:36.594477+00:00,201,139.152,
2026-09-21T01:29:35.871376+00:00,201,869.671,
2026-09-21T01:29:36.598946+00:00,201,161.572,
2026-09-21T01:29:36.411823+00:00,201,350.247,
2026-09-21T01:29:32.845549+00:00,201,3926.953,
2026-09-21T01:29:36.619512+00:00,201,166.786,
2026-09-21T01:29:35.200246+00:00,201,1597.875,
2026-09-21T01:29:32.244860+00:00,201,4553.952,
2026-09-21T01:29:35.762983+00:00,201,1041.453,
2026-09-21T01:29:36.638140+00:00,201,172.229,
2026-09-21T01:29:36.226806+00:00,201,595.346,
2026-09-21T01:29:35.329713+00:00,201,1498.822,
2026-09-21T01:29:35.006241+00:00,201,1823.085,
2026-09-21T01:29:36.316619+00:00,201,520.848,
2026-09-21T01:29:35.976981+00:00,201,861.403,
2026-09-21T01:29:35.244708+00:00,201,1594.639,
2026-09-21T01:29:36.370558+00:00,201,469.78,
2026-09-21T01:29:36.614292+00:00,201,227.077,
2026-09-21T01:29:36.664748+00:00,201,183.222,
2026-09-21T01:29:32.833807+00:00,201,4018.674,
2026-09-21T01:29:34.277912+00:00,201,2575.857,
2026-09-21T01:29:33.085882+00:00,201,3769.094,
2026-09-21T01:29:36.445271+00:00,201,421.387,
2026-09-21T01:29:32.605506+00:00,201,4262.462,
2026-09-21T01:29:36.298632+00:00,201,570.692,
2026-09-21T01:29:36.183588+00:00,201,687.261,
2026-09-21T01:29:35.471051+00:00,201,1401.284,
2026-09-21T01:29:36.461611+00:00,201,412.189,
2026-09-21T01:29:35.559400+00:00,201,1315.97,
2026-09-21T01:29:35.619805+00:00,201,1257.202,
2026-09-21T01:29:34.446369+00:00,201,2432.269,
2026-09-21T01:29:35.348243+00:00,201,1537.975,
2026-09-21T01:29:34.472933+00:00,201,2423.036,
2026-09-21T01:29:36.681222+00:00,201,226.042,
2026-09-21T01:29:36.689977+00:00,201,222.071,
2026-09-21T01:29:33.244483+00:00,201,3673.718,
2026-09-21T01:29:34.922437+00:00,201,2006.342,
2026-09-21T01:29:36.432747+00:00,201,497.997,
2026-09-21T01:29:36.725148+00:00,201,207.553,
2026-09-21T01:29:32.075392+00:00,201,4865.711,
2026-09-21T01:29:36.733634+00:00,201,230.186,
2026-09-21T01:29:36.731558+00:00,201,236.981,
2026-09-21T01:29:35.939732+00:00,201,1030.95,
2026-09-21T01:29:32.475145+00:00,201,4497.714,
2026-09-21T01:29:35.803754+00:00,201,1171.325,
2026-09-21T01:29:33.956189+00:00,201,3021.179,
2026-09-21T01:29:35.761468+00:00,201,1238.658,
2026-09-21T01:29:35.746524+00:00,201,1255.91,
2026-09-21T01:29:33.583999+00:00,201,3420.794,
2026-09-21T01:29:34.760900+00:00,201,2246.353,
2026-09-21T01:29:34.451906+00:00,201,2557.83,
2026-09-21T01:29:34.179409+00:00,201,2832.887,
2026-09-21T01:29:36.566174+00:00,201,455.998,
2026-09-21T01:29:35.025090+00:00,201,2014.603,
2026-09-21T01:29:35.189449+00:00,201,1853.057,
2026-09-21T01:29:36.604321+00:00,201,447.585,
2026-09-21T01:29:36.007858+00:00,201,1048.408,
2026-09-21T01:29:36.527945+00:00,201,547.687,
2026-09-21T01:29:33.384873+00:00,201,3693.692,
2026-09-21T01:29:36.537810+00:00,201,543.729,
2026-09-21T01:29:35.675153+00:00,201,1409.351,
2026-09-21T01:29:32.905808+00:00,201,4181.643,
2026-09-21T01:29:35.936086+00:00,201,1154.493,
2026-09-21T01:29:35.715000+00:00,201,1378.733,
2026-09-21T01:29:34.576747+00:00,201,2520.165,
2026-09-21T01:29:32.535684+00:00,201,4564.534,
2026-09-21T01:29:34.225778+00:00,201,2877.83,
2026-09-21T01:29:36.030179+00:00,201,1076.838,
2026-09-21T01:29:36.570732+00:00,201,539.82,
2026-09-21T01:29:35.825272+00:00,201,1288.823,
2026-09-21T01:29:35.960628+00:00,201,1156.979,
2026-09-21T01:29:32.681716+00:00,201,4439.643,
2026-09-21T01:29:36.423481+00:00,201,701.614,
2026-09-21T01:29:34.718964+00:00,201,2409.872,
2026-09-21T01:29:36.265431+00:00,201,867.332,
2026-09-21T01:29:35.702572+00:00,201,1437.094,
2026-09-21T01:29:33.423105+00:00,201,3728.02,
2026-09-21T01:29:36.276862+00:00,201,878.106,
2026-09-21T01:29:36.804442+00:00,201,362.052,
2026-09-21T01:29:35.904245+00:00,201,1272.184,
2026-09-21T01:29:36.829333+00:00,201,377.044,
2026-09-21T01:29:34.880093+00:00,201,2362.758,
2026-09-21T01:29:31.466639+00:00,201,5781.846,
2026-09-21T01:29:36.286166+00:00,201,973.696,
2026-09-21T01:29:36.644195+00:00,201,619.451,
2026-09-21T01:29:33.839524+00:00,201,3428.027,
2026-09-21T01:29:34.616988+00:00,201,2654.622,
2026-09-21T01:29:35.315553+00:00,201,1959.999,
2026-09-21T01:29:35.323470+00:00,201,1956.199,
2026-09-21T01:29:36.167966+00:00,201,1115.864,
2026-09-21T01:29:33.351073+00:00,201,3936.955,
2026-09-21T01:29:36.385985+00:00,201,906.255,
2026-09-21T01:29:31.841047+00:00,201,5455.682,
2026-09-21T01:29:36.886224+00:00,201,434.563,
2026-09-21T01:29:36.039518+00:00,201,1305.249,
2026-09-21T01:29:31.393370+00:00,201,5955.728,
2026-09-21T01:29:33.041398+00:00,201,4312.095,
2026-09-21T01:29:34.285812+00:00,201,3072.09,
2026-09-21T01:29:33.631676+00:00,201,3730.648,
2026-09-21T01:29:33.208349+00:00,201,4158.667,
2026-09-21T01:29:36.302714+00:00,201,1068.86,
2026-09-21T01:29:36.250231+00:00,201,1126.028,
2026-09-21T01:29:35.580349+00:00,201,1800.672,
2026-09-21T01:29:35.333664+00:00,201,2052.183,
2026-09-21T01:29:31.901070+00:00,201,5489.691,
2026-09-21T01:29:35.185707+00:00,201,2239.799,
2026-09-21T01:29:36.932711+00:00,201,510.028,
2026-09-21T01:29:35.738547+00:00,201,1727.399,
2026-09-21T01:29:36.720328+00:00,201,755.874,
2026-09-21T01:29:34.572868+00:00,201,2918.705,
2026-09-21T01:29:33.021930+00:00,201,4482.324,
2026-09-21T01:29:35.349669+00:00,201,2250.278,
2026-09-21T01:29:32.024538+00:00,201,5627.052,
2026-09-21T01:29:36.523509+00:00,201,1138.329,
2026-09-21T01:29:36.450391+00:00,201,1216.383,
2026-09-21T01:29:35.736105+00:00,201,1935.709,
2026-09-21T01:29:33.510079+00:00,201,4174.178,
2026-09-21T01:29:36.375582+00:00,201,1324.032,
2026-09-21T01:29:35.915431+00:00,201,1808.47,
2026-09-21T01:29:34.776771+00:00,201,3010.174,
2026-09-21T01:29:36.872344+00:00,201,954.897,
2026-09-21T01:29:35.372784+00:00,201,2484.321,
2026-09-21T01:29:35.555878+00:00,201,2311.116,
2026-09-21T01:29:36.928786+00:00,201,960.301,
2026-09-21T01:29:36.674466+00:00,201,1219.53,
2026-09-21T01:29:31.967825+00:00,201,5931.138,
2026-09-21T01:29:36.786302+00:00,201,1155.076,
2026-09-21T01:29:35.114411+00:00,201,2854.51,
2026-09-21T01:29:33.914961+00:00,201,4099.706,
2026-09-21T01:29:35.699034+00:00,201,2323.148,
2026-09-21T01:29:37.012304+00:00,201,1053.729,
2026-09-21T01:29:32.667969+00:00,201,5408.022,
2026-09-21T01:29:33.070274+00:00,201,5010.716,
2026-09-21T01:29:37.651604+00:00,201,434.59,
2026-09-21T01:29:36.837472+00:00,201,1253.948,
2026-09-21T01:29:35.459282+00:00,201,2737.381,
2026-09-21T01:29:36.387428+00:00,201,1835.001,
2026-09-21T01:29:36.732214+00:00,201,1514.46,
2026-09-21T01:29:36.086154+00:00,201,2170.862,
2026-09-21T01:29:34.944245+00:00,201,3325.742,
2026-09-21T01:29:33.099955+00:00,201,5201.949,
2026-09-21T01:29:36.840343+00:00,201,1524.22,
2026-09-21T01:29:35.797654+00:00,201,2579.894,
2026-09-21T01:29:36.052885+00:00,201,2338.685,
2026-09-21T01:29:34.186998+00:00,201,4250.773,
2026-09-21T01:29:33.785043+00:00,201,4670.898,
2026-09-21T01:29:37.656928+00:00,201,809.54,
2026-09-21T01:29:33.192161+00:00,201,5300.787,
2026-09-21T01:29:36.918211+00:00,201,1611.37,
2026-09-21T01:29:36.968543+00:00,201,1602.136,
2026-09-21T01:29:35.152796+00:00,201,3425.664,
2026-09-21T01:29:38.076005+00:00,201,512.815,
2026-09-21T01:29:33.068505+00:00,201,5530.631,
2026-09-21T01:29:36.870854+00:00,201,1733.59,
2026-09-21T01:29:38.183602+00:00,201,455.597,
2026-09-21T01:29:34.166692+00:00,201,4555.446,
2026-09-21T01:29:38.377561+00:00,201,424.624,
2026-09-21T01:29:33.909201+00:00,201,4903.945,
2026-09-21T01:29:37.176436+00:00,201,1681.378,
2026-09-21T01:29:37.206381+00:00,201,1669.433,
2026-09-21T01:29:37.002440+00:00,201,1899.656,
2026-09-21T01:29:35.509053+00:00,201,3444.584,
2026-09-21T01:29:36.810374+00:00,201,2184.705,
2026-09-21T01:29:36.875377+00:00,201,2135.391,
2026-09-21T01:29:37.166498+00:00,201,1888.141,
2026-09-21T01:29:35.582117+00:00,201,3503.377,
2026-09-21T01:29:36.585403+00:00,201,2518.487,
2026-09-21T01:29:37.042513+00:00,201,2095.063,
2026-09-21T01:29:38.681058+00:00,201,469.698,
2026-09-21T01:29:34.717391+00:00,201,4462.118,
2026-09-21T01:29:38.761246+00:00,201,477.389,
2026-09-21T01:29:38.802189+00:00,201,441.492,
2026-09-21T01:29:35.719797+00:00,201,3653.512,
2026-09-21T01:29:37.090587+00:00,201,2338.283,
2026-09-21T01:29:36.138293+00:00,201,3315.718,
2026-09-21T01:29:37.381030+00:00,201,2104.769,
2026-09-21T01:29:31.693906+00:00,201,7797.068,
2026-09-21T01:29:36.141163+00:00,201,3362.526,
2026-09-21T01:29:34.696353+00:00,201,4916.787,
2026-09-21T01:29:36.694255+00:00,201,2936.517,
2026-09-21T01:29:37.296743+00:00,201,2354.864,
2026-09-21T01:29:35.126377+00:00,201,4542.781,
2026-09-21T01:29:38.081004+00:00,201,1593.25,
2026-09-21T01:29:31.934203+00:00,201,7745.079,
2026-09-21T01:29:38.953649+00:00,201,739.222,
2026-09-21T01:29:39.243686+00:00,201,485.752,
2026-09-21T01:29:37.476208+00:00,201,2282.11,
2026-09-21T01:29:33.818696+00:00,201,5952.748,
2026-09-21T01:29:39.326273+00:00,201,513.835,
2026-09-21T01:29:37.509948+00:00,201,2353.87,
2026-09-21T01:29:39.373320+00:00,201,518.881,
2026-09-21T01:29:38.241366+00:00,201,1829.991,
2026-09-21T01:29:37.135277+00:00,201,3024.8,
2026-09-21T01:29:34.498220+00:00,201,5678.877,
2026-09-21T01:29:36.771750+00:00,201,3415.43,
2026-09-21T01:29:37.154973+00:00,201,3070.269,
2026-09-21T01:29:31.743780+00:00,201,8489.048,
2026-09-21T01:29:36.165409+00:00,201,4087.571,
2026-09-21T01:29:37.362335+00:00,201,2898.285,
2026-09-21T01:29:37.512530+00:00,201,2753.225,
2026-09-21T01:29:38.301918+00:00,201,1990.685,
2026-09-21T01:29:37.263651+00:00,201,3051.676,
2026-09-21T01:29:31.378606+00:00,201,8979.726,
2026-09-21T01:29:38.455954+00:00,201,1917.631,
2026-09-21T01:29:37.212597+00:00,201,3199.43,
2026-09-21T01:29:36.458715+00:00,201,3963.732,
2026-09-21T01:29:36.798128+00:00,201,3667.145,
2026-09-21T01:29:39.137585+00:00,201,1357.72,
2026-09-21T01:29:37.992034+00:00,201,2538.476,
2026-09-21T01:29:40.046647+00:00,201,511.605,
2026-09-21T01:29:37.752524+00:00,201,2825.934,
2026-09-21T01:29:38.364570+00:00,201,2238.458,
2026-09-21T01:29:36.877013+00:00,201,3751.175,
2026-09-21T01:29:40.152521+00:00,201,502.289,
2026-09-21T01:29:37.561626+00:00,201,3098.179,
2026-09-21T01:29:39.246516+00:00,201,1556.222,
2026-09-21T01:29:37.214604+00:00,201,3607.877,
2026-09-21T01:29:39.842996+00:00,201,996.623,
2026-09-21T01:29:39.288213+00:00,201,1563.75,
2026-09-21T01:29:39.054647+00:00,201,1843.89,
2026-09-21T01:29:36.475057+00:00,201,4430.868,
2026-09-21T01:29:37.275559+00:00,201,3677.336,
2026-09-21T01:29:37.009746+00:00,201,3963.7,
2026-09-21T01:29:37.901596+00:00,201,3076.849,
2026-09-21T01:29:38.014679+00:00,201,2999.622,
2026-09-21T01:29:38.338737+00:00,201,2737.461,
2026-09-21T01:29:37.747296+00:00,201,3338.925,
2026-09-21T01:29:31.476183+00:00,201,9622.405,
2026-09-21T01:29:36.348820+00:00,201,4770.054,
2026-09-21T01:29:38.437783+00:00,201,2707.724,
2026-09-21T01:29:35.201678+00:00,201,5953.756,
2026-09-21T01:29:32.589638+00:00,201,8605.61,
2026-09-21T01:29:38.466472+00:00,201,2797.108,
2026-09-21T01:29:37.684269+00:00,201,3615.835,
2026-09-21T01:29:38.383424+00:00,201,2950.904,
2026-09-21T01:29:37.125101+00:00,201,4214.24,
2026-09-21T01:29:35.320872+00:00,201,6123.26,
2026-09-21T01:29:35.603953+00:00,201,5864.629,
2026-09-21T01:29:36.810861+00:00,201,4707.083,
2026-09-21T01:29:36.789129+00:00,201,4738.761,
2026-09-21T01:29:37.081544+00:00,201,4466.557,
2026-09-21T01:29:37.515329+00:00,201,4093.854,
2026-09-21T01:29:33.312965+00:00,201,8318.074,
2026-09-21T01:29:33.467532+00:00,201,8173.453,
2026-09-21T01:29:37.248501+00:00,201,4400.061,
2026-09-21T01:29:34.391957+00:00,201,7339.302,
2026-09-21T01:29:37.989366+00:00,201,3765.434,
2026-09-21T01:29:37.556764+00:00,201,4237.153,
2026-09-21T01:29:40.512846+00:00,201,1283.623,
2026-09-21T01:29:41.263589+00:00,201,551.904,
2026-09-21T01:29:32.636631+00:00,201,9191.142,
2026-09-21T01:29:39.028972+00:00,201,2821.294,
2026-09-21T01:29:37.906848+00:00,201,4007.021,
2026-09-21T01:29:40.608750+00:00,201,1309.883,
2026-09-21T01:29:35.396876+00:00,201,6547.631,
2026-09-21T01:29:38.764040+00:00,201,3185.359,
2026-09-21T01:29:36.450869+00:00,201,5516.061,
2026-09-21T01:29:37.301126+00:00,201,4684.648,
2026-09-21T01:29:40.965887+00:00,201,1065.442,
2026-09-21T01:29:37.110557+00:00,201,4927.939,
2026-09-21T01:29:36.963824+00:00,201,5099.518,
2026-09-21T01:29:36.822157+00:00,201,5255.758,
2026-09-21T01:29:31.405962+00:00,201,10693.464,
2026-09-21T01:29:40.103457+00:00,201,2019.165,
2026-09-21T01:29:37.344772+00:00,201,4780.844,
2026-09-21T01:29:34.892223+00:00,201,7238.653,
2026-09-21T01:29:36.734429+00:00,201,5398.109,
2026-09-21T01:29:36.489736+00:00,201,5645.03,
2026-09-21T01:29:38.610110+00:00,201,3533.421,
2026-09-21T01:29:34.677279+00:00,201,7467.826,
2026-09-21T01:29:37.986766+00:00,201,4190.978,
2026-09-21T01:29:34.034328+00:00,201,8156.885,
2026-09-21T01:29:37.845109+00:00,201,4356.457,
2026-09-21T01:29:41.913880+00:00,201,289.143,
2026-09-21T01:29:39.633783+00:00,201,2570.659,
2026-09-21T01:29:33.749305+00:00,201,8492.347,
2026-09-21T01:29:38.805219+00:00,201,3449.036,
2026-09-21T01:29:37.279676+00:00,201,4993.833,
2026-09-21T01:29:36.587053+00:00,201,5690.455,
2026-09-21T01:29:37.448173+00:00,201,4838.012,
2026-09-21T01:29:42.039885+00:00,201,255.651,
2026-09-21T01:29:38.550383+00:00,201,3753.998,
2026-09-21T01:29:40.435812+00:00,201,1875.137,
2026-09-21T01:29:40.807840+00:00,201,1505.325,
2026-09-21T01:29:37.799866+00:00,201,4515.154,
2026-09-21T01:29:38.683791+00:00,201,3633.985,
2026-09-21T01:29:41.760068+00:00,201,562.53,
2026-09-21T01:29:37.217845+00:00,201,5132.875,
2026-09-21T01:29:37.271619+00:00,201,5083.261,
2026-09-21T01:29:38.902104+00:00,201,3453.565,
2026-09-21T01:29:36.188714+00:00,201,6182.375,
2026-09-21T01:29:41.533364+00:00,201,838.316,
2026-09-21T01:29:36.972872+00:00,201,5401.264,
2026-09-21T01:29:37.075637+00:00,201,5301.887,
2026-09-21T01:29:39.203450+00:00,201,3186.759,
2026-09-21T01:29:40.862457+00:00,201,1532.307,
2026-09-21T01:29:36.970688+00:00,201,5425.48,
2026-09-21T01:29:38.850024+00:00,201,3547.251,
2026-09-21T01:29:42.241672+00:00,201,167.538,
2026-09-21T01:29:39.995699+00:00,201,2488.054,
2026-09-21T01:29:39.103899+00:00,201,3396.757,
2026-09-21T01:29:37.889094+00:00,201,4612.115,
2026-09-21T01:29:37.797290+00:00,201,4704.552,
2026-09-21T01:29:36.297523+00:00,201,6210.612,
2026-09-21T01:29:33.212468+00:00,201,9314.077,
2026-09-21T01:29:41.641006+00:00,201,894.372,
2026-09-21T01:29:41.796475+00:00,201,753.177,
2026-09-21T01:29:42.350735+00:00,201,207.583,
2026-09-21T01:29:41.592255+00:00,201,978.278,
2026-09-21T01:29:39.771459+00:00,201,2799.83,
2026-09-21T01:29:37.320791+00:00,201,5251.276,
2026-09-21T01:29:42.371690+00:00,201,201.263,
2026-09-21T01:29:40.260629+00:00,201,2315.55,
2026-09-21T01:29:42.371106+00:00,201,213.356,
2026-09-21T01:29:34.627072+00:00,201,7965.231,
2026-09-21T01:29:42.409215+00:00,201,196.282,
2026-09-21T01:29:41.215610+00:00,201,1391.992,
2026-09-21T01:29:37.078577+00:00,201,5542.251,
2026-09-21T01:29:34.756916+00:00,201,7867.785,
2026-09-21T01:29:37.504267+00:00,201,5122.654,
2026-09-21T01:29:40.155177+00:00,201,2488.653,
2026-09-21T01:29:38.141806+00:00,201,4525.692,
2026-09-21T01:29:40.558257+00:00,201,2116.722,
2026-09-21T01:29:36.620035+00:00,201,6065.267,
2026-09-21T01:29:42.501221+00:00,201,207.463,
2026-09-21T01:29:37.087463+00:00,201,5633.082,
2026-09-21T01:29:40.839625+00:00,201,1887.207,
2026-09-21T01:29:42.501855+00:00,201,226.091,
2026-09-21T01:29:42.500667+00:00,201,228.954,
2026-09-21T01:29:34.365089+00:00,201,8380.345,
2026-09-21T01:29:32.855282+00:00,201,9893.343,
2026-09-21T01:29:34.492899+00:00,201,8271.823,
2026-09-21T01:29:34.964274+00:00,201,7804.383,
2026-09-21T01:29:37.353506+00:00,201,5426.052,
2026-09-21T01:29:41.793930+00:00,201,986.664,
2026-09-21T01:29:35.154193+00:00,201,7627.497,
2026-09-21T01:29:38.238557+00:00,201,4544.331,
2026-09-21T01:29:35.781723+00:00,201,7005.691,
2026-09-21T01:29:36.275315+00:00,201,6522.859,
2026-09-21T01:29:32.168184+00:00,201,10658.293,
2026-09-21T01:29:41.850275+00:00,201,977.615,
2026-09-21T01:29:41.086231+00:00,201,1743.056,
2026-09-21T01:29:41.170655+00:00,201,1691.305,
2026-09-21T01:29:33.874754+00:00,201,8988.682,
2026-09-21T01:29:40.433241+00:00,201,2437.321,
2026-09-21T01:29:37.022177+00:00,201,5861.832,
2026-09-21T01:29:42.254265+00:00,201,651.575,
2026-09-21T01:29:39.158983+00:00,201,3764.054,
2026-09-21T01:29:42.359042+00:00,201,572.982,
2026-09-21T01:29:37.014189+00:00,201,5928.644,
2026-09-21T01:29:41.949409+00:00,201,995.137,
2026-09-21T01:29:40.628200+00:00,201,2318.103,
2026-09-21T01:29:42.093648+00:00,201,854.505,
2026-09-21T01:29:36.762075+00:00,201,6187.964,
2026-09-21T01:29:36.102349+00:00,201,6871.357,
2026-09-21T01:29:41.334337+00:00,201,1641.34,
2026-09-21T01:29:38.086199+00:00,201,4915.871,
2026-09-21T01:29:40.315337+00:00,201,2688.909,
2026-09-21T01:29:42.406774+00:00,201,599.647,
2026-09-21T01:29:36.624163+00:00,201,6384.505,
2026-09-21T01:29:39.150760+00:00,201,3860.226,
2026-09-21T01:29:36.772514+00:00,201,6240.873,
2026-09-21T01:29:41.699699+00:00,201,1316.213,
2026-09-21T01:29:35.501466+00:00,201,7548.399,
2026-09-21T01:29:36.035432+00:00,201,7017.016,
2026-09-21T01:29:42.204451+00:00,201,850.596,
2026-09-21T01:29:38.424705+00:00,201,4633.111,
2026-09-21T01:29:39.674261+00:00,201,3386.339,
2026-09-21T01:29:40.386686+00:00,201,2676.712,
2026-09-21T01:29:42.295541+00:00,201,770.786,
2026-09-21T01:29:41.417422+00:00,201,1651.863,
2026-09-21T01:29:36.828542+00:00,201,6243.828,
2026-09-21T01:29:40.330442+00:00,201,2745.076,
2026-09-21T01:29:40.187191+00:00,201,2933.082,
2026-09-21T01:29:37.946877+00:00,201,5176.724,
2026-09-21T01:29:41.076207+00:00,201,2050.816,
2026-09-21T01:29:38.588824+00:00,201,4541.58,
2026-09-21T01:29:31.611449+00:00,201,11522.445,
2026-09-21T01:29:38.336070+00:00,201,4801.39,
2026-09-21T01:29:38.469219+00:00,201,4671.962,
2026-09-21T01:29:37.713140+00:00,201,5431.716,
2026-09-21T01:29:38.066039+00:00,201,5082.585,
2026-09-21T01:29:33.573593+00:00,201,9578.84,
2026-09-21T01:29:39.901143+00:00,201,3255.268,
2026-09-21T01:29:41.098610+00:00,201,2061.767,
2026-09-21T01:29:39.740129+00:00,201,3424.179,
2026-09-21T01:29:37.393377+00:00,201,5775.04,
2026-09-21T01:29:37.132769+00:00,201,6039.805,
2026-09-21T01:29:40.707355+00:00,201,2469.416,
2026-09-21T01:29:39.737409+00:00,201,3498.739,
2026-09-21T01:29:41.731278+00:00,201,1509.227,
2026-09-21T01:29:36.665084+00:00,201,6579.859,
2026-09-21T01:29:34.188534+00:00,201,9060.952,
2026-09-21T01:29:41.918639+00:00,201,1335.402,
2026-09-21T01:29:38.604452+00:00,201,4654.184,
2026-09-21T01:29:42.122629+00:00,201,1140.66,
2026-09-21T01:29:36.642294+00:00,201,6625.69,
2026-09-21T01:29:37.349114+00:00,201,5923.729,
2026-09-21T01:29:36.190236+00:00,201,7087.65,
2026-09-21T01:29:36.907269+00:00,201,6375.602,
2026-09-21T01:29:41.985788+00:00,201,1302.121,
2026-09-21T01:29:32.109291+00:00,201,11183.684,
2026-09-21T01:29:38.570685+00:00,201,4727.503,
2026-09-21T01:29:36.374557+00:00,201,6928.953,
2026-09-21T01:29:42.354894+00:00,201,953.952,
2026-09-21T01:29:41.339353+00:00,201,1974.899,
2026-09-21T01:29:38.036234+00:00,201,5283.554,
2026-09-21T01:29:40.561219+00:00,201,2764.185,
2026-09-21T01:29:42.011553+00:00,201,1319.657,
2026-09-21T01:29:42.310956+00:00,201,1026.072,
2026-09-21T01:29:37.612834+00:00,201,5762.804,
2026-09-21T01:29:42.010103+00:00,201,1421.082,
2026-09-21T01:29:38.097170+00:00,201,5340.026,
2026-09-21T01:29:40.802744+00:00,201,2640.397,
2026-09-21T01:29:42.132552+00:00,201,1316.688,
2026-09-21T01:29:38.291630+00:00,201,5163.833,
2026-09-21T01:29:39.942271+00:00,201,3519.44,
2026-09-21T01:29:41.195268+00:00,201,2272.796,
2026-09-21T01:29:42.436558+00:00,201,1037.831,
2026-09-21T01:29:36.558573+00:00,201,6922.385,
2026-09-21T01:29:35.568132+00:00,201,7919.375,
2026-09-21T01:29:36.719539+00:00,201,6774.664,
2026-09-21T01:29:42.063356+00:00,201,1437.531,
2026-09-21T01:29:34.798483+00:00,201,8709.212,
2026-09-21T01:29:41.656582+00:00,201,1857.968,
2026-09-21T01:29:33.809924+00:00,201,9711.498,
2026-09-21T01:29:36.652689+00:00,201,6875.75,
2026-09-21T01:29:37.096920+00:00,201,6438.568,
2026-09-21T01:29:36.895977+00:00,201,6646.591,
2026-09-21T01:29:39.729442+00:00,201,3820.22,
2026-09-21T01:29:38.471921+00:00,201,5085.059,
2026-09-21T01:29:36.841373+00:00,201,6722.932,
2026-09-21T01:29:41.765131+00:00,201,1806.44,
2026-09-21T01:29:41.218148+00:00,201,2360.869,
2026-09-21T01:29:38.391578+00:00,201,5194.89,
2026-09-21T01:29:42.214054+00:00,201,1379.853,
2026-09-21T01:29:39.577908+00:00,201,4023.511,
2026-09-21T01:29:36.416983+00:00,201,7192.193,
2026-09-21T01:29:40.465286+00:00,201,3151.993,
2026-09-21T01:29:42.201578+00:00,201,1423.633,
2026-09-21T01:29:35.693072+00:00,201,7940.063,
2026-09-21T01:29:42.067319+00:00,201,1573.668,
2026-09-21T01:29:38.288921+00:00,201,5359.934,
2026-09-21T01:29:39.485808+00:00,201,4171.084,
2026-09-21T01:29:40.335793+00:00,201,3329.213,
2026-09-21T01:29:35.283461+00:00,201,8389.672,
2026-09-21T01:29:40.704767+00:00,201,2976.549,
2026-09-21T01:29:37.007261+00:00,201,6682.397,
2026-09-21T01:29:39.695576+00:00,201,4002.463,
2026-09-21T01:29:39.249158+00:00,201,4457.384,
2026-09-21T01:29:38.139046+00:00,201,5576.042,
2026-09-21T01:29:38.981964+00:00,201,4741.637,
2026-09-21T01:29:37.749924+00:00,201,6044.605,
2026-09-21T01:29:39.423870+00:00,201,4397.646,
2026-09-21T01:29:32.493914+00:00,201,11340.942,
2026-09-21T01:29:42.727950+00:00,201,1120.476,
2026-09-21T01:29:42.708688+00:00,201,1153.24,
2026-09-21T01:29:42.748649+00:00,201,1122.477,
2026-09-21T01:29:35.456467+00:00,201,8488.947,
2026-09-21T01:29:38.875821+00:00,201,5124.095,
2026-09-21T01:29:40.232848+00:00,201,3780.734,
2026-09-21T01:29:38.807895+00:00,201,5312.413,
2026-09-21T01:29:39.532311+00:00,201,4601.321,
2026-09-21T01:29:36.934021+00:00,201,7226.314,
2026-09-21T01:29:39.945009+00:00,201,4233.206,
2026-09-21T01:29:38.813159+00:00,201,5481.919,
2026-09-21T01:29:35.194816+00:00,201,9241.131,
2026-09-21T01:29:37.390776+00:00,201,7081.103,
2026-09-21T01:29:37.367028+00:00,201,7214.2,
2026-09-21T01:29:40.978454+00:00,201,3680.468,
2026-09-21T01:29:36.873805+00:00,201,7960.737,
2026-09-21T01:29:43.244960+00:00,201,1619.98,
2026-09-21T01:29:38.727707+00:00,201,6154.822,
2026-09-21T01:29:38.033416+00:00,201,6947.801,
2026-09-21T01:29:36.584310+00:00,201,8473.074,
2026-09-21T01:29:42.576187+00:00,201,2534.125,
2026-09-21T01:29:39.026249+00:00,201,6092.863,
2026-09-21T01:29:42.317787+00:00,201,2810.098,
2026-09-21T01:29:42.092529+00:00,201,3044.239,
2026-09-21T01:29:43.876279+00:00,201,1274.076,
2026-09-21T01:29:39.010776+00:00,201,6152.97,
2026-09-21T01:29:37.303413+00:00,201,7915.551,
2026-09-21T01:29:37.699620+00:00,201,7528.388,
2026-09-21T01:29:34.206622+00:00,201,11117.656,
2026-09-21T01:29:31.355996+00:00,201,13977.251,
2026-09-21T01:29:36.732865+00:00,201,8618.398,
2026-09-21T01:29:36.854987+00:00,201,8509.677,
2026-09-21T01:29:44.220306+00:00,201,1207.264,
2026-09-21T01:29:42.870571+00:00,201,2720.313,
2026-09-21T01:29:37.100231+00:00,201,8638.807,
2026-09-21T01:29:42.526568+00:00,201,3229.933,
2026-09-21T01:29:44.581245+00:00,201,1184.06,
2026-09-21T01:29:38.553037+00:00,201,7256.494,
2026-09-21T01:29:44.834561+00:00,201,1085.525,
2026-09-21T01:29:43.277904+00:00,201,2754.751,
2026-09-21T01:29:36.839354+00:00,201,9215.807,
2026-09-21T01:29:32.788527+00:00,201,13275.84,
2026-09-21T01:29:42.183047+00:00,201,3965.801,
2026-09-21T01:29:42.902707+00:00,201,3340.801,
2026-09-21T01:29:43.908924+00:00,201,2392.993,
2026-09-21T01:29:42.535388+00:00,201,3891.552,
2026-09-21T01:29:33.053672+00:00,201,13382.562,
2026-09-21T01:29:44.253689+00:00,201,2306.249,
2026-09-21T01:29:34.316858+00:00,201,12308.358,
2026-09-21T01:29:42.977944+00:00,201,3679.219,
2026-09-21T01:29:45.541345+00:00,201,1171.502,
2026-09-21T01:29:43.268001+00:00,201,3649.869,
2026-09-21T01:29:37.107024+00:00,201,9824.079,
2026-09-21T01:29:39.793535+00:00,201,7233.499,
2026-09-21T01:29:43.060611+00:00,201,3998.245,
2026-09-21T01:29:37.894002+00:00,201,9183.163,
2026-09-21T01:29:45.920092+00:00,201,1193.549,
2026-09-21T01:29:39.064994+00:00,201,8085.922,
2026-09-21T01:29:42.948157+00:00,201,4355.31,
2026-09-21T01:29:43.319802+00:00,201,4032.358,
2026-09-21T01:29:43.069292+00:00,201,4392.103,
2026-09-21T01:29:41.754810+00:00,201,5851.221,
2026-09-21T01:29:44.636056+00:00,201,2995.938,
2026-09-21T01:29:37.941385+00:00,201,9734.992,
2026-09-21T01:29:36.930749+00:00,201,10763.242,
2026-09-21T01:29:37.442743+00:00,201,10264.498,
2026-09-21T01:29:42.861967+00:00,201,4893.89,
2026-09-21T01:29:42.827896+00:00,201,5034.953,
2026-09-21T01:29:44.295093+00:00,201,3583.524,
2026-09-21T01:29:41.066061+00:00,201,6820.542,
2026-09-21T01:29:37.654345+00:00,201,10304.872,
2026-09-21T01:29:42.031335+00:00,201,5943.096,
2026-09-21T01:29:45.545877+00:00,201,2554.805,
2026-09-21T01:29:40.851969+00:00,201,7278.024,
2026-09-21T01:29:42.145123+00:00,201,6000.222,
2026-09-21T01:29:44.649859+00:00,201,3509.323,
2026-09-21T01:29:45.943798+00:00,201,2237.036,
2026-09-21T01:29:42.923048+00:00,201,5279.971,
2026-09-21T01:29:45.952670+00:00,201,2290.788,
2026-09-21T01:29:40.470560+00:00,201,7847.56,
2026-09-21T01:29:38.857821+00:00,201,9463.241,
2026-09-21T01:29:37.259868+00:00,201,11076.419,
2026-09-21T01:29:40.659814+00:00,201,7689.15,
2026-09-21T01:29:42.602504+00:00,201,5764.211,
2026-09-21T01:29:42.143542+00:00,201,6248.512,
2026-09-21T01:29:45.008113+00:00,201,3426.585,
2026-09-21T01:29:42.549656+00:00,201,5890.183,
2026-09-21T01:29:33.613996+00:00,201,14849.095,
2026-09-21T01:29:39.580560+00:00,201,8889.538,
2026-09-21T01:29:40.333170+00:00,201,8164.853,
2026-09-21T01:29:41.014311+00:00,201,7507.738,
2026-09-21T01:29:41.314590+00:00,201,7210.181,
2026-09-21T01:29:42.946311+00:00,201,5604.608,
2026-09-21T01:29:42.277524+00:00,201,6288.88,
2026-09-21T01:29:42.313171+00:00,201,6260.095,
2026-09-21T01:29:38.894199+00:00,201,9688.433,
2026-09-21T01:29:46.731329+00:00,201,1855.189,
2026-09-21T01:29:37.445490+00:00,201,11150.164,
2026-09-21T01:29:44.504044+00:00,201,4104.018,
2026-09-21T01:29:37.944342+00:00,201,10674.799,
2026-09-21T01:29:45.351284+00:00,201,3276.442,
2026-09-21T01:29:36.717689+00:00,201,11916.345,
2026-09-21T01:29:42.197066+00:00,201,6438.057,
2026-09-21T01:29:41.589715+00:00,201,7051.039,
2026-09-21T01:29:33.806147+00:00,201,14836.565,
2026-09-21T01:29:37.904234+00:00,201,10764.951,
2026-09-21T01:29:37.425514+00:00,201,11244.688,
2026-09-21T01:29:36.096285+00:00,201,12576.941,
2026-09-21T01:29:43.006425+00:00,201,5668.831,
2026-09-21T01:29:40.412037+00:00,201,8265.892,
2026-09-21T01:29:38.529588+00:00,201,10157.244,
2026-09-21T01:29:44.048215+00:00,201,4647.064,
2026-09-21T01:29:39.328893+00:00,201,9373.414,
2026-09-21T01:29:32.766475+00:00,201,15942.031,
2026-09-21T01:29:42.864512+00:00,201,5849.7,
2026-09-21T01:29:42.738743+00:00,201,5991.351,
2026-09-21T01:29:44.508493+00:00,201,4225.247,
2026-09-21T01:29:44.386486+00:00,201,4353.246,
2026-09-21T01:29:41.530824+00:00,201,7215.834,
2026-09-21T01:29:48.544976+00:00,201,213.121,
2026-09-21T01:29:36.651908+00:00,201,12106.727,
2026-09-21T01:29:47.123340+00:00,201,1691.238,
2026-09-21T01:29:44.052755+00:00,201,4763.402,
2026-09-21T01:29:45.192007+00:00,201,3624.732,
2026-09-21T01:29:36.429233+00:00,201,12391.224,
2026-09-21T01:29:45.127894+00:00,201,3697.403,
2026-09-21T01:29:33.634467+00:00,201,15193.341,
2026-09-21T01:29:45.809550+00:00,201,3020.162,
2026-09-21T01:29:48.251977+00:00,201,588.709,
2026-09-21T01:29:33.997020+00:00,201,14848.004,
2026-09-21T01:29:46.477572+00:00,201,2382.014,
2026-09-21T01:29:43.127031+00:00,201,5733.512,
2026-09-21T01:29:48.702329+00:00,201,161.721,
2026-09-21T01:29:39.895514+00:00,201,8971.013,
2026-09-21T01:29:35.049252+00:00,201,13820.73,
2026-09-21T01:29:43.455476+00:00,201,5416.706,
2026-09-21T01:29:48.708541+00:00,201,165.794,
2026-09-21T01:29:44.658934+00:00,201,4218.153,
2026-09-21T01:29:45.446305+00:00,201,3431.583,
2026-09-21T01:29:45.699575+00:00,201,3188.164,
2026-09-21T01:29:36.396923+00:00,201,12495.333,
2026-09-21T01:29:43.999930+00:00,201,4902.218,
2026-09-21T01:29:41.419989+00:00,201,7495.863,
2026-09-21T01:29:45.291870+00:00,201,3648.94,
2026-09-21T01:29:48.746677+00:00,201,199.452,
2026-09-21T01:29:38.722151+00:00,201,10226.787,
2026-09-21T01:29:48.758668+00:00,201,195.343,
2026-09-21T01:29:43.298201+00:00,201,5661.687,
2026-09-21T01:29:40.284708+00:00,201,8677.783,
2026-09-21T01:29:48.800459+00:00,201,175.163,
2026-09-21T01:29:48.816749+00:00,201,159.558,
2026-09-21T01:29:42.826502+00:00,201,6154.311,
2026-09-21T01:29:45.455595+00:00,201,3536.846,
2026-09-21T01:29:42.626934+00:00,201,6367.442,
2026-09-21T01:29:48.183275+00:00,201,832.221,
2026-09-21T01:29:38.725015+00:00,201,10295.955,
2026-09-21T01:29:43.593914+00:00,201,5435.749,
2026-09-21T01:29:43.156421+00:00,201,5874.063,
2026-09-21T01:29:42.570538+00:00,201,6463.699,
2026-09-21T01:29:38.222437+00:00,201,10877.228,
2026-09-21T01:29:46.463879+00:00,201,2639.519,
2026-09-21T01:29:47.137288+00:00,201,1971.988,
2026-09-21T01:29:47.528677+00:00,201,1581.344,
2026-09-21T01:29:38.269998+00:00,201,10840.787,
2026-09-21T01:29:48.249894+00:00,201,861.765,
2026-09-21T01:29:44.368066+00:00,201,4744.518,
2026-09-21T01:29:43.609194+00:00,201,5533.83,
2026-09-21T01:29:43.168432+00:00,201,5979.657,
2026-09-21T01:29:44.522108+00:00,201,4626.923,
2026-09-21T01:29:48.686857+00:00,201,463.184,
2026-09-21T01:29:42.305117+00:00,201,6845.973,
2026-09-21T01:29:47.058868+00:00,201,2093.318,
2026-09-21T01:29:40.422459+00:00,201,8730.87,
2026-09-21T01:29:48.887749+00:00,201,269.531,
2026-09-21T01:29:40.279402+00:00,201,8893.328,
2026-09-21T01:29:36.468560+00:00,201,12705.448,
2026-09-21T01:29:47.707265+00:00,201,1468.167,
2026-09-21T01:29:45.287332+00:00,201,3907.665,
2026-09-21T01:29:37.610274+00:00,201,11586.052,
2026-09-21T01:29:43.500895+00:00,201,5696.863,
2026-09-21T01:29:44.349529+00:00,201,4849.703,
2026-09-21T01:29:48.627737+00:00,201,573.046,
2026-09-21T01:29:47.959240+00:00,201,1243.153,
2026-09-21T01:29:46.203484+00:00,201,3025.062,
2026-09-21T01:29:45.828060+00:00,201,3402.223,
2026-09-21T01:29:42.397285+00:00,201,6834.696,
2026-09-21T01:29:42.135980+00:00,201,7097.852,
2026-09-21T01:29:44.258446+00:00,201,4977.274,
2026-09-21T01:29:45.756512+00:00,201,3481.135,
2026-09-21T01:29:39.238639+00:00,201,10000.963,
2026-09-21T01:29:42.486538+00:00,201,6770.163,
2026-09-21T01:29:40.177112+00:00,201,9098.932,
2026-09-21T01:29:43.172590+00:00,201,6105.692,
2026-09-21T01:29:37.288040+00:00,201,11992.389,
2026-09-21T01:29:35.038713+00:00,201,14243.955,
2026-09-21T01:29:46.208160+00:00,201,3076.813,
2026-09-21T01:29:48.254167+00:00,201,1033.218,
2026-09-21T01:29:40.898544+00:00,201,8391.252,
2026-09-21T01:29:43.945436+00:00,201,5346.922,
2026-09-21T01:29:43.018935+00:00,201,6275.974,
2026-09-21T01:29:42.286991+00:00,201,7010.577,
2026-09-21T01:29:39.428878+00:00,201,9871.381,
2026-09-21T01:29:32.874593+00:00,201,16428.419,
2026-09-21T01:29:37.559186+00:00,201,11746.718,
2026-09-21T01:29:46.712853+00:00,201,2595.974,
2026-09-21T01:29:43.123614+00:00,201,6188.1,
2026-09-21T01:29:36.606784+00:00,201,12707.917,
2026-09-21T01:29:43.480975+00:00,201,5836.784,
2026-09-21T01:29:41.903830+00:00,201,7417.048,
2026-09-21T01:29:40.968443+00:00,201,8355.629,
2026-09-21T01:29:44.160353+00:00,201,5179.046,
2026-09-21T01:29:44.022891+00:00,201,5334.256,
2026-09-21T01:29:46.198948+00:00,201,3167.795,
2026-09-21T01:29:41.168031+00:00,201,8202.073,
2026-09-21T01:29:40.217404+00:00,201,9181.359,
2026-09-21T01:29:37.151135+00:00,201,12259.666,
2026-09-21T01:29:44.178226+00:00,201,5244.505,
2026-09-21T01:29:48.498042+00:00,201,928.048,
2026-09-21T01:29:43.564323+00:00,201,5865.237,
2026-09-21T01:29:49.029677+00:00,201,403.43,
2026-09-21T01:29:47.259026+00:00,201,2193.284,
2026-09-21T01:29:44.066427+00:00,201,5408.42,
2026-09-21T01:29:35.984296+00:00,201,13498.087,
2026-09-21T01:29:37.371580+00:00,201,12127.047,
2026-09-21T01:29:36.229506+00:00,201,13307.023,
2026-09-21T01:29:49.109283+00:00,201,441.834,
2026-09-21T01:29:45.168794+00:00,201,4394.937,
2026-09-21T01:29:42.718233+00:00,201,6864.092,
2026-09-21T01:29:42.374150+00:00,201,7247.532,
2026-09-21T01:29:33.543692+00:00,201,16129.505,
2026-09-21T01:29:32.586732+00:00,201,17109.479,
2026-09-21T01:29:48.296851+00:00,201,1432.799,
2026-09-21T01:29:35.759092+00:00,201,13979.488,
2026-09-21T01:29:46.835022+00:00,201,2928.287,
2026-09-21T01:29:43.728695+00:00,201,6038.239,
2026-09-21T01:29:43.063407+00:00,201,6707.282,
2026-09-21T01:29:43.640994+00:00,201,6133.435,
2026-09-21T01:29:46.597645+00:00,201,3180.593,
2026-09-21T01:29:42.315032+00:00,201,7466.995,
2026-09-21T01:29:46.722154+00:00,201,3063.941,
2026-09-21T01:29:42.680195+00:00,201,7118.395,
2026-09-21T01:29:44.471898+00:00,201,5371.6,
2026-09-21T01:29:40.071364+00:00,201,9776.115,
2026-09-21T01:29:32.987420+00:00,201,16864.127,
2026-09-21T01:29:44.753880+00:00,201,5101.634,
2026-09-21T01:29:47.796291+00:00,201,2063.362,
2026-09-21T01:29:39.636513+00:00,201,10227.339,
2026-09-21T01:29:41.966945+00:00,201,7901.165,
2026-09-21T01:29:43.137473+00:00,201,6734.963,
2026-09-21T01:29:43.601430+00:00,201,6275.377,
2026-09-21T01:29:46.852961+00:00,201,3086.096,
2026-09-21T01:29:43.314260+00:00,201,6629.276,
2026-09-21T01:29:43.066333+00:00,201,6881.738,
2026-09-21T01:29:45.035245+00:00,201,4917.462,
2026-09-21T01:29:48.035860+00:00,201,1921.601,
2026-09-21T01:29:44.377231+00:00,201,5584.921,
2026-09-21T01:29:42.779572+00:00,201,7228.808,
2026-09-21T01:29:33.216442+00:00,201,16804.067,
2026-09-21T01:29:43.698051+00:00,201,6334.604,
2026-09-21T01:29:43.130417+00:00,201,6907.231,
2026-09-21T01:29:40.822492+00:00,201,9230.534,
2026-09-21T01:29:39.114536+00:00,201,10943.612,
2026-09-21T01:29:42.726840+00:00,201,7336.542,
2026-09-21T01:29:43.494220+00:00,201,6574.481,
2026-09-21T01:29:45.282902+00:00,201,4791.138,
2026-09-21T01:29:42.829294+00:00,201,7250.219,
2026-09-21T01:29:43.507717+00:00,201,6577.255,
2026-09-21T01:29:42.884025+00:00,201,7206.576,
2026-09-21T01:29:43.715102+00:00,201,6381.153,
2026-09-21T01:29:35.553259+00:00,201,14548.603,
2026-09-21T01:29:47.240940+00:00,201,2866.774,
2026-09-21T01:29:45.150361+00:00,201,4963.107,
2026-09-21T01:29:47.132652+00:00,201,2986.63,
2026-09-21T01:29:46.625244+00:00,201,3499.942,
2026-09-21T01:29:46.559946+00:00,201,3571.32,
2026-09-21T01:29:37.518002+00:00,201,12619.146,
2026-09-21T01:29:43.733097+00:00,201,6410.224,
2026-09-21T01:29:47.974448+00:00,201,2175.118,
2026-09-21T01:29:44.526779+00:00,201,5628.92,
2026-09-21T01:29:46.931126+00:00,201,3230.867,
2026-09-21T01:29:46.843993+00:00,201,3324.367,
2026-09-21T01:29:48.412653+00:00,201,1762.103,
2026-09-21T01:29:38.644494+00:00,201,11536.689,
2026-09-21T01:29:41.820549+00:00,201,8367.134,
2026-09-21T01:29:37.049014+00:00,201,13145.218,
2026-09-21T01:29:38.847224+00:00,201,11353.588,
2026-09-21T01:29:44.517502+00:00,201,5748.632,
2026-09-21T01:29:47.924186+00:00,201,2375.378,
2026-09-21T01:29:48.118829+00:00,201,2214.677,
2026-09-21T01:29:49.536559+00:00,201,850.301,
2026-09-21T01:29:36.878646+00:00,201,13524.962,
2026-09-21T01:29:48.992451+00:00,201,1473.372,
2026-09-21T01:29:43.148638+00:00,201,7364.611,
2026-09-21T01:29:41.939386+00:00,201,8594.676,
2026-09-21T01:29:48.321085+00:00,201,2220.069,
2026-09-21T01:29:38.333229+00:00,201,12215.024,
2026-09-21T01:29:49.673233+00:00,201,920.522,
2026-09-21T01:29:45.739060+00:00,201,4941.518,
2026-09-21T01:29:44.640617+00:00,201,6046.435,
2026-09-21T01:29:40.751637+00:00,201,9942.181,
2026-09-21T01:29:36.317666+00:00,201,14382.698,
2026-09-21T01:29:46.606911+00:00,201,4103.658,
2026-09-21T01:29:42.325637+00:00,201,8478.164,
2026-09-21T01:29:42.203026+00:00,201,8746.162,
2026-09-21T01:29:42.508151+00:00,201,8471.956,
2026-09-21T01:29:42.396183+00:00,201,8633.345,
2026-09-21T01:29:49.962166+00:00,201,1093.355,
2026-09-21T01:29:48.107149+00:00,201,2991.781,
2026-09-21T01:29:44.381853+00:00,201,6763.045,
2026-09-21T01:29:48.975626+00:00,201,2253.25,
2026-09-21T01:29:33.131532+00:00,201,18120.206,
2026-09-21T01:29:36.504053+00:00,201,14754.407,
2026-09-21T01:29:42.787432+00:00,201,8502.037,
2026-09-21T01:29:44.075464+00:00,201,7247.385,
2026-09-21T01:29:36.941120+00:00,201,14405.55,
2026-09-21T01:29:50.386865+00:00,201,966.662,
2026-09-21T01:29:48.439854+00:00,201,2920.649,
2026-09-21T01:29:46.194480+00:00,201,5308.375,
2026-09-21T01:29:41.155450+00:00,201,10407.893,
2026-09-21T01:29:41.527903+00:00,201,10110.871,
2026-09-21T01:29:41.941113+00:00,201,9704.647,
2026-09-21T01:29:36.838389+00:00,201,14831.546,
2026-09-21T01:29:47.920109+00:00,201,3795.732,
2026-09-21T01:29:34.385627+00:00,201,17419.651,
2026-09-21T01:29:41.548114+00:00,201,10267.374,
2026-09-21T01:29:42.572957+00:00,201,9276.498,
2026-09-21T01:29:43.861934+00:00,201,8001.476,
2026-09-21T01:29:50.949210+00:00,201,948.432,
2026-09-21T01:29:47.805052+00:00,201,4183.579,
2026-09-21T01:29:46.657175+00:00,201,5483.459,
2026-09-21T01:29:47.150936+00:00,201,5002.541,
2026-09-21T01:29:38.196675+00:00,201,13963.4,
2026-09-21T01:29:50.414706+00:00,201,1867.271,
2026-09-21T01:29:43.794544+00:00,201,8559.592,
2026-09-21T01:29:49.383366+00:00,201,3006.501,
2026-09-21T01:29:48.573282+00:00,201,3823.221,
2026-09-21T01:29:46.976274+00:00,201,5463.688,
2026-09-21T01:29:36.760522+00:00,201,15689.348,
2026-09-21T01:29:43.648869+00:00,201,8824.081,
2026-09-21T01:29:50.647874+00:00,201,1908.812,
2026-09-21T01:29:41.422501+00:00,201,11140.696,
2026-09-21T01:29:33.331974+00:00,201,19293.667,
2026-09-21T01:29:41.609195+00:00,201,11084.134,
2026-09-21T01:29:47.027053+00:00,201,5689.971,
2026-09-21T01:29:45.030738+00:00,201,7693.279,
2026-09-21T01:29:47.254472+00:00,201,5483.27,
2026-09-21T01:29:42.077929+00:00,201,10691.954,
2026-09-21T01:29:48.582655+00:00,201,4252.684,
2026-09-21T01:29:49.111664+00:00,201,3761.763,
2026-09-21T01:29:42.390219+00:00,201,10513.079,
2026-09-21T01:29:42.780601+00:00,201,10149.302,
2026-09-21T01:29:51.992995+00:00,201,950.606,
2026-09-21T01:29:40.049249+00:00,201,12901.017,
2026-09-21T01:29:48.029100+00:00,201,4983.146,
2026-09-21T01:29:42.783818+00:00,201,10245.3,
2026-09-21T01:29:45.333280+00:00,201,7751.604,
2026-09-21T01:29:52.140649+00:00,201,957.785,
2026-09-21T01:29:45.930170+00:00,201,7188.67,
2026-09-21T01:29:50.444979+00:00,201,2876.377,
2026-09-21T01:29:51.469777+00:00,201,1861.35,
2026-09-21T01:29:51.793929+00:00,201,1646.449,
2026-09-21T01:29:42.177755+00:00,201,11388.784,
2026-09-21T01:29:52.153490+00:00,201,1435.831,
2026-09-21T01:29:49.103407+00:00,201,4499.12,
2026-09-21T01:29:42.643839+00:00,201,10979.023,
2026-09-21T01:29:45.187357+00:00,201,8452.873,
2026-09-21T01:29:32.938697+00:00,201,20747.592,
2026-09-21T01:29:48.877899+00:00,201,4917.46,
2026-09-21T01:29:48.670229+00:00,201,5181.513,
2026-09-21T01:29:43.913579+00:00,201,9945.002,
2026-09-21T01:29:48.675271+00:00,201,5278.74,
2026-09-21T01:29:50.303158+00:00,201,3695.829,
2026-09-21T01:29:48.864054+00:00,201,5228.437,
2026-09-21T01:29:49.284982+00:00,201,4820.868,
2026-09-21T01:29:43.579025+00:00,201,10546.628,
2026-09-21T01:29:35.079718+00:00,201,19128.63,
2026-09-21T01:29:45.676536+00:00,201,8552.206,
2026-09-21T01:29:49.429574+00:00,201,4813.492,
2026-09-21T01:29:53.440384+00:00,201,865.35,
2026-09-21T01:29:36.207042+00:00,201,18137.595,
2026-09-21T01:29:35.069795+00:00,201,19280.005,
2026-09-21T01:29:48.827842+00:00,201,5525.578,
2026-09-21T01:29:35.520384+00:00,201,18841.613,
2026-09-21T01:29:50.680593+00:00,201,3693.856,
2026-09-21T01:29:40.530520+00:00,201,13848.822,
2026-09-21T01:29:49.174038+00:00,201,5280.927,
2026-09-21T01:29:51.144915+00:00,201,3334.203,
2026-09-21T01:29:53.795372+00:00,201,700.782,
2026-09-21T01:29:47.245435+00:00,201,7257.212,
2026-09-21T01:29:38.979350+00:00,201,15533.09,
2026-09-21T01:29:49.426095+00:00,201,5166.165,
2026-09-21T01:29:44.901346+00:00,201,9700.442,
2026-09-21T01:29:43.254048+00:00,201,11356.559,
2026-09-21T01:29:37.121371+00:00,201,17492.582,
2026-09-21T01:29:49.381489+00:00,201,5262.995,
2026-09-21T01:29:49.320896+00:00,201,5328.413,
2026-09-21T01:29:48.980830+00:00,201,5678.438,
2026-09-21T01:29:43.681326+00:00,201,10985.743,
2026-09-21T01:29:40.916153+00:00,201,13758.85,
2026-09-21T01:29:45.564042+00:00,201,9166.06,
2026-09-21T01:29:42.571298+00:00,201,12194.969,
2026-09-21T01:29:46.064397+00:00,201,8730.227,
2026-09-21T01:29:49.957468+00:00,201,4850.457,
2026-09-21T01:29:53.321366+00:00,201,1488.096,
2026-09-21T01:29:40.384092+00:00,201,14434.22,
2026-09-21T01:29:48.902162+00:00,201,5926.968,
2026-09-21T01:29:52.213552+00:00,201,2635.593,
2026-09-21T01:29:44.887577+00:00,201,9985.168,
2026-09-21T01:29:46.069648+00:00,201,8819.276,
2026-09-21T01:29:50.534083+00:00,201,4361.337,
2026-09-21T01:29:48.650101+00:00,201,6255.063,
2026-09-21T01:29:53.444272+00:00,201,1493.547,
2026-09-21T01:29:51.275941+00:00,201,3681.535,
2026-09-21T01:29:49.328207+00:00,201,5642.688,
2026-09-21T01:29:45.305535+00:00,201,9726.581,
2026-09-21T01:29:43.240512+00:00,201,11805.673,
2026-09-21T01:29:43.890130+00:00,201,11172.755,
2026-09-21T01:29:42.951605+00:00,201,12119.423,
2026-09-21T01:29:51.988643+00:00,201,3090.415,
2026-09-21T01:29:54.730123+00:00,201,352.272,
2026-09-21T01:29:43.325413+00:00,201,11768.791,
2026-09-21T01:29:47.694016+00:00,201,7402.419,
2026-09-21T01:29:46.917881+00:00,201,8188.837,
2026-09-21T01:29:40.611286+00:00,201,14497.559,
2026-09-21T01:29:42.041277+00:00,201,13081.003,
2026-09-21T01:29:51.268995+00:00,201,3856.337,
2026-09-21T01:29:42.768677+00:00,201,12359.595,
2026-09-21T01:29:40.578467+00:00,201,14567.236,
2026-09-21T01:29:47.676399+00:00,201,7470.405,
2026-09-21T01:29:51.251778+00:00,201,3896.054,
2026-09-21T01:29:48.411199+00:00,201,6748.812,
2026-09-21T01:29:49.558119+00:00,201,5608.757,
2026-09-21T01:29:50.266149+00:00,201,4909.762,
2026-09-21T01:29:33.111599+00:00,201,22065.646,
2026-09-21T01:29:54.563330+00:00,201,621.296,
2026-09-21T01:29:47.352171+00:00,201,7856.298,
2026-09-21T01:29:42.782901+00:00,201,12427.656,
2026-09-21T01:29:47.645313+00:00,201,7568.211,
2026-09-21T01:29:47.519736+00:00,201,7705.496,
2026-09-21T01:29:45.925697+00:00,201,9314.978,
2026-09-21T01:29:46.579009+00:00,201,8665.885,
2026-09-21T01:29:49.311729+00:00,201,5937.735,
2026-09-21T01:29:45.432480+00:00,201,9817.58,
2026-09-21T01:29:48.194587+00:00,201,7062.673,
2026-09-21T01:29:35.764310+00:00,201,19500.581,
2026-09-21T01:29:47.862861+00:00,201,7413.483,
2026-09-21T01:29:55.094230+00:00,201,182.696,
2026-09-21T01:29:45.934675+00:00,201,9363.981,
2026-09-21T01:29:40.106007+00:00,201,15194.137,
2026-09-21T01:29:39.679301+00:00,201,15623.913,
2026-09-21T01:29:46.999677+00:00,201,8310.625,
2026-09-21T01:29:37.114101+00:00,201,18205.15,
2026-09-21T01:29:49.500933+00:00,201,5827.765,
2026-09-21T01:29:45.555009+00:00,201,9776.704,
2026-09-21T01:29:41.648575+00:00,201,13691.565,
2026-09-21T01:29:49.782045+00:00,201,5561.144,
2026-09-21T01:29:53.858605+00:00,201,1485.453,
2026-09-21T01:29:48.446457+00:00,201,6908.956,
2026-09-21T01:29:42.905845+00:00,201,12450.567,
2026-09-21T01:29:49.855527+00:00,201,5502.717,
2026-09-21T01:29:39.863826+00:00,201,15497.318,
2026-09-21T01:29:43.821528+00:00,201,11545.953,
2026-09-21T01:29:49.664181+00:00,201,5706.356,
2026-09-21T01:29:34.881577+00:00,201,20507.037,
2026-09-21T01:29:51.385470+00:00,201,4006.924,
2026-09-21T01:29:55.240697+00:00,201,169.121,
2026-09-21T01:29:55.046212+00:00,201,379.075,
2026-09-21T01:29:55.011201+00:00,201,421.263,
2026-09-21T01:29:41.372304+00:00,201,14079.907,
2026-09-21T01:29:46.436265+00:00,201,9022.48,
2026-09-21T01:29:55.276363+00:00,201,190.082,
2026-09-21T01:29:50.448536+00:00,201,5020.412,
2026-09-21T01:29:49.482413+00:00,201,6000.896,
2026-09-21T01:29:46.074414+00:00,201,9415.369,
2026-09-21T01:29:55.319291+00:00,201,172.11,
2026-09-21T01:29:43.263295+00:00,201,12233.651,
2026-09-21T01:29:42.884967+00:00,201,12613.625,
2026-09-21T01:29:43.352112+00:00,201,12151.628,
2026-09-21T01:29:37.857113+00:00,201,17649.817,
2026-09-21T01:29:41.587185+00:00,201,13922.134,
2026-09-21T01:29:44.910448+00:00,201,10600.422,
2026-09-21T01:29:53.553395+00:00,201,1966.999,
2026-09-21T01:29:49.237658+00:00,201,6285.468,
2026-09-21T01:29:51.156350+00:00,201,4386.325,
2026-09-21T01:29:46.084028+00:00,201,9467.491,
2026-09-21T01:29:48.298504+00:00,201,7260.929,
2026-09-21T01:29:48.180842+00:00,201,7386.964,
2026-09-21T01:29:38.380607+00:00,201,17192.681,
2026-09-21T01:29:48.948962+00:00,201,6630.115,
2026-09-21T01:29:49.370124+00:00,201,6210.387,
2026-09-21T01:29:50.465830+00:00,201,5117.196,
2026-09-21T01:29:37.898979+00:00,201,17700.962,
2026-09-21T01:29:31.491889+00:00,201,24118.641,
2026-09-21T01:29:55.409822+00:00,201,201.876,
2026-09-21T01:29:53.060475+00:00,201,2555.639,
2026-09-21T01:29:55.425291+00:00,201,195.731,
2026-09-21T01:29:44.102616+00:00,201,11522.587,
2026-09-21T01:29:48.470119+00:00,201,7167.417,
2026-09-21T01:29:37.004804+00:00,201,18635.445,
2026-09-21T01:29:41.944527+00:00,201,13708.151,
2026-09-21T01:29:55.108877+00:00,201,551.374,
2026-09-21T01:29:49.092311+00:00,201,6573.253,
2026-09-21T01:29:55.483325+00:00,201,183.238,
2026-09-21T01:29:55.489805+00:00,201,213.491,
2026-09-21T01:29:40.430429+00:00,201,15280.601,
2026-09-21T01:29:54.409691+00:00,201,1305.629,
2026-09-21T01:29:48.595680+00:00,201,7127.89,
2026-09-21T01:29:49.294925+00:00,201,6437.994,
2026-09-21T01:29:50.431975+00:00,201,5320.144,
2026-09-21T01:29:46.971584+00:00,201,8781.379,
2026-09-21T01:29:43.176778+00:00,201,12577.062,
2026-09-21T01:29:37.051911+00:00,201,18702.887,
2026-09-21T01:29:36.353113+00:00,201,19402.725,
2026-09-21T01:29:52.540375+00:00,201,3260.004,
2026-09-21T01:29:49.256719+00:00,201,6544.811,
2026-09-21T01:29:43.057829+00:00,201,12760.29,
2026-09-21T01:29:37.267562+00:00,201,18551.743,
2026-09-21T01:29:54.413152+00:00,201,1407.469,
2026-09-21T01:29:53.063907+00:00,201,2758.055,
2026-09-21T01:29:43.468073+00:00,201,12355.248,
2026-09-21T01:29:45.173534+00:00,201,10651.298,
2026-09-21T01:29:49.969964+00:00,201,5856.385,
2026-09-21T01:29:41.220705+00:00,201,14627.759,
2026-09-21T01:29:51.681053+00:00,201,4169.065,
2026-09-21T01:29:44.034519+00:00,201,11817.264,
2026-09-21T01:29:41.653924+00:00,201,14199.53,
2026-09-21T01:29:42.483763+00:00,201,13371.528,
2026-09-21T01:29:51.360512+00:00,201,4496.685,
2026-09-21T01:29:38.418043+00:00,201,17450.475,
2026-09-21T01:29:36.523834+00:00,201,19353.344,
2026-09-21T01:29:46.243519+00:00,201,9647.814,
2026-09-21T01:29:49.939066+00:00,201,5954.416,
2026-09-21T01:29:49.314729+00:00,201,6580.944,
2026-09-21T01:29:43.633156+00:00,201,12264.791,
2026-09-21T01:29:41.118888+00:00,201,14781.371,
2026-09-21T01:29:45.694942+00:00,201,10207.738,
2026-09-21T01:29:46.588403+00:00,201,9316.721,
2026-09-21T01:29:54.305739+00:00,201,1601.937,
2026-09-21T01:29:43.375653+00:00,201,12534.559,
2026-09-21T01:29:44.435969+00:00,201,11476.944,
2026-09-21T01:29:36.975086+00:00,201,18962.018,
2026-09-21T01:29:41.300114+00:00,201,14652.527,
2026-09-21T01:29:55.125343+00:00,201,830.06,
2026-09-21T01:29:51.638798+00:00,201,4319.367,
2026-09-21T01:29:54.479129+00:00,201,1481.849,
2026-09-21T01:29:45.765311+00:00,201,10198.586,
2026-09-21T01:29:55.146823+00:00,201,820.098,
2026-09-21T01:29:48.976315+00:00,201,6993.578,
2026-09-21T01:29:34.399675+00:00,201,21573.265,
2026-09-21T01:29:42.950055+00:00,201,13025.996,
2026-09-21T01:29:37.661845+00:00,201,18317.367,
2026-09-21T01:29:38.607377+00:00,201,17375.135,
2026-09-21T01:29:42.355681+00:00,201,13630.136,
2026-09-21T01:29:48.959902+00:00,201,7029.318,
2026-09-21T01:29:51.715852+00:00,201,4276.79,
2026-09-21T01:29:48.375489+00:00,201,7620.543,
2026-09-21T01:29:36.262858+00:00,201,19736.59,
2026-09-21T01:29:52.563222+00:00,201,3439.812,
2026-09-21T01:29:51.265537+00:00,201,4741.241,
2026-09-21T01:29:35.893278+00:00,201,20170.975,
2026-09-21T01:29:49.713447+00:00,201,6354.677,
2026-09-21T01:29:35.607726+00:00,201,20464.216,
2026-09-21T01:29:44.248985+00:00,201,11826.918,
2026-09-21T01:29:54.734145+00:00,201,1345.801,
2026-09-21T01:29:49.555996+00:00,201,6528.062,
2026-09-21T01:29:40.973458+00:00,201,15158.913,
2026-09-21T01:29:35.311853+00:00,201,20869.584,
2026-09-21T01:29:55.359857+00:00,201,836.345,
2026-09-21T01:29:37.786954+00:00,201,18425.896,
2026-09-21T01:29:55.703300+00:00,201,513.737,
2026-09-21T01:29:46.334539+00:00,201,9904.47,
2026-09-21T01:29:44.758560+00:00,201,11487.054,
2026-09-21T01:29:39.111805+00:00,201,17142.783,
2026-09-21T01:29:43.258649+00:00,201,13000.517,
2026-09-21T01:29:41.869446+00:00,201,14423.829,
2026-09-21T01:29:44.645220+00:00,201,11652.59,
2026-09-21T01:29:49.152195+00:00,201,7179.409,
2026-09-21T01:29:53.118858+00:00,201,3298.838,
2026-09-21T01:29:34.558880+00:00,201,21924.856,
2026-09-21T01:29:40.905938+00:00,201,15648.606,
2026-09-21T01:29:44.981235+00:00,201,11591.862,
2026-09-21T01:29:43.904096+00:00,201,12692.006,
2026-09-21T01:29:52.950295+00:00,201,3650.597,
2026-09-21T01:29:49.231998+00:00,201,7407.119,
2026-09-21T01:29:48.566420+00:00,201,8087.295,
2026-09-21T01:29:47.397941+00:00,201,9289.527,
2026-09-21T01:29:55.303248+00:00,201,1389.156,
2026-09-21T01:29:52.769908+00:00,201,3927.419,
2026-09-21T01:29:54.365665+00:00,201,2336.615,
2026-09-21T01:29:52.220332+00:00,201,4487.025,
2026-09-21T01:29:39.474923+00:00,201,17237.561,
2026-09-21T01:29:53.851756+00:00,201,2865.964,
2026-09-21T01:29:53.256594+00:00,201,3466.489,
2026-09-21T01:29:45.296428+00:00,201,11432.006,
2026-09-21T01:29:54.105863+00:00,201,2628.069,
2026-09-21T01:29:52.961076+00:00,201,3778.535,
2026-09-21T01:29:50.313433+00:00,201,6431.743,
2026-09-21T01:29:45.182776+00:00,201,11568.08,
2026-09-21T01:29:46.325127+00:00,201,10521.385,
2026-09-21T01:29:54.525959+00:00,201,2326.309,
2026-09-21T01:29:48.376895+00:00,201,8481.17,
2026-09-21T01:29:51.577310+00:00,201,5350.11,
2026-09-21T01:29:39.421226+00:00,201,17514.847,
2026-09-21T01:29:41.762653+00:00,201,15185.099,
2026-09-21T01:29:56.079953+00:00,201,888.435,
2026-09-21T01:29:42.973724+00:00,201,14000.7,
2026-09-21T01:29:54.829146+00:00,201,2151.359,
2026-09-21T01:29:40.662702+00:00,201,16324.071,
2026-09-21T01:29:47.800656+00:00,201,9192.287,
2026-09-21T01:29:54.374460+00:00,201,2624.784,
2026-09-21T01:29:42.322602+00:00,201,14683.141,
2026-09-21T01:29:48.336312+00:00,201,8676.165,
2026-09-21T01:29:44.234696+00:00,201,12784.563,
2026-09-21T01:29:48.841192+00:00,201,8185.016,
2026-09-21T01:29:48.976945+00:00,201,8056.205,
2026-09-21T01:29:54.659284+00:00,201,2380.915,
2026-09-21T01:29:41.476878+00:00,201,15570.252,
2026-09-21T01:29:49.110027+00:00,201,7944.105,
2026-09-21T01:29:39.376096+00:00,201,17685.069,
2026-09-21T01:29:55.541117+00:00,201,1527.203,
2026-09-21T01:29:50.864732+00:00,201,6210.704,
2026-09-21T01:29:42.758407+00:00,201,14445.089,
2026-09-21T01:29:54.309527+00:00,201,2900.883,
2026-09-21T01:29:42.152845+00:00,201,15064.633,
2026-09-21T01:29:49.148104+00:00,201,8076.536,
2026-09-21T01:29:47.384027+00:00,201,9847.986,
2026-09-21T01:29:41.127407+00:00,201,16111.83,
2026-09-21T01:29:41.979662+00:00,201,15267.005,
2026-09-21T01:29:36.380632+00:00,201,20873.493,
2026-09-21T01:29:49.034253+00:00,201,8227.482,
2026-09-21T01:29:44.133645+00:00,201,13135.641,
2026-09-21T01:29:55.258332+00:00,201,2018.601,
2026-09-21T01:29:44.896808+00:00,201,12387.891,
2026-09-21T01:29:43.081997+00:00,201,14210.763,
2026-09-21T01:29:36.601109+00:00,201,20699.743,
2026-09-21T01:29:55.244915+00:00,201,2064.1,
2026-09-21T01:29:48.872196+00:00,201,8445.041,
2026-09-21T01:29:39.490995+00:00,201,17834.507,
2026-09-21T01:29:38.578470+00:00,201,18755.354,
2026-09-21T01:29:55.692650+00:00,201,1649.62,
2026-09-21T01:29:55.122310+00:00,201,2228.417,
2026-09-21T01:29:46.857463+00:00,201,10501.87,
2026-09-21T01:29:48.714228+00:00,201,8653.79,
2026-09-21T01:29:38.508867+00:00,201,18868.016,
2026-09-21T01:29:50.418166+00:00,201,6967.566,
2026-09-21T01:29:49.020994+00:00,201,8373.755,
2026-09-21T01:29:52.416561+00:00,201,4987.159,
2026-09-21T01:29:51.389041+00:00,201,6023.691,
2026-09-21T01:29:50.593760+00:00,201,6828.188,
2026-09-21T01:29:43.355146+00:00,201,14075.94,
2026-09-21T01:29:51.062498+00:00,201,6377.906,
2026-09-21T01:29:47.899551+00:00,201,9550.174,
2026-09-21T01:29:49.614152+00:00,201,7893.047,
2026-09-21T01:29:43.871132+00:00,201,13711.636,
2026-09-21T01:29:48.669211+00:00,201,8947.216,
2026-09-21T01:29:51.065967+00:00,201,6637.417,
2026-09-21T01:29:54.675035+00:00,201,3037.8,
2026-09-21T01:29:42.536752+00:00,201,15190.404,
2026-09-21T01:29:43.431193+00:00,201,14315.272,
2026-09-21T01:29:48.915871+00:00,201,8849.941,
2026-09-21T01:29:52.281985+00:00,201,5498.433,
2026-09-21T01:29:52.111674+00:00,201,5712.641,
2026-09-21T01:29:49.504946+00:00,201,8328.944,
2026-09-21T01:29:45.818989+00:00,201,12029.601,
2026-09-21T01:29:55.418050+00:00,201,2440.239,
2026-09-21T01:29:44.244178+00:00,201,13623.878,
2026-09-21T01:29:52.724036+00:00,201,5153.925,
2026-09-21T01:29:55.300178+00:00,201,2687.248,
2026-09-21T01:29:50.654578+00:00,201,7353.577,
2026-09-21T01:29:37.376265+00:00,201,20821.593,
2026-09-21T01:29:55.637554+00:00,201,2608.158,
2026-09-21T01:29:54.560087+00:00,201,3695.123,
2026-09-21T01:29:42.273523+00:00,201,16134.88,
2026-09-21T01:29:55.711064+00:00,201,2726.494,
2026-09-21T01:29:54.940347+00:00,201,3597.154,
2026-09-21T01:29:50.772784+00:00,201,7819.495,
2026-09-21T01:29:41.978062+00:00,201,16629.073,
2026-09-21T01:29:39.796217+00:00,201,18985.523,
2026-09-21T01:29:48.524788+00:00,201,10305.526,
2026-09-21T01:29:49.551122+00:00,201,9340.537,
2026-09-21T01:29:51.353533+00:00,201,7664.115,
2026-09-21T01:29:52.971501+00:00,201,6056.008,
2026-09-21T01:29:57.203529+00:00,201,2000.715,
2026-09-21T01:29:49.582343+00:00,201,9711.192,
2026-09-21T01:29:37.093740+00:00,201,22282.533,
2026-09-21T01:29:52.433378+00:00,201,7012.97,
2026-09-21T01:29:55.801548+00:00,201,3683.71,
2026-09-21T01:29:48.810111+00:00,201,10705.001,
2026-09-21T01:29:36.218599+00:00,201,23321.422,
2026-09-21T01:29:55.559450+00:00,201,4010.843,
2026-09-21T01:29:48.923886+00:00,201,10908.377,
2026-09-21T01:29:55.851811+00:00,201,4000.393,
2026-09-21T01:29:53.167519+00:00,201,6840.868,
2026-09-21T01:29:45.437012+00:00,201,14619.535,
2026-09-21T01:29:54.970910+00:00,201,5230.747,
2026-09-21T01:29:46.740583+00:00,201,13642.795,
2026-09-21T01:29:50.765694+00:00,201,9657.184,
2026-09-21T01:29:48.502380+00:00,201,11930.507,
2026-09-21T01:29:55.666567+00:00,201,4776.503,
2026-09-21T01:29:48.501317+00:00,201,12019.412,
2026-09-21T01:29:53.758134+00:00,201,6777.909,
2026-09-21T01:29:48.477041+00:00,201,12130.344,
2026-09-21T01:29:35.268069+00:00,201,25369.51,
2026-09-21T01:29:55.715872+00:00,201,5057.521,
2026-09-21T01:29:57.254171+00:00,201,3556.906,
2026-09-21T01:29:54.253519+00:00,201,6683.642,
2026-09-21T01:29:41.369734+00:00,201,19660.649,
2026-09-21T01:29:42.685318+00:00,201,18422.596,
2026-09-21T01:29:36.741053+00:00,201,24371.9,
2026-09-21T01:29:49.442896+00:00,201,11703.908,
2026-09-21T01:29:41.702240+00:00,201,19482.448,
2026-09-21T01:29:42.252205+00:00,201,19009.032,
2026-09-21T01:29:55.298678+00:00,201,5981.799,
2026-09-21T01:29:52.529831+00:00,201,8755.545,
2026-09-21T01:29:50.403639+00:00,201,10944.739,
2026-09-21T01:29:56.846536+00:00,201,4524.106,
2026-09-21T01:29:54.379374+00:00,201,7018.209,
2026-09-21T01:29:48.340696+00:00,201,13087.597,
2026-09-21T01:29:44.225131+00:00,201,17261.233,
2026-09-21T01:29:50.966727+00:00,201,10531.845,
2026-09-21T01:29:43.185338+00:00,201,18330.155,
2026-09-21T01:29:49.433111+00:00,201,12132.19,
2026-09-21T01:29:55.276930+00:00,201,6377.809,
2026-09-21T01:29:46.472967+00:00,201,15196.11,
2026-09-21T01:29:55.580527+00:00,201,6100.571,
2026-09-21T01:29:37.000132+00:00,201,24753.181,
2026-09-21T01:29:51.392662+00:00,201,10364.495,
2026-09-21T01:29:46.329882+00:00,201,15431.264,
2026-09-21T01:29:57.317257+00:00,201,4447.715,
2026-09-21T01:29:49.847502+00:00,201,11930.053,
2026-09-21T01:29:58.103666+00:00,201,3701.769,
2026-09-21T01:29:49.150046+00:00,201,12761.587,
2026-09-21T01:29:37.103618+00:00,201,24823.43,
2026-09-21T01:30:00.383408+00:00,201,1547.235,
2026-09-21T01:30:01.261279+00:00,201,690.677,
2026-09-21T01:29:43.348928+00:00,201,18611.831,
2026-09-21T01:29:46.348751+00:00,201,15634.671,
2026-09-21T01:29:43.010997+00:00,201,18989.3,
2026-09-21T01:29:41.124557+00:00,201,20926.634,
2026-09-21T01:29:34.002635+00:00,201,28061.207,
2026-09-21T01:29:42.720559+00:00,201,19365.009,
2026-09-21T01:29:54.732349+00:00,201,7362.584,
2026-09-21T01:29:47.632004+00:00,201,14479.172,
2026-09-21T01:29:56.936112+00:00,201,5208.301,
2026-09-21T01:29:48.295149+00:00,201,13878.838,
2026-09-21T01:29:57.269315+00:00,201,4921.34,
2026-09-21T01:29:43.542585+00:00,201,18676.604,
2026-09-21T01:29:42.975684+00:00,201,19250.088,
2026-09-21T01:29:48.946133+00:00,201,13289.157,
2026-09-21T01:29:56.157180+00:00,201,6106.348,
2026-09-21T01:29:48.994392+00:00,201,13283.628,
2026-09-21T01:29:55.955408+00:00,201,6328.461,
2026-09-21T01:29:57.403734+00:00,201,4888.287,
2026-09-21T01:29:37.180823+00:00,201,25127.281,
2026-09-21T01:29:56.600903+00:00,201,5710.27,
2026-09-21T01:29:42.125630+00:00,201,20198.17,
2026-09-21T01:30:01.156720+00:00,201,1176.783,
2026-09-21T01:29:46.574337+00:00,201,15767.202,
2026-09-21T01:29:41.631060+00:00,201,20720.824,
2026-09-21T01:29:51.228885+00:00,201,11130.407,
2026-09-21T01:29:52.943606+00:00,201,9421.291,
2026-09-21T01:29:44.864948+00:00,201,17521.246,
2026-09-21T01:29:55.819346+00:00,201,6573.827,
2026-09-21T01:29:40.756763+00:00,201,21643.977,
2026-09-21T01:29:50.125197+00:00,201,12276.743,
2026-09-21T01:29:48.434708+00:00,201,13988.723,
2026-09-21T01:29:47.636376+00:00,201,14802.922,
2026-09-21T01:30:02.144427+00:00,201,295.791,
2026-09-21T01:30:02.174019+00:00,201,284.872,
2026-09-21T01:29:51.780335+00:00,201,10680.521,
2026-09-21T01:29:49.235733+00:00,201,13236.056,
2026-09-21T01:29:36.853778+00:00,201,25620.646,
2026-09-21T01:29:44.084565+00:00,201,18420.499,
2026-09-21T01:29:55.937146+00:00,201,6574.353,
2026-09-21T01:30:00.056580+00:00,201,2461.229,
2026-09-21T01:29:41.145516+00:00,201,21385.587,
2026-09-21T01:29:54.164651+00:00,201,8367.154,
2026-09-21T01:29:50.168371+00:00,201,12367.121,
2026-09-21T01:29:47.461408+00:00,201,15082.72,
2026-09-21T01:29:55.996050+00:00,201,6556.64,
2026-09-21T01:29:55.392405+00:00,201,7165.689,
2026-09-21T01:29:56.011814+00:00,201,6556.122,
2026-09-21T01:29:39.285559+00:00,201,23282.922,
2026-09-21T01:29:37.465952+00:00,201,25105.177,
2026-09-21T01:29:44.631439+00:00,201,17958.537,
2026-09-21T01:30:02.107363+00:00,201,484.032,
2026-09-21T01:29:49.738612+00:00,201,12870.676,
2026-09-21T01:29:54.069141+00:00,201,8542.439,
2026-09-21T01:29:48.018587+00:00,201,14599.32,
2026-09-21T01:29:54.481125+00:00,201,8139.847,
2026-09-21T01:30:02.458894+00:00,201,175.021,
2026-09-21T01:29:46.995072+00:00,201,15645.14,
2026-09-21T01:29:37.827247+00:00,201,24814.225,
2026-09-21T01:29:52.849555+00:00,201,9802.489,
2026-09-21T01:29:48.634062+00:00,201,14020.248,
2026-09-21T01:29:37.599954+00:00,201,25058.229,
2026-09-21T01:29:58.139128+00:00,201,4532.915,
2026-09-21T01:29:59.017668+00:00,201,3659.195,
2026-09-21T01:30:00.297129+00:00,201,2386.578,
2026-09-21T01:29:47.393179+00:00,201,15304.198,
2026-09-21T01:29:59.757085+00:00,201,2940.935,
2026-09-21T01:30:00.301988+00:00,201,2400.204,
2026-09-21T01:29:45.450942+00:00,201,17267.676,
2026-09-21T01:29:55.520401+00:00,201,7202.912,
2026-09-21T01:30:01.403008+00:00,201,1324.462,
2026-09-21T01:29:55.506969+00:00,201,7223.129,
2026-09-21T01:29:51.463152+00:00,201,11282.258,
2026-09-21T01:30:01.405740+00:00,201,1346.232,
2026-09-21T01:29:51.669968+00:00,201,11084.581,
2026-09-21T01:29:43.080253+00:00,201,19678.572,
2026-09-21T01:29:54.651052+00:00,201,8108.611,
2026-09-21T01:29:53.358462+00:00,201,9414.823,
2026-09-21T01:29:58.330844+00:00,201,4449.839,
2026-09-21T01:29:46.848609+00:00,201,15932.799,
2026-09-21T01:29:42.265769+00:00,201,20525.048,
2026-09-21T01:29:48.115950+00:00,201,14675.924,
2026-09-21T01:29:58.662141+00:00,201,4134.529,
2026-09-21T01:29:56.764204+00:00,201,6034.802,
2026-09-21T01:29:56.483783+00:00,201,6321.815,
2026-09-21T01:29:48.857126+00:00,201,13956.917,
2026-09-21T01:30:02.633920+00:00,201,181.731,
2026-09-21T01:29:40.282062+00:00,201,22543.111,
2026-09-21T01:29:43.072386+00:00,201,19759.568,
2026-09-21T01:29:40.952906+00:00,201,21884.391,
2026-09-21T01:29:46.088860+00:00,201,16749.451,
2026-09-21T01:30:01.757181+00:00,201,1106.776,
2026-09-21T01:29:50.428482+00:00,201,12438.804,
2026-09-21T01:30:02.697411+00:00,201,181.237,
2026-09-21T01:29:57.333867+00:00,201,5549.463,
2026-09-21T01:30:02.702200+00:00,201,182.113,
2026-09-21T01:29:41.815496+00:00,201,21071.276,
2026-09-21T01:29:55.032138+00:00,201,7878.527,
2026-09-21T01:29:44.763206+00:00,201,18153.023,
2026-09-21T01:29:58.511167+00:00,201,4408.749,
2026-09-21T01:29:49.245891+00:00,201,13683.72,
2026-09-21T01:29:36.866666+00:00,201,26070.183,
2026-09-21T01:29:39.651615+00:00,201,23339.529,
2026-09-21T01:29:54.850751+00:00,201,8141.092,
2026-09-21T01:29:50.058174+00:00,201,12956.374,
2026-09-21T01:29:48.829722+00:00,201,14187.057,
2026-09-21T01:29:57.464409+00:00,201,5553.108,
2026-09-21T01:29:50.219081+00:00,201,12799.205,
2026-09-21T01:29:53.447630+00:00,201,9571.474,
2026-09-21T01:29:48.104211+00:00,201,14915.725,
2026-09-21T01:29:58.093558+00:00,201,4927.348,
2026-09-21T01:29:42.619877+00:00,201,20402.032,
2026-09-21T01:29:44.358777+00:00,201,18664.184,
2026-09-21T01:29:37.671822+00:00,201,25352.244,
2026-09-21T01:29:59.209607+00:00,201,3815.661,
2026-09-21T01:29:37.723908+00:00,201,25320.302,
2026-09-21T01:29:47.787514+00:00,201,15257.993,
2026-09-21T01:29:49.305931+00:00,201,13748.367,
2026-09-21T01:30:02.578147+00:00,201,490.736,
2026-09-21T01:29:52.315160+00:00,201,10768.124,
2026-09-21T01:29:52.636345+00:00,201,10448.394,
2026-09-21T01:29:46.320369+00:00,201,16765.826,
2026-09-21T01:29:36.142777+00:00,201,26944.924,
2026-09-21T01:29:57.385749+00:00,201,5704.876,
2026-09-21T01:29:56.723094+00:00,201,6371.499,
2026-09-21T01:29:49.308835+00:00,201,13788.264,
2026-09-21T01:29:42.674986+00:00,201,20453.828,
2026-09-21T01:29:53.550137+00:00,201,9587.485,
2026-09-21T01:29:41.268813+00:00,201,21886.234,
2026-09-21T01:29:58.108687+00:00,201,5053.034,
2026-09-21T01:29:39.179521+00:00,201,23985.26,
2026-09-21T01:30:02.878653+00:00,201,293.9,
2026-09-21T01:30:02.439330+00:00,201,749.399,
2026-09-21T01:29:50.980129+00:00,201,12218.433,
2026-09-21T01:29:50.306616+00:00,201,12899.643,
2026-09-21T01:29:48.339209+00:00,201,14869.373,
2026-09-21T01:29:37.056272+00:00,201,26163.127,
2026-09-21T01:30:02.929643+00:00,201,293.726,
2026-09-21T01:29:55.344064+00:00,201,7886.676,
2026-09-21T01:30:01.244381+00:00,201,2023.082,
2026-09-21T01:30:02.991194+00:00,201,287.296,
2026-09-21T01:30:00.129481+00:00,201,3163.192,
2026-09-21T01:29:55.715326+00:00,201,7580.821,
2026-09-21T01:30:02.991863+00:00,201,314.659,
2026-09-21T01:29:59.396776+00:00,201,3948.816,
2026-09-21T01:30:00.201672+00:00,201,3180.497,
2026-09-21T01:29:59.782544+00:00,201,3623.126,
2026-09-21T01:29:53.975374+00:00,201,9436.545,
2026-09-21T01:30:01.320855+00:00,201,2100.144,
2026-09-21T01:29:54.072615+00:00,201,9362.385,
2026-09-21T01:29:55.212904+00:00,201,8225.775,
2026-09-21T01:30:02.640247+00:00,201,803.3,
2026-09-21T01:29:37.450830+00:00,201,25994.569,
2026-09-21T01:29:57.376924+00:00,201,6073.214,
2026-09-21T01:29:50.657822+00:00,201,12800.314,
2026-09-21T01:29:48.954019+00:00,201,14514.215,
2026-09-21T01:29:51.999766+00:00,201,11477.67,
2026-09-21T01:29:46.426952+00:00,201,17052.55,
2026-09-21T01:29:45.814455+00:00,201,17693.19,
2026-09-21T01:29:50.299572+00:00,201,13210.126,
2026-09-21T01:29:53.253185+00:00,201,10268.592,
2026-09-21T01:29:47.407317+00:00,201,16118.713,
2026-09-21T01:29:40.292611+00:00,201,23271.244,
2026-09-21T01:29:48.190053+00:00,201,15389.81,
2026-09-21T01:29:55.337843+00:00,201,8244.182,
2026-09-21T01:29:53.348070+00:00,201,10236.198,
2026-09-21T01:29:47.878627+00:00,201,15707.901,
2026-09-21T01:29:40.654814+00:00,201,22934.097,
2026-09-21T01:29:50.693842+00:00,201,12897.462,
2026-09-21T01:29:55.752984+00:00,201,7840.748,
2026-09-21T01:29:53.686335+00:00,201,9909.902,
2026-09-21T01:29:48.696549+00:00,201,14902.26,
2026-09-21T01:29:47.606046+00:00,201,15995.385,
2026-09-21T01:29:42.167357+00:00,201,21444.657,
2026-09-21T01:29:50.131277+00:00,201,13487.509,
2026-09-21T01:29:42.624720+00:00,201,21008.953,
2026-09-21T01:29:55.897975+00:00,201,7751.966,
2026-09-21T01:29:58.607172+00:00,201,5045.566,
2026-09-21T01:29:54.362044+00:00,201,9293.647,
2026-09-21T01:30:02.879044+00:00,201,779.634,
2026-09-21T01:29:40.252994+00:00,201,23408.614,
2026-09-21T01:29:59.622355+00:00,201,4042.464,
2026-09-21T01:29:58.128907+00:00,201,5539.149,
2026-09-21T01:29:47.141792+00:00,201,16529.532,
2026-09-21T01:30:00.855509+00:00,201,2819.125,
2026-09-21T01:29:54.613992+00:00,201,9063.984,
2026-09-21T01:29:50.700396+00:00,201,12980.973,
2026-09-21T01:30:02.641526+00:00,201,1043.416,
2026-09-21T01:29:53.672334+00:00,201,10039.373,
2026-09-21T01:29:58.300024+00:00,201,5435.253,
2026-09-21T01:29:50.155714+00:00,201,13588.278,
2026-09-21T01:29:55.900291+00:00,201,7847.283,
2026-09-21T01:29:42.342463+00:00,201,21408.732,
2026-09-21T01:29:58.134012+00:00,201,5620.871,
2026-09-21T01:29:52.625683+00:00,201,11132.917,
2026-09-21T01:29:54.125677+00:00,201,9636.658,
2026-09-21T01:30:02.904850+00:00,201,861.438,
2026-09-21T01:29:40.963279+00:00,201,22806.902,
2026-09-21T01:29:49.868129+00:00,201,13906.109,
2026-09-21T01:29:58.437567+00:00,201,5340.807,
2026-09-21T01:29:45.017245+00:00,201,18765.335,
2026-09-21T01:29:52.556693+00:00,201,11300.154,
2026-09-21T01:29:52.929926+00:00,201,10931.048,
2026-09-21T01:29:53.454369+00:00,201,10410.822,
2026-09-21T01:29:49.770705+00:00,201,14098.645,
2026-09-21T01:29:44.089052+00:00,201,19784.648,
2026-09-21T01:30:02.972724+00:00,201,905.449,
2026-09-21T01:29:55.148467+00:00,201,8734.183,
2026-09-21T01:29:49.977417+00:00,201,13909.794,
2026-09-21T01:29:55.963921+00:00,201,7927.891,
2026-09-21T01:29:38.511521+00:00,201,25385.04,
2026-09-21T01:29:34.636118+00:00,201,29265.097,
2026-09-21T01:29:55.583039+00:00,201,8322.933,
2026-09-21T01:29:39.898402+00:00,201,24012.349,
2026-09-21T01:30:02.531825+00:00,201,1383.882,
2026-09-21T01:29:49.502920+00:00,201,14417.613,
2026-09-21T01:29:58.118786+00:00,201,5806.78,
2026-09-21T01:30:02.930084+00:00,201,1000.475,
2026-09-21T01:29:54.527731+00:00,201,9407.861,
2026-09-21T01:30:01.515534+00:00,201,2425.251,
2026-09-21T01:29:55.910240+00:00,201,8035.823,
2026-09-21T01:29:53.665255+00:00,201,10286.284,
2026-09-21T01:29:49.563744+00:00,201,14393.321,
2026-09-21T01:30:01.623979+00:00,201,2338.805,
2026-09-21T01:29:50.569840+00:00,201,13398.637,
2026-09-21T01:30:00.851372+00:00,201,3122.808,
2026-09-21T01:30:02.450041+00:00,201,1530.002,
2026-09-21T01:29:42.830302+00:00,201,21155.768,
2026-09-21T01:29:46.189987+00:00,201,17802.071,
2026-09-21T01:30:01.428322+00:00,201,2569.669,
2026-09-21T01:29:43.535506+00:00,201,20468.513,
2026-09-21T01:30:02.796682+00:00,201,1240.611,
2026-09-21T01:29:43.556994+00:00,201,20520.367,
2026-09-21T01:29:45.559525+00:00,201,18561.258,
2026-09-21T01:29:43.899376+00:00,201,20227.591,
2026-09-21T01:29:49.196353+00:00,201,14936.837,
2026-09-21T01:29:43.656904+00:00,201,20574.916,
2026-09-21T01:30:03.334577+00:00,201,903.699,
2026-09-21T01:29:37.715779+00:00,201,26596.95,
2026-09-21T01:29:55.523142+00:00,201,8805.596,
2026-09-21T01:29:46.468483+00:00,201,17898.656,
2026-09-21T01:29:48.845058+00:00,201,15580.592,
2026-09-21T01:30:03.521801+00:00,201,913.679,
2026-09-21T01:29:47.303480+00:00,201,17161.126,
2026-09-21T01:29:57.646593+00:00,201,6830.752,
2026-09-21T01:29:58.485974+00:00,201,6004.354,
2026-09-21T01:30:03.507684+00:00,201,1002.481,
2026-09-21T01:29:44.372709+00:00,201,20200.971,
2026-09-21T01:29:51.915340+00:00,201,12715.83,
2026-09-21T01:30:02.517818+00:00,201,2162.501,
2026-09-21T01:29:49.326575+00:00,201,15369.513,
2026-09-21T01:30:01.767350+00:00,201,3069.234,
2026-09-21T01:30:02.176732+00:00,201,2727.372,
2026-09-21T01:30:02.698029+00:00,201,2251.914,
2026-09-21T01:30:00.847028+00:00,201,4181.283,
2026-09-21T01:29:59.540073+00:00,201,5503.585,
2026-09-21T01:29:55.855322+00:00,201,9239.968,
2026-09-21T01:29:48.187858+00:00,201,16916.704,
2026-09-21T01:29:59.777445+00:00,201,5383.867,
2026-09-21T01:29:36.295513+00:00,201,28997.561,
2026-09-21T01:29:55.102672+00:00,201,10224.278,
2026-09-21T01:29:42.863457+00:00,201,22472.711,
2026-09-21T01:30:04.328760+00:00,201,1078.291,
2026-09-21T01:29:52.954085+00:00,201,12494.147,
2026-09-21T01:29:51.645783+00:00,201,13853.868,
2026-09-21T01:29:52.223794+00:00,201,13288.402,
2026-09-21T01:29:36.159604+00:00,201,29384.927,
2026-09-21T01:30:03.386914+00:00,201,2176.802,
2026-09-21T01:29:35.534864+00:00,201,30044.961,
2026-09-21T01:29:52.629245+00:00,201,13009.113,
2026-09-21T01:29:59.204252+00:00,201,6525.46,
2026-09-21T01:29:55.264933+00:00,201,10565.457,
2026-09-21T01:29:57.507220+00:00,201,8344.226,
2026-09-21T01:29:31.746998+00:00,201,34134.717,
2026-09-21T01:30:03.279414+00:00,201,2608.464,
2026-09-21T01:29:57.026228+00:00,201,8975.448,
2026-09-21T01:29:55.989238+00:00,201,10018.619,
2026-09-21T01:30:02.751978+00:00,201,3307.055,
2026-09-21T01:30:03.873743+00:00,201,2258.119,
2026-09-21T01:29:55.558762+00:00,201,10579.286,
2026-09-21T01:30:01.170299+00:00,201,5030.027,
2026-09-21T01:29:41.468600+00:00,201,24763.005,
2026-09-21T01:29:42.660277+00:00,201,23635.833,
2026-09-21T01:29:49.317774+00:00,201,17003.399,
2026-09-21T01:29:33.702539+00:00,201,32644.071,
2026-09-21T01:29:59.591523+00:00,201,6767.803,
2026-09-21T01:29:50.316844+00:00,201,16048.822,
2026-09-21T01:29:56.761154+00:00,201,9631.059,
2026-09-21T01:29:59.063538+00:00,201,7348.098,
2026-09-21T01:29:59.244632+00:00,201,7186.627,
2026-09-21T01:29:57.660962+00:00,201,8883.313,
2026-09-21T01:29:35.507562+00:00,201,31093.59,
2026-09-21T01:30:01.771515+00:00,201,4842.2,
2026-09-21T01:30:02.140857+00:00,201,4532.322,
2026-09-21T01:29:49.124647+00:00,201,17561.245,
2026-09-21T01:29:57.680014+00:00,201,9051.694,
2026-09-21T01:30:03.306526+00:00,201,3441.428,
2026-09-21T01:29:48.892284+00:00,201,17888.3,
2026-09-21T01:29:48.619166+00:00,201,18215.018,
2026-09-21T01:30:04.245540+00:00,201,2646.909,
2026-09-21T01:29:48.939316+00:00,201,18006.57,
2026-09-21T01:29:55.476692+00:00,201,11552.854,
2026-09-21T01:29:55.665586+00:00,201,11422.9,
2026-09-21T01:29:57.945683+00:00,201,9190.402,
2026-09-21T01:30:03.910802+00:00,201,3291.584,
2026-09-21T01:29:43.331218+00:00,201,23880.605,
2026-09-21T01:30:06.365701+00:00,201,938.518,
2026-09-21T01:30:04.255245+00:00,201,3119.641,
2026-09-21T01:30:03.018315+00:00,201,4372.287,
2026-09-21T01:30:04.380432+00:00,201,3081.326,
2026-09-21T01:30:03.267471+00:00,201,4238.448,
2026-09-21T01:30:02.683715+00:00,201,4845.864,
2026-09-21T01:29:55.912940+00:00,201,11655.256,
2026-09-21T01:29:36.486969+00:00,201,31116.192,
2026-09-21T01:30:04.238282+00:00,201,3422.806,
2026-09-21T01:30:01.068066+00:00,201,6609.121,
2026-09-21T01:29:56.707369+00:00,201,10979.528,
2026-09-21T01:29:37.219878+00:00,201,30528.303,
2026-09-21T01:30:01.877994+00:00,201,5880.346,
2026-09-21T01:29:58.408439+00:00,201,9413.069,
2026-09-21T01:29:46.079238+00:00,201,21782.828,
2026-09-21T01:29:57.394770+00:00,201,10473.977,
2026-09-21T01:30:01.874366+00:00,201,6037.507,
2026-09-21T01:29:46.602312+00:00,201,21322.783,
2026-09-21T01:30:06.144959+00:00,201,1869.373,
2026-09-21T01:29:38.492964+00:00,201,29647.646,
2026-09-21T01:30:06.392235+00:00,201,1807.461,
2026-09-21T01:30:03.957097+00:00,201,4322.26,
2026-09-21T01:29:37.666780+00:00,201,30734.513,
2026-09-21T01:29:55.147844+00:00,201,13277.21,
2026-09-21T01:29:42.699705+00:00,201,25733.222,
2026-09-21T01:29:48.366730+00:00,201,20076.808,
2026-09-21T01:29:34.800367+00:00,201,33710.052,
2026-09-21T01:29:51.098940+00:00,201,17549.24,
2026-09-21T01:29:36.658873+00:00,201,31991.442,
2026-09-21T01:29:56.075930+00:00,201,12595.091,
2026-09-21T01:29:42.812620+00:00,201,25871.683,
2026-09-21T01:29:53.602539+00:00,201,15127.429,
2026-09-21T01:29:50.084989+00:00,201,18679.97,
2026-09-21T01:29:55.208489+00:00,201,13584.468,
2026-09-21T01:29:42.502895+00:00,201,26292.524,
2026-09-21T01:29:50.421636+00:00,201,18379.033,
2026-09-21T01:29:54.644499+00:00,201,14168.499,
2026-09-21T01:30:00.648349+00:00,201,8169.771,
2026-09-21T01:30:04.012469+00:00,201,4814.47,
2026-09-21T01:29:51.163191+00:00,201,17675.933,
2026-09-21T01:29:56.947785+00:00,201,11913.776,
2026-09-21T01:30:04.258613+00:00,201,4633.949,
2026-09-21T01:30:08.030557+00:00,201,889.193,
2026-09-21T01:29:52.217010+00:00,201,16706.061,
2026-09-21T01:29:55.312992+00:00,201,13611.671,
2026-09-21T01:29:50.776309+00:00,201,18158.421,
2026-09-21T01:29:39.845704+00:00,201,29110.572,
2026-09-21T01:29:49.197773+00:00,201,19784.057,
2026-09-21T01:29:45.681113+00:00,201,23303.615,
2026-09-21T01:30:02.656577+00:00,201,6329.19,
2026-09-21T01:30:01.408384+00:00,201,7588.996,
2026-09-21T01:29:55.969911+00:00,201,13032.854,
2026-09-21T01:30:00.139350+00:00,201,8870.075,
2026-09-21T01:30:05.821392+00:00,201,3188.988,
2026-09-21T01:29:58.480890+00:00,201,10540.845,
2026-09-21T01:29:51.908408+00:00,201,17121.525,
2026-09-21T01:29:43.880986+00:00,201,25152.75,
2026-09-21T01:29:55.082400+00:00,201,13963.436,
2026-09-21T01:29:52.853035+00:00,201,16206.971,
2026-09-21T01:30:02.745879+00:00,201,6331.724,
2026-09-21T01:29:48.658609+00:00,201,20420.18,
2026-09-21T01:29:45.178174+00:00,201,23907.72,
2026-09-21T01:29:54.243079+00:00,201,14844.209,
2026-09-21T01:30:02.837344+00:00,201,6259.109,
2026-09-21T01:29:56.089333+00:00,201,13040.757,
2026-09-21T01:30:00.489692+00:00,201,8647.68,
2026-09-21T01:29:42.764743+00:00,201,26375.023,
2026-09-21T01:30:08.923107+00:00,201,227.176,
2026-09-21T01:30:01.927101+00:00,201,7224.725,
2026-09-21T01:29:59.406785+00:00,201,9750.569,
2026-09-21T01:30:03.584292+00:00,201,5591.086,
2026-09-21T01:30:05.293135+00:00,201,3890.819,
2026-09-21T01:30:05.326974+00:00,201,3878.045,
2026-09-21T01:30:08.121815+00:00,201,1086.959,
2026-09-21T01:29:57.421966+00:00,201,11793.692,
2026-09-21T01:30:05.464875+00:00,201,3752.062,
2026-09-21T01:30:01.876182+00:00,201,7350.883,
2026-09-21T01:29:54.818345+00:00,201,14416.886,
2026-09-21T01:30:00.968806+00:00,201,8269.814,
2026-09-21T01:30:01.626496+00:00,201,7613.404,
2026-09-21T01:29:48.463124+00:00,201,20825.652,
2026-09-21T01:29:59.485270+00:00,201,9805.941,
2026-09-21T01:29:49.438880+00:00,201,19860.962,
2026-09-21T01:30:03.278494+00:00,201,6026.593,
2026-09-21T01:29:43.461721+00:00,201,25869.526,
2026-09-21T01:29:39.477602+00:00,201,29864.508,
2026-09-21T01:29:34.263988+00:00,201,35095.699,
2026-09-21T01:30:03.668070+00:00,201,5693.075,
2026-09-21T01:30:02.263544+00:00,201,7105.371,
2026-09-21T01:30:09.150287+00:00,201,247.088,
2026-09-21T01:30:03.605244+00:00,201,5796.196,
2026-09-21T01:29:56.873076+00:00,201,12536.703,
2026-09-21T01:29:52.439976+00:00,201,16974.952,
2026-09-21T01:30:09.175393+00:00,201,248.771,
2026-09-21T01:29:55.467888+00:00,201,13974.988,
2026-09-21T01:29:55.184632+00:00,201,14259.462,
2026-09-21T01:30:07.390614+00:00,201,2055.218,
2026-09-21T01:30:09.183966+00:00,201,263.766,
2026-09-21T01:30:02.316795+00:00,201,7132.193,
2026-09-21T01:30:03.345604+00:00,201,6109.043,
2026-09-21T01:30:02.863963+00:00,201,6603.568,
2026-09-21T01:29:46.301925+00:00,201,23167.428,
2026-09-21T01:29:59.832290+00:00,201,9650.468,
2026-09-21T01:30:06.131871+00:00,201,3368.904,
2026-09-21T01:30:05.120921+00:00,201,4387.819,
2026-09-21T01:30:03.649960+00:00,201,5861.037,
2026-09-21T01:29:57.712845+00:00,201,11809.685,
2026-09-21T01:29:56.446994+00:00,201,13082.309,
2026-09-21T01:29:48.022120+00:00,201,21521.322,
2026-09-21T01:30:09.288821+00:00,201,276.427,
2026-09-21T01:29:42.130894+00:00,201,27446.497,
2026-09-21T01:29:51.688112+00:00,201,17893.172,
2026-09-21T01:30:03.227211+00:00,201,6384.626,
2026-09-21T01:29:43.337033+00:00,201,26282.613,
2026-09-21T01:29:46.055183+00:00,201,23568.949,
2026-09-21T01:29:41.867363+00:00,201,27765.238,
2026-09-21T01:30:01.159251+00:00,201,8475.699,
2026-09-21T01:30:00.679307+00:00,201,8961.084,
2026-09-21T01:29:46.032665+00:00,201,23611.988,
2026-09-21T01:29:44.239451+00:00,201,25415.722,
2026-09-21T01:30:09.130121+00:00,201,540.294,
2026-09-21T01:29:40.865077+00:00,201,28806.324,
2026-09-21T01:30:09.200073+00:00,201,473.372,
2026-09-21T01:30:02.847303+00:00,201,6843.604,
2026-09-21T01:30:04.261894+00:00,201,5429.96,
2026-09-21T01:30:07.529592+00:00,201,2163.266,
2026-09-21T01:29:56.367811+00:00,201,13342.024,
2026-09-21T01:30:04.510170+00:00,201,5203.518,
2026-09-21T01:29:54.880367+00:00,201,14849.387,
2026-09-21T01:30:06.261534+00:00,201,3486.52,
2026-09-21T01:29:31.450472+00:00,201,38298.73,
2026-09-21T01:29:51.473176+00:00,201,18289.722,
2026-09-21T01:29:56.217042+00:00,201,13551.167,
2026-09-21T01:30:04.464643+00:00,201,5308.488,
2026-09-21T01:29:52.308394+00:00,201,17466.236,
2026-09-21T01:29:50.857764+00:00,201,18918.481,
2026-09-21T01:30:08.795475+00:00,201,982.542,
2026-09-21T01:30:02.111208+00:00,201,7668.585,
2026-09-21T01:30:02.825221+00:00,201,6956.394,
2026-09-21T01:30:01.552363+00:00,201,8239.993,
2026-09-21T01:29:59.937763+00:00,201,9874.241,
2026-09-21T01:29:58.324514+00:00,201,11489.363,
2026-09-21T01:30:03.360973+00:00,201,6454.809,
2026-09-21T01:29:43.665015+00:00,201,26152.704,
2026-09-21T01:29:54.601810+00:00,201,15221.555,
2026-09-21T01:30:02.293924+00:00,201,7557.148,
2026-09-21T01:30:03.309969+00:00,201,6543.228,
2026-09-21T01:30:04.670798+00:00,201,5207.968,
2026-09-21T01:29:48.906321+00:00,201,20984.102,
2026-09-21T01:29:48.640771+00:00,201,21251.853,
2026-09-21T01:29:40.517977+00:00,201,29376.961,
2026-09-21T01:30:03.292683+00:00,201,6604.705,
2026-09-21T01:30:08.619989+00:00,201,1279.898,
2026-09-21T01:30:09.266519+00:00,201,635.977,
2026-09-21T01:29:54.349842+00:00,201,15555.465,
2026-09-21T01:30:00.816010+00:00,201,9092.004,
2026-09-21T01:30:04.904113+00:00,201,5006.649,
2026-09-21T01:29:42.607609+00:00,201,27333.295,
2026-09-21T01:29:59.627314+00:00,201,10330.383,
2026-09-21T01:30:08.380186+00:00,201,1580.488,
2026-09-21T01:29:55.277481+00:00,201,14686.154,
2026-09-21T01:29:36.798825+00:00,201,33167.793,
2026-09-21T01:29:40.805239+00:00,201,29164.553,
2026-09-21T01:29:59.058492+00:00,201,10914.536,
2026-09-21T01:30:05.230248+00:00,201,4746.104,
2026-09-21T01:30:05.003064+00:00,201,4976.609,
2026-09-21T01:30:03.920566+00:00,201,6062.548,
2026-09-21T01:29:59.027525+00:00,201,10959.207,
2026-09-21T01:29:59.964536+00:00,201,10025.652,
2026-09-21T01:29:55.210585+00:00,201,14840.741,
2026-09-21T01:29:56.225455+00:00,201,13829.395,
2026-09-21T01:29:54.092504+00:00,201,15965.879,
2026-09-21T01:29:54.989620+00:00,201,15072.372,
2026-09-21T01:29:42.667510+00:00,201,27398.17,
2026-09-21T01:30:06.231658+00:00,201,3837.872,
2026-09-21T01:29:35.430787+00:00,201,34642.475,
2026-09-21T01:30:06.382664+00:00,201,3694.555,
2026-09-21T01:29:43.625218+00:00,201,26455.885,
2026-09-21T01:30:02.571184+00:00,201,7513.987,
2026-09-21T01:29:56.064297+00:00,201,14024.955,
2026-09-21T01:30:06.346679+00:00,201,3746.814,
2026-09-21T01:30:02.642104+00:00,201,7455.686,
2026-09-21T01:30:03.047405+00:00,201,7133.494,
2026-09-21T01:29:48.110117+00:00,201,22075.114,
2026-09-21T01:29:54.228762+00:00,201,15960.959,
2026-09-21T01:29:54.774006+00:00,201,15420.193,
2026-09-21T01:30:05.127370+00:00,201,5071.562,
2026-09-21T01:29:57.412747+00:00,201,12790.762,
2026-09-21T01:29:36.980099+00:00,201,33228.138,
2026-09-21T01:30:04.383737+00:00,201,5829.439,
2026-09-21T01:29:57.325541+00:00,201,12892.579,
2026-09-21T01:29:39.200816+00:00,201,31022.384,
2026-09-21T01:29:57.824330+00:00,201,12404.174,
2026-09-21T01:29:58.088478+00:00,201,12145.262,
2026-09-21T01:29:52.108316+00:00,201,18130.657,
2026-09-21T01:29:38.188952+00:00,201,32055.309,
2026-09-21T01:30:06.477583+00:00,201,3772.063,
2026-09-21T01:29:59.969741+00:00,201,10285.231,
2026-09-21T01:30:06.411654+00:00,201,3848.818,
2026-09-21T01:30:09.276412+00:00,201,989.73,
2026-09-21T01:29:35.805468+00:00,201,34466.348,
2026-09-21T01:30:01.960801+00:00,201,8316.844,
2026-09-21T01:29:53.331134+00:00,201,16952.357,
2026-09-21T01:30:01.370655+00:00,201,8918.819,
2026-09-21T01:29:57.636974+00:00,201,12658.562,
2026-09-21T01:30:09.053101+00:00,201,1248.513,
2026-09-21T01:29:52.639738+00:00,201,17667.951,
2026-09-21T01:29:48.733752+00:00,201,21580.189,
2026-09-21T01:30:04.490344+00:00,201,5829.91,
2026-09-21T01:30:08.650382+00:00,201,1676.233,
2026-09-21T01:29:35.097435+00:00,201,35235.557,
2026-09-21T01:30:05.233382+00:00,201,5106.161,
2026-09-21T01:29:52.632819+00:00,201,17713.246,
2026-09-21T01:29:55.331736+00:00,201,15021.031,
2026-09-21T01:29:42.038509+00:00,201,28320.99,
2026-09-21T01:30:06.431276+00:00,201,3934.908,
2026-09-21T01:30:02.393190+00:00,201,7979.817,
2026-09-21T01:29:54.496159+00:00,201,15883.748,
2026-09-21T01:29:39.998302+00:00,201,30388.66,
2026-09-21T01:29:50.119291+00:00,201,20274.83,
2026-09-21T01:29:44.363298+00:00,201,26037.877,
2026-09-21T01:29:55.868557+00:00,201,14539.99,
2026-09-21T01:29:52.643227+00:00,201,17772.651,
2026-09-21T01:30:07.410537+00:00,201,3012.808,
2026-09-21T01:29:49.175438+00:00,201,21326.03,
2026-09-21T01:29:37.968931+00:00,201,32594.602,
2026-09-21T01:30:09.149105+00:00,201,1422.026,
2026-09-21T01:29:57.703401+00:00,201,12875.242,
2026-09-21T01:29:38.421946+00:00,201,32164.173,
2026-09-21T01:30:06.487604+00:00,201,4106.307,
2026-09-21T01:30:03.633720+00:00,201,6967.988,
2026-09-21T01:29:34.230743+00:00,201,36378.696,
2026-09-21T01:30:02.544162+00:00,201,8073.423,
2026-09-21T01:29:40.913591+00:00,201,29759.583,
2026-09-21T01:29:57.261756+00:00,201,13478.171,
2026-09-21T01:30:09.565254+00:00,201,1198.578,
2026-09-21T01:29:49.729656+00:00,201,21042.102,
2026-09-21T01:30:09.597082+00:00,201,1182.823,
2026-09-21T01:29:55.119598+00:00,201,15766.43,
2026-09-21T01:29:59.376323+00:00,201,11580.296,
2026-09-21T01:29:49.357161+00:00,201,21696.772,
2026-09-21T01:29:56.870082+00:00,201,14199.729,
2026-09-21T01:29:49.289816+00:00,201,21831.257,
2026-09-21T01:30:06.369198+00:00,201,4816.994,
2026-09-21T01:29:56.154795+00:00,201,15047.505,
2026-09-21T01:30:06.359344+00:00,201,4988.495,
2026-09-21T01:30:05.638387+00:00,201,5733.249,
2026-09-21T01:30:08.866787+00:00,201,2797.3,
2026-09-21T01:29:48.886965+00:00,201,22796.657,
2026-09-21T01:30:03.054329+00:00,201,8644.986,
2026-09-21T01:29:58.516216+00:00,201,13199.39,
2026-09-21T01:30:08.896673+00:00,201,2851.67,
2026-09-21T01:29:55.096454+00:00,201,16862.295,
2026-09-21T01:29:55.587820+00:00,201,16386.929,
2026-09-21T01:30:05.028322+00:00,201,6990.04,
2026-09-21T01:29:52.964527+00:00,201,19073.687,
2026-09-21T01:29:56.254625+00:00,201,15947.13,
2026-09-21T01:29:41.266331+00:00,201,30959.63,
2026-09-21T01:30:04.654356+00:00,201,7579.666,
2026-09-21T01:29:49.228556+00:00,201,23013.585,
2026-09-21T01:29:43.737568+00:00,201,28575.579,
2026-09-21T01:30:05.705474+00:00,201,6750.764,
2026-09-21T01:30:00.811089+00:00,201,11792.338,
2026-09-21T01:29:51.502869+00:00,201,21151.511,
2026-09-21T01:29:55.483879+00:00,201,17202.022,
2026-09-21T01:30:04.949951+00:00,201,7748.271,
2026-09-21T01:30:02.336899+00:00,201,10369.349,
2026-09-21T01:30:06.903077+00:00,201,5910.641,
2026-09-21T01:30:08.626351+00:00,201,4242.774,
2026-09-21T01:30:05.579888+00:00,201,7359.559,
2026-09-21T01:30:04.009310+00:00,201,9150.694,
2026-09-21T01:29:59.767232+00:00,201,13520.581,
2026-09-21T01:30:08.294599+00:00,201,5065.85,
2026-09-21T01:29:58.682474+00:00,201,14744.116,
2026-09-21T01:30:02.294865+00:00,201,11188.759,
2026-09-21T01:30:08.033549+00:00,201,5492.832,
2026-09-21T01:29:49.230294+00:00,201,24336.564,
2026-09-21T01:30:09.611855+00:00,201,3986.994,
2026-09-21T01:29:58.537512+00:00,201,15077.279,
2026-09-21T01:29:39.669170+00:00,201,34072.224,
2026-09-21T01:29:55.982550+00:00,201,17834.316,
2026-09-21T01:30:06.251810+00:00,201,7580.993,
2026-09-21T01:30:08.689944+00:00,201,5170.956,
2026-09-21T01:30:02.617939+00:00,201,11251.048,
2026-09-21T01:29:53.351537+00:00,201,20567.743,
2026-09-21T01:30:00.008405+00:00,201,13939.334,
2026-09-21T01:29:43.706554+00:00,201,30290.58,
2026-09-21T01:29:56.608090+00:00,201,17409.588,
2026-09-21T01:29:55.200460+00:00,201,18833.262,
2026-09-21T01:30:07.308123+00:00,201,6827.719,
2026-09-21T01:29:57.898564+00:00,201,16357.007,
2026-09-21T01:29:43.571577+00:00,201,30734.257,
2026-09-21T01:29:40.495312+00:00,201,33818.401,
2026-09-21T01:29:56.653736+00:00,201,17770.923,
2026-09-21T01:30:01.323460+00:00,201,13120.879,
2026-09-21T01:30:02.652067+00:00,201,11819.991,
2026-09-21T01:30:05.586886+00:00,201,8996.158,
2026-09-21T01:29:48.866549+00:00,201,25803.679,
2026-09-21T01:30:10.065738+00:00,201,4729.686,
2026-09-21T01:29:38.091426+00:00,201,36733.029,
2026-09-21T01:29:55.310322+00:00,201,19631.888,
2026-09-21T01:30:04.523885+00:00,201,10468.733,
2026-09-21T01:30:10.601726+00:00,201,4417.214,
2026-09-21T01:29:49.172751+00:00,201,25866.716,
2026-09-21T01:30:05.012676+00:00,201,10063.659,
2026-09-21T01:30:09.151844+00:00,201,5982.43,
2026-09-21T01:29:57.342278+00:00,201,17811.924,
2026-09-21T01:29:41.827795+00:00,201,33350.064,
2026-09-21T01:29:33.859650+00:00,201,41329.149,
2026-09-21T01:30:09.205031+00:00,201,6005.173,
2026-09-21T01:29:54.592274+00:00,201,20643.108,
2026-09-21T01:30:08.140673+00:00,201,7101.792,
2026-09-21T01:29:41.319827+00:00,201,33943.096,
2026-09-21T01:30:11.926966+00:00,201,3370.214,
2026-09-21T01:29:43.002084+00:00,201,32311.556,
2026-09-21T01:30:05.448261+00:00,201,9877.814,
2026-09-21T01:29:53.954026+00:00,201,21376.356,
2026-09-21T01:29:49.872453+00:00,201,25462.774,
2026-09-21T01:30:02.910685+00:00,201,12437.078,
2026-09-21T01:29:51.346703+00:00,201,24018.52,
2026-09-21T01:29:55.979252+00:00,201,19418.072,
2026-09-21T01:30:09.979687+00:00,201,5437.044,
2026-09-21T01:30:10.108274+00:00,201,5310.051,
2026-09-21T01:29:52.737756+00:00,201,22681.999,
2026-09-21T01:29:49.974924+00:00,201,25457.94,
2026-09-21T01:30:00.484416+00:00,201,14953.246,
2026-09-21T01:30:02.400787+00:00,201,13051.447,
2026-09-21T01:30:15.039523+00:00,201,413.712,
2026-09-21T01:29:55.861561+00:00,201,19596.685,
2026-09-21T01:30:12.583731+00:00,201,2885.116,
2026-09-21T01:30:02.385057+00:00,201,13100.752,
2026-09-21T01:29:53.872580+00:00,201,21615.763,
2026-09-21T01:30:09.029970+00:00,201,6468.376,
2026-09-21T01:30:11.594911+00:00,201,3907.765,
2026-09-21T01:30:12.416343+00:00,201,3101.399,
2026-09-21T01:30:01.280492+00:00,201,14240.697,
2026-09-21T01:29:42.932028+00:00,201,32598.891,
2026-09-21T01:29:40.214723+00:00,201,35323.229,
2026-09-21T01:29:59.570305+00:00,201,15974.429,
2026-09-21T01:29:59.421653+00:00,201,16125.314,
2026-09-21T01:29:46.726743+00:00,201,28826.737,
2026-09-21T01:29:55.328714+00:00,201,20232.409,
2026-09-21T01:30:15.326098+00:00,201,236.167,
2026-09-21T01:30:04.657704+00:00,201,10909.065,
2026-09-21T01:29:50.435450+00:00,201,25141.088,
2026-09-21T01:29:57.292793+00:00,201,18296.895,
2026-09-21T01:29:50.566293+00:00,201,25034.248,
2026-09-21T01:30:05.805640+00:00,201,9796.592,
2026-09-21T01:30:09.426383+00:00,201,6186.363,
2026-09-21T01:29:59.224670+00:00,201,16404.283,
2026-09-21T01:30:12.404109+00:00,201,3249.341,
2026-09-21T01:29:42.729625+00:00,201,32932.242,
2026-09-21T01:29:56.417705+00:00,201,19246.325,
2026-09-21T01:30:12.456256+00:00,201,3211.269,
2026-09-21T01:30:02.815654+00:00,201,12859.041,
2026-09-21T01:30:07.938547+00:00,201,7749.799,
2026-09-21T01:30:06.913349+00:00,201,8778.73,
2026-09-21T01:30:02.780699+00:00,201,12913.98,
2026-09-21T01:29:37.357911+00:00,201,38349.974,
2026-09-21T01:30:09.812027+00:00,201,5897.288,
2026-09-21T01:30:02.030064+00:00,201,13690.945,
2026-09-21T01:30:03.547529+00:00,201,12179.019,
2026-09-21T01:30:15.517752+00:00,201,209.578,
2026-09-21T01:29:47.658831+00:00,201,28071.089,
2026-09-21T01:30:15.248495+00:00,201,484.878,
2026-09-21T01:29:34.018377+00:00,201,41727.362,
2026-09-21T01:29:54.313253+00:00,201,21437.284,
2026-09-21T01:29:48.318140+00:00,201,27448.866,
2026-09-21T01:30:01.476527+00:00,201,14302.32,
2026-09-21T01:29:57.210420+00:00,201,18581.185,
2026-09-21T01:29:48.130011+00:00,201,27666.221,
2026-09-21T01:30:03.986118+00:00,201,11811.661,
2026-09-21T01:29:51.849477+00:00,201,23953.669,
2026-09-21T01:29:39.798956+00:00,201,36026.223,
2026-09-21T01:30:03.019127+00:00,201,12808.234,
2026-09-21T01:29:55.754839+00:00,201,20075.059,
2026-09-21T01:30:03.684947+00:00,201,12149.013,
2026-09-21T01:30:09.709866+00:00,201,6140.786,
2026-09-21T01:30:15.664072+00:00,201,187.399,
2026-09-21T01:30:05.471312+00:00,201,10387.665,
2026-09-21T01:30:15.684757+00:00,201,179.091,
2026-09-21T01:30:15.705516+00:00,201,179.671,
2026-09-21T01:30:04.888435+00:00,201,11015.926,
2026-09-21T01:29:55.358259+00:00,201,20548.894,
2026-09-21T01:29:54.881543+00:00,201,21050.312,
2026-09-21T01:29:52.389876+00:00,201,23543.071,
2026-09-21T01:30:03.219455+00:00,201,12721.967,
2026-09-21T01:29:57.047165+00:00,201,18895.454,
2026-09-21T01:30:07.835536+00:00,201,8119.194,
2026-09-21T01:30:10.998553+00:00,201,4962.242,
2026-09-21T01:30:08.208531+00:00,201,7757.985,
2026-09-21T01:29:49.112597+00:00,201,26855.011,
2026-09-21T01:30:03.361925+00:00,201,12608.992,
2026-09-21T01:30:09.537835+00:00,201,6447.105,
2026-09-21T01:29:42.592323+00:00,201,33400.546,
2026-09-21T01:29:57.054151+00:00,201,18947.121,
2026-09-21T01:30:11.625108+00:00,201,4381.055,
2026-09-21T01:30:02.283884+00:00,201,13725.589,
2026-09-21T01:30:02.758869+00:00,201,13254.25,
2026-09-21T01:29:54.250986+00:00,201,21762.893,
2026-09-21T01:30:06.576101+00:00,201,9449.075,
2026-09-21T01:30:05.729729+00:00,201,10298.006,
2026-09-21T01:30:01.113008+00:00,201,14920.533,
2026-09-21T01:30:12.892694+00:00,201,3148.491,
2026-09-21T01:30:15.859000+00:00,201,184.871,
2026-09-21T01:29:42.226148+00:00,201,33822.974,
2026-09-21T01:30:03.744022+00:00,201,12318.919,
2026-09-21T01:30:10.814115+00:00,201,5251.95,
2026-09-21T01:29:39.378682+00:00,201,36688.647,
2026-09-21T01:30:09.029036+00:00,201,7042.186,
2026-09-21T01:30:05.935122+00:00,201,10144.377,
2026-09-21T01:29:41.905570+00:00,201,34187.707,
2026-09-21T01:30:05.830415+00:00,201,10266.791,
2026-09-21T01:30:03.563905+00:00,201,12535.822,
2026-09-21T01:30:06.026929+00:00,201,10078.852,
2026-09-21T01:29:50.137176+00:00,201,25996.498,
2026-09-21T01:30:09.426899+00:00,201,6707.46,
2026-09-21T01:29:55.640291+00:00,201,20497.639,
2026-09-21T01:30:10.260484+00:00,201,5881.239,
2026-09-21T01:29:57.765833+00:00,201,18384.257,
2026-09-21T01:30:01.318026+00:00,201,14841.9,
2026-09-21T01:30:13.534653+00:00,201,2649.506,
2026-09-21T01:30:06.588819+00:00,201,9651.818,
2026-09-21T01:30:04.149569+00:00,201,12101.828,
2026-09-21T01:30:03.017531+00:00,201,13234.588,
2026-09-21T01:29:58.687548+00:00,201,17570.384,
2026-09-21T01:29:55.106738+00:00,201,21152.677,
2026-09-21T01:30:07.925140+00:00,201,8360.376,
2026-09-21T01:29:54.811400+00:00,201,21481.686,
2026-09-21T01:29:50.661178+00:00,201,25633.426,
2026-09-21T01:30:11.311511+00:00,201,4983.883,
2026-09-21T01:30:03.946082+00:00,201,12352.527,
2026-09-21T01:30:04.513816+00:00,201,11801.685,
2026-09-21T01:30:11.605155+00:00,201,4711.417,
2026-09-21T01:30:02.883345+00:00,201,13435.893,
2026-09-21T01:29:55.821971+00:00,201,20507.404,
2026-09-21T01:30:06.151309+00:00,201,10180.082,
2026-09-21T01:29:49.276066+00:00,201,27056.722,
2026-09-21T01:30:16.133730+00:00,201,200.636,
2026-09-21T01:30:16.134375+00:00,201,210.212,
2026-09-21T01:30:06.899705+00:00,201,9454.207,
2026-09-21T01:29:44.494801+00:00,201,31873.451,
2026-09-21T01:29:56.999254+00:00,201,19379.003,
2026-09-21T01:29:44.229928+00:00,201,32152.209,
2026-09-21T01:30:01.769445+00:00,201,14636.054,
2026-09-21T01:29:43.848431+00:00,201,32561.076,
2026-09-21T01:30:10.401231+00:00,201,6012.506,
2026-09-21T01:29:49.099691+00:00,201,27324.739,
2026-09-21T01:30:02.862743+00:00,201,13583.348,
2026-09-21T01:30:08.831461+00:00,201,7645.434,
2026-09-21T01:30:12.424499+00:00,201,4067.126,
2026-09-21T01:30:16.251425+00:00,201,254.195,
2026-09-21T01:30:07.626211+00:00,201,8883.021,
2026-09-21T01:30:02.754574+00:00,201,13765.386,
2026-09-21T01:30:16.252149+00:00,201,288.917,
2026-09-21T01:29:44.905867+00:00,201,31644.622,
2026-09-21T01:30:13.725027+00:00,201,2828.861,
2026-09-21T01:29:41.651249+00:00,201,34914.569,
2026-09-21T01:29:49.715389+00:00,201,26852.799,
2026-09-21T01:30:10.233768+00:00,201,6339.954,
2026-09-21T01:30:11.153653+00:00,201,5421.111,
2026-09-21T01:30:15.589728+00:00,201,986.149,
2026-09-21T01:29:55.853486+00:00,201,20723.507,
2026-09-21T01:30:12.575810+00:00,201,4004.625,
2026-09-21T01:29:56.239032+00:00,201,20345.606,
2026-09-21T01:30:09.895000+00:00,201,6694.04,
2026-09-21T01:30:15.352785+00:00,201,1241.322,
2026-09-21T01:29:47.118631+00:00,201,29476.747,
2026-09-21T01:30:10.994441+00:00,201,5603.622,
2026-09-21T01:29:53.012259+00:00,201,23587.223,
2026-09-21T01:29:43.549674+00:00,201,33064.268,
2026-09-21T01:30:05.349911+00:00,201,11265.549,
2026-09-21T01:30:07.108981+00:00,201,9511.368,
2026-09-21T01:29:34.344646+00:00,201,42280.75,
2026-09-21T01:29:58.501089+00:00,201,18132.554,
2026-09-21T01:29:57.883373+00:00,201,18761.327,
2026-09-21T01:30:09.238639+00:00,201,7423.368,
2026-09-21T01:29:55.667351+00:00,201,21002.852,
2026-09-21T01:29:44.039039+00:00,201,32632.381,
2026-09-21T01:30:10.415917+00:00,201,6256.835,
2026-09-21T01:30:09.167519+00:00,201,7506.547,
2026-09-21T01:30:11.599005+00:00,201,5076.498,
2026-09-21T01:30:04.248790+00:00,201,12428.182,
2026-09-21T01:29:57.431118+00:00,201,19247.34,
2026-09-21T01:29:37.128844+00:00,201,39551.171,
2026-09-21T01:30:02.085609+00:00,201,14596.095,
2026-09-21T01:30:03.026826+00:00,201,13667.353,
2026-09-21T01:30:03.762358+00:00,201,12953.758,
2026-09-21T01:29:53.869031+00:00,201,22849.07,
2026-09-21T01:30:12.201790+00:00,201,4518.352,
2026-09-21T01:30:06.544296+00:00,201,10177.935,
2026-09-21T01:29:32.954841+00:00,201,43769.448,
2026-09-21T01:29:56.745192+00:00,201,19981.306,
2026-09-21T01:29:59.852216+00:00,201,16889.789,
2026-09-21T01:30:10.239012+00:00,201,6505.184,
2026-09-21T01:29:55.610580+00:00,201,21151.35,
2026-09-21T01:29:58.697978+00:00,201,18073.094,
2026-09-21T01:30:01.062651+00:00,201,15710.92,
2026-09-21T01:29:54.248605+00:00,201,22527.5,
2026-09-21T01:29:51.381883+00:00,201,25396.772,
2026-09-21T01:29:43.834882+00:00,201,32946.415,
2026-09-21T01:30:15.324134+00:00,201,1459.997,
2026-09-21T01:30:10.430524+00:00,201,6400.428,
2026-09-21T01:30:07.321126+00:00,201,9522.71,
2026-09-21T01:30:16.505624+00:00,201,422.375,
2026-09-21T01:30:11.476243+00:00,201,5455.712,
2026-09-21T01:30:01.474073+00:00,201,15481.962,
2026-09-21T01:30:12.263662+00:00,201,4707.826,
2026-09-21T01:30:07.720990+00:00,201,9262.012,
2026-09-21T01:30:11.186205+00:00,201,5831.148,
2026-09-21T01:30:16.595440+00:00,201,432.0,
2026-09-21T01:29:58.830338+00:00,201,18204.351,
2026-09-21T01:30:00.505285+00:00,201,16552.143,
2026-09-21T01:30:01.479143+00:00,201,15594.544,
2026-09-21T01:30:08.377401+00:00,201,8703.727,
2026-09-21T01:30:02.727910+00:00,201,14432.066,
2026-09-21T01:30:15.049624+00:00,201,2113.252,
2026-09-21T01:29:36.574708+00:00,201,40590.914,
2026-09-21T01:30:09.994321+00:00,201,7181.719,
2026-09-21T01:30:16.344592+00:00,201,846.303,
2026-09-21T01:30:03.083309+00:00,201,14110.628,
2026-09-21T01:29:36.880324+00:00,201,40316.578,
2026-09-21T01:29:56.091525+00:00,201,21108.567,
2026-09-21T01:30:12.267943+00:00,201,4986.653,
2026-09-21T01:29:55.466448+00:00,201,21791.039,
2026-09-21T01:30:00.975387+00:00,201,16285.161,
2026-09-21T01:30:03.998000+00:00,201,13265.595,
2026-09-21T01:30:15.852447+00:00,201,1414.315,
2026-09-21T01:30:03.137645+00:00,201,14132.267,
2026-09-21T01:30:03.940794+00:00,201,13332.422,
2026-09-21T01:30:08.826953+00:00,201,8449.645,
2026-09-21T01:29:56.227779+00:00,201,21052.124,
2026-09-21T01:30:15.966535+00:00,201,1316.884,
2026-09-21T01:29:56.733940+00:00,201,20552.928,
2026-09-21T01:29:42.745454+00:00,201,34544.951,
2026-09-21T01:30:01.681113+00:00,201,15612.944,
2026-09-21T01:29:46.339265+00:00,201,30958.481,
2026-09-21T01:29:47.791903+00:00,201,29509.551,
2026-09-21T01:29:55.918659+00:00,201,21386.7,
2026-09-21T01:30:07.568223+00:00,201,9741.107,
2026-09-21T01:29:51.580771+00:00,201,25732.448,
2026-09-21T01:30:03.901277+00:00,201,13416.133,
2026-09-21T01:29:45.110321+00:00,201,32211.244,
2026-09-21T01:30:08.474207+00:00,201,8851.656,
2026-09-21T01:29:50.063400+00:00,201,27266.764,
2026-09-21T01:29:49.474862+00:00,201,27859.66,
2026-09-21T01:29:50.174763+00:00,201,27164.187,
2026-09-21T01:30:11.715636+00:00,201,5627.825,
2026-09-21T01:29:44.013593+00:00,201,33334.323,
2026-09-21T01:30:16.403988+00:00,201,948.595,
2026-09-21T01:30:07.677203+00:00,201,9680.021,
2026-09-21T01:30:09.003962+00:00,201,8357.981,
2026-09-21T01:30:05.851465+00:00,201,11515.359,
2026-09-21T01:29:48.378367+00:00,201,28993.28,
2026-09-21T01:29:55.135151+00:00,201,22317.721,
2026-09-21T01:29:50.644526+00:00,201,26820.699,
2026-09-21T01:29:57.469210+00:00,201,20001.119,
2026-09-21T01:29:57.239273+00:00,201,20236.196,
2026-09-21T01:30:11.303291+00:00,201,6177.436,
2026-09-21T01:30:09.624183+00:00,201,7861.932,
2026-09-21T01:30:14.537945+00:00,201,2953.809,
2026-09-21T01:30:02.535520+00:00,201,14961.835,
2026-09-21T01:29:45.590893+00:00,201,31912.046,
2026-09-21T01:30:04.265129+00:00,201,13243.515,
2026-09-21T01:29:38.976688+00:00,201,38537.649,
2026-09-21T01:30:03.891831+00:00,201,13628.505,
2026-09-21T01:29:42.191233+00:00,201,35384.502,
2026-09-21T01:29:57.656229+00:00,201,19977.676,
2026-09-21T01:30:15.709330+00:00,201,1930.465,
2026-09-21T01:30:16.444227+00:00,201,1201.481,
2026-09-21T01:29:53.675883+00:00,201,23975.786,
2026-09-21T01:30:02.654341+00:00,201,15003.314,
2026-09-21T01:29:48.185543+00:00,201,29478.112,
2026-09-21T01:30:02.072190+00:00,201,15597.655,
2026-09-21T01:29:52.856510+00:00,201,24819.467,
2026-09-21T01:30:00.653542+00:00,201,17028.828,
2026-09-21T01:30:15.246960+00:00,201,2441.699,
2026-09-21T01:29:35.295191+00:00,201,42399.9,
2026-09-21T01:29:42.114731+00:00,201,35586.876,
2026-09-21T01:30:13.598862+00:00,201,4109.392,
2026-09-21T01:30:03.024120+00:00,201,14690.62,
2026-09-21T01:30:03.006083+00:00,201,14715.26,
2026-09-21T01:30:14.558799+00:00,201,3169.145,
2026-09-21T01:30:03.671359+00:00,201,14063.343,
2026-09-21T01:29:58.319652+00:00,201,19468.208,
2026-09-21T01:30:16.830970+00:00,201,1047.944,
2026-09-21T01:30:16.552409+00:00,201,1333.327,
2026-09-21T01:29:49.015502+00:00,201,28920.024,
2026-09-21T01:29:59.959444+00:00,201,18067.971,
2026-09-21T01:29:58.123853+00:00,201,19910.625,
2026-09-21T01:30:16.603737+00:00,201,1565.373,
2026-09-21T01:30:06.494281+00:00,201,11734.549,
2026-09-21T01:30:06.484336+00:00,201,11776.616,
2026-09-21T01:30:09.892670+00:00,201,8421.967,
2026-09-21T01:29:47.886620+00:00,201,30518.159,
2026-09-21T01:30:14.546312+00:00,201,3865.82,
2026-09-21T01:30:15.553541+00:00,201,2908.737,
2026-09-21T01:30:09.691868+00:00,201,8781.525,
2026-09-21T01:30:15.797807+00:00,201,2862.417,
2026-09-21T01:30:11.053979+00:00,201,7648.002,
2026-09-21T01:30:13.052074+00:00,201,5705.963,
2026-09-21T01:29:58.197904+00:00,201,20610.763,
2026-09-21T01:30:14.313785+00:00,201,4512.923,
2026-09-21T01:29:55.503769+00:00,201,23348.653,
2026-09-21T01:30:14.472086+00:00,201,4391.36,
2026-09-21T01:29:51.805316+00:00,201,27084.042,
2026-09-21T01:30:07.717464+00:00,201,11280.174,
2026-09-21T01:29:39.892206+00:00,201,39212.129,
2026-09-21T01:29:44.043624+00:00,201,35152.463,
2026-09-21T01:30:17.885743+00:00,201,1317.647,
2026-09-21T01:30:07.122751+00:00,201,12172.233,
2026-09-21T01:30:00.479262+00:00,201,18830.082,
2026-09-21T01:29:58.314789+00:00,201,21009.163,
2026-09-21T01:29:50.803822+00:00,201,28664.376,
2026-09-21T01:29:49.339413+00:00,201,30135.784,
2026-09-21T01:30:06.248567+00:00,201,13350.875,
2026-09-21T01:30:17.136701+00:00,201,2469.813,
2026-09-21T01:30:15.521220+00:00,201,4136.515,
2026-09-21T01:29:55.225250+00:00,201,24493.479,
2026-09-21T01:30:17.257534+00:00,201,2624.832,
2026-09-21T01:30:10.346103+00:00,201,9557.18,
2026-09-21T01:30:08.374622+00:00,201,11535.82,
2026-09-21T01:30:00.984861+00:00,201,18983.408,
2026-09-21T01:29:57.632044+00:00,201,22382.199,
2026-09-21T01:30:17.260583+00:00,201,2781.936,
2026-09-21T01:30:00.287425+00:00,201,19868.495,
2026-09-21T01:30:12.555569+00:00,201,7696.533,
2026-09-21T01:30:06.804414+00:00,201,13571.238,
2026-09-21T01:30:06.033469+00:00,201,14362.777,
2026-09-21T01:30:17.910645+00:00,201,2564.202,
2026-09-21T01:30:08.830060+00:00,201,11691.35,
2026-09-21T01:30:09.690926+00:00,201,10872.772,
2026-09-21T01:30:15.850668+00:00,201,4744.831,
2026-09-21T01:30:01.934563+00:00,201,18682.449,
2026-09-21T01:30:01.911663+00:00,201,18716.157,
2026-09-21T01:30:07.029574+00:00,201,13669.793,
2026-09-21T01:30:10.638104+00:00,201,10068.271,
2026-09-21T01:30:05.583554+00:00,201,15251.132,
2026-09-21T01:29:54.062314+00:00,201,26902.48,
2026-09-21T01:30:00.842702+00:00,201,20143.099,
2026-09-21T01:30:08.997399+00:00,201,12026.354,
2026-09-21T01:30:03.774269+00:00,201,17270.969,
2026-09-21T01:30:19.903306+00:00,201,1159.882,
2026-09-21T01:30:10.081160+00:00,201,11073.495,
2026-09-21T01:30:11.307417+00:00,201,9868.769,
2026-09-21T01:30:18.631931+00:00,201,2558.754,
2026-09-21T01:30:19.910468+00:00,201,1297.732,
2026-09-21T01:30:09.713702+00:00,201,11672.895,
2026-09-21T01:30:17.286912+00:00,201,4180.44,
2026-09-21T01:30:12.246448+00:00,201,9231.553,
2026-09-21T01:29:42.134781+00:00,201,39665.261,
2026-09-21T01:29:55.250084+00:00,201,26556.839,
2026-09-21T01:30:15.458289+00:00,201,6365.116,
2026-09-21T01:29:40.515459+00:00,201,41312.46,
2026-09-21T01:29:50.455642+00:00,201,31440.095,
2026-09-21T01:30:15.323108+00:00,201,6592.791,
2026-09-21T01:30:14.369098+00:00,201,7568.588,
2026-09-21T01:30:13.067556+00:00,201,8881.445,
2026-09-21T01:29:49.972442+00:00,201,32036.578,
2026-09-21T01:29:52.741485+00:00,201,29272.421,
2026-09-21T01:29:51.897647+00:00,201,30224.257,
2026-09-21T01:30:14.956541+00:00,201,7176.821,
2026-09-21T01:29:37.139674+00:00,201,45009.897,
2026-09-21T01:30:10.788411+00:00,201,11390.414,
2026-09-21T01:30:19.936551+00:00,201,2252.065,
2026-09-21T01:30:06.255000+00:00,201,15969.737,
2026-09-21T01:29:54.693270+00:00,201,27653.926,
2026-09-21T01:29:49.786104+00:00,201,32566.246,
2026-09-21T01:30:15.562269+00:00,201,6799.349,
2026-09-21T01:29:58.846342+00:00,201,23533.714,
2026-09-21T01:30:13.704326+00:00,201,8684.917,
2026-09-21T01:30:18.194043+00:00,201,4207.288,
2026-09-21T01:30:17.321633+00:00,201,5081.913,
2026-09-21T01:30:08.921461+00:00,201,13485.321,
2026-09-21T01:29:45.021736+00:00,201,37395.679,
2026-09-21T01:29:48.247766+00:00,201,34185.096,
2026-09-21T01:29:42.304392+00:00,201,40130.788,
2026-09-21T01:29:56.750883+00:00,201,25759.725,
2026-09-21T01:30:03.770230+00:00,201,18766.522,
2026-09-21T01:30:09.655227+00:00,201,12888.454,
2026-09-21T01:30:03.097130+00:00,201,19493.801,
2026-09-21T01:29:55.355431+00:00,201,27240.812,
2026-09-21T01:29:55.639353+00:00,201,26965.92,
2026-09-21T01:30:05.343308+00:00,201,17281.432,
2026-09-21T01:30:14.208503+00:00,201,8420.059,
2026-09-21T01:29:58.871635+00:00,201,23770.671,
2026-09-21T01:30:20.201516+00:00,201,2458.797,
2026-09-21T01:30:10.249657+00:00,201,12415.342,
2026-09-21T01:30:16.521853+00:00,201,6167.505,
2026-09-21T01:30:14.848238+00:00,201,7848.3,
2026-09-21T01:29:52.105001+00:00,201,30592.544,
2026-09-21T01:29:58.255222+00:00,201,24443.428,
2026-09-21T01:30:21.638896+00:00,201,1077.417,
2026-09-21T01:29:56.006791+00:00,201,26712.937,
2026-09-21T01:29:53.971907+00:00,201,28751.287,
2026-09-21T01:29:57.224659+00:00,201,25521.243,
2026-09-21T01:30:08.119069+00:00,201,14628.479,
2026-09-21T01:30:21.358475+00:00,201,1390.775,
2026-09-21T01:30:19.628529+00:00,201,3123.868,
2026-09-21T01:30:17.366851+00:00,201,5386.875,
2026-09-21T01:30:09.582126+00:00,201,13184.317,
2026-09-21T01:29:54.849154+00:00,201,27933.079,
2026-09-21T01:30:10.969848+00:00,201,11816.594,
2026-09-21T01:30:10.827049+00:00,201,11991.891,
2026-09-21T01:30:19.207611+00:00,201,3613.028,
2026-09-21T01:30:00.668946+00:00,201,22154.031,
2026-09-21T01:29:50.215588+00:00,201,32611.169,
2026-09-21T01:30:08.648219+00:00,201,14181.455,
2026-09-21T01:30:05.815057+00:00,201,17024.646,
2026-09-21T01:30:18.660234+00:00,201,4188.644,
2026-09-21T01:30:15.289055+00:00,201,7563.107,
2026-09-21T01:29:48.860558+00:00,201,34015.899,
2026-09-21T01:30:07.016340+00:00,201,15868.114,
2026-09-21T01:30:22.665027+00:00,201,245.185,
2026-09-21T01:30:17.514417+00:00,201,5407.44,
2026-09-21T01:30:21.921361+00:00,201,1011.727,
2026-09-21T01:29:51.790603+00:00,201,31144.782,
2026-09-21T01:30:03.778389+00:00,201,19161.677,
2026-09-21T01:30:01.397601+00:00,201,21557.549,
2026-09-21T01:29:47.663294+00:00,201,35296.008,
2026-09-21T01:29:48.626311+00:00,201,34368.291,
2026-09-21T01:30:12.731435+00:00,201,10288.181,
2026-09-21T01:30:10.809748+00:00,201,12222.632,
2026-09-21T01:29:37.867003+00:00,201,45172.59,
2026-09-21T01:30:21.212421+00:00,201,1864.672,
2026-09-21T01:30:15.561169+00:00,201,7549.139,
2026-09-21T01:29:39.480291+00:00,201,43632.689,
2026-09-21T01:30:09.414965+00:00,201,13708.448,
2026-09-21T01:29:54.957486+00:00,201,28169.009,
2026-09-21T01:30:16.565891+00:00,201,6562.745,
2026-09-21T01:30:22.848891+00:00,201,299.402,
2026-09-21T01:29:48.447814+00:00,201,34708.032,
2026-09-21T01:29:39.758326+00:00,201,43402.91,
2026-09-21T01:29:53.354949+00:00,201,29807.42,
2026-09-21T01:30:16.043875+00:00,201,7120.489,
2026-09-21T01:30:04.794096+00:00,201,18376.015,
2026-09-21T01:29:42.377539+00:00,201,40808.068,
2026-09-21T01:29:58.781782+00:00,201,24423.309,
2026-09-21T01:29:49.278298+00:00,201,33928.382,
2026-09-21T01:30:02.684287+00:00,201,20544.273,
2026-09-21T01:29:49.199246+00:00,201,34030.304,
2026-09-21T01:30:09.089325+00:00,201,14141.381,
2026-09-21T01:29:55.895690+00:00,201,27336.129,
2026-09-21T01:29:56.687490+00:00,201,26545.55,
2026-09-21T01:30:16.067405+00:00,201,7166.951,
2026-09-21T01:30:21.208207+00:00,201,2027.521,
2026-09-21T01:29:51.289490+00:00,201,31947.594,
2026-09-21T01:30:08.895619+00:00,201,14343.046,
2026-09-21T01:29:49.113184+00:00,201,34127.007,
2026-09-21T01:30:10.563602+00:00,201,12678.297,
2026-09-21T01:30:09.640412+00:00,201,13603.205,
2026-09-21T01:30:22.741779+00:00,201,503.669,
2026-09-21T01:29:52.321931+00:00,201,30925.333,
2026-09-21T01:30:16.971501+00:00,201,6294.568,
2026-09-21T01:30:16.062970+00:00,201,7223.647,
2026-09-21T01:30:13.384287+00:00,201,9904.473,
2026-09-21T01:30:18.068572+00:00,201,5222.353,
2026-09-21T01:30:08.468483+00:00,201,14824.619,
2026-09-21T01:30:22.149665+00:00,201,1145.806,
2026-09-21T01:30:15.667535+00:00,201,7630.221,
2026-09-21T01:29:55.862645+00:00,201,27459.286,
2026-09-21T01:30:15.191272+00:00,201,8149.822,
2026-09-21T01:30:00.958437+00:00,201,22385.029,
2026-09-21T01:29:43.287915+00:00,201,40057.927,
2026-09-21T01:30:22.660321+00:00,201,728.887,
2026-09-21T01:30:21.217496+00:00,201,2178.379,
2026-09-21T01:29:42.572081+00:00,201,40826.436,
2026-09-21T01:30:04.563851+00:00,201,18837.482,
2026-09-21T01:30:13.816906+00:00,201,9587.268,
2026-09-21T01:30:02.511515+00:00,201,20895.543,
2026-09-21T01:29:49.863876+00:00,201,33546.188,
2026-09-21T01:29:49.233849+00:00,201,34179.266,
2026-09-21T01:30:14.058553+00:00,201,9357.714,
2026-09-21T01:30:22.780537+00:00,201,638.959,
2026-09-21T01:30:10.831281+00:00,201,12591.42,
2026-09-21T01:30:09.511012+00:00,201,13915.046,
2026-09-21T01:30:12.018380+00:00,201,11424.021,
2026-09-21T01:30:19.076161+00:00,201,4388.802,
2026-09-21T01:30:21.737647+00:00,201,1749.727,
2026-09-21T01:30:04.271576+00:00,201,19228.078,
2026-09-21T01:30:16.322798+00:00,201,7180.813,
2026-09-21T01:29:53.668788+00:00,201,29838.627,
2026-09-21T01:30:08.205734+00:00,201,15305.571,
2026-09-21T01:29:54.965286+00:00,201,28550.085,
2026-09-21T01:30:01.498596+00:00,201,22020.822,
2026-09-21T01:30:04.680327+00:00,201,18843.272,
2026-09-21T01:30:19.072521+00:00,201,4455.262,
2026-09-21T01:30:05.931857+00:00,201,17600.252,
2026-09-21T01:30:09.773146+00:00,201,13824.304,
2026-09-21T01:30:03.905992+00:00,201,19708.882,
2026-09-21T01:30:15.437695+00:00,201,8181.676,
2026-09-21T01:30:21.224828+00:00,201,2399.134,
2026-09-21T01:30:09.693835+00:00,201,13934.755,
2026-09-21T01:30:11.459898+00:00,201,12173.467,
2026-09-21T01:30:01.805446+00:00,201,21832.644,
2026-09-21T01:30:19.657746+00:00,201,3996.282,
2026-09-21T01:30:01.059885+00:00,201,22611.24,
2026-09-21T01:29:40.606182+00:00,201,43072.317,
2026-09-21T01:30:09.908037+00:00,201,13926.787,
2026-09-21T01:29:45.026220+00:00,201,38842.222,
2026-09-21T01:29:59.048423+00:00,201,24827.95,
2026-09-21T01:29:50.687067+00:00,201,33236.858,
2026-09-21T01:30:15.290284+00:00,201,8652.649,
2026-09-21T01:29:52.536801+00:00,201,31424.353,
2026-09-21T01:30:16.744213+00:00,201,7222.475,
2026-09-21T01:29:55.727086+00:00,201,28245.161,
2026-09-21T01:29:45.119127+00:00,201,38858.747,
2026-09-21T01:29:57.088783+00:00,201,26894.947,
2026-09-21T01:30:09.157377+00:00,201,14832.242,
2026-09-21T01:30:16.987579+00:00,201,7007.873,
2026-09-21T01:30:19.104418+00:00,201,4896.862,
2026-09-21T01:30:09.227083+00:00,201,14780.068,
2026-09-21T01:29:59.293559+00:00,201,24719.621,
2026-09-21T01:30:06.794295+00:00,201,17277.029,
2026-09-21T01:30:16.294659+00:00,201,7868.131,
2026-09-21T01:30:07.008171+00:00,201,17230.412,
2026-09-21T01:30:16.626928+00:00,201,7705.119,
2026-09-21T01:30:01.990908+00:00,201,22368.372,
2026-09-21T01:30:22.411806+00:00,201,1978.085,
2026-09-21T01:30:21.937705+00:00,201,2458.338,
2026-09-21T01:29:55.426138+00:00,201,28976.143,
2026-09-21T01:30:05.043673+00:00,201,19364.899,
2026-09-21T01:30:22.103706+00:00,201,2311.352,
2026-09-21T01:30:16.990713+00:00,201,7430.818,
2026-09-21T01:29:50.513268+00:00,201,33914.77,
2026-09-21T01:30:04.367178+00:00,201,20067.488,
2026-09-21T01:30:22.976648+00:00,201,1464.723,
2026-09-21T01:30:22.201525+00:00,201,2246.625,
2026-09-21T01:30:14.200379+00:00,201,10254.629,
2026-09-21T01:29:43.746396+00:00,201,40715.497,
2026-09-21T01:30:12.087328+00:00,201,12381.677,
2026-09-21T01:30:19.650558+00:00,201,4825.707,
2026-09-21T01:29:43.160384+00:00,201,41323.04,
2026-09-21T01:29:47.113647+00:00,201,37377.2,
2026-09-21T01:29:33.314725+00:00,201,51183.475,
2026-09-21T01:29:56.605540+00:00,201,27900.214,
2026-09-21T01:30:17.532833+00:00,201,6980.53,
2026-09-21T01:29:56.374807+00:00,201,28146.17,
2026-09-21T01:30:03.882671+00:00,201,20646.053,
2026-09-21T01:30:06.780623+00:00,201,17755.859,
2026-09-21T01:29:52.903322+00:00,201,31641.011,
2026-09-21T01:30:12.567722+00:00,201,11984.713,
2026-09-21T01:30:22.852180+00:00,201,1708.359,
2026-09-21T01:30:03.086232+00:00,201,21482.43,
2026-09-21T01:30:13.882064+00:00,201,10694.794,
2026-09-21T01:29:56.071987+00:00,201,28513.146,
2026-09-21T01:29:37.491581+00:00,201,47101.896,
2026-09-21T01:29:55.907682+00:00,201,28694.309,
2026-09-21T01:30:19.493135+00:00,201,5117.567,
2026-09-21T01:29:41.902094+00:00,201,42717.094,
2026-09-21T01:30:21.740165+00:00,201,2887.809,
2026-09-21T01:30:18.042848+00:00,201,6594.198,
2026-09-21T01:30:13.230943+00:00,201,11415.074,
2026-09-21T01:29:49.843512+00:00,201,34811.422,
2026-09-21T01:30:05.468078+00:00,201,19195.943,
2026-09-21T01:30:21.833239+00:00,201,2839.945,
2026-09-21T01:29:38.647273+00:00,201,46035.137,
2026-09-21T01:29:54.649323+00:00,201,30042.333,
2026-09-21T01:30:14.216551+00:00,201,10627.639,
2026-09-21T01:30:12.091509+00:00,201,12794.395,
2026-09-21T01:30:17.279950+00:00,201,7615.35,
2026-09-21T01:30:22.413013+00:00,201,2491.845,
2026-09-21T01:30:07.314569+00:00,201,17599.892,
2026-09-21T01:29:51.863429+00:00,201,33060.664,
2026-09-21T01:30:09.914436+00:00,201,15019.4,
2026-09-21T01:30:15.235426+00:00,201,9708.252,
2026-09-21T01:29:55.652708+00:00,201,29300.855,
2026-09-21T01:30:05.818168+00:00,201,19145.525,
2026-09-21T01:30:07.821531+00:00,201,17152.185,
2026-09-21T01:30:09.577450+00:00,201,15406.362,
2026-09-21T01:30:15.416746+00:00,201,9577.306,
2026-09-21T01:30:08.289209+00:00,201,16715.024,
2026-09-21T01:29:46.990426+00:00,201,38023.719,
2026-09-21T01:30:07.202396+00:00,201,17821.822,
2026-09-21T01:29:48.564917+00:00,201,36613.377,
2026-09-21T01:29:54.363844+00:00,201,30824.737,
2026-09-21T01:30:12.104135+00:00,201,13156.931,
2026-09-21T01:29:48.673256+00:00,201,36598.135,
2026-09-21T01:29:57.858298+00:00,201,27423.606,
2026-09-21T01:30:16.295407+00:00,201,8997.194,
2026-09-21T01:29:56.858086+00:00,201,28445.265,
2026-09-21T01:30:05.224061+00:00,201,20089.986,
2026-09-21T01:30:17.899919+00:00,201,7558.585,
2026-09-21T01:29:46.583726+00:00,201,38963.807,
2026-09-21T01:30:12.603455+00:00,201,12960.932,
2026-09-21T01:30:17.334581+00:00,201,8295.407,
2026-09-21T01:29:48.730110+00:00,201,36927.1,
2026-09-21T01:30:03.618816+00:00,201,22049.591,
2026-09-21T01:30:13.898862+00:00,201,11780.687,
2026-09-21T01:30:12.735659+00:00,201,12955.05,
2026-09-21T01:29:43.183037+00:00,201,42518.93,
2026-09-21T01:29:56.639136+00:00,201,29074.219,
2026-09-21T01:30:21.843126+00:00,201,3881.66,
2026-09-21T01:29:35.074736+00:00,201,50661.519,
2026-09-21T01:29:55.992654+00:00,201,29755.292,
2026-09-21T01:30:12.313207+00:00,201,13446.439,
2026-09-21T01:30:09.409809+00:00,201,16361.537,
2026-09-21T01:29:49.774445+00:00,201,36008.797,
2026-09-21T01:29:52.752363+00:00,201,33042.816,
2026-09-21T01:30:19.475262+00:00,201,6331.985,
2026-09-21T01:30:16.834402+00:00,201,8984.841,
2026-09-21T01:30:12.579735+00:00,201,13251.635,
2026-09-21T01:30:11.174113+00:00,201,14837.649,
2026-09-21T01:29:43.293000+00:00,201,42737.564,
2026-09-21T01:30:03.443552+00:00,201,22961.914,
2026-09-21T01:30:02.620074+00:00,201,23840.851,
2026-09-21T01:30:21.232100+00:00,201,5457.64,
2026-09-21T01:30:22.910216+00:00,201,3849.019,
2026-09-21T01:29:57.040207+00:00,201,29769.646,
2026-09-21T01:30:22.096329+00:00,201,4769.001,
2026-09-21T01:30:11.323926+00:00,201,15559.89,
2026-09-21T01:30:02.672055+00:00,201,24446.373,
2026-09-21T01:30:12.038256+00:00,201,15341.758,
2026-09-21T01:29:56.444587+00:00,201,31001.387,
2026-09-21T01:30:06.797689+00:00,201,20672.38,
2026-09-21T01:30:07.603227+00:00,201,19928.527,
2026-09-21T01:30:11.141151+00:00,201,16451.352,
2026-09-21T01:30:08.371826+00:00,201,19492.893,
2026-09-21T01:29:48.814584+00:00,201,39106.566,
2026-09-21T01:30:17.266769+00:00,201,10801.644,
2026-09-21T01:30:03.172556+00:00,201,25409.736,
2026-09-21T01:30:04.771721+00:00,201,23818.334,
2026-09-21T01:29:53.160547+00:00,201,35464.153,
2026-09-21T01:29:59.073626+00:00,201,29699.534,
2026-09-21T01:30:01.669111+00:00,201,27111.113,
2026-09-21T01:30:22.955196+00:00,201,5849.827,
2026-09-21T01:29:52.693355+00:00,201,36140.167,
2026-09-21T01:30:15.374081+00:00,201,13583.656,
2026-09-21T01:30:02.506997+00:00,201,26481.407,
2026-09-21T01:29:56.152605+00:00,201,32903.528,
2026-09-21T01:29:38.022191+00:00,201,51065.514,
2026-09-21T01:29:59.612039+00:00,201,29619.914,
2026-09-21T01:29:37.117616+00:00,201,52126.592,
2026-09-21T01:30:09.398391+00:00,201,19939.651,
2026-09-21T01:29:55.343203+00:00,201,34032.109,
2026-09-21T01:30:03.088880+00:00,201,26293.871,
2026-09-21T01:29:59.068622+00:00,201,30326.561,
2026-09-21T01:30:11.347853+00:00,201,18170.937,
2026-09-21T01:29:35.487263+00:00,201,54084.749,
2026-09-21T01:30:02.609318+00:00,201,26986.707,
2026-09-21T01:30:02.838347+00:00,201,26782.582,
2026-09-21T01:29:34.983293+00:00,201,54647.926,
2026-09-21T01:29:53.876130+00:00,201,35775.246,
2026-09-21T01:29:49.851584+00:00,201,39803.141,
2026-09-21T01:29:48.584520+00:00,201,41084.277,
2026-09-21T01:30:08.688074+00:00,201,21019.184,
2026-09-21T01:30:02.568532+00:00,201,27162.319,
2026-09-21T01:30:16.784137+00:00,201,12951.033,
2026-09-21T01:30:16.257971+00:00,201,13638.634,
2026-09-21T01:30:17.935588+00:00,201,11982.528,
2026-09-21T01:29:54.912578+00:00,201,35020.631,
2026-09-21T01:30:15.904388+00:00,201,14033.78,
2026-09-21T01:30:00.536060+00:00,201,29409.581,
2026-09-21T01:29:58.677306+00:00,201,31283.883,
2026-09-21T01:29:42.584466+00:00,201,47395.036,
2026-09-21T01:30:23.234374+00:00,201,6750.127,
2026-09-21T01:30:09.045867+00:00,201,20940.858,
2026-09-21T01:30:08.027623+00:00,201,21965.677,
2026-09-21T01:29:56.293308+00:00,201,33749.373,
2026-09-21T01:30:29.492031+00:00,201,579.863,
2026-09-21T01:30:17.339007+00:00,201,12738.322,
2026-09-21T01:30:15.563077+00:00,201,14532.586,
2026-09-21T01:29:51.901278+00:00,201,38206.156,
2026-09-21T01:30:04.274854+00:00,201,25834.768,
2026-09-21T01:30:17.095143+00:00,201,13036.748,
2026-09-21T01:30:08.868033+00:00,201,21297.172,
2026-09-21T01:30:02.175435+00:00,201,27996.644,
2026-09-21T01:30:21.748075+00:00,201,8435.811,
2026-09-21T01:30:02.423462+00:00,201,27763.493,
2026-09-21T01:29:54.170995+00:00,201,36034.289,
2026-09-21T01:30:12.900730+00:00,201,17307.75,
2026-09-21T01:30:18.624795+00:00,201,11585.96,
2026-09-21T01:29:48.614394+00:00,201,41624.757,
2026-09-21T01:29:55.826364+00:00,201,34414.996,
2026-09-21T01:30:10.112770+00:00,201,20132.858,
2026-09-21T01:30:17.914213+00:00,201,12392.03,
2026-09-21T01:30:03.782621+00:00,201,26591.069,
2026-09-21T01:29:56.758155+00:00,201,33618.667,
2026-09-21T01:29:43.120284+00:00,201,47261.389,
2026-09-21T01:30:29.503660+00:00,201,891.078,
2026-09-21T01:30:30.042752+00:00,201,355.562,
2026-09-21T01:30:19.776596+00:00,201,10630.958,
2026-09-21T01:30:17.196987+00:00,201,13212.321,
2026-09-21T01:30:12.420396+00:00,201,18044.673,
2026-09-21T01:30:28.540284+00:00,201,1928.025,
2026-09-21T01:29:51.378401+00:00,201,39092.318,
2026-09-21T01:29:56.520478+00:00,201,33970.618,
2026-09-21T01:30:15.750584+00:00,201,14770.877,
2026-09-21T01:30:15.454004+00:00,201,15072.698,
2026-09-21T01:30:23.389213+00:00,201,7140.602,
2026-09-21T01:30:02.235320+00:00,201,28328.33,
2026-09-21T01:30:16.882236+00:00,201,13683.09,
2026-09-21T01:30:08.036526+00:00,201,22549.259,
2026-09-21T01:30:14.702524+00:00,201,15895.709,
2026-09-21T01:30:09.009446+00:00,201,21607.013,
2026-09-21T01:30:06.896329+00:00,201,23734.971,
2026-09-21T01:29:55.388659+00:00,201,35266.247,
2026-09-21T01:30:18.642683+00:00,201,12013.802,
2026-09-21T01:30:09.776286+00:00,201,20895.566,
2026-09-21T01:30:15.530989+00:00,201,15163.793,
2026-09-21T01:29:49.202399+00:00,201,41497.724,
2026-09-21T01:30:22.884490+00:00,201,7846.033,
2026-09-21T01:30:27.986352+00:00,201,2760.218,
2026-09-21T01:29:55.877220+00:00,201,34871.369,
2026-09-21T01:29:55.850130+00:00,201,34910.531,
2026-09-21T01:29:44.892257+00:00,201,45875.838,
2026-09-21T01:30:23.422730+00:00,201,7350.297,
2026-09-21T01:30:29.232016+00:00,201,1542.509,
2026-09-21T01:30:03.751241+00:00,201,27027.332,
2026-09-21T01:30:24.924162+00:00,201,5864.556,
2026-09-21T01:29:49.030499+00:00,201,41766.864,
2026-09-21T01:30:21.154681+00:00,201,9644.085,
2026-09-21T01:30:03.658683+00:00,201,27144.058,
2026-09-21T01:30:30.177792+00:00,201,626.865,
2026-09-21T01:30:20.190918+00:00,201,10616.062,
2026-09-21T01:29:57.877975+00:00,201,32942.422,
2026-09-21T01:30:30.563711+00:00,201,271.303,
2026-09-21T01:30:10.642070+00:00,201,20200.43,
2026-09-21T01:30:03.094609+00:00,201,27761.007,
2026-09-21T01:30:01.146832+00:00,201,29714.193,
2026-09-21T01:30:16.405531+00:00,201,14463.5,
2026-09-21T01:30:07.218728+00:00,201,23655.663,
2026-09-21T01:30:06.892458+00:00,201,23995.993,
2026-09-21T01:30:09.855853+00:00,201,21038.088,
2026-09-21T01:30:22.618387+00:00,201,8277.614,
2026-09-21T01:29:57.061205+00:00,201,33845.483,
2026-09-21T01:30:18.639095+00:00,201,12283.185,
2026-09-21T01:30:28.536308+00:00,201,2395.335,
2026-09-21T01:30:09.999299+00:00,201,20952.407,
2026-09-21T01:30:17.575810+00:00,201,13378.869,
2026-09-21T01:30:24.983846+00:00,201,6004.134,
2026-09-21T01:30:28.502493+00:00,201,2502.131,
2026-09-21T01:29:37.178713+00:00,201,53836.84,
2026-09-21T01:29:56.518099+00:00,201,34499.153,
2026-09-21T01:30:23.678589+00:00,201,7343.179,
2026-09-21T01:29:56.755192+00:00,201,34275.205,
2026-09-21T01:29:55.458767+00:00,201,35577.847,
2026-09-21T01:30:15.995761+00:00,201,15049.579,
2026-09-21T01:30:27.973509+00:00,201,3097.347,
2026-09-21T01:30:30.835019+00:00,201,264.759,
2026-09-21T01:30:30.859676+00:00,201,241.531,
2026-09-21T01:30:10.586188+00:00,201,20522.344,
2026-09-21T01:30:05.227155+00:00,201,25896.077,
2026-09-21T01:30:07.423756+00:00,201,23704.259,
2026-09-21T01:30:19.783784+00:00,201,11347.407,
2026-09-21T01:30:16.671490+00:00,201,14473.402,
2026-09-21T01:30:21.347766+00:00,201,9798.558,
2026-09-21T01:29:35.032439+00:00,201,56127.88,
2026-09-21T01:30:02.831998+00:00,201,28338.319,
2026-09-21T01:30:16.670249+00:00,201,14510.138,
2026-09-21T01:30:26.994569+00:00,201,4186.785,
2026-09-21T01:30:19.295012+00:00,201,11892.012,
2026-09-21T01:30:23.654040+00:00,201,7548.831,
2026-09-21T01:29:50.956394+00:00,201,40248.794,
2026-09-21T01:30:07.311346+00:00,201,23918.77,
2026-09-21T01:29:50.149573+00:00,201,41100.217,
2026-09-21T01:30:12.095709+00:00,201,19166.342,
2026-09-21T01:30:07.911889+00:00,201,23355.383,
2026-09-21T01:30:10.051359+00:00,201,21221.037,
2026-09-21T01:29:45.163763+00:00,201,46119.211,
2026-09-21T01:30:31.004633+00:00,201,285.901,
2026-09-21T01:30:02.785068+00:00,201,28519.687,
2026-09-21T01:30:03.661659+00:00,201,27659.843,
2026-09-21T01:30:31.108577+00:00,201,225.996,
2026-09-21T01:30:15.195110+00:00,201,16140.479,
2026-09-21T01:30:12.408230+00:00,201,18936.877,
2026-09-21T01:29:45.310048+00:00,201,46036.655,
2026-09-21T01:30:20.766782+00:00,201,10589.486,
2026-09-21T01:30:23.228604+00:00,201,8137.23,
2026-09-21T01:30:11.783004+00:00,201,19583.872,
2026-09-21T01:30:05.006271+00:00,201,26370.633,
2026-09-21T01:30:17.313274+00:00,201,14073.955,
2026-09-21T01:30:23.301145+00:00,201,8087.318,
2026-09-21T01:29:45.136777+00:00,201,46252.868,
2026-09-21T01:30:03.296166+00:00,201,28094.846,
2026-09-21T01:30:17.657689+00:00,201,13758.117,
2026-09-21T01:29:42.502462+00:00,201,48920.554,
2026-09-21T01:30:04.527266+00:00,201,26897.836,
2026-09-21T01:29:55.370551+00:00,201,36062.891,
2026-09-21T01:29:39.630782+00:00,201,51812.584,
2026-09-21T01:30:30.918482+00:00,201,526.559,
2026-09-21T01:30:02.106048+00:00,201,29365.302,
2026-09-21T01:30:28.068438+00:00,201,3404.517,
2026-09-21T01:29:52.006586+00:00,201,39467.825,
2026-09-21T01:30:30.074378+00:00,201,1401.776,
2026-09-21T01:30:01.764984+00:00,201,29712.815,
2026-09-21T01:30:23.077100+00:00,201,8402.538,
2026-09-21T01:30:15.117630+00:00,201,16363.835,
2026-09-21T01:29:57.440420+00:00,201,34042.886,
2026-09-21T01:30:15.694709+00:00,201,15790.574,
2026-09-21T01:30:11.137038+00:00,201,20350.398,
2026-09-21T01:30:23.750073+00:00,201,7739.478,
2026-09-21T01:30:14.834936+00:00,201,16656.786,
2026-09-21T01:30:18.034521+00:00,201,13459.457,
2026-09-21T01:29:54.058988+00:00,201,37437.233,
2026-09-21T01:30:29.868235+00:00,201,1656.86,
2026-09-21T01:29:52.094685+00:00,201,39491.941,
2026-09-21T01:29:51.911856+00:00,201,39707.947,
2026-09-21T01:30:12.399977+00:00,201,19224.725,
2026-09-21T01:30:19.364076+00:00,201,12263.099,
2026-09-21T01:30:00.144259+00:00,201,31485.531,
2026-09-21T01:30:17.017369+00:00,201,14615.185,
2026-09-21T01:30:11.161813+00:00,201,20473.321,
2026-09-21T01:30:15.707964+00:00,201,15929.945,
2026-09-21T01:29:56.181483+00:00,201,35459.145,
2026-09-21T01:29:50.555520+00:00,201,41087.93,
2026-09-21T01:30:23.623970+00:00,201,8022.426,
2026-09-21T01:30:23.923995+00:00,201,7725.383,
2026-09-21T01:30:17.452920+00:00,201,14199.45,
2026-09-21T01:30:29.817763+00:00,201,1837.745,
2026-09-21T01:30:15.664707+00:00,201,15993.828,
2026-09-21T01:30:30.470801+00:00,201,1190.941,
2026-09-21T01:30:16.413753+00:00,201,15263.592,
2026-09-21T01:30:23.834855+00:00,201,7881.88,
2026-09-21T01:30:11.121121+00:00,201,20605.148,
2026-09-21T01:29:54.937825+00:00,201,36791.594,
2026-09-21T01:30:14.942252+00:00,201,16790.451,
2026-09-21T01:30:12.078864+00:00,201,19657.172,
2026-09-21T01:30:20.784956+00:00,201,10954.641,
2026-09-21T01:29:53.998997+00:00,201,37744.058,
2026-09-21T01:30:21.023780+00:00,201,10722.826,
2026-09-21T01:30:22.263838+00:00,201,9486.443,
2026-09-21T01:29:52.846058+00:00,201,38907.868,
2026-09-21T01:29:38.891363+00:00,201,52866.406,
2026-09-21T01:30:17.695180+00:00,201,14066.531,
2026-09-21T01:30:30.977808+00:00,201,787.907,
2026-09-21T01:29:53.543428+00:00,201,38226.151,
2026-09-21T01:29:48.675744+00:00,201,43097.867,
2026-09-21T01:30:08.039458+00:00,201,23738.284,
2026-09-21T01:30:20.788632+00:00,201,10993.247,
2026-09-21T01:29:47.506346+00:00,201,44279.666,
2026-09-21T01:30:25.458522+00:00,201,6331.784,
2026-09-21T01:30:27.007325+00:00,201,4787.234,
2026-09-21T01:29:49.798608+00:00,201,42000.194,
2026-09-21T01:30:04.143022+00:00,201,27660.231,
2026-09-21T01:30:10.843962+00:00,201,20963.684,
2026-09-21T01:30:15.773411+00:00,201,16038.813,
2026-09-21T01:30:19.367681+00:00,201,12449.114,
2026-09-21T01:29:49.297586+00:00,201,42523.81,
2026-09-21T01:29:49.303049+00:00,201,42523.052,
2026-09-21T01:30:23.644076+00:00,201,8267.44,
2026-09-21T01:30:28.321386+00:00,201,3594.849,
2026-09-21T01:30:01.554985+00:00,201,30381.527,
2026-09-21T01:30:17.688667+00:00,201,14272.321,
2026-09-21T01:30:20.563725+00:00,201,11419.072,
2026-09-21T01:30:22.199060+00:00,201,9823.2,
2026-09-21T01:30:09.021760+00:00,201,23051.674,
2026-09-21T01:30:29.244316+00:00,201,2834.156,
2026-09-21T01:30:17.480743+00:00,201,14607.677,
2026-09-21T01:30:00.674195+00:00,201,31483.715,
2026-09-21T01:29:55.952675+00:00,201,36219.871,
2026-09-21T01:30:13.886247+00:00,201,18331.202,
2026-09-21T01:29:43.008685+00:00,201,49273.198,
2026-09-21T01:30:23.747338+00:00,201,8579.941,
2026-09-21T01:30:12.904688+00:00,201,19471.628,
2026-09-21T01:30:09.692867+00:00,201,22701.975,
2026-09-21T01:30:16.522436+00:00,201,15918.028,
2026-09-21T01:30:20.078813+00:00,201,12396.985,
2026-09-21T01:30:28.326643+00:00,201,4215.204,
2026-09-21T01:29:47.524324+00:00,201,45054.534,
2026-09-21T01:29:55.160028+00:00,201,37506.938,
2026-09-21T01:30:31.911537+00:00,201,764.958,
2026-09-21T01:30:29.275698+00:00,201,3405.668,
2026-09-21T01:30:29.501388+00:00,201,3184.837,
2026-09-21T01:30:24.274938+00:00,201,8441.879,
2026-09-21T01:30:31.916245+00:00,201,864.413,
2026-09-21T01:30:09.442908+00:00,201,23483.443,
2026-09-21T01:30:06.692910+00:00,201,26254.782,
2026-09-21T01:30:24.136641+00:00,201,8820.872,
2026-09-21T01:29:36.869329+00:00,201,56143.082,
2026-09-21T01:30:09.521538+00:00,201,23498.37,
2026-09-21T01:30:22.322835+00:00,201,10799.914,
2026-09-21T01:30:26.915485+00:00,201,6248.091,
2026-09-21T01:29:40.219993+00:00,201,52998.423,
2026-09-21T01:30:20.834721+00:00,201,12388.719,
2026-09-21T01:29:48.817808+00:00,201,44415.522,
2026-09-21T01:30:03.415068+00:00,201,29830.751,
2026-09-21T01:29:52.449905+00:00,201,40851.533,
2026-09-21T01:30:14.228529+00:00,201,19095.208,
2026-09-21T01:30:26.193030+00:00,201,7143.183,
2026-09-21T01:30:10.373026+00:00,201,22988.563,
2026-09-21T01:30:15.322024+00:00,201,18140.795,
2026-09-21T01:29:41.317217+00:00,201,52168.043,
2026-09-21T01:30:16.843858+00:00,201,16648.857,
2026-09-21T01:29:50.208585+00:00,201,43294.008,
2026-09-21T01:30:19.925370+00:00,201,13714.747,
2026-09-21T01:30:25.350826+00:00,201,8325.598,
2026-09-21T01:30:09.017010+00:00,201,24835.717,
2026-09-21T01:30:09.361160+00:00,201,24501.353,
2026-09-21T01:29:55.498621+00:00,201,38436.263,
2026-09-21T01:30:28.248461+00:00,201,5696.604,
2026-09-21T01:30:28.229997+00:00,201,5720.229,
2026-09-21T01:30:17.294092+00:00,201,16741.59,
2026-09-21T01:30:11.935037+00:00,201,22224.84,
2026-09-21T01:30:03.664829+00:00,201,30499.689,
2026-09-21T01:30:27.599475+00:00,201,6623.315,
2026-09-21T01:30:10.818422+00:00,201,23418.982,
2026-09-21T01:30:21.823422+00:00,201,12472.443,
2026-09-21T01:30:24.124599+00:00,201,10232.916,
2026-09-21T01:30:23.295478+00:00,201,11158.59,
2026-09-21T01:30:09.778022+00:00,201,24695.85,
2026-09-21T01:30:27.643471+00:00,201,6849.348,
2026-09-21T01:29:46.148860+00:00,201,48384.591,
2026-09-21T01:30:08.924695+00:00,201,25633.409,
2026-09-21T01:30:25.795248+00:00,201,8784.342,
2026-09-21T01:30:29.984518+00:00,201,4701.845,
2026-09-21T01:30:23.170152+00:00,201,11523.551,
2026-09-21T01:30:02.414384+00:00,201,32286.676,
2026-09-21T01:30:15.907197+00:00,201,18874.243,
2026-09-21T01:29:52.318582+00:00,201,42492.299,
2026-09-21T01:30:16.552948+00:00,201,18274.866,
2026-09-21T01:30:30.248678+00:00,201,4671.857,
2026-09-21T01:30:01.486402+00:00,201,33491.072,
2026-09-21T01:30:31.472966+00:00,201,3516.512,
2026-09-21T01:30:09.957720+00:00,201,25043.611,
2026-09-21T01:30:18.927029+00:00,201,16218.289,
2026-09-21T01:30:31.304815+00:00,201,3851.971,
2026-09-21T01:30:31.345148+00:00,201,3837.308,
2026-09-21T01:30:03.974189+00:00,201,31406.579,
2026-09-21T01:30:21.635594+00:00,201,13772.396,
2026-09-21T01:30:09.289604+00:00,201,26154.102,
2026-09-21T01:30:25.702056+00:00,201,9746.441,
2026-09-21T01:30:16.033575+00:00,201,19438.509,
2026-09-21T01:29:47.649774+00:00,201,47831.818,
2026-09-21T01:30:09.823399+00:00,201,25682.78,
2026-09-21T01:30:22.642356+00:00,201,12868.595,
2026-09-21T01:29:44.079982+00:00,201,51462.972,
2026-09-21T01:30:02.558112+00:00,201,33038.845,
2026-09-21T01:29:49.948089+00:00,201,45771.872,
2026-09-21T01:30:26.256389+00:00,201,9491.426,
2026-09-21T01:30:05.217759+00:00,201,30541.812,
2026-09-21T01:30:06.699595+00:00,201,29069.459,
2026-09-21T01:30:06.375842+00:00,201,29398.128,
2026-09-21T01:29:51.691641+00:00,201,44123.546,
2026-09-21T01:29:57.449749+00:00,201,38467.921,
2026-09-21T01:30:08.622134+00:00,201,27356.908,
2026-09-21T01:30:17.297810+00:00,201,18786.515,
2026-09-21T01:29:48.940820+00:00,201,47148.035,
2026-09-21T01:30:33.615350+00:00,201,2507.176,
2026-09-21T01:30:31.491759+00:00,201,4651.428,
2026-09-21T01:30:12.259308+00:00,201,23920.767,
2026-09-21T01:29:53.968467+00:00,201,42248.149,
2026-09-21T01:29:42.585236+00:00,201,53674.656,
2026-09-21T01:30:28.697879+00:00,201,7590.111,
2026-09-21T01:30:10.194234+00:00,201,26156.882,
2026-09-21T01:29:44.772414+00:00,201,51585.797,
2026-09-21T01:30:01.030426+00:00,201,35406.043,
2026-09-21T01:30:09.130749+00:00,201,27378.374,
2026-09-21T01:29:58.856596+00:00,201,37674.009,
2026-09-21T01:29:39.085505+00:00,201,57454.428,
2026-09-21T01:30:28.024565+00:00,201,8538.448,
2026-09-21T01:30:21.745483+00:00,201,14835.256,
2026-09-21T01:30:15.644549+00:00,201,21000.438,
2026-09-21T01:30:00.277709+00:00,201,36399.942,
2026-09-21T01:30:35.124513+00:00,201,1567.798,
2026-09-21T01:30:30.007825+00:00,201,6713.797,
2026-09-21T01:30:21.625921+00:00,201,15150.087,
2026-09-21T01:30:17.091911+00:00,201,19687.821,
2026-09-21T01:30:09.673450+00:00,201,27111.865,
2026-09-21T01:30:23.245453+00:00,201,13544.717,
2026-09-21T01:30:35.315400+00:00,201,1477.6,
2026-09-21T01:30:15.044799+00:00,201,21749.48,
2026-09-21T01:29:53.451027+00:00,201,43345.422,
2026-09-21T01:30:10.673237+00:00,201,26129.18,
2026-09-21T01:29:53.589328+00:00,201,43247.383,
2026-09-21T01:30:22.839741+00:00,201,14007.148,
2026-09-21T01:29:58.506069+00:00,201,38350.648,
2026-09-21T01:30:13.860914+00:00,201,22996.714,
2026-09-21T01:30:11.149445+00:00,201,25711.04,
2026-09-21T01:30:35.703588+00:00,201,1160.467,
2026-09-21T01:30:01.107955+00:00,201,35763.086,
2026-09-21T01:29:48.522067+00:00,201,48359.272,
2026-09-21T01:29:44.767817+00:00,201,52151.216,
2026-09-21T01:29:52.533325+00:00,201,44398.965,
2026-09-21T01:29:50.548281+00:00,201,46390.371,
2026-09-21T01:30:32.317752+00:00,201,4628.111,
2026-09-21T01:30:17.027444+00:00,201,19922.62,
2026-09-21T01:30:28.316014+00:00,201,8635.47,
2026-09-21T01:30:02.766272+00:00,201,34192.622,
2026-09-21T01:30:17.093538+00:00,201,19867.605,
2026-09-21T01:30:14.373106+00:00,201,22595.445,
2026-09-21T01:30:34.171973+00:00,201,2811.752,
2026-09-21T01:29:55.551542+00:00,201,41433.841,
2026-09-21T01:29:57.019289+00:00,201,39974.024,
2026-09-21T01:30:12.748289+00:00,201,24252.306,
2026-09-21T01:30:20.482478+00:00,201,16561.369,
2026-09-21T01:30:27.960318+00:00,201,9089.367,
2026-09-21T01:29:57.099861+00:00,201,39977.92,
2026-09-21T01:30:28.708919+00:00,201,8386.02,
2026-09-21T01:30:35.410987+00:00,201,1689.188,
2026-09-21T01:29:44.749176+00:00,201,52362.054,
2026-09-21T01:30:12.654426+00:00,201,24466.937,
2026-09-21T01:30:27.605655+00:00,201,9517.524,
2026-09-21T01:30:25.395756+00:00,201,11736.065,
2026-09-21T01:30:08.981874+00:00,201,28166.908,
2026-09-21T01:30:18.506898+00:00,201,18652.811,
2026-09-21T01:30:13.219048+00:00,201,23941.648,
2026-09-21T01:29:37.084511+00:00,201,60088.649,
2026-09-21T01:29:53.098440+00:00,201,44077.117,
2026-09-21T01:30:16.159959+00:00,201,21023.549,
2026-09-21T01:30:27.668368+00:00,201,9530.155,
2026-09-21T01:30:16.716146+00:00,201,20490.15,
2026-09-21T01:30:21.082165+00:00,201,16137.497,
2026-09-21T01:30:11.002610+00:00,201,26236.255,
2026-09-21T01:30:36.704205+00:00,201,535.62,
2026-09-21T01:30:03.579896+00:00,201,33661.234,
2026-09-21T01:30:07.413844+00:00,201,29833.682,
2026-09-21T01:30:17.357247+00:00,201,19892.335,
2026-09-21T01:30:16.315530+00:00,201,20945.929,
2026-09-21T01:30:27.332020+00:00,201,9962.565,
2026-09-21T01:30:23.341114+00:00,201,13956.824,
2026-09-21T01:30:37.043884+00:00,201,261.489,
2026-09-21T01:30:35.611826+00:00,201,1694.519,
2026-09-21T01:30:33.617902+00:00,201,3689.454,
2026-09-21T01:30:14.062855+00:00,201,23245.507,
2026-09-21T01:29:55.579094+00:00,201,41730.342,
2026-09-21T01:30:29.398444+00:00,201,7925.171,
2026-09-21T01:30:35.616703+00:00,201,1709.555,
2026-09-21T01:30:19.918110+00:00,201,17412.017,
2026-09-21T01:30:22.352419+00:00,201,14978.907,
2026-09-21T01:30:37.049707+00:00,201,287.177,
2026-09-21T01:30:29.024745+00:00,201,8342.613,
2026-09-21T01:30:15.576591+00:00,201,21798.65,
2026-09-21T01:30:27.038752+00:00,201,10337.739,
2026-09-21T01:30:17.889271+00:00,201,19492.07,
2026-09-21T01:30:18.997665+00:00,201,18385.025,
2026-09-21T01:30:32.667046+00:00,201,4741.109,
2026-09-21T01:30:22.450500+00:00,201,14959.79,
2026-09-21T01:30:15.134290+00:00,201,22277.446,
2026-09-21T01:30:36.831089+00:00,201,582.165,
2026-09-21T01:30:29.771323+00:00,201,7643.461,
2026-09-21T01:30:10.835462+00:00,201,26580.847,
2026-09-21T01:30:09.139822+00:00,201,28278.106,
2026-09-21T01:30:14.135860+00:00,201,23283.85,
2026-09-21T01:30:32.376358+00:00,201,5045.198,
2026-09-21T01:30:31.309934+00:00,201,6113.499,
2026-09-21T01:29:55.361178+00:00,201,42064.035,
2026-09-21T01:30:00.114592+00:00,201,37312.607,
2026-09-21T01:30:05.593584+00:00,201,31872.253,
2026-09-21T01:30:30.241433+00:00,201,7226.401,
2026-09-21T01:30:27.344088+00:00,201,10125.78,
2026-09-21T01:30:27.026228+00:00,201,10445.709,
2026-09-21T01:30:09.529333+00:00,201,27944.674,
2026-09-21T01:30:16.285536+00:00,201,21190.628,
2026-09-21T01:30:19.773047+00:00,201,17705.32,
2026-09-21T01:29:54.208390+00:00,201,43272.135,
2026-09-21T01:29:54.807938+00:00,201,42761.254,
2026-09-21T01:30:07.616317+00:00,201,29973.344,
2026-09-21T01:30:14.948295+00:00,201,22649.223,
2026-09-21T01:30:08.443583+00:00,201,29157.493,
2026-09-21T01:30:24.359327+00:00,201,13248.92,
2026-09-21T01:30:36.084366+00:00,201,1532.372,
2026-09-21T01:29:51.262095+00:00,201,46358.294,
2026-09-21T01:30:30.309053+00:00,201,7338.282,
2026-09-21T01:29:59.426680+00:00,201,38236.169,
2026-09-21T01:29:43.144871+00:00,201,54520.351,
2026-09-21T01:30:27.265288+00:00,201,10425.166,
2026-09-21T01:30:02.364920+00:00,201,35345.753,
2026-09-21T01:30:15.018952+00:00,201,22701.212,
2026-09-21T01:30:35.443763+00:00,201,2278.917,
2026-09-21T01:30:04.252020+00:00,201,33489.685,
2026-09-21T01:30:31.039773+00:00,201,6711.815,
2026-09-21T01:30:31.581876+00:00,201,6192.839,
2026-09-21T01:30:18.942434+00:00,201,18834.689,
2026-09-21T01:30:17.263625+00:00,201,20516.073,
2026-09-21T01:30:16.293622+00:00,201,21488.675,
2026-09-21T01:30:30.521495+00:00,201,7276.066,
2026-09-21T01:30:02.727476+00:00,201,35076.557,
2026-09-21T01:30:07.417160+00:00,201,30438.539,
2026-09-21T01:30:30.869063+00:00,201,6997.945,
2026-09-21T01:30:00.834008+00:00,201,37062.647,
2026-09-21T01:29:48.525974+00:00,201,49405.044,
2026-09-21T01:29:54.167809+00:00,201,43818.8,
2026-09-21T01:30:37.480615+00:00,201,508.733,
2026-09-21T01:30:28.690607+00:00,201,9309.396,
2026-09-21T01:30:35.910525+00:00,201,2134.63,
2026-09-21T01:30:24.528769+00:00,201,13518.945,
2026-09-21T01:30:30.183906+00:00,201,7888.882,
2026-09-21T01:30:23.638138+00:00,201,14437.272,
2026-09-21T01:30:37.569282+00:00,201,529.756,
2026-09-21T01:30:24.544399+00:00,201,13624.42,
2026-09-21T01:30:26.498892+00:00,201,11679.711,
2026-09-21T01:29:55.120338+00:00,201,43106.367,
2026-09-21T01:29:50.096271+00:00,201,48137.556,
2026-09-21T01:30:09.412714+00:00,201,28857.416,
2026-09-21T01:30:04.667553+00:00,201,33620.885,
2026-09-21T01:30:35.712871+00:00,201,2615.047,
2026-09-21T01:30:28.877644+00:00,201,9461.258,
2026-09-21T01:29:49.422745+00:00,201,48931.463,
2026-09-21T01:30:31.283070+00:00,201,7080.094,
2026-09-21T01:29:55.340171+00:00,201,43073.336,
2026-09-21T01:29:35.408328+00:00,201,63020.043,
2026-09-21T01:29:37.283837+00:00,201,61157.041,
2026-09-21T01:30:37.986700+00:00,201,456.812,
2026-09-21T01:29:51.787200+00:00,201,46670.996,
2026-09-21T01:29:43.236159+00:00,201,55256.788,
2026-09-21T01:29:54.895432+00:00,201,43647.819,
2026-09-21T01:29:50.651227+00:00,201,47894.637,
2026-09-21T01:30:17.190901+00:00,201,21367.353,
2026-09-21T01:30:29.970277+00:00,201,8649.12,
2026-09-21T01:30:37.331359+00:00,201,1313.926,
2026-09-21T01:30:17.290478+00:00,201,21362.925,
2026-09-21T01:29:50.212090+00:00,201,48460.345,
2026-09-21T01:30:30.730543+00:00,201,7967.142,
2026-09-21T01:30:09.905342+00:00,201,28819.73,
2026-09-21T01:30:33.064165+00:00,201,5674.346,
2026-09-21T01:30:30.697400+00:00,201,8045.286,
2026-09-21T01:29:50.963307+00:00,201,47910.509,
2026-09-21T01:30:14.046186+00:00,201,24850.925,
2026-09-21T01:30:24.434710+00:00,201,14507.796,
2026-09-21T01:30:38.338925+00:00,201,612.853,
2026-09-21T01:29:42.594466+00:00,201,56424.452,
2026-09-21T01:30:08.738200+00:00,201,30332.785,
2026-09-21T01:30:19.765716+00:00,201,19311.725,
2026-09-21T01:30:35.448521+00:00,201,3631.689,
2026-09-21T01:29:55.828589+00:00,201,43264.401,
2026-09-21T01:29:55.175925+00:00,201,43922.542,
2026-09-21T01:30:29.031183+00:00,201,10079.657,
2026-09-21T01:30:38.543342+00:00,201,574.576,
2026-09-21T01:30:30.095696+00:00,201,9035.865,
2026-09-21T01:30:29.871263+00:00,201,9263.205,
2026-09-21T01:29:36.913584+00:00,201,62256.706,
2026-09-21T01:30:31.071864+00:00,201,8102.663,
2026-09-21T01:30:14.042079+00:00,201,25156.612,
2026-09-21T01:30:22.401342+00:00,201,16845.022,
2026-09-21T01:30:20.642868+00:00,201,18614.903,
2026-09-21T01:30:15.468856+00:00,201,23825.259,
2026-09-21T01:30:10.986330+00:00,201,28329.826,
2026-09-21T01:30:17.529792+00:00,201,21804.538,
2026-09-21T01:29:55.732941+00:00,201,43624.708,
2026-09-21T01:30:32.312891+00:00,201,7063.278,
2026-09-21T01:30:09.973053+00:00,201,29418.766,
2026-09-21T01:29:41.025403+00:00,201,58442.868,
2026-09-21T01:30:38.291729+00:00,201,1181.605,
2026-09-21T01:30:06.696198+00:00,201,32780.924,
2026-09-21T01:30:03.016811+00:00,201,36481.546,
2026-09-21T01:30:11.774502+00:00,201,27768.513,
2026-09-21T01:30:38.147267+00:00,201,1412.562,
2026-09-21T01:30:28.874013+00:00,201,10699.389,
2026-09-21T01:29:52.873437+00:00,201,46772.828,
2026-09-21T01:30:21.800126+00:00,201,17850.014,
2026-09-21T01:30:24.428109+00:00,201,15269.697,
2026-09-21T01:30:09.625471+00:00,201,30082.675,
2026-09-21T01:30:19.486037+00:00,201,20286.037,
2026-09-21T01:30:07.115882+00:00,201,32667.98,
2026-09-21T01:30:24.627983+00:00,201,15173.357,
2026-09-21T01:29:46.212711+00:00,201,53599.55,
2026-09-21T01:30:22.696557+00:00,201,17118.627,
2026-09-21T01:29:33.507369+00:00,201,66320.958,
2026-09-21T01:30:01.161787+00:00,201,38750.426,
2026-09-21T01:30:03.025280+00:00,201,36910.922,
2026-09-21T01:30:20.208513+00:00,201,19751.653,
2026-09-21T01:29:59.762133+00:00,201,40207.444,
2026-09-21T01:30:21.089763+00:00,201,18890.771,
2026-09-21T01:30:00.468863+00:00,201,39534.807,
2026-09-21T01:29:57.359358+00:00,201,42650.841,
2026-09-21T01:30:10.213191+00:00,201,29869.579,
2026-09-21T01:30:36.480638+00:00,201,3632.749,
2026-09-21T01:29:49.859660+00:00,201,50257.55,
2026-09-21T01:30:37.571030+00:00,201,2590.33,
2026-09-21T01:30:07.686922+00:00,201,32480.998,
2026-09-21T01:29:42.394771+00:00,201,57802.173,
2026-09-21T01:29:50.074053+00:00,201,50162.902,
2026-09-21T01:30:10.339557+00:00,201,29920.24,
2026-09-21T01:30:14.397146+00:00,201,25871.508,
2026-09-21T01:30:24.576883+00:00,201,15812.566,
2026-09-21T01:29:58.491119+00:00,201,41900.954,
2026-09-21T01:30:00.311735+00:00,201,40100.686,
2026-09-21T01:30:18.404843+00:00,201,22031.27,
2026-09-21T01:29:55.604515+00:00,201,44839.502,
2026-09-21T01:30:31.348283+00:00,201,9109.08,
2026-09-21T01:30:33.676445+00:00,201,6818.583,
2026-09-21T01:30:24.713597+00:00,201,15784.129,
2026-09-21T01:30:16.006176+00:00,201,24495.508,
2026-09-21T01:30:37.523967+00:00,201,2988.082,
2026-09-21T01:30:24.455031+00:00,201,16074.788,
2026-09-21T01:30:05.114410+00:00,201,35481.031,
2026-09-21T01:30:23.844651+00:00,201,16756.855,
2026-09-21T01:30:03.438699+00:00,201,37194.285,
2026-09-21T01:30:08.552762+00:00,201,32114.622,
2026-09-21T01:30:39.010295+00:00,201,1686.021,
2026-09-21T01:29:45.671820+00:00,201,55100.323,
2026-09-21T01:30:36.180127+00:00,201,4617.638,
2026-09-21T01:30:14.951005+00:00,201,25849.249,
2026-09-21T01:30:20.060572+00:00,201,20749.368,
2026-09-21T01:30:23.164382+00:00,201,17685.807,
2026-09-21T01:30:33.852781+00:00,201,7002.536,
2026-09-21T01:30:18.779695+00:00,201,22095.692,
2026-09-21T01:30:40.003752+00:00,201,877.784,
2026-09-21T01:29:49.149044+00:00,201,51754.434,
2026-09-21T01:30:11.299154+00:00,201,29614.398,
2026-09-21T01:30:16.268133+00:00,201,24678.813,
2026-09-21T01:30:30.774532+00:00,201,10222.156,
2026-09-21T01:30:00.829699+00:00,201,40258.058,
2026-09-21T01:30:37.413266+00:00,201,3682.877,
2026-09-21T01:29:57.068328+00:00,201,44040.807,
2026-09-21T01:29:39.534995+00:00,201,61581.681,
2026-09-21T01:29:48.113059+00:00,201,53006.301,
2026-09-21T01:30:38.244331+00:00,201,2894.203,
2026-09-21T01:30:02.552708+00:00,201,38636.232,
2026-09-21T01:30:34.686376+00:00,201,6517.934,
2026-09-21T01:29:37.607556+00:00,201,63655.007,
2026-09-21T01:30:28.271115+00:00,201,13019.474,
2026-09-21T01:29:34.736668+00:00,201,66557.426,
2026-09-21T01:30:18.852473+00:00,201,22454.954,
2026-09-21T01:30:13.729176+00:00,201,27588.061,
2026-09-21T01:30:09.449840+00:00,201,31882.26,
2026-09-21T01:30:06.702966+00:00,201,34638.002,
2026-09-21T01:30:34.920548+00:00,201,6452.638,
2026-09-21T01:30:30.694816+00:00,201,10697.065,
2026-09-21T01:30:03.161734+00:00,201,38237.172,
2026-09-21T01:30:36.945876+00:00,201,4462.66,
2026-09-21T01:30:04.018901+00:00,201,37393.224,
2026-09-21T01:30:28.265443+00:00,201,13222.281,
2026-09-21T01:30:15.453239+00:00,201,26045.758,
2026-09-21T01:30:21.629143+00:00,201,19881.45,
2026-09-21T01:29:33.006494+00:00,201,68550.672,
2026-09-21T01:29:34.173183+00:00,201,67396.531,
2026-09-21T01:30:09.890470+00:00,201,31687.571,
2026-09-21T01:30:14.389077+00:00,201,27203.781,
2026-09-21T01:30:25.844297+00:00,201,15754.738,
2026-09-21T01:29:39.156379+00:00,201,62465.614,
2026-09-21T01:29:50.769226+00:00,201,50912.208,
2026-09-21T01:30:07.868773+00:00,201,33820.574,
2026-09-21T01:30:20.781356+00:00,201,20911.481,
2026-09-21T01:30:26.030653+00:00,201,15666.939,
2026-09-21T01:30:16.145738+00:00,201,25591.245,
2026-09-21T01:29:52.101663+00:00,201,49639.086,
2026-09-21T01:30:04.390348+00:00,201,37369.949,
2026-09-21T01:30:31.658571+00:00,201,10111.154,
2026-09-21T01:30:16.771113+00:00,201,25013.031,
2026-09-21T01:30:37.032120+00:00,201,4805.873,
2026-09-21T01:30:03.087760+00:00,201,38795.872,
2026-09-21T01:30:10.617605+00:00,201,31275.757,
2026-09-21T01:29:39.639176+00:00,201,62306.921,
2026-09-21T01:30:24.973754+00:00,201,17030.777,
2026-09-21T01:29:42.372079+00:00,201,59635.786,
2026-09-21T01:30:30.208518+00:00,201,11811.964,
2026-09-21T01:30:00.422901+00:00,201,41629.472,
2026-09-21T01:30:29.145194+00:00,201,12917.162,
2026-09-21T01:30:14.706524+00:00,201,27378.125,
2026-09-21T01:30:16.649876+00:00,201,25487.143,
2026-09-21T01:30:37.419761+00:00,201,4739.719,
2026-09-21T01:30:16.335032+00:00,201,25842.678,
2026-09-21T01:29:36.506806+00:00,201,65684.83,
2026-09-21T01:30:39.772118+00:00,201,2435.714,
2026-09-21T01:29:57.085077+00:00,201,45157.708,
2026-09-21T01:30:05.698183+00:00,201,36550.821,
2026-09-21T01:29:55.169615+00:00,201,47109.98,
2026-09-21T01:30:15.825255+00:00,201,26462.658,
2026-09-21T01:30:16.424488+00:00,201,25870.584,
2026-09-21T01:30:15.615888+00:00,201,26687.721,
2026-09-21T01:30:40.113397+00:00,201,2222.681,
2026-09-21T01:30:17.676030+00:00,201,24672.734,
2026-09-21T01:30:03.230758+00:00,201,39144.783,
2026-09-21T01:29:57.092507+00:00,201,45293.752,
2026-09-21T01:30:16.589056+00:00,201,25844.298,
2026-09-21T01:29:55.213543+00:00,201,47229.958,
2026-09-21T01:29:49.157284+00:00,201,53291.421,
2026-09-21T01:30:36.846920+00:00,201,5624.124,
2026-09-21T01:30:10.796863+00:00,201,31678.139,
2026-09-21T01:29:56.692411+00:00,201,45793.598,
2026-09-21T01:30:03.435022+00:00,201,39056.343,
2026-09-21T01:30:08.545082+00:00,201,33965.545,
2026-09-21T01:30:23.345926+00:00,201,19185.491,
2026-09-21T01:30:03.481210+00:00,201,39052.636,
2026-09-21T01:30:00.282609+00:00,201,42254.407,
2026-09-21T01:30:04.393723+00:00,201,38156.016,
2026-09-21T01:30:39.502953+00:00,201,3048.187,
2026-09-21T01:30:05.887887+00:00,201,36674.69,
2026-09-21T01:30:08.743296+00:00,201,33826.533,
2026-09-21T01:30:42.137074+00:00,201,440.246,
2026-09-21T01:30:02.308158+00:00,201,40275.993,
2026-09-21T01:30:38.392104+00:00,201,4196.785,
2026-09-21T01:29:54.367492+00:00,201,48235.515,
2026-09-21T01:30:10.609515+00:00,201,32021.885,
2026-09-21T01:30:30.654981+00:00,201,11994.91,
2026-09-21T01:30:10.295565+00:00,201,32364.112,
2026-09-21T01:30:01.824606+00:00,201,40868.074,
2026-09-21T01:30:37.989353+00:00,201,4713.284,
2026-09-21T01:30:18.412143+00:00,201,24302.558,
2026-09-21T01:30:15.896187+00:00,201,26820.44,
2026-09-21T01:30:07.825362+00:00,201,34916.94,
2026-09-21T01:30:08.691634+00:00,201,34052.314,
2026-09-21T01:29:55.542686+00:00,201,47210.681,
2026-09-21T01:30:07.119299+00:00,201,35639.617,
2026-09-21T01:30:07.838913+00:00,201,34938.216,
2026-09-21T01:30:15.612762+00:00,201,27175.36,
2026-09-21T01:30:42.491446+00:00,201,301.555,
2026-09-21T01:30:23.977954+00:00,201,18820.964,
2026-09-21T01:30:39.659965+00:00,201,3157.417,
2026-09-21T01:30:20.646564+00:00,201,22176.678,
2026-09-21T01:29:39.993142+00:00,201,62834.567,
2026-09-21T01:30:41.100070+00:00,201,1740.494,
2026-09-21T01:30:36.580772+00:00,201,6275.521,
2026-09-21T01:30:40.992823+00:00,201,1876.824,
2026-09-21T01:30:42.562655+00:00,201,309.862,
2026-09-21T01:30:08.813031+00:00,201,34067.367,
2026-09-21T01:30:01.989097+00:00,201,40895.403,
2026-09-21T01:29:50.452063+00:00,201,52447.231,
2026-09-21T01:29:41.535848+00:00,201,61378.668,
2026-09-21T01:30:15.625924+00:00,201,27297.18,
2026-09-21T01:30:10.739956+00:00,201,32191.107,
2026-09-21T01:29:57.474295+00:00,201,45460.494,
2026-09-21T01:30:40.141038+00:00,201,2819.251,
2026-09-21T01:29:59.741933+00:00,201,43248.012,
2026-09-21T01:29:38.935978+00:00,201,64056.717,
2026-09-21T01:30:33.990679+00:00,201,9017.975,
2026-09-21T01:30:12.234041+00:00,201,30798.961,
2026-09-21T01:30:31.368399+00:00,201,11669.313,
2026-09-21T01:30:22.133379+00:00,201,20913.863,
2026-09-21T01:30:30.951754+00:00,201,12099.281,
2026-09-21T01:30:01.705129+00:00,201,41353.663,
2026-09-21T01:30:27.013659+00:00,201,16047.839,
2026-09-21T01:30:19.057979+00:00,201,24013.664,
2026-09-21T01:30:23.321989+00:00,201,19752.477,
2026-09-21T01:30:38.148618+00:00,201,4935.443,
2026-09-21T01:30:42.603107+00:00,201,484.298,
2026-09-21T01:30:26.619285+00:00,201,16501.736,
2026-09-21T01:30:22.371211+00:00,201,20768.366,
2026-09-21T01:30:18.339859+00:00,201,24801.016,
2026-09-21T01:30:16.935622+00:00,201,26227.7,
2026-09-21T01:30:10.326622+00:00,201,32843.938,
2026-09-21T01:30:42.606787+00:00,201,565.805,
2026-09-21T01:30:39.925713+00:00,201,3248.857,
2026-09-21T01:30:32.136427+00:00,201,11042.304,
2026-09-21T01:30:38.657818+00:00,201,4522.065,
2026-09-21T01:30:32.869404+00:00,201,10318.15,
2026-09-21T01:30:14.694622+00:00,201,28502.597,
2026-09-21T01:30:08.624239+00:00,201,34590.804,
2026-09-21T01:29:48.337734+00:00,201,54879.244,
2026-09-21T01:30:09.986757+00:00,201,33242.313,
2026-09-21T01:30:03.005600+00:00,201,40234.659,
2026-09-21T01:30:16.573738+00:00,201,26675.367,
2026-09-21T01:30:34.035719+00:00,201,9215.34,
2026-09-21T01:30:23.536009+00:00,201,19727.917,
2026-09-21T01:30:04.004063+00:00,201,39267.212,
2026-09-21T01:30:22.368616+00:00,201,20923.652,
2026-09-21T01:30:39.134490+00:00,201,4173.759,
2026-09-21T01:30:04.696123+00:00,201,38644.397,
2026-09-21T01:30:34.652969+00:00,201,8691.563,
2026-09-21T01:29:50.868024+00:00,201,52485.505,
2026-09-21T01:30:23.124550+00:00,201,20236.832,
2026-09-21T01:30:06.906525+00:00,201,36464.896,
2026-09-21T01:30:39.697840+00:00,201,3677.313,
2026-09-21T01:30:37.100182+00:00,201,6287.567,
2026-09-21T01:30:08.792989+00:00,201,34618.287,
2026-09-21T01:30:22.749256+00:00,201,20665.355,
2026-09-21T01:30:30.792065+00:00,201,12639.734,
2026-09-21T01:30:36.096965+00:00,201,7351.833,
2026-09-21T01:29:54.311394+00:00,201,49151.195,
2026-09-21T01:30:34.271798+00:00,201,9192.665,
2026-09-21T01:30:36.543849+00:00,201,6931.026,
2026-09-21T01:29:46.093581+00:00,201,57382.66,
2026-09-21T01:30:30.893986+00:00,201,12598.247,
2026-09-21T01:29:55.079068+00:00,201,48430.572,
2026-09-21T01:30:33.893055+00:00,201,9622.022,
2026-09-21T01:30:09.940962+00:00,201,33585.76,
2026-09-21T01:30:04.425685+00:00,201,39104.811,
2026-09-21T01:30:03.968507+00:00,201,39580.343,
2026-09-21T01:30:30.451460+00:00,201,13112.823,
2026-09-21T01:30:15.538026+00:00,201,28033.389,
2026-09-21T01:30:09.444127+00:00,201,34144.65,
2026-09-21T01:30:40.569219+00:00,201,3020.813,
2026-09-21T01:30:23.162432+00:00,201,20429.879,
2026-09-21T01:30:26.161433+00:00,201,17435.049,
2026-09-21T01:30:12.884852+00:00,201,30717.641,
2026-09-21T01:30:16.672768+00:00,201,26936.361,
2026-09-21T01:30:35.126836+00:00,201,8485.412,
2026-09-21T01:30:36.779775+00:00,201,6837.757,
2026-09-21T01:30:36.542258+00:00,201,7105.613,
2026-09-21T01:30:39.761821+00:00,201,3911.694,
2026-09-21T01:30:35.416012+00:00,201,8262.323,
2026-09-21T01:30:03.795080+00:00,201,39884.971,
2026-09-21T01:30:02.916269+00:00,201,40765.671,
2026-09-21T01:30:29.715203+00:00,201,13974.529,
2026-09-21T01:30:31.816823+00:00,201,11874.46,
2026-09-21T01:30:28.727476+00:00,201,14989.967,
2026-09-21T01:29:54.809469+00:00,201,48912.907,
2026-09-21T01:30:43.448816+00:00,201,275.36,
2026-09-21T01:30:28.723836+00:00,201,15008.848,
2026-09-21T01:30:07.619683+00:00,201,36117.051,
2026-09-21T01:30:29.658584+00:00,201,14083.408,
2026-09-21T01:30:38.100764+00:00,201,5653.642,
2026-09-21T01:30:02.658237+00:00,201,41101.563,
2026-09-21T01:30:22.483487+00:00,201,21286.937,
2026-09-21T01:30:31.030469+00:00,201,12745.452,
2026-09-21T01:30:35.619085+00:00,201,8163.216,
2026-09-21T01:30:43.217091+00:00,201,585.702,
2026-09-21T01:30:35.821116+00:00,201,7990.892,
2026-09-21T01:30:32.227600+00:00,201,11601.408,
2026-09-21T01:30:29.896636+00:00,201,13934.807,
2026-09-21T01:30:01.820779+00:00,201,42014.325,
2026-09-21T01:30:11.609180+00:00,201,32239.893,
2026-09-21T01:30:09.500786+00:00,201,34349.565,
2026-09-21T01:30:17.739681+00:00,201,26121.822,
2026-09-21T01:30:41.545922+00:00,201,2333.623,
2026-09-21T01:30:02.867314+00:00,201,41028.026,
2026-09-21T01:30:40.501737+00:00,201,3415.87,
2026-09-21T01:30:27.719504+00:00,201,16201.75,
2026-09-21T01:29:41.444148+00:00,201,62479.378,
2026-09-21T01:30:20.064233+00:00,201,23878.817,
2026-09-21T01:30:16.364965+00:00,201,27580.569,
2026-09-21T01:29:49.204738+00:00,201,54761.495,
2026-09-21T01:30:27.325916+00:00,201,16658.265,
2026-09-21T01:30:11.319815+00:00,201,32667.045,
2026-09-21T01:30:26.011795+00:00,201,18000.079,
2026-09-21T01:30:31.123287+00:00,201,12889.921,
2026-09-21T01:30:09.730883+00:00,201,34290.8,
2026-09-21T01:30:00.838436+00:00,201,43188.213,
2026-09-21T01:29:45.057404+00:00,201,58974.08,
2026-09-21T01:30:31.483377+00:00,201,12549.242,
2026-09-21T01:29:49.794360+00:00,201,54243.472,
2026-09-21T01:30:39.924281+00:00,201,4120.253,
2026-09-21T01:30:16.550555+00:00,201,27500.431,
2026-09-21T01:30:40.885021+00:00,201,3167.595,
2026-09-21T01:30:33.945079+00:00,201,10127.277,
2026-09-21T01:29:56.702289+00:00,201,47375.099,
2026-09-21T01:29:55.567823+00:00,201,48513.995,
2026-09-21T01:29:47.249865+00:00,201,56839.463,
2026-09-21T01:30:09.878780+00:00,201,34232.592,
2026-09-21T01:30:22.026999+00:00,201,22093.281,
2026-09-21T01:30:27.934469+00:00,201,16186.709,
2026-09-21T01:30:22.193911+00:00,201,21928.194,
2026-09-21T01:30:31.754007+00:00,201,12371.728,
2026-09-21T01:30:07.012959+00:00,201,37125.477,
2026-09-21T01:30:16.931970+00:00,201,27211.288,
2026-09-21T01:30:34.466860+00:00,201,9690.23,
2026-09-21T01:30:40.197063+00:00,201,3970.551,
2026-09-21T01:30:42.631468+00:00,201,1555.525,
2026-09-21T01:29:49.292372+00:00,201,54910.693,
2026-09-21T01:30:43.943101+00:00,201,260.966,
2026-09-21T01:30:02.371147+00:00,201,41847.19,
2026-09-21T01:30:36.001140+00:00,201,8223.148,
2026-09-21T01:30:25.441470+00:00,201,18799.589,
2026-09-21T01:30:42.089196+00:00,201,2158.765,
2026-09-21T01:30:31.272443+00:00,201,13010.326,
2026-09-21T01:29:56.610549+00:00,201,47681.685,
2026-09-21T01:30:37.476210+00:00,201,6834.517,
2026-09-21T01:30:09.463365+00:00,201,34848.281,
2026-09-21T01:30:28.734673+00:00,201,15583.461,
2026-09-21T01:30:33.797685+00:00,201,10525.369,
2026-09-21T01:30:13.059796+00:00,201,31269.273,
2026-09-21T01:30:44.072380+00:00,201,259.826,
2026-09-21T01:29:43.741923+00:00,201,60609.449,
2026-09-21T01:30:15.439563+00:00,201,28929.165,
2026-09-21T01:30:44.111445+00:00,201,262.144,
2026-09-21T01:29:43.141195+00:00,201,61240.485,
2026-09-21T01:30:02.354591+00:00,201,42032.92,
2026-09-21T01:30:32.225027+00:00,201,12182.736,
2026-09-21T01:30:36.659067+00:00,201,7764.864,
2026-09-21T01:30:34.364999+00:00,201,10063.248,
2026-09-21T01:30:08.547628+00:00,201,35882.618,
2026-09-21T01:30:02.611600+00:00,201,41821.258,
2026-09-21T01:30:43.301050+00:00,201,1139.379,
2026-09-21T01:30:09.581323+00:00,201,34860.204,
2026-09-21T01:29:44.061852+00:00,201,60380.85,
2026-09-21T01:30:36.143200+00:00,201,8300.91,
2026-09-21T01:30:42.090529+00:00,201,2354.911,
2026-09-21T01:30:03.711730+00:00,201,40735.018,
2026-09-21T01:30:16.331414+00:00,201,28116.794,
2026-09-21T01:30:11.145256+00:00,201,33304.413,
2026-09-21T01:30:24.610715+00:00,201,19840.451,
2026-09-21T01:30:18.826720+00:00,201,25625.988,
2026-09-21T01:30:07.828711+00:00,201,36625.557,
2026-09-21T01:30:41.652741+00:00,201,2807.975,
2026-09-21T01:30:22.689375+00:00,201,21791.92,
2026-09-21T01:30:25.856820+00:00,201,18626.194,
2026-09-21T01:30:25.024259+00:00,201,19472.0,
2026-09-21T01:30:03.655713+00:00,201,40842.199,
2026-09-21T01:30:29.034425+00:00,201,15465.327,
2026-09-21T01:30:37.467852+00:00,201,7036.601,
2026-09-21T01:30:31.961020+00:00,201,12568.519,
2026-09-21T01:30:36.881440+00:00,201,7652.415,
2026-09-21T01:30:41.499054+00:00,201,3040.098,
2026-09-21T01:30:14.824532+00:00,201,29749.78,
2026-09-21T01:30:02.471818+00:00,201,42104.2,
2026-09-21T01:30:29.584853+00:00,201,14993.822,
2026-09-21T01:30:34.357539+00:00,201,10231.187,
2026-09-21T01:30:34.658019+00:00,201,9942.013,
2026-09-21T01:30:43.945593+00:00,201,681.382,
2026-09-21T01:30:27.240984+00:00,201,17389.407,
2026-09-21T01:30:40.010288+00:00,201,4631.13,
2026-09-21T01:29:48.243465+00:00,201,56418.517,
2026-09-21T01:30:16.088131+00:00,201,28586.803,
2026-09-21T01:30:39.316216+00:00,201,5372.156,
2026-09-21T01:30:15.818062+00:00,201,28881.349,
2026-09-21T01:30:17.760885+00:00,201,26942.952,
2026-09-21T01:30:39.257811+00:00,201,5447.974,
2026-09-21T01:30:14.196347+00:00,201,30511.223,
2026-09-21T01:30:16.267609+00:00,201,28463.849,
2026-09-21T01:30:41.382300+00:00,201,3386.842,
2026-09-21T01:30:18.190371+00:00,201,26598.223,
2026-09-21T01:30:42.551150+00:00,201,2256.896,
2026-09-21T01:29:43.437210+00:00,201,61394.905,
2026-09-21T01:30:37.478406+00:00,201,7362.369,
2026-09-21T01:30:35.235465+00:00,201,9608.358,
2026-09-21T01:30:24.664063+00:00,201,20206.593,
2026-09-21T01:30:21.923710+00:00,201,22972.721,
2026-09-21T01:30:03.992097+00:00,201,40935.928,
2026-09-21T01:30:13.072755+00:00,201,31878.718,
2026-09-21T01:29:45.218984+00:00,201,59735.425,
2026-09-21T01:30:43.061535+00:00,201,1895.129,
2026-09-21T01:30:15.751625+00:00,201,29228.597,
2026-09-21T01:30:12.685939+00:00,201,32299.614,
2026-09-21T01:30:35.528657+00:00,201,9491.948,
2026-09-21T01:30:40.881542+00:00,201,4155.25,
2026-09-21T01:30:04.784521+00:00,201,40291.557,
2026-09-21T01:30:24.461977+00:00,201,20630.575,
2026-09-21T01:30:31.627202+00:00,201,13470.191,
2026-09-21T01:29:37.039701+00:00,201,68082.674,
2026-09-21T01:30:29.011590+00:00,201,16131.802,
2026-09-21T01:29:56.968393+00:00,201,48217.07,
2026-09-21T01:30:22.716318+00:00,201,22496.645,
2026-09-21T01:30:38.441003+00:00,201,6779.831,
2026-09-21T01:30:08.432983+00:00,201,36790.801,
2026-09-21T01:30:42.402339+00:00,201,2842.589,
2026-09-21T01:30:07.112386+00:00,201,38149.727,
2026-09-21T01:30:25.944265+00:00,201,19344.68,
2026-09-21T01:29:49.880284+00:00,201,55440.262,
2026-09-21T01:30:34.164582+00:00,201,11207.55,
2026-09-21T01:30:42.987596+00:00,201,2411.027,
2026-09-21T01:30:43.308260+00:00,201,2104.735,
2026-09-21T01:30:07.324388+00:00,201,38100.078,
2026-09-21T01:30:02.311187+00:00,201,43140.614,
2026-09-21T01:30:23.527795+00:00,201,21941.8,
2026-09-21T01:29:55.902703+00:00,201,49580.476,
2026-09-21T01:30:40.529854+00:00,201,4978.636,
2026-09-21T01:30:26.199287+00:00,201,19313.736,
2026-09-21T01:30:18.197572+00:00,201,27319.287,
2026-09-21T01:30:09.902501+00:00,201,35631.261,
2026-09-21T01:29:59.239718+00:00,201,46297.936,
2026-09-21T01:30:15.188885+00:00,201,30356.64,
2026-09-21T01:30:45.097424+00:00,201,467.0,
2026-09-21T01:30:25.378637+00:00,201,20224.958,
2026-09-21T01:30:33.526788+00:00,201,12078.647,
2026-09-21T01:30:36.197574+00:00,201,9434.354,
2026-09-21T01:30:25.384298+00:00,201,20261.351,
2026-09-21T01:30:21.915916+00:00,201,23754.112,
2026-09-21T01:30:29.161394+00:00,201,16514.915,
2026-09-21T01:30:09.305102+00:00,201,36373.323,
2026-09-21T01:30:34.937638+00:00,201,10747.344,
2026-09-21T01:30:15.544769+00:00,201,30152.006,
2026-09-21T01:29:48.159192+00:00,201,57543.358,
2026-09-21T01:30:34.237455+00:00,201,11477.991,
2026-09-21T01:30:29.027945+00:00,201,16705.989,
2026-09-21T01:30:17.361963+00:00,201,28419.287,
2026-09-21T01:30:07.420425+00:00,201,38371.873,
2026-09-21T01:30:01.557608+00:00,201,44241.335,
2026-09-21T01:30:03.754898+00:00,201,42075.411,
2026-09-21T01:30:40.622895+00:00,201,5231.937,
2026-09-21T01:30:18.368834+00:00,201,27549.204,
2026-09-21T01:30:06.585662+00:00,201,39356.179,
2026-09-21T01:30:29.588788+00:00,201,16355.062,
2026-09-21T01:30:16.832940+00:00,201,29138.36,
2026-09-21T01:30:25.323327+00:00,201,20665.929,
2026-09-21T01:30:44.218424+00:00,201,1787.047,
2026-09-21T01:30:16.165058+00:00,201,29869.995,
2026-09-21T01:30:18.072186+00:00,201,27965.826,
2026-09-21T01:30:45.603639+00:00,201,436.452,
2026-09-21T01:30:27.350167+00:00,201,18712.284,
2026-09-21T01:30:45.605464+00:00,201,476.377,
2026-09-21T01:30:10.359560+00:00,201,35775.66,
2026-09-21T01:30:38.363182+00:00,201,7774.099,
2026-09-21T01:30:34.372407+00:00,201,11784.047,
2026-09-21T01:30:31.335624+00:00,201,14830.928,
2026-09-21T01:29:48.025613+00:00,201,58178.835,
2026-09-21T01:30:31.346798+00:00,201,14861.812,
2026-09-21T01:30:13.376467+00:00,201,32881.821,
2026-09-21T01:30:14.050293+00:00,201,32218.94,
2026-09-21T01:30:34.942518+00:00,201,11375.028,
2026-09-21T01:30:28.282416+00:00,201,18044.709,
2026-09-21T01:30:31.629856+00:00,201,14712.405,
2026-09-21T01:30:37.425301+00:00,201,8948.514,
2026-09-21T01:30:31.619885+00:00,201,14761.68,
2026-09-21T01:30:43.856887+00:00,201,2530.394,
2026-09-21T01:30:08.211341+00:00,201,38182.883,
2026-09-21T01:30:40.829480+00:00,201,5574.032,
2026-09-21T01:30:09.096470+00:00,201,37317.522,
2026-09-21T01:29:59.033244+00:00,201,47390.506,
2026-09-21T01:30:43.962426+00:00,201,2475.392,
2026-09-21T01:30:30.239237+00:00,201,16218.41,
2026-09-21T01:30:41.047240+00:00,201,5413.686,
2026-09-21T01:30:36.351173+00:00,201,10140.561,
2026-09-21T01:30:15.193175+00:00,201,31310.806,
2026-09-21T01:30:02.790862+00:00,201,43722.228,
2026-09-21T01:29:56.992964+00:00,201,49564.791,
2026-09-21T01:30:23.432063+00:00,201,23128.745,
2026-09-21T01:30:41.769749+00:00,201,4804.552,
2026-09-21T01:30:05.104599+00:00,201,41490.845,
2026-09-21T01:30:46.122130+00:00,201,488.877,
2026-09-21T01:29:55.966926+00:00,201,50665.884,
2026-09-21T01:30:28.018077+00:00,201,18617.02,
2026-09-21T01:29:58.692609+00:00,201,48012.139,
2026-09-21T01:30:15.052176+00:00,201,31675.255,
2026-09-21T01:29:40.265764+00:00,201,66472.076,
2026-09-21T01:30:28.773222+00:00,201,17977.011,
2026-09-21T01:30:42.336086+00:00,201,4443.365,
2026-09-21T01:30:43.667856+00:00,201,3129.146,
2026-09-21T01:29:45.832676+00:00,201,61009.003,
2026-09-21T01:30:16.685077+00:00,201,30209.92,
2026-09-21T01:30:43.084074+00:00,201,3824.762,
2026-09-21T01:30:30.698121+00:00,201,16267.387,
2026-09-21T01:30:45.786469+00:00,201,1193.539,
2026-09-21T01:30:36.474668+00:00,201,10512.927,
2026-09-21T01:30:06.747965+00:00,201,40250.281,
2026-09-21T01:30:45.055758+00:00,201,1957.604,
2026-09-21T01:30:16.885315+00:00,201,30145.894,
2026-09-21T01:30:41.307476+00:00,201,5795.274,
2026-09-21T01:30:39.080222+00:00,201,8034.565,
2026-09-21T01:30:45.185564+00:00,201,1937.64,
2026-09-21T01:30:04.403292+00:00,201,42739.67,
2026-09-21T01:30:25.292623+00:00,201,21866.55,
2026-09-21T01:30:03.198590+00:00,201,43970.499,
2026-09-21T01:30:24.943701+00:00,201,22237.987,
2026-09-21T01:30:26.230942+00:00,201,20970.816,
2026-09-21T01:30:31.292491+00:00,201,15912.393,
2026-09-21T01:30:41.883714+00:00,201,5337.593,
2026-09-21T01:30:15.931900+00:00,201,31333.785,
2026-09-21T01:30:37.624765+00:00,201,9646.428,
2026-09-21T01:30:26.549740+00:00,201,20738.752,
2026-09-21T01:29:49.154757+00:00,201,58184.26,
2026-09-21T01:30:39.650179+00:00,201,7714.844,
2026-09-21T01:30:02.745436+00:00,201,44627.504,
2026-09-21T01:30:44.576106+00:00,201,2806.02,
2026-09-21T01:30:15.600595+00:00,201,31785.086,
2026-09-21T01:30:12.739953+00:00,201,34650.368,
2026-09-21T01:30:32.978225+00:00,201,14417.551,
2026-09-21T01:30:44.832241+00:00,201,2568.466,
2026-09-21T01:30:43.371498+00:00,201,4093.327,
2026-09-21T01:30:09.644705+00:00,201,37835.302,
2026-09-21T01:30:15.330428+00:00,201,32157.77,
2026-09-21T01:30:38.428509+00:00,201,9065.355,
2026-09-21T01:30:14.831714+00:00,201,32688.735,
2026-09-21T01:30:04.781335+00:00,201,42767.996,
2026-09-21T01:30:30.820465+00:00,201,16752.96,
2026-09-21T01:30:31.376961+00:00,201,16205.495,
2026-09-21T01:30:04.077405+00:00,201,43510.563,
2026-09-21T01:30:45.143428+00:00,201,2468.301,
2026-09-21T01:30:09.990212+00:00,201,37642.183,
2026-09-21T01:30:11.800038+00:00,201,35863.611,
2026-09-21T01:29:54.766295+00:00,201,52900.997,
2026-09-21T01:29:39.454025+00:00,201,68230.509,
2026-09-21T01:30:22.752408+00:00,201,24935.979,
2026-09-21T01:30:43.377705+00:00,201,4316.49,
2026-09-21T01:30:19.787413+00:00,201,27918.556,
2026-09-21T01:29:54.605604+00:00,201,53108.344,
2026-09-21T01:30:29.375384+00:00,201,18342.831,
2026-09-21T01:30:36.952262+00:00,201,10782.155,
2026-09-21T01:30:37.307367+00:00,201,10435.193,
2026-09-21T01:30:40.138168+00:00,201,7642.484,
2026-09-21T01:30:33.895570+00:00,201,13887.852,
2026-09-21T01:30:07.215367+00:00,201,40619.894,
2026-09-21T01:30:41.326853+00:00,201,6549.052,
2026-09-21T01:30:31.632589+00:00,201,16245.703,
2026-09-21T01:30:04.268351+00:00,201,43612.017,
2026-09-21T01:30:31.045375+00:00,201,16841.733,
2026-09-21T01:30:44.081919+00:00,201,3846.508,
2026-09-21T01:30:43.602557+00:00,201,4372.753,
2026-09-21T01:30:36.436543+00:00,201,11544.072,
2026-09-21T01:30:39.063366+00:00,201,8971.538,
2026-09-21T01:29:35.991621+00:00,201,72087.295,
2026-09-21T01:30:17.714772+00:00,201,30366.058,
2026-09-21T01:30:13.392203+00:00,201,34714.231,
2026-09-21T01:30:44.621800+00:00,201,3521.407,
2026-09-21T01:30:36.192479+00:00,201,11960.975,
2026-09-21T01:30:24.490925+00:00,201,23675.047,
2026-09-21T01:30:22.513022+00:00,201,25709.269,
2026-09-21T01:30:42.375623+00:00,201,5864.448,
2026-09-21T01:30:47.780671+00:00,201,463.113,
2026-09-21T01:30:18.473415+00:00,201,29773.242,
2026-09-21T01:30:45.913941+00:00,201,2346.466,
2026-09-21T01:30:26.921749+00:00,201,21350.247,
2026-09-21T01:30:39.231150+00:00,201,9047.612,
2026-09-21T01:30:18.503207+00:00,201,29778.59,
2026-09-21T01:30:35.481690+00:00,201,12802.239,
2026-09-21T01:30:03.588960+00:00,201,44707.972,
2026-09-21T01:30:47.878329+00:00,201,421.718,
2026-09-21T01:29:59.401748+00:00,201,48905.074,
2026-09-21T01:29:43.894742+00:00,201,64465.912,
2026-09-21T01:30:35.145354+00:00,201,13224.524,
2026-09-21T01:30:41.818456+00:00,201,6570.322,
2026-09-21T01:30:44.951541+00:00,201,3443.034,
2026-09-21T01:30:25.690738+00:00,201,22706.879,
2026-09-21T01:30:37.474066+00:00,201,10929.541,
2026-09-21T01:29:55.058667+00:00,201,53356.146,
2026-09-21T01:30:31.769659+00:00,201,16653.27,
2026-09-21T01:30:23.235734+00:00,201,25189.324,
2026-09-21T01:30:31.391073+00:00,201,17038.19,
2026-09-21T01:30:43.432871+00:00,201,5006.639,
2026-09-21T01:30:44.497999+00:00,201,3977.079,
2026-09-21T01:30:24.994076+00:00,201,23509.15,
2026-09-21T01:30:48.079064+00:00,201,434.249,
2026-09-21T01:30:44.187000+00:00,201,4328.293,
2026-09-21T01:30:48.080895+00:00,201,476.139,
2026-09-21T01:30:10.852520+00:00,201,37779.354,
2026-09-21T01:30:43.759885+00:00,201,4883.672,
2026-09-21T01:30:42.306815+00:00,201,6358.242,
2026-09-21T01:30:07.317791+00:00,201,41356.612,
2026-09-21T01:30:41.119469+00:00,201,7575.326,
2026-09-21T01:30:36.797254+00:00,201,11911.96,
2026-09-21T01:30:32.681376+00:00,201,16041.75,
2026-09-21T01:30:42.702651+00:00,201,6022.475,
2026-09-21T01:30:09.216948+00:00,201,39523.892,
2026-09-21T01:30:43.509739+00:00,201,5263.993,
2026-09-21T01:30:44.626981+00:00,201,4153.027,
2026-09-21T01:30:41.926645+00:00,201,6861.907,
2026-09-21T01:30:29.087811+00:00,201,19707.427,
2026-09-21T01:30:34.855329+00:00,201,13963.08,
2026-09-21T01:30:07.629479+00:00,201,41204.059,
2026-09-21T01:30:09.768240+00:00,201,39099.673,
2026-09-21T01:30:42.523199+00:00,201,6378.903,
2026-09-21T01:30:48.475089+00:00,201,432.122,
2026-09-21T01:29:39.698324+00:00,201,69216.197,
2026-09-21T01:30:43.045658+00:00,201,5883.152,
2026-09-21T01:30:38.873918+00:00,201,10067.292,
2026-09-21T01:30:16.599532+00:00,201,32346.647,
2026-09-21T01:30:21.735053+00:00,201,27239.748,
2026-09-21T01:30:03.526065+00:00,201,45481.231,
2026-09-21T01:30:38.293065+00:00,201,10737.835,
2026-09-21T01:30:44.374603+00:00,201,4687.2,
2026-09-21T01:30:06.491003+00:00,201,42583.406,
2026-09-21T01:30:29.269108+00:00,201,19842.983,
2026-09-21T01:30:39.443744+00:00,201,9676.685,
2026-09-21T01:29:55.356440+00:00,201,53778.51,
2026-09-21T01:30:16.776153+00:00,201,32371.122,
2026-09-21T01:30:36.088953+00:00,201,13070.957,
2026-09-21T01:30:47.347261+00:00,201,1843.525,
2026-09-21T01:30:24.023183+00:00,201,25176.762,
2026-09-21T01:30:05.095312+00:00,201,44114.496,
2026-09-21T01:30:31.926826+00:00,201,17288.801,
2026-09-21T01:30:13.708496+00:00,201,35511.103,
2026-09-21T01:30:38.672534+00:00,201,10560.366,
2026-09-21T01:30:41.510636+00:00,201,7729.635,
2026-09-21T01:30:20.351911+00:00,201,28906.971,
2026-09-21T01:30:42.823289+00:00,201,6461.979,
2026-09-21T01:30:48.902117+00:00,201,424.206,
2026-09-21T01:30:16.355241+00:00,201,32976.668,
2026-09-21T01:29:47.510802+00:00,201,61850.002,
2026-09-21T01:30:43.689763+00:00,201,5681.68,
2026-09-21T01:30:25.869313+00:00,201,23510.48,
2026-09-21T01:30:22.324424+00:00,201,27064.26,
2026-09-21T01:30:46.083122+00:00,201,3311.65,
2026-09-21T01:30:48.974859+00:00,201,426.487,
2026-09-21T01:30:33.996031+00:00,201,15466.921,
2026-09-21T01:30:45.469641+00:00,201,4011.063,
2026-09-21T01:30:26.243813+00:00,201,23238.504,
2026-09-21T01:30:27.000939+00:00,201,22509.898,
2026-09-21T01:30:30.671897+00:00,201,18840.7,
2026-09-21T01:30:13.542848+00:00,201,35996.488,
2026-09-21T01:30:22.101259+00:00,201,27450.857,
2026-09-21T01:30:09.851092+00:00,201,39710.945,
2026-09-21T01:30:23.185692+00:00,201,26384.079,
2026-09-21T01:29:59.949125+00:00,201,49623.094,
2026-09-21T01:30:47.880460+00:00,201,1703.193,
2026-09-21T01:30:09.983131+00:00,201,39618.016,
2026-09-21T01:29:45.550450+00:00,201,64083.276,
2026-09-21T01:30:17.193969+00:00,201,32459.248,
2026-09-21T01:30:32.411852+00:00,201,17249.405,
2026-09-21T01:30:39.552275+00:00,201,10113.672,
2026-09-21T01:30:49.326327+00:00,201,340.825,
2026-09-21T01:30:42.655970+00:00,201,7111.768,
2026-09-21T01:30:44.332210+00:00,201,5444.286,
2026-09-21T01:30:39.960208+00:00,201,9819.439,
2026-09-21T01:30:31.982825+00:00,201,17798.941,
2026-09-21T01:29:57.908910+00:00,201,51896.97,
2026-09-21T01:30:22.823025+00:00,201,26991.087,
2026-09-21T01:30:32.036025+00:00,201,17781.554,
2026-09-21T01:30:41.946224+00:00,201,7898.191,
2026-09-21T01:30:36.530684+00:00,201,13321.379,
2026-09-21T01:30:16.614012+00:00,201,33251.07,
2026-09-21T01:30:49.539411+00:00,201,333.404,
2026-09-21T01:30:03.766294+00:00,201,46116.788,
2026-09-21T01:30:27.953814+00:00,201,21945.186,
2026-09-21T01:29:51.029550+00:00,201,58870.872,
2026-09-21T01:29:50.205120+00:00,201,59711.513,
2026-09-21T01:30:10.089284+00:00,201,39839.297,
2026-09-21T01:30:44.132386+00:00,201,5799.231,
2026-09-21T01:30:30.107515+00:00,201,19825.203,
2026-09-21T01:30:41.267123+00:00,201,8671.782,
2026-09-21T01:29:48.714868+00:00,201,61230.848,
2026-09-21T01:30:09.208779+00:00,201,40742.358,
2026-09-21T01:30:15.907857+00:00,201,34051.688,
2026-09-21T01:30:16.602881+00:00,201,33364.28,
2026-09-21T01:30:36.606850+00:00,201,13367.125,
2026-09-21T01:30:10.771803+00:00,201,39224.417,
2026-09-21T01:30:36.951504+00:00,201,13055.903,
2026-09-21T01:30:45.566341+00:00,201,4447.979,
2026-09-21T01:29:58.841425+00:00,201,51183.427,
2026-09-21T01:30:07.374897+00:00,201,42652.097,
2026-09-21T01:30:47.118360+00:00,201,2910.411,
2026-09-21T01:30:20.777769+00:00,201,29280.166,
2026-09-21T01:30:35.230458+00:00,201,14841.72,
2026-09-21T01:30:31.677379+00:00,201,18407.87,
2026-09-21T01:30:33.703682+00:00,201,16401.327,
2026-09-21T01:30:40.167988+00:00,201,9938.546,
2026-09-21T01:30:24.278057+00:00,201,25835.912,
2026-09-21T01:30:09.454662+00:00,201,40662.888,
2026-09-21T01:29:54.888946+00:00,201,55230.769,
2026-09-21T01:30:49.455770+00:00,201,676.243,
2026-09-21T01:30:44.335434+00:00,201,5821.639,
2026-09-21T01:30:40.246409+00:00,201,9946.236,
2026-09-21T01:30:42.827838+00:00,201,7370.41,
2026-09-21T01:30:13.530592+00:00,201,36670.222,
2026-09-21T01:30:26.890376+00:00,201,23324.282,
2026-09-21T01:30:18.649724+00:00,201,31571.471,
2026-09-21T01:30:40.117313+00:00,201,10118.381,
2026-09-21T01:30:46.824442+00:00,201,3418.546,
2026-09-21T01:30:11.930999+00:00,201,38324.385,
2026-09-21T01:30:37.855762+00:00,201,12400.559,
2026-09-21T01:29:59.411653+00:00,201,50851.039,
2026-09-21T01:30:30.621713+00:00,201,19649.45,
2026-09-21T01:30:34.763919+00:00,201,15512.628,
2026-09-21T01:30:04.520478+00:00,201,45768.407,
2026-09-21T01:30:08.839163+00:00,201,41460.97,
2026-09-21T01:30:47.649579+00:00,201,2660.021,
2026-09-21T01:30:47.102766+00:00,201,3221.813,
2026-09-21T01:30:46.167858+00:00,201,4178.611,
2026-09-21T01:30:16.068532+00:00,201,34282.692,
2026-09-21T01:29:51.815513+00:00,201,58548.768,
2026-09-21T01:30:41.398985+00:00,201,8974.985,
2026-09-21T01:30:03.510877+00:00,201,46904.228,
2026-09-21T01:30:33.012526+00:00,201,17404.398,
2026-09-21T01:29:55.891356+00:00,201,54526.859,
2026-09-21T01:30:24.448158+00:00,201,25991.606,
2026-09-21T01:30:03.887243+00:00,201,46555.186,
2026-09-21T01:30:47.271217+00:00,201,3173.397,
2026-09-21T01:30:34.085888+00:00,201,16359.679,
2026-09-21T01:30:08.943297+00:00,201,41504.8,
2026-09-21T01:30:33.993417+00:00,201,16464.162,
2026-09-21T01:29:49.792074+00:00,201,60671.498,
2026-09-21T01:30:43.292313+00:00,201,7175.937,
2026-09-21T01:30:36.845641+00:00,201,13625.189,
2026-09-21T01:30:40.621511+00:00,201,9857.575,
2026-09-21T01:29:57.670474+00:00,201,52835.731,
2026-09-21T01:30:37.382730+00:00,201,13131.877,
2026-09-21T01:30:08.550230+00:00,201,41975.945,
2026-09-21T01:30:32.033406+00:00,201,18506.772,
2026-09-21T01:30:26.896652+00:00,201,23644.461,
2026-09-21T01:29:53.174482+00:00,201,57381.075,
2026-09-21T01:30:04.136507+00:00,201,46425.127,
2026-09-21T01:30:32.315288+00:00,201,18251.008,
2026-09-21T01:30:24.133588+00:00,201,26437.449,
2026-09-21T01:30:13.215036+00:00,201,37366.409,
2026-09-21T01:30:02.489825+00:00,201,48102.375,
2026-09-21T01:30:46.987620+00:00,201,3628.456,
2026-09-21T01:30:14.542142+00:00,201,36086.263,
2026-09-21T01:30:45.564427+00:00,201,5070.832,
2026-09-21T01:30:41.268383+00:00,201,9379.544,
2026-09-21T01:30:36.677727+00:00,201,13979.606,
2026-09-21T01:29:50.664472+00:00,201,59998.203,
2026-09-21T01:30:13.614825+00:00,201,37068.071,
2026-09-21T01:30:34.977546+00:00,201,15713.767,
2026-09-21T01:30:03.747594+00:00,201,46958.776,
2026-09-21T01:30:46.317572+00:00,201,4395.225,
2026-09-21T01:30:02.590015+00:00,201,48146.185,
2026-09-21T01:30:06.572905+00:00,201,44164.954,
2026-09-21T01:30:32.133939+00:00,201,18609.862,
2026-09-21T01:30:49.618861+00:00,201,1126.065,
2026-09-21T01:30:17.034729+00:00,201,33719.344,
2026-09-21T01:30:34.944920+00:00,201,15834.679,
2026-09-21T01:30:26.518005+00:00,201,24263.621,
2026-09-21T01:30:31.743134+00:00,201,19043.079,
2026-09-21T01:30:34.579610+00:00,201,16225.193,
2026-09-21T01:29:53.546789+00:00,201,57302.166,
2026-09-21T01:30:02.351930+00:00,201,48497.881,
2026-09-21T01:30:20.595513+00:00,201,30261.894,
2026-09-21T01:30:49.665971+00:00,201,1201.108,
2026-09-21T01:30:37.647354+00:00,201,13224.875,
2026-09-21T01:30:43.803727+00:00,201,7080.834,
2026-09-21T01:30:31.417281+00:00,201,19470.106,
2026-09-21T01:30:34.456918+00:00,201,16432.969,
2026-09-21T01:30:39.874496+00:00,201,11023.322,
2026-09-21T01:30:40.161370+00:00,201,10738.469,
2026-09-21T01:30:12.412330+00:00,201,38493.034,
2026-09-21T01:30:18.758051+00:00,201,32161.762,
2026-09-21T01:30:31.761743+00:00,201,19160.767,
2026-09-21T01:30:23.503629+00:00,201,27421.416,
2026-09-21T01:30:43.431829+00:00,201,7552.523,
2026-09-21T01:30:28.720174+00:00,201,22275.745,
2026-09-21T01:30:25.906545+00:00,201,25090.421,
2026-09-21T01:30:37.206342+00:00,201,13798.028,
2026-09-21T01:30:23.966705+00:00,201,27051.094,
2026-09-21T01:30:38.902054+00:00,201,12116.871,
2026-09-21T01:30:06.372539+00:00,201,44652.299,
2026-09-21T01:30:31.640703+00:00,201,19409.056,
2026-09-21T01:29:53.053564+00:00,201,58001.844,
2026-09-21T01:30:01.707609+00:00,201,49354.008,
2026-09-21T01:30:50.766039+00:00,201,315.138,
2026-09-21T01:30:44.879658+00:00,201,6214.564,
2026-09-21T01:30:45.799035+00:00,201,5331.552,
2026-09-21T01:30:42.605971+00:00,201,8527.911,
2026-09-21T01:30:37.046430+00:00,201,14105.56,
2026-09-21T01:30:36.985469+00:00,201,14171.088,
2026-09-21T01:30:19.500220+00:00,201,31674.982,
2026-09-21T01:30:49.035389+00:00,201,2142.608,
2026-09-21T01:30:15.210220+00:00,201,35983.681,
2026-09-21T01:29:57.616448+00:00,201,53580.195,
2026-09-21T01:30:14.961953+00:00,201,36242.521,
2026-09-21T01:30:31.803311+00:00,201,19407.822,
2026-09-21T01:30:23.442427+00:00,201,27771.663,
2026-09-21T01:30:33.163592+00:00,201,18054.777,
2026-09-21T01:30:40.512059+00:00,201,10715.624,
2026-09-21T01:30:20.067817+00:00,201,31162.325,
2026-09-21T01:30:39.710087+00:00,201,11521.486,
2026-09-21T01:30:33.537730+00:00,201,17696.596,
2026-09-21T01:30:37.375288+00:00,201,13866.041,
2026-09-21T01:30:15.830766+00:00,201,35426.072,
2026-09-21T01:30:10.097808+00:00,201,41171.717,
2026-09-21T01:30:38.550275+00:00,201,12737.414,
2026-09-21T01:30:30.306275+00:00,201,20995.878,
2026-09-21T01:30:50.682973+00:00,201,640.655,
2026-09-21T01:29:48.816170+00:00,201,62520.943,
2026-09-21T01:30:09.231816+00:00,201,42108.055,
2026-09-21T01:30:20.699398+00:00,201,30646.515,
2026-09-21T01:30:43.320105+00:00,201,8047.836,
2026-09-21T01:30:20.650334+00:00,201,30722.387,
2026-09-21T01:30:19.932851+00:00,201,31442.382,
2026-09-21T01:30:42.198254+00:00,201,9181.518,
2026-09-21T01:30:24.703990+00:00,201,26732.451,
2026-09-21T01:30:29.414082+00:00,201,22031.729,
2026-09-21T01:30:23.532147+00:00,201,27930.497,
2026-09-21T01:29:48.758102+00:00,201,62783.338,
2026-09-21T01:30:02.278050+00:00,201,49267.002,
2026-09-21T01:30:42.905092+00:00,201,8668.263,
2026-09-21T01:30:02.814075+00:00,201,48761.712,
2026-09-21T01:29:47.640784+00:00,201,63936.361,
2026-09-21T01:30:42.087878+00:00,201,9490.798,
2026-09-21T01:30:47.688441+00:00,201,3891.741,
2026-09-21T01:30:32.414334+00:00,201,19167.379,
2026-09-21T01:30:31.328208+00:00,201,20255.085,
2026-09-21T01:30:43.178757+00:00,201,8406.233,
2026-09-21T01:29:48.874338+00:00,201,62712.211,
2026-09-21T01:30:19.374876+00:00,201,32213.611,
2026-09-21T01:29:57.350736+00:00,201,54239.607,
2026-09-21T01:30:18.787120+00:00,201,32805.262,
2026-09-21T01:30:13.538705+00:00,201,38055.694,
2026-09-21T01:30:15.874653+00:00,201,35721.835,
2026-09-21T01:30:38.051090+00:00,201,13576.18,
2026-09-21T01:29:48.677951+00:00,201,62954.682,
2026-09-21T01:30:22.451698+00:00,201,29197.82,
2026-09-21T01:30:15.042358+00:00,201,36611.739,
2026-09-21T01:30:38.956936+00:00,201,12699.542,
2026-09-21T01:29:55.755880+00:00,201,55902.928,
2026-09-21T01:30:39.980575+00:00,201,11680.738,
2026-09-21T01:30:33.462859+00:00,201,18231.001,
2026-09-21T01:30:18.075817+00:00,201,33628.675,
2026-09-21T01:30:34.461855+00:00,201,17258.39,
2026-09-21T01:29:48.642745+00:00,201,63079.9,
2026-09-21T01:30:50.974637+00:00,201,750.703,
2026-09-21T01:30:02.718655+00:00,201,49020.234,
2026-09-21T01:30:05.356482+00:00,201,46436.071,
2026-09-21T01:30:38.951783+00:00,201,12843.492,
2026-09-21T01:30:48.034927+00:00,201,3763.144,
2026-09-21T01:30:46.383074+00:00,201,5417.681,
2026-09-21T01:30:44.312301+00:00,201,7491.274,
2026-09-21T01:30:31.481501+00:00,201,20324.95,
2026-09-21T01:30:23.868523+00:00,201,27940.851,
2026-09-21T01:30:44.956672+00:00,201,6855.955,
2026-09-21T01:30:45.607918+00:00,201,6207.738,
2026-09-21T01:30:09.215686+00:00,201,42603.022,
2026-09-21T01:30:37.482379+00:00,201,14339.632,
2026-09-21T01:29:57.096173+00:00,201,54729.141,
2026-09-21T01:30:39.061983+00:00,201,12807.659,
2026-09-21T01:30:42.914642+00:00,201,8969.447,
2026-09-21T01:30:00.663788+00:00,201,51225.344,
2026-09-21T01:30:43.812028+00:00,201,8102.852,
2026-09-21T01:30:43.564314+00:00,201,8354.148,
2026-09-21T01:29:56.980512+00:00,201,54941.529,
2026-09-21T01:30:46.250668+00:00,201,5675.155,
2026-09-21T01:30:48.143218+00:00,201,3786.349,
2026-09-21T01:30:36.958965+00:00,201,14974.43,
2026-09-21T01:30:27.271403+00:00,201,24665.739,
2026-09-21T01:30:37.724855+00:00,201,14216.343,
2026-09-21T01:29:57.935177+00:00,201,54009.838,
2026-09-21T01:30:47.694207+00:00,201,4255.063,
2026-09-21T01:30:47.959475+00:00,201,3993.796,
2026-09-21T01:29:55.294122+00:00,201,56663.361,
2026-09-21T01:30:05.811943+00:00,201,46149.662,
2026-09-21T01:30:26.883850+00:00,201,25082.121,
2026-09-21T01:29:36.543191+00:00,201,75427.007,
2026-09-21T01:30:50.235717+00:00,201,1739.194,
2026-09-21T01:29:43.521446+00:00,201,68457.874,
2026-09-21T01:30:27.313776+00:00,201,24670.287,
2026-09-21T01:30:12.760921+00:00,201,39227.83,
2026-09-21T01:30:28.005046+00:00,201,23988.291,
2026-09-21T01:30:29.816287+00:00,201,22181.747,
2026-09-21T01:30:28.833598+00:00,201,23169.225,
2026-09-21T01:30:14.690560+00:00,201,37358.247,
2026-09-21T01:30:44.496301+00:00,201,7562.453,
2026-09-21T01:30:24.265404+00:00,201,27808.106,
2026-09-21T01:29:49.151108+00:00,201,62946.844,
2026-09-21T01:30:34.081041+00:00,201,18080.615,
2026-09-21T01:30:42.551939+00:00,201,9715.624,
2026-09-21T01:30:36.216704+00:00,201,16065.017,
2026-09-21T01:30:35.040489+00:00,201,17269.518,
2026-09-21T01:30:50.299201+00:00,201,2025.235,
2026-09-21T01:30:04.999841+00:00,201,47367.818,
2026-09-21T01:30:51.491484+00:00,201,881.337,
2026-09-21T01:29:53.171003+00:00,201,59206.475,
2026-09-21T01:30:35.903304+00:00,201,16479.325,
2026-09-21T01:30:32.078482+00:00,201,20403.536,
2026-09-21T01:30:51.541569+00:00,201,957.178,
2026-09-21T01:30:09.320810+00:00,201,43210.687,
2026-09-21T01:30:43.736809+00:00,201,8835.393,
2026-09-21T01:30:45.451890+00:00,201,7226.413,
2026-09-21T01:30:16.781366+00:00,201,35915.928,
2026-09-21T01:30:31.205272+00:00,201,21518.693,
2026-09-21T01:30:39.170419+00:00,201,13580.297,
2026-09-21T01:30:09.657914+00:00,201,43136.002,
2026-09-21T01:30:36.011365+00:00,201,16867.474,
2026-09-21T01:29:42.781709+00:00,201,70135.494,
2026-09-21T01:30:16.598077+00:00,201,36360.827,
2026-09-21T01:29:41.757537+00:00,201,71254.421,
2026-09-21T01:30:26.645897+00:00,201,26472.378,
2026-09-21T01:30:50.849911+00:00,201,2343.88,
2026-09-21T01:30:04.885278+00:00,201,48553.813,
2026-09-21T01:29:59.942837+00:00,201,53520.008,
2026-09-21T01:30:49.514902+00:00,201,3969.152,
2026-09-21T01:30:40.676659+00:00,201,12814.735,
2026-09-21T01:29:47.077187+00:00,201,66444.824,
2026-09-21T01:30:33.706192+00:00,201,19833.282,
2026-09-21T01:29:57.582799+00:00,201,55973.893,
2026-09-21T01:30:45.262193+00:00,201,8314.833,
2026-09-21T01:30:48.914664+00:00,201,4700.246,
2026-09-21T01:30:21.840677+00:00,201,31824.458,
2026-09-21T01:30:16.928004+00:00,201,36751.979,
2026-09-21T01:30:37.411785+00:00,201,16295.122,
2026-09-21T01:30:50.404545+00:00,201,3336.455,
2026-09-21T01:30:30.804661+00:00,201,22997.597,
2026-09-21T01:30:16.319268+00:00,201,37490.08,
2026-09-21T01:30:31.525102+00:00,201,22310.61,
2026-09-21T01:29:56.876198+00:00,201,56992.506,
2026-09-21T01:30:50.610593+00:00,201,3288.135,
2026-09-21T01:30:31.669189+00:00,201,22255.569,
2026-09-21T01:30:30.788734+00:00,201,23170.097,
2026-09-21T01:30:03.925581+00:00,201,50099.942,
2026-09-21T01:30:41.569852+00:00,201,12505.403,
2026-09-21T01:30:16.184168+00:00,201,37916.81,
2026-09-21T01:30:31.036689+00:00,201,23136.869,
2026-09-21T01:30:43.592355+00:00,201,10673.97,
2026-09-21T01:30:26.224675+00:00,201,28121.899,
2026-09-21T01:30:41.578108+00:00,201,12810.305,
2026-09-21T01:29:54.939201+00:00,201,59467.679,
2026-09-21T01:29:59.229682+00:00,201,55203.213,
2026-09-21T01:30:15.054624+00:00,201,39385.522,
2026-09-21T01:30:24.332067+00:00,201,30132.281,
2026-09-21T01:30:18.930853+00:00,201,35746.443,
2026-09-21T01:30:17.892711+00:00,201,36832.875,
2026-09-21T01:30:10.289495+00:00,201,44528.506,
2026-09-21T01:30:32.926402+00:00,201,21963.42,
2026-09-21T01:30:15.287826+00:00,201,39614.223,
2026-09-21T01:30:36.122535+00:00,201,18808.113,
2026-09-21T01:30:23.251758+00:00,201,31686.408,
2026-09-21T01:30:44.499786+00:00,201,10458.134,
2026-09-21T01:30:06.582459+00:00,201,48387.956,
2026-09-21T01:30:09.619702+00:00,201,45363.445,
2026-09-21T01:30:31.144925+00:00,201,23848.757,
2026-09-21T01:30:30.778631+00:00,201,24238.585,
2026-09-21T01:30:18.207945+00:00,201,36876.29,
2026-09-21T01:30:14.212521+00:00,201,40881.906,
2026-09-21T01:30:48.281861+00:00,201,6914.439,
2026-09-21T01:30:14.533809+00:00,201,40688.846,
2026-09-21T01:30:43.087410+00:00,201,12203.82,
2026-09-21T01:30:18.702000+00:00,201,36628.585,
2026-09-21T01:30:34.222808+00:00,201,21126.948,
2026-09-21T01:30:47.875924+00:00,201,7522.358,
2026-09-21T01:30:06.148149+00:00,201,49269.197,
2026-09-21T01:30:30.930426+00:00,201,24557.295,
2026-09-21T01:30:09.819236+00:00,201,45704.405,
2026-09-21T01:30:01.166805+00:00,201,54481.099,
2026-09-21T01:30:27.470114+00:00,201,28189.823,
2026-09-21T01:30:45.651033+00:00,201,10080.072,
2026-09-21T01:29:50.425089+00:00,201,65310.745,
2026-09-21T01:30:25.881672+00:00,201,29866.768,
2026-09-21T01:30:44.224308+00:00,201,11536.548,
2026-09-21T01:30:38.601312+00:00,201,17172.174,
2026-09-21T01:30:27.966874+00:00,201,27919.828,
2026-09-21T01:30:10.634077+00:00,201,45518.001,
2026-09-21T01:30:30.807005+00:00,201,25364.557,
2026-09-21T01:30:38.500121+00:00,201,17759.009,
2026-09-21T01:30:39.985159+00:00,201,16281.12,
2026-09-21T01:30:23.128653+00:00,201,33185.401,
2026-09-21T01:30:30.409339+00:00,201,25918.256,
2026-09-21T01:30:40.939691+00:00,201,15468.583,
2026-09-21T01:30:16.580446+00:00,201,39836.841,
2026-09-21T01:30:36.968599+00:00,201,19570.767,
2026-09-21T01:30:49.817617+00:00,201,6746.043,
2026-09-21T01:30:10.228533+00:00,201,46395.527,
2026-09-21T01:30:07.945353+00:00,201,48705.954,
2026-09-21T01:30:30.508771+00:00,201,26156.121,
2026-09-21T01:30:23.237152+00:00,201,33435.767,
2026-09-21T01:30:50.995967+00:00,201,5683.782,
2026-09-21T01:30:46.423849+00:00,201,10270.52,
2026-09-21T01:30:37.159751+00:00,201,19581.028,
2026-09-21T01:30:47.975322+00:00,201,8785.469,
2026-09-21T01:29:59.954300+00:00,201,56809.49,
2026-09-21T01:30:46.035117+00:00,201,10739.082,
2026-09-21T01:30:41.707684+00:00,201,15079.925,
2026-09-21T01:30:45.213012+00:00,201,11583.694,
2026-09-21T01:30:11.315614+00:00,201,45501.888,
2026-09-21T01:30:43.906945+00:00,201,12924.017,
2026-09-21T01:30:39.498434+00:00,201,17389.291,
2026-09-21T01:30:27.338119+00:00,201,29570.456,
2026-09-21T01:30:51.436499+00:00,201,5499.362,
2026-09-21T01:30:01.628932+00:00,201,55349.279,
2026-09-21T01:30:28.624776+00:00,201,28388.581,
2026-09-21T01:30:41.096155+00:00,201,15921.733,
2026-09-21T01:29:34.112239+00:00,201,82908.767,
2026-09-21T01:30:30.738716+00:00,201,26290.329,
2026-09-21T01:30:12.869137+00:00,201,44166.697,
2026-09-21T01:30:50.882765+00:00,201,6167.525,
2026-09-21T01:30:53.680060+00:00,201,3381.13,
2026-09-21T01:30:30.450262+00:00,201,26619.766,
2026-09-21T01:30:33.347035+00:00,201,23726.166,
2026-09-21T01:30:49.830135+00:00,201,7258.249,
2026-09-21T01:30:01.565329+00:00,201,55529.19,
2026-09-21T01:29:54.502665+00:00,201,62600.392,
2026-09-21T01:30:02.094951+00:00,201,55013.967,
2026-09-21T01:30:23.961219+00:00,201,33156.09,
2026-09-21T01:30:41.592915+00:00,201,15534.642,
2026-09-21T01:30:50.628480+00:00,201,6507.173,
2026-09-21T01:30:31.736080+00:00,201,25411.668,
2026-09-21T01:30:06.296162+00:00,201,50875.417,
2026-09-21T01:30:31.267323+00:00,201,25908.437,
2026-09-21T01:29:45.228027+00:00,201,71949.918,
2026-09-21T01:30:54.610490+00:00,201,2569.528,
2026-09-21T01:30:55.810522+00:00,201,1374.475,
2026-09-21T01:30:02.563711+00:00,201,54630.312,
2026-09-21T01:29:56.013827+00:00,201,61182.104,
2026-09-21T01:29:38.257024+00:00,201,78950.197,
2026-09-21T01:30:48.518694+00:00,201,8690.703,
2026-09-21T01:30:39.117924+00:00,201,18095.566,
2026-09-21T01:30:56.041197+00:00,201,1191.969,
2026-09-21T01:30:03.280365+00:00,201,53997.434,
2026-09-21T01:30:47.960495+00:00,201,9318.4,
2026-09-21T01:30:28.888996+00:00,201,28391.328,
2026-09-21T01:30:45.872408+00:00,201,11419.038,
2026-09-21T01:30:49.540421+00:00,201,7780.262,
2026-09-21T01:30:57.021177+00:00,201,304.048,
2026-09-21T01:30:13.380359+00:00,201,43954.33,
2026-09-21T01:30:49.552174+00:00,201,7788.562,
2026-09-21T01:30:51.156589+00:00,201,6217.941,
2026-09-21T01:30:52.900164+00:00,201,4484.071,
2026-09-21T01:30:48.388794+00:00,201,9013.643,
2026-09-21T01:29:58.340767+00:00,201,59072.983,
2026-09-21T01:30:49.661294+00:00,201,7759.96,
2026-09-21T01:30:44.446833+00:00,201,12981.967,
2026-09-21T01:30:42.931131+00:00,201,14499.147,
2026-09-21T01:30:50.712809+00:00,201,6718.578,
2026-09-21T01:30:52.135233+00:00,201,5297.307,
2026-09-21T01:30:42.032725+00:00,201,15412.851,
2026-09-21T01:29:57.075452+00:00,201,60376.502,
2026-09-21T01:30:52.253856+00:00,201,5199.884,
2026-09-21T01:30:42.799916+00:00,201,14657.736,
2026-09-21T01:30:31.765722+00:00,201,25697.081,
2026-09-21T01:30:36.297956+00:00,201,21169.696,
2026-09-21T01:30:47.307335+00:00,201,10176.343,
2026-09-21T01:30:51.656507+00:00,201,5830.253,
2026-09-21T01:30:13.558907+00:00,201,43942.483,
2026-09-21T01:30:54.745884+00:00,201,2765.158,
2026-09-21T01:30:39.198744+00:00,201,18315.541,
2026-09-21T01:30:32.694500+00:00,201,24825.732,
2026-09-21T01:30:41.544655+00:00,201,15979.48,
2026-09-21T01:30:33.435689+00:00,201,24093.603,
2026-09-21T01:30:25.188647+00:00,201,32356.795,
2026-09-21T01:30:46.945017+00:00,201,10603.261,
2026-09-21T01:30:51.800769+00:00,201,5753.124,
2026-09-21T01:29:59.772340+00:00,201,57800.975,
2026-09-21T01:30:34.561360+00:00,201,23029.124,
2026-09-21T01:30:30.773045+00:00,201,26826.157,
2026-09-21T01:30:30.631352+00:00,201,26968.943,
2026-09-21T01:30:49.814169+00:00,201,7787.316,
2026-09-21T01:30:26.174025+00:00,201,31428.685,
2026-09-21T01:30:53.379591+00:00,201,4224.46,
2026-09-21T01:30:44.833694+00:00,201,12771.644,
2026-09-21T01:29:53.761572+00:00,201,63856.755,
2026-09-21T01:30:29.654808+00:00,201,27966.927,
2026-09-21T01:30:30.748663+00:00,201,26904.194,
2026-09-21T01:30:12.888715+00:00,201,44783.083,
2026-09-21T01:30:31.487480+00:00,201,26256.895,
2026-09-21T01:30:18.495688+00:00,201,39250.486,
2026-09-21T01:30:30.425194+00:00,201,27322.273,
2026-09-21T01:30:18.064967+00:00,201,39697.272,
2026-09-21T01:30:15.726578+00:00,201,42053.147,
2026-09-21T01:30:04.517118+00:00,201,53263.91,
2026-09-21T01:30:45.372159+00:00,201,12410.324,
2026-09-21T01:30:52.251558+00:00,201,5532.331,
2026-09-21T01:30:04.477361+00:00,201,53307.9,
2026-09-21T01:30:25.900345+00:00,201,31886.494,
2026-09-21T01:30:08.818140+00:00,201,48970.226,
2026-09-21T01:30:38.226794+00:00,201,19598.447,
2026-09-21T01:30:08.401358+00:00,201,49425.472,
2026-09-21T01:30:21.632340+00:00,201,36196.194,
2026-09-21T01:30:13.741466+00:00,201,44088.753,
2026-09-21T01:30:44.954533+00:00,201,12879.019,
2026-09-21T01:30:37.306352+00:00,201,20537.666,
2026-09-21T01:30:35.710414+00:00,201,22154.973,
2026-09-21T01:30:49.873421+00:00,201,8030.724,
2026-09-21T01:30:43.215116+00:00,201,14735.67,
2026-09-21T01:29:57.012498+00:00,201,60943.224,
2026-09-21T01:30:44.440436+00:00,201,13524.084,
2026-09-21T01:30:46.381598+00:00,201,11592.601,
2026-09-21T01:30:33.254024+00:00,201,24722.959,
2026-09-21T01:30:07.622995+00:00,201,50377.952,
2026-09-21T01:30:51.590455+00:00,201,6412.561,
2026-09-21T01:30:16.674085+00:00,201,41350.378,
2026-09-21T01:30:48.301543+00:00,201,9724.845,
2026-09-21T01:30:51.720284+00:00,201,6310.705,
2026-09-21T01:29:49.110811+00:00,201,68921.975,
2026-09-21T01:30:46.568100+00:00,201,11493.081,
2026-09-21T01:30:38.959868+00:00,201,19125.006,
2026-09-21T01:30:24.513381+00:00,201,33573.28,
2026-09-21T01:30:07.731459+00:00,201,50360.653,
2026-09-21T01:30:50.706467+00:00,201,7398.299,
2026-09-21T01:30:56.513448+00:00,201,1600.787,
2026-09-21T01:30:29.920886+00:00,201,28199.018,
2026-09-21T01:30:49.036518+00:00,201,9089.274,
2026-09-21T01:30:38.075442+00:00,201,20064.408,
2026-09-21T01:30:31.160434+00:00,201,27009.953,
2026-09-21T01:30:46.704848+00:00,201,11490.64,
2026-09-21T01:30:21.176209+00:00,201,37039.596,
2026-09-21T01:30:06.801030+00:00,201,51421.735,
2026-09-21T01:29:54.667095+00:00,201,63585.087,
2026-09-21T01:30:57.013420+00:00,201,1249.585,
2026-09-21T01:30:57.828609+00:00,201,460.921,
2026-09-21T01:30:26.606702+00:00,201,31717.045,
2026-09-21T01:30:18.863459+00:00,201,39570.62,
2026-09-21T01:29:43.049888+00:00,201,75405.297,
2026-09-21T01:29:44.354123+00:00,201,74127.066,
2026-09-21T01:30:14.377108+00:00,201,44107.938,
2026-09-21T01:30:04.787724+00:00,201,53703.952,
2026-09-21T01:30:12.752505+00:00,201,45741.207,
2026-09-21T01:29:43.015919+00:00,201,75492.188,
2026-09-21T01:30:07.727949+00:00,201,50791.812,
2026-09-21T01:30:25.334396+00:00,201,33188.368,
2026-09-21T01:30:30.656512+00:00,201,27871.258,
2026-09-21T01:30:21.386624+00:00,201,37147.296,
2026-09-21T01:30:48.306924+00:00,201,10258.449,
2026-09-21T01:30:22.940108+00:00,201,35636.312,
2026-09-21T01:29:49.324093+00:00,201,69282.111,
2026-09-21T01:30:49.852682+00:00,201,8760.058,
2026-09-21T01:30:48.002212+00:00,201,10618.862,
2026-09-21T01:30:31.670922+00:00,201,26952.054,
2026-09-21T01:30:27.649677+00:00,201,31020.774,
2026-09-21T01:30:01.822731+00:00,201,56860.577,
2026-09-21T01:30:45.545589+00:00,201,13140.571,
2026-09-21T01:30:18.351117+00:00,201,40366.199,
2026-09-21T01:29:55.723589+00:00,201,63020.905,
2026-09-21T01:30:56.394246+00:00,201,2357.609,
2026-09-21T01:30:50.242998+00:00,201,8511.709,
2026-09-21T01:30:25.328903+00:00,201,33427.77,
2026-09-21T01:29:50.053049+00:00,201,68705.583,
2026-09-21T01:30:45.918097+00:00,201,12865.302,
2026-09-21T01:29:37.396183+00:00,201,81401.801,
2026-09-21T01:30:42.433410+00:00,201,16392.266,
2026-09-21T01:30:44.423950+00:00,201,14439.217,
2026-09-21T01:30:43.722479+00:00,201,15163.388,
2026-09-21T01:30:27.611990+00:00,201,31301.271,
2026-09-21T01:30:01.236678+00:00,201,57722.059,
2026-09-21T01:30:31.649397+00:00,201,27311.192,
2026-09-21T01:30:22.347255+00:00,201,36641.152,
2026-09-21T01:30:30.931652+00:00,201,28087.78,
2026-09-21T01:30:44.310744+00:00,201,14714.007,
2026-09-21T01:30:58.612762+00:00,201,443.974,
2026-09-21T01:30:44.242478+00:00,201,14834.541,
2026-09-21T01:30:27.655890+00:00,201,31448.868,
2026-09-21T01:30:16.594112+00:00,201,42513.291,
2026-09-21T01:30:17.138196+00:00,201,41973.758,
2026-09-21T01:30:31.777793+00:00,201,27348.643,
2026-09-21T01:30:17.200138+00:00,201,41936.818,
2026-09-21T01:30:38.099042+00:00,201,21040.829,
2026-09-21T01:30:30.110978+00:00,201,29050.776,
2026-09-21T01:30:56.167033+00:00,201,3006.475,
2026-09-21T01:30:30.775322+00:00,201,28409.276,
2026-09-21T01:30:03.951563+00:00,201,55239.507,
2026-09-21T01:30:41.689418+00:00,201,17519.555,
2026-09-21T01:30:23.037480+00:00,201,36195.658,
2026-09-21T01:30:32.475826+00:00,201,26765.706,
2026-09-21T01:30:53.012105+00:00,201,6270.492,
2026-09-21T01:30:47.787786+00:00,201,11501.18,
2026-09-21T01:30:56.800745+00:00,201,2508.779,
2026-09-21T01:30:49.967231+00:00,201,9349.715,
2026-09-21T01:30:45.747242+00:00,201,13580.198,
2026-09-21T01:30:51.575889+00:00,201,7764.686,
2026-09-21T01:30:37.238920+00:00,201,22113.229,
2026-09-21T01:30:47.250488+00:00,201,12107.929,
2026-09-21T01:29:50.107723+00:00,201,69258.305,
2026-09-21T01:30:40.084390+00:00,201,19295.728,
2026-09-21T01:30:58.954428+00:00,201,447.602,
2026-09-21T01:30:20.194431+00:00,201,39234.432,
2026-09-21T01:30:46.743134+00:00,201,12690.39,
2026-09-21T01:30:15.885191+00:00,201,43550.422,
2026-09-21T01:29:55.905146+00:00,201,63549.268,
2026-09-21T01:30:43.861560+00:00,201,15626.135,
2026-09-21T01:30:37.784081+00:00,201,21720.139,
2026-09-21T01:30:15.992938+00:00,201,43514.089,
2026-09-21T01:30:46.741967+00:00,201,12789.883,
2026-09-21T01:30:49.159939+00:00,201,10392.787,
2026-09-21T01:30:03.411941+00:00,201,56146.451,
2026-09-21T01:30:29.961254+00:00,201,29632.761,
2026-09-21T01:30:26.625614+00:00,201,32986.827,
2026-09-21T01:30:24.619277+00:00,201,34998.102,
2026-09-21T01:30:10.784238+00:00,201,48861.676,
2026-09-21T01:30:07.512908+00:00,201,52150.873,
2026-09-21T01:30:43.047286+00:00,201,16657.496,
2026-09-21T01:29:36.830836+00:00,201,82877.799,
2026-09-21T01:30:31.655515+00:00,201,28068.158,
2026-09-21T01:30:55.296342+00:00,201,4462.476,
2026-09-21T01:30:15.791646+00:00,201,43976.599,
2026-09-21T01:30:15.125384+00:00,201,44664.626,
2026-09-21T01:30:48.867994+00:00,201,10936.928,
2026-09-21T01:30:16.675516+00:00,201,43159.695,
2026-09-21T01:30:22.021849+00:00,201,37840.551,
2026-09-21T01:30:05.124176+00:00,201,54762.541,
2026-09-21T01:30:15.373267+00:00,201,44574.326,
2026-09-21T01:30:57.790749+00:00,201,2175.111,
2026-09-21T01:30:48.559491+00:00,201,11418.371,
2026-09-21T01:30:39.180460+00:00,201,20802.338,
2026-09-21T01:30:52.678323+00:00,201,7306.469,
2026-09-21T01:29:58.280243+00:00,201,61743.32,
2026-09-21T01:30:15.397367+00:00,201,44631.347,
2026-09-21T01:30:39.337885+00:00,201,20696.997,
2026-09-21T01:29:47.654245+00:00,201,72391.887,
2026-09-21T01:30:57.749861+00:00,201,2305.029,
2026-09-21T01:30:57.782512+00:00,201,2294.293,
2026-09-21T01:30:53.484066+00:00,201,6606.107,
2026-09-21T01:30:51.725348+00:00,201,8385.273,
2026-09-21T01:30:24.476277+00:00,201,35636.419,
2026-09-21T01:30:54.244022+00:00,201,5879.176,
2026-09-21T01:30:54.249048+00:00,201,5896.441,
2026-09-21T01:30:01.709978+00:00,201,58459.471,
2026-09-21T01:30:57.334780+00:00,201,2838.824,
2026-09-21T01:30:59.708804+00:00,201,483.452,
2026-09-21T01:30:47.385748+00:00,201,12808.594,
2026-09-21T01:30:38.270191+00:00,201,21992.378,
2026-09-21T01:30:49.783485+00:00,201,10500.476,
2026-09-21T01:30:13.368721+00:00,201,46930.625,
2026-09-21T01:30:36.986879+00:00,201,23318.412,
2026-09-21T01:30:02.000339+00:00,201,58309.937,
2026-09-21T01:30:13.226910+00:00,201,47090.511,
2026-09-21T01:30:16.332846+00:00,201,44147.015,
2026-09-21T01:29:50.187703+00:00,201,70303.277,
2026-09-21T01:30:26.530615+00:00,201,33985.131,
2026-09-21T01:30:59.977889+00:00,201,564.234,
2026-09-21T01:30:22.605331+00:00,201,37944.645,
2026-09-21T01:30:53.622689+00:00,201,6948.428,
2026-09-21T01:30:42.249080+00:00,201,18327.946,
2026-09-21T01:30:38.445234+00:00,201,22163.252,
2026-09-21T01:30:44.533874+00:00,201,16092.335,
2026-09-21T01:30:18.354867+00:00,201,42283.808,
2026-09-21T01:30:03.199646+00:00,201,57444.766,
2026-09-21T01:30:21.467363+00:00,201,39190.77,
2026-09-21T01:30:44.056856+00:00,201,16653.108,
2026-09-21T01:30:39.285130+00:00,201,21426.794,
2026-09-21T01:30:16.041195+00:00,201,44679.77,
2026-09-21T01:30:19.780259+00:00,201,40951.506,
2026-09-21T01:30:48.340139+00:00,201,12400.829,
2026-09-21T01:29:56.212890+00:00,201,64540.382,
2026-09-21T01:30:30.962372+00:00,201,29827.803,
2026-09-21T01:30:53.635839+00:00,201,7164.509,
2026-09-21T01:30:42.869657+00:00,201,17944.961,
2026-09-21T01:30:32.217489+00:00,201,28611.62,
2026-09-21T01:30:08.014340+00:00,201,52837.803,
2026-09-21T01:30:18.934763+00:00,201,41929.677,
2026-09-21T01:30:31.219729+00:00,201,29649.88,
2026-09-21T01:30:22.432934+00:00,201,38446.387,
2026-09-21T01:31:00.283986+00:00,201,608.139,
2026-09-21T01:31:00.486010+00:00,201,447.853,
2026-09-21T01:30:49.917919+00:00,201,11017.959,
2026-09-21T01:30:50.526262+00:00,201,10416.252,
2026-09-21T01:30:20.474856+00:00,201,40478.896,
2026-09-21T01:30:54.615618+00:00,201,6363.173,
2026-09-21T01:30:50.725724+00:00,201,10272.394,
2026-09-21T01:30:45.606845+00:00,201,15394.506,
2026-09-21T01:30:48.732851+00:00,201,12277.295,
2026-09-21T01:30:29.933282+00:00,201,31152.16,
2026-09-21T01:30:57.073251+00:00,201,4016.349,
2026-09-21T01:29:55.166891+00:00,201,65985.136,
2026-09-21T01:30:37.381384+00:00,201,23814.21,
2026-09-21T01:30:49.974005+00:00,201,11253.113,
2026-09-21T01:30:18.211470+00:00,201,43037.494,
2026-09-21T01:29:53.246316+00:00,201,68004.578,
2026-09-21T01:29:49.662320+00:00,201,71605.868,
2026-09-21T01:30:57.074771+00:00,201,4199.727,
2026-09-21T01:30:16.615486+00:00,201,44677.081,
2026-09-21T01:30:03.084763+00:00,201,58210.841,
2026-09-21T01:30:43.782320+00:00,201,17595.734,
2026-09-21T01:30:09.976365+00:00,201,51408.296,
2026-09-21T01:30:17.470372+00:00,201,43918.35,
2026-09-21T01:30:36.358318+00:00,201,25033.408,
2026-09-21T01:31:00.935905+00:00,201,499.16,
2026-09-21T01:30:57.233171+00:00,201,4208.455,
2026-09-21T01:30:30.491168+00:00,201,30970.327,
2026-09-21T01:30:56.806237+00:00,201,4664.984,
2026-09-21T01:30:44.699473+00:00,201,16778.739,
2026-09-21T01:30:50.743842+00:00,201,10751.047,
2026-09-21T01:30:49.007390+00:00,201,12489.624,
2026-09-21T01:30:28.805039+00:00,201,32696.106,
2026-09-21T01:30:43.158765+00:00,201,18349.747,
2026-09-21T01:30:50.887431+00:00,201,10651.733,
2026-09-21T01:30:41.213546+00:00,201,20342.568,
2026-09-21T01:30:30.215430+00:00,201,31345.684,
2026-09-21T01:30:51.432720+00:00,201,10163.847,
2026-09-21T01:30:45.311221+00:00,201,16294.544,
2026-09-21T01:30:54.902133+00:00,201,6708.735,
2026-09-21T01:30:32.788898+00:00,201,28846.057,
2026-09-21T01:30:43.413675+00:00,201,18224.453,
2026-09-21T01:29:56.927435+00:00,201,64715.935,
2026-09-21T01:30:46.750273+00:00,201,15021.77,
2026-09-21T01:30:45.393730+00:00,201,16424.283,
2026-09-21T01:30:09.508753+00:00,201,52327.697,
2026-09-21T01:30:23.110327+00:00,201,38733.238,
2026-09-21T01:30:14.255607+00:00,201,47591.118,
2026-09-21T01:30:06.321210+00:00,201,55527.652,
2026-09-21T01:29:51.684606+00:00,201,70187.469,
2026-09-21T01:30:51.578699+00:00,201,10296.727,
2026-09-21T01:30:46.988831+00:00,201,14977.59,
2026-09-21T01:30:31.643536+00:00,201,30329.568,
2026-09-21T01:29:40.225252+00:00,201,81765.923,
2026-09-21T01:30:52.234238+00:00,201,9793.832,
2026-09-21T01:30:51.818798+00:00,201,10222.288,
2026-09-21T01:30:29.586817+00:00,201,32493.868,
2026-09-21T01:30:52.396204+00:00,201,9693.04,
2026-09-21T01:30:57.135670+00:00,201,4962.47,
2026-09-21T01:30:37.198545+00:00,201,24907.681,
2026-09-21T01:30:01.070724+00:00,201,61046.267,
2026-09-21T01:30:49.328088+00:00,201,12825.337,
2026-09-21T01:30:14.550464+00:00,201,47612.806,
2026-09-21T01:30:46.387291+00:00,201,15778.02,
2026-09-21T01:29:46.353371+00:00,201,75832.029,
2026-09-21T01:30:57.977036+00:00,201,4239.777,
2026-09-21T01:30:47.887147+00:00,201,14343.487,
2026-09-21T01:30:43.850424+00:00,201,18404.401,
2026-09-21T01:30:33.218525+00:00,201,29042.176,
2026-09-21T01:30:53.439193+00:00,201,8828.381,
2026-09-21T01:30:35.043034+00:00,201,27234.467,
2026-09-21T01:30:30.141859+00:00,201,32145.488,
2026-09-21T01:30:43.895425+00:00,201,18422.704,
2026-09-21T01:30:31.184579+00:00,201,31136.694,
2026-09-21T01:30:48.665075+00:00,201,13683.667,
2026-09-21T01:30:33.146700+00:00,201,29212.262,
2026-09-21T01:30:00.981757+00:00,201,61392.769,
2026-09-21T01:30:05.336217+00:00,201,57043.551,
2026-09-21T01:30:55.813151+00:00,201,6591.978,
2026-09-21T01:30:43.980844+00:00,201,18467.735,
2026-09-21T01:29:54.318013+00:00,201,68150.052,
2026-09-21T01:30:36.692319+00:00,201,25798.325,
2026-09-21T01:30:18.050191+00:00,201,44465.215,
2026-09-21T01:30:05.461620+00:00,201,57055.987,
2026-09-21T01:30:36.393896+00:00,201,26125.941,
2026-09-21T01:30:16.093347+00:00,201,46492.893,
2026-09-21T01:30:38.942538+00:00,201,23662.266,
2026-09-21T01:30:50.572733+00:00,201,12038.52,
2026-09-21T01:30:47.392727+00:00,201,15220.454,
2026-09-21T01:30:53.259637+00:00,201,9358.286,
2026-09-21T01:30:45.320661+00:00,201,17336.291,
2026-09-21T01:30:44.351496+00:00,201,18318.077,
2026-09-21T01:30:31.750303+00:00,201,30931.337,
2026-09-21T01:30:25.389988+00:00,201,37306.924,
2026-09-21T01:30:20.639154+00:00,201,42073.943,
2026-09-21T01:30:48.439525+00:00,201,14279.819,
2026-09-21T01:29:49.200787+00:00,201,73537.647,
2026-09-21T01:30:03.674643+00:00,201,59128.937,
2026-09-21T01:29:55.625230+00:00,201,67181.352,
2026-09-21T01:29:55.145736+00:00,201,67690.753,
2026-09-21T01:30:46.460940+00:00,201,16378.289,
2026-09-21T01:31:02.448619+00:00,201,403.23,
2026-09-21T01:30:51.462704+00:00,201,11419.11,
2026-09-21T01:30:45.700572+00:00,201,17191.113,
2026-09-21T01:30:45.631951+00:00,201,17263.376,
2026-09-21T01:30:26.536820+00:00,201,36380.864,
2026-09-21T01:30:44.044547+00:00,201,18878.675,
2026-09-21T01:30:17.497388+00:00,201,45435.709,
2026-09-21T01:31:02.561357+00:00,201,372.965,
2026-09-21T01:30:10.956646+00:00,201,51990.181,
2026-09-21T01:30:23.619391+00:00,201,39347.731,
2026-09-21T01:30:13.546870+00:00,201,49432.172,
2026-09-21T01:30:09.566335+00:00,201,53414.887,
2026-09-21T01:30:04.231865+00:00,201,58754.403,
2026-09-21T01:30:43.571474+00:00,201,19417.182,
2026-09-21T01:30:56.726283+00:00,201,6273.803,
2026-09-21T01:30:41.214873+00:00,201,21818.382,
2026-09-21T01:30:43.717476+00:00,201,19319.917,
2026-09-21T01:30:36.919140+00:00,201,26143.581,
2026-09-21T01:29:56.084076+00:00,201,66998.818,
2026-09-21T01:30:30.394743+00:00,201,32714.271,
2026-09-21T01:30:16.018628+00:00,201,47095.76,
2026-09-21T01:30:14.945518+00:00,201,48170.347,
2026-09-21T01:30:50.779635+00:00,201,12340.65,
2026-09-21T01:30:31.365854+00:00,201,31755.612,
2026-09-21T01:30:50.566336+00:00,201,12568.808,
2026-09-21T01:30:44.373594+00:00,201,18767.511,
2026-09-21T01:30:32.172622+00:00,201,30970.959,
2026-09-21T01:29:48.877099+00:00,201,74270.12,
2026-09-21T01:30:40.403225+00:00,201,22748.367,
2026-09-21T01:30:06.673191+00:00,201,56479.622,
2026-09-21T01:30:49.668508+00:00,201,13519.544,
2026-09-21T01:30:51.661339+00:00,201,11567.111,
2026-09-21T01:30:22.829707+00:00,201,40419.429,
2026-09-21T01:30:43.943952+00:00,201,19330.314,
2026-09-21T01:30:45.744794+00:00,201,17544.406,
2026-09-21T01:29:55.660255+00:00,201,67636.045,
2026-09-21T01:30:30.008990+00:00,201,33291.088,
2026-09-21T01:30:46.342295+00:00,201,16962.693,
2026-09-21T01:29:59.391739+00:00,201,63914.378,
2026-09-21T01:30:39.282301+00:00,201,24032.047,
2026-09-21T01:30:45.269724+00:00,201,18053.638,
2026-09-21T01:31:01.345472+00:00,201,1989.19,
2026-09-21T01:30:22.766473+00:00,201,40593.889,
2026-09-21T01:30:53.665203+00:00,201,9698.709,
2026-09-21T01:29:52.423236+00:00,201,70943.196,
2026-09-21T01:30:58.872844+00:00,201,4497.682,
2026-09-21T01:31:01.347594+00:00,201,2037.035,
2026-09-21T01:30:06.059043+00:00,201,57327.367,
2026-09-21T01:29:59.038252+00:00,201,64353.667,
2026-09-21T01:30:57.904165+00:00,201,5499.446,
2026-09-21T01:30:43.590041+00:00,201,19814.808,
2026-09-21T01:30:59.704820+00:00,201,3701.34,
2026-09-21T01:30:52.377600+00:00,201,11050.237,
2026-09-21T01:30:15.313707+00:00,201,48128.384,
2026-09-21T01:30:20.211919+00:00,201,43253.126,
2026-09-21T01:30:33.988098+00:00,201,29479.37,
2026-09-21T01:29:56.728461+00:00,201,66748.269,
2026-09-21T01:29:45.667309+00:00,201,77811.853,
2026-09-21T01:30:42.138875+00:00,201,21349.134,
2026-09-21T01:30:30.407579+00:00,201,33105.149,
2026-09-21T01:30:18.061182+00:00,201,45466.711,
2026-09-21T01:30:57.291473+00:00,201,6254.111,
2026-09-21T01:29:53.964918+00:00,201,69590.702,
2026-09-21T01:30:13.566909+00:00,201,49991.753,
2026-09-21T01:30:31.021787+00:00,201,32547.161,
2026-09-21T01:31:03.272799+00:00,201,309.79,
2026-09-21T01:29:55.062910+00:00,201,68539.109,
2026-09-21T01:29:45.441700+00:00,201,78181.4,
2026-09-21T01:30:37.244200+00:00,201,26410.434,
2026-09-21T01:31:02.791790+00:00,201,895.876,
2026-09-21T01:30:01.702726+00:00,201,61989.314,
2026-09-21T01:30:45.352566+00:00,201,18356.575,
2026-09-21T01:30:35.905687+00:00,201,27807.904,
2026-09-21T01:30:08.297317+00:00,201,55431.198,
2026-09-21T01:30:09.087322+00:00,201,54655.829,
2026-09-21T01:30:53.025640+00:00,201,10726.123,
2026-09-21T01:30:45.354698+00:00,201,18406.154,
2026-09-21T01:30:48.283958+00:00,201,15512.403,
2026-09-21T01:30:50.457615+00:00,201,13339.881,
2026-09-21T01:30:37.323636+00:00,201,26476.054,
2026-09-21T01:30:54.725666+00:00,201,9084.167,
2026-09-21T01:30:51.596563+00:00,201,12218.482,
2026-09-21T01:30:19.196162+00:00,201,44627.73,
2026-09-21T01:30:47.436108+00:00,201,16406.487,
2026-09-21T01:30:51.573377+00:00,201,12282.738,
2026-09-21T01:30:47.488266+00:00,201,16386.537,
2026-09-21T01:31:02.381293+00:00,201,1502.114,
2026-09-21T01:30:49.061816+00:00,201,14826.074,
2026-09-21T01:30:37.408168+00:00,201,26486.998,
2026-09-21T01:30:22.617445+00:00,201,41283.1,
2026-09-21T01:30:12.698242+00:00,201,51211.63,
2026-09-21T01:29:45.300932+00:00,201,78638.03,
2026-09-21T01:31:03.654691+00:00,201,291.561,
2026-09-21T01:30:45.012759+00:00,201,18940.016,
2026-09-21T01:30:09.813903+00:00,201,54148.83,
2026-09-21T01:30:22.178851+00:00,201,41788.219,
2026-09-21T01:31:03.692167+00:00,201,291.173,
2026-09-21T01:30:31.334579+00:00,201,32651.752,
2026-09-21T01:30:27.295590+00:00,201,36701.744,
2026-09-21T01:30:18.347382+00:00,201,45654.384,
2026-09-21T01:30:44.051044+00:00,201,19973.351,
2026-09-21T01:30:51.929579+00:00,201,12119.996,
2026-09-21T01:30:58.195514+00:00,201,5862.912,
2026-09-21T01:29:54.812807+00:00,201,69252.719,
2026-09-21T01:30:10.990309+00:00,201,53094.286,
2026-09-21T01:30:31.443473+00:00,201,32672.183,
2026-09-21T01:30:27.618220+00:00,201,36500.397,
2026-09-21T01:30:30.797451+00:00,201,33329.435,
2026-09-21T01:29:44.018255+00:00,201,80124.058,
2026-09-21T01:30:57.486776+00:00,201,6657.559,
2026-09-21T01:30:58.008271+00:00,201,6150.555,
2026-09-21T01:30:57.958178+00:00,201,6201.747,
2026-09-21T01:30:57.145968+00:00,201,7015.058,
2026-09-21T01:31:00.762969+00:00,201,3419.763,
2026-09-21T01:30:06.007880+00:00,201,58198.195,
2026-09-21T01:30:09.239919+00:00,201,54985.86,
2026-09-21T01:30:19.489626+00:00,201,44744.068,
2026-09-21T01:29:36.847974+00:00,201,87390.789,
2026-09-21T01:30:51.914900+00:00,201,12326.058,
2026-09-21T01:30:56.563678+00:00,201,7700.917,
2026-09-21T01:30:15.498363+00:00,201,48769.39,
2026-09-21T01:29:54.344679+00:00,201,69932.8,
2026-09-21T01:30:34.761238+00:00,201,29517.89,
2026-09-21T01:30:57.445610+00:00,201,6850.001,
2026-09-21T01:30:21.835846+00:00,201,42461.238,
2026-09-21T01:30:53.254418+00:00,201,11048.961,
2026-09-21T01:30:51.338649+00:00,201,12985.898,
2026-09-21T01:31:00.716195+00:00,201,3615.482,
2026-09-21T01:30:51.214149+00:00,201,13125.834,
2026-09-21T01:30:58.863199+00:00,201,5490.154,
2026-09-21T01:30:56.978324+00:00,201,7383.688,
2026-09-21T01:30:45.830395+00:00,201,18533.538,
2026-09-21T01:30:48.040404+00:00,201,16329.903,
2026-09-21T01:30:57.636921+00:00,201,6742.081,
2026-09-21T01:31:00.577066+00:00,201,3808.824,
2026-09-21T01:30:43.890414+00:00,201,20509.723,
2026-09-21T01:30:33.890325+00:00,201,30510.831,
2026-09-21T01:29:42.558323+00:00,201,81858.631,
2026-09-21T01:30:59.862479+00:00,201,4576.554,
2026-09-21T01:30:34.369983+00:00,201,30074.454,
2026-09-21T01:31:04.182744+00:00,201,267.56,
2026-09-21T01:30:51.730536+00:00,201,12733.418,
2026-09-21T01:30:50.057997+00:00,201,14411.054,
2026-09-21T01:30:20.706399+00:00,201,43766.279,
2026-09-21T01:30:58.191878+00:00,201,6283.572,
2026-09-21T01:30:15.653460+00:00,201,48828.38,
2026-09-21T01:30:13.426623+00:00,201,51062.629,
2026-09-21T01:30:49.285286+00:00,201,15205.303,
2026-09-21T01:30:38.663064+00:00,201,25830.643,
2026-09-21T01:30:47.033608+00:00,201,17462.824,
2026-09-21T01:29:54.484741+00:00,201,70035.622,
2026-09-21T01:31:03.703870+00:00,201,823.244,
2026-09-21T01:30:42.744019+00:00,201,21795.388,
2026-09-21T01:30:37.421569+00:00,201,27148.135,
2026-09-21T01:30:16.678501+00:00,201,47908.197,
2026-09-21T01:30:21.930871+00:00,201,42657.044,
2026-09-21T01:30:31.732741+00:00,201,32856.472,
2026-09-21T01:30:31.099783+00:00,201,33504.932,
2026-09-21T01:30:56.038935+00:00,201,8586.941,
2026-09-21T01:30:51.729092+00:00,201,12922.654,
2026-09-21T01:31:00.760589+00:00,201,3914.48,
2026-09-21T01:30:31.746631+00:00,201,32944.66,
2026-09-21T01:30:33.301523+00:00,201,31407.246,
2026-09-21T01:30:46.783705+00:00,201,17937.145,
2026-09-21T01:30:54.128018+00:00,201,10598.819,
2026-09-21T01:30:20.341352+00:00,201,44398.572,
2026-09-21T01:30:27.700143+00:00,201,37041.033,
2026-09-21T01:30:58.798150+00:00,201,5966.17,
2026-09-21T01:30:15.177930+00:00,201,49596.042,
2026-09-21T01:30:46.295140+00:00,201,18483.9,
2026-09-21T01:30:51.310749+00:00,201,13492.284,
2026-09-21T01:30:50.198266+00:00,201,14618.862,
2026-09-21T01:30:57.833582+00:00,201,6988.22,
2026-09-21T01:30:54.254280+00:00,201,10574.256,
2026-09-21T01:31:04.539454+00:00,201,315.854,
2026-09-21T01:31:01.001386+00:00,201,3860.958,
2026-09-21T01:30:59.835301+00:00,201,5051.558,
2026-09-21T01:30:45.353653+00:00,201,19556.498,
2026-09-21T01:30:06.601222+00:00,201,58318.157,
2026-09-21T01:31:02.713183+00:00,201,2214.7,
2026-09-21T01:30:50.271206+00:00,201,14671.895,
2026-09-21T01:30:55.660000+00:00,201,9294.312,
2026-09-21T01:30:44.641431+00:00,201,20320.84,
2026-09-21T01:30:12.395822+00:00,201,52576.2,
2026-09-21T01:30:22.786469+00:00,201,42188.565,
2026-09-21T01:30:42.630142+00:00,201,22346.535,
2026-09-21T01:30:24.885934+00:00,201,40106.007,
2026-09-21T01:30:47.161469+00:00,201,17844.058,
2026-09-21T01:30:34.655493+00:00,201,30375.81,
2026-09-21T01:30:07.304224+00:00,201,57767.124,
2026-09-21T01:30:59.965868+00:00,201,5109.041,
2026-09-21T01:30:44.769153+00:00,201,20308.15,
2026-09-21T01:30:34.781481+00:00,201,30306.212,
2026-09-21T01:30:35.037945+00:00,201,30052.877,
2026-09-21T01:30:49.996302+00:00,201,15100.703,
2026-09-21T01:31:04.803066+00:00,201,314.414,
2026-09-21T01:30:57.719734+00:00,201,7401.908,
2026-09-21T01:29:55.249480+00:00,201,69881.108,
2026-09-21T01:30:02.886818+00:00,201,62255.868,
2026-09-21T01:30:05.563724+00:00,201,59596.325,
2026-09-21T01:31:02.865244+00:00,201,2319.302,
2026-09-21T01:30:51.152022+00:00,201,14046.357,
2026-09-21T01:30:41.893428+00:00,201,23345.109,
2026-09-21T01:30:46.038071+00:00,201,19201.744,
2026-09-21T01:30:41.212226+00:00,201,24049.839,
2026-09-21T01:30:45.702669+00:00,201,19562.591,
2026-09-21T01:29:46.735906+00:00,201,78569.635,
2026-09-21T01:30:56.259169+00:00,201,9079.046,
2026-09-21T01:30:51.004402+00:00,201,14341.67,
2026-09-21T01:30:59.104824+00:00,201,6246.724,
2026-09-21T01:30:58.825711+00:00,201,6542.896,
2026-09-21T01:30:02.139623+00:00,201,63231.209,
2026-09-21T01:31:02.515499+00:00,201,2856.781,
2026-09-21T01:30:28.988460+00:00,201,36393.598,
2026-09-21T01:30:10.069542+00:00,201,55335.471,
2026-09-21T01:30:06.001698+00:00,201,59421.923,
2026-09-21T01:30:22.937042+00:00,201,42493.781,
2026-09-21T01:30:40.259859+00:00,201,25174.38,
2026-09-21T01:30:27.032514+00:00,201,38427.007,
2026-09-21T01:30:40.570544+00:00,201,24910.228,
2026-09-21T01:30:35.133946+00:00,201,30353.279,
2026-09-21T01:30:44.622769+00:00,201,20895.975,
2026-09-21T01:29:53.566565+00:00,201,71962.714,
2026-09-21T01:31:05.238587+00:00,201,295.891,
2026-09-21T01:31:03.406172+00:00,201,2137.055,
2026-09-21T01:31:00.715119+00:00,201,4840.221,
2026-09-21T01:31:04.683639+00:00,201,892.176,
2026-09-21T01:30:58.915779+00:00,201,6665.08,
2026-09-21T01:30:16.329419+00:00,201,49252.866,
2026-09-21T01:30:45.696839+00:00,201,19890.517,
2026-09-21T01:30:37.213418+00:00,201,28389.211,
2026-09-21T01:30:43.476359+00:00,201,22143.226,
2026-09-21T01:30:58.689273+00:00,201,6950.262,
2026-09-21T01:30:30.376892+00:00,201,35273.54,
2026-09-21T01:30:50.221261+00:00,201,15431.257,
2026-09-21T01:30:09.368933+00:00,201,56286.106,
2026-09-21T01:29:53.249826+00:00,201,72425.84,
2026-09-21T01:30:39.573427+00:00,201,26103.451,
2026-09-21T01:30:42.843920+00:00,201,22836.044,
2026-09-21T01:30:23.211308+00:00,201,42483.995,
2026-09-21T01:30:35.001385+00:00,201,30716.506,
2026-09-21T01:30:47.391683+00:00,201,18330.6,
2026-09-21T01:30:22.098752+00:00,201,43629.443,
2026-09-21T01:30:36.934660+00:00,201,28799.707,
2026-09-21T01:30:30.279322+00:00,201,35477.232,
2026-09-21T01:30:01.560225+00:00,201,64217.788,
2026-09-21T01:29:32.191485+00:00,201,93592.409,
2026-09-21T01:30:31.445045+00:00,201,34340.164,
2026-09-21T01:30:31.812259+00:00,201,33993.337,
2026-09-21T01:29:52.526398+00:00,201,73313.886,
2026-09-21T01:31:05.039826+00:00,201,826.49,
2026-09-21T01:30:12.706273+00:00,201,53162.182,
2026-09-21T01:30:14.444369+00:00,201,51430.882,
2026-09-21T01:30:00.500009+00:00,201,65376.48,
2026-09-21T01:30:16.141738+00:00,201,49741.052,
2026-09-21T01:31:01.991343+00:00,201,3901.265,
2026-09-21T01:30:55.176688+00:00,201,10721.096,
2026-09-21T01:30:59.753829+00:00,201,6156.634,
2026-09-21T01:30:20.375683+00:00,201,45541.982,
2026-09-21T01:30:19.643126+00:00,201,46281.09,
2026-09-21T01:30:47.204919+00:00,201,18730.671,
2026-09-21T01:30:22.628583+00:00,201,43346.391,
2026-09-21T01:30:30.187014+00:00,201,35791.141,
2026-09-21T01:30:09.078834+00:00,201,56910.079,
2026-09-21T01:30:37.726159+00:00,201,28275.358,
2026-09-21T01:30:45.054627+00:00,201,20965.086,
2026-09-21T01:30:41.706305+00:00,201,24326.207,
2026-09-21T01:30:24.013234+00:00,201,42052.076,
2026-09-21T01:30:42.549819+00:00,201,23533.886,
2026-09-21T01:29:33.830505+00:00,201,92255.716,
2026-09-21T01:29:57.971935+00:00,201,68119.961,
2026-09-21T01:30:20.493322+00:00,201,45608.288,
2026-09-21T01:30:26.581403+00:00,201,39541.552,
2026-09-21T01:30:31.070865+00:00,201,35058.224,
2026-09-21T01:30:53.898738+00:00,201,12251.624,
2026-09-21T01:30:01.239196+00:00,201,64920.519,
2026-09-21T01:30:39.983643+00:00,201,26177.886,
2026-09-21T01:30:46.904046+00:00,201,19281.791,
2026-09-21T01:30:08.861588+00:00,201,57329.738,
2026-09-21T01:30:02.341574+00:00,201,63852.993,
2026-09-21T01:30:16.013151+00:00,201,50229.255,
2026-09-21T01:30:47.143051+00:00,201,19111.244,
2026-09-21T01:30:44.504473+00:00,201,21756.252,
2026-09-21T01:30:53.924807+00:00,201,12339.081,
2026-09-21T01:30:45.476774+00:00,201,20797.386,
2026-09-21T01:31:04.855312+00:00,201,1420.036,
2026-09-21T01:30:20.922482+00:00,201,45364.26,
2026-09-21T01:30:23.231877+00:00,201,43063.35,
2026-09-21T01:31:00.800366+00:00,201,5553.991,
2026-09-21T01:31:02.881841+00:00,201,3480.458,
2026-09-21T01:30:56.048276+00:00,201,10315.441,
2026-09-21T01:30:38.897164+00:00,201,27486.93,
2026-09-21T01:30:15.242483+00:00,201,51143.143,
2026-09-21T01:31:03.352668+00:00,201,3041.214,
2026-09-21T01:30:22.826825+00:00,201,43569.982,
2026-09-21T01:30:42.498168+00:00,201,23918.058,
2026-09-21T01:30:21.086000+00:00,201,45332.688,
2026-09-21T01:31:02.429139+00:00,201,3997.942,
2026-09-21T01:30:16.334370+00:00,201,50102.271,
2026-09-21T01:30:21.926117+00:00,201,44514.164,
2026-09-21T01:30:37.326265+00:00,201,29137.851,
2026-09-21T01:30:47.695685+00:00,201,18770.447,
2026-09-21T01:30:59.241588+00:00,201,7243.69,
2026-09-21T01:29:47.127919+00:00,201,79367.843,
2026-09-21T01:30:43.353637+00:00,201,23146.162,
2026-09-21T01:29:56.230024+00:00,201,70274.681,
2026-09-21T01:30:45.996735+00:00,201,20524.343,
2026-09-21T01:30:57.553908+00:00,201,8970.177,
2026-09-21T01:30:07.748247+00:00,201,58777.269,
2026-09-21T01:29:50.162004+00:00,201,76395.37,
2026-09-21T01:31:00.581453+00:00,201,5977.04,
2026-09-21T01:30:08.291874+00:00,201,58268.801,
2026-09-21T01:30:47.560272+00:00,201,19012.552,
2026-09-21T01:30:56.915891+00:00,201,9668.447,
2026-09-21T01:30:20.082404+00:00,201,46505.57,
2026-09-21T01:30:32.866869+00:00,201,33745.656,
2026-09-21T01:30:09.897405+00:00,201,56739.454,
2026-09-21T01:30:52.750750+00:00,201,13905.634,
2026-09-21T01:30:48.820565+00:00,201,17842.252,
2026-09-21T01:30:10.313988+00:00,201,56350.574,
2026-09-21T01:30:16.718150+00:00,201,49954.108,
2026-09-21T01:30:00.124563+00:00,201,66564.921,
2026-09-21T01:30:54.241451+00:00,201,12462.364,
2026-09-21T01:30:46.137302+00:00,201,20569.739,
2026-09-21T01:31:05.840435+00:00,201,881.37,
2026-09-21T01:30:14.854712+00:00,201,51884.046,
2026-09-21T01:31:04.324577+00:00,201,2420.527,
2026-09-21T01:30:17.651719+00:00,201,49108.722,
2026-09-21T01:30:32.947748+00:00,201,33832.658,
2026-09-21T01:30:39.339365+00:00,201,27458.274,
2026-09-21T01:30:22.877343+00:00,201,43935.944,
2026-09-21T01:30:31.015665+00:00,201,35813.886,
2026-09-21T01:31:05.200201+00:00,201,1631.004,
2026-09-21T01:30:51.269612+00:00,201,15564.219,
2026-09-21T01:30:53.267209+00:00,201,13581.856,
2026-09-21T01:30:51.175269+00:00,201,15713.432,
2026-09-21T01:30:57.783904+00:00,201,9114.619,
2026-09-21T01:30:50.533598+00:00,201,16371.513,
2026-09-21T01:31:03.363937+00:00,201,3550.341,
2026-09-21T01:30:47.608813+00:00,201,19324.307,
2026-09-21T01:30:53.871464+00:00,201,13067.351,
2026-09-21T01:31:02.887758+00:00,201,4060.376,
2026-09-21T01:30:53.868822+00:00,201,13081.374,
2026-09-21T01:31:06.636976+00:00,201,321.526,
2026-09-21T01:30:24.895319+00:00,201,42076.784,
2026-09-21T01:30:42.899403+00:00,201,24089.409,
2026-09-21T01:30:37.111338+00:00,201,29882.044,
2026-09-21T01:31:04.225892+00:00,201,2769.664,
2026-09-21T01:30:55.922731+00:00,201,11100.827,
2026-09-21T01:31:01.556158+00:00,201,5479.522,
2026-09-21T01:30:48.300055+00:00,201,18740.592,
2026-09-21T01:31:03.121534+00:00,201,3940.616,
2026-09-21T01:30:44.387599+00:00,201,22680.641,
2026-09-21T01:30:43.503071+00:00,201,23580.597,
2026-09-21T01:30:29.014867+00:00,201,38078.709,
2026-09-21T01:30:15.115694+00:00,201,51980.829,
2026-09-21T01:30:58.751863+00:00,201,8351.698,
2026-09-21T01:30:23.876426+00:00,201,43229.196,
2026-09-21T01:31:03.854038+00:00,201,3253.407,
2026-09-21T01:30:54.256799+00:00,201,12861.141,
2026-09-21T01:31:06.550567+00:00,201,585.012,
2026-09-21T01:31:00.628447+00:00,201,6521.322,
2026-09-21T01:29:32.853587+00:00,201,94301.637,
2026-09-21T01:30:24.655008+00:00,201,42504.04,
2026-09-21T01:29:45.324304+00:00,201,81847.955,
2026-09-21T01:30:36.815954+00:00,201,30376.597,
2026-09-21T01:30:36.815413+00:00,201,30387.121,
2026-09-21T01:30:58.031006+00:00,201,9176.405,
2026-09-21T01:30:16.409575+00:00,201,50798.8,
2026-09-21T01:30:52.511794+00:00,201,14697.793,
2026-09-21T01:30:37.414802+00:00,201,29795.938,
2026-09-21T01:29:49.410829+00:00,201,77801.045,
2026-09-21T01:30:06.245244+00:00,201,60967.937,
2026-09-21T01:30:42.969793+00:00,201,24248.231,
2026-09-21T01:30:49.641754+00:00,201,17586.596,
2026-09-21T01:30:24.637063+00:00,201,42604.863,
2026-09-21T01:30:09.482782+00:00,201,57763.799,
2026-09-21T01:30:31.388483+00:00,201,35859.579,
2026-09-21T01:30:02.531150+00:00,201,64718.311,
2026-09-21T01:30:35.131661+00:00,201,32119.368,
2026-09-21T01:30:53.835762+00:00,201,13416.867,
2026-09-21T01:31:05.323754+00:00,201,1941.581,
2026-09-21T01:30:21.074658+00:00,201,46200.494,
2026-09-21T01:31:04.604786+00:00,201,2683.645,
2026-09-21T01:31:04.660592+00:00,201,2630.98,
2026-09-21T01:31:04.691360+00:00,201,2601.891,
2026-09-21T01:30:57.413878+00:00,201,9881.123,
2026-09-21T01:31:01.165854+00:00,201,6130.992,
2026-09-21T01:30:14.381140+00:00,201,52917.471,
2026-09-21T01:31:00.627282+00:00,201,6673.346,
2026-09-21T01:29:36.852493+00:00,201,90449.843,
2026-09-21T01:30:50.506313+00:00,201,16837.744,
2026-09-21T01:30:39.093080+00:00,201,28285.818,
2026-09-21T01:30:33.800206+00:00,201,33608.922,
2026-09-21T01:30:23.752849+00:00,201,43668.803,
2026-09-21T01:30:16.150131+00:00,201,51349.129,
2026-09-21T01:30:17.301515+00:00,201,50204.916,
2026-09-21T01:30:50.196148+00:00,201,17380.46,
2026-09-21T01:30:37.797580+00:00,201,29781.666,
2026-09-21T01:29:59.606735+00:00,201,67984.836,
2026-09-21T01:31:05.580876+00:00,201,2025.513,
2026-09-21T01:30:51.732465+00:00,201,15878.614,
2026-09-21T01:30:40.237058+00:00,201,27408.904,
2026-09-21T01:31:01.715130+00:00,201,5938.008,
2026-09-21T01:30:48.694814+00:00,201,18982.829,
2026-09-21T01:31:03.728630+00:00,201,3985.26,
2026-09-21T01:30:37.367378+00:00,201,30367.412,
2026-09-21T01:30:59.984810+00:00,201,7752.732,
2026-09-21T01:30:39.174547+00:00,201,28608.777,
2026-09-21T01:30:55.169220+00:00,201,12617.583,
2026-09-21T01:30:25.819266+00:00,201,41970.134,
2026-09-21T01:30:23.404197+00:00,201,44397.193,
2026-09-21T01:30:55.648016+00:00,201,12182.202,
2026-09-21T01:30:44.630429+00:00,201,23244.227,
2026-09-21T01:31:05.917760+00:00,201,1958.768,
2026-09-21T01:30:29.968929+00:00,201,37909.426,
2026-09-21T01:30:48.252373+00:00,201,19627.956,
2026-09-21T01:31:04.206195+00:00,201,3676.173,
2026-09-21T01:30:23.633393+00:00,201,44250.919,
2026-09-21T01:30:49.804314+00:00,201,18082.15,
2026-09-21T01:30:49.248209+00:00,201,18640.432,
2026-09-21T01:30:47.475467+00:00,201,20415.377,
2026-09-21T01:30:02.759684+00:00,201,65139.236,
2026-09-21T01:30:32.281984+00:00,201,35632.457,
2026-09-21T01:30:53.759133+00:00,201,14157.628,
2026-09-21T01:31:00.028807+00:00,201,7890.359,
2026-09-21T01:30:27.637021+00:00,201,40342.277,
2026-09-21T01:31:07.139103+00:00,201,880.4,
2026-09-21T01:30:29.656908+00:00,201,38372.03,
2026-09-21T01:30:45.312243+00:00,201,22743.709,
2026-09-21T01:30:59.754892+00:00,201,8318.034,
2026-09-21T01:30:56.986476+00:00,201,11089.808,
2026-09-21T01:31:02.719376+00:00,201,5371.208,
2026-09-21T01:30:48.124015+00:00,201,19968.8,
2026-09-21T01:30:42.242879+00:00,201,25854.403,
2026-09-21T01:29:56.259197+00:00,201,71858.278,
2026-09-21T01:30:31.202889+00:00,201,36933.511,
2026-09-21T01:30:42.031418+00:00,201,26117.776,
2026-09-21T01:30:47.208509+00:00,201,20969.986,
2026-09-21T01:30:37.310704+00:00,201,30902.622,
2026-09-21T01:30:52.531593+00:00,201,15698.453,
2026-09-21T01:31:05.142814+00:00,201,3090.885,
2026-09-21T01:29:49.300282+00:00,201,78997.488,
2026-09-21T01:30:03.188733+00:00,201,65120.441,
2026-09-21T01:29:50.559145+00:00,201,77785.046,
2026-09-21T01:30:44.790653+00:00,201,23567.873,
2026-09-21T01:31:02.806719+00:00,201,5654.158,
2026-09-21T01:30:49.360931+00:00,201,19104.498,
2026-09-21T01:31:06.123038+00:00,201,2345.861,
2026-09-21T01:29:52.426674+00:00,201,76079.346,
2026-09-21T01:30:17.633947+00:00,201,50931.936,
2026-09-21T01:31:03.154047+00:00,201,5431.224,
2026-09-21T01:29:55.972987+00:00,201,72620.378,
2026-09-21T01:30:29.919536+00:00,201,38696.911,
2026-09-21T01:30:58.606346+00:00,201,10026.695,
2026-09-21T01:31:04.469083+00:00,201,4205.77,
2026-09-21T01:30:15.351898+00:00,201,53336.026,
2026-09-21T01:30:46.297520+00:00,201,22407.436,
2026-09-21T01:29:58.866626+00:00,201,69852.978,
2026-09-21T01:30:44.663868+00:00,201,24067.741,
2026-09-21T01:30:02.791907+00:00,201,65943.255,
2026-09-21T01:30:37.751606+00:00,201,31020.977,
2026-09-21T01:31:04.265541+00:00,201,4537.951,
2026-09-21T01:29:38.136359+00:00,201,90722.194,
2026-09-21T01:29:59.234798+00:00,201,69643.32,
2026-09-21T01:30:44.880823+00:00,201,24025.621,
2026-09-21T01:30:17.639802+00:00,201,51337.57,
2026-09-21T01:30:50.470861+00:00,201,18516.349,
2026-09-21T01:30:35.418375+00:00,201,33577.775,
2026-09-21T01:30:10.271890+00:00,201,58774.005,
2026-09-21T01:30:52.649945+00:00,201,16409.781,
2026-09-21T01:30:50.647949+00:00,201,18432.301,
2026-09-21T01:31:06.984704+00:00,201,2108.277,
2026-09-21T01:30:29.869739+00:00,201,39263.72,
2026-09-21T01:30:57.576839+00:00,201,11567.282,
2026-09-21T01:31:01.580993+00:00,201,7577.859,
2026-09-21T01:30:03.468266+00:00,201,65721.254,
2026-09-21T01:31:06.125334+00:00,201,3091.761,
2026-09-21T01:30:30.746579+00:00,201,38479.191,
2026-09-21T01:31:02.430307+00:00,201,6803.322,
2026-09-21T01:31:08.019508+00:00,201,1244.495,
2026-09-21T01:30:59.531880+00:00,201,9793.563,
2026-09-21T01:30:58.758773+00:00,201,10574.742,
2026-09-21T01:30:59.082518+00:00,201,10253.385,
2026-09-21T01:30:42.704909+00:00,201,26654.435,
2026-09-21T01:30:59.112041+00:00,201,10296.937,
2026-09-21T01:30:29.151714+00:00,201,40281.171,
2026-09-21T01:31:01.391779+00:00,201,8069.131,
2026-09-21T01:30:39.077484+00:00,201,30464.413,
2026-09-21T01:31:02.254866+00:00,201,7295.493,
2026-09-21T01:30:50.351296+00:00,201,19222.379,
2026-09-21T01:30:49.569827+00:00,201,20012.725,
2026-09-21T01:30:17.330223+00:00,201,52268.053,
2026-09-21T01:29:54.561730+00:00,201,75050.222,
2026-09-21T01:30:47.663724+00:00,201,21952.917,
2026-09-21T01:30:10.822772+00:00,201,58803.008,
2026-09-21T01:31:03.983344+00:00,201,5704.447,
2026-09-21T01:30:59.233214+00:00,201,10463.153,
2026-09-21T01:30:46.696009+00:00,201,23002.543,
2026-09-21T01:30:37.662929+00:00,201,32047.163,
2026-09-21T01:30:23.597481+00:00,201,46126.3,
2026-09-21T01:29:48.014937+00:00,201,81765.383,
2026-09-21T01:30:15.056985+00:00,201,54726.704,
2026-09-21T01:29:57.276942+00:00,201,72536.218,
2026-09-21T01:30:22.747582+00:00,201,47067.895,
2026-09-21T01:30:58.644626+00:00,201,11174.357,
2026-09-21T01:30:11.455772+00:00,201,58412.918,
2026-09-21T01:31:01.392960+00:00,201,8513.509,
2026-09-21T01:30:14.670283+00:00,201,55273.419,
2026-09-21T01:31:01.227144+00:00,201,8746.013,
2026-09-21T01:31:06.745114+00:00,201,3253.564,
2026-09-21T01:30:00.119606+00:00,201,69895.914,
2026-09-21T01:30:29.735200+00:00,201,40291.986,
2026-09-21T01:31:05.652553+00:00,201,4437.31,
2026-09-21T01:30:49.515601+00:00,201,20603.297,
2026-09-21T01:29:54.852200+00:00,201,75299.922,
2026-09-21T01:30:03.206288+00:00,201,66955.789,
2026-09-21T01:29:55.035346+00:00,201,75173.467,
2026-09-21T01:30:23.288783+00:00,201,46942.075,
2026-09-21T01:30:57.779814+00:00,201,12453.41,
2026-09-21T01:30:05.161327+00:00,201,65078.37,
2026-09-21T01:31:04.195966+00:00,201,6046.176,
2026-09-21T01:31:02.586337+00:00,201,7668.249,
2026-09-21T01:30:58.828217+00:00,201,11431.283,
2026-09-21T01:30:24.708784+00:00,201,45569.903,
2026-09-21T01:31:03.009381+00:00,201,7286.459,
2026-09-21T01:30:08.113616+00:00,201,62191.427,
2026-09-21T01:31:04.363978+00:00,201,5956.282,
2026-09-21T01:30:59.056742+00:00,201,11298.55,
2026-09-21T01:30:57.103186+00:00,201,13266.864,
2026-09-21T01:30:30.245672+00:00,201,40131.879,
2026-09-21T01:30:43.530578+00:00,201,26873.381,
2026-09-21T01:30:56.635520+00:00,201,13784.898,
2026-09-21T01:31:09.299450+00:00,201,1144.165,
2026-09-21T01:30:45.676345+00:00,201,24820.525,
2026-09-21T01:31:04.084704+00:00,201,6456.11,
2026-09-21T01:30:59.176067+00:00,201,11427.536,
2026-09-21T01:31:08.029019+00:00,201,2597.784,
2026-09-21T01:30:52.509261+00:00,201,18122.58,
2026-09-21T01:31:03.083032+00:00,201,7555.122,
2026-09-21T01:30:39.011659+00:00,201,31635.058,
2026-09-21T01:31:05.430912+00:00,201,5255.422,
2026-09-21T01:31:06.504850+00:00,201,4195.507,
2026-09-21T01:29:38.933361+00:00,201,91769.237,
2026-09-21T01:30:46.557857+00:00,201,24157.712,
2026-09-21T01:30:57.378613+00:00,201,13343.881,
2026-09-21T01:30:39.760395+00:00,201,30964.435,
2026-09-21T01:30:08.828667+00:00,201,61934.342,
2026-09-21T01:30:31.929309+00:00,201,38996.174,
2026-09-21T01:30:07.661100+00:00,201,63270.924,
2026-09-21T01:30:31.637944+00:00,201,39305.471,
2026-09-21T01:30:14.529637+00:00,201,56497.146,
2026-09-21T01:30:17.041682+00:00,201,53995.797,
2026-09-21T01:30:56.275933+00:00,201,14782.178,
2026-09-21T01:30:57.280384+00:00,201,13789.504,
2026-09-21T01:30:43.650323+00:00,201,27478.927,
2026-09-21T01:31:06.616147+00:00,201,4531.942,
2026-09-21T01:30:49.767759+00:00,201,21390.686,
2026-09-21T01:29:39.067728+00:00,201,92094.877,
2026-09-21T01:30:29.278897+00:00,201,41919.71,
2026-09-21T01:30:13.716737+00:00,201,57498.211,
2026-09-21T01:31:09.932441+00:00,201,1285.908,
2026-09-21T01:31:02.113869+00:00,201,9147.698,
2026-09-21T01:31:07.093655+00:00,201,4180.749,
2026-09-21T01:30:51.889237+00:00,201,19387.365,
2026-09-21T01:29:44.030023+00:00,201,87262.927,
2026-09-21T01:30:24.130564+00:00,201,47180.301,
2026-09-21T01:30:42.950856+00:00,201,28367.028,
2026-09-21T01:30:23.413188+00:00,201,47917.68,
2026-09-21T01:30:09.342173+00:00,201,61992.678,
2026-09-21T01:31:10.603629+00:00,201,736.346,
2026-09-21T01:29:49.143039+00:00,201,82199.308,
2026-09-21T01:30:38.551677+00:00,201,32865.344,
2026-09-21T01:30:49.287644+00:00,201,22132.804,
2026-09-21T01:30:37.123203+00:00,201,34401.254,
2026-09-21T01:30:41.109228+00:00,201,30429.514,
2026-09-21T01:30:48.557040+00:00,201,22998.316,
2026-09-21T01:30:16.259461+00:00,201,55339.169,
2026-09-21T01:30:38.602688+00:00,201,33017.073,
2026-09-21T01:31:07.251096+00:00,201,4395.034,
2026-09-21T01:31:06.427096+00:00,201,5251.994,
2026-09-21T01:29:53.661647+00:00,201,78078.641,
2026-09-21T01:31:04.475467+00:00,201,7297.775,
2026-09-21T01:31:11.293131+00:00,201,504.455,
2026-09-21T01:30:41.101736+00:00,201,30717.472,
2026-09-21T01:30:42.250700+00:00,201,29570.868,
2026-09-21T01:31:10.496923+00:00,201,1339.455,
2026-09-21T01:30:38.145728+00:00,201,33743.582,
2026-09-21T01:31:04.380455+00:00,201,7515.458,
2026-09-21T01:30:23.989652+00:00,201,47922.002,
2026-09-21T01:30:31.476160+00:00,201,40460.642,
2026-09-21T01:31:06.938845+00:00,201,5004.862,
2026-09-21T01:30:36.603654+00:00,201,35342.381,
2026-09-21T01:30:51.949282+00:00,201,20025.102,
2026-09-21T01:30:02.781443+00:00,201,69222.646,
2026-09-21T01:30:49.781805+00:00,201,22241.922,
2026-09-21T01:30:12.226027+00:00,201,59811.317,
2026-09-21T01:30:49.388742+00:00,201,22681.649,
2026-09-21T01:30:04.387066+00:00,201,67709.988,
2026-09-21T01:30:43.555670+00:00,201,28543.843,
2026-09-21T01:30:20.071515+00:00,201,52078.053,
2026-09-21T01:30:20.500508+00:00,201,51656.036,
2026-09-21T01:29:59.043353+00:00,201,73122.04,
2026-09-21T01:29:50.200838+00:00,201,81984.891,
2026-09-21T01:30:16.724381+00:00,201,55486.216,
2026-09-21T01:30:28.870322+00:00,201,43375.714,
2026-09-21T01:30:03.128860+00:00,201,69139.039,
2026-09-21T01:30:32.783631+00:00,201,39498.405,
2026-09-21T01:29:51.587870+00:00,201,80717.366,
2026-09-21T01:30:31.757878+00:00,201,40569.398,
2026-09-21T01:30:43.829034+00:00,201,28504.092,
2026-09-21T01:31:07.570529+00:00,201,4768.843,
2026-09-21T01:30:42.486104+00:00,201,29854.855,
2026-09-21T01:29:55.824857+00:00,201,76526.386,
2026-09-21T01:31:04.956609+00:00,201,7396.487,
2026-09-21T01:30:33.151540+00:00,201,39205.599,
2026-09-21T01:30:48.645982+00:00,201,23719.661,
2026-09-21T01:31:06.838664+00:00,201,5560.662,
2026-09-21T01:30:44.122152+00:00,201,28307.74,
2026-09-21T01:30:32.322618+00:00,201,40110.589,
2026-09-21T01:30:47.588059+00:00,201,24858.253,
2026-09-21T01:30:59.126494+00:00,201,13334.824,
2026-09-21T01:30:56.278280+00:00,201,16226.421,
2026-09-21T01:30:23.039687+00:00,201,49471.869,
2026-09-21T01:30:23.755555+00:00,201,48763.883,
2026-09-21T01:30:16.137974+00:00,201,56392.912,
2026-09-21T01:30:14.071173+00:00,201,58481.267,
2026-09-21T01:30:09.779811+00:00,201,62776.687,
2026-09-21T01:30:57.457686+00:00,201,15106.291,
2026-09-21T01:30:52.236761+00:00,201,20340.073,
2026-09-21T01:30:30.337633+00:00,201,42262.201,
2026-09-21T01:31:08.249763+00:00,201,4371.372,
2026-09-21T01:31:03.403627+00:00,201,9224.637,
2026-09-21T01:30:24.127589+00:00,201,48515.656,
2026-09-21T01:29:42.924797+00:00,201,89732.29,
2026-09-21T01:30:38.341773+00:00,201,34324.421,
2026-09-21T01:31:06.436744+00:00,201,6247.646,
2026-09-21T01:29:57.033171+00:00,201,75697.736,
2026-09-21T01:30:47.116218+00:00,201,25650.442,
2026-09-21T01:31:06.495924+00:00,201,6299.128,
2026-09-21T01:30:23.205145+00:00,201,49613.909,
2026-09-21T01:31:00.169568+00:00,201,12661.972,
2026-09-21T01:31:08.309308+00:00,201,4529.785,
2026-09-21T01:29:48.608074+00:00,201,84234.285,
2026-09-21T01:31:00.076813+00:00,201,12810.961,
2026-09-21T01:30:46.431846+00:00,201,26479.219,
2026-09-21T01:31:01.561180+00:00,201,11353.486,
2026-09-21T01:31:06.813378+00:00,201,6103.196,
2026-09-21T01:30:54.607950+00:00,201,18312.389,
2026-09-21T01:30:49.076962+00:00,201,23844.187,
2026-09-21T01:29:54.775524+00:00,201,78154.887,
2026-09-21T01:30:50.028780+00:00,201,22934.137,
2026-09-21T01:30:03.586563+00:00,201,69400.065,
2026-09-21T01:29:53.772022+00:00,201,79219.423,
2026-09-21T01:30:40.724878+00:00,201,32288.783,
2026-09-21T01:31:03.797525+00:00,201,9233.422,
2026-09-21T01:29:49.452318+00:00,201,83580.264,
2026-09-21T01:31:07.207434+00:00,201,5828.344,
2026-09-21T01:31:05.249745+00:00,201,7789.775,
2026-09-21T01:30:17.896285+00:00,201,55153.464,
2026-09-21T01:30:51.027761+00:00,201,22042.02,
2026-09-21T01:30:44.500917+00:00,201,28577.5,
2026-09-21T01:30:30.616505+00:00,201,42472.938,
2026-09-21T01:31:11.047788+00:00,201,2054.655,
2026-09-21T01:30:26.612998+00:00,201,46532.798,
2026-09-21T01:30:17.645715+00:00,201,55523.847,
2026-09-21T01:31:02.803702+00:00,201,10367.238,
2026-09-21T01:31:05.545313+00:00,201,7640.785,
2026-09-21T01:31:04.564715+00:00,201,8622.634,
2026-09-21T01:30:40.675252+00:00,201,32516.247,
2026-09-21T01:30:16.029286+00:00,201,57203.829,
2026-09-21T01:30:28.896435+00:00,201,44338.47,
2026-09-21T01:30:12.255043+00:00,201,60998.675,
2026-09-21T01:31:02.374652+00:00,201,10902.66,
2026-09-21T01:30:59.000081+00:00,201,14278.964,
2026-09-21T01:30:11.664097+00:00,201,61616.36,
2026-09-21T01:29:52.717040+00:00,201,80565.74,
2026-09-21T01:30:42.196965+00:00,201,31097.211,
2026-09-21T01:31:11.676804+00:00,201,1647.353,
2026-09-21T01:30:30.861089+00:00,201,42465.333,
2026-09-21T01:30:44.840793+00:00,201,28503.885,
2026-09-21T01:31:03.804165+00:00,201,9543.574,
2026-09-21T01:30:22.818970+00:00,201,50534.885,
2026-09-21T01:31:06.665630+00:00,201,6692.14,
2026-09-21T01:31:06.948147+00:00,201,6424.443,
2026-09-21T01:31:10.626812+00:00,201,2761.448,
2026-09-21T01:30:19.356840+00:00,201,54052.535,
2026-09-21T01:30:14.075287+00:00,201,59335.889,
2026-09-21T01:30:44.260116+00:00,201,29178.652,
2026-09-21T01:31:06.596130+00:00,201,6848.029,
2026-09-21T01:29:49.610157+00:00,201,83839.105,
2026-09-21T01:30:53.497148+00:00,201,19962.407,
2026-09-21T01:29:55.752134+00:00,201,77709.205,
2026-09-21T01:31:08.297935+00:00,201,5185.391,
2026-09-21T01:30:44.329134+00:00,201,29157.35,
2026-09-21T01:31:08.149253+00:00,201,5366.338,
2026-09-21T01:30:50.922552+00:00,201,22601.716,
2026-09-21T01:30:05.340102+00:00,201,68202.052,
2026-09-21T01:30:09.751029+00:00,201,63802.589,
2026-09-21T01:30:36.993396+00:00,201,36571.774,
2026-09-21T01:31:08.360218+00:00,201,5215.05,
2026-09-21T01:30:03.208614+00:00,201,70375.627,
2026-09-21T01:31:12.965848+00:00,201,673.915,
2026-09-21T01:30:08.684359+00:00,201,64961.782,
2026-09-21T01:31:13.324164+00:00,201,323.362,
2026-09-21T01:30:56.171616+00:00,201,17483.06,
2026-09-21T01:31:07.397350+00:00,201,6293.853,
2026-09-21T01:29:43.308851+00:00,201,90401.897,
2026-09-21T01:30:31.425160+00:00,201,42303.701,
2026-09-21T01:31:08.987251+00:00,201,4746.465,
2026-09-21T01:31:01.497042+00:00,201,12243.497,
2026-09-21T01:31:04.726861+00:00,201,9029.377,
2026-09-21T01:30:27.687421+00:00,201,46087.684,
2026-09-21T01:30:30.720376+00:00,201,43057.178,
2026-09-21T01:30:20.654057+00:00,201,53171.333,
2026-09-21T01:30:56.630135+00:00,201,17202.608,
2026-09-21T01:30:56.935877+00:00,201,16907.417,
2026-09-21T01:30:43.707735+00:00,201,30148.942,
2026-09-21T01:30:35.769116+00:00,201,38089.603,
2026-09-21T01:31:06.950227+00:00,201,6947.513,
2026-09-21T01:30:37.597567+00:00,201,36312.303,
2026-09-21T01:30:16.476914+00:00,201,57444.871,
2026-09-21T01:30:00.825222+00:00,201,73140.618,
2026-09-21T01:30:42.925505+00:00,201,31045.766,
2026-09-21T01:31:06.960365+00:00,201,7015.443,
2026-09-21T01:31:13.647530+00:00,201,345.622,
2026-09-21T01:29:41.022728+00:00,201,92974.843,
2026-09-21T01:30:53.754158+00:00,201,20265.24,
2026-09-21T01:31:00.173613+00:00,201,13851.852,
2026-09-21T01:31:10.295858+00:00,201,3733.29,
2026-09-21T01:30:59.191183+00:00,201,14842.697,
2026-09-21T01:31:08.136481+00:00,201,5918.313,
2026-09-21T01:30:15.729980+00:00,201,58367.866,
2026-09-21T01:31:08.358578+00:00,201,5760.81,
2026-09-21T01:30:48.246719+00:00,201,25877.128,
2026-09-21T01:30:01.951961+00:00,201,72177.787,
2026-09-21T01:30:48.041417+00:00,201,26098.611,
2026-09-21T01:30:23.150991+00:00,201,51000.519,
2026-09-21T01:29:56.068141+00:00,201,78097.534,
2026-09-21T01:31:05.695393+00:00,201,8476.025,
2026-09-21T01:30:50.105046+00:00,201,24077.3,
2026-09-21T01:30:08.975778+00:00,201,65209.723,
2026-09-21T01:30:08.919755+00:00,201,65299.638,
2026-09-21T01:30:57.374545+00:00,201,16856.432,
2026-09-21T01:31:03.924924+00:00,201,10319.11,
2026-09-21T01:30:41.622121+00:00,201,32629.146,
2026-09-21T01:31:04.279191+00:00,201,9976.526,
2026-09-21T01:30:34.459434+00:00,201,39808.628,
2026-09-21T01:30:45.220851+00:00,201,29053.7,
2026-09-21T01:31:00.150449+00:00,201,14140.698,
2026-09-21T01:31:00.753405+00:00,201,13539.663,
2026-09-21T01:30:39.071050+00:00,201,35229.566,
2026-09-21T01:30:54.613166+00:00,201,19699.139,
2026-09-21T01:30:50.361101+00:00,201,23982.174,
2026-09-21T01:30:41.116803+00:00,201,33232.579,
2026-09-21T01:30:38.340471+00:00,201,36027.572,
2026-09-21T01:31:14.026361+00:00,201,350.881,
2026-09-21T01:30:46.980015+00:00,201,27420.188,
2026-09-21T01:30:46.574314+00:00,201,27840.65,
2026-09-21T01:30:44.032647+00:00,201,30392.675,
2026-09-21T01:31:14.086842+00:00,201,344.228,
2026-09-21T01:30:51.581755+00:00,201,22862.078,
2026-09-21T01:30:30.895253+00:00,201,43555.479,
2026-09-21T01:31:03.152929+00:00,201,11299.731,
2026-09-21T01:30:23.055069+00:00,201,51410.094,
2026-09-21T01:30:58.686189+00:00,201,15784.858,
2026-09-21T01:31:12.339386+00:00,201,2158.26,
2026-09-21T01:30:57.428830+00:00,201,17091.828,
2026-09-21T01:30:44.013237+00:00,201,30518.359,
2026-09-21T01:31:11.509166+00:00,201,3025.797,
2026-09-21T01:30:19.230028+00:00,201,55308.886,
2026-09-21T01:31:08.413848+00:00,201,6131.596,
2026-09-21T01:30:36.101868+00:00,201,38444.838,
2026-09-21T01:30:50.492322+00:00,201,24069.392,
2026-09-21T01:30:43.673527+00:00,201,30889.536,
2026-09-21T01:30:33.433180+00:00,201,41142.57,
2026-09-21T01:31:12.819157+00:00,201,1771.817,
2026-09-21T01:30:21.622623+00:00,201,52978.77,
2026-09-21T01:29:56.370121+00:00,201,78264.427,
2026-09-21T01:31:12.410765+00:00,201,2230.534,
2026-09-21T01:31:02.725231+00:00,201,11924.266,
2026-09-21T01:31:04.493764+00:00,201,10167.115,
2026-09-21T01:30:59.402036+00:00,201,15262.13,
2026-09-21T01:30:51.585010+00:00,201,23087.83,
2026-09-21T01:30:09.010390+00:00,201,65689.875,
2026-09-21T01:30:24.007184+00:00,201,50711.014,
2026-09-21T01:30:57.422489+00:00,201,17297.108,
2026-09-21T01:30:02.402668+00:00,201,72318.191,
2026-09-21T01:29:58.113783+00:00,201,76634.55,
2026-09-21T01:30:21.507665+00:00,201,53281.499,
2026-09-21T01:30:18.046573+00:00,201,56744.525,
2026-09-21T01:30:15.928647+00:00,201,58889.426,
2026-09-21T01:30:42.988179+00:00,201,31867.027,
2026-09-21T01:30:17.081149+00:00,201,57847.786,
2026-09-21T01:31:07.893443+00:00,201,7037.992,
2026-09-21T01:30:47.835347+00:00,201,27112.487,
2026-09-21T01:30:58.139895+00:00,201,16823.446,
2026-09-21T01:29:50.079531+00:00,201,84884.962,
2026-09-21T01:29:44.057295+00:00,201,90922.743,
2026-09-21T01:29:52.835350+00:00,201,82145.975,
2026-09-21T01:30:36.970554+00:00,201,38024.698,
2026-09-21T01:31:13.956580+00:00,201,1062.918,
2026-09-21T01:30:41.204327+00:00,201,33824.065,
2026-09-21T01:30:59.327471+00:00,201,15712.711,
2026-09-21T01:30:02.225813+00:00,201,72819.899,
2026-09-21T01:31:04.144946+00:00,201,10935.166,
2026-09-21T01:30:10.630020+00:00,201,64457.268,
2026-09-21T01:30:57.604063+00:00,201,17486.662,
2026-09-21T01:31:14.750910+00:00,201,341.215,
2026-09-21T01:30:56.787642+00:00,201,18325.913,
2026-09-21T01:30:58.170446+00:00,201,16950.87,
2026-09-21T01:31:08.836145+00:00,201,6312.29,
2026-09-21T01:30:03.548791+00:00,201,71610.363,
2026-09-21T01:31:08.056001+00:00,201,7113.75,
2026-09-21T01:30:46.563113+00:00,201,28614.387,
2026-09-21T01:31:00.864527+00:00,201,14328.933,
2026-09-21T01:29:58.496139+00:00,201,76698.562,
2026-09-21T01:31:10.722524+00:00,201,4484.03,
2026-09-21T01:30:08.956338+00:00,201,66262.745,
2026-09-21T01:30:02.460880+00:00,201,72762.941,
2026-09-21T01:31:04.289316+00:00,201,10936.114,
2026-09-21T01:31:12.753749+00:00,201,2502.812,
2026-09-21T01:30:32.967909+00:00,201,42319.965,
2026-09-21T01:30:39.125619+00:00,201,36179.291,
2026-09-21T01:30:24.441380+00:00,201,50873.757,
2026-09-21T01:31:06.202179+00:00,201,9123.958,
2026-09-21T01:30:48.432740+00:00,201,26924.946,
2026-09-21T01:31:15.028462+00:00,201,350.728,
2026-09-21T01:31:05.866323+00:00,201,9536.851,
2026-09-21T01:31:04.450308+00:00,201,10961.48,
2026-09-21T01:30:29.008275+00:00,201,46421.554,
2026-09-21T01:30:23.416289+00:00,201,52017.735,
2026-09-21T01:30:45.833112+00:00,201,29609.948,
2026-09-21T01:30:30.567371+00:00,201,44885.427,
2026-09-21T01:31:00.846198+00:00,201,14632.794,
2026-09-21T01:31:04.356374+00:00,201,11129.2,
2026-09-21T01:30:37.094960+00:00,201,38418.071,
2026-09-21T01:31:05.575821+00:00,201,9942.302,
2026-09-21T01:31:11.674164+00:00,201,3852.97,
2026-09-21T01:30:15.851474+00:00,201,59682.956,
2026-09-21T01:31:05.305701+00:00,201,10235.669,
2026-09-21T01:31:14.718303+00:00,201,837.49,
2026-09-21T01:29:49.239626+00:00,201,86339.216,
2026-09-21T01:30:25.314090+00:00,201,50280.824,
2026-09-21T01:30:50.472052+00:00,201,25125.955,
2026-09-21T01:31:07.899055+00:00,201,7702.199,
2026-09-21T01:31:14.097966+00:00,201,1528.282,
2026-09-21T01:30:12.108349+00:00,201,63522.99,
2026-09-21T01:30:17.787902+00:00,201,57846.989,
2026-09-21T01:31:11.555406+00:00,201,4083.972,
2026-09-21T01:31:14.606300+00:00,201,1054.358,
2026-09-21T01:30:53.633212+00:00,201,22037.9,
2026-09-21T01:30:32.691890+00:00,201,43013.938,
2026-09-21T01:31:05.962213+00:00,201,9748.731,
2026-09-21T01:30:45.244939+00:00,201,30475.39,
2026-09-21T01:31:05.756629+00:00,201,9975.034,
2026-09-21T01:31:06.101704+00:00,201,9640.98,
2026-09-21T01:30:23.515432+00:00,201,52235.906,
2026-09-21T01:30:38.195260+00:00,201,37558.552,
2026-09-21T01:30:45.912949+00:00,201,29849.501,
2026-09-21T01:29:48.962512+00:00,201,86847.608,
2026-09-21T01:29:54.482927+00:00,201,81346.522,
2026-09-21T01:30:14.393112+00:00,201,61438.137,
2026-09-21T01:30:56.043539+00:00,201,19806.228,
2026-09-21T01:30:14.795437+00:00,201,61060.52,
2026-09-21T01:31:07.184966+00:00,201,8685.129,
2026-09-21T01:31:13.217689+00:00,201,2681.824,
2026-09-21T01:30:09.749282+00:00,201,66154.832,
2026-09-21T01:30:16.644741+00:00,201,59265.404,
2026-09-21T01:30:50.415202+00:00,201,25518.878,
2026-09-21T01:30:58.252315+00:00,201,17686.11,
2026-09-21T01:30:36.293032+00:00,201,39661.482,
2026-09-21T01:30:11.922851+00:00,201,64034.592,
2026-09-21T01:31:09.998690+00:00,201,5971.018,
2026-09-21T01:30:28.859101+00:00,201,47119.872,
2026-09-21T01:30:55.424732+00:00,201,20581.423,
2026-09-21T01:31:07.293259+00:00,201,8717.14,
2026-09-21T01:30:40.404674+00:00,201,35606.946,
2026-09-21T01:30:31.494008+00:00,201,44530.234,
2026-09-21T01:31:02.686060+00:00,201,13347.048,
2026-09-21T01:31:12.937280+00:00,201,3121.947,
2026-09-21T01:30:06.036728+00:00,201,70024.235,
2026-09-21T01:30:30.210782+00:00,201,45859.078,
2026-09-21T01:30:38.645292+00:00,201,37439.92,
2026-09-21T01:31:10.607346+00:00,201,5500.726,
2026-09-21T01:30:57.453753+00:00,201,18667.057,
2026-09-21T01:30:26.218280+00:00,201,49916.121,
2026-09-21T01:30:01.065363+00:00,201,75081.838,
2026-09-21T01:31:07.953952+00:00,201,8199.555,
2026-09-21T01:30:32.871909+00:00,201,43290.661,
2026-09-21T01:30:21.928477+00:00,201,54248.236,
2026-09-21T01:31:02.895367+00:00,201,13312.017,
2026-09-21T01:30:48.471242+00:00,201,27755.209,
2026-09-21T01:31:07.135583+00:00,201,9094.71,
2026-09-21T01:30:00.134395+00:00,201,76099.811,
2026-09-21T01:30:51.654174+00:00,201,24590.35,
2026-09-21T01:30:38.715717+00:00,201,37530.06,
2026-09-21T01:31:05.650505+00:00,201,10601.343,
2026-09-21T01:30:50.592301+00:00,201,25680.526,
2026-09-21T01:29:35.627878+00:00,201,100648.656,
2026-09-21T01:31:07.213307+00:00,201,9082.547,
2026-09-21T01:29:54.564939+00:00,201,81736.068,
2026-09-21T01:30:37.993009+00:00,201,38318.677,
2026-09-21T01:30:31.540030+00:00,201,44817.271,
2026-09-21T01:31:06.831212+00:00,201,9529.963,
2026-09-21T01:30:23.487381+00:00,201,52882.982,
2026-09-21T01:30:00.962021+00:00,201,75422.971,
2026-09-21T01:30:52.388013+00:00,201,24005.213,
2026-09-21T01:31:16.059238+00:00,201,339.024,
2026-09-21T01:30:44.969509+00:00,201,31429.946,
2026-09-21T01:29:58.881734+00:00,201,77527.075,
2026-09-21T01:30:46.208643+00:00,201,30222.023,
2026-09-21T01:31:10.504480+00:00,201,5954.098,
2026-09-21T01:30:33.154007+00:00,201,43324.876,
2026-09-21T01:30:48.360787+00:00,201,28134.443,
2026-09-21T01:31:14.517313+00:00,201,1995.471,
2026-09-21T01:30:30.398318+00:00,201,46127.312,
2026-09-21T01:31:14.115552+00:00,201,2430.496,
2026-09-21T01:31:06.125966+00:00,201,10431.271,
2026-09-21T01:30:41.162203+00:00,201,35416.212,
2026-09-21T01:31:06.385733+00:00,201,10238.937,
2026-09-21T01:30:55.773524+00:00,201,20856.694,
2026-09-21T01:31:07.117969+00:00,201,9517.106,
2026-09-21T01:31:07.351594+00:00,201,9284.714,
2026-09-21T01:31:03.506830+00:00,201,13156.814,
2026-09-21T01:31:13.909945+00:00,201,2758.707,
2026-09-21T01:31:12.716427+00:00,201,3958.032,
2026-09-21T01:30:13.877702+00:00,201,62801.64,
2026-09-21T01:30:13.526395+00:00,201,63155.363,
2026-09-21T01:31:04.880907+00:00,201,11818.165,
2026-09-21T01:31:02.562449+00:00,201,14144.527,
2026-09-21T01:31:02.287415+00:00,201,14427.358,
2026-09-21T01:30:56.796733+00:00,201,19929.985,
2026-09-21T01:31:07.506535+00:00,201,9229.44,
2026-09-21T01:30:22.196441+00:00,201,54573.366,
2026-09-21T01:31:02.089268+00:00,201,14700.865,
2026-09-21T01:29:52.160107+00:00,201,84638.747,
2026-09-21T01:30:44.749346+00:00,201,32053.387,
2026-09-21T01:31:15.585436+00:00,201,1227.822,
2026-09-21T01:30:12.744073+00:00,201,64094.135,
2026-09-21T01:31:05.198412+00:00,201,11641.532,
2026-09-21T01:30:48.928826+00:00,201,27919.221,
2026-09-21T01:30:40.436161+00:00,201,36414.664,
2026-09-21T01:31:06.849096+00:00,201,10007.05,
2026-09-21T01:30:17.475512+00:00,201,59384.184,
2026-09-21T01:31:07.185543+00:00,201,9695.322,
2026-09-21T01:30:10.434678+00:00,201,66477.043,
2026-09-21T01:30:40.903585+00:00,201,36024.7,
2026-09-21T01:30:50.746294+00:00,201,26194.162,
2026-09-21T01:30:22.962277+00:00,201,53983.634,
2026-09-21T01:31:06.612597+00:00,201,10339.338,
2026-09-21T01:30:24.699230+00:00,201,52274.08,
2026-09-21T01:31:16.661633+00:00,201,313.452,
2026-09-21T01:30:10.058419+00:00,201,66924.91,
2026-09-21T01:31:11.166893+00:00,201,5824.797,
2026-09-21T01:30:11.165856+00:00,201,65842.483,
2026-09-21T01:29:49.440907+00:00,201,87570.917,
2026-09-21T01:31:01.848977+00:00,201,15168.809,
2026-09-21T01:30:44.057473+00:00,201,32983.029,
2026-09-21T01:30:58.734006+00:00,201,18309.779,
2026-09-21T01:30:18.462287+00:00,201,58585.412,
2026-09-21T01:31:06.972191+00:00,201,10080.237,
2026-09-21T01:30:50.027082+00:00,201,27036.401,
2026-09-21T01:30:55.760883+00:00,201,21312.614,
2026-09-21T01:30:37.228036+00:00,201,39853.534,
2026-09-21T01:31:14.789273+00:00,201,2297.671,
2026-09-21T01:30:02.267827+00:00,201,74843.763,
2026-09-21T01:30:35.472127+00:00,201,41640.699,
2026-09-21T01:30:30.131920+00:00,201,47061.031,
2026-09-21T01:30:15.390873+00:00,201,61806.827,
2026-09-21T01:30:40.457385+00:00,201,36758.583,
2026-09-21T01:31:03.228477+00:00,201,14001.424,
2026-09-21T01:30:58.455342+00:00,201,18776.264,
2026-09-21T01:31:04.675081+00:00,201,12567.485,
2026-09-21T01:30:00.292323+00:00,201,76952.509,
2026-09-21T01:30:23.032407+00:00,201,54232.948,
2026-09-21T01:30:15.970946+00:00,201,61295.613,
2026-09-21T01:30:02.033023+00:00,201,75237.032,
2026-09-21T01:30:19.929146+00:00,201,57349.339,
2026-09-21T01:30:56.508664+00:00,201,20784.49,
2026-09-21T01:30:36.478737+00:00,201,40837.418,
2026-09-21T01:31:10.783363+00:00,201,6546.195,
2026-09-21T01:30:46.784785+00:00,201,30546.347,
2026-09-21T01:31:05.425947+00:00,201,11928.895,
2026-09-21T01:31:10.152276+00:00,201,7204.235,
2026-09-21T01:30:50.416963+00:00,201,26943.63,
2026-09-21T01:31:14.855274+00:00,201,2509.186,
2026-09-21T01:30:43.732717+00:00,201,33647.09,
2026-09-21T01:31:09.418882+00:00,201,7965.525,
2026-09-21T01:30:50.309610+00:00,201,27084.693,
2026-09-21T01:31:12.657270+00:00,201,4745.833,
2026-09-21T01:30:25.894116+00:00,201,51524.342,
2026-09-21T01:31:10.729293+00:00,201,6693.647,
2026-09-21T01:31:17.112913+00:00,201,312.423,
2026-09-21T01:31:17.111743+00:00,201,315.441,
2026-09-21T01:31:17.164830+00:00,201,310.142,
2026-09-21T01:31:09.906491+00:00,201,7569.649,
2026-09-21T01:31:15.443123+00:00,201,2037.536,
2026-09-21T01:31:13.733731+00:00,201,3768.176,
2026-09-21T01:29:48.203033+00:00,201,89301.296,
2026-09-21T01:30:07.948796+00:00,201,69567.637,
2026-09-21T01:30:56.763908+00:00,201,20765.233,
2026-09-21T01:31:00.852252+00:00,201,16735.587,
2026-09-21T01:30:45.288986+00:00,201,32305.774,
2026-09-21T01:30:27.706714+00:00,201,49909.54,
2026-09-21T01:31:13.193071+00:00,201,4459.034,
2026-09-21T01:31:16.346164+00:00,201,1336.819,
2026-09-21T01:30:43.282252+00:00,201,34401.857,
2026-09-21T01:30:15.602255+00:00,201,62107.565,
2026-09-21T01:30:39.128675+00:00,201,38585.424,
2026-09-21T01:30:42.356978+00:00,201,35358.334,
2026-09-21T01:30:09.491634+00:00,201,68232.353,
2026-09-21T01:31:02.318170+00:00,201,15417.829,
2026-09-21T01:30:57.693418+00:00,201,20053.392,
2026-09-21T01:31:03.274309+00:00,201,14482.036,
2026-09-21T01:31:13.975826+00:00,201,3805.858,
2026-09-21T01:31:17.476159+00:00,201,308.295,
2026-09-21T01:30:22.327290+00:00,201,55479.015,
2026-09-21T01:31:10.166465+00:00,201,7643.946,
2026-09-21T01:31:16.533501+00:00,201,1285.087,
2026-09-21T01:30:56.314124+00:00,201,21508.096,
2026-09-21T01:30:49.112134+00:00,201,28716.343,
2026-09-21T01:30:36.260002+00:00,201,41591.874,
2026-09-21T01:30:30.565357+00:00,201,47292.558,
2026-09-21T01:30:50.217691+00:00,201,27642.012,
2026-09-21T01:31:16.011695+00:00,201,1850.486,
2026-09-21T01:30:03.068887+00:00,201,74799.983,
2026-09-21T01:29:33.386491+00:00,201,104490.292,
2026-09-21T01:30:29.707304+00:00,201,48198.667,
2026-09-21T01:30:34.940111+00:00,201,42999.451,
2026-09-21T01:30:58.114242+00:00,201,19837.696,
2026-09-21T01:31:06.560795+00:00,201,11403.474,
2026-09-21T01:30:19.632054+00:00,201,58333.9,
2026-09-21T01:30:31.415839+00:00,201,46603.844,
2026-09-21T01:30:42.569900+00:00,201,35453.395,
2026-09-21T01:30:42.817392+00:00,201,35219.868,
2026-09-21T01:30:59.646016+00:00,201,18402.776,
2026-09-21T01:31:14.431075+00:00,201,3624.998,
2026-09-21T01:30:54.075284+00:00,201,23985.024,
2026-09-21T01:30:43.414656+00:00,201,34654.299,
2026-09-21T01:30:26.562343+00:00,201,51523.552,
2026-09-21T01:31:00.933869+00:00,201,17165.566,
2026-09-21T01:30:59.161816+00:00,201,18939.243,
2026-09-21T01:30:54.620568+00:00,201,23483.097,
2026-09-21T01:30:30.593709+00:00,201,47511.06,
2026-09-21T01:30:23.847349+00:00,201,54269.38,
2026-09-21T01:30:34.572018+00:00,201,43563.132,
2026-09-21T01:31:17.784458+00:00,201,354.328,
2026-09-21T01:30:17.254610+00:00,201,60897.056,
2026-09-21T01:31:15.213098+00:00,201,2976.379,
2026-09-21T01:30:58.323815+00:00,201,19902.27,
2026-09-21T01:30:23.942953+00:00,201,54316.017,
2026-09-21T01:30:36.864651+00:00,201,41398.058,
2026-09-21T01:30:35.156798+00:00,201,43116.54,
2026-09-21T01:30:06.807861+00:00,201,71467.057,
2026-09-21T01:31:17.939651+00:00,201,358.55,
2026-09-21T01:30:58.913328+00:00,201,19405.709,
2026-09-21T01:31:00.987118+00:00,201,17335.587,
2026-09-21T01:30:42.498893+00:00,201,35849.859,
2026-09-21T01:31:12.525285+00:00,201,5842.219,
2026-09-21T01:31:09.877527+00:00,201,8529.744,
2026-09-21T01:30:20.964851+00:00,201,57471.817,
2026-09-21T01:30:53.193801+00:00,201,25262.529,
2026-09-21T01:30:27.624446+00:00,201,50834.521,
2026-09-21T01:30:17.503006+00:00,201,60959.062,
2026-09-21T01:30:13.700160+00:00,201,64773.926,
2026-09-21T01:30:16.681737+00:00,201,61804.555,
2026-09-21T01:30:44.588750+00:00,201,33901.249,
2026-09-21T01:30:18.889416+00:00,201,59606.904,
2026-09-21T01:30:02.919929+00:00,201,75583.064,
2026-09-21T01:30:37.720213+00:00,201,40785.127,
2026-09-21T01:30:24.682506+00:00,201,53855.84,
2026-09-21T01:30:59.798754+00:00,201,18743.605,
2026-09-21T01:30:25.401375+00:00,201,53148.255,
2026-09-21T01:31:05.544654+00:00,201,13007.625,
2026-09-21T01:29:53.961500+00:00,201,84592.558,
2026-09-21T01:30:03.591333+00:00,201,74968.606,
2026-09-21T01:30:51.937195+00:00,201,26626.367,
2026-09-21T01:31:10.118943+00:00,201,8463.676,
2026-09-21T01:30:47.169182+00:00,201,31419.578,
2026-09-21T01:31:03.115964+00:00,201,15479.286,
2026-09-21T01:29:55.504623+00:00,201,83097.786,
2026-09-21T01:30:50.463697+00:00,201,28154.588,
2026-09-21T01:30:53.556807+00:00,201,25089.019,
2026-09-21T01:30:41.328232+00:00,201,37321.568,
2026-09-21T01:30:20.330611+00:00,201,58327.738,
2026-09-21T01:31:09.245631+00:00,201,9424.475,
2026-09-21T01:30:49.895380+00:00,201,28776.603,
2026-09-21T01:30:43.682024+00:00,201,34991.331,
2026-09-21T01:31:18.348826+00:00,201,326.041,
2026-09-21T01:30:44.407791+00:00,201,34279.756,
2026-09-21T01:30:45.911697+00:00,201,32778.783,
2026-09-21T01:30:50.257065+00:00,201,28446.158,
2026-09-21T01:31:15.601274+00:00,201,3126.59,
2026-09-21T01:29:55.958177+00:00,201,82830.909,
2026-09-21T01:31:04.586797+00:00,201,14217.919,
2026-09-21T01:30:58.733025+00:00,201,20116.568,
2026-09-21T01:31:11.785336+00:00,201,7066.356,
2026-09-21T01:29:57.903759+00:00,201,80957.237,
2026-09-21T01:31:17.188980+00:00,201,1687.001,
2026-09-21T01:30:43.123274+00:00,201,35775.135,
2026-09-21T01:29:40.665313+00:00,201,98235.528,
2026-09-21T01:30:39.294165+00:00,201,39622.542,
2026-09-21T01:30:51.649580+00:00,201,27268.915,
2026-09-21T01:31:09.189655+00:00,201,9730.75,
2026-09-21T01:31:17.139852+00:00,201,1789.643,
2026-09-21T01:29:33.913568+00:00,201,105025.828,
2026-09-21T01:31:04.720890+00:00,201,14234.877,
2026-09-21T01:30:31.118667+00:00,201,47851.174,
2026-09-21T01:30:58.096494+00:00,201,20884.436,
2026-09-21T01:30:47.117321+00:00,201,31883.333,
2026-09-21T01:30:57.030363+00:00,201,21974.417,
2026-09-21T01:30:07.004796+00:00,201,72005.358,
2026-09-21T01:29:50.143337+00:00,201,88873.949,
2026-09-21T01:30:13.055945+00:00,201,65964.852,
2026-09-21T01:31:14.777765+00:00,201,4254.796,
2026-09-21T01:31:10.162214+00:00,201,8872.214,
2026-09-21T01:30:03.582046+00:00,201,75461.613,
2026-09-21T01:31:14.405230+00:00,201,4641.543,
2026-09-21T01:31:12.831569+00:00,201,6237.828,
2026-09-21T01:30:41.709062+00:00,201,37375.459,
2026-09-21T01:31:09.990533+00:00,201,9105.156,
2026-09-21T01:31:03.856146+00:00,201,15240.691,
2026-09-21T01:30:39.445117+00:00,201,39652.866,
2026-09-21T01:30:56.760813+00:00,201,22338.433,
2026-09-21T01:31:06.363741+00:00,201,12736.856,
2026-09-21T01:31:18.402538+00:00,201,699.465,
2026-09-21T01:30:43.775951+00:00,201,35327.378,
2026-09-21T01:30:13.287843+00:00,201,65829.238,
2026-09-21T01:31:13.357788+00:00,201,5777.253,
2026-09-21T01:30:44.451210+00:00,201,34688.912,
2026-09-21T01:29:49.021773+00:00,201,90122.018,
2026-09-21T01:30:36.703071+00:00,201,42442.464,
2026-09-21T01:30:40.667451+00:00,201,38479.757,
2026-09-21T01:31:15.151522+00:00,201,3997.508,
2026-09-21T01:30:47.573462+00:00,201,31616.722,
2026-09-21T01:30:31.471413+00:00,201,47720.39,
2026-09-21T01:29:51.563367+00:00,201,87630.097,
2026-09-21T01:31:14.590982+00:00,201,4604.356,
2026-09-21T01:30:11.371651+00:00,201,67825.343,
2026-09-21T01:31:06.226898+00:00,201,12972.079,
2026-09-21T01:30:22.644265+00:00,201,56607.692,
2026-09-21T01:30:50.340992+00:00,201,28913.017,
2026-09-21T01:31:05.657339+00:00,201,13598.824,
2026-09-21T01:31:04.472768+00:00,201,14785.589,
2026-09-21T01:31:04.444500+00:00,201,14816.072,
2026-09-21T01:30:53.577048+00:00,201,25685.821,
2026-09-21T01:30:06.579296+00:00,201,72685.803,
2026-09-21T01:30:44.574377+00:00,201,34693.15,
2026-09-21T01:31:05.092585+00:00,201,14177.456,
2026-09-21T01:30:17.283425+00:00,201,61989.029,
2026-09-21T01:31:17.474976+00:00,201,1800.174,
2026-09-21T01:30:44.452763+00:00,201,34842.569,
2026-09-21T01:30:10.593924+00:00,201,68711.625,
2026-09-21T01:30:55.306147+00:00,201,24022.806,
2026-09-21T01:30:52.642558+00:00,201,26736.62,
2026-09-21T01:31:09.264009+00:00,201,10125.502,
2026-09-21T01:31:14.723248+00:00,201,4674.165,
2026-09-21T01:31:01.251033+00:00,201,18194.912,
2026-09-21T01:30:17.721376+00:00,201,61732.256,
2026-09-21T01:31:02.476089+00:00,201,16984.16,
2026-09-21T01:30:11.770229+00:00,201,67730.69,
2026-09-21T01:30:59.083709+00:00,201,20462.999,
2026-09-21T01:29:48.840690+00:00,201,90713.302,
2026-09-21T01:31:06.440373+00:00,201,13133.554,
2026-09-21T01:31:07.619671+00:00,201,11992.582,
2026-09-21T01:30:15.942664+00:00,201,63672.252,
2026-09-21T01:31:10.254605+00:00,201,9387.636,
2026-09-21T01:31:08.705004+00:00,201,10952.728,
2026-09-21T01:30:46.613736+00:00,201,33050.628,
2026-09-21T01:30:22.899601+00:00,201,56812.779,
2026-09-21T01:30:36.006355+00:00,201,43708.666,
2026-09-21T01:30:43.820678+00:00,201,35910.957,
2026-09-21T01:31:14.140084+00:00,201,5613.313,
2026-09-21T01:30:42.473023+00:00,201,37284.339,
2026-09-21T01:31:07.801483+00:00,201,11970.798,
2026-09-21T01:30:02.505105+00:00,201,77271.18,
2026-09-21T01:31:02.348773+00:00,201,17465.258,
2026-09-21T01:31:13.557378+00:00,201,6309.726,
2026-09-21T01:30:35.826345+00:00,201,44063.494,
2026-09-21T01:30:43.121058+00:00,201,36792.911,
2026-09-21T01:31:15.626255+00:00,201,4313.353,
2026-09-21T01:30:58.988484+00:00,201,20960.076,
2026-09-21T01:30:52.518655+00:00,201,27445.033,
2026-09-21T01:31:19.275159+00:00,201,715.41,
2026-09-21T01:30:24.536520+00:00,201,55552.814,
2026-09-21T01:30:26.543323+00:00,201,53591.506,
2026-09-21T01:30:23.972308+00:00,201,56168.742,
2026-09-21T01:30:51.061718+00:00,201,29097.164,
2026-09-21T01:31:11.198696+00:00,201,9010.181,
2026-09-21T01:29:36.977377+00:00,201,103244.775,
2026-09-21T01:31:02.098153+00:00,201,18142.445,
2026-09-21T01:31:03.147371+00:00,201,17108.192,
2026-09-21T01:31:02.379886+00:00,201,17891.242,
2026-09-21T01:30:59.221040+00:00,201,21054.171,
2026-09-21T01:31:06.299328+00:00,201,14145.232,
2026-09-21T01:31:17.088180+00:00,201,3366.41,
2026-09-21T01:31:11.622739+00:00,201,8837.943,
2026-09-21T01:30:15.502688+00:00,201,64981.153,
2026-09-21T01:31:04.625897+00:00,201,15861.899,
2026-09-21T01:31:19.199006+00:00,201,1390.849,
2026-09-21T01:31:06.263918+00:00,201,14350.804,
2026-09-21T01:30:57.529344+00:00,201,23095.709,
2026-09-21T01:30:43.526794+00:00,201,37120.076,
2026-09-21T01:31:04.059363+00:00,201,16591.597,
2026-09-21T01:30:28.716444+00:00,201,51946.707,
2026-09-21T01:30:16.049193+00:00,201,64623.62,
2026-09-21T01:31:08.950946+00:00,201,11785.474,
2026-09-21T01:31:20.053501+00:00,201,686.74,
2026-09-21T01:30:38.953917+00:00,201,41827.578,
2026-09-21T01:30:47.390393+00:00,201,33401.49,
2026-09-21T01:30:52.244315+00:00,201,28554.071,
2026-09-21T01:30:16.001313+00:00,201,64818.307,
2026-09-21T01:30:29.620986+00:00,201,51217.779,
2026-09-21T01:30:32.716837+00:00,201,48150.777,
2026-09-21T01:30:35.614269+00:00,201,45319.751,
2026-09-21T01:30:28.862826+00:00,201,52083.986,
2026-09-21T01:30:21.344026+00:00,201,59612.931,
2026-09-21T01:31:00.196851+00:00,201,20934.106,
2026-09-21T01:31:06.159848+00:00,201,14977.975,
2026-09-21T01:29:51.159712+00:00,201,90015.682,
2026-09-21T01:30:06.685932+00:00,201,74492.307,
2026-09-21T01:31:17.501919+00:00,201,3680.616,
2026-09-21T01:30:21.067078+00:00,201,60126.27,
2026-09-21T01:30:58.052167+00:00,201,23157.54,
2026-09-21T01:30:57.875929+00:00,201,23343.54,
2026-09-21T01:30:48.414923+00:00,201,32829.489,
2026-09-21T01:30:37.994452+00:00,201,43316.726,
2026-09-21T01:30:38.498742+00:00,201,42842.027,
2026-09-21T01:30:19.371272+00:00,201,61977.634,
2026-09-21T01:29:57.987435+00:00,201,83380.607,
2026-09-21T01:30:33.428123+00:00,201,47964.299,
2026-09-21T01:30:50.552429+00:00,201,30880.254,
2026-09-21T01:29:54.794646+00:00,201,86644.587,
2026-09-21T01:31:03.602159+00:00,201,17843.674,
2026-09-21T01:31:14.029160+00:00,201,7428.756,
2026-09-21T01:30:23.247328+00:00,201,58235.722,
2026-09-21T01:30:57.165230+00:00,201,24320.691,
2026-09-21T01:30:31.477861+00:00,201,50055.671,
2026-09-21T01:29:52.396514+00:00,201,89139.877,
2026-09-21T01:31:10.259528+00:00,201,11290.433,
2026-09-21T01:31:16.480613+00:00,201,5073.56,
2026-09-21T01:31:04.904902+00:00,201,16668.346,
2026-09-21T01:31:15.671160+00:00,201,5925.962,
2026-09-21T01:30:10.763838+00:00,201,70888.992,
2026-09-21T01:30:12.083126+00:00,201,69646.31,
2026-09-21T01:31:15.032871+00:00,201,6704.396,
2026-09-21T01:30:31.832235+00:00,201,49958.832,
2026-09-21T01:29:53.879623+00:00,201,87942.446,
2026-09-21T01:30:43.464485+00:00,201,38370.458,
2026-09-21T01:31:12.446366+00:00,201,9436.505,
2026-09-21T01:30:28.705274+00:00,201,53215.063,
2026-09-21T01:31:07.395280+00:00,201,14554.178,
2026-09-21T01:30:39.110863+00:00,201,42867.521,
2026-09-21T01:31:06.703845+00:00,201,15286.661,
2026-09-21T01:30:46.269300+00:00,201,35750.614,
2026-09-21T01:30:54.740615+00:00,201,27287.472,
2026-09-21T01:30:51.187420+00:00,201,30864.365,
2026-09-21T01:30:43.357962+00:00,201,38723.223,
2026-09-21T01:31:04.588004+00:00,201,17514.48,
2026-09-21T01:31:12.268040+00:00,201,9862.793,
2026-09-21T01:30:28.254190+00:00,201,53879.406,
2026-09-21T01:30:08.975127+00:00,201,73204.013,
2026-09-21T01:30:51.302199+00:00,201,30900.055,
2026-09-21T01:31:05.850824+00:00,201,16359.701,
2026-09-21T01:29:56.232348+00:00,201,86017.974,
2026-09-21T01:30:08.920608+00:00,201,73367.341,
2026-09-21T01:30:14.841771+00:00,201,67461.744,
2026-09-21T01:31:08.688034+00:00,201,13634.518,
2026-09-21T01:30:30.364629+00:00,201,51979.005,
2026-09-21T01:30:02.063903+00:00,201,80294.212,
2026-09-21T01:31:18.823136+00:00,201,3567.922,
2026-09-21T01:30:34.756109+00:00,201,47639.371,
2026-09-21T01:31:03.125064+00:00,201,19290.705,
2026-09-21T01:30:36.396139+00:00,201,46095.03,
2026-09-21T01:30:08.786370+00:00,201,73728.823,
2026-09-21T01:29:55.496974+00:00,201,87151.061,
2026-09-21T01:30:54.346634+00:00,201,28336.124,
2026-09-21T01:31:04.362030+00:00,201,18352.464,
2026-09-21T01:31:07.713902+00:00,201,15003.275,
2026-09-21T01:30:43.361427+00:00,201,39405.051,
2026-09-21T01:29:58.345756+00:00,201,84441.915,
2026-09-21T01:30:36.540051+00:00,201,46250.402,
2026-09-21T01:31:08.300233+00:00,201,14501.969,
2026-09-21T01:31:22.202319+00:00,201,610.85,
2026-09-21T01:30:57.125224+00:00,201,25763.587,
2026-09-21T01:30:46.998331+00:00,201,35911.778,
2026-09-21T01:30:46.522057+00:00,201,36401.833,
2026-09-21T01:31:14.251337+00:00,201,8676.826,
2026-09-21T01:31:01.076671+00:00,201,21860.838,
2026-09-21T01:30:15.767064+00:00,201,67207.321,
2026-09-21T01:30:26.865343+00:00,201,56112.121,
2026-09-21T01:31:22.303653+00:00,201,681.772,
2026-09-21T01:30:59.925514+00:00,201,23092.914,
2026-09-21T01:31:01.818049+00:00,201,21206.129,
2026-09-21T01:29:36.867980+00:00,201,106176.204,
2026-09-21T01:30:30.071899+00:00,201,53021.446,
2026-09-21T01:30:10.110508+00:00,201,73011.956,
2026-09-21T01:30:52.310047+00:00,201,30873.067,
2026-09-21T01:30:37.782343+00:00,201,45484.284,
2026-09-21T01:31:09.225851+00:00,201,14050.418,
2026-09-21T01:31:11.129309+00:00,201,12149.889,
2026-09-21T01:30:51.833958+00:00,201,31449.679,
2026-09-21T01:31:06.194698+00:00,201,17109.367,
2026-09-21T01:30:02.440222+00:00,201,80875.664,
2026-09-21T01:31:05.529427+00:00,201,17794.19,
2026-09-21T01:29:41.479459+00:00,201,101851.772,
2026-09-21T01:31:11.675575+00:00,201,11765.827,
2026-09-21T01:31:03.033301+00:00,201,20416.349,
2026-09-21T01:31:17.812097+00:00,201,5676.55,
2026-09-21T01:31:05.555354+00:00,201,17936.165,
2026-09-21T01:30:58.222871+00:00,201,25274.484,
2026-09-21T01:30:02.219230+00:00,201,81309.191,
2026-09-21T01:31:12.075830+00:00,201,11480.275,
2026-09-21T01:31:04.115725+00:00,201,19476.071,
2026-09-21T01:31:07.576647+00:00,201,16086.594,
2026-09-21T01:30:34.852770+00:00,201,48838.509,
2026-09-21T01:30:22.536794+00:00,201,61205.208,
2026-09-21T01:30:44.368790+00:00,201,39439.858,
2026-09-21T01:29:56.866906+00:00,201,86962.833,
2026-09-21T01:31:15.244370+00:00,201,8611.681,
2026-09-21T01:30:30.809585+00:00,201,53090.002,
2026-09-21T01:31:06.499850+00:00,201,17402.651,
2026-09-21T01:31:04.242313+00:00,201,19673.947,
2026-09-21T01:31:15.614638+00:00,201,8320.723,
2026-09-21T01:30:59.790103+00:00,201,24171.809,
2026-09-21T01:30:46.864679+00:00,201,37111.513,
2026-09-21T01:31:11.621542+00:00,201,12429.796,
2026-09-21T01:30:12.756665+00:00,201,71325.245,
2026-09-21T01:31:16.069956+00:00,201,8024.288,
2026-09-21T01:31:16.610879+00:00,201,7528.984,
2026-09-21T01:31:09.931193+00:00,201,14212.481,
2026-09-21T01:30:25.668456+00:00,201,58506.941,
2026-09-21T01:30:37.261505+00:00,201,46957.886,
2026-09-21T01:30:50.822533+00:00,201,33398.731,
2026-09-21T01:30:55.055937+00:00,201,29168.088,
2026-09-21T01:30:02.884316+00:00,201,81362.194,
2026-09-21T01:31:10.726701+00:00,201,13528.356,
2026-09-21T01:31:13.901165+00:00,201,10369.357,
2026-09-21T01:30:55.439464+00:00,201,28848.577,
2026-09-21T01:31:15.113595+00:00,201,9186.407,
2026-09-21T01:29:50.310046+00:00,201,94013.077,
2026-09-21T01:31:10.230956+00:00,201,14095.666,
2026-09-21T01:29:56.305710+00:00,201,88045.553,
2026-09-21T01:30:30.835800+00:00,201,53518.231,
2026-09-21T01:30:16.883788+00:00,201,67473.658,
2026-09-21T01:30:31.181366+00:00,201,53177.604,
2026-09-21T01:30:23.229621+00:00,201,61150.693,
2026-09-21T01:31:17.278603+00:00,201,7114.651,
2026-09-21T01:30:07.935159+00:00,201,76459.948,
2026-09-21T01:30:01.654755+00:00,201,82767.854,
2026-09-21T01:30:51.026346+00:00,201,33398.495,
2026-09-21T01:30:08.124733+00:00,201,76309.856,
2026-09-21T01:31:01.899065+00:00,201,22559.374,
2026-09-21T01:31:02.468205+00:00,201,21992.882,
2026-09-21T01:31:15.093076+00:00,201,9391.27,
2026-09-21T01:30:57.235283+00:00,201,27274.849,
2026-09-21T01:31:24.051367+00:00,201,472.623,
2026-09-21T01:30:43.548934+00:00,201,40983.171,
2026-09-21T01:30:36.721639+00:00,201,47827.962,
2026-09-21T01:30:42.872522+00:00,201,41694.351,
2026-09-21T01:30:44.241100+00:00,201,40342.141,
2026-09-21T01:31:17.822267+00:00,201,6771.803,
2026-09-21T01:30:38.233926+00:00,201,46371.117,
2026-09-21T01:31:24.323314+00:00,201,322.048,
2026-09-21T01:31:03.962845+00:00,201,20720.073,
2026-09-21T01:30:53.146243+00:00,201,31541.138,
2026-09-21T01:31:17.964296+00:00,201,6777.967,
2026-09-21T01:30:33.066882+00:00,201,51688.638,
2026-09-21T01:31:19.258390+00:00,201,5504.701,
2026-09-21T01:30:16.097230+00:00,201,68667.121,
2026-09-21T01:31:08.119233+00:00,201,16655.366,
2026-09-21T01:30:50.418328+00:00,201,34374.046,
2026-09-21T01:30:51.941231+00:00,201,32853.864,
2026-09-21T01:31:00.829169+00:00,201,23988.288,
2026-09-21T01:31:20.271167+00:00,201,4551.44,
2026-09-21T01:31:16.839972+00:00,201,8004.707,
2026-09-21T01:31:03.883414+00:00,201,20963.816,
2026-09-21T01:30:02.241687+00:00,201,82641.656,
2026-09-21T01:30:45.518196+00:00,201,39370.531,
2026-09-21T01:29:50.562624+00:00,201,94332.149,
2026-09-21T01:29:53.457783+00:00,201,91444.517,
2026-09-21T01:31:02.021346+00:00,201,22887.069,
2026-09-21T01:30:15.154242+00:00,201,69774.304,
2026-09-21T01:30:37.527121+00:00,201,47402.833,
2026-09-21T01:30:44.664873+00:00,201,40273.515,
2026-09-21T01:30:56.985841+00:00,201,27980.532,
2026-09-21T01:31:10.089877+00:00,201,14885.574,
2026-09-21T01:31:18.795596+00:00,201,6184.616,
2026-09-21T01:30:34.566710+00:00,201,50422.245,
2026-09-21T01:31:12.920381+00:00,201,12075.702,
2026-09-21T01:30:03.896616+00:00,201,81110.916,
2026-09-21T01:31:24.645367+00:00,201,373.302,
2026-09-21T01:31:22.255680+00:00,201,2770.672,
2026-09-21T01:31:08.858737+00:00,201,16201.423,
2026-09-21T01:30:15.566795+00:00,201,69507.72,
2026-09-21T01:30:48.341184+00:00,201,36736.964,
2026-09-21T01:30:58.289538+00:00,201,26808.599,
2026-09-21T01:30:33.156454+00:00,201,51951.409,
2026-09-21T01:30:50.119830+00:00,201,35024.894,
2026-09-21T01:31:09.783801+00:00,201,15404.566,
2026-09-21T01:30:16.684116+00:00,201,68506.421,
2026-09-21T01:30:57.950818+00:00,201,27242.699,
2026-09-21T01:30:22.265910+00:00,201,62939.506,
2026-09-21T01:30:37.289834+00:00,201,47920.281,
2026-09-21T01:30:53.625349+00:00,201,31593.125,
2026-09-21T01:30:40.139611+00:00,201,45081.445,
2026-09-21T01:30:41.784198+00:00,201,43445.353,
2026-09-21T01:31:17.628633+00:00,201,7616.261,
2026-09-21T01:31:04.862356+00:00,201,20386.657,
2026-09-21T01:31:01.301634+00:00,201,23952.583,
2026-09-21T01:30:16.240661+00:00,201,69018.221,
2026-09-21T01:31:23.214413+00:00,201,2058.835,
2026-09-21T01:30:44.204071+00:00,201,41082.779,
2026-09-21T01:31:18.588827+00:00,201,6700.929,
2026-09-21T01:30:51.133903+00:00,201,34171.909,
2026-09-21T01:30:31.661747+00:00,201,53653.532,
2026-09-21T01:30:03.930565+00:00,201,81388.264,
2026-09-21T01:30:45.516917+00:00,201,39803.806,
2026-09-21T01:31:07.291581+00:00,201,18039.084,
2026-09-21T01:30:59.663889+00:00,201,25689.965,
2026-09-21T01:30:59.617453+00:00,201,25759.397,
2026-09-21T01:31:12.004230+00:00,201,13373.895,
2026-09-21T01:30:15.674725+00:00,201,69715.622,
2026-09-21T01:30:40.883537+00:00,201,44535.806,
2026-09-21T01:30:47.684674+00:00,201,37764.268,
2026-09-21T01:30:50.278779+00:00,201,35190.44,
2026-09-21T01:30:26.511740+00:00,201,58958.688,
2026-09-21T01:30:45.180695+00:00,201,40305.721,
2026-09-21T01:31:12.914692+00:00,201,12587.086,
2026-09-21T01:31:05.010725+00:00,201,20508.702,
2026-09-21T01:30:20.911774+00:00,201,64626.612,
2026-09-21T01:30:48.833623+00:00,201,36731.903,
2026-09-21T01:30:49.831385+00:00,201,35742.164,
2026-09-21T01:31:19.071227+00:00,201,6503.649,
2026-09-21T01:30:46.327165+00:00,201,39274.955,
2026-09-21T01:30:15.245502+00:00,201,70359.643,
2026-09-21T01:31:19.190250+00:00,201,6416.392,
2026-09-21T01:31:03.099458+00:00,201,22517.901,
2026-09-21T01:30:44.581579+00:00,201,41038.501,
2026-09-21T01:30:23.230739+00:00,201,62397.744,
2026-09-21T01:30:36.662781+00:00,201,48967.259,
2026-09-21T01:30:03.677998+00:00,201,81957.991,
2026-09-21T01:29:37.385854+00:00,201,108274.551,
2026-09-21T01:29:35.809341+00:00,201,109855.45,
2026-09-21T01:30:40.913615+00:00,201,44754.163,
2026-09-21T01:30:44.318169+00:00,201,41377.828,
2026-09-21T01:30:44.323079+00:00,201,41405.662,
2026-09-21T01:30:46.135295+00:00,201,39626.486,
2026-09-21T01:29:59.515137+00:00,201,86250.493,
2026-09-21T01:31:25.406902+00:00,201,360.363,
2026-09-21T01:31:21.267170+00:00,201,4515.585,
2026-09-21T01:31:04.569762+00:00,201,21247.536,
2026-09-21T01:31:25.142339+00:00,201,680.458,
2026-09-21T01:30:48.166024+00:00,201,37658.417,
2026-09-21T01:31:00.675255+00:00,201,25154.02,
2026-09-21T01:30:40.773999+00:00,201,45073.265,
2026-09-21T01:31:19.490898+00:00,201,6379.611,
2026-09-21T01:31:19.560082+00:00,201,6324.285,
2026-09-21T01:31:23.285793+00:00,201,2599.964,
2026-09-21T01:30:50.805369+00:00,201,35090.164,
2026-09-21T01:31:02.068304+00:00,201,23849.144,
2026-09-21T01:30:44.282799+00:00,201,41641.712,
2026-09-21T01:31:03.760892+00:00,201,22166.266,
2026-09-21T01:31:25.565603+00:00,201,374.685,
2026-09-21T01:31:23.276300+00:00,201,2672.64,
2026-09-21T01:31:13.085226+00:00,201,12872.698,
2026-09-21T01:31:04.264615+00:00,201,21698.698,
2026-09-21T01:30:59.446492+00:00,201,26535.099,
2026-09-21T01:31:17.555147+00:00,201,8428.675,
2026-09-21T01:29:53.865484+00:00,201,92164.178,
2026-09-21T01:30:28.276735+00:00,201,57773.132,
2026-09-21T01:31:23.279226+00:00,201,2789.967,
2026-09-21T01:31:06.883590+00:00,201,19189.017,
2026-09-21T01:31:25.761865+00:00,201,338.173,
2026-09-21T01:30:21.354881+00:00,201,64749.483,
2026-09-21T01:31:19.103403+00:00,201,7019.618,
2026-09-21T01:30:10.189756+00:00,201,75945.651,
2026-09-21T01:31:06.988865+00:00,201,19167.856,
2026-09-21T01:31:15.720393+00:00,201,10445.051,
2026-09-21T01:29:47.388587+00:00,201,98788.609,
2026-09-21T01:30:51.254738+00:00,201,34926.724,
2026-09-21T01:31:03.582594+00:00,201,22607.425,
2026-09-21T01:31:15.899522+00:00,201,10299.549,
2026-09-21T01:31:13.584384+00:00,201,12633.68,
2026-09-21T01:30:10.077230+00:00,201,76148.178,
2026-09-21T01:31:08.213395+00:00,201,18024.421,
2026-09-21T01:30:32.786349+00:00,201,53468.837,
2026-09-21T01:30:57.336254+00:00,201,28937.465,
2026-09-21T01:30:46.727497+00:00,201,39550.376,
2026-09-21T01:31:22.039004+00:00,201,4248.86,
2026-09-21T01:30:39.283719+00:00,201,47021.014,
2026-09-21T01:31:10.702785+00:00,201,15615.191,
2026-09-21T01:31:04.385901+00:00,201,21978.959,
2026-09-21T01:31:25.706774+00:00,201,708.196,
2026-09-21T01:29:40.381422+00:00,201,106036.029,
2026-09-21T01:30:40.243683+00:00,201,46207.492,
2026-09-21T01:31:17.977879+00:00,201,8492.34,
2026-09-21T01:31:15.383319+00:00,201,11094.835,
2026-09-21T01:30:18.358538+00:00,201,68121.569,
2026-09-21T01:30:44.031605+00:00,201,42461.628,
2026-09-21T01:31:23.316052+00:00,201,3197.746,
2026-09-21T01:31:10.050148+00:00,201,16506.314,
2026-09-21T01:30:30.363760+00:00,201,56195.783,
2026-09-21T01:31:20.614755+00:00,201,5968.067,
2026-09-21T01:30:23.519465+00:00,201,63078.156,
2026-09-21T01:31:12.603316+00:00,201,14000.984,
2026-09-21T01:30:07.523015+00:00,201,79087.382,
2026-09-21T01:30:49.510886+00:00,201,37106.364,
2026-09-21T01:31:08.247216+00:00,201,18372.227,
2026-09-21T01:31:04.976726+00:00,201,21660.781,
2026-09-21T01:29:38.246680+00:00,201,108394.718,
2026-09-21T01:30:35.705970+00:00,201,50948.503,
2026-09-21T01:31:06.588070+00:00,201,20097.007,
2026-09-21T01:30:58.237088+00:00,201,28452.041,
2026-09-21T01:31:11.400507+00:00,201,15291.49,
2026-09-21T01:31:14.325724+00:00,201,12367.802,
2026-09-21T01:30:58.095431+00:00,201,28613.02,
2026-09-21T01:31:17.781696+00:00,201,8930.736,
2026-09-21T01:31:16.323082+00:00,201,10393.429,
2026-09-21T01:30:24.408614+00:00,201,62313.518,
2026-09-21T01:31:11.786583+00:00,201,14944.771,
2026-09-21T01:29:52.419948+00:00,201,94317.215,
2026-09-21T01:30:37.891620+00:00,201,48876.185,
2026-09-21T01:30:17.160010+00:00,201,69638.458,
2026-09-21T01:30:25.435777+00:00,201,61376.647,
2026-09-21T01:30:49.454941+00:00,201,37363.912,
2026-09-21T01:31:09.460930+00:00,201,17364.342,
2026-09-21T01:31:12.070440+00:00,201,14757.883,
2026-09-21T01:29:55.523862+00:00,201,91329.62,
2026-09-21T01:31:06.888736+00:00,201,19969.476,
2026-09-21T01:31:18.554230+00:00,201,8306.146,
2026-09-21T01:30:21.365722+00:00,201,65499.59,
2026-09-21T01:31:03.386528+00:00,201,23538.058,
2026-09-21T01:30:45.537749+00:00,201,41411.988,
2026-09-21T01:31:11.646143+00:00,201,15345.077,
2026-09-21T01:31:06.760543+00:00,201,20238.17,
2026-09-21T01:30:10.208308+00:00,201,76824.94,
2026-09-21T01:30:09.137393+00:00,201,77901.236,
2026-09-21T01:30:32.025329+00:00,201,55022.959,
2026-09-21T01:31:21.894102+00:00,201,5163.509,
2026-09-21T01:30:01.932666+00:00,201,85131.599,
2026-09-21T01:31:06.226259+00:00,201,20853.078,
2026-09-21T01:30:57.916299+00:00,201,29175.332,
2026-09-21T01:31:15.896352+00:00,201,11205.171,
2026-09-21T01:30:10.085189+00:00,201,77024.413,
2026-09-21T01:31:08.803508+00:00,201,18340.439,
2026-09-21T01:31:24.682964+00:00,201,2462.451,
2026-09-21T01:30:49.331979+00:00,201,37815.413,
2026-09-21T01:30:04.312786+00:00,201,82844.695,
2026-09-21T01:31:17.403117+00:00,201,9774.852,
2026-09-21T01:30:24.602052+00:00,201,62590.818,
2026-09-21T01:30:47.742584+00:00,201,39471.435,
2026-09-21T01:30:44.089444+00:00,201,43141.215,
2026-09-21T01:30:38.742706+00:00,201,48492.643,
2026-09-21T01:30:03.044264+00:00,201,84193.764,
2026-09-21T01:30:04.891634+00:00,201,82371.549,
2026-09-21T01:30:35.380834+00:00,201,51900.81,
2026-09-21T01:30:52.246666+00:00,201,35047.036,
2026-09-21T01:29:48.192313+00:00,201,99105.274,
2026-09-21T01:30:53.015267+00:00,201,34287.963,
2026-09-21T01:30:23.649139+00:00,201,63675.376,
2026-09-21T01:30:46.825465+00:00,201,40536.496,
2026-09-21T01:30:39.473339+00:00,201,47904.966,
2026-09-21T01:31:01.638168+00:00,201,25765.3,
2026-09-21T01:31:14.660903+00:00,201,12772.487,
2026-09-21T01:29:48.739744+00:00,201,98702.918,
2026-09-21T01:30:37.077866+00:00,201,50396.945,
2026-09-21T01:31:03.796395+00:00,201,23683.915,
2026-09-21T01:31:00.988492+00:00,201,26495.088,
2026-09-21T01:30:52.249150+00:00,201,35242.775,
2026-09-21T01:30:08.671049+00:00,201,78835.346,
2026-09-21T01:31:17.242596+00:00,201,10279.347,
2026-09-21T01:31:16.896376+00:00,201,10629.484,
2026-09-21T01:30:54.508176+00:00,201,33021.052,
2026-09-21T01:31:10.370079+00:00,201,17168.201,
2026-09-21T01:30:44.788650+00:00,201,42775.184,
2026-09-21T01:30:55.017269+00:00,201,32572.301,
2026-09-21T01:30:49.653285+00:00,201,37945.132,
2026-09-21T01:30:39.711562+00:00,201,47889.205,
2026-09-21T01:30:26.167730+00:00,201,61438.27,
2026-09-21T01:29:57.961518+00:00,201,89662.275,
2026-09-21T01:30:44.311719+00:00,201,43314.256,
2026-09-21T01:31:08.178542+00:00,201,19462.011,
2026-09-21T01:31:02.791082+00:00,201,24853.618,
2026-09-21T01:31:16.838339+00:00,201,10821.827,
2026-09-21T01:30:39.393664+00:00,201,48267.927,
2026-09-21T01:30:22.719785+00:00,201,64944.005,
2026-09-21T01:31:24.675516+00:00,201,3003.498,
2026-09-21T01:30:09.447737+00:00,201,78272.502,
2026-09-21T01:31:22.040527+00:00,201,5685.456,
2026-09-21T01:30:42.358180+00:00,201,45391.902,
2026-09-21T01:31:27.362045+00:00,201,398.331,
2026-09-21T01:31:00.334554+00:00,201,27452.869,
2026-09-21T01:31:11.730698+00:00,201,16073.643,
2026-09-21T01:31:16.458593+00:00,201,11354.705,
2026-09-21T01:31:27.474916+00:00,201,349.184,
2026-09-21T01:31:25.320806+00:00,201,2519.007,
2026-09-21T01:31:22.288100+00:00,201,5565.764,
2026-09-21T01:31:11.037591+00:00,201,16819.057,
2026-09-21T01:31:27.521968+00:00,201,351.68,
2026-09-21T01:31:15.194857+00:00,201,12685.777,
2026-09-21T01:30:37.665334+00:00,201,50218.147,
2026-09-21T01:31:12.240178+00:00,201,15689.922,
2026-09-21T01:30:32.676501+00:00,201,55262.109,
2026-09-21T01:30:58.263014+00:00,201,29693.418,
2026-09-21T01:30:47.582492+00:00,201,40380.513,
2026-09-21T01:31:25.602205+00:00,201,2407.835,
2026-09-21T01:31:17.188334+00:00,201,10829.591,
2026-09-21T01:30:42.863446+00:00,201,45165.008,
2026-09-21T01:30:36.547142+00:00,201,51495.073,
2026-09-21T01:30:29.285341+00:00,201,58822.149,
2026-09-21T01:30:55.166550+00:00,201,32942.432,
2026-09-21T01:31:22.399025+00:00,201,5727.101,
2026-09-21T01:31:05.676934+00:00,201,22454.811,
2026-09-21T01:29:54.607367+00:00,201,93547.537,
2026-09-21T01:31:05.876622+00:00,201,22301.064,
2026-09-21T01:30:33.061610+00:00,201,55124.388,
2026-09-21T01:30:04.139768+00:00,201,84062.225,
2026-09-21T01:30:31.790322+00:00,201,56448.562,
2026-09-21T01:31:25.643056+00:00,201,2606.728,
2026-09-21T01:31:06.416277+00:00,201,21835.646,
2026-09-21T01:31:25.737005+00:00,201,2519.265,
2026-09-21T01:30:57.180026+00:00,201,31080.45,
2026-09-21T01:30:36.200031+00:00,201,52067.742,
2026-09-21T01:31:22.790550+00:00,201,5481.12,
2026-09-21T01:31:18.194669+00:00,201,10095.881,
2026-09-21T01:31:11.568806+00:00,201,16730.261,
2026-09-21T01:30:27.630787+00:00,201,60680.953,
2026-09-21T01:31:06.019759+00:00,201,22298.723,
2026-09-21T01:30:51.017856+00:00,201,37322.112,
2026-09-21T01:31:24.393272+00:00,201,3961.322,
2026-09-21T01:31:24.586953+00:00,201,3768.953,
2026-09-21T01:30:16.989158+00:00,201,71397.681,
2026-09-21T01:30:49.030924+00:00,201,39373.122,
2026-09-21T01:30:21.496721+00:00,201,66919.568,
2026-09-21T01:30:25.044935+00:00,201,63373.825,
2026-09-21T01:30:47.464836+00:00,201,40959.545,
2026-09-21T01:31:15.123181+00:00,201,13302.659,
2026-09-21T01:30:20.075230+00:00,201,68354.046,
2026-09-21T01:31:20.901574+00:00,201,7542.501,
2026-09-21T01:30:15.499519+00:00,201,72946.618,
2026-09-21T01:30:06.480944+00:00,201,81987.638,
2026-09-21T01:30:56.724562+00:00,201,31774.481,
2026-09-21T01:30:46.040096+00:00,201,42469.835,
2026-09-21T01:31:24.326654+00:00,201,4206.668,
2026-09-21T01:30:03.150382+00:00,201,85415.705,
2026-09-21T01:30:57.826933+00:00,201,30749.859,
2026-09-21T01:31:24.288103+00:00,201,4305.902,
2026-09-21T01:29:49.778247+00:00,201,98832.798,
2026-09-21T01:30:43.344553+00:00,201,45290.067,
2026-09-21T01:30:27.531798+00:00,201,61112.923,
2026-09-21T01:31:06.151566+00:00,201,22498.288,
2026-09-21T01:31:20.957080+00:00,201,7706.33,
2026-09-21T01:31:05.474486+00:00,201,23227.189,
2026-09-21T01:31:25.353909+00:00,201,3352.193,
2026-09-21T01:30:43.411349+00:00,201,45296.038,
2026-09-21T01:31:24.687448+00:00,201,4031.344,
2026-09-21T01:30:42.062386+00:00,201,46662.596,
2026-09-21T01:30:31.739622+00:00,201,57007.32,
2026-09-21T01:30:15.833988+00:00,201,72929.389,
2026-09-21T01:30:53.377202+00:00,201,35401.699,
2026-09-21T01:30:39.606617+00:00,201,49184.429,
2026-09-21T01:30:48.992223+00:00,201,39831.053,
2026-09-21T01:31:19.715111+00:00,201,9110.257,
2026-09-21T01:31:05.071466+00:00,201,23760.4,
2026-09-21T01:31:02.185555+00:00,201,26657.37,
2026-09-21T01:29:59.431603+00:00,201,89442.834,
2026-09-21T01:31:03.754872+00:00,201,25122.615,
2026-09-21T01:30:11.795789+00:00,201,77116.398,
2026-09-21T01:31:04.481940+00:00,201,24433.45,
2026-09-21T01:30:25.850606+00:00,201,63071.908,
2026-09-21T01:31:20.589861+00:00,201,8342.428,
2026-09-21T01:30:08.784938+00:00,201,80169.232,
2026-09-21T01:30:09.467547+00:00,201,79536.578,
2026-09-21T01:31:10.661285+00:00,201,18345.883,
2026-09-21T01:31:20.158943+00:00,201,8863.025,
2026-09-21T01:30:54.957945+00:00,201,34074.234,
2026-09-21T01:31:14.862217+00:00,201,14171.598,
2026-09-21T01:31:07.062162+00:00,201,21975.468,
2026-09-21T01:30:12.250705+00:00,201,76792.76,
2026-09-21T01:30:29.660424+00:00,201,59414.716,
2026-09-21T01:30:09.469402+00:00,201,79608.435,
2026-09-21T01:30:47.958428+00:00,201,41154.046,
2026-09-21T01:31:03.994067+00:00,201,25129.67,
2026-09-21T01:30:19.061585+00:00,201,70082.625,
2026-09-21T01:31:23.779133+00:00,201,5373.165,
2026-09-21T01:30:30.205360+00:00,201,58957.521,
2026-09-21T01:30:53.118335+00:00,201,36070.909,
2026-09-21T01:30:49.401350+00:00,201,39821.599,
2026-09-21T01:30:43.187579+00:00,201,46036.75,
2026-09-21T01:31:08.585286+00:00,201,20651.917,
2026-09-21T01:31:26.069203+00:00,201,3182.949,
2026-09-21T01:31:24.465625+00:00,201,4792.709,
2026-09-21T01:30:51.925839+00:00,201,37334.694,
2026-09-21T01:31:07.378959+00:00,201,21893.0,
2026-09-21T01:31:17.375865+00:00,201,11901.308,
2026-09-21T01:31:05.262117+00:00,201,24022.824,
2026-09-21T01:30:59.433552+00:00,201,29867.526,
2026-09-21T01:31:07.979381+00:00,201,21339.009,
2026-09-21T01:29:56.712522+00:00,201,92624.697,
2026-09-21T01:30:45.223862+00:00,201,44141.014,
2026-09-21T01:31:03.404893+00:00,201,25969.573,
2026-09-21T01:31:16.073323+00:00,201,13336.894,
2026-09-21T01:31:18.151790+00:00,201,11286.184,
2026-09-21T01:31:10.727986+00:00,201,18726.27,
2026-09-21T01:30:49.830754+00:00,201,39650.144,
2026-09-21T01:31:13.486546+00:00,201,15997.876,
2026-09-21T01:31:17.047819+00:00,201,12458.111,
2026-09-21T01:31:12.037468+00:00,201,17471.273,
2026-09-21T01:30:38.178629+00:00,201,51347.121,
2026-09-21T01:31:13.282945+00:00,201,16275.967,
2026-09-21T01:31:13.035793+00:00,201,16543.234,
2026-09-21T01:30:35.701207+00:00,201,53880.387,
2026-09-21T01:31:29.223033+00:00,201,364.027,
2026-09-21T01:30:45.437533+00:00,201,44150.892,
2026-09-21T01:31:07.952605+00:00,201,21645.012,
2026-09-21T01:30:25.178371+00:00,201,64427.067,
2026-09-21T01:30:46.491758+00:00,201,43116.028,
2026-09-21T01:29:57.627213+00:00,201,91990.416,
2026-09-21T01:30:22.191302+00:00,201,67440.927,
2026-09-21T01:31:17.073543+00:00,201,12584.19,
2026-09-21T01:31:24.228513+00:00,201,5441.682,
2026-09-21T01:30:15.941451+00:00,201,73748.426,
2026-09-21T01:31:08.415244+00:00,201,21305.722,
2026-09-21T01:29:50.020546+00:00,201,99738.409,
2026-09-21T01:30:32.041225+00:00,201,57734.089,
2026-09-21T01:29:47.402691+00:00,201,102381.968,
2026-09-21T01:30:18.057497+00:00,201,71733.509,
2026-09-21T01:29:44.120321+00:00,201,105702.557,
2026-09-21T01:31:18.960242+00:00,201,10864.249,
2026-09-21T01:30:24.019893+00:00,201,65807.143,
2026-09-21T01:30:43.984219+00:00,201,45858.742,
2026-09-21T01:31:03.300148+00:00,201,26571.144,
2026-09-21T01:30:46.989921+00:00,201,42884.949,
2026-09-21T01:30:54.938234+00:00,201,34940.488,
2026-09-21T01:30:47.288539+00:00,201,42591.534,
2026-09-21T01:30:47.919931+00:00,201,41965.561,
2026-09-21T01:31:29.438000+00:00,201,451.9,
2026-09-21T01:31:28.823359+00:00,201,1068.097,
2026-09-21T01:30:49.232925+00:00,201,40705.663,
2026-09-21T01:31:23.044398+00:00,201,6906.617,
2026-09-21T01:29:55.820627+00:00,201,94144.089,
2026-09-21T01:31:22.599895+00:00,201,7388.133,
2026-09-21T01:30:27.713116+00:00,201,62278.538,
2026-09-21T01:30:40.624390+00:00,201,49375.531,
2026-09-21T01:30:24.560546+00:00,201,65446.881,
2026-09-21T01:31:03.202344+00:00,201,26827.733,
2026-09-21T01:29:51.258494+00:00,201,98776.129,
2026-09-21T01:30:59.312978+00:00,201,30735.785,
2026-09-21T01:30:22.403560+00:00,201,67683.675,
2026-09-21T01:31:06.482584+00:00,201,23649.201,
2026-09-21T01:31:17.114613+00:00,201,13034.671,
2026-09-21T01:30:44.731519+00:00,201,45454.554,
2026-09-21T01:31:25.957954+00:00,201,4234.97,
2026-09-21T01:30:52.724015+00:00,201,37476.25,
2026-09-21T01:31:20.975419+00:00,201,9239.41,
2026-09-21T01:30:32.587065+00:00,201,57641.686,
2026-09-21T01:30:32.038608+00:00,201,58191.391,
2026-09-21T01:31:11.836384+00:00,201,18427.64,
2026-09-21T01:31:12.097192+00:00,201,18175.99,
2026-09-21T01:30:29.769754+00:00,201,60512.688,
2026-09-21T01:31:29.653138+00:00,201,631.929,
2026-09-21T01:31:09.301905+00:00,201,20991.616,
2026-09-21T01:31:08.837529+00:00,201,21485.465,
2026-09-21T01:31:09.587649+00:00,201,20738.82,
2026-09-21T01:30:17.210958+00:00,201,73133.984,
2026-09-21T01:30:39.708210+00:00,201,50644.256,
2026-09-21T01:31:02.611281+00:00,201,27748.634,
2026-09-21T01:31:02.197819+00:00,201,28179.929,
2026-09-21T01:30:00.637634+00:00,201,89743.183,
2026-09-21T01:31:27.378404+00:00,201,3009.984,
2026-09-21T01:30:15.951595+00:00,201,74440.964,
2026-09-21T01:31:02.114997+00:00,201,28280.201,
2026-09-21T01:31:10.420449+00:00,201,19977.381,
2026-09-21T01:30:57.605368+00:00,201,32793.833,
2026-09-21T01:30:31.366919+00:00,201,59035.086,
2026-09-21T01:31:26.360975+00:00,201,4064.781,
2026-09-21T01:30:34.660625+00:00,201,55796.132,
2026-09-21T01:31:01.152162+00:00,201,29307.575,
2026-09-21T01:31:05.534483+00:00,201,24927.209,
2026-09-21T01:30:59.800061+00:00,201,30664.165,
2026-09-21T01:29:49.876822+00:00,201,100595.247,
2026-09-21T01:31:21.368214+00:00,201,9132.582,
2026-09-21T01:29:50.710580+00:00,201,99810.174,
2026-09-21T01:31:21.559236+00:00,201,8983.578,
2026-09-21T01:30:42.475067+00:00,201,48094.157,
2026-09-21T01:31:08.654084+00:00,201,21918.326,
2026-09-21T01:31:27.210837+00:00,201,3377.899,
2026-09-21T01:31:30.256161+00:00,201,348.151,
2026-09-21T01:31:07.878434+00:00,201,22737.48,
2026-09-21T01:31:23.074136+00:00,201,7543.024,
2026-09-21T01:31:11.420496+00:00,201,19210.989,
2026-09-21T01:31:27.606126+00:00,201,3029.085,
2026-09-21T01:31:02.606414+00:00,201,28058.262,
2026-09-21T01:29:57.246701+00:00,201,93419.684,
2026-09-21T01:31:04.520507+00:00,201,26160.257,
2026-09-21T01:30:16.009505+00:00,201,74686.161,
2026-09-21T01:30:56.396664+00:00,201,34346.712,
2026-09-21T01:30:22.268067+00:00,201,68488.907,
2026-09-21T01:30:44.539162+00:00,201,46225.772,
2026-09-21T01:30:18.314657+00:00,201,72466.604,
2026-09-21T01:31:25.449021+00:00,201,5343.351,
2026-09-21T01:31:19.612280+00:00,201,11186.35,
2026-09-21T01:30:37.309523+00:00,201,53491.515,
2026-09-21T01:31:00.487128+00:00,201,30328.029,
2026-09-21T01:31:27.660191+00:00,201,3156.421,
2026-09-21T01:31:27.145423+00:00,201,3675.886,
2026-09-21T01:30:31.652403+00:00,201,59191.239,
2026-09-21T01:30:17.878922+00:00,201,72968.657,
2026-09-21T01:31:10.015663+00:00,201,20841.185,
2026-09-21T01:31:13.032752+00:00,201,17829.22,
2026-09-21T01:30:39.821232+00:00,201,51050.804,
2026-09-21T01:30:33.248704+00:00,201,57648.46,
2026-09-21T01:30:50.919881+00:00,201,39984.212,
2026-09-21T01:31:27.210037+00:00,201,3716.581,
2026-09-21T01:31:05.348706+00:00,201,25582.992,
2026-09-21T01:30:15.721040+00:00,201,75219.683,
2026-09-21T01:30:37.175648+00:00,201,53769.474,
2026-09-21T01:30:13.869012+00:00,201,77083.31,
2026-09-21T01:30:25.547614+00:00,201,65446.749,
2026-09-21T01:30:00.272899+00:00,201,90739.245,
2026-09-21T01:30:59.487731+00:00,201,31554.55,
2026-09-21T01:31:27.293776+00:00,201,3757.859,
2026-09-21T01:30:51.577275+00:00,201,39480.487,
2026-09-21T01:31:11.843733+00:00,201,19226.98,
2026-09-21T01:29:56.196208+00:00,201,94904.249,
2026-09-21T01:31:18.916790+00:00,201,12198.897,
2026-09-21T01:31:28.985103+00:00,201,2139.222,
2026-09-21T01:31:12.531002+00:00,201,18598.211,
2026-09-21T01:30:17.465282+00:00,201,73681.016,
2026-09-21T01:30:58.026411+00:00,201,33122.607,
2026-09-21T01:30:45.508504+00:00,201,45651.179,
2026-09-21T01:31:21.829696+00:00,201,9346.549,
2026-09-21T01:30:02.070887+00:00,201,89130.464,
2026-09-21T01:31:19.046786+00:00,201,12169.314,
2026-09-21T01:31:07.783385+00:00,201,23436.652,
2026-09-21T01:30:06.689565+00:00,201,84540.582,
2026-09-21T01:31:14.545464+00:00,201,16690.205,
2026-09-21T01:29:42.640424+00:00,201,108619.018,
2026-09-21T01:30:22.019317+00:00,201,69254.885,
2026-09-21T01:31:18.683359+00:00,201,12614.276,
2026-09-21T01:30:38.604161+00:00,201,52695.406,
2026-09-21T01:31:18.019782+00:00,201,13293.099,
2026-09-21T01:30:02.333508+00:00,201,88997.158,
2026-09-21T01:30:49.572321+00:00,201,41778.071,
2026-09-21T01:31:21.597138+00:00,201,9760.812,
2026-09-21T01:30:00.937178+00:00,201,90425.284,
2026-09-21T01:31:27.792673+00:00,201,3576.045,
2026-09-21T01:31:31.042348+00:00,201,385.277,
2026-09-21T01:30:47.201803+00:00,201,44241.519,
2026-09-21T01:30:23.008402+00:00,201,68448.735,
2026-09-21T01:30:15.407490+00:00,201,76075.193,
2026-09-21T01:31:31.100651+00:00,201,387.989,
2026-09-21T01:30:23.426090+00:00,201,68075.881,
2026-09-21T01:31:23.643976+00:00,201,7890.553,
2026-09-21T01:31:18.478044+00:00,201,13058.39,
2026-09-21T01:30:59.001109+00:00,201,32542.681,
2026-09-21T01:30:30.647654+00:00,201,60923.041,
2026-09-21T01:30:50.381921+00:00,201,41219.584,
2026-09-21T01:31:25.617407+00:00,201,6045.068,
2026-09-21T01:31:30.765030+00:00,201,914.633,
2026-09-21T01:30:32.699674+00:00,201,58988.01,
2026-09-21T01:31:22.937557+00:00,201,8921.776,
2026-09-21T01:31:30.986237+00:00,201,890.125,
2026-09-21T01:31:27.793456+00:00,201,4111.814,
2026-09-21T01:30:59.968433+00:00,201,31953.553,
2026-09-21T01:30:56.389404+00:00,201,35553.062,
2026-09-21T01:31:11.279841+00:00,201,20671.889,
2026-09-21T01:31:27.988717+00:00,201,3967.833,
2026-09-21T01:30:09.963669+00:00,201,81995.88,
2026-09-21T01:31:25.254269+00:00,201,6709.342,
2026-09-21T01:30:22.121968+00:00,201,69848.335,
2026-09-21T01:31:07.888682+00:00,201,24093.193,
2026-09-21T01:31:22.793869+00:00,201,9196.574,
2026-09-21T01:30:36.969986+00:00,201,55033.267,
2026-09-21T01:31:19.554177+00:00,201,12451.778,
2026-09-21T01:29:55.367508+00:00,201,96695.601,
2026-09-21T01:31:29.505959+00:00,201,2562.605,
2026-09-21T01:30:51.693901+00:00,201,40380.556,
2026-09-21T01:30:18.790731+00:00,201,73300.135,
2026-09-21T01:30:02.524102+00:00,201,89575.135,
2026-09-21T01:31:06.721811+00:00,201,25379.412,
2026-09-21T01:30:20.631689+00:00,201,71477.589,
2026-09-21T01:31:12.938030+00:00,201,19196.879,
2026-09-21T01:31:02.517724+00:00,201,29653.446,
2026-09-21T01:30:24.585193+00:00,201,67587.571,
2026-09-21T01:31:03.000103+00:00,201,29178.32,
2026-09-21T01:31:07.161983+00:00,201,25040.391,
2026-09-21T01:30:18.365125+00:00,201,73842.286,
2026-09-21T01:30:48.821671+00:00,201,43387.644,
2026-09-21T01:31:22.019989+00:00,201,10199.165,
2026-09-21T01:29:59.053442+00:00,201,93169.18,
2026-09-21T01:30:24.259093+00:00,201,67979.178,
2026-09-21T01:31:25.205545+00:00,201,7038.685,
2026-09-21T01:31:19.098066+00:00,201,13147.509,
2026-09-21T01:30:19.079730+00:00,201,73171.866,
2026-09-21T01:30:57.467697+00:00,201,34785.326,
2026-09-21T01:31:13.994797+00:00,201,18286.353,
2026-09-21T01:31:06.483198+00:00,201,25801.83,
2026-09-21T01:29:51.783733+00:00,201,100521.543,
2026-09-21T01:31:04.118692+00:00,201,28207.586,
2026-09-21T01:30:40.389484+00:00,201,51944.703,
2026-09-21T01:30:54.376178+00:00,201,37961.815,
2026-09-21T01:30:50.510517+00:00,201,41838.509,
2026-09-21T01:30:02.620993+00:00,201,89731.361,
2026-09-21T01:31:03.482435+00:00,201,28874.406,
2026-09-21T01:31:18.560093+00:00,201,13804.693,
2026-09-21T01:30:43.617549+00:00,201,48755.105,
2026-09-21T01:30:18.039194+00:00,201,74334.886,
2026-09-21T01:31:05.803728+00:00,201,26571.985,
2026-09-21T01:30:16.509253+00:00,201,75872.574,
2026-09-21T01:31:02.759818+00:00,201,29644.061,
2026-09-21T01:30:58.830527+00:00,201,33577.163,
2026-09-21T01:31:03.823985+00:00,201,28613.976,
2026-09-21T01:31:00.711972+00:00,201,31745.501,
2026-09-21T01:30:45.832040+00:00,201,46649.724,
2026-09-21T01:30:09.359762+00:00,201,83123.305,
2026-09-21T01:31:20.798446+00:00,201,11703.26,
2026-09-21T01:31:15.019504+00:00,201,17495.535,
2026-09-21T01:31:12.185896+00:00,201,20335.721,
2026-09-21T01:31:31.430053+00:00,201,1102.673,
2026-09-21T01:30:03.223375+00:00,201,89354.691,
2026-09-21T01:31:19.422273+00:00,201,13202.456,
2026-09-21T01:30:58.596419+00:00,201,34037.979,
2026-09-21T01:30:57.277910+00:00,201,35396.032,
2026-09-21T01:30:48.272043+00:00,201,44430.261,
2026-09-21T01:31:25.315391+00:00,201,7436.2,
2026-09-21T01:30:53.507626+00:00,201,39289.27,
2026-09-21T01:31:19.389536+00:00,201,13453.094,
2026-09-21T01:31:28.791148+00:00,201,4052.745,
2026-09-21T01:31:13.461498+00:00,201,19384.708,
2026-09-21T01:31:06.958508+00:00,201,25890.085,
2026-09-21T01:29:54.652771+00:00,201,98215.248,
2026-09-21T01:30:22.820650+00:00,201,70052.828,
2026-09-21T01:31:11.911753+00:00,201,20970.041,
2026-09-21T01:30:43.680135+00:00,201,49202.944,
2026-09-21T01:30:50.158517+00:00,201,42735.967,
2026-09-21T01:30:27.301599+00:00,201,65601.777,
2026-09-21T01:31:15.558959+00:00,201,17346.085,
2026-09-21T01:30:30.249849+00:00,201,62666.811,
2026-09-21T01:31:00.112771+00:00,201,32805.95,
2026-09-21T01:31:21.895540+00:00,201,11026.715,
2026-09-21T01:31:09.989261+00:00,201,22973.995,
2026-09-21T01:31:05.487289+00:00,201,27482.732,
2026-09-21T01:30:37.247589+00:00,201,55751.045,
2026-09-21T01:30:16.625484+00:00,201,76382.184,
2026-09-21T01:31:32.281941+00:00,201,732.248,
2026-09-21T01:30:32.043811+00:00,201,60997.416,
2026-09-21T01:31:12.602413+00:00,201,20443.932,
2026-09-21T01:31:32.674016+00:00,201,382.046,
2026-09-21T01:31:26.165469+00:00,201,6901.231,
2026-09-21T01:30:34.558159+00:00,201,58513.019,
2026-09-21T01:30:52.005485+00:00,201,41094.703,
2026-09-21T01:30:39.559834+00:00,201,53555.966,
2026-09-21T01:30:51.704563+00:00,201,41418.018,
2026-09-21T01:30:48.775246+00:00,201,44380.734,
2026-09-21T01:31:08.996220+00:00,201,24180.652,
2026-09-21T01:31:21.694241+00:00,201,11494.196,
2026-09-21T01:31:05.265303+00:00,201,27944.811,
2026-09-21T01:31:23.024225+00:00,201,10192.576,
2026-09-21T01:31:19.041948+00:00,201,14190.552,
2026-09-21T01:30:24.415065+00:00,201,68835.618,
2026-09-21T01:30:11.778695+00:00,201,81476.895,
2026-09-21T01:30:50.444625+00:00,201,42817.274,
2026-09-21T01:30:36.860539+00:00,201,56410.51,
2026-09-21T01:31:02.333640+00:00,201,30948.099,
2026-09-21T01:31:30.500817+00:00,201,2789.242,
2026-09-21T01:31:28.768165+00:00,201,4526.0,
2026-09-21T01:31:03.887923+00:00,201,29421.714,
2026-09-21T01:30:13.712559+00:00,201,79601.891,
2026-09-21T01:29:55.621027+00:00,201,97708.172,
2026-09-21T01:31:14.834479+00:00,201,18498.728,
2026-09-21T01:31:15.354842+00:00,201,17995.752,
2026-09-21T01:31:32.171233+00:00,201,1187.005,
2026-09-21T01:31:18.462194+00:00,201,14910.765,
2026-09-21T01:31:30.464291+00:00,201,2914.094,
2026-09-21T01:30:19.360425+00:00,201,74027.478,
2026-09-21T01:30:13.044218+00:00,201,80367.828,
2026-09-21T01:30:19.511023+00:00,201,73913.628,
2026-09-21T01:30:17.176059+00:00,201,76257.559,
2026-09-21T01:31:08.186762+00:00,201,25255.559,
2026-09-21T01:29:46.985697+00:00,201,106461.319,
2026-09-21T01:31:28.856930+00:00,201,4619.099,
2026-09-21T01:30:21.070907+00:00,201,72410.061,
2026-09-21T01:31:27.958717+00:00,201,5549.229,
2026-09-21T01:31:11.261590+00:00,201,22252.1,
2026-09-21T01:30:40.946999+00:00,201,52569.244,
2026-09-21T01:31:04.080852+00:00,201,29441.946,
2026-09-21T01:31:04.379019+00:00,201,29149.991,
2026-09-21T01:31:26.693554+00:00,201,6855.453,
2026-09-21T01:31:25.630141+00:00,201,7950.823,
2026-09-21T01:30:20.908189+00:00,201,72675.185,
2026-09-21T01:30:02.676875+00:00,201,90920.641,
2026-09-21T01:30:08.199703+00:00,201,85404.121,
2026-09-21T01:31:27.963090+00:00,201,5642.382,
2026-09-21T01:30:37.249625+00:00,201,56391.754,
2026-09-21T01:30:47.207205+00:00,201,46448.969,
2026-09-21T01:30:44.928110+00:00,201,48748.253,
2026-09-21T01:30:43.521119+00:00,201,50164.99,
2026-09-21T01:31:03.583489+00:00,201,30113.672,
2026-09-21T01:30:25.759677+00:00,201,67964.461,
2026-09-21T01:31:33.378395+00:00,201,359.89,
2026-09-21T01:30:37.417988+00:00,201,56329.659,
2026-09-21T01:30:33.862565+00:00,201,59894.616,
2026-09-21T01:30:53.030788+00:00,201,40747.4,
2026-09-21T01:30:28.236288+00:00,201,65556.349,
2026-09-21T01:31:17.684182+00:00,201,16117.374,
2026-09-21T01:31:30.749464+00:00,201,3064.059,
2026-09-21T01:30:51.081182+00:00,201,42747.5,
2026-09-21T01:31:06.276027+00:00,201,27553.922,
2026-09-21T01:31:30.776333+00:00,201,3054.97,
2026-09-21T01:31:16.013992+00:00,201,17818.601,
2026-09-21T01:31:18.060361+00:00,201,15773.624,
2026-09-21T01:30:31.290539+00:00,201,62548.655,
2026-09-21T01:31:09.582596+00:00,201,24260.712,
2026-09-21T01:31:23.215969+00:00,201,10633.704,
2026-09-21T01:31:22.974523+00:00,201,10894.379,
2026-09-21T01:31:26.610559+00:00,201,7266.535,
2026-09-21T01:30:07.519581+00:00,201,86360.902,
2026-09-21T01:31:00.531068+00:00,201,33365.325,
2026-09-21T01:30:40.567925+00:00,201,53362.067,
2026-09-21T01:30:57.600354+00:00,201,36331.709,
2026-09-21T01:30:45.076163+00:00,201,48871.695,
2026-09-21T01:31:16.991706+00:00,201,16986.345,
2026-09-21T01:30:03.477462+00:00,201,90520.41,
2026-09-21T01:30:43.174581+00:00,201,50825.15,
2026-09-21T01:31:03.947366+00:00,201,30080.439,
2026-09-21T01:31:20.819753+00:00,201,13217.705,
2026-09-21T01:31:30.456871+00:00,201,3590.18,
2026-09-21T01:30:36.645033+00:00,201,57404.783,
2026-09-21T01:31:24.830873+00:00,201,9223.531,
2026-09-21T01:31:33.676464+00:00,201,379.553,
2026-09-21T01:30:41.817158+00:00,201,52240.389,
2026-09-21T01:31:11.045234+00:00,201,23042.498,
2026-09-21T01:29:40.603036+00:00,201,113488.263,
2026-09-21T01:30:21.642075+00:00,201,72465.628,
2026-09-21T01:30:57.601504+00:00,201,36567.789,
2026-09-21T01:30:23.240262+00:00,201,70943.425,
2026-09-21T01:31:26.104496+00:00,201,8095.651,
2026-09-21T01:31:29.293290+00:00,201,4925.851,
2026-09-21T01:31:11.215066+00:00,201,23012.982,
2026-09-21T01:31:31.534548+00:00,201,2703.896,
2026-09-21T01:31:06.150390+00:00,201,28093.63,
2026-09-21T01:31:04.740015+00:00,201,29508.305,
2026-09-21T01:31:13.444177+00:00,201,20811.06,
2026-09-21T01:31:19.814070+00:00,201,14464.61,
2026-09-21T01:31:12.993719+00:00,201,21326.957,
2026-09-21T01:31:31.235706+00:00,201,3090.215,
2026-09-21T01:31:29.922829+00:00,201,4433.26,
2026-09-21T01:31:25.378156+00:00,201,8992.439,
2026-09-21T01:31:19.151178+00:00,201,15231.245,
2026-09-21T01:31:07.208481+00:00,201,27183.895,
2026-09-21T01:31:13.078478+00:00,201,21323.263,
2026-09-21T01:30:48.631953+00:00,201,45788.432,
2026-09-21T01:31:16.495289+00:00,201,17934.626,
2026-09-21T01:31:16.813264+00:00,201,17631.069,
2026-09-21T01:30:03.878179+00:00,201,90580.946,
2026-09-21T01:31:23.509359+00:00,201,10951.594,
2026-09-21T01:31:06.286835+00:00,201,28186.82,
2026-09-21T01:30:23.671174+00:00,201,70821.872,
2026-09-21T01:30:23.290939+00:00,201,71230.391,
2026-09-21T01:29:43.164319+00:00,201,111359.24,
2026-09-21T01:31:18.901971+00:00,201,15626.294,
2026-09-21T01:31:16.610227+00:00,201,17931.76,
2026-09-21T01:31:17.531264+00:00,201,17081.373,
2026-09-21T01:30:59.139916+00:00,201,35492.384,
2026-09-21T01:31:15.849810+00:00,201,18818.392,
2026-09-21T01:30:33.430641+00:00,201,61244.346,
2026-09-21T01:29:54.055567+00:00,201,100639.795,
2026-09-21T01:31:09.710159+00:00,201,25041.581,
2026-09-21T01:30:31.773700+00:00,201,63006.273,
2026-09-21T01:31:17.229935+00:00,201,17603.37,
2026-09-21T01:31:32.143330+00:00,201,2705.119,
2026-09-21T01:30:19.215065+00:00,201,75657.142,
2026-09-21T01:30:22.793813+00:00,201,72093.169,
2026-09-21T01:31:27.762993+00:00,201,7147.499,
2026-09-21T01:30:09.075380+00:00,201,85858.288,
2026-09-21T01:31:16.235390+00:00,201,18720.777,
2026-09-21T01:31:11.276645+00:00,201,23684.83,
2026-09-21T01:30:24.933870+00:00,201,70028.992,
2026-09-21T01:30:58.215883+00:00,201,36749.879,
2026-09-21T01:30:50.364402+00:00,201,44610.08,
2026-09-21T01:31:32.172902+00:00,201,2827.591,
2026-09-21T01:31:21.274468+00:00,201,13730.313,
2026-09-21T01:30:23.641533+00:00,201,71393.202,
2026-09-21T01:30:57.524170+00:00,201,37516.054,
2026-09-21T01:31:14.748489+00:00,201,20311.318,
2026-09-21T01:30:56.391775+00:00,201,38669.577,
2026-09-21T01:30:48.397666+00:00,201,46674.195,
2026-09-21T01:31:31.549992+00:00,201,3524.731,
2026-09-21T01:31:15.452891+00:00,201,19626.254,
2026-09-21T01:30:10.198946+00:00,201,84892.459,
2026-09-21T01:30:45.746149+00:00,201,49430.743,
2026-09-21T01:31:03.997411+00:00,201,31195.973,
2026-09-21T01:31:34.751795+00:00,201,483.671,
2026-09-21T01:31:28.922643+00:00,201,6343.275,
2026-09-21T01:31:34.780103+00:00,201,493.446,
2026-09-21T01:31:33.158125+00:00,201,2155.727,
2026-09-21T01:30:09.817775+00:00,201,85509.98,
2026-09-21T01:30:01.164291+00:00,201,94171.203,
2026-09-21T01:31:28.747059+00:00,201,6598.848,
2026-09-21T01:31:10.106631+00:00,201,25243.738,
2026-09-21T01:31:07.295026+00:00,201,28072.428,
2026-09-21T01:30:35.232958+00:00,201,60141.471,
2026-09-21T01:31:22.210562+00:00,201,13195.715,
2026-09-21T01:31:12.282119+00:00,201,23174.113,
2026-09-21T01:30:25.919282+00:00,201,69566.066,
2026-09-21T01:31:34.582360+00:00,201,913.877,
2026-09-21T01:31:35.004812+00:00,201,533.268,
2026-09-21T01:31:33.325233+00:00,201,2216.757,
2026-09-21T01:31:06.530573+00:00,201,29053.388,
2026-09-21T01:30:37.182453+00:00,201,58406.429,
2026-09-21T01:31:26.985090+00:00,201,8609.371,
2026-09-21T01:30:03.155094+00:00,201,92445.295,
2026-09-21T01:31:06.829629+00:00,201,28774.795,
2026-09-21T01:31:33.131405+00:00,201,2478.319,
2026-09-21T01:31:28.826370+00:00,201,6800.416,
2026-09-21T01:30:28.701535+00:00,201,66932.529,
2026-09-21T01:30:35.313029+00:00,201,60329.623,
2026-09-21T01:31:33.333248+00:00,201,2314.321,
2026-09-21T01:30:53.802309+00:00,201,41846.895,
2026-09-21T01:31:03.225333+00:00,201,32441.546,
2026-09-21T01:31:30.952480+00:00,201,4737.343,
2026-09-21T01:30:46.296373+00:00,201,49403.357,
2026-09-21T01:31:13.483343+00:00,201,22225.808,
2026-09-21T01:30:46.737976+00:00,201,48974.927,
2026-09-21T01:31:13.675989+00:00,201,22040.825,
2026-09-21T01:30:01.753367+00:00,201,93973.95,
2026-09-21T01:30:46.697085+00:00,201,49036.744,
2026-09-21T01:29:58.304972+00:00,201,97439.074,
2026-09-21T01:31:28.019103+00:00,201,7760.369,
2026-09-21T01:31:14.634707+00:00,201,21179.388,
2026-09-21T01:30:11.464034+00:00,201,84415.526,
2026-09-21T01:31:32.964834+00:00,201,2931.646,
2026-09-21T01:31:05.729329+00:00,201,30170.657,
2026-09-21T01:31:34.158613+00:00,201,1756.492,
2026-09-21T01:31:10.503202+00:00,201,25443.26,
2026-09-21T01:31:03.815075+00:00,201,32148.824,
2026-09-21T01:30:56.633766+00:00,201,39335.817,
2026-09-21T01:31:02.523059+00:00,201,33451.126,
2026-09-21T01:31:29.277201+00:00,201,6719.649,
2026-09-21T01:30:59.019491+00:00,201,36986.642,
2026-09-21T01:30:03.127121+00:00,201,92880.397,
2026-09-21T01:31:19.423818+00:00,201,16586.368,
2026-09-21T01:31:07.103581+00:00,201,28922.163,
2026-09-21T01:30:21.918888+00:00,201,74110.656,
2026-09-21T01:30:29.993347+00:00,201,66050.103,
2026-09-21T01:31:10.925565+00:00,201,25119.631,
2026-09-21T01:31:27.883584+00:00,201,8188.075,
2026-09-21T01:30:26.492598+00:00,201,69607.566,
2026-09-21T01:31:10.048884+00:00,201,26092.313,
2026-09-21T01:31:27.033406+00:00,201,9112.238,
2026-09-21T01:31:02.267595+00:00,201,33888.382,
2026-09-21T01:31:28.354606+00:00,201,7828.126,
2026-09-21T01:30:41.265864+00:00,201,54930.704,
2026-09-21T01:31:29.353276+00:00,201,6897.753,
2026-09-21T01:31:01.852768+00:00,201,34424.033,
2026-09-21T01:30:07.225356+00:00,201,89056.247,
2026-09-21T01:29:49.282700+00:00,201,107006.65,
2026-09-21T01:31:25.193575+00:00,201,11122.25,
2026-09-21T01:31:20.057425+00:00,201,16259.885,
2026-09-21T01:31:09.417751+00:00,201,26910.079,
2026-09-21T01:31:22.415811+00:00,201,13981.177,
2026-09-21T01:30:37.839316+00:00,201,58559.791,
2026-09-21T01:31:25.074658+00:00,201,11334.994,
2026-09-21T01:30:58.481344+00:00,201,37934.649,
2026-09-21T01:30:03.652752+00:00,201,92768.996,
2026-09-21T01:31:29.152314+00:00,201,7279.619,
2026-09-21T01:30:40.696323+00:00,201,55806.952,
2026-09-21T01:31:30.520957+00:00,201,5999.932,
2026-09-21T01:30:49.135061+00:00,201,47397.421,
2026-09-21T01:31:03.378811+00:00,201,33169.811,
2026-09-21T01:31:17.452551+00:00,201,19097.627,
2026-09-21T01:31:24.304357+00:00,201,12252.459,
2026-09-21T01:30:51.401413+00:00,201,45186.462,
2026-09-21T01:31:16.557262+00:00,201,20042.277,
2026-09-21T01:30:23.398603+00:00,201,73210.765,
2026-09-21T01:30:46.520906+00:00,201,50095.845,
2026-09-21T01:31:16.408968+00:00,201,20215.74,
2026-09-21T01:30:35.413579+00:00,201,61218.942,
2026-09-21T01:31:08.361477+00:00,201,28273.44,
2026-09-21T01:30:05.117632+00:00,201,91522.456,
2026-09-21T01:31:04.038261+00:00,201,32610.117,
2026-09-21T01:31:28.429415+00:00,201,8254.415,
2026-09-21T01:31:32.457541+00:00,201,4239.754,
2026-09-21T01:29:50.441471+00:00,201,106270.904,
2026-09-21T01:30:31.646416+00:00,201,65092.487,
2026-09-21T01:31:28.271685+00:00,201,8469.446,
2026-09-21T01:31:20.330557+00:00,201,16414.222,
2026-09-21T01:30:48.644910+00:00,201,48134.465,
2026-09-21T01:30:39.008908+00:00,201,57782.474,
2026-09-21T01:31:09.943817+00:00,201,26853.431,
2026-09-21T01:30:23.995471+00:00,201,72806.68,
2026-09-21T01:31:02.923264+00:00,201,33918.56,
2026-09-21T01:29:42.620843+00:00,201,114225.191,
2026-09-21T01:31:13.384720+00:00,201,23471.756,
2026-09-21T01:31:36.503391+00:00,201,378.963,
2026-09-21T01:31:25.469293+00:00,201,11428.287,
2026-09-21T01:31:26.493321+00:00,201,10410.151,
2026-09-21T01:31:16.699100+00:00,201,20207.863,
2026-09-21T01:31:32.311055+00:00,201,4610.581,
2026-09-21T01:31:14.818195+00:00,201,22112.747,
2026-09-21T01:31:18.980975+00:00,201,17992.118,
2026-09-21T01:31:29.352464+00:00,201,7621.962,
2026-09-21T01:31:18.651665+00:00,201,18333.616,
2026-09-21T01:30:09.634970+00:00,201,87376.127,
2026-09-21T01:30:20.042528+00:00,201,76975.647,
2026-09-21T01:30:55.678379+00:00,201,41341.829,
2026-09-21T01:31:28.622931+00:00,201,8405.198,
2026-09-21T01:31:27.787482+00:00,201,9250.173,
2026-09-21T01:30:24.953626+00:00,201,72093.788,
2026-09-21T01:31:32.992163+00:00,201,4058.475,
2026-09-21T01:31:25.462486+00:00,201,11601.145,
2026-09-21T01:31:22.714534+00:00,201,14357.44,
2026-09-21T01:30:08.471406+00:00,201,88610.942,
2026-09-21T01:31:26.722260+00:00,201,10382.219,
2026-09-21T01:31:19.143974+00:00,201,17964.02,
2026-09-21T01:31:34.320723+00:00,201,2818.051,
2026-09-21T01:31:21.536571+00:00,201,15608.571,
2026-09-21T01:31:17.063541+00:00,201,20098.528,
2026-09-21T01:31:36.856526+00:00,201,334.993,
2026-09-21T01:31:31.520481+00:00,201,5676.843,
2026-09-21T01:31:15.004181+00:00,201,22204.433,
2026-09-21T01:31:26.100044+00:00,201,11112.551,
2026-09-21T01:31:06.001578+00:00,201,31217.661,
2026-09-21T01:31:23.847357+00:00,201,13379.338,
2026-09-21T01:31:32.434875+00:00,201,4801.245,
2026-09-21T01:30:44.167625+00:00,201,53120.731,
2026-09-21T01:31:33.324590+00:00,201,4014.815,
2026-09-21T01:30:28.731008+00:00,201,68621.187,
2026-09-21T01:30:44.808055+00:00,201,52548.273,
2026-09-21T01:30:23.206752+00:00,201,74166.214,
2026-09-21T01:30:46.612589+00:00,201,50764.704,
2026-09-21T01:30:13.554899+00:00,201,83839.103,
2026-09-21T01:31:10.103938+00:00,201,27294.856,
2026-09-21T01:31:37.011276+00:00,201,421.875,
2026-09-21T01:31:22.180981+00:00,201,15259.633,
2026-09-21T01:31:34.613865+00:00,201,2846.142,
2026-09-21T01:29:49.101097+00:00,201,108411.867,
2026-09-21T01:30:25.657289+00:00,201,71866.296,
2026-09-21T01:31:24.056042+00:00,201,13469.719,
2026-09-21T01:31:34.668243+00:00,201,2894.007,
2026-09-21T01:30:49.932762+00:00,201,47633.023,
2026-09-21T01:30:56.155110+00:00,201,41429.714,
2026-09-21T01:31:16.921962+00:00,201,20668.914,
2026-09-21T01:31:17.293200+00:00,201,20299.619,
2026-09-21T01:30:33.256600+00:00,201,64344.489,
2026-09-21T01:30:43.139622+00:00,201,54470.363,
2026-09-21T01:30:54.173609+00:00,201,43443.744,
2026-09-21T01:31:06.863173+00:00,201,30780.899,
2026-09-21T01:31:21.445873+00:00,201,16209.256,
2026-09-21T01:30:06.834224+00:00,201,90827.611,
2026-09-21T01:30:17.491763+00:00,201,80172.145,
2026-09-21T01:31:27.640600+00:00,201,10052.139,
2026-09-21T01:30:53.749176+00:00,201,43953.246,
2026-09-21T01:31:06.898544+00:00,201,30828.183,
2026-09-21T01:31:37.352336+00:00,201,378.143,
2026-09-21T01:31:27.857501+00:00,201,9876.741,
2026-09-21T01:30:52.773927+00:00,201,44974.761,
2026-09-21T01:30:07.516261+00:00,201,90233.737,
2026-09-21T01:30:44.445449+00:00,201,53323.675,
2026-09-21T01:31:08.473194+00:00,201,29310.151,
2026-09-21T01:31:03.531991+00:00,201,34254.829,
2026-09-21T01:31:37.433156+00:00,201,366.844,
2026-09-21T01:31:08.416520+00:00,201,29386.123,
2026-09-21T01:31:33.768417+00:00,201,4074.257,
2026-09-21T01:29:48.955338+00:00,201,108918.318,
2026-09-21T01:30:38.290349+00:00,201,59602.39,
2026-09-21T01:31:08.057680+00:00,201,29839.618,
2026-09-21T01:31:30.588747+00:00,201,7309.938,
2026-09-21T01:31:37.562260+00:00,201,337.86,
2026-09-21T01:31:16.769919+00:00,201,21142.54,
2026-09-21T01:31:13.756259+00:00,201,24160.359,
2026-09-21T01:30:27.979955+00:00,201,69973.81,
2026-09-21T01:31:31.859357+00:00,201,6099.337,
2026-09-21T01:31:31.913390+00:00,201,6046.668,
2026-09-21T01:31:30.743447+00:00,201,7244.494,
2026-09-21T01:30:48.818439+00:00,201,49185.23,
2026-09-21T01:31:36.259158+00:00,201,1761.203,
2026-09-21T01:29:52.003132+00:00,201,106049.799,
2026-09-21T01:31:35.313863+00:00,201,2743.66,
2026-09-21T01:31:12.904793+00:00,201,25157.048,
2026-09-21T01:31:07.703823+00:00,201,30367.858,
2026-09-21T01:31:22.250498+00:00,201,15824.591,
2026-09-21T01:31:21.196549+00:00,201,16892.833,
2026-09-21T01:31:37.362575+00:00,201,731.229,
2026-09-21T01:30:15.262994+00:00,201,82857.018,
2026-09-21T01:31:09.573717+00:00,201,28555.85,
2026-09-21T01:30:35.908081+00:00,201,62223.935,
2026-09-21T01:30:37.376516+00:00,201,60759.182,
2026-09-21T01:30:13.720838+00:00,201,84437.529,
2026-09-21T01:31:27.989539+00:00,201,10171.87,
2026-09-21T01:30:55.058632+00:00,201,43113.426,
2026-09-21T01:31:37.440649+00:00,201,733.067,
2026-09-21T01:29:35.962215+00:00,201,122230.431,
2026-09-21T01:31:20.191424+00:00,201,18049.69,
2026-09-21T01:31:33.849697+00:00,201,4407.662,
2026-09-21T01:31:09.363577+00:00,201,28899.683,
2026-09-21T01:31:09.723876+00:00,201,28540.799,
2026-09-21T01:30:43.986928+00:00,201,54308.812,
2026-09-21T01:30:22.565765+00:00,201,75744.248,
2026-09-21T01:31:34.933843+00:00,201,3379.908,
2026-09-21T01:31:13.844474+00:00,201,24472.55,
2026-09-21T01:31:23.976271+00:00,201,14351.383,
2026-09-21T01:30:10.442380+00:00,201,87889.479,
2026-09-21T01:30:16.353934+00:00,201,82049.617,
2026-09-21T01:30:23.238698+00:00,201,75174.747,
2026-09-21T01:31:16.453415+00:00,201,21976.024,
2026-09-21T01:30:38.390705+00:00,201,60042.865,
2026-09-21T01:31:15.121354+00:00,201,23315.452,
2026-09-21T01:31:13.013730+00:00,201,25426.884,
2026-09-21T01:31:18.436787+00:00,201,20009.701,
2026-09-21T01:31:05.117485+00:00,201,33380.108,
2026-09-21T01:30:36.288008+00:00,201,62221.321,
2026-09-21T01:31:23.427390+00:00,201,15096.883,
2026-09-21T01:30:54.125508+00:00,201,44400.071,
2026-09-21T01:31:28.738911+00:00,201,9793.332,
2026-09-21T01:31:24.525590+00:00,201,14033.008,
2026-09-21T01:30:04.775013+00:00,201,93789.506,
2026-09-21T01:31:06.558509+00:00,201,32007.538,
2026-09-21T01:31:17.652118+00:00,201,20929.175,
2026-09-21T01:30:29.499020+00:00,201,69086.946,
2026-09-21T01:31:33.834020+00:00,201,4770.236,
2026-09-21T01:31:07.252661+00:00,201,31358.314,
2026-09-21T01:30:24.646043+00:00,201,73969.857,
2026-09-21T01:31:30.959967+00:00,201,7675.845,
2026-09-21T01:31:34.190278+00:00,201,4447.093,
2026-09-21T01:29:57.232035+00:00,201,101447.065,
2026-09-21T01:31:18.684164+00:00,201,19997.101,
2026-09-21T01:31:08.952204+00:00,201,29731.13,
2026-09-21T01:30:53.491423+00:00,201,45197.365,
2026-09-21T01:30:36.391614+00:00,201,62303.376,
2026-09-21T01:30:55.171705+00:00,201,43526.306,
2026-09-21T01:30:23.507477+00:00,201,75219.329,
2026-09-21T01:31:29.043622+00:00,201,9694.548,
2026-09-21T01:30:38.697706+00:00,201,60057.755,
2026-09-21T01:30:50.754144+00:00,201,48012.207,
2026-09-21T01:31:02.726236+00:00,201,36052.327,
2026-09-21T01:31:02.819048+00:00,201,35961.613,
2026-09-21T01:30:54.889874+00:00,201,43949.62,
2026-09-21T01:29:38.639203+00:00,201,120203.202,
2026-09-21T01:30:51.918483+00:00,201,46926.083,
2026-09-21T01:30:15.727334+00:00,201,83132.352,
2026-09-21T01:31:14.165835+00:00,201,24699.227,
2026-09-21T01:31:27.109761+00:00,201,11760.904,
2026-09-21T01:31:36.883604+00:00,201,2018.748,
2026-09-21T01:29:41.121831+00:00,201,117786.353,
2026-09-21T01:30:05.512225+00:00,201,93406.09,
2026-09-21T01:31:23.780636+00:00,201,15145.221,
2026-09-21T01:29:53.084903+00:00,201,105842.157,
2026-09-21T01:31:15.472487+00:00,201,23456.24,
2026-09-21T01:30:48.516556+00:00,201,50425.515,
2026-09-21T01:30:55.523736+00:00,201,43428.12,
2026-09-21T01:31:24.647165+00:00,201,14310.317,
2026-09-21T01:31:15.812714+00:00,201,23179.326,
2026-09-21T01:30:22.435264+00:00,201,76558.391,
2026-09-21T01:29:50.952972+00:00,201,108061.826,
2026-09-21T01:30:23.150330+00:00,201,75876.58,
2026-09-21T01:31:35.609734+00:00,201,3423.804,
2026-09-21T01:31:18.099474+00:00,201,20946.607,
2026-09-21T01:29:49.660416+00:00,201,109421.662,
2026-09-21T01:31:36.327887+00:00,201,2758.65,
2026-09-21T01:30:51.974919+00:00,201,47112.723,
2026-09-21T01:30:57.744431+00:00,201,41369.07,
2026-09-21T01:31:11.943720+00:00,201,27177.111,
2026-09-21T01:30:46.081845+00:00,201,53078.821,
2026-09-21T01:30:58.125813+00:00,201,41036.682,
2026-09-21T01:30:50.177618+00:00,201,49014.576,
2026-09-21T01:30:16.477850+00:00,201,82717.691,
2026-09-21T01:31:13.931195+00:00,201,25276.365,
2026-09-21T01:30:34.182135+00:00,201,65054.739,
2026-09-21T01:31:07.646020+00:00,201,31594.612,
2026-09-21T01:31:04.333998+00:00,201,34909.988,
2026-09-21T01:31:21.791172+00:00,201,17465.047,
2026-09-21T01:30:19.507438+00:00,201,79753.452,
2026-09-21T01:31:38.257371+00:00,201,1006.304,
2026-09-21T01:31:14.719636+00:00,201,24559.997,
2026-09-21T01:30:59.926570+00:00,201,39370.64,
2026-09-21T01:30:09.671461+00:00,201,89648.111,
2026-09-21T01:30:19.882378+00:00,201,79463.931,
2026-09-21T01:30:51.600966+00:00,201,47768.07,
2026-09-21T01:30:43.058877+00:00,201,56324.762,
2026-09-21T01:30:51.337243+00:00,201,48056.351,
2026-09-21T01:31:14.835210+00:00,201,24573.786,
2026-09-21T01:31:34.820245+00:00,201,4603.833,
2026-09-21T01:31:18.552985+00:00,201,20904.982,
2026-09-21T01:31:12.246126+00:00,201,27213.529,
2026-09-21T01:30:23.407104+00:00,201,76054.776,
2026-09-21T01:31:36.841897+00:00,201,2628.23,
2026-09-21T01:31:28.274652+00:00,201,11204.16,
2026-09-21T01:29:57.454736+00:00,201,102036.581,
2026-09-21T01:30:22.994675+00:00,201,76499.5,
2026-09-21T01:31:38.739131+00:00,201,761.463,
2026-09-21T01:31:32.970079+00:00,201,6543.185,
2026-09-21T01:31:15.193492+00:00,201,24331.363,
2026-09-21T01:31:19.707358+00:00,201,19838.097,
2026-09-21T01:30:43.874165+00:00,201,55677.724,
2026-09-21T01:31:33.216825+00:00,201,6354.785,
2026-09-21T01:30:56.280643+00:00,201,43300.931,
2026-09-21T01:31:12.504737+00:00,201,27084.067,
2026-09-21T01:31:20.625103+00:00,201,18964.981,
2026-09-21T01:30:49.938925+00:00,201,49656.544,
2026-09-21T01:31:04.277622+00:00,201,35332.872,
2026-09-21T01:30:58.190911+00:00,201,41423.365,
2026-09-21T01:31:29.337407+00:00,201,10302.219,
2026-09-21T01:30:54.748312+00:00,201,44909.007,
2026-09-21T01:31:02.154530+00:00,201,37524.426,
2026-09-21T01:31:12.519539+00:00,201,27161.802,
2026-09-21T01:30:15.482449+00:00,201,84201.093,
2026-09-21T01:31:06.738865+00:00,201,32954.116,
2026-09-21T01:31:23.556132+00:00,201,16153.003,
2026-09-21T01:31:28.825389+00:00,201,10933.646,
2026-09-21T01:30:54.502920+00:00,201,45258.751,
2026-09-21T01:31:32.848648+00:00,201,6951.561,
2026-09-21T01:30:44.355051+00:00,201,55466.534,
2026-09-21T01:31:29.632366+00:00,201,10202.797,
2026-09-21T01:31:32.059225+00:00,201,7781.677,
2026-09-21T01:31:07.880372+00:00,201,31968.793,
2026-09-21T01:31:08.097338+00:00,201,31769.039,
2026-09-21T01:30:27.992624+00:00,201,71877.437,
2026-09-21T01:31:16.951959+00:00,201,22947.224,
2026-09-21T01:31:13.740566+00:00,201,26159.948,
2026-09-21T01:29:55.616122+00:00,201,104295.569,
2026-09-21T01:31:37.835551+00:00,201,2084.017,
2026-09-21T01:31:35.327930+00:00,201,4596.47,
2026-09-21T01:30:58.406248+00:00,201,41543.965,
2026-09-21T01:30:03.509729+00:00,201,96442.468,
2026-09-21T01:31:27.626066+00:00,201,12327.793,
2026-09-21T01:31:38.501859+00:00,201,1453.558,
2026-09-21T01:30:29.018131+00:00,201,70956.956,
2026-09-21T01:31:39.581663+00:00,201,397.863,
2026-09-21T01:30:42.084707+00:00,201,57909.031,
2026-09-21T01:31:15.403198+00:00,201,24591.982,
2026-09-21T01:31:29.033847+00:00,201,10980.53,
2026-09-21T01:31:15.045861+00:00,201,24973.279,
2026-09-21T01:30:09.748065+00:00,201,90283.798,
2026-09-21T01:30:29.382808+00:00,201,70661.299,
2026-09-21T01:30:23.123444+00:00,201,76950.117,
2026-09-21T01:30:30.529832+00:00,201,69547.87,
2026-09-21T01:30:03.681398+00:00,201,96399.763,
2026-09-21T01:31:30.815222+00:00,201,9268.329,
2026-09-21T01:30:06.613728+00:00,201,93471.284,
2026-09-21T01:30:49.940760+00:00,201,50158.567,
2026-09-21T01:31:05.175689+00:00,201,34993.156,
2026-09-21T01:30:40.800308+00:00,201,59381.6,
2026-09-21T01:30:58.501986+00:00,201,41693.121,
2026-09-21T01:31:19.990574+00:00,201,20219.431,
2026-09-21T01:30:50.237464+00:00,201,49978.904,
2026-09-21T01:30:14.204482+00:00,201,86025.104,
2026-09-21T01:31:23.093455+00:00,201,17144.073,
2026-09-21T01:30:37.308412+00:00,201,62931.442,
2026-09-21T01:30:49.462986+00:00,201,50792.209,
2026-09-21T01:31:33.047460+00:00,201,7253.104,
2026-09-21T01:30:16.633682+00:00,201,83668.184,
2026-09-21T01:31:25.667872+00:00,201,14643.485,
2026-09-21T01:31:39.155577+00:00,201,1173.795,
2026-09-21T01:31:35.975739+00:00,201,4365.364,
2026-09-21T01:31:01.122776+00:00,201,39222.517,
2026-09-21T01:30:08.477068+00:00,201,91899.622,
2026-09-21T01:30:34.083520+00:00,201,66357.732,
2026-09-21T01:31:12.875429+00:00,201,27583.537,
2026-09-21T01:29:34.655915+00:00,201,125811.013,
2026-09-21T01:30:09.111904+00:00,201,91380.894,
2026-09-21T01:30:41.441450+00:00,201,59082.981,
2026-09-21T01:30:51.492218+00:00,201,49039.028,
2026-09-21T01:31:28.273705+00:00,201,12270.984,
2026-09-21T01:31:14.266158+00:00,201,26281.33,
2026-09-21T01:31:27.243815+00:00,201,13310.048,
2026-09-21T01:31:22.465759+00:00,201,18092.511,
2026-09-21T01:30:37.410324+00:00,201,63149.442,
2026-09-21T01:30:39.246401+00:00,201,61315.013,
2026-09-21T01:31:34.221539+00:00,201,6348.982,
2026-09-21T01:30:49.419150+00:00,201,51153.048,
2026-09-21T01:30:10.333066+00:00,201,90257.36,
2026-09-21T01:30:53.502285+00:00,201,47102.801,
2026-09-21T01:31:26.641618+00:00,201,13965.2,
2026-09-21T01:30:44.529567+00:00,201,56078.907,
2026-09-21T01:31:23.713474+00:00,201,16896.865,
2026-09-21T01:30:37.896732+00:00,201,62752.765,
2026-09-21T01:31:03.488056+00:00,201,37164.099,
2026-09-21T01:30:47.348317+00:00,201,53305.611,
2026-09-21T01:30:57.762321+00:00,201,42893.492,
2026-09-21T01:31:39.094889+00:00,201,1562.949,
2026-09-21T01:31:36.697307+00:00,201,3962.514,
2026-09-21T01:31:34.095210+00:00,201,6613.076,
2026-09-21T01:31:32.830145+00:00,201,7884.267,
2026-09-21T01:31:11.946110+00:00,201,28770.364,
2026-09-21T01:31:00.012832+00:00,201,40705.769,
2026-09-21T01:30:23.419501+00:00,201,77301.225,
2026-09-21T01:30:27.118481+00:00,201,73604.569,
2026-09-21T01:31:09.125500+00:00,201,31599.931,
2026-09-21T01:31:15.444987+00:00,201,25294.146,
2026-09-21T01:31:27.853880+00:00,201,12940.464,
2026-09-21T01:31:19.731712+00:00,201,21065.107,
2026-09-21T01:31:04.065668+00:00,201,36733.664,
2026-09-21T01:31:33.529073+00:00,201,7272.968,
2026-09-21T01:31:02.070531+00:00,201,38734.085,
2026-09-21T01:30:19.968310+00:00,201,80838.935,
2026-09-21T01:31:25.143008+00:00,201,15667.152,
2026-09-21T01:31:04.828560+00:00,201,35984.419,
2026-09-21T01:31:23.449695+00:00,201,17366.235,
2026-09-21T01:31:05.939475+00:00,201,34879.369,
2026-09-21T01:31:27.563932+00:00,201,13258.03,
2026-09-21T01:31:38.679306+00:00,201,2145.806,
2026-09-21T01:30:28.957767+00:00,201,71870.311,
2026-09-21T01:31:34.054426+00:00,201,6777.101,
2026-09-21T01:31:00.011699+00:00,201,40823.155,
2026-09-21T01:31:29.823093+00:00,201,11015.242,
2026-09-21T01:31:28.915442+00:00,201,11926.41,
2026-09-21T01:31:14.182399+00:00,201,26662.998,
2026-09-21T01:31:27.730113+00:00,201,13118.978,
2026-09-21T01:31:29.981882+00:00,201,10870.922,
2026-09-21T01:31:39.747607+00:00,201,1108.968,
2026-09-21T01:29:45.948209+00:00,201,114911.91,
2026-09-21T01:31:39.746972+00:00,201,1117.241,
2026-09-21T01:31:26.480246+00:00,201,14387.886,
2026-09-21T01:31:05.400835+00:00,201,35471.221,
2026-09-21T01:31:40.300583+00:00,201,575.643,
2026-09-21T01:31:27.364480+00:00,201,13515.839,
2026-09-21T01:30:43.831475+00:00,201,57104.907,
2026-09-21T01:31:40.302037+00:00,201,685.973,
2026-09-21T01:31:37.513186+00:00,201,3527.5,
2026-09-21T01:30:56.817596+00:00,201,44254.14,
2026-09-21T01:31:15.710968+00:00,201,25390.107,
2026-09-21T01:31:19.546752+00:00,201,21603.092,
2026-09-21T01:31:22.863723+00:00,201,18298.997,
2026-09-21T01:30:56.830995+00:00,201,44336.079,
2026-09-21T01:30:10.093504+00:00,201,91077.979,
2026-09-21T01:31:09.409002+00:00,201,31851.824,
2026-09-21T01:30:44.970727+00:00,201,56305.181,
2026-09-21T01:31:24.767535+00:00,201,16554.176,
2026-09-21T01:30:46.475667+00:00,201,54919.425,
2026-09-21T01:31:38.581338+00:00,201,2818.082,
2026-09-21T01:29:46.459260+00:00,201,114966.912,
2026-09-21T01:30:55.061366+00:00,201,46421.435,
2026-09-21T01:30:25.875512+00:00,201,75634.892,
2026-09-21T01:31:28.874620+00:00,201,12950.596,
2026-09-21T01:30:29.148482+00:00,201,72680.831,
2026-09-21T01:31:21.554186+00:00,201,20298.549,
2026-09-21T01:29:47.907798+00:00,201,114005.85,
2026-09-21T01:31:31.570820+00:00,201,10386.056,
2026-09-21T01:31:20.444592+00:00,201,21518.794,
2026-09-21T01:31:40.708304+00:00,201,1265.974,
2026-09-21T01:31:08.713607+00:00,201,33273.672,
2026-09-21T01:30:52.013389+00:00,201,50061.546,
2026-09-21T01:31:39.759060+00:00,201,2359.712,
2026-09-21T01:31:28.079463+00:00,201,14109.169,
2026-09-21T01:30:11.451612+00:00,201,90864.434,
2026-09-21T01:30:23.538351+00:00,201,78794.365,
2026-09-21T01:31:01.966457+00:00,201,40372.798,
2026-09-21T01:30:34.367537+00:00,201,67975.982,
2026-09-21T01:31:20.119601+00:00,201,22257.803,
2026-09-21T01:30:43.725242+00:00,201,58782.511,
2026-09-21T01:31:07.734853+00:00,201,34818.579,
2026-09-21T01:29:59.586371+00:00,201,102983.822,
2026-09-21T01:31:03.392051+00:00,201,39289.45,
2026-09-21T01:31:21.978474+00:00,201,20748.501,
2026-09-21T01:30:40.444110+00:00,201,62328.238,
2026-09-21T01:31:20.134939+00:00,201,22699.676,
2026-09-21T01:31:19.011484+00:00,201,23831.842,
2026-09-21T01:31:04.144353+00:00,201,38712.197,
2026-09-21T01:30:34.753546+00:00,201,68126.894,
2026-09-21T01:31:01.716489+00:00,201,41174.978,
2026-09-21T01:31:40.718686+00:00,201,2307.26,
2026-09-21T01:31:04.779957+00:00,201,38280.464,
2026-09-21T01:29:59.214593+00:00,201,103887.142,
2026-09-21T01:30:49.874033+00:00,201,53263.502,
2026-09-21T01:31:16.512793+00:00,201,26641.875,
2026-09-21T01:31:16.207414+00:00,201,26953.692,
2026-09-21T01:30:58.595388+00:00,201,44639.446,
2026-09-21T01:31:31.457278+00:00,201,11784.177,
2026-09-21T01:31:08.532474+00:00,201,34791.716,
2026-09-21T01:30:50.737950+00:00,201,52618.893,
2026-09-21T01:31:17.086952+00:00,201,26302.103,
2026-09-21T01:31:26.671135+00:00,201,16757.838,
2026-09-21T01:31:40.421450+00:00,201,3055.358,
2026-09-21T01:30:59.841602+00:00,201,43693.633,
2026-09-21T01:31:04.856378+00:00,201,38702.443,
2026-09-21T01:30:50.139315+00:00,201,53443.545,
2026-09-21T01:29:54.369291+00:00,201,109235.138,
2026-09-21T01:31:16.791151+00:00,201,26873.527,
2026-09-21T01:31:39.192296+00:00,201,4530.596,
2026-09-21T01:31:12.715527+00:00,201,31011.58,
2026-09-21T01:31:16.560745+00:00,201,27211.557,
2026-09-21T01:31:27.324647+00:00,201,16498.262,
2026-09-21T01:31:34.420480+00:00,201,9471.85,
2026-09-21T01:31:30.569324+00:00,201,13350.321,
2026-09-21T01:31:15.513111+00:00,201,28415.195,
2026-09-21T01:31:35.265936+00:00,201,8759.333,
2026-09-21T01:30:58.449925+00:00,201,45586.233,
2026-09-21T01:31:37.028150+00:00,201,7037.448,
2026-09-21T01:31:36.712594+00:00,201,7371.229,
2026-09-21T01:29:49.040287+00:00,201,115090.82,
2026-09-21T01:31:38.842649+00:00,201,5332.053,
2026-09-21T01:31:20.903009+00:00,201,23307.93,
2026-09-21T01:31:32.142662+00:00,201,12072.784,
2026-09-21T01:30:57.124441+00:00,201,47153.608,
2026-09-21T01:31:39.821700+00:00,201,4506.719,
2026-09-21T01:30:22.564925+00:00,201,81805.24,
2026-09-21T01:29:55.611703+00:00,201,108796.325,
2026-09-21T01:30:26.180334+00:00,201,78289.899,
2026-09-21T01:31:33.115911+00:00,201,11400.961,
2026-09-21T01:31:34.322069+00:00,201,10224.215,
2026-09-21T01:30:55.084313+00:00,201,49472.92,
2026-09-21T01:31:12.916590+00:00,201,31755.287,
2026-09-21T01:30:57.746257+00:00,201,46946.931,
2026-09-21T01:31:22.185751+00:00,201,22518.339,
2026-09-21T01:30:49.199998+00:00,201,55530.185,
2026-09-21T01:31:32.873624+00:00,201,11937.766,
2026-09-21T01:31:02.851854+00:00,201,42086.844,
2026-09-21T01:30:10.254996+00:00,201,94711.058,
2026-09-21T01:30:54.378637+00:00,201,50658.719,
2026-09-21T01:31:44.036253+00:00,201,1037.209,
2026-09-21T01:31:22.725708+00:00,201,22393.738,
2026-09-21T01:31:32.464540+00:00,201,12731.576,
2026-09-21T01:31:40.178958+00:00,201,5119.441,
2026-09-21T01:31:05.590011+00:00,201,39747.999,
2026-09-21T01:31:32.356903+00:00,201,13035.622,
2026-09-21T01:31:14.546786+00:00,201,30858.137,
2026-09-21T01:30:30.538602+00:00,201,74885.042,
2026-09-21T01:30:05.346588+00:00,201,100083.362,
2026-09-21T01:31:38.241153+00:00,201,7401.847,
2026-09-21T01:31:09.217106+00:00,201,36454.88,
2026-09-21T01:30:26.250124+00:00,201,79436.068,
2026-09-21T01:31:39.535913+00:00,201,6171.658,
2026-09-21T01:31:32.434110+00:00,201,13288.035,
2026-09-21T01:30:06.258265+00:00,201,99474.378,
2026-09-21T01:31:00.892131+00:00,201,44870.156,
2026-09-21T01:29:36.912052+00:00,201,128886.263,
2026-09-21T01:31:27.825342+00:00,201,18009.74,
2026-09-21T01:30:09.899893+00:00,201,95936.819,
2026-09-21T01:31:25.419436+00:00,201,20465.488,
2026-09-21T01:31:26.200976+00:00,201,19685.343,
2026-09-21T01:31:36.397024+00:00,201,9494.148,
2026-09-21T01:31:38.839591+00:00,201,7062.978,
2026-09-21T01:31:09.764081+00:00,201,36139.876,
2026-09-21T01:31:33.481115+00:00,201,12448.362,
2026-09-21T01:30:32.780664+00:00,201,73151.343,
2026-09-21T01:31:26.685120+00:00,201,19253.977,
2026-09-21T01:31:20.454601+00:00,201,25512.206,
2026-09-21T01:31:29.829540+00:00,201,16144.38,
2026-09-21T01:30:47.520518+00:00,201,58458.738,
2026-09-21T01:31:26.123039+00:00,201,19861.806,
2026-09-21T01:31:29.468440+00:00,201,16519.383,
2026-09-21T01:30:40.830821+00:00,201,65165.791,
2026-09-21T01:31:26.692031+00:00,201,19334.068,
2026-09-21T01:31:27.600866+00:00,201,18449.022,
2026-09-21T01:30:22.543710+00:00,201,83545.209,
2026-09-21T01:29:57.888377+00:00,201,108214.506,
2026-09-21T01:30:59.173518+00:00,201,46930.852,
2026-09-21T01:30:39.064723+00:00,201,67069.988,
2026-09-21T01:30:24.691719+00:00,201,81445.034,
2026-09-21T01:31:35.116532+00:00,201,11081.371,
2026-09-21T01:31:44.070327+00:00,201,2128.914,
2026-09-21T01:31:20.742277+00:00,201,25464.174,
2026-09-21T01:30:13.997198+00:00,201,92214.921,
2026-09-21T01:31:35.007562+00:00,201,11208.051,
2026-09-21T01:31:00.110643+00:00,201,46144.202,
2026-09-21T01:31:35.485493+00:00,201,10803.509,
2026-09-21T01:31:19.149042+00:00,201,27141.21,
2026-09-21T01:31:39.835187+00:00,201,6497.332,
2026-09-21T01:31:35.079189+00:00,201,11254.568,
2026-09-21T01:30:45.567472+00:00,201,60778.977,
2026-09-21T01:30:43.780256+00:00,201,62598.993,
2026-09-21T01:31:17.031038+00:00,201,29367.193,
2026-09-21T01:31:28.708782+00:00,201,17694.005,
2026-09-21T01:30:21.369368+00:00,201,85037.46,
2026-09-21T01:31:14.460732+00:00,201,31950.126,
2026-09-21T01:31:30.256817+00:00,201,16157.27,
2026-09-21T01:30:14.838460+00:00,201,91583.062,
2026-09-21T01:31:18.931878+00:00,201,27495.678,
2026-09-21T01:30:28.288995+00:00,201,78156.353,
2026-09-21T01:31:18.322744+00:00,201,28127.018,
2026-09-21T01:31:09.590361+00:00,201,36868.056,
2026-09-21T01:31:32.578248+00:00,201,13887.764,
2026-09-21T01:31:13.993159+00:00,201,32479.87,
2026-09-21T01:30:37.671019+00:00,201,68830.652,
2026-09-21T01:31:44.328431+00:00,201,2188.331,
2026-09-21T01:31:28.333885+00:00,201,18200.398,
2026-09-21T01:31:18.672045+00:00,201,27874.206,
2026-09-21T01:30:43.068145+00:00,201,63480.009,
2026-09-21T01:31:46.197934+00:00,201,352.37,
2026-09-21T01:31:13.170965+00:00,201,33393.617,
2026-09-21T01:30:39.828463+00:00,201,66738.178,
2026-09-21T01:31:07.705836+00:00,201,38872.849,
2026-09-21T01:31:46.199249+00:00,201,386.693,
2026-09-21T01:30:22.921872+00:00,201,83665.417,
2026-09-21T01:31:03.151642+00:00,201,43474.014,
2026-09-21T01:31:42.689142+00:00,201,3938.601,
2026-09-21T01:31:23.331438+00:00,201,23303.564,
2026-09-21T01:30:49.832186+00:00,201,56812.463,
2026-09-21T01:30:58.885902+00:00,201,47761.635,
2026-09-21T01:31:04.001860+00:00,201,42650.962,
2026-09-21T01:31:23.902539+00:00,201,22755.074,
2026-09-21T01:31:40.239984+00:00,201,6545.276,
2026-09-21T01:31:14.443882+00:00,201,32371.638,
2026-09-21T01:31:44.643643+00:00,201,2183.093,
2026-09-21T01:30:25.837920+00:00,201,80995.106,
2026-09-21T01:31:08.184078+00:00,201,38656.203,
2026-09-21T01:31:17.012002+00:00,201,29830.312,
2026-09-21T01:30:09.184553+00:00,201,97679.939,
2026-09-21T01:30:57.188349+00:00,201,49678.363,
2026-09-21T01:30:42.753464+00:00,201,64138.339,
2026-09-21T01:31:32.405677+00:00,201,14496.587,
2026-09-21T01:31:21.549988+00:00,201,25359.09,
2026-09-21T01:31:39.162580+00:00,201,7753.414,
2026-09-21T01:31:44.408249+00:00,201,2512.347,
2026-09-21T01:31:24.795165+00:00,201,22136.489,
2026-09-21T01:30:47.395809+00:00,201,59538.482,
2026-09-21T01:30:58.645687+00:00,201,48312.219,
2026-09-21T01:31:15.500725+00:00,201,31464.517,
2026-09-21T01:31:46.206506+00:00,201,765.713,
2026-09-21T01:31:39.261053+00:00,201,7734.66,
2026-09-21T01:31:01.535991+00:00,201,45464.548,
2026-09-21T01:30:44.448268+00:00,201,62560.065,
2026-09-21T01:30:57.955847+00:00,201,49068.564,
2026-09-21T01:31:08.474891+00:00,201,38576.608,
2026-09-21T01:31:23.711992+00:00,201,23351.071,
2026-09-21T01:30:31.635178+00:00,201,75457.051,
2026-09-21T01:30:54.735576+00:00,201,52376.296,
2026-09-21T01:30:37.157088+00:00,201,69964.394,
2026-09-21T01:31:14.963381+00:00,201,32169.711,
2026-09-21T01:31:23.143136+00:00,201,24009.948,
2026-09-21T01:30:49.899047+00:00,201,57267.218,
2026-09-21T01:30:38.497357+00:00,201,68679.575,
2026-09-21T01:30:03.690468+00:00,201,103495.473,
2026-09-21T01:31:33.156072+00:00,201,14044.028,
2026-09-21T01:30:39.870369+00:00,201,67410.155,
2026-09-21T01:31:27.480362+00:00,201,19804.995,
2026-09-21T01:31:10.646784+00:00,201,36639.862,
2026-09-21T01:31:31.959717+00:00,201,15348.026,
2026-09-21T01:31:32.918790+00:00,201,14403.336,
2026-09-21T01:31:36.050296+00:00,201,11274.179,
2026-09-21T01:31:45.547211+00:00,201,1778.582,
2026-09-21T01:31:16.061107+00:00,201,31265.944,
2026-09-21T01:30:31.022353+00:00,201,76334.455,
2026-09-21T01:31:24.225479+00:00,201,23132.872,
2026-09-21T01:31:29.050975+00:00,201,18315.692,
2026-09-21T01:31:33.778273+00:00,201,13591.897,
2026-09-21T01:31:46.619991+00:00,201,769.584,
2026-09-21T01:31:13.277338+00:00,201,34114.532,
2026-09-21T01:31:12.666266+00:00,201,34751.96,
2026-09-21T01:31:04.779082+00:00,201,42652.109,
2026-09-21T01:31:07.035694+00:00,201,40417.834,
2026-09-21T01:30:11.974785+00:00,201,95489.813,
2026-09-21T01:30:05.802528+00:00,201,101677.146,
2026-09-21T01:29:44.070999+00:00,201,123411.449,
2026-09-21T01:29:57.309021+00:00,201,110180.526,
2026-09-21T01:31:19.629081+00:00,201,27874.094,
2026-09-21T01:31:32.251745+00:00,201,15273.567,
2026-09-21T01:31:38.871944+00:00,201,8669.15,
2026-09-21T01:31:40.329378+00:00,201,7214.93,
2026-09-21T01:30:47.265751+00:00,201,60284.93,
2026-09-21T01:30:30.077357+00:00,201,77484.877,
2026-09-21T01:31:32.118887+00:00,201,15497.335,
2026-09-21T01:30:42.295128+00:00,201,65345.4,
2026-09-21T01:31:19.010302+00:00,201,28633.501,
2026-09-21T01:30:48.643570+00:00,201,59046.23,
2026-09-21T01:30:59.711846+00:00,201,47980.913,
2026-09-21T01:30:18.260979+00:00,201,89433.569,
2026-09-21T01:30:30.757269+00:00,201,76950.907,
2026-09-21T01:31:23.075610+00:00,201,24640.521,
2026-09-21T01:30:44.707634+00:00,201,63017.337,
2026-09-21T01:31:41.852781+00:00,201,5877.263,
2026-09-21T01:31:30.722977+00:00,201,17018.506,
2026-09-21T01:30:17.663717+00:00,201,90083.611,
2026-09-21T01:31:09.124262+00:00,201,38630.234,
2026-09-21T01:31:27.101549+00:00,201,20660.838,
2026-09-21T01:29:55.599980+00:00,201,112164.279,
2026-09-21T01:30:41.923950+00:00,201,65870.135,
2026-09-21T01:31:02.836627+00:00,201,44962.859,
2026-09-21T01:31:38.332039+00:00,201,9470.576,
2026-09-21T01:30:44.922983+00:00,201,62894.845,
2026-09-21T01:31:43.822946+00:00,201,4034.785,
2026-09-21T01:30:35.129208+00:00,201,72737.435,
2026-09-21T01:30:38.413598+00:00,201,69454.401,
2026-09-21T01:31:21.487652+00:00,201,26382.464,
2026-09-21T01:31:43.734146+00:00,201,4179.812,
2026-09-21T01:31:36.025806+00:00,201,11909.142,
2026-09-21T01:30:59.358444+00:00,201,48588.324,
2026-09-21T01:30:52.058773+00:00,201,55896.11,
2026-09-21T01:30:50.593023+00:00,201,57385.581,
2026-09-21T01:30:17.746750+00:00,201,90235.033,
2026-09-21T01:31:43.851862+00:00,201,4140.871,
2026-09-21T01:30:11.787266+00:00,201,96211.873,
2026-09-21T01:30:21.500382+00:00,201,86515.402,
2026-09-21T01:30:03.164833+00:00,201,104870.361,
2026-09-21T01:29:59.617248+00:00,201,108423.126,
2026-09-21T01:30:44.870700+00:00,201,63178.882,
2026-09-21T01:30:40.347585+00:00,201,67712.529,
2026-09-21T01:31:16.129481+00:00,201,31935.587,
2026-09-21T01:30:58.519865+00:00,201,49584.292,
2026-09-21T01:29:46.592931+00:00,201,121514.133,
2026-09-21T01:31:14.325005+00:00,201,33787.747,
2026-09-21T01:31:02.288626+00:00,201,45836.936,
2026-09-21T01:31:45.813583+00:00,201,2334.746,
2026-09-21T01:31:26.295249+00:00,201,21903.953,
2026-09-21T01:31:35.235476+00:00,201,12972.231,
2026-09-21T01:31:35.879734+00:00,201,12340.142,
2026-09-21T01:31:28.174108+00:00,201,20048.566,
2026-09-21T01:30:13.160027+00:00,201,95072.029,
2026-09-21T01:31:13.354979+00:00,201,34914.806,
2026-09-21T01:31:28.453832+00:00,201,19821.991,
2026-09-21T01:31:09.009271+00:00,201,39327.22,
2026-09-21T01:30:58.493806+00:00,201,49855.751,
2026-09-21T01:31:46.909132+00:00,201,1480.893,
2026-09-21T01:31:29.858367+00:00,201,18536.953,
2026-09-21T01:31:27.679025+00:00,201,20720.541,
2026-09-21T01:30:13.894692+00:00,201,94513.006,
2026-09-21T01:31:24.370662+00:00,201,24043.025,
2026-09-21T01:31:11.740447+00:00,201,36694.357,
2026-09-21T01:31:25.824519+00:00,201,22618.963,
2026-09-21T01:31:46.200320+00:00,201,2260.159,
2026-09-21T01:29:48.870013+00:00,201,119612.728,
2026-09-21T01:31:45.932156+00:00,201,2562.136,
2026-09-21T01:29:31.585681+00:00,201,136930.066,
2026-09-21T01:31:37.601222+00:00,201,10919.069,
2026-09-21T01:31:04.303407+00:00,201,44229.554,
2026-09-21T01:31:43.043784+00:00,201,5506.584,
2026-09-21T01:30:42.355750+00:00,201,66196.646,
2026-09-21T01:29:37.453460+00:00,201,131109.327,
2026-09-21T01:31:29.784866+00:00,201,18811.192,
2026-09-21T01:30:44.052626+00:00,201,64557.626,
2026-09-21T01:30:53.809427+00:00,201,54802.148,
2026-09-21T01:31:35.604487+00:00,201,13016.688,
2026-09-21T01:31:37.867270+00:00,201,10774.082,
2026-09-21T01:30:58.690288+00:00,201,49969.443,
2026-09-21T01:30:16.242072+00:00,201,92429.251,
2026-09-21T01:30:28.242472+00:00,201,80443.109,
2026-09-21T01:30:51.979460+00:00,201,56711.652,
2026-09-21T01:31:13.971336+00:00,201,34737.079,
2026-09-21T01:31:35.866866+00:00,201,12847.093,
2026-09-21T01:30:35.774031+00:00,201,72964.68,
2026-09-21T01:29:43.013404+00:00,201,125730.596,
2026-09-21T01:30:11.914726+00:00,201,96830.625,
2026-09-21T01:31:33.066718+00:00,201,15686.453,
2026-09-21T01:30:41.697627+00:00,201,67060.265,
2026-09-21T01:30:43.492262+00:00,201,65292.79,
2026-09-21T01:31:40.558311+00:00,201,8258.655,
2026-09-21T01:30:32.230222+00:00,201,76593.679,
2026-09-21T01:31:48.434882+00:00,201,390.967,
2026-09-21T01:31:40.210050+00:00,201,8620.359,
2026-09-21T01:31:47.093513+00:00,201,1746.765,
2026-09-21T01:31:03.939122+00:00,201,44908.325,
2026-09-21T01:31:04.515965+00:00,201,44344.164,
2026-09-21T01:31:48.494301+00:00,201,392.804,
2026-09-21T01:31:31.687804+00:00,201,17201.082,
2026-09-21T01:31:14.025496+00:00,201,34869.647,
2026-09-21T01:30:15.423417+00:00,201,93472.934,
2026-09-21T01:31:14.433126+00:00,201,34478.162,
2026-09-21T01:30:04.146367+00:00,201,104766.19,
2026-09-21T01:29:51.996403+00:00,201,116922.222,
2026-09-21T01:30:54.677372+00:00,201,54258.798,
2026-09-21T01:31:47.358401+00:00,201,1597.281,
2026-09-21T01:31:48.596100+00:00,201,388.068,
2026-09-21T01:31:33.998057+00:00,201,14987.313,
2026-09-21T01:31:28.679382+00:00,201,20313.34,
2026-09-21T01:30:37.469891+00:00,201,71532.263,
2026-09-21T01:30:05.407057+00:00,201,103623.97,
2026-09-21T01:30:41.438596+00:00,201,67604.92,
2026-09-21T01:30:05.694995+00:00,201,103364.726,
2026-09-21T01:31:48.308426+00:00,201,764.46,
2026-09-21T01:30:41.391906+00:00,201,67747.397,
2026-09-21T01:31:18.229246+00:00,201,30926.707,
2026-09-21T01:31:22.802236+00:00,201,26364.497,
2026-09-21T01:31:14.206641+00:00,201,34965.026,
2026-09-21T01:30:22.935451+00:00,201,86261.201,
2026-09-21T01:29:43.272859+00:00,201,125925.613,
2026-09-21T01:31:06.572866+00:00,201,42631.962,
2026-09-21T01:30:46.905092+00:00,201,62311.354,
2026-09-21T01:29:50.037665+00:00,201,119203.876,
2026-09-21T01:31:33.551216+00:00,201,15703.93,
2026-09-21T01:31:37.900124+00:00,201,11357.05,
2026-09-21T01:30:43.260995+00:00,201,66001.921,
2026-09-21T01:30:15.547002+00:00,201,93718.537,
2026-09-21T01:29:56.613057+00:00,201,112658.188,
2026-09-21T01:30:37.608277+00:00,201,71686.961,
2026-09-21T01:31:18.727875+00:00,201,30591.955,
2026-09-21T01:31:18.138791+00:00,201,31188.763,
2026-09-21T01:31:44.215474+00:00,201,5133.642,
2026-09-21T01:30:09.815799+00:00,201,99538.943,
2026-09-21T01:31:46.388960+00:00,201,2976.429,
2026-09-21T01:31:28.954332+00:00,201,20421.144,
2026-09-21T01:31:17.516575+00:00,201,31860.337,
2026-09-21T01:31:48.985408+00:00,201,393.096,
2026-09-21T01:31:43.919675+00:00,201,5513.515,
2026-09-21T01:31:25.577046+00:00,201,23862.398,
2026-09-21T01:31:07.836740+00:00,201,41613.035,
2026-09-21T01:30:31.230167+00:00,201,78227.984,
2026-09-21T01:31:19.350565+00:00,201,30117.115,
2026-09-21T01:31:39.959068+00:00,201,9514.37,
2026-09-21T01:31:06.092035+00:00,201,43410.378,
2026-09-21T01:31:49.139443+00:00,201,367.641,
2026-09-21T01:31:45.741006+00:00,201,3776.656,
2026-09-21T01:30:42.778771+00:00,201,66765.749,
2026-09-21T01:31:22.795331+00:00,201,26773.681,
2026-09-21T01:31:02.842278+00:00,201,46730.746,
2026-09-21T01:31:05.612382+00:00,201,43965.449,
2026-09-21T01:30:51.339959+00:00,201,58239.138,
2026-09-21T01:30:05.808779+00:00,201,103808.709,
2026-09-21T01:30:45.645693+00:00,201,64023.032,
2026-09-21T01:31:23.991237+00:00,201,25682.763,
2026-09-21T01:31:07.951354+00:00,201,41723.886,
2026-09-21T01:30:02.799022+00:00,201,106892.73,
2026-09-21T01:30:10.366196+00:00,201,99329.389,
2026-09-21T01:31:32.883181+00:00,201,16813.992,
2026-09-21T01:30:40.037046+00:00,201,69670.853,
2026-09-21T01:31:47.418300+00:00,201,2293.898,
2026-09-21T01:30:40.726192+00:00,201,69003.36,
2026-09-21T01:31:11.317947+00:00,201,38421.196,
2026-09-21T01:31:03.325030+00:00,201,46422.876,
2026-09-21T01:31:04.295630+00:00,201,45456.871,
2026-09-21T01:30:59.403271+00:00,201,50351.416,
2026-09-21T01:30:59.209012+00:00,201,50560.042,
2026-09-21T01:31:12.190043+00:00,201,37599.703,
2026-09-21T01:30:40.299953+00:00,201,69496.37,
2026-09-21T01:30:57.786908+00:00,201,52018.997,
2026-09-21T01:31:09.815574+00:00,201,40047.277,
2026-09-21T01:30:22.782292+00:00,201,87083.753,
2026-09-21T01:31:49.106424+00:00,201,763.138,
2026-09-21T01:30:20.915288+00:00,201,88991.586,
2026-09-21T01:31:10.763137+00:00,201,39174.522,
2026-09-21T01:31:38.020368+00:00,201,11925.732,
2026-09-21T01:31:19.923145+00:00,201,30032.879,
2026-09-21T01:31:18.486419+00:00,201,31482.734,
2026-09-21T01:31:38.755585+00:00,201,11229.959,
2026-09-21T01:31:30.928492+00:00,201,19073.339,
2026-09-21T01:31:32.194805+00:00,201,17832.773,
2026-09-21T01:31:27.235449+00:00,201,22831.374,
2026-09-21T01:30:51.188736+00:00,201,58896.197,
2026-09-21T01:31:12.564010+00:00,201,37555.436,
2026-09-21T01:31:12.684407+00:00,201,37437.329,
2026-09-21T01:31:30.068691+00:00,201,20057.161,
2026-09-21T01:30:22.723254+00:00,201,87404.931,
2026-09-21T01:30:36.743162+00:00,201,73390.118,
2026-09-21T01:31:45.835121+00:00,201,4320.445,
2026-09-21T01:31:48.516023+00:00,201,1654.398,
2026-09-21T01:31:38.279853+00:00,201,11892.387,
2026-09-21T01:31:28.017950+00:00,201,22156.756,
2026-09-21T01:31:10.686348+00:00,201,39493.813,
2026-09-21T01:31:36.609517+00:00,201,13578.476,
2026-09-21T01:30:29.494364+00:00,201,80706.773,
2026-09-21T01:31:10.397386+00:00,201,39805.225,
2026-09-21T01:30:58.235912+00:00,201,51974.463,
2026-09-21T01:31:14.268145+00:00,201,35960.381,
2026-09-21T01:31:19.781293+00:00,201,30449.245,
2026-09-21T01:31:19.095711+00:00,201,31150.185,
2026-09-21T01:31:05.077348+00:00,201,45192.851,
2026-09-21T01:31:07.083720+00:00,201,43191.786,
2026-09-21T01:31:39.246370+00:00,201,11051.196,
2026-09-21T01:30:50.541163+00:00,201,59757.614,
2026-09-21T01:31:41.456435+00:00,201,8851.16,
2026-09-21T01:31:24.305155+00:00,201,26043.812,
2026-09-21T01:31:05.924312+00:00,201,44440.397,
2026-09-21T01:31:06.077039+00:00,201,44290.096,
2026-09-21T01:31:45.722176+00:00,201,4660.436,
2026-09-21T01:31:47.804484+00:00,201,2621.848,
2026-09-21T01:31:31.942541+00:00,201,18487.292,
2026-09-21T01:31:45.979378+00:00,201,4455.318,
2026-09-21T01:31:38.558630+00:00,201,11895.684,
2026-09-21T01:30:48.941236+00:00,201,61519.448,
2026-09-21T01:29:41.019784+00:00,201,129446.748,
2026-09-21T01:31:15.751447+00:00,201,34721.975,
2026-09-21T01:30:17.269944+00:00,201,93212.279,
2026-09-21T01:30:14.953757+00:00,201,95557.165,
2026-09-21T01:31:11.223487+00:00,201,39316.438,
2026-09-21T01:31:16.525726+00:00,201,34055.326,
2026-09-21T01:30:37.124649+00:00,201,73465.422,
2026-09-21T01:30:33.251380+00:00,201,77350.97,
2026-09-21T01:31:02.473836+00:00,201,48154.691,
2026-09-21T01:31:19.920026+00:00,201,30712.494,
2026-09-21T01:31:35.915112+00:00,201,14744.564,
2026-09-21T01:31:44.190785+00:00,201,6500.047,
2026-09-21T01:31:40.825120+00:00,201,9872.713,
2026-09-21T01:30:33.529495+00:00,201,77178.652,
2026-09-21T01:30:37.297970+00:00,201,73426.949,
2026-09-21T01:30:56.631926+00:00,201,54121.155,
2026-09-21T01:30:40.085747+00:00,201,70669.153,
2026-09-21T01:29:36.460863+00:00,201,134307.256,
2026-09-21T01:31:12.409844+00:00,201,38373.046,
2026-09-21T01:30:35.526103+00:00,201,75298.337,
2026-09-21T01:31:13.102452+00:00,201,37754.497,
2026-09-21T01:31:07.749995+00:00,201,43110.434,
2026-09-21T01:31:01.533454+00:00,201,49341.912,
2026-09-21T01:30:46.513181+00:00,201,64399.897,
2026-09-21T01:31:32.099420+00:00,201,18818.261,
2026-09-21T01:31:05.368624+00:00,201,45609.347,
2026-09-21T01:31:44.645867+00:00,201,6337.26,
2026-09-21T01:31:38.172147+00:00,201,12818.604,
2026-09-21T01:31:50.590222+00:00,201,409.47,
2026-09-21T01:31:18.140346+00:00,201,32861.767,
2026-09-21T01:31:41.872823+00:00,201,9135.558,
2026-09-21T01:31:34.444372+00:00,201,16565.806,
2026-09-21T01:31:45.898785+00:00,201,5113.244,
2026-09-21T01:31:34.027870+00:00,201,16991.589,
2026-09-21T01:30:25.030939+00:00,201,85999.315,
2026-09-21T01:30:15.528409+00:00,201,95518.361,
2026-09-21T01:30:39.340816+00:00,201,71713.676,
2026-09-21T01:30:08.279370+00:00,201,102782.253,
2026-09-21T01:30:53.751645+00:00,201,57343.244,
2026-09-21T01:31:11.959860+00:00,201,39154.146,
2026-09-21T01:31:45.863680+00:00,201,5366.286,
2026-09-21T01:31:37.892862+00:00,201,13356.798,
2026-09-21T01:30:41.651490+00:00,201,69622.336,
2026-09-21T01:31:34.018567+00:00,201,17261.558,
2026-09-21T01:30:53.462955+00:00,201,57824.248,
2026-09-21T01:30:04.400003+00:00,201,106888.689,
2026-09-21T01:30:53.133516+00:00,201,58160.028,
2026-09-21T01:30:43.088380+00:00,201,68206.815,
2026-09-21T01:31:30.326514+00:00,201,20970.503,
2026-09-21T01:30:29.288591+00:00,201,82010.066,
2026-09-21T01:31:28.155095+00:00,201,23145.527,
2026-09-21T01:31:44.068071+00:00,201,7234.513,
2026-09-21T01:31:28.333151+00:00,201,22971.598,
2026-09-21T01:31:25.949940+00:00,201,25356.882,
2026-09-21T01:29:46.839538+00:00,201,124469.17,
2026-09-21T01:30:34.464341+00:00,201,76870.921,
2026-09-21T01:31:37.570812+00:00,201,13767.922,
2026-09-21T01:31:14.531661+00:00,201,36834.289,
2026-09-21T01:31:40.035069+00:00,201,11336.353,
2026-09-21T01:31:40.265834+00:00,201,11107.838,
2026-09-21T01:31:14.471082+00:00,201,36904.781,
2026-09-21T01:31:15.219218+00:00,201,36158.913,
2026-09-21T01:30:36.295472+00:00,201,75084.963,
2026-09-21T01:31:36.681742+00:00,201,14701.274,
2026-09-21T01:31:26.772154+00:00,201,24613.326,
2026-09-21T01:31:30.313317+00:00,201,21074.743,
2026-09-21T01:30:41.383613+00:00,201,70006.97,
2026-09-21T01:31:37.398855+00:00,201,13994.466,
2026-09-21T01:31:27.433420+00:00,201,23962.619,
2026-09-21T01:30:18.201038+00:00,201,93197.748,
2026-09-21T01:30:33.610208+00:00,201,77791.487,
2026-09-21T01:31:15.985507+00:00,201,35445.233,
2026-09-21T01:31:49.907055+00:00,201,1568.069,
2026-09-21T01:31:29.556970+00:00,201,21921.405,
2026-09-21T01:31:43.283034+00:00,201,8239.945,
2026-09-21T01:30:35.182468+00:00,201,76344.838,
2026-09-21T01:29:49.789955+00:00,201,121740.265,
2026-09-21T01:31:37.020294+00:00,201,14526.218,
2026-09-21T01:30:56.865250+00:00,201,54699.042,
2026-09-21T01:31:35.733931+00:00,201,15851.927,
2026-09-21T01:30:18.794319+00:00,201,92811.481,
2026-09-21T01:31:00.149290+00:00,201,51495.146,
2026-09-21T01:30:42.856308+00:00,201,68852.01,
2026-09-21T01:31:02.891723+00:00,201,48856.837,
2026-09-21T01:31:37.638370+00:00,201,14122.616,
2026-09-21T01:31:30.264065+00:00,201,21543.649,
2026-09-21T01:30:49.118484+00:00,201,62734.429,
2026-09-21T01:30:55.487773+00:00,201,56404.623,
2026-09-21T01:31:17.828539+00:00,201,34067.148,
2026-09-21T01:30:33.950241+00:00,201,77986.012,
2026-09-21T01:31:28.533336+00:00,201,23543.306,
2026-09-21T01:31:26.991254+00:00,201,25189.516,
2026-09-21T01:31:31.357973+00:00,201,20842.502,
2026-09-21T01:30:22.406812+00:00,201,89802.276,
2026-09-21T01:30:47.561271+00:00,201,64665.413,
2026-09-21T01:31:35.040304+00:00,201,17426.574,
2026-09-21T01:31:36.227359+00:00,201,16244.568,
2026-09-21T01:30:34.454096+00:00,201,78084.087,
2026-09-21T01:31:35.594485+00:00,201,16947.048,
2026-09-21T01:31:46.103103+00:00,201,6441.742,
2026-09-21T01:31:10.980031+00:00,201,41568.127,
2026-09-21T01:29:51.479949+00:00,201,121071.495,
2026-09-21T01:31:37.471497+00:00,201,15083.64,
2026-09-21T01:31:18.503148+00:00,201,34055.588,
2026-09-21T01:29:55.622186+00:00,201,116940.0,
2026-09-21T01:31:26.924636+00:00,201,25641.433,
2026-09-21T01:29:58.708179+00:00,201,113861.561,
2026-09-21T01:31:33.379410+00:00,201,19194.555,
2026-09-21T01:30:50.616087+00:00,201,61966.129,
2026-09-21T01:31:20.825471+00:00,201,31766.272,
2026-09-21T01:30:51.188092+00:00,201,61409.033,
2026-09-21T01:30:30.176456+00:00,201,82426.083,
2026-09-21T01:29:35.357215+00:00,201,137250.464,
2026-09-21T01:31:07.192614+00:00,201,45419.671,
2026-09-21T01:31:17.451620+00:00,201,35214.58,
2026-09-21T01:30:18.628386+00:00,201,94042.171,
2026-09-21T01:31:39.046130+00:00,201,13665.13,
2026-09-21T01:30:59.380164+00:00,201,53373.708,
2026-09-21T01:30:56.651409+00:00,201,56106.99,
2026-09-21T01:31:14.944683+00:00,201,37818.252,
2026-09-21T01:31:13.646275+00:00,201,39121.108,
2026-09-21T01:31:40.605184+00:00,201,12166.82,
2026-09-21T01:31:40.019194+00:00,201,12757.523,
2026-09-21T01:31:15.148453+00:00,201,37633.037,
2026-09-21T01:31:22.931659+00:00,201,29854.647,
2026-09-21T01:31:01.627266+00:00,201,51166.367,
2026-09-21T01:31:10.340990+00:00,201,42521.621,
2026-09-21T01:31:40.420702+00:00,201,12458.407,
2026-09-21T01:31:30.837562+00:00,201,22057.331,
2026-09-21T01:31:30.904176+00:00,201,22000.131,
2026-09-21T01:30:45.733972+00:00,201,67249.285,
2026-09-21T01:30:51.323634+00:00,201,61665.056,
2026-09-21T01:30:43.449531+00:00,201,69557.634,
2026-09-21T01:31:33.877113+00:00,201,19135.773,
2026-09-21T01:30:17.903528+00:00,201,95115.139,
2026-09-21T01:30:41.412203+00:00,201,71612.319,
2026-09-21T01:30:52.385353+00:00,201,60645.594,
2026-09-21T01:31:35.046819+00:00,201,17992.995,
2026-09-21T01:31:40.714437+00:00,201,12333.969,
2026-09-21T01:30:42.531460+00:00,201,70527.174,
2026-09-21T01:31:50.119526+00:00,201,2945.999,
2026-09-21T01:31:02.155645+00:00,201,50916.779,
2026-09-21T01:31:05.174972+00:00,201,47907.912,
2026-09-21T01:30:58.001050+00:00,201,55094.254,
2026-09-21T01:31:50.963972+00:00,201,2140.286,
2026-09-21T01:31:25.620166+00:00,201,27492.87,
2026-09-21T01:31:47.092383+00:00,201,6028.053,
2026-09-21T01:30:58.597411+00:00,201,54529.334,
2026-09-21T01:30:03.445454+00:00,201,109687.833,
2026-09-21T01:31:27.599438+00:00,201,25542.947,
2026-09-21T01:30:56.050778+00:00,201,57099.323,
2026-09-21T01:31:19.252075+00:00,201,33905.159,
2026-09-21T01:31:40.887231+00:00,201,12276.817,
2026-09-21T01:31:49.473460+00:00,201,3698.884,
2026-09-21T01:29:56.986809+00:00,201,116194.698,
2026-09-21T01:30:55.436994+00:00,201,57906.753,
2026-09-21T01:31:09.010566+00:00,201,44356.694,
2026-09-21T01:29:57.848618+00:00,201,115632.518,
2026-09-21T01:31:25.981647+00:00,201,27623.625,
2026-09-21T01:30:21.828005+00:00,201,91817.433,
2026-09-21T01:31:23.714991+00:00,201,29937.48,
2026-09-21T01:31:01.302775+00:00,201,52357.1,
2026-09-21T01:30:35.047927+00:00,201,78619.762,
2026-09-21T01:31:08.949660+00:00,201,44726.983,
2026-09-21T01:31:41.875118+00:00,201,11808.921,
2026-09-21T01:31:47.902608+00:00,201,5906.601,
2026-09-21T01:31:05.989030+00:00,201,47834.651,
2026-09-21T01:31:15.411814+00:00,201,38527.843,
2026-09-21T01:31:12.834113+00:00,201,41116.575,
2026-09-21T01:30:48.946248+00:00,201,65086.621,
2026-09-21T01:30:03.252959+00:00,201,110822.864,
2026-09-21T01:31:09.184632+00:00,201,44945.303,
2026-09-21T01:31:14.497654+00:00,201,39650.428,
2026-09-21T01:30:48.302678+00:00,201,65905.832,
2026-09-21T01:31:27.824106+00:00,201,26406.94,
2026-09-21T01:31:14.450822+00:00,201,39941.136,
2026-09-21T01:30:30.598268+00:00,201,83800.853,
2026-09-21T01:30:10.982306+00:00,201,103485.135,
2026-09-21T01:29:49.153349+00:00,201,125535.574,
2026-09-21T01:31:49.544657+00:00,201,5230.142,
2026-09-21T01:30:56.266315+00:00,201,58580.986,
2026-09-21T01:31:48.148337+00:00,201,6782.161,
2026-09-21T01:31:32.481861+00:00,201,22645.885,
2026-09-21T01:31:05.978231+00:00,201,49360.395,
2026-09-21T01:31:33.388053+00:00,201,22314.381,
2026-09-21T01:30:37.620484+00:00,201,78185.177,
2026-09-21T01:29:53.067320+00:00,201,122745.589,
2026-09-21T01:31:28.566262+00:00,201,27354.467,
2026-09-21T01:31:14.561766+00:00,201,41387.969,
2026-09-21T01:31:17.329574+00:00,201,38689.531,
2026-09-21T01:31:46.866814+00:00,201,9243.709,
2026-09-21T01:31:47.024512+00:00,201,9114.779,
2026-09-21T01:31:45.450716+00:00,201,10756.38,
2026-09-21T01:31:30.342381+00:00,201,25948.655,
2026-09-21T01:31:54.467652+00:00,201,1994.413,
2026-09-21T01:29:50.959854+00:00,201,125589.588,
2026-09-21T01:31:54.689180+00:00,201,1935.056,
2026-09-21T01:31:26.771299+00:00,201,29911.167,
2026-09-21T01:30:32.791399+00:00,201,84054.409,
2026-09-21T01:30:49.373864+00:00,201,67484.778,
2026-09-21T01:31:18.875987+00:00,201,38048.992,
2026-09-21T01:30:07.211875+00:00,201,109848.892,
2026-09-21T01:31:21.182547+00:00,201,35883.592,
2026-09-21T01:31:37.571533+00:00,201,19531.889,
2026-09-21T01:31:07.790530+00:00,201,49414.46,
2026-09-21T01:31:43.161164+00:00,201,14052.839,
2026-09-21T01:31:41.399430+00:00,201,15830.929,
2026-09-21T01:30:22.482418+00:00,201,94778.904,
2026-09-21T01:31:47.868142+00:00,201,9487.655,
2026-09-21T01:31:30.293566+00:00,201,27075.087,
2026-09-21T01:31:07.288441+00:00,201,50093.497,
2026-09-21T01:30:04.897998+00:00,201,112491.698,
2026-09-21T01:31:40.255300+00:00,201,17204.389,
2026-09-21T01:30:12.559649+00:00,201,104913.267,
2026-09-21T01:31:41.571794+00:00,201,15906.819,
2026-09-21T01:31:19.994839+00:00,201,37597.331,
2026-09-21T01:31:27.813324+00:00,201,29857.226,
2026-09-21T01:29:51.466496+00:00,201,126240.936,
2026-09-21T01:31:54.494434+00:00,201,3370.701,
2026-09-21T01:31:54.716815+00:00,201,3151.469,
2026-09-21T01:31:07.892242+00:00,201,49994.586,
2026-09-21T01:31:48.042829+00:00,201,9854.879,
2026-09-21T01:31:14.377247+00:00,201,43523.575,
2026-09-21T01:31:50.349023+00:00,201,7563.027,
2026-09-21T01:30:23.113070+00:00,201,94903.617,
2026-09-21T01:30:53.884116+00:00,201,64192.264,
2026-09-21T01:30:16.577037+00:00,201,101517.646,
2026-09-21T01:31:22.598478+00:00,201,35545.809,
2026-09-21T01:30:09.331303+00:00,201,108827.126,
2026-09-21T01:30:51.795305+00:00,201,66377.759,
2026-09-21T01:29:45.685763+00:00,201,132505.771,
2026-09-21T01:31:31.124334+00:00,201,27070.78,
2026-09-21T01:31:24.053107+00:00,201,34179.007,
2026-09-21T01:31:29.080168+00:00,201,29154.538,
2026-09-21T01:31:53.693109+00:00,201,4547.82,
2026-09-21T01:31:29.411337+00:00,201,28832.987,
2026-09-21T01:31:37.769234+00:00,201,20486.327,
2026-09-21T01:31:29.484457+00:00,201,28823.513,
2026-09-21T01:31:05.753374+00:00,201,52577.298,
2026-09-21T01:30:16.680098+00:00,201,101664.009,
2026-09-21T01:31:05.582386+00:00,201,52764.428,
2026-09-21T01:30:42.885212+00:00,201,75470.06,
2026-09-21T01:30:13.048134+00:00,201,105331.639,
2026-09-21T01:31:28.597037+00:00,201,29818.485,
2026-09-21T01:30:55.807722+00:00,201,62611.186,
2026-09-21T01:30:55.291262+00:00,201,63136.279,
2026-09-21T01:31:57.865146+00:00,201,574.274,
2026-09-21T01:31:45.338092+00:00,201,13134.03,
2026-09-21T01:31:05.680666+00:00,201,52805.256,
2026-09-21T01:30:25.938020+00:00,201,92553.292,
2026-09-21T01:30:35.320230+00:00,201,83182.195,
2026-09-21T01:31:39.244060+00:00,201,19265.148,
2026-09-21T01:31:50.768391+00:00,201,7766.69,
2026-09-21T01:31:26.049985+00:00,201,32514.648,
2026-09-21T01:31:26.543877+00:00,201,32031.06,
2026-09-21T01:31:39.816361+00:00,201,18766.632,
2026-09-21T01:31:38.681309+00:00,201,19905.072,
2026-09-21T01:30:35.523477+00:00,201,83099.052,
2026-09-21T01:31:54.697839+00:00,201,3970.656,
2026-09-21T01:30:11.480327+00:00,201,107211.212,
2026-09-21T01:30:57.497684+00:00,201,61210.994,
2026-09-21T01:31:24.273357+00:00,201,34445.012,
2026-09-21T01:31:45.220447+00:00,201,13500.101,
2026-09-21T01:31:02.648017+00:00,201,56100.663,
2026-09-21T01:31:46.333787+00:00,201,12432.854,
2026-09-21T01:31:50.079555+00:00,201,8696.391,
2026-09-21T01:31:53.731656+00:00,201,5051.181,
2026-09-21T01:31:30.604316+00:00,201,28197.868,
2026-09-21T01:30:55.673197+00:00,201,63130.413,
2026-09-21T01:31:09.529358+00:00,201,49277.97,
2026-09-21T01:31:16.085290+00:00,201,42730.106,
2026-09-21T01:30:01.777582+00:00,201,117112.359,
2026-09-21T01:31:51.215584+00:00,201,7688.485,
2026-09-21T01:30:44.077485+00:00,201,74850.483,
2026-09-21T01:30:54.373730+00:00,201,64592.081,
2026-09-21T01:30:17.162883+00:00,201,101822.055,
2026-09-21T01:29:55.999491+00:00,201,122991.605,
2026-09-21T01:30:42.308190+00:00,201,76688.842,
2026-09-21T01:31:18.846712+00:00,201,40152.482,
2026-09-21T01:31:35.896491+00:00,201,23104.862,
2026-09-21T01:31:39.195711+00:00,201,19816.876,
2026-09-21T01:31:10.912671+00:00,201,48114.942,
2026-09-21T01:31:16.707007+00:00,201,42322.933,
2026-09-21T01:30:58.024549+00:00,201,61029.313,
2026-09-21T01:31:48.466624+00:00,201,10595.16,
2026-09-21T01:30:29.596084+00:00,201,89478.616,
2026-09-21T01:31:26.364908+00:00,201,32740.11,
2026-09-21T01:31:14.632734+00:00,201,44480.23,
2026-09-21T01:31:55.652849+00:00,201,3470.196,
2026-09-21T01:30:57.117380+00:00,201,62012.261,
2026-09-21T01:31:33.941878+00:00,201,25218.243,
2026-09-21T01:31:40.936500+00:00,201,18233.251,
2026-09-21T01:31:32.702401+00:00,201,26480.451,
2026-09-21T01:30:21.228436+00:00,201,97956.396,
2026-09-21T01:31:47.051579+00:00,201,12147.018,
2026-09-21T01:30:41.332168+00:00,201,77896.781,
2026-09-21T01:30:20.627862+00:00,201,98611.416,
2026-09-21T01:31:30.173636+00:00,201,29085.182,
2026-09-21T01:31:48.460488+00:00,201,10823.998,
2026-09-21T01:31:51.375941+00:00,201,7931.001,
2026-09-21T01:31:01.268334+00:00,201,58054.367,
2026-09-21T01:30:15.984956+00:00,201,103350.157,
2026-09-21T01:31:22.597071+00:00,201,36739.739,
2026-09-21T01:31:43.736384+00:00,201,15640.162,
2026-09-21T01:31:39.870207+00:00,201,19524.288,
2026-09-21T01:30:17.734734+00:00,201,101702.906,
2026-09-21T01:30:27.864762+00:00,201,91587.087,
2026-09-21T01:31:13.730195+00:00,201,45754.34,
2026-09-21T01:31:30.496777+00:00,201,28991.581,
2026-09-21T01:31:42.332877+00:00,201,17185.295,
2026-09-21T01:31:53.745009+00:00,201,5776.027,
2026-09-21T01:31:19.032574+00:00,201,40502.6,
2026-09-21T01:31:58.960206+00:00,201,593.55,
2026-09-21T01:30:37.294609+00:00,201,82292.373,
2026-09-21T01:31:40.739189+00:00,201,18855.135,
2026-09-21T01:30:29.662145+00:00,201,89952.08,
2026-09-21T01:31:40.612231+00:00,201,19004.452,
2026-09-21T01:31:03.143647+00:00,201,56474.549,
2026-09-21T01:30:48.723162+00:00,201,70896.657,
2026-09-21T01:30:57.061201+00:00,201,62568.375,
2026-09-21T01:31:26.106551+00:00,201,33576.504,
2026-09-21T01:31:19.657758+00:00,201,40026.733,
2026-09-21T01:31:10.221192+00:00,201,49464.75,
2026-09-21T01:31:40.347011+00:00,201,19358.866,
2026-09-21T01:31:26.318012+00:00,201,33447.777,
2026-09-21T01:31:03.632225+00:00,201,56142.006,
2026-09-21T01:31:41.913878+00:00,201,17864.602,
2026-09-21T01:31:50.307616+00:00,201,9532.47,
2026-09-21T01:31:51.390726+00:00,201,8460.681,
2026-09-21T01:30:22.876528+00:00,201,96992.156,
2026-09-21T01:31:45.551532+00:00,201,14344.938,
2026-09-21T01:31:48.482983+00:00,201,11419.153,
2026-09-21T01:31:54.479589+00:00,201,5427.035,
2026-09-21T01:30:11.006615+00:00,201,108905.051,
2026-09-21T01:31:24.401869+00:00,201,35516.751,
2026-09-21T01:31:47.692859+00:00,201,12262.413,
2026-09-21T01:29:59.747010+00:00,201,120220.604,
2026-09-21T01:30:59.360078+00:00,201,60628.266,
2026-09-21T01:31:59.587151+00:00,201,403.997,
2026-09-21T01:30:17.273247+00:00,201,102719.375,
2026-09-21T01:30:51.218409+00:00,201,68778.48,
2026-09-21T01:31:25.390491+00:00,201,34631.141,
2026-09-21T01:31:20.535747+00:00,201,39493.02,
2026-09-21T01:31:12.962967+00:00,201,47074.023,
2026-09-21T01:31:27.506556+00:00,201,32556.061,
2026-09-21T01:31:46.644767+00:00,201,13426.571,
2026-09-21T01:31:20.663258+00:00,201,39423.847,
2026-09-21T01:31:21.556160+00:00,201,38536.911,
2026-09-21T01:31:49.668857+00:00,201,10468.86,
2026-09-21T01:31:49.507091+00:00,201,10633.624,
2026-09-21T01:31:46.842378+00:00,201,13343.664,
2026-09-21T01:30:16.293134+00:00,201,103902.661,
2026-09-21T01:31:25.940292+00:00,201,34290.414,
2026-09-21T01:31:40.168919+00:00,201,20064.101,
2026-09-21T01:31:59.823165+00:00,201,426.185,
2026-09-21T01:30:25.724798+00:00,201,94575.859,
2026-09-21T01:31:38.264736+00:00,201,22054.786,
2026-09-21T01:31:07.023584+00:00,201,53313.553,
2026-09-21T01:30:51.230207+00:00,201,69129.907,
2026-09-21T01:31:23.783579+00:00,201,36600.546,
2026-09-21T01:30:48.240087+00:00,201,72153.845,
2026-09-21T01:31:23.848895+00:00,201,36611.554,
2026-09-21T01:31:39.471365+00:00,201,21065.865,
2026-09-21T01:31:14.087553+00:00,201,46470.098,
2026-09-21T01:30:39.376187+00:00,201,81213.559,
2026-09-21T01:31:09.598388+00:00,201,51004.448,
2026-09-21T01:31:55.427078+00:00,201,5207.873,
2026-09-21T01:31:55.437893+00:00,201,5234.613,
2026-09-21T01:31:31.612190+00:00,201,29069.774,
2026-09-21T01:30:42.793005+00:00,201,77902.665,
2026-09-21T01:31:01.676180+00:00,201,59023.642,
2026-09-21T01:31:57.581433+00:00,201,3130.372,
2026-09-21T01:30:05.499682+00:00,201,115219.981,
2026-09-21T01:31:49.807485+00:00,201,10933.842,
2026-09-21T01:30:59.309535+00:00,201,61457.495,
2026-09-21T01:30:58.958856+00:00,201,61813.99,
2026-09-21T01:30:42.820736+00:00,201,77965.676,
2026-09-21T01:31:54.938501+00:00,201,5853.697,
2026-09-21T01:31:06.185879+00:00,201,54608.698,
2026-09-21T01:30:31.726315+00:00,201,89087.255,
2026-09-21T01:31:47.799579+00:00,201,13078.343,
2026-09-21T01:31:29.284994+00:00,201,31664.73,
2026-09-21T01:32:00.460531+00:00,201,519.598,
2026-09-21T01:31:32.244248+00:00,201,28753.209,
2026-09-21T01:31:37.361692+00:00,201,23643.859,
2026-09-21T01:31:59.167176+00:00,201,1858.342,
2026-09-21T01:30:38.168850+00:00,201,82866.518,
2026-09-21T01:30:47.522116+00:00,201,73530.328,
2026-09-21T01:31:13.440733+00:00,201,47658.487,
2026-09-21T01:31:27.762197+00:00,201,33355.77,
2026-09-21T01:31:39.800231+00:00,201,21322.328,
2026-09-21T01:31:05.639552+00:00,201,55503.672,
2026-09-21T01:30:59.947686+00:00,201,61212.363,
2026-09-21T01:30:40.776632+00:00,201,80385.441,
2026-09-21T01:30:36.938748+00:00,201,84225.879,
2026-09-21T01:30:09.477396+00:00,201,111696.95,
2026-09-21T01:31:36.006212+00:00,201,25173.937,
2026-09-21T01:30:24.001294+00:00,201,97242.781,
2026-09-21T01:31:19.699157+00:00,201,41556.461,
2026-09-21T01:31:48.816987+00:00,201,12447.675,
2026-09-21T01:31:21.898421+00:00,201,39387.671,
2026-09-21T01:31:49.354945+00:00,201,11947.501,
2026-09-21T01:31:47.937008+00:00,201,13371.996,
2026-09-21T01:29:38.599151+00:00,201,142733.033,
2026-09-21T01:31:33.622891+00:00,201,27792.569,
2026-09-21T01:31:34.887132+00:00,201,26533.063,
2026-09-21T01:31:33.380079+00:00,201,28044.356,
2026-09-21T01:30:55.196318+00:00,201,66237.697,
2026-09-21T01:30:01.241844+00:00,201,120196.643,
2026-09-21T01:31:29.237250+00:00,201,32203.657,
2026-09-21T01:31:29.791153+00:00,201,31652.082,
2026-09-21T01:31:21.346469+00:00,201,40102.002,
2026-09-21T01:30:49.512639+00:00,201,71944.869,
2026-09-21T01:29:43.282888+00:00,201,138197.517,
2026-09-21T01:31:53.659984+00:00,201,7824.547,
2026-09-21T01:30:23.628623+00:00,201,97867.209,
2026-09-21T01:31:38.524308+00:00,201,22993.086,
2026-09-21T01:31:44.410714+00:00,201,17120.945,
2026-09-21T01:31:37.360188+00:00,201,24203.461,
2026-09-21T01:31:06.524107+00:00,201,55042.953,
2026-09-21T01:31:00.571135+00:00,201,61007.949,
2026-09-21T01:29:50.181209+00:00,201,131402.333,
2026-09-21T01:31:21.271599+00:00,201,40320.557,
2026-09-21T01:30:31.729496+00:00,201,89874.43,
2026-09-21T01:31:56.139312+00:00,201,5475.974,
2026-09-21T01:29:49.766949+00:00,201,131871.739,
2026-09-21T01:31:55.853676+00:00,201,5820.764,
2026-09-21T01:31:25.605290+00:00,201,36075.05,
2026-09-21T01:29:55.976082+00:00,201,125705.542,
2026-09-21T01:30:09.401456+00:00,201,112285.151,
2026-09-21T01:31:33.738296+00:00,201,27951.783,
2026-09-21T01:31:46.466045+00:00,201,15225.688,
2026-09-21T01:31:17.966074+00:00,201,43755.347,
2026-09-21T01:31:27.048401+00:00,201,34676.103,
2026-09-21T01:31:20.393609+00:00,201,41346.631,
2026-09-21T01:31:17.401277+00:00,201,44345.145,
2026-09-21T01:31:07.835688+00:00,201,53939.723,
2026-09-21T01:31:15.063318+00:00,201,46735.986,
2026-09-21T01:31:33.678437+00:00,201,28130.946,
2026-09-21T01:30:41.867881+00:00,201,79955.633,
2026-09-21T01:31:11.041571+00:00,201,50823.225,
2026-09-21T01:31:56.207125+00:00,201,5659.162,
2026-09-21T01:30:14.017716+00:00,201,107849.78,
2026-09-21T01:29:47.916049+00:00,201,133978.686,
2026-09-21T01:31:19.664433+00:00,201,42238.268,
2026-09-21T01:31:50.690848+00:00,201,11214.935,
2026-09-21T01:31:33.237221+00:00,201,28670.13,
2026-09-21T01:31:13.691220+00:00,201,48217.731,
2026-09-21T01:31:47.280663+00:00,201,14630.055,
2026-09-21T01:31:24.432580+00:00,201,37486.872,
2026-09-21T01:30:42.680868+00:00,201,79254.709,
2026-09-21T01:30:49.595907+00:00,201,72359.724,
2026-09-21T01:31:44.174716+00:00,201,17786.528,
2026-09-21T01:31:18.959607+00:00,201,43022.238,
2026-09-21T01:30:19.639267+00:00,201,102364.029,
2026-09-21T01:30:53.879043+00:00,201,68180.298,
2026-09-21T01:30:32.879587+00:00,201,89203.424,
2026-09-21T01:31:47.817957+00:00,201,14278.755,
2026-09-21T01:30:11.699335+00:00,201,110454.263,
2026-09-21T01:31:47.562392+00:00,201,14604.239,
2026-09-21T01:31:14.219527+00:00,201,47953.808,
2026-09-21T01:31:02.669612+00:00,201,59522.908,
2026-09-21T01:31:32.581762+00:00,201,29621.229,
2026-09-21T01:31:15.969724+00:00,201,46235.029,
2026-09-21T01:31:34.019406+00:00,201,28200.186,
2026-09-21T01:29:43.673155+00:00,201,138595.653,
2026-09-21T01:31:22.391070+00:00,201,39881.238,
2026-09-21T01:30:57.964552+00:00,201,64333.55,
2026-09-21T01:31:09.046018+00:00,201,53284.429,
2026-09-21T01:31:48.596814+00:00,201,13745.958,
2026-09-21T01:30:54.500268+00:00,201,67862.831,
2026-09-21T01:30:44.449739+00:00,201,77938.556,
2026-09-21T01:31:19.867121+00:00,201,42547.608,
2026-09-21T01:31:53.395481+00:00,201,9024.224,
2026-09-21T01:30:49.249378+00:00,201,73180.941,
2026-09-21T01:31:59.276198+00:00,201,3156.051,
2026-09-21T01:31:26.802324+00:00,201,35631.683,
2026-09-21T01:30:01.076065+00:00,201,121368.763,
2026-09-21T01:30:55.434480+00:00,201,67022.303,
2026-09-21T01:31:25.376905+00:00,201,37092.174,
2026-09-21T01:30:34.076173+00:00,201,88403.122,
2026-09-21T01:31:15.595018+00:00,201,46894.28,
2026-09-21T01:31:27.730926+00:00,201,34773.518,
2026-09-21T01:31:59.239479+00:00,201,3276.582,
2026-09-21T01:31:19.195351+00:00,201,43332.703,
2026-09-21T01:31:12.565178+00:00,201,50023.92,
2026-09-21T01:30:10.886063+00:00,201,111707.188,
2026-09-21T01:31:50.434708+00:00,201,12180.535,
2026-09-21T01:31:34.200167+00:00,201,28421.37,
2026-09-21T01:30:57.511053+00:00,201,65151.626,
2026-09-21T01:31:26.181539+00:00,201,36483.911,
2026-09-21T01:30:52.399236+00:00,201,70273.233,
2026-09-21T01:31:43.060501+00:00,201,19628.79,
2026-09-21T01:31:51.293664+00:00,201,11399.358,
2026-09-21T01:31:56.309953+00:00,201,6414.671,
2026-09-21T01:31:44.302351+00:00,201,18473.007,
2026-09-21T01:31:11.107158+00:00,201,51684.604,
2026-09-21T01:31:46.891935+00:00,201,15908.358,
2026-09-21T01:31:20.208904+00:00,201,42619.672,
2026-09-21T01:31:11.784103+00:00,201,51051.305,
2026-09-21T01:31:14.578025+00:00,201,48274.356,
2026-09-21T01:32:02.342805+00:00,201,517.827,
2026-09-21T01:31:50.836071+00:00,201,12032.046,
2026-09-21T01:30:53.262170+00:00,201,69624.61,
2026-09-21T01:31:59.312711+00:00,201,3639.088,
2026-09-21T01:31:52.007850+00:00,201,10977.634,
2026-09-21T01:31:31.910535+00:00,201,31088.956,
2026-09-21T01:31:35.543513+00:00,201,27465.846,
2026-09-21T01:31:11.165622+00:00,201,51869.232,
2026-09-21T01:31:43.621284+00:00,201,19426.545,
2026-09-21T01:31:26.326366+00:00,201,36737.06,
2026-09-21T01:31:32.219177+00:00,201,30858.572,
2026-09-21T01:30:27.592540+00:00,201,95487.733,
2026-09-21T01:31:18.582640+00:00,201,44505.425,
2026-09-21T01:31:08.120751+00:00,201,55002.263,
2026-09-21T01:31:11.347095+00:00,201,51779.186,
2026-09-21T01:31:37.726792+00:00,201,25431.941,
2026-09-21T01:31:00.978807+00:00,201,62188.621,
2026-09-21T01:31:40.834939+00:00,201,22354.823,
2026-09-21T01:31:59.306961+00:00,201,3901.57,
2026-09-21T01:30:44.112337+00:00,201,79107.61,
2026-09-21T01:30:49.805987+00:00,201,73428.4,
2026-09-21T01:30:28.299972+00:00,201,94947.968,
2026-09-21T01:31:45.939139+00:00,201,17310.851,
2026-09-21T01:32:01.867716+00:00,201,1424.753,
2026-09-21T01:31:16.802801+00:00,201,46512.059,
2026-09-21T01:31:17.003401+00:00,201,46322.733,
2026-09-21T01:30:14.710583+00:00,201,108638.808,
2026-09-21T01:32:02.951810+00:00,201,444.104,
2026-09-21T01:30:30.798789+00:00,201,92608.559,
2026-09-21T01:31:19.445986+00:00,201,43971.858,
2026-09-21T01:31:39.319754+00:00,201,24114.55,
2026-09-21T01:31:05.372289+00:00,201,58067.982,
2026-09-21T01:31:26.231046+00:00,201,37275.4,
2026-09-21T01:30:45.941922+00:00,201,77571.413,
2026-09-21T01:30:20.904582+00:00,201,102612.023,
2026-09-21T01:31:19.105748+00:00,201,44430.274,
2026-09-21T01:31:09.530528+00:00,201,54016.1,
2026-09-21T01:31:53.481372+00:00,201,10084.205,
2026-09-21T01:31:51.853042+00:00,201,11719.601,
2026-09-21T01:31:48.713989+00:00,201,14885.716,
2026-09-21T01:30:57.017928+00:00,201,66621.024,
2026-09-21T01:32:00.699945+00:00,201,2948.904,
2026-09-21T01:31:59.258883+00:00,201,4407.584,
2026-09-21T01:31:01.441638+00:00,201,62239.215,
2026-09-21T01:30:59.174995+00:00,201,64539.994,
2026-09-21T01:31:52.621465+00:00,201,11126.378,
2026-09-21T01:31:19.849471+00:00,201,43900.105,
2026-09-21T01:30:03.021954+00:00,201,120742.161,
2026-09-21T01:30:57.785371+00:00,201,65995.684,
2026-09-21T01:30:47.828239+00:00,201,75967.509,
2026-09-21T01:30:32.222470+00:00,201,91577.78,
2026-09-21T01:31:59.031217+00:00,201,4778.724,
2026-09-21T01:30:19.068868+00:00,201,104752.552,
2026-09-21T01:31:30.341657+00:00,201,33494.101,
2026-09-21T01:29:48.348983+00:00,201,135504.002,
2026-09-21T01:30:50.288981+00:00,201,73569.011,
2026-09-21T01:30:47.706028+00:00,201,76160.481,
2026-09-21T01:31:41.868271+00:00,201,22019.773,
2026-09-21T01:30:48.773746+00:00,201,75117.427,
2026-09-21T01:31:50.454343+00:00,201,13442.707,
2026-09-21T01:30:30.883318+00:00,201,93024.4,
2026-09-21T01:30:45.997742+00:00,201,77938.749,
2026-09-21T01:31:58.929699+00:00,201,5024.794,
2026-09-21T01:30:56.162160+00:00,201,67816.951,
2026-09-21T01:32:00.711819+00:00,201,3287.073,
2026-09-21T01:31:56.643582+00:00,201,7358.034,
2026-09-21T01:31:24.883512+00:00,201,39132.957,
2026-09-21T01:30:30.280354+00:00,201,93750.244,
2026-09-21T01:31:45.984889+00:00,201,18078.429,
2026-09-21T01:30:37.106295+00:00,201,86962.875,
2026-09-21T01:31:45.732845+00:00,201,18347.616,
2026-09-21T01:30:40.938409+00:00,201,83161.426,
2026-09-21T01:32:03.648864+00:00,201,476.641,
2026-09-21T01:31:36.421937+00:00,201,27728.674,
2026-09-21T01:30:30.073300+00:00,201,94086.835,
2026-09-21T01:31:37.748783+00:00,201,26413.417,
2026-09-21T01:31:47.356965+00:00,201,16819.456,
2026-09-21T01:30:42.798959+00:00,201,81414.386,
2026-09-21T01:30:54.133317+00:00,201,70112.747,
2026-09-21T01:30:28.686875+00:00,201,95615.407,
2026-09-21T01:31:57.678474+00:00,201,6674.286,
2026-09-21T01:31:39.095637+00:00,201,25300.077,
2026-09-21T01:30:37.004170+00:00,201,87406.347,
2026-09-21T01:32:01.567174+00:00,201,2849.563,
2026-09-21T01:31:04.126956+00:00,201,60292.377,
2026-09-21T01:31:22.081266+00:00,201,42352.444,
2026-09-21T01:31:19.753412+00:00,201,44684.106,
2026-09-21T01:31:30.285072+00:00,201,34194.146,
2026-09-21T01:31:47.453615+00:00,201,17034.62,
2026-09-21T01:31:32.374233+00:00,201,32130.297,
2026-09-21T01:31:33.358244+00:00,201,31162.722,
2026-09-21T01:31:51.056002+00:00,201,13476.346,
2026-09-21T01:31:15.910268+00:00,201,48626.824,
2026-09-21T01:31:34.646896+00:00,201,29934.536,
2026-09-21T01:31:53.605333+00:00,201,11007.763,
2026-09-21T01:31:30.461745+00:00,201,34164.675,
2026-09-21T01:31:17.331196+00:00,201,47314.096,
2026-09-21T01:31:02.656992+00:00,201,62083.415,
2026-09-21T01:30:16.778708+00:00,201,108003.406,
2026-09-21T01:31:55.416296+00:00,201,9396.564,
2026-09-21T01:31:29.587065+00:00,201,35243.619,
2026-09-21T01:30:59.137044+00:00,201,65706.156,
2026-09-21T01:31:02.165348+00:00,201,62684.078,
2026-09-21T01:29:39.198063+00:00,201,145668.903,
2026-09-21T01:31:12.242336+00:00,201,52703.135,
2026-09-21T01:31:10.342227+00:00,201,54608.459,
2026-09-21T01:30:54.513744+00:00,201,70443.542,
2026-09-21T01:31:57.877420+00:00,201,7122.418,
2026-09-21T01:31:47.871154+00:00,201,17163.35,
2026-09-21T01:30:27.247084+00:00,201,97801.037,
2026-09-21T01:31:49.729693+00:00,201,15357.772,
2026-09-21T01:29:45.939205+00:00,201,139181.082,
2026-09-21T01:31:38.129629+00:00,201,26993.635,
2026-09-21T01:31:18.743084+00:00,201,46386.032,
2026-09-21T01:31:09.698605+00:00,201,55455.958,
2026-09-21T01:30:44.578708+00:00,201,80602.81,
2026-09-21T01:30:13.207138+00:00,201,111983.044,
2026-09-21T01:31:09.244344+00:00,201,55957.787,
2026-09-21T01:31:58.552377+00:00,201,6657.756,
2026-09-21T01:31:59.240636+00:00,201,5984.416,
2026-09-21T01:30:01.936415+00:00,201,123324.65,
2026-09-21T01:31:33.007825+00:00,201,32255.224,
2026-09-21T01:31:25.924597+00:00,201,39358.686,
2026-09-21T01:31:25.636156+00:00,201,39662.352,
2026-09-21T01:31:23.899697+00:00,201,41421.737,
2026-09-21T01:31:10.278781+00:00,201,55072.076,
2026-09-21T01:29:42.388164+00:00,201,142986.226,
2026-09-21T01:31:01.846823+00:00,201,63538.544,
2026-09-21T01:31:53.186482+00:00,201,12202.755,
2026-09-21T01:31:44.412964+00:00,201,20985.72,
2026-09-21T01:31:54.705287+00:00,201,10710.494,
2026-09-21T01:30:18.204484+00:00,201,107264.434,
2026-09-21T01:32:05.034543+00:00,201,472.576,
2026-09-21T01:31:27.839821+00:00,201,37669.943,
2026-09-21T01:31:20.329143+00:00,201,45186.916,
2026-09-21T01:30:41.838006+00:00,201,83683.502,
2026-09-21T01:31:28.725079+00:00,201,36817.843,
2026-09-21T01:30:48.422965+00:00,201,77131.21,
2026-09-21T01:31:31.638667+00:00,201,33918.615,
2026-09-21T01:31:18.273429+00:00,201,47302.799,
2026-09-21T01:31:59.420379+00:00,201,6165.587,
2026-09-21T01:30:55.920292+00:00,201,69708.959,
2026-09-21T01:31:23.140085+00:00,201,42493.357,
2026-09-21T01:30:50.031907+00:00,201,75637.313,
2026-09-21T01:31:36.717873+00:00,201,28973.795,
2026-09-21T01:30:27.662145+00:00,201,98104.803,
2026-09-21T01:31:30.862011+00:00,201,34934.815,
2026-09-21T01:30:00.443083+00:00,201,125397.205,
2026-09-21T01:30:09.774668+00:00,201,116094.654,
2026-09-21T01:30:51.722774+00:00,201,74148.379,
2026-09-21T01:29:42.798190+00:00,201,143080.373,
2026-09-21T01:31:45.656119+00:00,201,20232.312,
2026-09-21T01:31:01.384768+00:00,201,64511.244,
2026-09-21T01:30:56.399130+00:00,201,69515.449,
2026-09-21T01:30:07.461768+00:00,201,118466.054,
2026-09-21T01:29:42.944551+00:00,201,142989.187,
2026-09-21T01:31:07.611115+00:00,201,58324.668,
2026-09-21T01:31:20.672946+00:00,201,45275.552,
2026-09-21T01:30:56.740822+00:00,201,69234.526,
2026-09-21T01:30:59.435703+00:00,201,66552.231,
2026-09-21T01:31:05.520329+00:00,201,60477.679,
2026-09-21T01:31:46.965309+00:00,201,19049.137,
2026-09-21T01:29:50.779831+00:00,201,135245.12,
2026-09-21T01:31:32.991395+00:00,201,33038.938,
2026-09-21T01:31:16.226511+00:00,201,49821.702,
2026-09-21T01:31:57.066214+00:00,201,9000.745,
2026-09-21T01:32:05.629395+00:00,201,444.484,
2026-09-21T01:31:43.241484+00:00,201,22854.102,
2026-09-21T01:31:58.680502+00:00,201,7424.261,
2026-09-21T01:30:29.395247+00:00,201,96718.002,
2026-09-21T01:31:33.983491+00:00,201,32149.058,
2026-09-21T01:30:59.612510+00:00,201,66530.574,
2026-09-21T01:31:15.062553+00:00,201,51084.299,
2026-09-21T01:30:32.440500+00:00,201,93709.088,
2026-09-21T01:31:34.047062+00:00,201,32112.016,
2026-09-21T01:31:57.264462+00:00,201,8900.308,
2026-09-21T01:31:15.485601+00:00,201,50681.97,
2026-09-21T01:31:31.914093+00:00,201,34287.244,
2026-09-21T01:29:45.823530+00:00,201,140394.824,
2026-09-21T01:31:23.366034+00:00,201,42910.854,
2026-09-21T01:31:08.893850+00:00,201,57393.949,
2026-09-21T01:31:35.747294+00:00,201,30557.558,
2026-09-21T01:31:05.031367+00:00,201,61312.548,
2026-09-21T01:31:06.343173+00:00,201,60012.888,
2026-09-21T01:30:28.866582+00:00,201,97543.803,
2026-09-21T01:31:57.692488+00:00,201,8817.716,
2026-09-21T01:31:51.396091+00:00,201,15159.516,
2026-09-21T01:31:34.493192+00:00,201,32095.687,
2026-09-21T01:31:39.513282+00:00,201,27097.71,
2026-09-21T01:30:48.687165+00:00,201,77928.354,
2026-09-21T01:31:41.347350+00:00,201,25275.158,
2026-09-21T01:31:27.930135+00:00,201,38694.21,
2026-09-21T01:31:48.598017+00:00,201,18056.7,
2026-09-21T01:30:41.760375+00:00,201,84912.257,
2026-09-21T01:30:11.683672+00:00,201,114995.77,
2026-09-21T01:30:43.691310+00:00,201,82996.288,
2026-09-21T01:30:08.730001+00:00,201,117964.008,
2026-09-21T01:30:28.780283+00:00,201,97923.333,
2026-09-21T01:31:05.722323+00:00,201,60987.998,
2026-09-21T01:31:46.454686+00:00,201,20273.416,
2026-09-21T01:30:56.672989+00:00,201,70158.341,
2026-09-21T01:30:44.483054+00:00,201,82392.611,
2026-09-21T01:31:27.421620+00:00,201,39468.366,
2026-09-21T01:31:31.963629+00:00,201,34931.571,
2026-09-21T01:29:58.703064+00:00,201,128215.929,
2026-09-21T01:30:59.982844+00:00,201,66947.551,
2026-09-21T01:31:42.188664+00:00,201,24764.374,
2026-09-21T01:32:06.510227+00:00,201,447.955,
2026-09-21T01:31:20.120967+00:00,201,46852.144,
2026-09-21T01:31:53.012927+00:00,201,13990.237,
2026-09-21T01:30:23.243647+00:00,201,103760.833,
2026-09-21T01:30:05.009532+00:00,201,121999.816,
2026-09-21T01:31:57.103470+00:00,201,9907.704,
2026-09-21T01:30:25.281962+00:00,201,101731.407,
2026-09-21T01:31:00.879401+00:00,201,66143.288,
2026-09-21T01:31:55.880039+00:00,201,11146.809,
2026-09-21T01:30:10.180917+00:00,201,116852.983,
2026-09-21T01:30:43.923655+00:00,201,83121.385,
2026-09-21T01:31:36.281784+00:00,201,30772.863,
2026-09-21T01:30:20.197891+00:00,201,106886.071,
2026-09-21T01:31:37.013287+00:00,201,30103.988,
2026-09-21T01:30:46.865932+00:00,201,80274.677,
2026-09-21T01:32:03.126389+00:00,201,4036.737,
2026-09-21T01:31:28.446286+00:00,201,38731.412,
2026-09-21T01:31:01.501214+00:00,201,65688.844,
2026-09-21T01:31:10.165189+00:00,201,57034.935,
2026-09-21T01:30:43.271358+00:00,201,83942.174,
2026-09-21T01:32:00.071370+00:00,201,7143.903,
2026-09-21T01:30:02.401969+00:00,201,124827.945,
2026-09-21T01:31:25.379773+00:00,201,41886.993,
2026-09-21T01:31:45.747461+00:00,201,21529.232,
2026-09-21T01:31:54.509104+00:00,201,12774.686,
2026-09-21T01:31:57.787389+00:00,201,9503.848,
2026-09-21T01:32:04.645391+00:00,201,2649.828,
2026-09-21T01:31:40.649625+00:00,201,26652.905,
2026-09-21T01:31:29.766046+00:00,201,37539.036,
2026-09-21T01:31:27.794214+00:00,201,39512.722,
2026-09-21T01:30:37.091013+00:00,201,90228.141,
2026-09-21T01:31:37.617444+00:00,201,29716.525,
2026-09-21T01:30:58.150056+00:00,201,69241.297,
2026-09-21T01:31:13.163640+00:00,201,54240.008,
2026-09-21T01:31:09.416564+00:00,201,57991.033,
2026-09-21T01:31:15.527146+00:00,201,51882.2,
2026-09-21T01:32:03.208542+00:00,201,4203.557,
2026-09-21T01:31:16.717406+00:00,201,50708.73,
2026-09-21T01:31:42.023310+00:00,201,25489.616,
2026-09-21T01:31:45.996746+00:00,201,21576.658,
2026-09-21T01:31:46.107229+00:00,201,21472.665,
2026-09-21T01:31:46.873018+00:00,201,20711.038,
2026-09-21T01:31:22.324562+00:00,201,45269.828,
2026-09-21T01:30:14.067014+00:00,201,113560.021,
2026-09-21T01:31:52.772031+00:00,201,14861.548,
2026-09-21T01:30:59.507118+00:00,201,68139.082,
2026-09-21T01:31:49.049138+00:00,201,18624.917,
2026-09-21T01:30:54.000712+00:00,201,73694.253,
2026-09-21T01:31:02.069390+00:00,201,65660.365,
2026-09-21T01:31:15.181929+00:00,201,52559.907,
2026-09-21T01:30:45.873440+00:00,201,81875.697,
2026-09-21T01:31:10.969943+00:00,201,56782.721,
2026-09-21T01:31:44.757511+00:00,201,23000.952,
2026-09-21T01:31:34.357799+00:00,201,33402.168,
2026-09-21T01:30:15.485840+00:00,201,112285.126,
2026-09-21T01:30:44.460726+00:00,201,83319.759,
2026-09-21T01:30:41.869368+00:00,201,85970.783,
2026-09-21T01:31:52.988817+00:00,201,14883.027,
2026-09-21T01:30:43.802801+00:00,201,84080.536,
2026-09-21T01:31:06.905148+00:00,201,60981.661,
2026-09-21T01:30:26.460977+00:00,201,101449.251,
2026-09-21T01:31:39.614364+00:00,201,28319.44,
2026-09-21T01:31:57.969863+00:00,201,9968.509,
2026-09-21T01:30:55.047547+00:00,201,72909.695,
2026-09-21T01:31:29.323008+00:00,201,38641.3,
2026-09-21T01:31:24.924049+00:00,201,43045.492,
2026-09-21T01:31:10.452547+00:00,201,57520.697,
2026-09-21T01:31:28.202164+00:00,201,39773.179,
2026-09-21T01:30:43.966346+00:00,201,84036.284,
2026-09-21T01:31:26.072650+00:00,201,41938.243,
2026-09-21T01:31:28.107610+00:00,201,39909.379,
2026-09-21T01:31:02.617946+00:00,201,65407.703,
2026-09-21T01:31:33.103259+00:00,201,34927.809,
2026-09-21T01:31:26.689190+00:00,201,41351.988,
2026-09-21T01:31:57.261516+00:00,201,10781.192,
2026-09-21T01:31:33.405457+00:00,201,34648.803,
2026-09-21T01:31:55.813158+00:00,201,12242.72,
2026-09-21T01:31:42.339343+00:00,201,25767.292,
2026-09-21T01:30:11.069844+00:00,201,117042.814,
2026-09-21T01:30:56.525573+00:00,201,71591.081,
2026-09-21T01:30:15.628989+00:00,201,112517.536,
2026-09-21T01:30:25.887923+00:00,201,102274.272,
2026-09-21T01:31:19.460287+00:00,201,48715.03,
2026-09-21T01:31:42.575576+00:00,201,25622.652,
2026-09-21T01:31:49.173045+00:00,201,19031.565,
2026-09-21T01:31:49.769159+00:00,201,18438.21,
2026-09-21T01:29:55.509351+00:00,201,132732.247,
2026-09-21T01:31:26.045161+00:00,201,42199.126,
2026-09-21T01:31:40.723201+00:00,201,27535.584,
2026-09-21T01:31:36.550220+00:00,201,31760.393,
2026-09-21T01:31:41.470251+00:00,201,26845.954,
2026-09-21T01:30:22.410603+00:00,201,105932.425,
2026-09-21T01:29:43.885565+00:00,201,144493.655,
2026-09-21T01:30:32.027938+00:00,201,96398.249,
2026-09-21T01:30:23.499696+00:00,201,104929.429,
2026-09-21T01:31:03.842632+00:00,201,64614.623,
2026-09-21T01:32:01.681879+00:00,201,6781.427,
2026-09-21T01:29:47.268055+00:00,201,141196.327,
2026-09-21T01:31:01.123953+00:00,201,67342.56,
2026-09-21T01:31:09.687805+00:00,201,58782.577,
2026-09-21T01:30:51.594479+00:00,201,76922.992,
2026-09-21T01:31:40.838364+00:00,201,27685.67,
2026-09-21T01:30:31.433518+00:00,201,97136.715,
2026-09-21T01:29:48.825308+00:00,201,139746.721,
2026-09-21T01:31:57.572352+00:00,201,11023.321,
2026-09-21T01:30:40.298449+00:00,201,88303.047,
2026-09-21T01:30:25.361906+00:00,201,103265.07,
2026-09-21T01:31:49.295384+00:00,201,19355.453,
2026-09-21T01:30:45.036803+00:00,201,83618.8,
2026-09-21T01:30:49.456741+00:00,201,79229.616,
2026-09-21T01:30:42.437511+00:00,201,86250.833,
2026-09-21T01:29:53.640250+00:00,201,135063.041,
2026-09-21T01:31:06.322474+00:00,201,62386.544,
2026-09-21T01:31:26.818932+00:00,201,41901.829,
2026-09-21T01:31:13.169678+00:00,201,55615.86,
2026-09-21T01:30:00.972095+00:00,201,127818.25,
2026-09-21T01:31:42.461871+00:00,201,26330.724,
2026-09-21T01:31:48.744255+00:00,201,20050.501,
2026-09-21T01:31:18.355162+00:00,201,50443.801,
2026-09-21T01:31:18.849637+00:00,201,49954.452,
2026-09-21T01:31:50.725069+00:00,201,18112.434,
2026-09-21T01:31:51.564405+00:00,201,17287.641,
2026-09-21T01:31:24.861396+00:00,201,43993.985,
2026-09-21T01:31:41.171669+00:00,201,27694.617,
2026-09-21T01:31:15.315243+00:00,201,53567.309,
2026-09-21T01:30:32.131308+00:00,201,96756.822,
2026-09-21T01:31:03.109083+00:00,201,65787.697,
2026-09-21T01:30:37.787150+00:00,201,91122.83,
2026-09-21T01:30:37.173285+00:00,201,91739.59,
2026-09-21T01:30:36.548926+00:00,201,92438.951,
2026-09-21T01:31:00.585924+00:00,201,68407.936,
2026-09-21T01:31:30.994497+00:00,201,38008.428,
2026-09-21T01:31:52.818845+00:00,201,16193.359,
2026-09-21T01:30:42.649918+00:00,201,86367.503,
2026-09-21T01:31:12.556627+00:00,201,56523.575,
2026-09-21T01:30:33.795180+00:00,201,95289.707,
2026-09-21T01:31:41.230753+00:00,201,27878.323,
2026-09-21T01:30:45.092596+00:00,201,84032.712,
2026-09-21T01:31:12.887803+00:00,201,56269.992,
2026-09-21T01:30:54.511059+00:00,201,74653.07,
2026-09-21T01:31:48.895218+00:00,201,20310.706,
2026-09-21T01:30:21.221180+00:00,201,108004.036,
2026-09-21T01:30:23.523640+00:00,201,105703.063,
2026-09-21T01:31:30.407904+00:00,201,38829.934,
2026-09-21T01:32:01.823677+00:00,201,7427.992,
2026-09-21T01:30:31.580584+00:00,201,97673.259,
2026-09-21T01:31:33.580985+00:00,201,35677.125,
2026-09-21T01:32:03.248133+00:00,201,6030.784,
2026-09-21T01:30:50.884579+00:00,201,78401.464,
2026-09-21T01:31:47.525346+00:00,201,21792.696,
2026-09-21T01:31:04.984671+00:00,201,64346.365,
2026-09-21T01:31:21.219519+00:00,201,48132.081,
2026-09-21T01:31:25.114794+00:00,201,44246.747,
2026-09-21T01:31:39.693050+00:00,201,29673.901,
2026-09-21T01:31:31.956562+00:00,201,37449.522,
2026-09-21T01:31:38.161433+00:00,201,31247.817,
2026-09-21T01:29:39.692876+00:00,201,149733.663,
2026-09-21T01:30:54.005818+00:00,201,75433.527,
2026-09-21T01:31:11.897320+00:00,201,57557.991,
2026-09-21T01:31:25.501808+00:00,201,43982.041,
2026-09-21T01:30:33.934964+00:00,201,95573.415,
2026-09-21T01:30:34.758705+00:00,201,94754.549,
2026-09-21T01:31:01.436691+00:00,201,68078.229,
2026-09-21T01:31:33.261989+00:00,201,36254.743,
2026-09-21T01:31:03.986401+00:00,201,65532.11,
2026-09-21T01:30:17.165708+00:00,201,112354.588,
2026-09-21T01:31:23.072591+00:00,201,46449.832,
2026-09-21T01:31:42.004729+00:00,201,27533.16,
2026-09-21T01:29:52.430021+00:00,201,137137.582,
2026-09-21T01:31:07.876539+00:00,201,61697.428,
2026-09-21T01:32:06.066984+00:00,201,3512.444,
2026-09-21T01:31:32.922281+00:00,201,36661.576,
2026-09-21T01:30:57.830309+00:00,201,71755.772,
2026-09-21T01:31:34.787358+00:00,201,34801.252,
2026-09-21T01:31:50.900034+00:00,201,18691.072,
2026-09-21T01:31:02.865896+00:00,201,66727.688,
2026-09-21T01:31:24.891288+00:00,201,44704.996,
2026-09-21T01:31:38.566115+00:00,201,31032.942,
2026-09-21T01:32:03.639091+00:00,201,5962.864,
2026-09-21T01:31:47.466708+00:00,201,22237.669,
2026-09-21T01:31:13.270533+00:00,201,56436.635,
2026-09-21T01:30:05.596947+00:00,201,124112.919,
2026-09-21T01:31:16.975089+00:00,201,52737.803,
2026-09-21T01:29:54.454980+00:00,201,135260.741,
2026-09-21T01:31:40.988015+00:00,201,28731.067,
2026-09-21T01:32:04.488273+00:00,201,5233.938,
2026-09-21T01:31:18.259083+00:00,201,51466.11,
2026-09-21T01:30:43.612268+00:00,201,86116.01,
2026-09-21T01:31:30.805914+00:00,201,38925.766,
2026-09-21T01:30:04.790951+00:00,201,124943.881,
2026-09-21T01:30:47.783452+00:00,201,81954.835,
2026-09-21T01:31:54.011095+00:00,201,15730.838,
2026-09-21T01:31:08.058887+00:00,201,61781.512,
2026-09-21T01:31:39.462035+00:00,201,30382.576,
2026-09-21T01:31:11.168229+00:00,201,58679.929,
2026-09-21T01:31:11.281109+00:00,201,58570.75,
2026-09-21T01:31:32.796981+00:00,201,37058.664,
2026-09-21T01:30:39.657195+00:00,201,90202.202,
2026-09-21T01:31:16.766445+00:00,201,53096.926,
2026-09-21T01:30:29.819381+00:00,201,100047.852,
2026-09-21T01:31:58.419037+00:00,201,11452.513,
2026-09-21T01:30:32.232765+00:00,201,97642.748,
2026-09-21T01:31:29.739444+00:00,201,40140.392,
2026-09-21T01:31:16.735996+00:00,201,53148.127,
2026-09-21T01:31:24.985784+00:00,201,44902.81,
2026-09-21T01:31:24.617954+00:00,201,45275.134,
2026-09-21T01:31:27.666601+00:00,201,42289.443,
2026-09-21T01:30:09.424169+00:00,201,120722.656,
2026-09-21T01:31:26.925945+00:00,201,43225.763,
2026-09-21T01:31:52.618947+00:00,201,17537.559,
2026-09-21T01:30:24.469033+00:00,201,105692.042,
2026-09-21T01:30:51.311484+00:00,201,78854.48,
2026-09-21T01:30:05.701267+00:00,201,124469.497,
2026-09-21T01:30:06.141777+00:00,201,124033.967,
2026-09-21T01:31:47.747512+00:00,201,22433.482,
2026-09-21T01:31:41.463064+00:00,201,28723.062,
2026-09-21T01:30:22.924599+00:00,201,107266.591,
2026-09-21T01:31:09.476565+00:00,201,60719.974,
2026-09-21T01:30:57.602776+00:00,201,72599.071,
2026-09-21T01:31:39.995233+00:00,201,30212.22,
2026-09-21T01:30:52.382666+00:00,201,77830.277,
2026-09-21T01:30:40.996712+00:00,201,89221.834,
2026-09-21T01:31:34.614718+00:00,201,35609.715,
2026-09-21T01:31:18.538457+00:00,201,51691.717,
2026-09-21T01:30:39.357741+00:00,201,90878.239,
2026-09-21T01:30:15.661937+00:00,201,114579.915,
2026-09-21T01:30:36.950108+00:00,201,93297.763,
2026-09-21T01:31:02.696990+00:00,201,67556.885,
2026-09-21T01:31:27.230749+00:00,201,43029.192,
2026-09-21T01:31:53.082988+00:00,201,17183.098,
2026-09-21T01:31:27.303304+00:00,201,42968.952,
2026-09-21T01:31:12.165543+00:00,201,58112.948,
2026-09-21T01:31:57.085936+00:00,201,13199.082,
2026-09-21T01:31:14.291179+00:00,201,56000.194,
2026-09-21T01:31:31.308246+00:00,201,38989.667,
2026-09-21T01:30:39.131582+00:00,201,91172.852,
2026-09-21T01:31:56.019186+00:00,201,14322.253,
2026-09-21T01:30:52.161695+00:00,201,78239.271,
2026-09-21T01:31:43.502451+00:00,201,26918.773,
2026-09-21T01:30:03.421007+00:00,201,127027.105,
2026-09-21T01:31:49.634327+00:00,201,20827.716,
2026-09-21T01:30:09.781632+00:00,201,120701.089,
2026-09-21T01:31:26.391199+00:00,201,44207.875,
2026-09-21T01:30:32.502073+00:00,201,98104.218,
2026-09-21T01:31:01.508553+00:00,201,69119.863,
2026-09-21T01:32:09.406163+00:00,201,1240.34,
2026-09-21T01:30:01.930650+00:00,201,128758.12,
2026-09-21T01:31:19.197133+00:00,201,51516.376,
2026-09-21T01:30:37.121415+00:00,201,93627.891,
2026-09-21T01:30:22.321267+00:00,201,108470.949,
2026-09-21T01:31:27.304645+00:00,201,43606.578,
2026-09-21T01:31:50.755044+00:00,201,20163.245,
2026-09-21T01:31:37.702513+00:00,201,33222.864,
2026-09-21T01:29:56.003044+00:00,201,134929.297,
2026-09-21T01:30:25.014224+00:00,201,105925.307,
2026-09-21T01:31:55.805821+00:00,201,15141.248,
2026-09-21T01:31:36.182752+00:00,201,34771.713,
2026-09-21T01:31:16.668661+00:00,201,54293.197,
2026-09-21T01:31:59.349877+00:00,201,11619.695,
2026-09-21T01:32:06.276977+00:00,201,4700.474,
2026-09-21T01:30:17.371708+00:00,201,113613.304,
2026-09-21T01:31:27.192998+00:00,201,43799.945,
2026-09-21T01:31:46.104467+00:00,201,24896.417,
2026-09-21T01:32:03.349611+00:00,201,7659.274,
2026-09-21T01:30:47.549421+00:00,201,83467.201,
2026-09-21T01:31:12.429952+00:00,201,58594.784,
2026-09-21T01:31:06.437568+00:00,201,64595.372,
2026-09-21T01:31:47.292427+00:00,201,23748.804,
2026-09-21T01:31:09.706670+00:00,201,61342.98,
2026-09-21T01:32:09.537949+00:00,201,1561.636,
2026-09-21T01:30:01.826527+00:00,201,129520.466,
2026-09-21T01:31:58.775968+00:00,201,12663.665,
2026-09-21T01:31:13.413328+00:00,201,58119.121,
2026-09-21T01:31:53.196524+00:00,201,18352.51,
2026-09-21T01:30:55.683436+00:00,201,75902.814,
2026-09-21T01:31:40.664637+00:00,201,30934.196,
2026-09-21T01:30:46.204568+00:00,201,85538.364,
2026-09-21T01:31:16.799026+00:00,201,55083.135,
2026-09-21T01:31:16.681888+00:00,201,55276.834,
2026-09-21T01:30:40.678042+00:00,201,91300.904,
2026-09-21T01:31:51.661104+00:00,201,20405.382,
2026-09-21T01:31:08.002426+00:00,201,64138.224,
2026-09-21T01:31:05.451148+00:00,201,66759.275,
2026-09-21T01:32:08.720848+00:00,201,3498.065,
2026-09-21T01:31:04.804096+00:00,201,67529.011,
2026-09-21T01:31:48.060252+00:00,201,24320.157,
2026-09-21T01:31:29.889905+00:00,201,42511.763,
2026-09-21T01:31:28.831917+00:00,201,43612.843,
2026-09-21T01:32:10.304619+00:00,201,2153.325,
2026-09-21T01:31:42.377453+00:00,201,30323.859,
2026-09-21T01:31:02.519893+00:00,201,70499.206,
2026-09-21T01:30:49.202279+00:00,201,83920.606,
2026-09-21T01:30:08.510490+00:00,201,124625.324,
2026-09-21T01:31:17.858014+00:00,201,55290.887,
2026-09-21T01:31:34.087782+00:00,201,39074.012,
2026-09-21T01:31:59.074883+00:00,201,14152.034,
2026-09-21T01:31:36.141254+00:00,201,37116.578,
2026-09-21T01:29:50.970118+00:00,201,142336.124,
2026-09-21T01:32:03.536114+00:00,201,9832.584,
2026-09-21T01:31:59.590356+00:00,201,13859.124,
2026-09-21T01:30:11.910710+00:00,201,121718.2,
2026-09-21T01:30:18.646150+00:00,201,115024.332,
2026-09-21T01:31:18.687618+00:00,201,55147.074,
2026-09-21T01:32:03.888093+00:00,201,9972.555,
2026-09-21T01:31:58.043624+00:00,201,16057.017,
2026-09-21T01:31:49.569942+00:00,201,24661.112,
2026-09-21T01:30:37.183554+00:00,201,97153.773,
2026-09-21T01:31:10.454939+00:00,201,63915.382,
2026-09-21T01:31:02.607632+00:00,201,71804.341,
2026-09-21T01:31:38.927275+00:00,201,35551.626,
2026-09-21T01:31:30.214852+00:00,201,44340.995,
2026-09-21T01:31:37.400112+00:00,201,37164.24,
2026-09-21T01:30:09.762938+00:00,201,124870.65,
2026-09-21T01:30:59.447582+00:00,201,75248.001,
2026-09-21T01:30:48.168773+00:00,201,86744.928,
2026-09-21T01:31:59.123056+00:00,201,15887.026,
2026-09-21T01:32:04.626492+00:00,201,10441.017,
2026-09-21T01:31:26.105776+00:00,201,48988.022,
2026-09-21T01:30:17.907100+00:00,201,117191.453,
2026-09-21T01:31:08.465471+00:00,201,66756.261,
2026-09-21T01:31:15.598061+00:00,201,59653.303,
2026-09-21T01:30:31.146347+00:00,201,104144.423,
2026-09-21T01:31:44.995496+00:00,201,30298.43,
2026-09-21T01:31:28.042321+00:00,201,47257.118,
2026-09-21T01:31:32.832191+00:00,201,42478.314,
2026-09-21T01:30:27.289606+00:00,201,108034.868,
2026-09-21T01:31:02.760726+00:00,201,72572.207,
2026-09-21T01:31:39.657412+00:00,201,35696.744,
2026-09-21T01:31:45.891195+00:00,201,29473.07,
2026-09-21T01:31:38.310167+00:00,201,37064.35,
2026-09-21T01:30:30.040537+00:00,201,105345.285,
2026-09-21T01:31:01.628442+00:00,201,73760.382,
2026-09-21T01:30:50.014333+00:00,201,85384.562,
2026-09-21T01:31:21.415577+00:00,201,54077.88,
2026-09-21T01:30:54.011128+00:00,201,81553.022,
2026-09-21T01:31:31.278125+00:00,201,44293.525,
2026-09-21T01:31:24.227500+00:00,201,51387.755,
2026-09-21T01:31:24.219489+00:00,201,51437.448,
2026-09-21T01:31:31.307481+00:00,201,44365.465,
2026-09-21T01:31:56.099527+00:00,201,19580.209,
2026-09-21T01:31:16.272882+00:00,201,59455.465,
2026-09-21T01:31:25.463179+00:00,201,50303.954,
2026-09-21T01:30:02.474480+00:00,201,133344.432,
2026-09-21T01:31:15.870116+00:00,201,59962.048,
2026-09-21T01:31:33.516353+00:00,201,42354.004,
2026-09-21T01:30:51.803594+00:00,201,84086.995,
2026-09-21T01:31:50.736973+00:00,201,25161.23,
2026-09-21T01:31:51.657731+00:00,201,24264.662,
2026-09-21T01:32:15.293990+00:00,201,649.911,
2026-09-21T01:31:15.434132+00:00,201,60533.751,
2026-09-21T01:30:46.337792+00:00,201,89643.58,
2026-09-21T01:32:09.409317+00:00,201,6602.253,
2026-09-21T01:31:48.040594+00:00,201,27982.763,
2026-09-21T01:32:10.421282+00:00,201,5643.595,
2026-09-21T01:31:40.304081+00:00,201,35772.459,
2026-09-21T01:31:40.341115+00:00,201,35765.933,
2026-09-21T01:31:58.714819+00:00,201,17417.893,
2026-09-21T01:31:40.221400+00:00,201,35920.201,
2026-09-21T01:32:04.613127+00:00,201,11540.133,
2026-09-21T01:31:02.981334+00:00,201,73175.405,
2026-09-21T01:31:05.370962+00:00,201,70787.962,
2026-09-21T01:31:14.947892+00:00,201,61226.554,
2026-09-21T01:31:31.662491+00:00,201,44516.438,
2026-09-21T01:31:29.318436+00:00,201,46874.523,
2026-09-21T01:29:50.032671+00:00,201,146182.763,
2026-09-21T01:30:18.510530+00:00,201,117719.074,
2026-09-21T01:31:45.404988+00:00,201,30826.183,
2026-09-21T01:31:36.504189+00:00,201,39753.758,
2026-09-21T01:31:05.087758+00:00,201,71180.193,
2026-09-21T01:31:20.259337+00:00,201,56016.306,
2026-09-21T01:30:37.785746+00:00,201,98492.563,
2026-09-21T01:30:45.181778+00:00,201,91124.442,
2026-09-21T01:30:56.862838+00:00,201,79458.675,
2026-09-21T01:31:50.693815+00:00,201,25630.501,
2026-09-21T01:31:59.918695+00:00,201,16424.43,
2026-09-21T01:31:28.363347+00:00,201,47986.378,
2026-09-21T01:31:35.579041+00:00,201,40780.131,
2026-09-21T01:30:33.502682+00:00,201,102871.825,
2026-09-21T01:31:48.399611+00:00,201,27983.608,
2026-09-21T01:30:37.572255+00:00,201,98821.349,
2026-09-21T01:30:27.380047+00:00,201,109052.057,
2026-09-21T01:30:24.016569+00:00,201,112437.071,
2026-09-21T01:32:10.161288+00:00,201,6299.062,
2026-09-21T01:31:13.702639+00:00,201,62760.74,
2026-09-21T01:32:09.707284+00:00,201,6764.397,
2026-09-21T01:31:00.580395+00:00,201,75895.806,
2026-09-21T01:32:16.064893+00:00,201,422.781,
2026-09-21T01:30:11.327987+00:00,201,125171.932,
2026-09-21T01:30:59.445358+00:00,201,77060.745,
2026-09-21T01:32:01.864903+00:00,201,14646.244,
2026-09-21T01:31:42.357775+00:00,201,34187.557,
2026-09-21T01:31:00.236798+00:00,201,76318.346,
2026-09-21T01:31:50.511116+00:00,201,26061.187,
2026-09-21T01:31:38.071745+00:00,201,38524.123,
2026-09-21T01:31:04.831497+00:00,201,71780.356,
2026-09-21T01:31:28.051002+00:00,201,48586.093,
2026-09-21T01:31:01.394113+00:00,201,75294.666,
2026-09-21T01:31:25.675800+00:00,201,51062.3,
2026-09-21T01:32:10.181042+00:00,201,6567.718,
2026-09-21T01:31:12.073251+00:00,201,64695.86,
2026-09-21T01:31:04.707653+00:00,201,72066.482,
2026-09-21T01:30:09.966689+00:00,201,126823.607,
2026-09-21T01:30:03.792850+00:00,201,132998.95,
2026-09-21T01:31:47.366707+00:00,201,29440.5,
2026-09-21T01:31:29.589523+00:00,201,47235.759,
2026-09-21T01:30:37.888673+00:00,201,98950.198,
2026-09-21T01:31:29.843057+00:00,201,47005.465,
2026-09-21T01:30:03.512034+00:00,201,133353.888,
2026-09-21T01:31:54.483274+00:00,201,22387.113,
2026-09-21T01:31:13.187370+00:00,201,63690.031,
2026-09-21T01:31:04.804790+00:00,201,72095.399,
2026-09-21T01:31:35.969666+00:00,201,40937.061,
2026-09-21T01:31:12.965131+00:00,201,63948.662,
2026-09-21T01:31:00.100693+00:00,201,76818.773,
2026-09-21T01:30:31.128065+00:00,201,105794.267,
2026-09-21T01:30:24.552462+00:00,201,112378.349,
2026-09-21T01:31:57.473129+00:00,201,19460.958,
2026-09-21T01:30:14.698604+00:00,201,122263.86,
2026-09-21T01:30:32.592057+00:00,201,104382.502,
2026-09-21T01:30:36.741905+00:00,201,100239.574,
2026-09-21T01:31:42.933295+00:00,201,34049.876,
2026-09-21T01:30:34.276755+00:00,201,102715.925,
2026-09-21T01:31:03.289239+00:00,201,73714.192,
2026-09-21T01:31:01.897922+00:00,201,75114.325,
2026-09-21T01:32:04.537193+00:00,201,12479.318,
2026-09-21T01:30:43.197280+00:00,201,93846.985,
2026-09-21T01:31:59.522042+00:00,201,17551.369,
2026-09-21T01:30:59.533369+00:00,201,77557.626,
2026-09-21T01:30:28.712803+00:00,201,108435.851,
2026-09-21T01:29:42.574341+00:00,201,154575.681,
2026-09-21T01:31:15.287964+00:00,201,61882.003,
2026-09-21T01:32:10.254013+00:00,201,6922.032,
2026-09-21T01:31:26.605909+00:00,201,50644.901,
2026-09-21T01:31:59.275369+00:00,201,17996.13,
2026-09-21T01:31:33.873383+00:00,201,43405.668,
2026-09-21T01:31:00.034928+00:00,201,77248.669,
2026-09-21T01:30:21.235767+00:00,201,116071.98,
2026-09-21T01:30:30.906759+00:00,201,106405.664,
2026-09-21T01:30:52.521212+00:00,201,84812.229,
2026-09-21T01:31:17.349635+00:00,201,60009.744,
2026-09-21T01:30:15.604738+00:00,201,121776.552,
2026-09-21T01:31:10.305171+00:00,201,67082.192,
2026-09-21T01:32:06.958188+00:00,201,10441.56,
2026-09-21T01:29:53.057057+00:00,201,144352.133,
2026-09-21T01:31:24.766697+00:00,201,52706.494,
2026-09-21T01:31:26.414976+00:00,201,51059.754,
2026-09-21T01:32:12.457952+00:00,201,5048.378,
2026-09-21T01:32:15.310594+00:00,201,2198.182,
2026-09-21T01:31:14.601503+00:00,201,62923.102,
2026-09-21T01:31:25.107970+00:00,201,52420.855,
2026-09-21T01:31:59.753613+00:00,201,17786.88,
2026-09-21T01:30:51.586678+00:00,201,85967.142,
2026-09-21T01:32:05.181683+00:00,201,12391.38,
2026-09-21T01:32:01.424494+00:00,201,16162.954,
2026-09-21T01:31:26.582839+00:00,201,51013.738,
2026-09-21T01:30:57.008199+00:00,201,80600.556,
2026-09-21T01:31:12.330591+00:00,201,65310.425,
2026-09-21T01:30:35.520889+00:00,201,102134.999,
2026-09-21T01:31:17.081653+00:00,201,60577.37,
2026-09-21T01:30:29.404787+00:00,201,108274.825,
2026-09-21T01:31:35.496245+00:00,201,42230.56,
2026-09-21T01:30:47.159220+00:00,201,90580.317,
2026-09-21T01:31:48.269860+00:00,201,29503.915,
2026-09-21T01:31:00.740996+00:00,201,77048.543,
2026-09-21T01:31:40.531348+00:00,201,37295.137,
2026-09-21T01:32:16.268096+00:00,201,1562.618,
2026-09-21T01:32:16.748776+00:00,201,1092.905,
2026-09-21T01:30:49.965118+00:00,201,87882.302,
2026-09-21T01:30:29.713635+00:00,201,108150.104,
2026-09-21T01:29:56.522906+00:00,201,141363.76,
2026-09-21T01:31:50.632585+00:00,201,27262.172,
2026-09-21T01:32:17.473300+00:00,201,434.052,
2026-09-21T01:31:28.924074+00:00,201,49021.795,
2026-09-21T01:30:20.205016+00:00,201,117750.17,
2026-09-21T01:31:28.877540+00:00,201,49081.651,
2026-09-21T01:32:07.579941+00:00,201,10399.418,
2026-09-21T01:31:27.889518+00:00,201,50092.189,
2026-09-21T01:30:42.438367+00:00,201,95549.555,
2026-09-21T01:32:08.601676+00:00,201,9392.717,
2026-09-21T01:32:17.573095+00:00,201,429.732,
2026-09-21T01:30:44.709817+00:00,201,93311.23,
2026-09-21T01:32:10.947104+00:00,201,7132.97,
2026-09-21T01:32:11.000936+00:00,201,7080.734,
2026-09-21T01:30:24.521036+00:00,201,113565.586,
2026-09-21T01:29:50.113482+00:00,201,147977.696,
2026-09-21T01:30:55.398303+00:00,201,82779.439,
2026-09-21T01:31:36.317345+00:00,201,41864.902,
2026-09-21T01:31:15.272470+00:00,201,62916.521,
2026-09-21T01:31:49.674054+00:00,201,28533.364,
2026-09-21T01:32:02.430468+00:00,201,15792.048,
2026-09-21T01:31:59.632315+00:00,201,18602.225,
2026-09-21T01:31:23.003546+00:00,201,55234.105,
2026-09-21T01:31:38.176588+00:00,201,40073.785,
2026-09-21T01:31:55.868935+00:00,201,22393.469,
2026-09-21T01:31:58.336273+00:00,201,19985.47,
2026-09-21T01:30:34.850241+00:00,201,103490.656,
2026-09-21T01:31:59.027716+00:00,201,19316.297,
2026-09-21T01:30:55.748503+00:00,201,82641.313,
2026-09-21T01:31:17.736034+00:00,201,60659.571,
2026-09-21T01:30:54.930690+00:00,201,83469.544,
2026-09-21T01:31:26.742785+00:00,201,51687.94,
2026-09-21T01:30:50.024958+00:00,201,88410.629,
2026-09-21T01:31:13.553750+00:00,201,64891.898,
2026-09-21T01:31:41.829461+00:00,201,36623.78,
2026-09-21T01:30:15.119644+00:00,201,123337.095,
2026-09-21T01:31:46.402827+00:00,201,32059.432,
2026-09-21T01:31:16.791802+00:00,201,61675.041,
2026-09-21T01:30:06.138073+00:00,201,132347.756,
2026-09-21T01:31:31.443414+00:00,201,47048.482,
2026-09-21T01:31:19.034449+00:00,201,59462.612,
2026-09-21T01:30:59.576535+00:00,201,78934.416,
2026-09-21T01:31:51.314149+00:00,201,27207.365,
2026-09-21T01:30:48.604601+00:00,201,89918.301,
2026-09-21T01:30:49.117450+00:00,201,89409.985,
2026-09-21T01:30:28.484225+00:00,201,110048.552,
2026-09-21T01:31:51.160946+00:00,201,27409.59,
2026-09-21T01:31:09.704168+00:00,201,68893.015,
2026-09-21T01:32:18.177912+00:00,201,433.437,
2026-09-21T01:31:18.306658+00:00,201,60328.27,
2026-09-21T01:30:04.127011+00:00,201,134553.102,
2026-09-21T01:30:10.408579+00:00,201,128280.583,
2026-09-21T01:31:42.118789+00:00,201,36574.371,
2026-09-21T01:30:39.395117+00:00,201,99299.932,
2026-09-21T01:31:26.451271+00:00,201,52245.33,
2026-09-21T01:31:50.172268+00:00,201,28529.418,
2026-09-21T01:31:34.401790+00:00,201,44311.231,
2026-09-21T01:31:04.684308+00:00,201,74037.062,
2026-09-21T01:31:13.676710+00:00,201,65055.981,
2026-09-21T01:31:52.983399+00:00,201,25781.143,
2026-09-21T01:30:39.758960+00:00,201,99006.746,
2026-09-21T01:30:22.596302+00:00,201,116199.365,
2026-09-21T01:31:33.281804+00:00,201,45517.172,
2026-09-21T01:31:33.907765+00:00,201,44896.426,
2026-09-21T01:30:37.330167+00:00,201,101522.437,
2026-09-21T01:31:59.349020+00:00,201,19515.002,
2026-09-21T01:31:50.475122+00:00,201,28390.243,
2026-09-21T01:31:03.607581+00:00,201,75259.086,
2026-09-21T01:31:24.369784+00:00,201,54526.046,
2026-09-21T01:30:50.872259+00:00,201,88027.157,
2026-09-21T01:31:28.718804+00:00,201,50188.813,
2026-09-21T01:31:32.843904+00:00,201,46073.875,
2026-09-21T01:31:40.077844+00:00,201,38878.973,
2026-09-21T01:31:32.091016+00:00,201,46871.169,
2026-09-21T01:31:42.772477+00:00,201,36191.084,
2026-09-21T01:29:52.842625+00:00,201,146147.752,
2026-09-21T01:31:00.195686+00:00,201,78800.412,
2026-09-21T01:31:20.900171+00:00,201,58098.763,
2026-09-21T01:30:49.565234+00:00,201,89454.896,
2026-09-21T01:31:37.637618+00:00,201,41385.518,
2026-09-21T01:31:37.145177+00:00,201,41882.419,
2026-09-21T01:31:34.228097+00:00,201,44808.562,
2026-09-21T01:31:14.033913+00:00,201,65004.28,
2026-09-21T01:31:56.945012+00:00,201,22116.861,
2026-09-21T01:29:49.696250+00:00,201,149393.238,
2026-09-21T01:31:23.645447+00:00,201,55455.97,
2026-09-21T01:32:10.462088+00:00,201,8644.594,
2026-09-21T01:30:23.212013+00:00,201,115920.894,
2026-09-21T01:31:41.583107+00:00,201,37562.909,
2026-09-21T01:31:08.003574+00:00,201,71143.822,
2026-09-21T01:30:44.204789+00:00,201,94944.718,
2026-09-21T01:30:37.616745+00:00,201,101573.27,
2026-09-21T01:31:21.175577+00:00,201,58015.826,
2026-09-21T01:30:02.386234+00:00,201,136817.977,
2026-09-21T01:30:31.448480+00:00,201,107757.25,
2026-09-21T01:31:10.453768+00:00,201,68778.522,
2026-09-21T01:31:25.765807+00:00,201,53470.517,
2026-09-21T01:31:45.886362+00:00,201,33351.504,
2026-09-21T01:31:50.857029+00:00,201,28416.542,
2026-09-21T01:31:59.616728+00:00,201,19668.604,
2026-09-21T01:31:48.338994+00:00,201,30972.649,
2026-09-21T01:31:40.032046+00:00,201,39296.057,
2026-09-21T01:30:51.367962+00:00,201,87981.552,
2026-09-21T01:31:58.828505+00:00,201,20534.621,
2026-09-21T01:30:57.325230+00:00,201,82047.766,
2026-09-21T01:31:56.295225+00:00,201,23081.609,
2026-09-21T01:31:51.834558+00:00,201,27557.525,
2026-09-21T01:31:57.459726+00:00,201,21955.993,
2026-09-21T01:31:46.326573+00:00,201,33096.015,
2026-09-21T01:31:17.043824+00:00,201,62383.345,
2026-09-21T01:31:17.113940+00:00,201,62348.669,
2026-09-21T01:31:53.996912+00:00,201,25490.599,
2026-09-21T01:31:37.325149+00:00,201,42164.112,
2026-09-21T01:31:49.206490+00:00,201,30284.546,
2026-09-21T01:31:20.676010+00:00,201,58828.55,
2026-09-21T01:31:59.857825+00:00,201,19670.175,
2026-09-21T01:31:24.763106+00:00,201,54766.617,
2026-09-21T01:30:45.436389+00:00,201,94102.017,
2026-09-21T01:31:58.330780+00:00,201,21227.843,
2026-09-21T01:31:31.330848+00:00,201,48257.074,
2026-09-21T01:31:35.937301+00:00,201,43652.476,
2026-09-21T01:31:58.204766+00:00,201,21386.961,
2026-09-21T01:31:57.912069+00:00,201,21681.568,
2026-09-21T01:30:52.239243+00:00,201,87356.231,
2026-09-21T01:30:57.747525+00:00,201,81850.018,
2026-09-21T01:30:45.098705+00:00,201,94500.921,
2026-09-21T01:31:03.512797+00:00,201,76089.042,
2026-09-21T01:31:41.260894+00:00,201,38343.285,
2026-09-21T01:31:51.254286+00:00,201,28352.221,
2026-09-21T01:31:21.624688+00:00,201,57984.1,
2026-09-21T01:32:06.875833+00:00,201,12735.517,
2026-09-21T01:31:26.470241+00:00,201,53143.536,
2026-09-21T01:30:26.237417+00:00,201,113378.761,
2026-09-21T01:30:58.051125+00:00,201,81567.756,
2026-09-21T01:31:17.869023+00:00,201,61752.554,
2026-09-21T01:31:38.639099+00:00,201,40985.279,
2026-09-21T01:30:42.439203+00:00,201,97187.806,
2026-09-21T01:31:04.919499+00:00,201,74716.236,
2026-09-21T01:30:47.928438+00:00,201,91771.863,
2026-09-21T01:30:37.336888+00:00,201,102418.427,
2026-09-21T01:30:32.957533+00:00,201,106800.728,
2026-09-21T01:31:35.273557+00:00,201,44515.456,
2026-09-21T01:31:51.892515+00:00,201,27902.386,
2026-09-21T01:31:59.522846+00:00,201,20277.955,
2026-09-21T01:32:17.907358+00:00,201,1899.721,
2026-09-21T01:31:35.356823+00:00,201,44503.385,
2026-09-21T01:31:41.109462+00:00,201,38823.772,
2026-09-21T01:31:16.357395+00:00,201,63587.947,
2026-09-21T01:32:16.688933+00:00,201,3297.917,
2026-09-21T01:30:41.740852+00:00,201,98281.163,
2026-09-21T01:31:30.200349+00:00,201,49901.793,
2026-09-21T01:31:46.427615+00:00,201,33691.528,
2026-09-21T01:31:37.063658+00:00,201,43063.564,
2026-09-21T01:30:18.053866+00:00,201,122087.207,
2026-09-21T01:31:05.010028+00:00,201,75138.269,
2026-09-21T01:31:38.933104+00:00,201,41236.735,
2026-09-21T01:30:35.900803+00:00,201,104283.386,
2026-09-21T01:32:18.956898+00:00,201,1240.608,
2026-09-21T01:31:19.557361+00:00,201,60747.523,
2026-09-21T01:31:40.659833+00:00,201,39656.158,
2026-09-21T01:31:18.112421+00:00,201,62210.699,
2026-09-21T01:32:17.073450+00:00,201,3269.84,
2026-09-21T01:30:47.073782+00:00,201,93272.333,
2026-09-21T01:31:13.372607+00:00,201,66987.171,
2026-09-21T01:31:11.456444+00:00,201,68926.01,
2026-09-21T01:31:30.359975+00:00,201,50052.542,
2026-09-21T01:31:29.529872+00:00,201,50912.898,
2026-09-21T01:31:03.877083+00:00,201,76568.542,
2026-09-21T01:31:38.902359+00:00,201,41671.508,
2026-09-21T01:31:24.928695+00:00,201,55693.444,
2026-09-21T01:31:22.933202+00:00,201,57698.802,
2026-09-21T01:30:55.932433+00:00,201,84735.712,
2026-09-21T01:30:29.338086+00:00,201,111370.984,
2026-09-21T01:30:51.658923+00:00,201,89066.59,
2026-09-21T01:31:17.197827+00:00,201,63538.749,
2026-09-21T01:31:45.104063+00:00,201,35640.945,
2026-09-21T01:31:26.704016+00:00,201,54043.859,
2026-09-21T01:30:03.023001+00:00,201,137738.928,
2026-09-21T01:31:51.527461+00:00,201,29303.729,
2026-09-21T01:32:17.091154+00:00,201,3751.858,
2026-09-21T01:31:47.361937+00:00,201,33485.115,
2026-09-21T01:30:48.950427+00:00,201,91902.154,
2026-09-21T01:32:15.968008+00:00,201,4889.091,
2026-09-21T01:32:09.516809+00:00,201,11434.909,
2026-09-21T01:32:00.144198+00:00,201,20821.113,
2026-09-21T01:31:54.693535+00:00,201,26290.854,
2026-09-21T01:31:16.427720+00:00,201,64567.654,
2026-09-21T01:31:06.242512+00:00,201,74774.027,
2026-09-21T01:31:29.712667+00:00,201,51354.021,
2026-09-21T01:32:15.067534+00:00,201,6019.511,
2026-09-21T01:32:20.442875+00:00,201,648.33,
2026-09-21T01:31:25.768258+00:00,201,55352.418,
2026-09-21T01:30:48.513318+00:00,201,92646.674,
2026-09-21T01:31:22.491264+00:00,201,58704.302,
2026-09-21T01:31:39.317430+00:00,201,41900.833,
2026-09-21T01:31:37.291543+00:00,201,43947.717,
2026-09-21T01:31:43.389111+00:00,201,37875.026,
2026-09-21T01:31:15.080136+00:00,201,66258.642,
2026-09-21T01:30:56.908643+00:00,201,84442.371,
2026-09-21T01:31:52.541572+00:00,201,28851.252,
2026-09-21T01:31:09.821956+00:00,201,71601.349,
2026-09-21T01:30:38.393517+00:00,201,103099.55,
2026-09-21T01:31:39.379773+00:00,201,42160.307,
2026-09-21T01:31:35.727509+00:00,201,45863.093,
2026-09-21T01:32:05.507125+00:00,201,16129.533,
2026-09-21T01:30:48.776307+00:00,201,92889.932,
2026-09-21T01:31:58.094890+00:00,201,23581.357,
2026-09-21T01:31:58.379986+00:00,201,23314.746,
2026-09-21T01:30:50.662797+00:00,201,91034.819,
2026-09-21T01:30:34.947394+00:00,201,106771.219,
2026-09-21T01:31:10.398570+00:00,201,71331.867,
2026-09-21T01:31:37.998311+00:00,201,43742.825,
2026-09-21T01:31:03.830603+00:00,201,77937.521,
2026-09-21T01:31:11.619830+00:00,201,70184.811,
2026-09-21T01:32:04.213511+00:00,201,17628.987,
2026-09-21T01:31:29.597664+00:00,201,52278.272,
2026-09-21T01:30:38.196681+00:00,201,103728.089,
2026-09-21T01:31:55.920789+00:00,201,26020.708,
2026-09-21T01:31:57.684407+00:00,201,24262.835,
2026-09-21T01:30:54.388443+00:00,201,87571.493,
2026-09-21T01:30:57.070085+00:00,201,84902.911,
2026-09-21T01:31:58.334131+00:00,201,23734.848,
2026-09-21T01:31:40.559895+00:00,201,41524.849,
2026-09-21T01:31:09.008005+00:00,201,73097.941,
2026-09-21T01:30:49.642400+00:00,201,92480.737,
2026-09-21T01:31:02.067163+00:00,201,80086.918,
2026-09-21T01:32:08.146753+00:00,201,14015.76,
2026-09-21T01:31:31.914810+00:00,201,50286.109,
2026-09-21T01:31:27.057626+00:00,201,55200.545,
2026-09-21T01:31:06.718788+00:00,201,75549.32,
2026-09-21T01:31:11.507887+00:00,201,70775.883,
2026-09-21T01:31:28.126142+00:00,201,54167.962,
2026-09-21T01:30:57.514325+00:00,201,84785.657,
2026-09-21T01:32:15.564317+00:00,201,6776.676,
2026-09-21T01:31:25.019948+00:00,201,57346.14,
2026-09-21T01:30:14.554652+00:00,201,127815.779,
2026-09-21T01:31:46.826744+00:00,201,35551.382,
2026-09-21T01:31:35.166789+00:00,201,47217.614,
2026-09-21T01:31:38.688882+00:00,201,43743.582,
2026-09-21T01:31:30.722309+00:00,201,51720.478,
2026-09-21T01:30:37.601138+00:00,201,104869.463,
2026-09-21T01:31:07.215390+00:00,201,75259.666,
2026-09-21T01:30:03.856873+00:00,201,138622.399,
2026-09-21T01:31:09.092989+00:00,201,73419.931,
2026-09-21T01:31:41.993155+00:00,201,40549.04,
2026-09-21T01:31:16.006200+00:00,201,66547.819,
2026-09-21T01:32:19.089790+00:00,201,3471.343,
2026-09-21T01:32:19.106702+00:00,201,3524.858,
2026-09-21T01:30:51.663673+00:00,201,91027.339,
2026-09-21T01:31:06.413396+00:00,201,76284.596,
2026-09-21T01:30:50.007437+00:00,201,92739.125,
2026-09-21T01:30:57.671890+00:00,201,85146.0,
2026-09-21T01:31:07.249594+00:00,201,75575.095,
2026-09-21T01:31:08.719747+00:00,201,74197.78,
2026-09-21T01:31:44.516899+00:00,201,38425.687,
2026-09-21T01:30:43.745316+00:00,201,99227.121,
2026-09-21T01:32:16.612001+00:00,201,6461.352,
2026-09-21T01:30:41.492209+00:00,201,101587.834,
2026-09-21T01:31:35.579821+00:00,201,47503.243,
2026-09-21T01:31:54.968851+00:00,201,28202.962,
2026-09-21T01:31:19.963748+00:00,201,63213.501,
2026-09-21T01:32:16.839072+00:00,201,6358.606,
2026-09-21T01:31:41.118364+00:00,201,42104.999,
2026-09-21T01:31:27.938724+00:00,201,55294.3,
2026-09-21T01:31:53.950774+00:00,201,29302.017,
2026-09-21T01:30:08.765004+00:00,201,134504.101,
2026-09-21T01:31:44.415205+00:00,201,38911.568,
2026-09-21T01:30:41.489677+00:00,201,101862.213,
2026-09-21T01:31:03.305025+00:00,201,80053.644,
2026-09-21T01:30:03.596260+00:00,201,139765.13,
2026-09-21T01:32:19.755523+00:00,201,3634.136,
2026-09-21T01:31:49.796466+00:00,201,33640.814,
2026-09-21T01:30:19.309385+00:00,201,124148.227,
2026-09-21T01:31:51.308960+00:00,201,32230.338,
2026-09-21T01:30:51.966024+00:00,201,91627.374,
2026-09-21T01:30:02.805613+00:00,201,140858.017,
2026-09-21T01:30:40.601543+00:00,201,103085.11,
2026-09-21T01:30:44.454345+00:00,201,99243.337,
2026-09-21T01:30:27.253120+00:00,201,116452.935,
2026-09-21T01:29:57.103785+00:00,201,146641.021,
2026-09-21T01:30:08.934770+00:00,201,134819.986,
2026-09-21T01:31:42.577843+00:00,201,41187.323,
2026-09-21T01:31:00.673004+00:00,201,83179.079,
2026-09-21T01:30:32.689321+00:00,201,111200.348,
2026-09-21T01:30:54.120508+00:00,201,89785.813,
2026-09-21T01:31:45.215818+00:00,201,38704.649,
2026-09-21T01:32:00.186076+00:00,201,23743.104,
2026-09-21T01:31:30.633873+00:00,201,53312.183,
2026-09-21T01:31:47.186151+00:00,201,36765.462,
2026-09-21T01:31:53.095420+00:00,201,30894.978,
2026-09-21T01:31:49.695787+00:00,201,34297.514,
2026-09-21T01:31:14.296946+00:00,201,69706.406,
2026-09-21T01:31:02.818293+00:00,201,81203.636,
2026-09-21T01:31:18.602580+00:00,201,65425.219,
2026-09-21T01:31:02.613215+00:00,201,81442.152,
2026-09-21T01:31:46.039404+00:00,201,38019.117,
2026-09-21T01:30:34.857931+00:00,201,109215.466,
2026-09-21T01:31:32.515078+00:00,201,51600.601,
2026-09-21T01:32:03.858143+00:00,201,20270.768,
2026-09-21T01:30:17.209263+00:00,201,126934.159,
2026-09-21T01:31:19.850821+00:00,201,64318.552,
2026-09-21T01:31:18.506818+00:00,201,65686.443,
2026-09-21T01:31:44.966247+00:00,201,39255.996,
2026-09-21T01:32:18.962281+00:00,201,5366.907,
2026-09-21T01:31:17.818594+00:00,201,66549.8,
2026-09-21T01:31:05.298554+00:00,201,79094.098,
2026-09-21T01:31:53.190821+00:00,201,31229.281,
2026-09-21T01:31:50.201301+00:00,201,34249.521,
2026-09-21T01:31:02.917759+00:00,201,81580.663,
2026-09-21T01:31:26.077401+00:00,201,58429.814,
2026-09-21T01:30:10.277665+00:00,201,134241.969,
2026-09-21T01:31:01.643502+00:00,201,82902.094,
2026-09-21T01:31:39.900570+00:00,201,44669.937,
2026-09-21T01:30:29.716858+00:00,201,114884.003,
2026-09-21T01:30:46.797013+00:00,201,97835.585,
2026-09-21T01:30:48.429301+00:00,201,96207.732,
2026-09-21T01:29:58.290187+00:00,201,146364.265,
2026-09-21T01:30:56.957786+00:00,201,87718.795,
2026-09-21T01:31:58.622698+00:00,201,26058.507,
2026-09-21T01:31:32.905083+00:00,201,51786.067,
2026-09-21T01:32:16.460367+00:00,201,8237.94,
2026-09-21T01:30:02.806320+00:00,201,141915.635,
2026-09-21T01:31:08.060086+00:00,201,76669.381,
2026-09-21T01:32:17.955424+00:00,201,6810.659,
2026-09-21T01:31:22.184226+00:00,201,62596.027,
2026-09-21T01:31:59.064288+00:00,201,25736.835,
2026-09-21T01:29:53.164079+00:00,201,151651.645,
2026-09-21T01:30:28.511587+00:00,201,116320.736,
2026-09-21T01:29:50.861203+00:00,201,153981.97,
2026-09-21T01:31:40.995143+00:00,201,43879.094,
2026-09-21T01:30:41.487758+00:00,201,103402.174,
2026-09-21T01:31:33.211185+00:00,201,51681.104,
2026-09-21T01:29:38.995087+00:00,201,165934.563,
2026-09-21T01:31:47.324502+00:00,201,37607.007,
2026-09-21T01:32:15.333082+00:00,201,9602.937,
2026-09-21T01:31:56.483421+00:00,201,28517.424,
2026-09-21T01:30:33.259362+00:00,201,111750.881,
2026-09-21T01:30:15.829942+00:00,201,129183.872,
2026-09-21T01:31:39.187132+00:00,201,45842.598,
2026-09-21T01:32:24.637229+00:00,201,400.859,
2026-09-21T01:31:56.470537+00:00,201,28594.438,
2026-09-21T01:31:53.979994+00:00,201,31086.587,
2026-09-21T01:32:02.419729+00:00,201,22662.999,
2026-09-21T01:31:51.249691+00:00,201,33837.505,
2026-09-21T01:31:19.204389+00:00,201,65920.885,
2026-09-21T01:31:47.293208+00:00,201,37852.994,
2026-09-21T01:31:58.895674+00:00,201,26254.535,
2026-09-21T01:32:04.395769+00:00,201,20758.17,
2026-09-21T01:31:44.131340+00:00,201,41024.935,
2026-09-21T01:30:27.998793+00:00,201,117160.468,
2026-09-21T01:30:58.955421+00:00,201,86209.641,
2026-09-21T01:31:16.848107+00:00,201,68323.469,
2026-09-21T01:31:42.230681+00:00,201,42942.69,
2026-09-21T01:31:58.807430+00:00,201,26380.339,
2026-09-21T01:31:23.992742+00:00,201,61209.482,
2026-09-21T01:31:22.766563+00:00,201,62458.376,
2026-09-21T01:31:52.612379+00:00,201,32617.954,
2026-09-21T01:31:15.615394+00:00,201,69627.813,
2026-09-21T01:31:22.111612+00:00,201,63146.887,
2026-09-21T01:31:51.385533+00:00,201,33876.917,
2026-09-21T01:29:44.777072+00:00,201,160526.593,
2026-09-21T01:32:04.479290+00:00,201,20832.859,
2026-09-21T01:30:14.424698+00:00,201,130890.856,
2026-09-21T01:31:21.340858+00:00,201,63989.991,
2026-09-21T01:32:11.016793+00:00,201,14320.36,
2026-09-21T01:30:32.589574+00:00,201,112749.825,
2026-09-21T01:31:45.654249+00:00,201,39702.57,
2026-09-21T01:31:56.480670+00:00,201,28932.154,
2026-09-21T01:31:13.648443+00:00,201,71782.613,
2026-09-21T01:29:55.376588+00:00,201,150065.78,
2026-09-21T01:31:27.924559+00:00,201,57527.0,
2026-09-21T01:30:52.894982+00:00,201,92606.204,
2026-09-21T01:30:47.072710+00:00,201,98429.886,
2026-09-21T01:31:40.992947+00:00,201,44522.199,
2026-09-21T01:31:51.306876+00:00,201,34211.208,
2026-09-21T01:31:17.676802+00:00,201,67847.851,
2026-09-21T01:30:47.339138+00:00,201,98233.492,
2026-09-21T01:31:24.707536+00:00,201,60886.616,
2026-09-21T01:31:54.475953+00:00,201,31120.52,
2026-09-21T01:31:29.690028+00:00,201,55913.679,
2026-09-21T01:30:51.049802+00:00,201,94587.786,
2026-09-21T01:32:23.352097+00:00,201,2317.055,
2026-09-21T01:32:18.696709+00:00,201,6979.222,
2026-09-21T01:31:45.452908+00:00,201,40224.429,
2026-09-21T01:31:24.094264+00:00,201,61625.378,
2026-09-21T01:30:04.778146+00:00,201,140943.467,
2026-09-21T01:31:29.077999+00:00,201,56673.587,
2026-09-21T01:30:41.189021+00:00,201,104567.697,
2026-09-21T01:30:45.394836+00:00,201,100374.008,
2026-09-21T01:31:58.466360+00:00,201,27318.485,
2026-09-21T01:31:51.748661+00:00,201,34076.367,
2026-09-21T01:30:20.334162+00:00,201,125497.58,
2026-09-21T01:32:00.337250+00:00,201,25498.715,
2026-09-21T01:30:49.329145+00:00,201,96514.854,
2026-09-21T01:32:17.506343+00:00,201,8341.443,
2026-09-21T01:31:19.004827+00:00,201,66845.831,
2026-09-21T01:31:32.931838+00:00,201,52938.846,
2026-09-21T01:31:39.065537+00:00,201,46837.382,
2026-09-21T01:31:47.370202+00:00,201,38557.843,
2026-09-21T01:31:11.974428+00:00,201,73955.543,
2026-09-21T01:31:50.931294+00:00,201,35009.274,
2026-09-21T01:31:17.731886+00:00,201,68217.899,
2026-09-21T01:31:06.459129+00:00,201,79504.95,
2026-09-21T01:30:39.969660+00:00,201,105997.236,
2026-09-21T01:32:25.572832+00:00,201,414.766,
2026-09-21T01:30:10.626022+00:00,201,135370.339,
2026-09-21T01:31:07.620795+00:00,201,78389.83,
2026-09-21T01:30:31.497761+00:00,201,114523.134,
2026-09-21T01:31:09.625901+00:00,201,76422.391,
2026-09-21T01:31:25.660625+00:00,201,60391.662,
2026-09-21T01:30:13.063593+00:00,201,132995.226,
2026-09-21T01:30:44.014123+00:00,201,102053.019,
2026-09-21T01:30:30.802800+00:00,201,115271.542,
2026-09-21T01:30:20.155963+00:00,201,125927.912,
2026-09-21T01:31:49.458310+00:00,201,36632.605,
2026-09-21T01:30:59.404330+00:00,201,86695.407,
2026-09-21T01:31:52.763015+00:00,201,33376.455,
2026-09-21T01:30:02.210474+00:00,201,143931.321,
2026-09-21T01:31:33.590527+00:00,201,52557.843,
2026-09-21T01:29:54.065734+00:00,201,152100.633,
2026-09-21T01:31:33.412211+00:00,201,52780.583,
2026-09-21T01:31:52.758518+00:00,201,33462.688,
2026-09-21T01:31:28.419827+00:00,201,57816.327,
2026-09-21T01:31:18.056084+00:00,201,68194.928,
2026-09-21T01:30:11.748352+00:00,201,134505.586,
2026-09-21T01:31:53.164076+00:00,201,33096.622,
2026-09-21T01:32:10.792436+00:00,201,15484.71,
2026-09-21T01:30:41.325488+00:00,201,104956.461,
2026-09-21T01:31:57.478651+00:00,201,28821.75,
2026-09-21T01:30:57.831776+00:00,201,88474.859,
2026-09-21T01:31:47.802639+00:00,201,38506.798,
2026-09-21T01:30:45.226360+00:00,201,101091.423,
2026-09-21T01:30:59.534497+00:00,201,86802.252,
2026-09-21T01:31:50.371897+00:00,201,35986.346,
2026-09-21T01:31:46.550308+00:00,201,39815.229,
2026-09-21T01:30:54.008371+00:00,201,92377.083,
2026-09-21T01:30:43.609186+00:00,201,102806.888,
2026-09-21T01:31:23.144658+00:00,201,63300.157,
2026-09-21T01:32:16.774284+00:00,201,9672.689,
2026-09-21T01:31:48.992766+00:00,201,37464.7,
2026-09-21T01:31:24.755627+00:00,201,61720.122,
2026-09-21T01:30:39.819566+00:00,201,106672.399,
2026-09-21T01:31:08.596686+00:00,201,77896.884,
2026-09-21T01:30:22.013967+00:00,201,124519.803,
2026-09-21T01:31:23.924162+00:00,201,62621.336,
2026-09-21T01:32:25.315819+00:00,201,1247.156,
2026-09-21T01:30:47.696845+00:00,201,98900.232,
2026-09-21T01:30:41.764921+00:00,201,104848.864,
2026-09-21T01:31:15.957574+00:00,201,70659.361,
2026-09-21T01:31:56.486147+00:00,201,30134.102,
2026-09-21T01:31:07.661593+00:00,201,78963.419,
2026-09-21T01:31:15.698290+00:00,201,70935.532,
2026-09-21T01:32:16.487680+00:00,201,10150.385,
2026-09-21T01:29:59.932737+00:00,201,146711.504,
2026-09-21T01:31:23.507739+00:00,201,63142.539,
2026-09-21T01:32:03.513497+00:00,201,23143.776,
2026-09-21T01:31:40.990761+00:00,201,45677.082,
2026-09-21T01:32:21.718829+00:00,201,4973.665,
2026-09-21T01:31:01.034760+00:00,201,85706.605,
2026-09-21T01:30:43.141631+00:00,201,103637.834,
2026-09-21T01:30:51.445859+00:00,201,95334.934,
2026-09-21T01:32:26.416283+00:00,201,368.57,
2026-09-21T01:32:26.444946+00:00,201,341.3,
2026-09-21T01:32:26.446996+00:00,201,369.473,
2026-09-21T01:31:04.465108+00:00,201,82353.837,
2026-09-21T01:31:03.831294+00:00,201,82989.067,
2026-09-21T01:30:50.324590+00:00,201,96508.775,
2026-09-21T01:32:06.218637+00:00,201,20618.355,
2026-09-21T01:31:17.244992+00:00,201,69601.125,
2026-09-21T01:31:18.674872+00:00,201,68199.62,
2026-09-21T01:31:49.308836+00:00,201,37574.574,
2026-09-21T01:31:13.192305+00:00,201,73694.849,
2026-09-21T01:31:11.224673+00:00,201,75672.853,
2026-09-21T01:32:03.047871+00:00,201,23857.301,
2026-09-21T01:31:58.161834+00:00,201,28755.911,
2026-09-21T01:30:45.227721+00:00,201,101693.509,
2026-09-21T01:31:13.558119+00:00,201,73377.063,
2026-09-21T01:31:01.461561+00:00,201,85475.784,
2026-09-21T01:30:16.268637+00:00,201,130677.689,
2026-09-21T01:30:53.614925+00:00,201,93369.413,
2026-09-21T01:30:25.912926+00:00,201,121080.96,
2026-09-21T01:31:14.465270+00:00,201,72542.535,
2026-09-21T01:31:03.709183+00:00,201,83310.781,
2026-09-21T01:31:08.468907+00:00,201,78596.383,
2026-09-21T01:30:44.292333+00:00,201,102790.957,
2026-09-21T01:31:58.206710+00:00,201,28889.389,
2026-09-21T01:30:32.030530+00:00,201,115073.255,
2026-09-21T01:31:22.326111+00:00,201,64782.936,
2026-09-21T01:31:26.712455+00:00,201,60419.97,
2026-09-21T01:30:54.246495+00:00,201,92893.041,
2026-09-21T01:31:04.527120+00:00,201,82636.835,
2026-09-21T01:32:26.786252+00:00,201,379.143,
2026-09-21T01:30:58.683425+00:00,201,88509.885,
2026-09-21T01:31:18.703285+00:00,201,68522.786,
2026-09-21T01:30:41.600791+00:00,201,105634.923,
2026-09-21T01:31:31.101863+00:00,201,56135.218,
2026-09-21T01:31:51.019499+00:00,201,36220.724,
2026-09-21T01:29:57.368040+00:00,201,149885.65,
2026-09-21T01:31:53.735520+00:00,201,33552.5,
2026-09-21T01:30:57.207383+00:00,201,90084.098,
2026-09-21T01:30:45.099849+00:00,201,102216.271,
2026-09-21T01:31:35.508064+00:00,201,51813.692,
2026-09-21T01:30:16.773606+00:00,201,130556.408,
2026-09-21T01:30:43.839366+00:00,201,103493.788,
2026-09-21T01:31:47.433472+00:00,201,39904.984,
2026-09-21T01:32:23.539369+00:00,201,3800.612,
2026-09-21T01:31:13.186118+00:00,201,74164.552,
2026-09-21T01:30:29.580821+00:00,201,117777.367,
2026-09-21T01:31:44.306901+00:00,201,43100.316,
2026-09-21T01:32:02.203054+00:00,201,25216.667,
2026-09-21T01:30:49.147343+00:00,201,98285.133,
2026-09-21T01:30:50.804839+00:00,201,96649.079,
2026-09-21T01:31:58.160785+00:00,201,29302.204,
2026-09-21T01:31:30.669187+00:00,201,56796.931,
2026-09-21T01:31:53.224509+00:00,201,34260.114,
2026-09-21T01:31:49.444579+00:00,201,38053.201,
2026-09-21T01:32:09.956132+00:00,201,17574.733,
2026-09-21T01:31:21.626203+00:00,201,65916.1,
2026-09-21T01:31:59.166417+00:00,201,28379.001,
2026-09-21T01:31:59.384580+00:00,201,28171.056,
2026-09-21T01:31:58.234767+00:00,201,29327.899,
2026-09-21T01:30:46.169016+00:00,201,101417.679,
2026-09-21T01:31:35.689838+00:00,201,51905.394,
2026-09-21T01:32:19.538597+00:00,201,8065.184,
2026-09-21T01:32:24.936041+00:00,201,2675.735,
2026-09-21T01:30:39.477192+00:00,201,108137.653,
2026-09-21T01:32:27.226212+00:00,201,391.003,
2026-09-21T01:31:02.022446+00:00,201,85622.424,
2026-09-21T01:31:58.045021+00:00,201,29623.849,
2026-09-21T01:30:34.989489+00:00,201,112693.334,
2026-09-21T01:31:30.202238+00:00,201,57484.514,
2026-09-21T01:31:38.279030+00:00,201,49431.582,
2026-09-21T01:30:11.918781+00:00,201,135804.917,
2026-09-21T01:31:39.369137+00:00,201,48398.44,
2026-09-21T01:31:18.079870+00:00,201,69701.743,
2026-09-21T01:31:51.373700+00:00,201,36416.013,
2026-09-21T01:31:32.932747+00:00,201,54862.445,
2026-09-21T01:32:21.066795+00:00,201,6734.371,
2026-09-21T01:29:56.297837+00:00,201,151510.247,
2026-09-21T01:31:42.843377+00:00,201,44974.769,
2026-09-21T01:32:27.454114+00:00,201,374.103,
2026-09-21T01:31:51.280165+00:00,201,36558.845,
2026-09-21T01:30:22.684558+00:00,201,125174.604,
2026-09-21T01:31:39.470137+00:00,201,48415.293,
2026-09-21T01:31:48.984173+00:00,201,38917.09,
2026-09-21T01:30:38.955398+00:00,201,108947.706,
2026-09-21T01:30:46.042052+00:00,201,101892.766,
2026-09-21T01:32:25.949926+00:00,201,1987.904,
2026-09-21T01:31:37.290576+00:00,201,50662.776,
2026-09-21T01:30:16.382205+00:00,201,131574.328,
2026-09-21T01:30:55.417447+00:00,201,92544.67,
2026-09-21T01:31:09.233649+00:00,201,78761.547,
2026-09-21T01:31:05.160173+00:00,201,82836.341,
2026-09-21T01:31:47.177074+00:00,201,40821.039,
2026-09-21T01:32:19.933316+00:00,201,8066.307,
2026-09-21T01:31:42.570402+00:00,201,45430.64,
2026-09-21T01:31:06.574162+00:00,201,81428.374,
2026-09-21T01:30:43.515100+00:00,201,104506.401,
2026-09-21T01:30:33.245883+00:00,201,114784.152,
2026-09-21T01:31:27.238199+00:00,201,60805.544,
2026-09-21T01:30:47.718255+00:00,201,100340.418,
2026-09-21T01:31:40.796866+00:00,201,47288.205,
2026-09-21T01:30:52.781687+00:00,201,95311.347,
2026-09-21T01:31:34.238455+00:00,201,53866.157,
2026-09-21T01:31:42.120915+00:00,201,45991.501,
2026-09-21T01:30:24.162809+00:00,201,123962.368,
2026-09-21T01:31:37.802704+00:00,201,50342.106,
2026-09-21T01:30:58.450913+00:00,201,89718.153,
2026-09-21T01:30:50.925105+00:00,201,97245.561,
2026-09-21T01:31:16.454123+00:00,201,71723.031,
2026-09-21T01:31:13.957293+00:00,201,74248.624,
2026-09-21T01:32:03.189810+00:00,201,25021.913,
2026-09-21T01:32:07.026874+00:00,201,21194.86,
2026-09-21T01:30:12.939466+00:00,201,135283.819,
2026-09-21T01:31:14.151615+00:00,201,74109.406,
2026-09-21T01:32:25.784902+00:00,201,2492.575,
2026-09-21T01:29:57.746497+00:00,201,150545.545,
2026-09-21T01:30:58.871848+00:00,201,89466.681,
2026-09-21T01:31:50.978066+00:00,201,37362.284,
2026-09-21T01:30:50.669580+00:00,201,97672.422,
2026-09-21T01:30:28.507222+00:00,201,119838.416,
2026-09-21T01:32:23.946166+00:00,201,4425.157,
2026-09-21T01:30:45.685007+00:00,201,102696.219,
2026-09-21T01:31:33.999837+00:00,201,54411.501,
2026-09-21T01:32:09.483940+00:00,201,18948.404,
2026-09-21T01:30:58.960647+00:00,201,89473.429,
2026-09-21T01:30:42.934883+00:00,201,105531.362,
2026-09-21T01:31:11.417090+00:00,201,77062.267,
2026-09-21T01:31:07.012016+00:00,201,81487.371,
2026-09-21T01:30:41.557306+00:00,201,107007.272,
2026-09-21T01:31:20.190046+00:00,201,68390.652,
2026-09-21T01:31:29.894365+00:00,201,58700.555,
2026-09-21T01:31:42.127346+00:00,201,46481.377,
2026-09-21T01:32:21.941554+00:00,201,6671.528,
2026-09-21T01:31:32.903512+00:00,201,55718.956,
2026-09-21T01:31:56.632546+00:00,201,31994.01,
2026-09-21T01:32:21.091210+00:00,201,7613.193,
2026-09-21T01:31:34.683247+00:00,201,54022.888,
2026-09-21T01:31:59.229108+00:00,201,29478.965,
2026-09-21T01:30:24.904866+00:00,201,123817.517,
2026-09-21T01:32:22.917680+00:00,201,5807.772,
2026-09-21T01:30:37.942565+00:00,201,110805.27,
2026-09-21T01:31:40.610376+00:00,201,48139.63,
2026-09-21T01:32:04.246209+00:00,201,24507.001,
2026-09-21T01:31:26.166906+00:00,201,62599.859,
2026-09-21T01:31:52.548257+00:00,201,36226.136,
2026-09-21T01:30:23.744667+00:00,201,125054.256,
2026-09-21T01:31:44.419718+00:00,201,44381.319,
2026-09-21T01:31:02.738585+00:00,201,86100.597,
2026-09-21T01:31:48.498338+00:00,201,40359.096,
2026-09-21T01:31:34.392434+00:00,201,54513.64,
2026-09-21T01:31:37.770887+00:00,201,51143.73,
2026-09-21T01:31:24.799833+00:00,201,64116.584,
2026-09-21T01:31:06.485297+00:00,201,82478.768,
2026-09-21T01:31:21.277235+00:00,201,67712.042,
2026-09-21T01:30:27.277476+00:00,201,121719.359,
2026-09-21T01:31:47.903900+00:00,201,41104.437,
2026-09-21T01:32:07.163138+00:00,201,21880.643,
2026-09-21T01:31:11.148101+00:00,201,77914.929,
2026-09-21T01:30:56.802620+00:00,201,92278.236,
2026-09-21T01:31:55.202300+00:00,201,33895.32,
2026-09-21T01:31:56.657057+00:00,201,32447.818,
2026-09-21T01:32:00.137746+00:00,201,28981.666,
2026-09-21T01:32:14.412120+00:00,201,14738.201,
2026-09-21T01:32:24.329203+00:00,201,4865.926,
2026-09-21T01:31:37.842688+00:00,201,51394.411,
2026-09-21T01:32:00.794690+00:00,201,28454.344,
2026-09-21T01:29:52.472971+00:00,201,156820.075,
2026-09-21T01:31:05.090885+00:00,201,84216.379,
2026-09-21T01:31:48.887109+00:00,201,40431.043,
2026-09-21T01:30:12.571772+00:00,201,136751.763,
2026-09-21T01:30:19.496719+00:00,201,129835.471,
2026-09-21T01:31:06.662858+00:00,201,82692.81,
2026-09-21T01:31:09.868809+00:00,201,79488.94,
2026-09-21T01:31:57.785627+00:00,201,31574.359,
2026-09-21T01:32:01.302476+00:00,201,28064.745,
2026-09-21T01:31:47.184240+00:00,201,42199.246,
2026-09-21T01:30:44.748028+00:00,201,104650.433,
2026-09-21T01:32:07.391496+00:00,201,22024.004,
2026-09-21T01:31:06.746099+00:00,201,82687.881,
2026-09-21T01:31:54.239719+00:00,201,35197.266,
2026-09-21T01:31:32.634469+00:00,201,56830.113,
2026-09-21T01:30:59.768336+00:00,201,89704.751,
2026-09-21T01:31:02.687092+00:00,201,86809.693,
2026-09-21T01:31:44.183858+00:00,201,45326.157,
2026-09-21T01:32:21.636695+00:00,201,7916.044,
2026-09-21T01:31:45.555769+00:00,201,44012.822,
2026-09-21T01:31:34.528300+00:00,201,55064.08,
2026-09-21T01:31:55.702483+00:00,201,33919.066,
2026-09-21T01:31:55.649069+00:00,201,33984.709,
2026-09-21T01:32:29.150356+00:00,201,519.378,
2026-09-21T01:31:35.814143+00:00,201,53880.15,
2026-09-21T01:31:07.034214+00:00,201,82661.904,
2026-09-21T01:30:40.516840+00:00,201,109213.904,
2026-09-21T01:30:50.707022+00:00,201,99052.035,
2026-09-21T01:31:56.648969+00:00,201,33112.116,
2026-09-21T01:31:31.149088+00:00,201,58630.912,
2026-09-21T01:31:31.074393+00:00,201,58724.128,
2026-09-21T01:31:49.502503+00:00,201,40317.687,
2026-09-21T01:31:45.443965+00:00,201,44387.959,
2026-09-21T01:31:01.478251+00:00,201,88377.809,
2026-09-21T01:31:51.740977+00:00,201,38124.446,
2026-09-21T01:30:42.960299+00:00,201,106910.14,
2026-09-21T01:31:04.638115+00:00,201,85240.658,
2026-09-21T01:30:40.082833+00:00,201,109807.797,
2026-09-21T01:31:36.648447+00:00,201,53255.501,
2026-09-21T01:30:23.646531+00:00,201,126262.603,
2026-09-21T01:31:35.374554+00:00,201,54552.853,
2026-09-21T01:31:08.230086+00:00,201,81722.21,
2026-09-21T01:32:13.257911+00:00,201,16705.208,
2026-09-21T01:31:19.501058+00:00,201,70465.111,
2026-09-21T01:31:58.708805+00:00,201,31372.386,
2026-09-21T01:31:49.173806+00:00,201,40931.227,
2026-09-21T01:31:59.684574+00:00,201,30456.359,
2026-09-21T01:32:01.615301+00:00,201,28529.386,
2026-09-21T01:31:46.578766+00:00,201,43586.94,
2026-09-21T01:31:07.218077+00:00,201,82950.484,
2026-09-21T01:31:00.582684+00:00,201,89597.48,
2026-09-21T01:30:06.043271+00:00,201,144139.811,
2026-09-21T01:31:12.905509+00:00,201,77296.379,
2026-09-21T01:31:33.176924+00:00,201,57035.808,
2026-09-21T01:31:57.872236+00:00,201,32357.498,
2026-09-21T01:31:18.742382+00:00,201,71530.679,
2026-09-21T01:32:01.746514+00:00,201,28548.622,
2026-09-21T01:31:16.790166+00:00,201,73525.791,
2026-09-21T01:31:14.244059+00:00,201,76118.913,
2026-09-21T01:31:37.592864+00:00,201,52870.533,
2026-09-21T01:31:36.930990+00:00,201,53552.447,
2026-09-21T01:30:11.468157+00:00,201,139022.17,
2026-09-21T01:31:56.306425+00:00,201,34187.398,
2026-09-21T01:31:59.053989+00:00,201,31449.079,
2026-09-21T01:32:27.321865+00:00,201,3184.63,
2026-09-21T01:31:01.077805+00:00,201,89450.306,
2026-09-21T01:30:08.110727+00:00,201,142488.444,
2026-09-21T01:30:45.943887+00:00,201,104676.722,
2026-09-21T01:30:17.520366+00:00,201,133115.029,
2026-09-21T01:30:37.385619+00:00,201,113252.847,
2026-09-21T01:30:01.400458+00:00,201,149248.199,
2026-09-21T01:31:52.591813+00:00,201,38066.71,
2026-09-21T01:30:25.367456+00:00,201,125300.293,
2026-09-21T01:32:06.014491+00:00,201,24660.119,
2026-09-21T01:30:30.648511+00:00,201,120076.06,
2026-09-21T01:31:52.558808+00:00,201,38190.085,
2026-09-21T01:30:47.611738+00:00,201,103155.398,
2026-09-21T01:32:17.170095+00:00,201,13613.268,
2026-09-21T01:31:15.256570+00:00,201,75611.708,
2026-09-21T01:30:30.874442+00:00,201,120017.985,
2026-09-21T01:30:29.663880+00:00,201,121232.188,
2026-09-21T01:31:57.273003+00:00,201,33635.503,
2026-09-21T01:31:48.369308+00:00,201,42554.168,
2026-09-21T01:31:28.290580+00:00,201,62642.158,
2026-09-21T01:29:33.628995+00:00,201,177312.981,
2026-09-21T01:30:56.719295+00:00,201,94237.937,
2026-09-21T01:31:50.697856+00:00,201,40293.799,
2026-09-21T01:31:41.576217+00:00,201,49423.857,
2026-09-21T01:31:56.299016+00:00,201,34734.922,
2026-09-21T01:31:27.804377+00:00,201,63233.377,
2026-09-21T01:31:41.879826+00:00,201,49181.182,
2026-09-21T01:31:57.879082+00:00,201,33209.519,
2026-09-21T01:32:06.890069+00:00,201,24200.887,
2026-09-21T01:31:58.715615+00:00,201,32377.456,
2026-09-21T01:32:30.599461+00:00,201,539.001,
2026-09-21T01:31:39.955423+00:00,201,51191.63,
2026-09-21T01:32:30.724816+00:00,201,462.626,
2026-09-21T01:31:25.098204+00:00,201,66100.007,
2026-09-21T01:31:16.983466+00:00,201,74219.732,
2026-09-21T01:31:44.195412+00:00,201,47022.201,
2026-09-21T01:31:38.093810+00:00,201,53175.815,
2026-09-21T01:30:01.073432+00:00,201,150202.681,
2026-09-21T01:31:28.028547+00:00,201,63269.047,
2026-09-21T01:31:19.492249+00:00,201,71809.489,
2026-09-21T01:30:13.223026+00:00,201,138099.032,
2026-09-21T01:30:39.812371+00:00,201,111562.401,
2026-09-21T01:32:09.361633+00:00,201,22026.63,
2026-09-21T01:29:55.187264+00:00,201,156226.12,
2026-09-21T01:31:37.119032+00:00,201,54301.514,
2026-09-21T01:31:02.839265+00:00,201,88592.31,
2026-09-21T01:31:31.338606+00:00,201,60096.124,
2026-09-21T01:31:36.145667+00:00,201,55326.003,
2026-09-21T01:31:36.119857+00:00,201,55375.434,
2026-09-21T01:31:16.208874+00:00,201,75296.734,
2026-09-21T01:31:51.288910+00:00,201,40218.816,
2026-09-21T01:31:43.506879+00:00,201,48022.418,
2026-09-21T01:30:43.588850+00:00,201,107954.062,
2026-09-21T01:29:41.517957+00:00,201,170045.327,
2026-09-21T01:31:35.193453+00:00,201,56441.854,
2026-09-21T01:31:08.775991+00:00,201,82881.828,
2026-09-21T01:31:58.959511+00:00,201,32703.025,
2026-09-21T01:31:27.297788+00:00,201,64405.646,
2026-09-21T01:30:31.826190+00:00,201,119903.975,
2026-09-21T01:31:23.921078+00:00,201,67811.943,
2026-09-21T01:31:34.356102+00:00,201,57397.305,
2026-09-21T01:32:06.895274+00:00,201,24865.67,
2026-09-21T01:31:15.329171+00:00,201,76439.715,
2026-09-21T01:31:01.035907+00:00,201,90737.125,
2026-09-21T01:31:33.799844+00:00,201,57979.669,
2026-09-21T01:32:28.706247+00:00,201,3103.786,
2026-09-21T01:31:12.752823+00:00,201,79084.866,
2026-09-21T01:32:16.511183+00:00,201,15331.353,
2026-09-21T01:30:47.872185+00:00,201,103974.933,
2026-09-21T01:31:31.944556+00:00,201,59915.828,
2026-09-21T01:31:45.553642+00:00,201,46310.838,
2026-09-21T01:31:38.497664+00:00,201,53373.9,
2026-09-21T01:31:25.831283+00:00,201,66060.681,
2026-09-21T01:32:16.275758+00:00,201,15639.303,
2026-09-21T01:31:46.453569+00:00,201,45464.521,
2026-09-21T01:31:45.968465+00:00,201,45968.17,
2026-09-21T01:30:44.481343+00:00,201,107492.864,
2026-09-21T01:31:16.147354+00:00,201,75837.866,
2026-09-21T01:31:08.597959+00:00,201,83399.466,
2026-09-21T01:31:49.570652+00:00,201,42428.861,
2026-09-21T01:31:33.801592+00:00,201,58223.868,
2026-09-21T01:30:50.442526+00:00,201,101594.393,
2026-09-21T01:31:50.542923+00:00,201,41513.255,
2026-09-21T01:30:43.678355+00:00,201,108391.415,
2026-09-21T01:31:00.192262+00:00,201,91911.551,
2026-09-21T01:30:15.795111+00:00,201,136328.687,
2026-09-21T01:31:39.256258+00:00,201,52869.568,
2026-09-21T01:29:41.865280+00:00,201,170307.21,
2026-09-21T01:31:12.399341+00:00,201,79776.185,
2026-09-21T01:31:03.527988+00:00,201,88670.816,
2026-09-21T01:31:01.494914+00:00,201,90761.297,
2026-09-21T01:31:36.650141+00:00,201,55626.204,
2026-09-21T01:30:41.294230+00:00,201,110993.806,
2026-09-21T01:31:36.520904+00:00,201,55769.271,
2026-09-21T01:31:02.988699+00:00,201,89316.893,
2026-09-21T01:31:27.088072+00:00,201,65260.179,
2026-09-21T01:31:49.449862+00:00,201,42919.887,
2026-09-21T01:31:21.278633+00:00,201,71107.81,
2026-09-21T01:32:29.621621+00:00,201,2790.503,
2026-09-21T01:30:05.881787+00:00,201,146555.475,
2026-09-21T01:30:36.790200+00:00,201,115681.158,
2026-09-21T01:31:13.440048+00:00,201,79046.002,
2026-09-21T01:31:11.895932+00:00,201,80637.508,
2026-09-21T01:30:40.595516+00:00,201,111958.171,
2026-09-21T01:31:29.108503+00:00,201,63452.517,
2026-09-21T01:31:30.408750+00:00,201,62157.006,
2026-09-21T01:31:14.379155+00:00,201,78195.365,
2026-09-21T01:31:00.335720+00:00,201,92279.895,
2026-09-21T01:31:49.699246+00:00,201,42928.766,
2026-09-21T01:31:51.380587+00:00,201,41258.464,
2026-09-21T01:31:41.482897+00:00,201,51164.675,
2026-09-21T01:29:55.753868+00:00,201,156914.365,
2026-09-21T01:32:27.139724+00:00,201,5530.875,
2026-09-21T01:31:12.287207+00:00,201,80413.09,
2026-09-21T01:30:31.253587+00:00,201,121450.53,
2026-09-21T01:30:18.343613+00:00,201,134366.515,
2026-09-21T01:29:54.913792+00:00,201,157822.722,
2026-09-21T01:31:38.951947+00:00,201,53833.811,
2026-09-21T01:30:28.694263+00:00,201,124100.153,
2026-09-21T01:30:13.372604+00:00,201,139423.677,
2026-09-21T01:31:58.105698+00:00,201,34709.321,
2026-09-21T01:30:58.829267+00:00,201,94008.298,
2026-09-21T01:32:32.348386+00:00,201,496.227,
2026-09-21T01:31:05.717957+00:00,201,87147.463,
2026-09-21T01:29:52.354157+00:00,201,160557.946,
2026-09-21T01:31:30.792387+00:00,201,62130.67,
2026-09-21T01:31:46.625746+00:00,201,46318.656,
2026-09-21T01:31:21.244481+00:00,201,71710.954,
2026-09-21T01:31:47.036094+00:00,201,45992.991,
2026-09-21T01:31:15.705917+00:00,201,77336.439,
2026-09-21T01:31:29.170185+00:00,201,63882.189,
2026-09-21T01:30:05.590273+00:00,201,147465.153,
2026-09-21T01:32:17.381537+00:00,201,15685.948,
2026-09-21T01:31:13.575283+00:00,201,79495.472,
2026-09-21T01:30:32.409370+00:00,201,120664.885,
2026-09-21T01:30:43.596520+00:00,201,109495.382,
2026-09-21T01:32:30.638695+00:00,201,2488.033,
2026-09-21T01:31:16.244578+00:00,201,76900.34,
2026-09-21T01:31:47.063113+00:00,201,46115.897,
2026-09-21T01:31:49.697211+00:00,201,43489.631,
2026-09-21T01:30:43.180893+00:00,201,110026.319,
2026-09-21T01:32:31.276416+00:00,201,1941.851,
2026-09-21T01:30:16.786167+00:00,201,136435.519,
2026-09-21T01:30:22.513984+00:00,201,130716.483,
2026-09-21T01:31:45.327657+00:00,201,47909.022,
2026-09-21T01:31:30.987001+00:00,201,62273.701,
2026-09-21T01:31:34.358675+00:00,201,58904.452,
2026-09-21T01:32:26.887304+00:00,201,6389.671,
2026-09-21T01:31:58.643417+00:00,201,34655.148,
2026-09-21T01:32:01.309035+00:00,201,31996.799,
2026-09-21T01:32:28.411453+00:00,201,4903.756,
2026-09-21T01:31:02.979144+00:00,201,90366.402,
2026-09-21T01:32:06.287917+00:00,201,27060.552,
2026-09-21T01:31:38.601448+00:00,201,54783.75,
2026-09-21T01:31:48.550387+00:00,201,44848.345,
2026-09-21T01:31:20.260733+00:00,201,73150.387,
2026-09-21T01:31:25.144798+00:00,201,68280.103,
2026-09-21T01:31:40.561540+00:00,201,52871.701,
2026-09-21T01:32:33.067521+00:00,201,368.394,
2026-09-21T01:31:54.293236+00:00,201,39144.828,
2026-09-21T01:31:43.154726+00:00,201,50317.649,
2026-09-21T01:30:56.624156+00:00,201,96864.241,
2026-09-21T01:31:40.828224+00:00,201,52669.346,
2026-09-21T01:30:20.252121+00:00,201,133270.505,
2026-09-21T01:31:48.659834+00:00,201,44874.869,
2026-09-21T01:32:06.344045+00:00,201,27213.387,
2026-09-21T01:31:32.691085+00:00,201,60878.638,
2026-09-21T01:31:38.429487+00:00,201,55161.805,
2026-09-21T01:31:25.705977+00:00,201,67906.502,
2026-09-21T01:31:44.868800+00:00,201,48770.292,
2026-09-21T01:31:09.325467+00:00,201,84315.649,
2026-09-21T01:31:13.411297+00:00,201,80237.786,
2026-09-21T01:29:59.927538+00:00,201,153727.434,
2026-09-21T01:31:45.430154+00:00,201,48235.031,
2026-09-21T01:31:40.804697+00:00,201,52879.534,
2026-09-21T01:32:25.825099+00:00,201,7871.35,
2026-09-21T01:30:37.722688+00:00,201,115980.005,
2026-09-21T01:30:23.266084+00:00,201,130452.055,
2026-09-21T01:30:29.056203+00:00,201,124665.41,
2026-09-21T01:31:56.845979+00:00,201,36881.512,
2026-09-21T01:31:16.370472+00:00,201,77384.006,
2026-09-21T01:30:29.651451+00:00,201,124106.084,
2026-09-21T01:31:28.299104+00:00,201,65469.484,
2026-09-21T01:31:29.991782+00:00,201,63778.324,
2026-09-21T01:31:59.556902+00:00,201,34214.818,
2026-09-21T01:31:48.436633+00:00,201,45338.18,
2026-09-21T01:31:06.366071+00:00,201,87427.566,
2026-09-21T01:31:03.360448+00:00,201,90453.862,
2026-09-21T01:32:00.949794+00:00,201,32869.602,
2026-09-21T01:31:27.598496+00:00,201,66225.269,
2026-09-21T01:31:58.421076+00:00,201,35404.305,
2026-09-21T01:31:51.831058+00:00,201,42015.202,
2026-09-21T01:31:09.991788+00:00,201,83876.341,
2026-09-21T01:32:15.767237+00:00,201,18135.625,
2026-09-21T01:32:07.003197+00:00,201,26907.954,
2026-09-21T01:30:50.425155+00:00,201,103495.896,
2026-09-21T01:30:37.525212+00:00,201,116403.92,
2026-09-21T01:32:20.022215+00:00,201,13943.005,
2026-09-21T01:31:40.654037+00:00,201,53312.633,
2026-09-21T01:31:40.860351+00:00,201,53119.913,
2026-09-21T01:31:37.191524+00:00,201,56811.887,
2026-09-21T01:31:33.757306+00:00,201,60253.21,
2026-09-21T01:30:21.518269+00:00,201,132497.279,
2026-09-21T01:31:47.166383+00:00,201,46853.108,
2026-09-21T01:30:13.550889+00:00,201,140471.517,
2026-09-21T01:32:27.710714+00:00,201,6318.427,
2026-09-21T01:30:39.442382+00:00,201,114605.599,
2026-09-21T01:32:20.305010+00:00,201,13820.456,
2026-09-21T01:31:25.859451+00:00,201,68319.08,
2026-09-21T01:30:46.414070+00:00,201,107773.205,
2026-09-21T01:31:50.230603+00:00,201,43979.755,
2026-09-21T01:31:45.836906+00:00,201,48393.637,
2026-09-21T01:32:28.125428+00:00,201,6117.135,
2026-09-21T01:31:28.174928+00:00,201,66080.867,
2026-09-21T01:32:29.927522+00:00,201,4332.307,
2026-09-21T01:31:24.143706+00:00,201,70166.887,
2026-09-21T01:31:47.133161+00:00,201,47181.239,
2026-09-21T01:31:59.322821+00:00,201,34994.648,
2026-09-21T01:30:42.742376+00:00,201,111702.311,
2026-09-21T01:31:17.871280+00:00,201,76585.9,
2026-09-21T01:30:23.850009+00:00,201,130613.919,
2026-09-21T01:31:28.425869+00:00,201,66073.443,
2026-09-21T01:30:50.132021+00:00,201,104394.587,
2026-09-21T01:32:03.809954+00:00,201,30720.275,
2026-09-21T01:29:40.867676+00:00,201,173667.718,
2026-09-21T01:31:38.872714+00:00,201,55666.381,
2026-09-21T01:31:14.177424+00:00,201,80372.225,
2026-09-21T01:30:51.227709+00:00,201,103346.945,
2026-09-21T01:32:25.831996+00:00,201,8749.627,
2026-09-21T01:31:18.877776+00:00,201,75710.491,
2026-09-21T01:31:39.412003+00:00,201,55186.565,
2026-09-21T01:31:47.153136+00:00,201,47449.842,
2026-09-21T01:31:42.693488+00:00,201,51947.439,
2026-09-21T01:31:04.142476+00:00,201,90507.539,
2026-09-21T01:30:59.361204+00:00,201,95299.981,
2026-09-21T01:31:04.732426+00:00,201,89932.314,
2026-09-21T01:31:26.559660+00:00,201,68120.893,
2026-09-21T01:30:51.369108+00:00,201,103323.645,
2026-09-21T01:32:21.694783+00:00,201,13008.086,
2026-09-21T01:32:34.310737+00:00,201,406.947,
2026-09-21T01:30:29.401660+00:00,201,125318.158,
2026-09-21T01:30:37.219697+00:00,201,117543.825,
2026-09-21T01:31:28.110094+00:00,201,66680.657,
2026-09-21T01:31:57.966258+00:00,201,36826.599,
2026-09-21T01:31:47.000634+00:00,201,47803.32,
2026-09-21T01:31:19.000722+00:00,201,75813.856,
2026-09-21T01:31:24.605139+00:00,201,70214.282,
2026-09-21T01:31:52.821441+00:00,201,42016.611,
2026-09-21T01:30:10.223265+00:00,201,144622.724,
2026-09-21T01:30:10.848276+00:00,201,144016.458,
2026-09-21T01:31:19.012148+00:00,201,75870.595,
2026-09-21T01:31:16.245856+00:00,201,78639.613,
2026-09-21T01:31:46.516771+00:00,201,48390.061,
2026-09-21T01:31:54.720539+00:00,201,40199.78,
2026-09-21T01:32:16.174572+00:00,201,18747.944,
2026-09-21T01:31:40.802060+00:00,201,54154.482,
2026-09-21T01:31:08.362821+00:00,201,86631.044,
2026-09-21T01:31:33.641497+00:00,201,61367.197,
2026-09-21T01:30:59.621544+00:00,201,95404.677,
2026-09-21T01:31:52.862702+00:00,201,42169.508,
2026-09-21T01:31:34.189516+00:00,201,60847.364,
2026-09-21T01:29:48.732428+00:00,201,166307.787,
2026-09-21T01:32:34.702899+00:00,201,360.905,
2026-09-21T01:30:22.539826+00:00,201,132537.952,
2026-09-21T01:31:51.406003+00:00,201,43702.433,
2026-09-21T01:31:49.754791+00:00,201,45356.351,
2026-09-21T01:31:32.665690+00:00,201,62450.853,
2026-09-21T01:31:30.007561+00:00,201,65141.993,
2026-09-21T01:31:51.573593+00:00,201,43622.431,
2026-09-21T01:30:51.822044+00:00,201,103379.777,
2026-09-21T01:30:08.617859+00:00,201,146589.964,
2026-09-21T01:32:20.169924+00:00,201,15049.809,
2026-09-21T01:30:51.018954+00:00,201,104212.054,
2026-09-21T01:30:03.177003+00:00,201,152056.967,
2026-09-21T01:31:31.912697+00:00,201,63375.931,
2026-09-21T01:32:18.341107+00:00,201,16950.328,
2026-09-21T01:30:22.933093+00:00,201,132373.53,
2026-09-21T01:30:31.829677+00:00,201,123487.391,
2026-09-21T01:32:17.679831+00:00,201,17640.41,
2026-09-21T01:32:15.010118+00:00,201,20317.671,
2026-09-21T01:31:58.802245+00:00,201,36541.296,
2026-09-21T01:31:50.482413+00:00,201,44873.857,
2026-09-21T01:31:50.009415+00:00,201,45361.887,
2026-09-21T01:29:58.876696+00:00,201,156511.352,
2026-09-21T01:31:19.020932+00:00,201,76404.1,
2026-09-21T01:32:06.073884+00:00,201,29388.797,
2026-09-21T01:30:29.572128+00:00,201,125897.78,
2026-09-21T01:31:08.248473+00:00,201,87223.583,
2026-09-21T01:31:36.611351+00:00,201,58917.221,
2026-09-21T01:31:05.566852+00:00,201,89966.669,
2026-09-21T01:31:53.007308+00:00,201,42528.85,
2026-09-21T01:31:39.120890+00:00,201,56429.996,
2026-09-21T01:32:07.752781+00:00,201,27827.286,
2026-09-21T01:31:43.039406+00:00,201,52546.757,
2026-09-21T01:31:19.193643+00:00,201,76402.179,
2026-09-21T01:30:55.163999+00:00,201,100436.482,
2026-09-21T01:31:06.129163+00:00,201,89496.88,
2026-09-21T01:30:39.986708+00:00,201,115659.32,
2026-09-21T01:32:01.457655+00:00,201,34190.444,
2026-09-21T01:31:43.025957+00:00,201,52628.389,
2026-09-21T01:32:05.878852+00:00,201,29785.58,
2026-09-21T01:30:33.887797+00:00,201,121800.97,
2026-09-21T01:31:54.392043+00:00,201,41308.113,
2026-09-21T01:30:57.545511+00:00,201,98157.003,
2026-09-21T01:31:31.679669+00:00,201,64024.252,
2026-09-21T01:31:59.911886+00:00,201,35796.01,
2026-09-21T01:32:09.867436+00:00,201,25846.445,
2026-09-21T01:31:29.364968+00:00,201,66352.436,
2026-09-21T01:31:06.250086+00:00,201,89469.485,
2026-09-21T01:30:30.468316+00:00,201,125275.753,
2026-09-21T01:31:18.282405+00:00,201,77470.034,
2026-09-21T01:31:56.319975+00:00,201,39437.479,
2026-09-21T01:30:43.163378+00:00,201,112633.052,
2026-09-21T01:30:19.606524+00:00,201,136196.285,
2026-09-21T01:31:12.341023+00:00,201,83466.221,
2026-09-21T01:32:08.866345+00:00,201,26944.873,
2026-09-21T01:31:55.191961+00:00,201,40644.891,
2026-09-21T01:30:30.987996+00:00,201,124868.56,
2026-09-21T01:31:45.446207+00:00,201,50417.982,
2026-09-21T01:31:18.690551+00:00,201,77194.46,
2026-09-21T01:31:54.130032+00:00,201,41758.129,
2026-09-21T01:31:28.499110+00:00,201,67392.639,
2026-09-21T01:30:21.742866+00:00,201,134159.11,
2026-09-21T01:31:26.605135+00:00,201,69357.434,
2026-09-21T01:32:18.189121+00:00,201,17778.09,
2026-09-21T01:31:17.428087+00:00,201,78553.856,
2026-09-21T01:31:02.649076+00:00,201,93343.204,
2026-09-21T01:32:33.221964+00:00,201,2831.621,
2026-09-21T01:31:22.254123+00:00,201,73823.406,
2026-09-21T01:32:29.195143+00:00,201,6919.848,
2026-09-21T01:31:06.689620+00:00,201,89436.881,
2026-09-21T01:31:21.729578+00:00,201,74405.668,
2026-09-21T01:30:17.379012+00:00,201,138787.946,
2026-09-21T01:31:44.186156+00:00,201,51994.625,
2026-09-21T01:31:58.173200+00:00,201,38011.151,
2026-09-21T01:31:16.630265+00:00,201,79561.202,
2026-09-21T01:31:16.176825+00:00,201,80016.185,
2026-09-21T01:31:25.888872+00:00,201,70319.042,
2026-09-21T01:32:19.427297+00:00,201,16786.172,
2026-09-21T01:30:28.548100+00:00,201,127681.406,
2026-09-21T01:31:03.799747+00:00,201,92472.384,
2026-09-21T01:30:35.317836+00:00,201,120961.434,
2026-09-21T01:29:40.373593+00:00,201,175907.879,
2026-09-21T01:30:37.423450+00:00,201,118863.408,
2026-09-21T01:31:18.139663+00:00,201,78149.017,
2026-09-21T01:32:27.096159+00:00,201,9195.278,
2026-09-21T01:32:17.333616+00:00,201,19007.607,
2026-09-21T01:29:47.263620+00:00,201,169080.269,
2026-09-21T01:31:33.908613+00:00,201,62446.78,
2026-09-21T01:29:54.411441+00:00,201,161945.357,
2026-09-21T01:31:00.790238+00:00,201,95645.888,
2026-09-21T01:31:01.605801+00:00,201,94836.781,
2026-09-21T01:31:53.412793+00:00,201,43031.469,
2026-09-21T01:31:11.819273+00:00,201,84685.226,
2026-09-21T01:32:24.698328+00:00,201,11840.39,
2026-09-21T01:31:42.691322+00:00,201,53875.948,
2026-09-21T01:30:51.961701+00:00,201,104616.606,
2026-09-21T01:31:20.828371+00:00,201,75757.711,
2026-09-21T01:32:29.633850+00:00,201,6956.965,
2026-09-21T01:30:49.865153+00:00,201,106749.916,
2026-09-21T01:32:25.502797+00:00,201,11115.707,
2026-09-21T01:31:30.377809+00:00,201,66253.613,
2026-09-21T01:32:18.990671+00:00,201,17689.031,
2026-09-21T01:32:35.646263+00:00,201,1049.234,
2026-09-21T01:31:49.691968+00:00,201,47019.884,
2026-09-21T01:31:33.329398+00:00,201,63412.907,
2026-09-21T01:31:43.395777+00:00,201,53348.152,
2026-09-21T01:31:58.789308+00:00,201,37963.419,
2026-09-21T01:30:51.809432+00:00,201,104947.85,
2026-09-21T01:31:13.039539+00:00,201,83721.898,
2026-09-21T01:31:53.757789+00:00,201,43017.778,
2026-09-21T01:31:33.255756+00:00,201,63571.188,
2026-09-21T01:32:30.490609+00:00,201,6337.935,
2026-09-21T01:31:27.263351+00:00,201,69566.6,
2026-09-21T01:32:11.008904+00:00,201,25822.764,
2026-09-21T01:30:42.052461+00:00,201,114780.683,
2026-09-21T01:32:32.305774+00:00,201,4529.334,
2026-09-21T01:31:49.478606+00:00,201,47358.245,
2026-09-21T01:30:17.743152+00:00,201,139095.358,
2026-09-21T01:31:06.389201+00:00,201,90451.342,
2026-09-21T01:31:42.891553+00:00,201,53971.466,
2026-09-21T01:30:25.713416+00:00,201,131166.409,
2026-09-21T01:29:57.675219+00:00,201,159214.664,
2026-09-21T01:30:37.465905+00:00,201,119433.049,
2026-09-21T01:32:28.434258+00:00,201,8495.752,
2026-09-21T01:30:40.875434+00:00,201,116059.867,
2026-09-21T01:31:58.346924+00:00,201,38605.649,
2026-09-21T01:29:41.818021+00:00,201,175142.86,
2026-09-21T01:31:49.748002+00:00,201,47262.976,
2026-09-21T01:31:08.460893+00:00,201,88552.14,
2026-09-21T01:31:49.380329+00:00,201,47635.041,
2026-09-21T01:31:50.244501+00:00,201,46773.183,
2026-09-21T01:30:10.218150+00:00,201,146801.708,
2026-09-21T01:31:47.479882+00:00,201,49542.595,
2026-09-21T01:30:48.297024+00:00,201,108727.849,
2026-09-21T01:30:30.954709+00:00,201,126072.756,
2026-09-21T01:30:48.253481+00:00,201,108776.626,
2026-09-21T01:32:22.294216+00:00,201,14738.798,
2026-09-21T01:31:31.536465+00:00,201,65499.224,
2026-09-21T01:29:54.694950+00:00,201,162343.36,
2026-09-21T01:31:42.806667+00:00,201,54234.8,
2026-09-21T01:30:35.609402+00:00,201,121434.922,
2026-09-21T01:32:34.588422+00:00,201,2459.256,
2026-09-21T01:31:24.274169+00:00,201,72776.532,
2026-09-21T01:32:33.186932+00:00,201,3867.077,
2026-09-21T01:31:50.109184+00:00,201,46947.97,
2026-09-21T01:31:51.475132+00:00,201,45585.405,
2026-09-21T01:30:39.228180+00:00,201,117835.59,
2026-09-21T01:30:11.958787+00:00,201,145108.429,
2026-09-21T01:32:10.151798+00:00,201,26950.181,
2026-09-21T01:31:03.925527+00:00,201,93188.63,
2026-09-21T01:31:24.996111+00:00,201,72134.443,
2026-09-21T01:31:38.030666+00:00,201,59151.9,
2026-09-21T01:30:53.143813+00:00,201,104042.532,
2026-09-21T01:30:05.708629+00:00,201,151481.497,
2026-09-21T01:31:17.008473+00:00,201,80185.777,
2026-09-21T01:31:35.666949+00:00,201,61531.299,
2026-09-21T01:31:20.240638+00:00,201,76961.595,
2026-09-21T01:32:26.277180+00:00,201,10929.464,
2026-09-21T01:32:29.473270+00:00,201,7737.639,
2026-09-21T01:31:41.997765+00:00,201,55217.276,
2026-09-21T01:30:21.511226+00:00,201,135707.989,
2026-09-21T01:31:56.624246+00:00,201,40599.743,
2026-09-21T01:31:15.753891+00:00,201,81528.505,
2026-09-21T01:31:23.575012+00:00,201,73748.609,
2026-09-21T01:31:39.629410+00:00,201,57717.963,
2026-09-21T01:31:16.393278+00:00,201,80958.548,
2026-09-21T01:30:46.062491+00:00,201,111293.79,
2026-09-21T01:31:54.285840+00:00,201,43075.248,
2026-09-21T01:30:53.023157+00:00,201,104342.493,
2026-09-21T01:31:56.950374+00:00,201,40420.207,
2026-09-21T01:30:40.937049+00:00,201,116438.181,
2026-09-21T01:31:52.180826+00:00,201,45199.483,
2026-09-21T01:31:10.932154+00:00,201,86453.06,
2026-09-21T01:32:35.528694+00:00,201,1861.778,
2026-09-21T01:31:48.797489+00:00,201,48598.038,
2026-09-21T01:30:58.551751+00:00,201,98848.887,
2026-09-21T01:31:42.316232+00:00,201,55089.772,
2026-09-21T01:31:07.096631+00:00,201,90314.568,
2026-09-21T01:31:33.549027+00:00,201,63867.566,
2026-09-21T01:31:57.430627+00:00,201,39991.569,
2026-09-21T01:31:18.459071+00:00,201,78968.496,
2026-09-21T01:32:35.291474+00:00,201,2141.91,
2026-09-21T01:31:26.573893+00:00,201,70865.055,
2026-09-21T01:31:40.590610+00:00,201,56854.211,
2026-09-21T01:30:46.166585+00:00,201,111283.896,
2026-09-21T01:30:26.594114+00:00,201,130862.332,
2026-09-21T01:32:24.654748+00:00,201,12807.983,
2026-09-21T01:30:24.238621+00:00,201,133230.001,
2026-09-21T01:32:10.266129+00:00,201,27208.875,
2026-09-21T01:31:04.267853+00:00,201,93213.328,
2026-09-21T01:31:27.148454+00:00,201,70339.017,
2026-09-21T01:32:31.093140+00:00,201,6400.82,
2026-09-21T01:30:31.273277+00:00,201,126226.823,
2026-09-21T01:32:18.695252+00:00,201,18811.608,
2026-09-21T01:30:58.503062+00:00,201,99010.225,
2026-09-21T01:31:29.410247+00:00,201,68109.702,
2026-09-21T01:30:21.362085+00:00,201,136238.523,
2026-09-21T01:31:37.162113+00:00,201,60488.322,
2026-09-21T01:31:32.033995+00:00,201,65693.467,
2026-09-21T01:30:32.970493+00:00,201,124767.049,
2026-09-21T01:31:08.072945+00:00,201,89688.446,
2026-09-21T01:32:01.143340+00:00,201,36628.566,
2026-09-21T01:31:34.049933+00:00,201,63834.979,
2026-09-21T01:31:30.781409+00:00,201,67110.498,
2026-09-21T01:31:48.246460+00:00,201,49707.252,
2026-09-21T01:32:36.775661+00:00,201,1235.958,
2026-09-21T01:30:49.828867+00:00,201,108243.974,
2026-09-21T01:31:46.290309+00:00,201,51909.858,
2026-09-21T01:31:32.483238+00:00,201,65776.941,
2026-09-21T01:30:51.798083+00:00,201,106533.643,
2026-09-21T01:31:03.114487+00:00,201,95344.415,
2026-09-21T01:31:42.681583+00:00,201,55806.618,
2026-09-21T01:32:17.012401+00:00,201,21492.266,
2026-09-21T01:31:40.111230+00:00,201,58488.666,
2026-09-21T01:30:55.303713+00:00,201,103326.609,
2026-09-21T01:30:35.759636+00:00,201,122894.709,
2026-09-21T01:29:55.128301+00:00,201,163620.935,
2026-09-21T01:31:33.350634+00:00,201,65513.915,
2026-09-21T01:31:40.606850+00:00,201,58319.937,
2026-09-21T01:31:27.053812+00:00,201,71909.446,
2026-09-21T01:30:15.827390+00:00,201,143145.653,
2026-09-21T01:31:14.672890+00:00,201,84370.441,
2026-09-21T01:31:11.842481+00:00,201,87318.85,
2026-09-21T01:30:31.716755+00:00,201,127464.399,
2026-09-21T01:31:33.250824+00:00,201,65943.728,
2026-09-21T01:31:38.446531+00:00,201,60791.744,
2026-09-21T01:31:18.901040+00:00,201,80371.836,
2026-09-21T01:31:39.113587+00:00,201,60224.637,
2026-09-21T01:31:19.776443+00:00,201,79599.294,
2026-09-21T01:31:18.618345+00:00,201,80835.903,
2026-09-21T01:30:25.630009+00:00,201,133838.421,
2026-09-21T01:30:16.027760+00:00,201,143485.514,
2026-09-21T01:31:23.362869+00:00,201,76205.547,
2026-09-21T01:32:06.710446+00:00,201,32865.04,
2026-09-21T01:31:13.353961+00:00,201,86231.967,
2026-09-21T01:31:55.165490+00:00,201,44578.253,
2026-09-21T01:32:27.668932+00:00,201,12128.958,
2026-09-21T01:31:08.185450+00:00,201,91806.751,
2026-09-21T01:30:11.157759+00:00,201,148918.025,
2026-09-21T01:31:20.332110+00:00,201,79764.077,
2026-09-21T01:31:55.645270+00:00,201,44491.667,
2026-09-21T01:31:48.142039+00:00,201,52044.423,
2026-09-21T01:30:29.496698+00:00,201,130757.249,
2026-09-21T01:32:38.749566+00:00,201,1538.238,
2026-09-21T01:30:06.030242+00:00,201,154276.249,
2026-09-21T01:32:07.200241+00:00,201,33252.661,
2026-09-21T01:31:34.429955+00:00,201,66047.91,
2026-09-21T01:30:39.815221+00:00,201,120780.848,
2026-09-21T01:30:03.915714+00:00,201,156710.889,
2026-09-21T01:30:36.796539+00:00,201,123881.122,
2026-09-21T01:31:09.813309+00:00,201,90871.422,
2026-09-21T01:30:20.985844+00:00,201,139870.197,
2026-09-21T01:31:28.355917+00:00,201,72552.607,
2026-09-21T01:32:08.650880+00:00,201,32336.404,
2026-09-21T01:31:45.861010+00:00,201,55246.042,
2026-09-21T01:29:58.667150+00:00,201,162504.941,
2026-09-21T01:32:33.980374+00:00,201,7219.527,
2026-09-21T01:30:16.720155+00:00,201,144517.248,
2026-09-21T01:32:34.499447+00:00,201,6745.301,
2026-09-21T01:30:30.888503+00:00,201,130370.037,
2026-09-21T01:30:31.924353+00:00,201,129445.082,
2026-09-21T01:32:28.595041+00:00,201,12806.269,
2026-09-21T01:31:39.347469+00:00,201,62159.267,
2026-09-21T01:31:19.084599+00:00,201,82464.383,
2026-09-21T01:31:42.727020+00:00,201,58843.231,
2026-09-21T01:32:40.076084+00:00,201,1519.176,
2026-09-21T01:31:49.275575+00:00,201,52384.501,
2026-09-21T01:32:20.762207+00:00,201,20923.044,
2026-09-21T01:31:13.137607+00:00,201,88633.256,
2026-09-21T01:31:27.143992+00:00,201,74655.239,
2026-09-21T01:31:38.807742+00:00,201,62998.781,
2026-09-21T01:30:57.618457+00:00,201,104198.825,
2026-09-21T01:32:33.754636+00:00,201,8223.778,
2026-09-21T01:31:00.731849+00:00,201,101252.519,
2026-09-21T01:31:34.459308+00:00,201,67612.41,
2026-09-21T01:31:50.913212+00:00,201,51176.316,
2026-09-21T01:32:05.948592+00:00,201,36150.337,
2026-09-21T01:31:34.612675+00:00,201,67512.776,
2026-09-21T01:32:35.689015+00:00,201,6441.193,
2026-09-21T01:31:15.177560+00:00,201,86965.635,
2026-09-21T01:31:00.550057+00:00,201,101602.134,
2026-09-21T01:31:05.346105+00:00,201,96906.783,
2026-09-21T01:32:09.515060+00:00,201,32808.586,
2026-09-21T01:31:12.795068+00:00,201,89564.152,
2026-09-21T01:32:29.237206+00:00,201,13148.781,
2026-09-21T01:32:08.570433+00:00,201,33835.093,
2026-09-21T01:31:51.255137+00:00,201,51185.596,
2026-09-21T01:30:16.742043+00:00,201,145715.359,
2026-09-21T01:31:33.830007+00:00,201,68629.722,
2026-09-21T01:30:48.125073+00:00,201,114362.704,
2026-09-21T01:32:16.919624+00:00,201,25582.068,
2026-09-21T01:31:52.597255+00:00,201,49941.996,
2026-09-21T01:31:23.290685+00:00,201,79261.32,
2026-09-21T01:30:54.910685+00:00,201,107647.601,
2026-09-21T01:32:00.877955+00:00,201,41689.944,
2026-09-21T01:31:14.980224+00:00,201,87607.314,
2026-09-21T01:32:36.281827+00:00,201,6311.312,
2026-09-21T01:30:31.131217+00:00,201,131486.653,
2026-09-21T01:31:15.444227+00:00,201,87175.987,
2026-09-21T01:31:31.543858+00:00,201,71106.138,
2026-09-21T01:30:50.445603+00:00,201,112220.285,
2026-09-21T01:31:41.232989+00:00,201,61442.567,
2026-09-21T01:29:49.398785+00:00,201,173292.553,
2026-09-21T01:32:00.772977+00:00,201,41931.91,
2026-09-21T01:30:32.419369+00:00,201,130321.105,
2026-09-21T01:30:58.914765+00:00,201,103848.14,
2026-09-21T01:31:54.270921+00:00,201,48507.605,
2026-09-21T01:31:38.738193+00:00,201,64052.97,
2026-09-21T01:31:04.490623+00:00,201,98302.693,
2026-09-21T01:31:06.791222+00:00,201,96055.048,
2026-09-21T01:31:31.370489+00:00,201,71496.442,
2026-09-21T01:32:20.184400+00:00,201,22718.796,
2026-09-21T01:31:24.742280+00:00,201,78169.706,
2026-09-21T01:31:42.931024+00:00,201,59985.149,
2026-09-21T01:32:42.539358+00:00,201,378.511,
2026-09-21T01:31:40.195194+00:00,201,62724.192,
2026-09-21T01:31:56.088498+00:00,201,46844.457,
2026-09-21T01:30:26.186596+00:00,201,136752.362,
2026-09-21T01:31:59.097750+00:00,201,43885.719,
2026-09-21T01:31:58.599222+00:00,201,44403.405,
2026-09-21T01:32:36.679742+00:00,201,6327.892,
2026-09-21T01:29:55.432469+00:00,201,167580.509,
2026-09-21T01:31:25.782768+00:00,201,77242.359,
2026-09-21T01:31:07.485964+00:00,201,95547.623,
2026-09-21T01:30:52.281759+00:00,201,110754.573,
2026-09-21T01:31:27.157649+00:00,201,75887.078,
2026-09-21T01:31:43.280647+00:00,201,59790.066,
2026-09-21T01:31:19.924524+00:00,201,83174.937,
2026-09-21T01:31:18.563620+00:00,201,84537.902,
2026-09-21T01:32:09.109135+00:00,201,34010.115,
2026-09-21T01:32:25.146282+00:00,201,18003.386,
2026-09-21T01:31:15.934135+00:00,201,87278.784,
2026-09-21T01:31:58.344313+00:00,201,44886.531,
2026-09-21T01:30:41.763629+00:00,201,121468.516,
2026-09-21T01:30:38.288509+00:00,201,124945.147,
2026-09-21T01:31:29.123791+00:00,201,74132.747,
2026-09-21T01:32:29.552759+00:00,201,13714.731,
2026-09-21T01:31:47.643864+00:00,201,55644.122,
2026-09-21T01:30:59.884925+00:00,201,103405.472,
2026-09-21T01:31:43.738640+00:00,201,59555.79,
2026-09-21T01:31:44.764507+00:00,201,58538.429,
2026-09-21T01:29:55.071056+00:00,201,168270.03,
2026-09-21T01:32:33.718403+00:00,201,9632.327,
2026-09-21T01:31:37.897361+00:00,201,65467.454,
2026-09-21T01:31:48.400921+00:00,201,54969.908,
2026-09-21T01:31:37.208662+00:00,201,66167.777,
2026-09-21T01:30:44.705800+00:00,201,118697.684,
2026-09-21T01:31:29.439647+00:00,201,73970.47,
2026-09-21T01:31:33.813535+00:00,201,69630.165,
2026-09-21T01:30:13.388266+00:00,201,150060.25,
2026-09-21T01:30:44.120327+00:00,201,119345.647,
2026-09-21T01:32:27.432675+00:00,201,16050.023,
2026-09-21T01:30:03.612061+00:00,201,159887.543,
2026-09-21T01:30:33.425396+00:00,201,130077.215,
2026-09-21T01:31:53.104272+00:00,201,50424.575,
2026-09-21T01:32:02.272392+00:00,201,41278.448,
2026-09-21T01:30:48.106506+00:00,201,115447.102,
2026-09-21T01:30:22.224772+00:00,201,141331.079,
2026-09-21T01:30:23.343515+00:00,201,140216.987,
2026-09-21T01:30:33.640149+00:00,201,129934.965,
2026-09-21T01:32:28.499553+00:00,201,15088.292,
2026-09-21T01:31:18.649878+00:00,201,84961.895,
2026-09-21T01:29:39.840113+00:00,201,183799.396,
2026-09-21T01:31:00.054899+00:00,201,103605.286,
2026-09-21T01:32:15.922446+00:00,201,27740.23,
2026-09-21T01:32:20.995508+00:00,201,22697.002,
2026-09-21T01:31:33.978091+00:00,201,69715.937,
2026-09-21T01:31:59.992832+00:00,201,43702.937,
2026-09-21T01:32:29.592494+00:00,201,14121.786,
2026-09-21T01:32:22.746750+00:00,201,20982.722,
2026-09-21T01:31:51.482985+00:00,201,52258.235,
2026-09-21T01:31:38.683396+00:00,201,65077.149,
2026-09-21T01:29:50.194262+00:00,201,173588.425,
2026-09-21T01:31:06.672361+00:00,201,97120.319,
2026-09-21T01:32:05.469135+00:00,201,38348.335,
2026-09-21T01:31:07.011369+00:00,201,96820.713,
2026-09-21T01:31:04.340014+00:00,201,99500.301,
2026-09-21T01:31:25.817344+00:00,201,78090.46,
2026-09-21T01:31:32.285083+00:00,201,71631.108,
2026-09-21T01:31:48.125658+00:00,201,55796.314,
2026-09-21T01:31:07.172427+00:00,201,96788.04,
2026-09-21T01:30:11.617186+00:00,201,152347.029,
2026-09-21T01:31:47.503235+00:00,201,56465.12,
2026-09-21T01:31:12.680881+00:00,201,91374.217,
2026-09-21T01:30:05.691782+00:00,201,158364.869,
2026-09-21T01:31:14.577272+00:00,201,89506.102,
2026-09-21T01:32:05.263122+00:00,201,38837.624,
2026-09-21T01:31:13.728950+00:00,201,90383.763,
2026-09-21T01:31:58.691757+00:00,201,45429.008,
2026-09-21T01:31:03.120313+00:00,201,101055.202,
2026-09-21T01:32:07.117338+00:00,201,37067.902,
2026-09-21T01:31:17.897872+00:00,201,86306.322,
2026-09-21T01:31:36.548693+00:00,201,67673.681,
2026-09-21T01:30:57.029102+00:00,201,107199.963,
2026-09-21T01:31:53.172357+00:00,201,51089.233,
2026-09-21T01:30:54.407002+00:00,201,109856.747,
2026-09-21T01:30:39.822779+00:00,201,124450.511,
2026-09-21T01:31:04.755710+00:00,201,99520.006,
2026-09-21T01:31:53.652535+00:00,201,50635.151,
2026-09-21T01:32:43.907964+00:00,201,403.677,
2026-09-21T01:31:31.490130+00:00,201,72844.117,
2026-09-21T01:32:33.315223+00:00,201,11070.42,
2026-09-21T01:31:25.259025+00:00,201,79132.715,
2026-09-21T01:32:08.994001+00:00,201,35405.515,
2026-09-21T01:31:36.401694+00:00,201,68012.755,
2026-09-21T01:31:32.376830+00:00,201,72039.914,
2026-09-21T01:32:16.974770+00:00,201,27476.768,
2026-09-21T01:32:30.183373+00:00,201,14270.32,
2026-09-21T01:31:43.356952+00:00,201,61106.871,
2026-09-21T01:32:29.870656+00:00,201,14608.677,
2026-09-21T01:32:16.179021+00:00,201,28310.42,
2026-09-21T01:31:14.274612+00:00,201,90241.398,
2026-09-21T01:31:44.530860+00:00,201,60008.609,
2026-09-21T01:31:37.898704+00:00,201,66690.162,
2026-09-21T01:30:50.635273+00:00,201,113959.3,
2026-09-21T01:31:17.427187+00:00,201,87173.024,
2026-09-21T01:31:33.518660+00:00,201,71123.329,
2026-09-21T01:30:44.542511+00:00,201,120109.786,
2026-09-21T01:32:09.596376+00:00,201,35072.784,
2026-09-21T01:30:51.027068+00:00,201,113645.515,
2026-09-21T01:30:41.490961+00:00,201,123220.489,
2026-09-21T01:31:07.737561+00:00,201,96975.856,
2026-09-21T01:30:44.011913+00:00,201,120703.958,
2026-09-21T01:31:06.557529+00:00,201,98160.759,
2026-09-21T01:32:25.159498+00:00,201,19582.662,
2026-09-21T01:31:14.929055+00:00,201,89832.784,
2026-09-21T01:32:31.985375+00:00,201,12778.716,
2026-09-21T01:31:43.170338+00:00,201,61601.65,
2026-09-21T01:31:11.111017+00:00,201,93671.108,
2026-09-21T01:31:13.347762+00:00,201,91439.832,
2026-09-21T01:30:42.279692+00:00,201,122519.072,
2026-09-21T01:32:44.451597+00:00,201,374.77,
2026-09-21T01:32:26.493730+00:00,201,18340.267,
2026-09-21T01:31:52.781568+00:00,201,52091.355,
2026-09-21T01:31:07.304131+00:00,201,97594.706,
2026-09-21T01:31:47.936259+00:00,201,56968.751,
2026-09-21T01:31:25.574893+00:00,201,79363.399,
2026-09-21T01:30:23.395885+00:00,201,141547.391,
2026-09-21T01:29:57.651393+00:00,201,167303.515,
2026-09-21T01:30:03.980050+00:00,201,160983.953,
2026-09-21T01:30:44.688386+00:00,201,120280.833,
2026-09-21T01:31:17.425340+00:00,201,87546.048,
2026-09-21T01:31:37.460018+00:00,201,67529.82,
2026-09-21T01:31:42.013981+00:00,201,62983.239,
2026-09-21T01:32:19.036752+00:00,201,25978.148,
2026-09-21T01:31:48.370040+00:00,201,56646.193,
2026-09-21T01:31:44.193107+00:00,201,60848.531,
2026-09-21T01:31:03.809855+00:00,201,101233.098,
2026-09-21T01:31:16.153527+00:00,201,88899.533,
2026-09-21T01:30:55.298807+00:00,201,109755.599,
2026-09-21T01:30:57.378035+00:00,201,107701.584,
2026-09-21T01:32:23.929238+00:00,201,21159.461,
2026-09-21T01:31:45.817301+00:00,201,59297.849,
2026-09-21T01:30:44.428271+00:00,201,120696.937,
2026-09-21T01:30:43.387766+00:00,201,121750.572,
2026-09-21T01:32:31.974426+00:00,201,13171.398,
2026-09-21T01:31:33.769102+00:00,201,71386.123,
2026-09-21T01:31:54.847422+00:00,201,50327.972,
2026-09-21T01:30:45.513064+00:00,201,119676.722,
2026-09-21T01:31:43.324262+00:00,201,61869.371,
2026-09-21T01:32:26.937520+00:00,201,18261.892,
2026-09-21T01:32:43.070837+00:00,201,2152.762,
2026-09-21T01:30:43.467730+00:00,201,121758.314,
2026-09-21T01:31:10.505587+00:00,201,94729.984,
2026-09-21T01:30:29.282137+00:00,201,135991.12,
2026-09-21T01:31:56.092173+00:00,201,49204.358,
2026-09-21T01:31:37.674367+00:00,201,67631.733,
2026-09-21T01:31:23.922619+00:00,201,81385.359,
2026-09-21T01:31:59.955300+00:00,201,45395.565,
2026-09-21T01:32:19.794960+00:00,201,25558.817,
2026-09-21T01:30:28.582347+00:00,201,136782.326,
2026-09-21T01:32:26.625173+00:00,201,18767.113,
2026-09-21T01:31:09.705415+00:00,201,95690.39,
2026-09-21T01:31:33.309701+00:00,201,72101.311,
2026-09-21T01:30:23.286636+00:00,201,142137.232,
2026-09-21T01:32:01.895006+00:00,201,43541.262,
2026-09-21T01:30:51.130601+00:00,201,114354.992,
2026-09-21T01:29:59.974675+00:00,201,165515.503,
2026-09-21T01:31:54.712786+00:00,201,50795.451,
2026-09-21T01:31:59.721104+00:00,201,45805.406,
2026-09-21T01:29:44.626806+00:00,201,180951.282,
2026-09-21T01:31:16.230315+00:00,201,89364.52,
2026-09-21T01:31:25.218540+00:00,201,80392.416,
2026-09-21T01:31:40.572306+00:00,201,65048.111,
2026-09-21T01:31:38.707530+00:00,201,66921.005,
2026-09-21T01:31:17.653271+00:00,201,87990.046,
2026-09-21T01:32:26.633968+00:00,201,19023.542,
2026-09-21T01:32:14.100677+00:00,201,31576.464,
2026-09-21T01:31:44.877906+00:00,201,60818.417,
2026-09-21T01:31:01.635016+00:00,201,104105.759,
2026-09-21T01:30:51.204550+00:00,201,114543.115,
2026-09-21T01:31:24.255089+00:00,201,81496.146,
2026-09-21T01:31:05.633571+00:00,201,100128.987,
2026-09-21T01:31:50.228602+00:00,201,55537.765,
2026-09-21T01:31:02.289813+00:00,201,103481.889,
2026-09-21T01:31:07.531691+00:00,201,98266.737,
2026-09-21T01:30:58.148981+00:00,201,107653.316,
2026-09-21T01:30:51.580194+00:00,201,114235.789,
2026-09-21T01:32:33.534795+00:00,201,12294.678,
2026-09-21T01:32:33.696469+00:00,201,12151.137,
2026-09-21T01:31:53.823781+00:00,201,52038.857,
2026-09-21T01:32:45.485826+00:00,201,405.426,
2026-09-21T01:32:45.490512+00:00,201,404.696,
2026-09-21T01:31:47.708333+00:00,201,58222.707,
2026-09-21T01:32:28.043868+00:00,201,17946.233,
2026-09-21T01:31:26.304831+00:00,201,79708.682,
2026-09-21T01:30:38.049657+00:00,201,127969.613,
2026-09-21T01:32:22.542280+00:00,201,23491.31,
2026-09-21T01:31:51.054640+00:00,201,54993.949,
2026-09-21T01:31:39.459713+00:00,201,66614.152,
2026-09-21T01:31:59.030029+00:00,201,47077.1,
2026-09-21T01:30:36.983734+00:00,201,129126.381,
2026-09-21T01:32:34.230643+00:00,201,11883.942,
2026-09-21T01:32:34.598683+00:00,201,11520.592,
2026-09-21T01:29:49.366752+00:00,201,176766.37,
2026-09-21T01:31:34.219154+00:00,201,71937.5,
2026-09-21T01:32:45.740987+00:00,201,424.636,
2026-09-21T01:31:00.101819+00:00,201,106077.881,
2026-09-21T01:30:32.874347+00:00,201,133313.933,
2026-09-21T01:32:10.448368+00:00,201,35752.087,
2026-09-21T01:30:37.804106+00:00,201,128415.859,
2026-09-21T01:32:19.328185+00:00,201,26898.436,
2026-09-21T01:31:03.141147+00:00,201,103087.997,
2026-09-21T01:30:04.015703+00:00,201,162216.757,
2026-09-21T01:31:00.194372+00:00,201,106040.953,
2026-09-21T01:31:35.008378+00:00,201,71243.426,
2026-09-21T01:30:43.754422+00:00,201,122500.114,
2026-09-21T01:31:53.715179+00:00,201,52541.461,
2026-09-21T01:31:04.400182+00:00,201,101858.347,
2026-09-21T01:30:51.465950+00:00,201,114794.594,
2026-09-21T01:31:33.294178+00:00,201,72968.609,
2026-09-21T01:31:20.743608+00:00,201,85521.362,
2026-09-21T01:31:24.422778+00:00,201,81844.494,
2026-09-21T01:31:04.972129+00:00,201,101297.43,
2026-09-21T01:31:30.149313+00:00,201,76122.637,
2026-09-21T01:31:47.550805+00:00,201,58723.689,
2026-09-21T01:31:55.846166+00:00,201,50430.866,
2026-09-21T01:31:12.353114+00:00,201,93926.364,
2026-09-21T01:30:19.218819+00:00,201,147063.118,
2026-09-21T01:32:01.118041+00:00,201,45166.893,
2026-09-21T01:30:04.120823+00:00,201,162166.673,
2026-09-21T01:32:28.964233+00:00,201,17326.423,
2026-09-21T01:31:07.579310+00:00,201,98714.109,
2026-09-21T01:32:29.367289+00:00,201,16929.279,
2026-09-21T01:31:11.278601+00:00,201,95020.849,
2026-09-21T01:31:19.993436+00:00,201,86309.13,
2026-09-21T01:31:09.929937+00:00,201,96413.291,
2026-09-21T01:32:20.965359+00:00,201,25395.616,
2026-09-21T01:32:41.978435+00:00,201,4410.221,
2026-09-21T01:31:07.082664+00:00,201,99344.386,
2026-09-21T01:31:48.035407+00:00,201,58421.025,
2026-09-21T01:31:12.156651+00:00,201,94313.816,
2026-09-21T01:31:30.030135+00:00,201,76465.914,
2026-09-21T01:31:50.804846+00:00,201,55711.167,
2026-09-21T01:30:50.200891+00:00,201,116328.125,
2026-09-21T01:31:40.237567+00:00,201,66294.593,
2026-09-21T01:32:32.710400+00:00,201,13824.912,
2026-09-21T01:31:13.279077+00:00,201,93259.152,
2026-09-21T01:32:06.703814+00:00,201,39837.651,
2026-09-21T01:31:33.020623+00:00,201,73523.973,
2026-09-21T01:30:42.007989+00:00,201,124539.797,
2026-09-21T01:31:11.821630+00:00,201,94729.516,
2026-09-21T01:32:18.453318+00:00,201,28101.351,
2026-09-21T01:31:56.953086+00:00,201,49604.958,
2026-09-21T01:30:59.340595+00:00,201,107220.813,
2026-09-21T01:30:33.708791+00:00,201,132856.191,
2026-09-21T01:29:39.503701+00:00,201,187064.787,
2026-09-21T01:31:59.902165+00:00,201,46670.273,
2026-09-21T01:30:21.806980+00:00,201,144769.015,
2026-09-21T01:31:12.461348+00:00,201,94118.558,
2026-09-21T01:29:54.988596+00:00,201,171621.156,
2026-09-21T01:31:25.519471+00:00,201,81130.413,
2026-09-21T01:31:58.991344+00:00,201,47688.915,
2026-09-21T01:31:04.992024+00:00,201,101691.991,
2026-09-21T01:29:45.364685+00:00,201,181323.18,
2026-09-21T01:32:08.572312+00:00,201,38119.871,
2026-09-21T01:32:14.695736+00:00,201,32000.595,
2026-09-21T01:31:39.924415+00:00,201,66792.829,
2026-09-21T01:29:48.859594+00:00,201,177980.025,
2026-09-21T01:30:37.672660+00:00,201,129183.058,
2026-09-21T01:30:22.753741+00:00,201,144135.985,
2026-09-21T01:29:57.929907+00:00,201,168971.761,
2026-09-21T01:32:18.764602+00:00,201,28155.532,
2026-09-21T01:31:57.270278+00:00,201,49654.0,
2026-09-21T01:32:32.172834+00:00,201,14802.139,
2026-09-21T01:30:21.063193+00:00,201,145966.442,
2026-09-21T01:32:45.747897+00:00,201,1304.389,
2026-09-21T01:32:24.766101+00:00,201,22429.575,
2026-09-21T01:31:45.897961+00:00,201,61327.152,
2026-09-21T01:32:44.642136+00:00,201,2597.358,
2026-09-21T01:31:17.480667+00:00,201,89777.767,
2026-09-21T01:32:09.351701+00:00,201,38105.237,
2026-09-21T01:31:14.312348+00:00,201,93167.732,
2026-09-21T01:31:42.468247+00:00,201,65021.917,
2026-09-21T01:31:58.904088+00:00,201,48684.096,
2026-09-21T01:31:03.713650+00:00,201,103882.36,
2026-09-21T01:32:33.793815+00:00,201,13864.966,
2026-09-21T01:31:51.742567+00:00,201,55981.09,
2026-09-21T01:31:23.491560+00:00,201,84237.979,
2026-09-21T01:31:22.182713+00:00,201,85580.471,
2026-09-21T01:32:43.448819+00:00,201,4320.582,
2026-09-21T01:30:58.999006+00:00,201,108824.96,
2026-09-21T01:30:57.094633+00:00,201,110761.57,
2026-09-21T01:32:30.363130+00:00,201,17587.286,
2026-09-21T01:31:57.794394+00:00,201,50174.268,
2026-09-21T01:32:15.819181+00:00,201,32165.94,
2026-09-21T01:32:37.380409+00:00,201,10650.461,
2026-09-21T01:30:41.977125+00:00,201,126064.15,
2026-09-21T01:31:27.538319+00:00,201,80531.091,
2026-09-21T01:31:27.091693+00:00,201,81030.434,
2026-09-21T01:31:38.075124+00:00,201,70061.949,
2026-09-21T01:32:47.195726+00:00,201,973.708,
2026-09-21T01:31:19.260605+00:00,201,88944.708,
2026-09-21T01:31:40.376876+00:00,201,67858.702,
2026-09-21T01:32:27.801184+00:00,201,20553.535,
2026-09-21T01:32:31.918184+00:00,201,16440.766,
2026-09-21T01:30:59.366171+00:00,201,109017.156,
2026-09-21T01:30:37.197578+00:00,201,131192.017,
2026-09-21T01:32:06.164793+00:00,201,42237.903,
2026-09-21T01:32:08.888327+00:00,201,39542.151,
2026-09-21T01:30:17.309353+00:00,201,151130.117,
2026-09-21T01:32:08.524093+00:00,201,39922.244,
2026-09-21T01:31:40.880349+00:00,201,67570.435,
2026-09-21T01:31:47.992745+00:00,201,60462.594,
2026-09-21T01:32:12.333246+00:00,201,36170.013,
2026-09-21T01:30:51.193976+00:00,201,117374.637,
2026-09-21T01:31:37.288469+00:00,201,71362.001,
2026-09-21T01:31:01.089612+00:00,201,107570.985,
2026-09-21T01:30:29.582788+00:00,201,139156.0,
2026-09-21T01:31:35.239486+00:00,201,73516.378,
2026-09-21T01:31:54.709035+00:00,201,54226.959,
2026-09-21T01:31:47.575610+00:00,201,61370.298,
2026-09-21T01:31:39.590125+00:00,201,69390.145,
2026-09-21T01:30:59.552750+00:00,201,109455.856,
2026-09-21T01:31:49.604506+00:00,201,59445.286,
2026-09-21T01:30:42.716685+00:00,201,126399.747,
2026-09-21T01:31:32.963308+00:00,201,76192.516,
2026-09-21T01:31:53.210555+00:00,201,55949.319,
2026-09-21T01:31:30.945234+00:00,201,78258.829,
2026-09-21T01:30:44.791769+00:00,201,124424.898,
2026-09-21T01:32:06.146957+00:00,201,43147.509,
2026-09-21T01:31:56.084796+00:00,201,53213.906,
2026-09-21T01:31:49.508718+00:00,201,59831.86,
2026-09-21T01:31:43.727172+00:00,201,65628.19,
2026-09-21T01:31:18.898484+00:00,201,90564.265,
2026-09-21T01:32:44.539592+00:00,201,4941.605,
2026-09-21T01:31:02.957812+00:00,201,106529.421,
2026-09-21T01:31:29.144353+00:00,201,80363.892,
2026-09-21T01:31:40.143492+00:00,201,69424.857,
2026-09-21T01:32:44.516194+00:00,201,5126.297,
2026-09-21T01:31:40.083574+00:00,201,69620.361,
2026-09-21T01:29:52.968009+00:00,201,176757.814,
2026-09-21T01:31:32.334294+00:00,201,77428.647,
2026-09-21T01:32:35.796659+00:00,201,14028.93,
2026-09-21T01:31:40.655903+00:00,201,69194.062,
2026-09-21T01:31:04.353369+00:00,201,105517.226,
2026-09-21T01:31:07.530616+00:00,201,102350.362,
2026-09-21T01:31:16.948942+00:00,201,93039.02,
2026-09-21T01:30:22.016727+00:00,201,147987.174,
2026-09-21T01:31:46.939177+00:00,201,63167.515,
2026-09-21T01:31:43.168059+00:00,201,66957.194,
2026-09-21T01:31:05.868565+00:00,201,104262.959,
2026-09-21T01:31:40.868164+00:00,201,69307.512,
2026-09-21T01:32:34.015815+00:00,201,16164.301,
2026-09-21T01:32:02.003504+00:00,201,48249.299,
2026-09-21T01:30:39.468391+00:00,201,130815.186,
2026-09-21T01:31:23.742128+00:00,201,86580.089,
2026-09-21T01:30:42.004569+00:00,201,128422.378,
2026-09-21T01:31:15.500018+00:00,201,95026.226,
2026-09-21T01:31:37.935531+00:00,201,72611.865,
2026-09-21T01:31:53.048437+00:00,201,57503.409,
2026-09-21T01:32:28.345881+00:00,201,22284.124,
2026-09-21T01:31:08.896288+00:00,201,101742.281,
2026-09-21T01:32:01.035540+00:00,201,49693.788,
2026-09-21T01:32:05.669375+00:00,201,45097.238,
2026-09-21T01:32:04.999858+00:00,201,45793.432,
2026-09-21T01:31:50.175685+00:00,201,60646.953,
2026-09-21T01:32:27.466235+00:00,201,23444.332,
2026-09-21T01:32:47.239505+00:00,201,3704.873,
2026-09-21T01:32:17.307982+00:00,201,33654.089,
2026-09-21T01:31:21.273016+00:00,201,89717.092,
2026-09-21T01:30:31.392046+00:00,201,139615.643,
2026-09-21T01:32:42.089633+00:00,201,8934.032,
2026-09-21T01:32:25.337187+00:00,201,25717.435,
2026-09-21T01:32:02.828665+00:00,201,48285.365,
2026-09-21T01:30:49.872819+00:00,201,121269.179,
2026-09-21T01:30:48.260415+00:00,201,122888.133,
2026-09-21T01:30:46.156481+00:00,201,125000.887,
2026-09-21T01:31:08.735297+00:00,201,102426.649,
2026-09-21T01:32:00.589914+00:00,201,50600.934,
2026-09-21T01:31:30.395258+00:00,201,81123.826,
2026-09-21T01:32:09.855727+00:00,201,41681.474,
2026-09-21T01:32:36.757495+00:00,201,14796.24,
2026-09-21T01:30:20.489656+00:00,201,151067.035,
2026-09-21T01:30:22.380107+00:00,201,149190.643,
2026-09-21T01:29:55.510894+00:00,201,176077.134,
2026-09-21T01:32:10.201996+00:00,201,41422.394,
2026-09-21T01:31:33.930103+00:00,201,77718.85,
2026-09-21T01:32:00.792215+00:00,201,50893.639,
2026-09-21T01:30:37.416366+00:00,201,134271.78,
2026-09-21T01:32:25.637784+00:00,201,26054.507,
2026-09-21T01:31:50.275596+00:00,201,61431.95,
2026-09-21T01:31:57.060991+00:00,201,54684.186,
2026-09-21T01:31:11.510410+00:00,201,100236.743,
2026-09-21T01:31:32.003367+00:00,201,79761.799,
2026-09-21T01:31:03.895223+00:00,201,107891.913,
2026-09-21T01:32:19.621704+00:00,201,32168.442,
2026-09-21T01:31:48.015960+00:00,201,63787.93,
2026-09-21T01:31:58.502594+00:00,201,53331.418,
2026-09-21T01:31:47.636919+00:00,201,64223.729,
2026-09-21T01:31:37.082528+00:00,201,74794.787,
2026-09-21T01:31:57.077412+00:00,201,54825.1,
2026-09-21T01:31:09.080291+00:00,201,102838.414,
2026-09-21T01:31:48.407890+00:00,201,63533.336,
2026-09-21T01:31:29.588518+00:00,201,82354.845,
2026-09-21T01:31:43.849648+00:00,201,68095.983,
2026-09-21T01:32:26.385642+00:00,201,25614.869,
2026-09-21T01:31:38.403718+00:00,201,73619.672,
2026-09-21T01:30:03.735291+00:00,201,168291.401,
2026-09-21T01:30:46.779464+00:00,201,125275.805,
2026-09-21T01:30:57.127591+00:00,201,114939.834,
2026-09-21T01:31:16.044077+00:00,201,96026.418,
2026-09-21T01:31:36.532580+00:00,201,75573.693,
2026-09-21T01:30:47.829308+00:00,201,124299.169,
2026-09-21T01:31:05.987469+00:00,201,106158.579,
2026-09-21T01:31:40.520682+00:00,201,71650.094,
2026-09-21T01:30:59.490412+00:00,201,112683.292,
2026-09-21T01:31:01.485958+00:00,201,110698.654,
2026-09-21T01:31:42.935539+00:00,201,69269.017,
2026-09-21T01:30:40.994213+00:00,201,131257.135,
2026-09-21T01:32:17.553995+00:00,201,34735.425,
2026-09-21T01:30:43.573336+00:00,201,128730.269,
2026-09-21T01:30:46.005479+00:00,201,126319.711,
2026-09-21T01:30:15.419803+00:00,201,156908.156,
2026-09-21T01:30:16.025199+00:00,201,156304.305,
2026-09-21T01:32:04.080502+00:00,201,48279.869,
2026-09-21T01:31:38.918505+00:00,201,73453.771,
2026-09-21T01:30:55.181793+00:00,201,117193.899,
2026-09-21T01:31:47.361149+00:00,201,65016.901,
2026-09-21T01:32:03.749668+00:00,201,48655.582,
2026-09-21T01:31:36.640274+00:00,201,75797.321,
2026-09-21T01:31:52.566124+00:00,201,59880.437,
2026-09-21T01:30:36.661569+00:00,201,135830.643,
2026-09-21T01:31:14.492693+00:00,201,98004.585,
2026-09-21T01:32:37.450705+00:00,201,15054.65,
2026-09-21T01:31:52.839517+00:00,201,59668.475,
2026-09-21T01:31:28.386986+00:00,201,84124.412,
2026-09-21T01:32:25.150264+00:00,201,27371.765,
2026-09-21T01:30:52.779049+00:00,201,119744.35,
2026-09-21T01:31:24.351444+00:00,201,88181.712,
2026-09-21T01:30:37.241201+00:00,201,135302.877,
2026-09-21T01:30:58.754729+00:00,201,113804.168,
2026-09-21T01:32:28.466460+00:00,201,24119.394,
2026-09-21T01:31:34.551290+00:00,201,78054.078,
2026-09-21T01:31:01.674984+00:00,201,110951.589,
2026-09-21T01:30:41.762149+00:00,201,130868.221,
2026-09-21T01:31:32.751614+00:00,201,79884.082,
2026-09-21T01:31:16.033139+00:00,201,96618.252,
2026-09-21T01:32:46.532296+00:00,201,6124.113,
2026-09-21T01:32:02.868144+00:00,201,49797.326,
2026-09-21T01:32:40.452972+00:00,201,12246.831,
2026-09-21T01:30:22.009088+00:00,201,150698.195,
2026-09-21T01:32:00.021709+00:00,201,52723.228,
2026-09-21T01:30:13.360462+00:00,201,159410.873,
2026-09-21T01:30:23.171122+00:00,201,149603.947,
2026-09-21T01:31:49.577922+00:00,201,63234.134,
2026-09-21T01:32:16.545405+00:00,201,36282.907,
2026-09-21T01:31:51.213994+00:00,201,61639.9,
2026-09-21T01:31:22.910185+00:00,201,89949.523,
2026-09-21T01:31:30.898562+00:00,201,81976.175,
2026-09-21T01:31:25.305884+00:00,201,87578.578,
2026-09-21T01:31:09.067709+00:00,201,103820.577,
2026-09-21T01:30:41.290619+00:00,201,131607.088,
2026-09-21T01:32:32.670614+00:00,201,20245.172,
2026-09-21T01:30:54.732576+00:00,201,118186.348,
2026-09-21T01:32:18.917875+00:00,201,34006.512,
2026-09-21T01:32:06.104784+00:00,201,46826.95,
2026-09-21T01:31:19.419465+00:00,201,93529.91,
2026-09-21T01:31:15.479026+00:00,201,97476.53,
2026-09-21T01:31:44.533250+00:00,201,68427.729,
2026-09-21T01:31:22.395579+00:00,201,90571.308,
2026-09-21T01:31:34.872361+00:00,201,78150.482,
2026-09-21T01:31:54.274659+00:00,201,58769.358,
2026-09-21T01:31:43.172678+00:00,201,69872.71,
2026-09-21T01:31:57.214037+00:00,201,55834.1,
2026-09-21T01:32:04.416747+00:00,201,48644.496,
2026-09-21T01:32:16.229844+00:00,201,36843.119,
2026-09-21T01:31:45.213558+00:00,201,67871.572,
2026-09-21T01:32:52.699831+00:00,201,397.906,
2026-09-21T01:31:05.785282+00:00,201,107320.375,
2026-09-21T01:30:01.700319+00:00,201,171443.475,
2026-09-21T01:31:56.329919+00:00,201,56817.794,
2026-09-21T01:32:26.883490+00:00,201,26280.227,
2026-09-21T01:31:28.418892+00:00,201,84755.902,
2026-09-21T01:32:02.589202+00:00,201,50591.25,
2026-09-21T01:31:50.593735+00:00,201,62592.955,
2026-09-21T01:30:04.631199+00:00,201,168565.664,
2026-09-21T01:30:18.808713+00:00,201,154493.561,
2026-09-21T01:31:01.195646+00:00,201,112122.639,
2026-09-21T01:32:11.743106+00:00,201,41595.083,
2026-09-21T01:32:18.456989+00:00,201,34888.713,
2026-09-21T01:32:28.626623+00:00,201,24761.702,
2026-09-21T01:31:23.431868+00:00,201,89978.475,
2026-09-21T01:31:25.547575+00:00,201,87865.088,
2026-09-21T01:32:34.664924+00:00,201,18762.689,
2026-09-21T01:31:14.116305+00:00,201,99340.837,
2026-09-21T01:32:25.850795+00:00,201,27635.163,
2026-09-21T01:32:53.023005+00:00,201,525.805,
2026-09-21T01:30:38.725134+00:00,201,134828.676,
2026-09-21T01:32:06.030407+00:00,201,47559.996,
2026-09-21T01:31:34.860868+00:00,201,78777.575,
2026-09-21T01:31:26.617328+00:00,201,87025.762,
2026-09-21T01:31:50.771171+00:00,201,62878.787,
2026-09-21T01:31:46.778527+00:00,201,66873.065,
2026-09-21T01:32:31.434853+00:00,201,22239.226,
2026-09-21T01:31:55.397690+00:00,201,58295.615,
2026-09-21T01:31:17.364470+00:00,201,96343.02,
2026-09-21T01:32:03.800437+00:00,201,49912.983,
2026-09-21T01:30:37.427277+00:00,201,136313.142,
2026-09-21T01:32:18.091477+00:00,201,35654.04,
2026-09-21T01:31:56.651668+00:00,201,57098.226,
2026-09-21T01:31:54.486971+00:00,201,59265.665,
2026-09-21T01:31:11.679105+00:00,201,102093.298,
2026-09-21T01:30:15.047240+00:00,201,158739.052,
2026-09-21T01:32:26.099914+00:00,201,27691.411,
2026-09-21T01:31:04.774075+00:00,201,109034.3,
2026-09-21T01:32:10.242084+00:00,201,43586.448,
2026-09-21T01:32:01.583807+00:00,201,52275.256,
2026-09-21T01:31:32.624759+00:00,201,81258.456,
2026-09-21T01:31:07.105712+00:00,201,106818.591,
2026-09-21T01:32:53.427654+00:00,201,506.161,
2026-09-21T01:31:50.708304+00:00,201,63289.906,
2026-09-21T01:32:17.608920+00:00,201,36435.561,
2026-09-21T01:30:37.430829+00:00,201,136615.923,
2026-09-21T01:30:44.430320+00:00,201,129619.083,
2026-09-21T01:31:48.049711+00:00,201,66005.753,
2026-09-21T01:31:37.434861+00:00,201,76623.477,
2026-09-21T01:31:51.161777+00:00,201,62938.404,
2026-09-21T01:30:17.701682+00:00,201,156465.078,
2026-09-21T01:31:33.739368+00:00,201,80430.745,
2026-09-21T01:31:40.821992+00:00,201,73363.578,
2026-09-21T01:31:11.069920+00:00,201,103117.354,
2026-09-21T01:31:44.875670+00:00,201,69313.543,
2026-09-21T01:31:43.513742+00:00,201,70677.413,
2026-09-21T01:31:09.761426+00:00,201,104431.666,
2026-09-21T01:30:43.170630+00:00,201,131024.562,
2026-09-21T01:31:33.232532+00:00,201,80993.53,
2026-09-21T01:32:18.570595+00:00,201,35657.887,
2026-09-21T01:32:50.551970+00:00,201,3702.988,
2026-09-21T01:31:43.504642+00:00,201,70752.447,
2026-09-21T01:31:29.880166+00:00,201,84379.25,
2026-09-21T01:32:50.944390+00:00,201,3317.64,
2026-09-21T01:30:57.340754+00:00,201,116923.53,
2026-09-21T01:31:55.419879+00:00,201,58847.132,
2026-09-21T01:32:35.600687+00:00,201,18669.075,
2026-09-21T01:30:21.190694+00:00,201,153081.535,
2026-09-21T01:32:18.395729+00:00,201,35879.627,
2026-09-21T01:31:58.491501+00:00,201,55786.782,
2026-09-21T01:30:36.545478+00:00,201,137819.026,
2026-09-21T01:31:57.389925+00:00,201,56980.592,
2026-09-21T01:29:52.311770+00:00,201,182076.394,
2026-09-21T01:30:41.599070+00:00,201,132805.819,
2026-09-21T01:31:06.584361+00:00,201,107851.88,
2026-09-21T01:31:58.381162+00:00,201,56058.562,
2026-09-21T01:30:31.821485+00:00,201,142621.445,
2026-09-21T01:31:51.214806+00:00,201,63231.793,
2026-09-21T01:32:08.258843+00:00,201,46191.438,
2026-09-21T01:31:57.419480+00:00,201,57034.487,
2026-09-21T01:31:28.444095+00:00,201,86013.6,
2026-09-21T01:30:48.394586+00:00,201,126084.41,
2026-09-21T01:29:36.582294+00:00,201,197934.979,
2026-09-21T01:31:28.256279+00:00,201,86292.03,
2026-09-21T01:31:16.674471+00:00,201,97882.488,
2026-09-21T01:30:47.744609+00:00,201,126815.92,
2026-09-21T01:30:24.673194+00:00,201,149890.977,
2026-09-21T01:31:58.748796+00:00,201,55819.45,
2026-09-21T01:31:59.988470+00:00,201,54583.655,
2026-09-21T01:31:19.099294+00:00,201,95476.841,
2026-09-21T01:32:35.470163+00:00,201,19110.371,
2026-09-21T01:31:34.961525+00:00,201,79623.158,
2026-09-21T01:30:38.771903+00:00,201,135816.985,
2026-09-21T01:30:34.159924+00:00,201,140433.256,
2026-09-21T01:31:03.902400+00:00,201,110695.298,
2026-09-21T01:31:49.171741+00:00,201,65430.618,
2026-09-21T01:30:50.540218+00:00,201,124066.664,
2026-09-21T01:31:01.255506+00:00,201,113356.15,
2026-09-21T01:32:23.745103+00:00,201,30871.539,
2026-09-21T01:29:56.087157+00:00,201,178534.156,
2026-09-21T01:29:45.427575+00:00,201,189198.645,
2026-09-21T01:31:08.593513+00:00,201,106037.944,
2026-09-21T01:32:31.779633+00:00,201,22857.137,
2026-09-21T01:32:21.876047+00:00,201,32765.953,
2026-09-21T01:32:22.106099+00:00,201,32541.297,
2026-09-21T01:32:52.251614+00:00,201,2413.946,
2026-09-21T01:31:28.239000+00:00,201,86463.389,
2026-09-21T01:31:50.277568+00:00,201,64471.295,
2026-09-21T01:32:25.677421+00:00,201,29128.511,
2026-09-21T01:30:52.098081+00:00,201,122713.173,
2026-09-21T01:31:40.044253+00:00,201,74772.682,
2026-09-21T01:30:41.603697+00:00,201,133218.85,
2026-09-21T01:30:33.323779+00:00,201,141504.509,
2026-09-21T01:32:51.688417+00:00,201,3146.003,
2026-09-21T01:31:38.436856+00:00,201,76403.344,
2026-09-21T01:31:29.256768+00:00,201,85589.445,
2026-09-21T01:31:03.177768+00:00,201,111674.51,
2026-09-21T01:30:52.514570+00:00,201,122343.731,
2026-09-21T01:31:07.202599+00:00,201,107662.009,
2026-09-21T01:29:44.098082+00:00,201,190772.678,
2026-09-21T01:31:41.510558+00:00,201,73366.875,
2026-09-21T01:30:17.352590+00:00,201,157531.176,
2026-09-21T01:31:00.802672+00:00,201,114087.716,
2026-09-21T01:30:59.314041+00:00,201,115583.01,
2026-09-21T01:31:49.956088+00:00,201,64947.895,
2026-09-21T01:31:49.869567+00:00,201,65041.315,
2026-09-21T01:30:55.925142+00:00,201,118992.574,
2026-09-21T01:31:30.273222+00:00,201,84651.586,
2026-09-21T01:32:30.229803+00:00,201,24702.274,
2026-09-21T01:31:05.074924+00:00,201,109864.241,
2026-09-21T01:30:35.917751+00:00,201,139028.566,
2026-09-21T01:31:13.069829+00:00,201,101883.863,
2026-09-21T01:31:32.222811+00:00,201,82738.385,
2026-09-21T01:30:44.703894+00:00,201,130264.555,
2026-09-21T01:31:36.882359+00:00,201,78093.624,
2026-09-21T01:31:45.902587+00:00,201,69081.003,
2026-09-21T01:32:33.569849+00:00,201,21421.478,
2026-09-21T01:31:36.361789+00:00,201,78637.392,
2026-09-21T01:30:58.508262+00:00,201,116498.691,
2026-09-21T01:32:08.709145+00:00,201,46305.842,
2026-09-21T01:32:27.484697+00:00,201,27538.344,
2026-09-21T01:30:46.043181+00:00,201,128987.931,
2026-09-21T01:30:47.786757+00:00,201,127252.576,
2026-09-21T01:30:20.337665+00:00,201,154709.973,
2026-09-21T01:30:37.673955+00:00,201,137382.137,
2026-09-21T01:31:59.997040+00:00,201,55067.762,
2026-09-21T01:31:02.946935+00:00,201,112126.406,
2026-09-21T01:31:24.586174+00:00,201,90495.917,
2026-09-21T01:32:35.208119+00:00,201,19882.954,
2026-09-21T01:31:07.443761+00:00,201,107656.119,
2026-09-21T01:32:43.233909+00:00,201,11875.179,
2026-09-21T01:31:12.839106+00:00,201,102278.736,
2026-09-21T01:31:01.435070+00:00,201,113691.681,
2026-09-21T01:31:29.885581+00:00,201,85250.291,
2026-09-21T01:29:40.473142+00:00,201,194671.542,
2026-09-21T01:31:18.591607+00:00,201,96562.474,
2026-09-21T01:31:59.619964+00:00,201,55543.457,
2026-09-21T01:30:57.551601+00:00,201,117687.25,
2026-09-21T01:31:57.205095+00:00,201,58056.756,
2026-09-21T01:32:19.038333+00:00,201,36315.541,
2026-09-21T01:32:19.591774+00:00,201,35832.756,
2026-09-21T01:31:25.434511+00:00,201,89999.343,
2026-09-21T01:32:37.520088+00:00,201,17923.432,
2026-09-21T01:32:17.148875+00:00,201,38304.377,
2026-09-21T01:31:13.388271+00:00,201,102074.677,
2026-09-21T01:31:21.762658+00:00,201,93710.273,
2026-09-21T01:30:52.902767+00:00,201,122580.145,
2026-09-21T01:30:07.724483+00:00,201,167768.477,
2026-09-21T01:32:03.680981+00:00,201,51822.103,
2026-09-21T01:30:04.435485+00:00,201,171077.33,
2026-09-21T01:31:48.076476+00:00,201,67446.679,
2026-09-21T01:30:25.261096+00:00,201,150272.243,
2026-09-21T01:32:16.931038+00:00,201,38612.807,
2026-09-21T01:32:22.384505+00:00,201,33169.844,
2026-09-21T01:32:25.940643+00:00,201,29688.223,
2026-09-21T01:30:56.417371+00:00,201,119226.992,
2026-09-21T01:32:32.639138+00:00,201,23210.806,
2026-09-21T01:32:45.595017+00:00,201,10302.066,
2026-09-21T01:31:21.270207+00:00,201,94674.16,
2026-09-21T01:31:18.275064+00:00,201,97805.635,
2026-09-21T01:30:58.092216+00:00,201,118025.458,
2026-09-21T01:32:07.215295+00:00,201,48955.989,
2026-09-21T01:31:55.405082+00:00,201,60839.647,
2026-09-21T01:32:42.501747+00:00,201,13811.363,
2026-09-21T01:30:59.622637+00:00,201,116758.103,
2026-09-21T01:31:46.972225+00:00,201,69553.401,
2026-09-21T01:30:53.494572+00:00,201,123162.176,
2026-09-21T01:32:16.792069+00:00,201,40077.179,
2026-09-21T01:30:02.469690+00:00,201,174472.132,
2026-09-21T01:31:29.301142+00:00,201,87905.381,
2026-09-21T01:30:37.890095+00:00,201,139672.16,
2026-09-21T01:31:09.820624+00:00,201,107874.486,
2026-09-21T01:31:38.925891+00:00,201,78880.122,
2026-09-21T01:31:44.470392+00:00,201,73362.11,
2026-09-21T01:31:22.539272+00:00,201,95430.276,
2026-09-21T01:31:52.445019+00:00,201,65858.25,
2026-09-21T01:32:25.339626+00:00,201,32989.774,
2026-09-21T01:31:51.004199+00:00,201,67391.054,
2026-09-21T01:30:51.234364+00:00,201,127272.072,
2026-09-21T01:31:28.468749+00:00,201,90079.782,
2026-09-21T01:31:47.489771+00:00,201,71080.091,
2026-09-21T01:32:50.526439+00:00,201,8060.275,
2026-09-21T01:31:14.185635+00:00,201,104491.885,
2026-09-21T01:30:41.737039+00:00,201,136987.019,
2026-09-21T01:31:46.840364+00:00,201,72015.848,
2026-09-21T01:30:57.259511+00:00,201,121634.082,
2026-09-21T01:31:35.545844+00:00,201,83379.62,
2026-09-21T01:30:35.747837+00:00,201,143282.436,
2026-09-21T01:31:16.946024+00:00,201,102177.007,
2026-09-21T01:32:46.610098+00:00,201,12540.201,
2026-09-21T01:31:19.921685+00:00,201,99377.055,
2026-09-21T01:32:01.286175+00:00,201,58042.774,
2026-09-21T01:31:19.349110+00:00,201,100053.304,
2026-09-21T01:30:43.201260+00:00,201,136475.715,
2026-09-21T01:32:57.206704+00:00,201,2549.562,
2026-09-21T01:31:05.587399+00:00,201,114175.398,
2026-09-21T01:31:59.851428+00:00,201,59956.957,
2026-09-21T01:31:32.340177+00:00,201,87485.132,
2026-09-21T01:32:09.012241+00:00,201,50940.724,
2026-09-21T01:32:34.661378+00:00,201,25349.564,
2026-09-21T01:31:24.908468+00:00,201,95146.943,
2026-09-21T01:32:29.293362+00:00,201,30775.219,
2026-09-21T01:32:29.966314+00:00,201,30159.735,
2026-09-21T01:30:02.266791+00:00,201,177867.44,
2026-09-21T01:32:53.548815+00:00,201,6600.837,
2026-09-21T01:31:44.704138+00:00,201,75458.788,
2026-09-21T01:30:57.109033+00:00,201,123071.131,
2026-09-21T01:30:41.439974+00:00,201,138750.531,
2026-09-21T01:32:01.484556+00:00,201,58721.482,
2026-09-21T01:31:28.842982+00:00,201,91366.835,
2026-09-21T01:31:59.928513+00:00,201,60299.678,
2026-09-21T01:31:38.057539+00:00,201,82197.326,
2026-09-21T01:31:40.347987+00:00,201,79914.708,
2026-09-21T01:31:30.472273+00:00,201,89816.013,
2026-09-21T01:31:51.659422+00:00,201,68682.827,
2026-09-21T01:30:57.573434+00:00,201,122783.3,
2026-09-21T01:32:28.292346+00:00,201,32070.197,
2026-09-21T01:32:50.547544+00:00,201,9820.771,
2026-09-21T01:31:33.597703+00:00,201,86774.406,
2026-09-21T01:31:47.946869+00:00,201,72430.243,
2026-09-21T01:30:25.831399+00:00,201,154554.927,
2026-09-21T01:31:46.074646+00:00,201,74341.492,
2026-09-21T01:31:06.393893+00:00,201,114072.463,
2026-09-21T01:31:55.434272+00:00,201,65067.991,
2026-09-21T01:30:03.758625+00:00,201,176772.2,
2026-09-21T01:30:46.210086+00:00,201,134323.374,
2026-09-21T01:31:46.534323+00:00,201,74005.99,
2026-09-21T01:30:44.381806+00:00,201,136173.146,
2026-09-21T01:31:57.083124+00:00,201,63521.627,
2026-09-21T01:31:31.131194+00:00,201,89497.549,
2026-09-21T01:31:49.479812+00:00,201,71151.637,
2026-09-21T01:32:17.508784+00:00,201,43124.881,
2026-09-21T01:32:20.346304+00:00,201,40323.805,
2026-09-21T01:31:42.350794+00:00,201,78332.158,
2026-09-21T01:32:52.328275+00:00,201,8362.4,
2026-09-21T01:31:52.021197+00:00,201,68675.719,
2026-09-21T01:31:30.605662+00:00,201,90096.411,
2026-09-21T01:31:03.704537+00:00,201,117019.041,
2026-09-21T01:31:37.523732+00:00,201,83215.769,
2026-09-21T01:32:17.959293+00:00,201,42783.605,
2026-09-21T01:31:21.439409+00:00,201,99314.585,
2026-09-21T01:31:42.020938+00:00,201,78746.007,
2026-09-21T01:30:52.572228+00:00,201,128206.81,
2026-09-21T01:31:22.102522+00:00,201,98687.245,
2026-09-21T01:30:22.024409+00:00,201,158800.849,
2026-09-21T01:31:11.339980+00:00,201,109500.897,
2026-09-21T01:30:49.482366+00:00,201,131359.089,
2026-09-21T01:31:46.235418+00:00,201,74611.076,
2026-09-21T01:31:42.343658+00:00,201,78515.475,
2026-09-21T01:31:47.771537+00:00,201,73117.952,
2026-09-21T01:31:31.057843+00:00,201,89832.287,
2026-09-21T01:31:39.412767+00:00,201,81505.322,
2026-09-21T01:31:33.880658+00:00,201,87070.729,
2026-09-21T01:31:46.627754+00:00,201,74345.03,
2026-09-21T01:30:12.242190+00:00,201,168744.951,
2026-09-21T01:31:16.911858+00:00,201,104096.201,
2026-09-21T01:30:57.788467+00:00,201,123224.682,
2026-09-21T01:32:20.119214+00:00,201,40901.798,
2026-09-21T01:30:32.686234+00:00,201,148336.535,
2026-09-21T01:31:37.966938+00:00,201,83070.184,
2026-09-21T01:31:45.672064+00:00,201,75376.885,
2026-09-21T01:30:15.418340+00:00,201,165633.745,
2026-09-21T01:32:38.864686+00:00,201,22192.33,
2026-09-21T01:31:33.268788+00:00,201,87790.027,
2026-09-21T01:31:29.740174+00:00,201,91321.328,
2026-09-21T01:31:49.579218+00:00,201,71516.147,
2026-09-21T01:32:20.382596+00:00,201,40718.014,
2026-09-21T01:31:37.400964+00:00,201,83700.224,
2026-09-21T01:30:31.101211+00:00,201,150044.591,
2026-09-21T01:31:27.393714+00:00,201,93773.728,
2026-09-21T01:31:39.424091+00:00,201,81748.44,
2026-09-21T01:30:56.804597+00:00,201,124413.373,
2026-09-21T01:30:47.435056+00:00,201,133788.026,
2026-09-21T01:31:01.388813+00:00,201,119846.514,
2026-09-21T01:31:03.249221+00:00,201,117991.005,
2026-09-21T01:30:23.299829+00:00,201,157943.906,
2026-09-21T01:32:26.260770+00:00,201,34987.173,
2026-09-21T01:31:16.184506+00:00,201,105075.898,
2026-09-21T01:31:01.254385+00:00,201,120033.114,
2026-09-21T01:31:15.758722+00:00,201,105530.686,
2026-09-21T01:32:46.188549+00:00,201,15110.99,
2026-09-21T01:31:49.156020+00:00,201,72149.532,
2026-09-21T01:29:56.150376+00:00,201,185175.77,
2026-09-21T01:30:26.405515+00:00,201,154932.752,
2026-09-21T01:32:27.339994+00:00,201,34002.398,
2026-09-21T01:30:45.787554+00:00,201,135577.341,
2026-09-21T01:32:42.793515+00:00,201,18583.823,
2026-09-21T01:30:47.373033+00:00,201,134008.57,
2026-09-21T01:31:21.417054+00:00,201,99979.361,
2026-09-21T01:31:38.780735+00:00,201,82617.107,
2026-09-21T01:32:28.753264+00:00,201,32669.027,
2026-09-21T01:32:21.924981+00:00,201,39523.865,
2026-09-21T01:30:02.323844+00:00,201,179130.265,
2026-09-21T01:31:59.778519+00:00,201,61684.984,
2026-09-21T01:32:34.457336+00:00,201,27018.17,
2026-09-21T01:31:14.415023+00:00,201,107085.726,
2026-09-21T01:30:47.382134+00:00,201,134124.748,
2026-09-21T01:29:43.055053+00:00,201,198461.454,
2026-09-21T01:30:52.776428+00:00,201,128751.819,
2026-09-21T01:32:52.859892+00:00,201,8674.934,
2026-09-21T01:31:04.059967+00:00,201,117486.937,
2026-09-21T01:30:09.710761+00:00,201,171863.592,
2026-09-21T01:31:07.571520+00:00,201,114027.067,
2026-09-21T01:31:09.187226+00:00,201,112424.465,
2026-09-21T01:30:59.558508+00:00,201,122058.82,
2026-09-21T01:30:42.159493+00:00,201,139481.041,
2026-09-21T01:30:31.489570+00:00,201,150181.489,
2026-09-21T01:31:02.967204+00:00,201,118709.704,
2026-09-21T01:32:29.904059+00:00,201,31806.355,
2026-09-21T01:31:32.281193+00:00,201,89456.114,
2026-09-21T01:32:31.322336+00:00,201,30420.733,
2026-09-21T01:30:14.964570+00:00,201,166789.971,
2026-09-21T01:31:20.600732+00:00,201,101173.346,
2026-09-21T01:31:26.860396+00:00,201,94930.402,
2026-09-21T01:31:48.691229+00:00,201,73106.851,
2026-09-21T01:31:23.576547+00:00,201,98228.983,
2026-09-21T01:30:01.761180+00:00,201,180049.446,
2026-09-21T01:30:48.517630+00:00,201,133319.942,
2026-09-21T01:32:34.444915+00:00,201,27399.273,
2026-09-21T01:32:37.102039+00:00,201,24743.675,
2026-09-21T01:30:09.792376+00:00,201,172079.421,
2026-09-21T01:30:19.226318+00:00,201,162654.83,
2026-09-21T01:31:29.109320+00:00,201,92794.737,
2026-09-21T01:31:31.051645+00:00,201,90855.541,
2026-09-21T01:30:53.372299+00:00,201,128542.8,
2026-09-21T01:32:07.760038+00:00,201,54180.581,
2026-09-21T01:30:03.869381+00:00,201,178071.823,
2026-09-21T01:32:04.001634+00:00,201,57960.681,
2026-09-21T01:31:43.398112+00:00,201,78572.946,
2026-09-21T01:31:48.912769+00:00,201,73092.857,
2026-09-21T01:31:59.160176+00:00,201,62848.571,
2026-09-21T01:32:45.895213+00:00,201,16145.964,
2026-09-21T01:30:42.584236+00:00,201,139488.703,
2026-09-21T01:29:46.343958+00:00,201,195738.534,
2026-09-21T01:31:21.414128+00:00,201,100687.647,
2026-09-21T01:32:31.657995+00:00,201,30448.584,
2026-09-21T01:30:23.241929+00:00,201,158889.284,
2026-09-21T01:30:58.623033+00:00,201,123515.594,
2026-09-21T01:31:59.683127+00:00,201,62477.438,
2026-09-21T01:31:21.557723+00:00,201,100617.017,
2026-09-21T01:30:43.240943+00:00,201,138934.449,
2026-09-21T01:31:06.690605+00:00,201,115584.802,
2026-09-21T01:31:48.986743+00:00,201,73300.213,
2026-09-21T01:31:02.080754+00:00,201,120209.2,
2026-09-21T01:30:23.293135+00:00,201,159030.896,
2026-09-21T01:31:50.133430+00:00,201,72215.276,
2026-09-21T01:31:05.897809+00:00,201,116465.938,
2026-09-21T01:31:14.265400+00:00,201,108114.738,
2026-09-21T01:32:45.364950+00:00,201,17024.366,
2026-09-21T01:31:07.159137+00:00,201,115232.542,
2026-09-21T01:31:19.379235+00:00,201,103023.084,
2026-09-21T01:32:26.620312+00:00,201,35800.196,
2026-09-21T01:31:59.645003+00:00,201,62784.508,
2026-09-21T01:31:29.579065+00:00,201,92852.019,
2026-09-21T01:32:49.340701+00:00,201,13109.771,
2026-09-21T01:32:46.302741+00:00,201,16150.112,
2026-09-21T01:31:56.798178+00:00,201,65656.41,
2026-09-21T01:31:25.318996+00:00,201,97196.508,
2026-09-21T01:32:23.951691+00:00,201,38569.142,
2026-09-21T01:31:57.422204+00:00,201,65106.163,
2026-09-21T01:31:25.286936+00:00,201,97304.817,
2026-09-21T01:31:54.251347+00:00,201,68359.961,
2026-09-21T01:32:32.615804+00:00,201,29997.778,
2026-09-21T01:32:25.719770+00:00,201,36917.377,
2026-09-21T01:30:40.518214+00:00,201,142138.643,
2026-09-21T01:31:28.177735+00:00,201,94483.508,
2026-09-21T01:31:39.997639+00:00,201,82674.74,
2026-09-21T01:31:26.277955+00:00,201,96433.97,
2026-09-21T01:31:46.995732+00:00,201,75722.958,
2026-09-21T01:31:12.731062+00:00,201,109990.493,
2026-09-21T01:31:36.556845+00:00,201,86165.514,
2026-09-21T01:32:33.965252+00:00,201,28761.701,
2026-09-21T01:32:37.190432+00:00,201,25546.311,
2026-09-21T01:32:45.798628+00:00,201,17049.278,
2026-09-21T01:31:14.692420+00:00,201,108182.435,
2026-09-21T01:31:14.807809+00:00,201,108100.913,
2026-09-21T01:31:45.423797+00:00,201,77509.645,
2026-09-21T01:31:47.762434+00:00,201,75178.117,
2026-09-21T01:31:08.595403+00:00,201,114347.295,
2026-09-21T01:30:43.395984+00:00,201,139549.669,
2026-09-21T01:30:36.836801+00:00,201,146128.337,
2026-09-21T01:32:05.896144+00:00,201,57079.539,
2026-09-21T01:32:51.918914+00:00,201,11081.559,
2026-09-21T01:31:58.890178+00:00,201,64111.641,
2026-09-21T01:31:47.226212+00:00,201,75795.161,
2026-09-21T01:30:23.852763+00:00,201,159171.473,
2026-09-21T01:31:52.711294+00:00,201,70319.299,
2026-09-21T01:30:06.945926+00:00,201,176153.499,
2026-09-21T01:29:48.759254+00:00,201,194342.148,
2026-09-21T01:32:03.167555+00:00,201,59941.001,
2026-09-21T01:32:29.437060+00:00,201,33672.276,
2026-09-21T01:30:57.214704+00:00,201,125902.618,
2026-09-21T01:30:28.881391+00:00,201,154238.215,
2026-09-21T01:31:26.423046+00:00,201,96725.692,
2026-09-21T01:31:53.967796+00:00,201,69206.497,
2026-09-21T01:31:36.820257+00:00,201,86355.461,
2026-09-21T01:30:35.979099+00:00,201,147235.399,
2026-09-21T01:30:50.857472+00:00,201,132363.452,
2026-09-21T01:32:37.186557+00:00,201,26046.857,
2026-09-21T01:30:23.126554+00:00,201,160107.971,
2026-09-21T01:32:28.338713+00:00,201,34928.069,
2026-09-21T01:32:34.242579+00:00,201,29029.465,
2026-09-21T01:29:51.322867+00:00,201,192000.533,
2026-09-21T01:30:01.348405+00:00,201,181976.307,
2026-09-21T01:32:17.271540+00:00,201,46056.18,
2026-09-21T01:31:41.963432+00:00,201,81395.89,
2026-09-21T01:31:07.916792+00:00,201,115456.075,
2026-09-21T01:32:19.415767+00:00,201,43970.038,
2026-09-21T01:31:46.049928+00:00,201,77340.11,
2026-09-21T01:31:31.012329+00:00,201,92382.366,
2026-09-21T01:30:58.522835+00:00,201,124873.269,
2026-09-21T01:31:41.987349+00:00,201,81429.719,
2026-09-21T01:32:10.260030+00:00,201,53191.644,
2026-09-21T01:30:44.882296+00:00,201,138576.009,
2026-09-21T01:31:06.086408+00:00,201,117400.406,
2026-09-21T01:32:34.792934+00:00,201,28700.781,
2026-09-21T01:30:24.262232+00:00,201,159244.001,
2026-09-21T01:30:10.501514+00:00,201,173005.44,
2026-09-21T01:32:48.383548+00:00,201,15124.392,
2026-09-21T01:30:28.305377+00:00,201,155204.39,
2026-09-21T01:32:08.041265+00:00,201,55470.176,
2026-09-21T01:31:11.046437+00:00,201,112469.384,
2026-09-21T01:31:04.962315+00:00,201,118592.655,
2026-09-21T01:31:31.981927+00:00,201,91573.943,
2026-09-21T01:32:27.530904+00:00,201,36027.892,
2026-09-21T01:31:56.066133+00:00,201,67493.314,
2026-09-21T01:32:10.599171+00:00,201,52985.857,
2026-09-21T01:30:22.697610+00:00,201,160887.943,
2026-09-21T01:30:04.836595+00:00,201,178759.041,
2026-09-21T01:32:28.030268+00:00,201,35566.418,
2026-09-21T01:32:46.282233+00:00,201,17367.613,
2026-09-21T01:31:39.524908+00:00,201,84155.113,
2026-09-21T01:31:08.977478+00:00,201,114719.162,
2026-09-21T01:30:37.354573+00:00,201,146345.65,
2026-09-21T01:31:02.023712+00:00,201,121700.542,
2026-09-21T01:31:45.329818+00:00,201,78397.554,
2026-09-21T01:31:19.846703+00:00,201,103903.915,
2026-09-21T01:31:45.929506+00:00,201,77823.522,
2026-09-21T01:31:41.995435+00:00,201,81788.642,
2026-09-21T01:30:34.701127+00:00,201,149085.76,
2026-09-21T01:30:47.920996+00:00,201,135888.952,
2026-09-21T01:30:43.240343+00:00,201,140596.864,
2026-09-21T01:32:37.282563+00:00,201,26565.196,
2026-09-21T01:31:16.973418+00:00,201,106907.395,
2026-09-21T01:31:47.121626+00:00,201,76780.982,
2026-09-21T01:30:40.193205+00:00,201,143709.91,
2026-09-21T01:32:31.431756+00:00,201,32484.803,
2026-09-21T01:32:03.080466+00:00,201,60889.567,
2026-09-21T01:30:34.492837+00:00,201,149500.92,
2026-09-21T01:31:04.943134+00:00,201,119060.945,
2026-09-21T01:31:47.391941+00:00,201,76616.98,
2026-09-21T01:32:24.570600+00:00,201,39452.602,
2026-09-21T01:31:19.295406+00:00,201,104758.581,
2026-09-21T01:32:26.221277+00:00,201,37846.145,
2026-09-21T01:32:16.258031+00:00,201,47813.908,
2026-09-21T01:32:58.856362+00:00,201,5242.855,
2026-09-21T01:32:06.728146+00:00,201,57374.651,
2026-09-21T01:32:21.730583+00:00,201,42409.113,
2026-09-21T01:30:30.526736+00:00,201,153636.392,
2026-09-21T01:31:59.535259+00:00,201,64631.847,
2026-09-21T01:31:30.542837+00:00,201,93634.73,
2026-09-21T01:32:32.025580+00:00,201,32165.726,
2026-09-21T01:31:26.263596+00:00,201,97935.503,
2026-09-21T01:30:26.205556+00:00,201,158009.112,
2026-09-21T01:30:40.392160+00:00,201,143826.197,
2026-09-21T01:31:14.981493+00:00,201,109237.703,
2026-09-21T01:30:57.278916+00:00,201,126957.202,
2026-09-21T01:32:18.721521+00:00,201,45520.822,
2026-09-21T01:31:27.663923+00:00,201,96580.606,
2026-09-21T01:30:35.597026+00:00,201,148661.166,
2026-09-21T01:32:31.495406+00:00,201,32764.524,
2026-09-21T01:32:52.544351+00:00,201,11733.099,
2026-09-21T01:31:22.792382+00:00,201,101500.476,
2026-09-21T01:31:10.242157+00:00,201,114057.232,
2026-09-21T01:31:30.352572+00:00,201,93969.968,
2026-09-21T01:31:58.240942+00:00,201,66127.937,
2026-09-21T01:30:48.433944+00:00,201,135951.491,
2026-09-21T01:31:48.108390+00:00,201,76277.854,
2026-09-21T01:32:47.480269+00:00,201,16928.708,
2026-09-21T01:31:27.957869+00:00,201,96497.165,
2026-09-21T01:32:28.906190+00:00,201,35571.164,
2026-09-21T01:32:33.179105+00:00,201,31323.555,
2026-09-21T01:30:11.169938+00:00,201,173333.103,
2026-09-21T01:30:36.793006+00:00,201,147710.761,
2026-09-21T01:32:48.389860+00:00,201,16114.912,
2026-09-21T01:31:53.704729+00:00,201,70800.687,
2026-09-21T01:32:52.605527+00:00,201,11902.134,
2026-09-21T01:30:34.533551+00:00,201,149974.629,
2026-09-21T01:31:34.438671+00:00,201,90097.04,
2026-09-21T01:32:23.852253+00:00,201,40694.989,
2026-09-21T01:31:04.159941+00:00,201,120422.316,
2026-09-21T01:29:40.358354+00:00,201,204242.361,
2026-09-21T01:32:25.996634+00:00,201,38612.226,
2026-09-21T01:30:31.170378+00:00,201,153490.447,
2026-09-21T01:31:05.655155+00:00,201,119043.426,
2026-09-21T01:32:01.775523+00:00,201,62927.927,
2026-09-21T01:32:04.812883+00:00,201,59895.445,
2026-09-21T01:32:52.055523+00:00,201,12654.618,
2026-09-21T01:32:52.630635+00:00,201,12103.301,
2026-09-21T01:31:06.275354+00:00,201,118479.147,
2026-09-21T01:31:27.726000+00:00,201,97047.626,
2026-09-21T01:32:44.834038+00:00,201,19951.68,
2026-09-21T01:31:49.376979+00:00,201,75411.207,
2026-09-21T01:32:37.198376+00:00,201,27611.631,
2026-09-21T01:32:35.902247+00:00,201,28920.542,
2026-09-21T01:32:01.415521+00:00,201,63426.026,
2026-09-21T01:32:00.013158+00:00,201,64843.382,
2026-09-21T01:32:59.677252+00:00,201,5191.813,
2026-09-21T01:30:59.288992+00:00,201,125595.426,
2026-09-21T01:32:34.814733+00:00,201,30108.27,
2026-09-21T01:30:51.806494+00:00,201,133129.258,
2026-09-21T01:31:20.972588+00:00,201,103964.645,
2026-09-21T01:31:31.664506+00:00,201,93274.539,
2026-09-21T01:30:51.993388+00:00,201,132953.425,
2026-09-21T01:31:39.552004+00:00,201,85399.848,
2026-09-21T01:31:33.747764+00:00,201,91204.87,
2026-09-21T01:32:50.180152+00:00,201,14799.618,
2026-09-21T01:32:27.065452+00:00,201,37916.541,
2026-09-21T01:31:40.453271+00:00,201,84529.412,
2026-09-21T01:31:33.290069+00:00,201,91702.686,
2026-09-21T01:32:03.314957+00:00,201,61734.52,
2026-09-21T01:32:16.463510+00:00,201,48601.137,
2026-09-21T01:30:57.621795+00:00,201,127456.702,
2026-09-21T01:31:02.117115+00:00,201,122972.993,
2026-09-21T01:31:40.492985+00:00,201,84617.631,
2026-09-21T01:31:33.603999+00:00,201,91514.159,
2026-09-21T01:30:14.992643+00:00,201,170127.397,
2026-09-21T01:32:44.463952+00:00,201,20661.311,
2026-09-21T01:32:13.019244+00:00,201,52111.733,
2026-09-21T01:32:03.234536+00:00,201,61905.991,
2026-09-21T01:32:19.232430+00:00,201,45954.152,
2026-09-21T01:31:54.267150+00:00,201,70924.03,
2026-09-21T01:32:03.572670+00:00,201,61637.848,
2026-09-21T01:31:12.365694+00:00,201,112866.714,
2026-09-21T01:31:55.876333+00:00,201,69360.92,
2026-09-21T01:30:41.925289+00:00,201,143322.091,
2026-09-21T01:30:44.582590+00:00,201,140679.552,
2026-09-21T01:30:29.158192+00:00,201,156146.154,
2026-09-21T01:30:44.121215+00:00,201,141197.019,
2026-09-21T01:30:57.320703+00:00,201,128024.908,
2026-09-21T01:31:48.563053+00:00,201,76811.551,
2026-09-21T01:32:02.434082+00:00,201,62947.904,
2026-09-21T01:30:43.917619+00:00,201,141472.447,
2026-09-21T01:32:30.105119+00:00,201,35293.628,
2026-09-21T01:31:22.051855+00:00,201,103350.276,
2026-09-21T01:31:43.137645+00:00,201,82269.334,
2026-09-21T01:31:28.891456+00:00,201,96521.517,
2026-09-21T01:32:34.906933+00:00,201,30510.042,
2026-09-21T01:31:11.397879+00:00,201,114044.932,
2026-09-21T01:31:16.818068+00:00,201,108637.729,
2026-09-21T01:31:52.767465+00:00,201,72726.197,
2026-09-21T01:29:57.111183+00:00,201,188413.193,
2026-09-21T01:32:37.047686+00:00,201,28480.516,
2026-09-21T01:30:15.123531+00:00,201,170420.649,
2026-09-21T01:31:11.797592+00:00,201,113780.939,
2026-09-21T01:32:19.624463+00:00,201,45955.463,
2026-09-21T01:31:32.804046+00:00,201,92789.077,
2026-09-21T01:31:18.226133+00:00,201,107382.414,
2026-09-21T01:31:15.812052+00:00,201,109861.562,
2026-09-21T01:30:42.510698+00:00,201,143173.488,
2026-09-21T01:31:26.998757+00:00,201,98686.837,
2026-09-21T01:30:09.853214+00:00,201,175885.076,
2026-09-21T01:32:49.642506+00:00,201,16097.261,
2026-09-21T01:32:19.373164+00:00,201,46369.077,
2026-09-21T01:31:09.185954+00:00,201,116568.277,
2026-09-21T01:30:37.779742+00:00,201,147975.744,
2026-09-21T01:32:32.923185+00:00,201,32844.037,
2026-09-21T01:32:07.512981+00:00,201,58272.102,
2026-09-21T01:30:49.916756+00:00,201,135881.969,
2026-09-21T01:32:37.500356+00:00,201,28311.53,
2026-09-21T01:30:57.258929+00:00,201,128561.105,
2026-09-21T01:31:39.500599+00:00,201,86325.053,
2026-09-21T01:31:51.295334+00:00,201,74538.815,
2026-09-21T01:32:02.479475+00:00,201,63368.103,
2026-09-21T01:31:55.430654+00:00,201,70437.565,
2026-09-21T01:31:39.953888+00:00,201,85925.935,
2026-09-21T01:32:32.700461+00:00,201,33187.774,
2026-09-21T01:32:42.618136+00:00,201,23272.652,
2026-09-21T01:31:29.260612+00:00,201,96645.777,
2026-09-21T01:31:24.510190+00:00,201,101412.11,
2026-09-21T01:30:53.264666+00:00,201,132658.849,
2026-09-21T01:30:59.107492+00:00,201,126828.756,
2026-09-21T01:31:35.071961+00:00,201,90866.917,
2026-09-21T01:31:13.921903+00:00,201,112027.047,
2026-09-21T01:31:09.589125+00:00,201,116369.993,
2026-09-21T01:31:04.764337+00:00,201,121204.671,
2026-09-21T01:31:33.041353+00:00,201,92953.307,
2026-09-21T01:31:27.180525+00:00,201,98821.682,
2026-09-21T01:30:43.647890+00:00,201,142363.673,
2026-09-21T01:31:27.177992+00:00,201,98837.064,
2026-09-21T01:31:28.649903+00:00,201,97380.482,
2026-09-21T01:31:14.343326+00:00,201,111689.741,
2026-09-21T01:32:25.751702+00:00,201,40286.03,
2026-09-21T01:31:58.355426+00:00,201,67691.525,
2026-09-21T01:32:15.728470+00:00,201,50324.05,
2026-09-21T01:30:36.195083+00:00,201,149862.224,
2026-09-21T01:31:53.150220+00:00,201,72926.983,
2026-09-21T01:32:36.961234+00:00,201,29131.582,
2026-09-21T01:31:03.406920+00:00,201,122708.061,
2026-09-21T01:31:44.641352+00:00,201,81477.756,
2026-09-21T01:32:56.171386+00:00,201,9987.181,
2026-09-21T01:32:24.143680+00:00,201,42037.779,
2026-09-21T01:32:54.278398+00:00,201,11910.158,
2026-09-21T01:32:29.780121+00:00,201,36423.716,
2026-09-21T01:32:45.235764+00:00,201,21009.595,
2026-09-21T01:32:52.949566+00:00,201,13298.387,
2026-09-21T01:32:17.044455+00:00,201,49220.765,
2026-09-21T01:31:44.730297+00:00,201,81549.306,
2026-09-21T01:29:48.145361+00:00,201,198157.443,
2026-09-21T01:30:49.394783+00:00,201,136910.94,
2026-09-21T01:31:30.095610+00:00,201,96222.1,
2026-09-21T01:30:42.533928+00:00,201,143786.865,
2026-09-21T01:31:35.713005+00:00,201,90620.504,
2026-09-21T01:31:35.317876+00:00,201,91019.846,
2026-09-21T01:31:53.398951+00:00,201,72940.243,
2026-09-21T01:31:17.529187+00:00,201,108833.681,
2026-09-21T01:31:27.880664+00:00,201,98487.812,
2026-09-21T01:31:47.741522+00:00,201,78628.373,
2026-09-21T01:31:50.027618+00:00,201,76369.673,
2026-09-21T01:30:51.400607+00:00,201,135013.447,
2026-09-21T01:31:46.134850+00:00,201,80288.753,
2026-09-21T01:32:37.468891+00:00,201,28964.551,
2026-09-21T01:32:21.120790+00:00,201,45318.205,
2026-09-21T01:31:08.476227+00:00,201,117990.904,
2026-09-21T01:31:16.157162+00:00,201,110321.963,
2026-09-21T01:31:33.513738+00:00,201,92966.101,
2026-09-21T01:30:15.960808+00:00,201,170546.208,
2026-09-21T01:30:38.446846+00:00,201,148100.56,
2026-09-21T01:32:06.201410+00:00,201,60380.218,
2026-09-21T01:32:51.804022+00:00,201,14778.383,
2026-09-21T01:31:49.841347+00:00,201,76774.923,
2026-09-21T01:31:48.207743+00:00,201,78413.937,
2026-09-21T01:32:05.298591+00:00,201,61324.377,
2026-09-21T01:31:35.059853+00:00,201,91568.872,
2026-09-21T01:32:54.858550+00:00,201,11781.033,
2026-09-21T01:32:34.535744+00:00,201,32143.291,
2026-09-21T01:32:30.503135+00:00,201,36195.948,
2026-09-21T01:32:28.001136+00:00,201,38705.832,
2026-09-21T01:31:02.935319+00:00,201,123774.092,
2026-09-21T01:31:27.873653+00:00,201,98840.626,
2026-09-21T01:31:52.144721+00:00,201,74608.109,
2026-09-21T01:32:59.953072+00:00,201,6822.392,
2026-09-21T01:32:05.385497+00:00,201,61391.672,
2026-09-21T01:32:17.003583+00:00,201,49789.76,
2026-09-21T01:32:36.631558+00:00,201,30171.75,
2026-09-21T01:31:30.145969+00:00,201,96664.579,
2026-09-21T01:31:53.216031+00:00,201,73596.654,
2026-09-21T01:30:43.140928+00:00,201,143673.11,
2026-09-21T01:31:24.930052+00:00,201,101889.773,
2026-09-21T01:31:29.874959+00:00,201,96960.389,
2026-09-21T01:30:59.428945+00:00,201,127414.862,
2026-09-21T01:31:08.616528+00:00,201,118234.548,
2026-09-21T01:31:15.534553+00:00,201,111340.603,
2026-09-21T01:31:10.715620+00:00,201,116182.057,
2026-09-21T01:31:45.549409+00:00,201,81363.859,
2026-09-21T01:31:29.683125+00:00,201,97257.718,
2026-09-21T01:31:11.225897+00:00,201,115716.683,
2026-09-21T01:30:04.133223+00:00,201,182812.274,
2026-09-21T01:31:39.383755+00:00,201,87570.268,
2026-09-21T01:32:27.683051+00:00,201,39296.465,
2026-09-21T01:31:27.826179+00:00,201,99155.076,
2026-09-21T01:31:17.714180+00:00,201,109276.653,
2026-09-21T01:31:56.787397+00:00,201,70220.297,
2026-09-21T01:31:39.458012+00:00,201,87561.856,
2026-09-21T01:30:48.907217+00:00,201,138122.626,
2026-09-21T01:32:22.258285+00:00,201,44780.935,
2026-09-21T01:31:30.777004+00:00,201,96271.943,
2026-09-21T01:29:38.186262+00:00,201,208882.646,
2026-09-21T01:31:50.753192+00:00,201,76340.09,
2026-09-21T01:31:30.282566+00:00,201,96816.266,
2026-09-21T01:32:54.269804+00:00,201,12845.894,
2026-09-21T01:32:35.317318+00:00,201,31803.923,
2026-09-21T01:32:37.323773+00:00,201,29818.967,
2026-09-21T01:32:00.980144+00:00,201,66163.206,
2026-09-21T01:32:35.234277+00:00,201,31923.553,
2026-09-21T01:32:33.029181+00:00,201,34134.591,
2026-09-21T01:30:49.077986+00:00,201,138101.376,
2026-09-21T01:31:28.318531+00:00,201,98892.96,
2026-09-21T01:31:32.194074+00:00,201,95018.865,
2026-09-21T01:30:23.983788+00:00,201,163236.09,
2026-09-21T01:31:59.098521+00:00,201,68161.037,
2026-09-21T01:32:50.766707+00:00,201,16526.647,
2026-09-21T01:32:19.191522+00:00,201,48111.882,
2026-09-21T01:31:12.485735+00:00,201,114821.037,
2026-09-21T01:32:04.867261+00:00,201,62446.342,
2026-09-21T01:31:05.130733+00:00,201,122193.601,
2026-09-21T01:32:36.833377+00:00,201,30520.712,
2026-09-21T01:32:00.384204+00:00,201,66987.135,
2026-09-21T01:32:31.269735+00:00,201,36120.249,
2026-09-21T01:29:59.596535+00:00,201,187813.665,
2026-09-21T01:30:43.033068+00:00,201,144386.39,
2026-09-21T01:32:00.300852+00:00,201,67184.182,
2026-09-21T01:32:54.884084+00:00,201,12619.247,
2026-09-21T01:31:32.109424+00:00,201,95424.598,
2026-09-21T01:31:37.226726+00:00,201,90310.229,
2026-09-21T01:31:46.289034+00:00,201,81264.41,
2026-09-21T01:31:29.652135+00:00,201,97902.692,
2026-09-21T01:32:19.613888+00:00,201,47952.097,
2026-09-21T01:32:54.272537+00:00,201,13308.76,
2026-09-21T01:31:05.097039+00:00,201,122531.007,
2026-09-21T01:30:17.376413+00:00,201,170252.198,
2026-09-21T01:32:48.739069+00:00,201,18895.874,
2026-09-21T01:32:26.562982+00:00,201,41077.759,
2026-09-21T01:31:01.760453+00:00,201,125902.759,
2026-09-21T01:32:55.473121+00:00,201,12193.583,
2026-09-21T01:30:52.892486+00:00,201,134774.771,
2026-09-21T01:32:55.007189+00:00,201,12697.746,
2026-09-21T01:32:44.311648+00:00,201,23433.661,
2026-09-21T01:31:37.584910+00:00,201,90162.246,
2026-09-21T01:31:49.876084+00:00,201,77873.893,
2026-09-21T01:31:32.846249+00:00,201,94927.068,
2026-09-21T01:29:55.823350+00:00,201,191962.328,
2026-09-21T01:30:40.460156+00:00,201,147326.256,
2026-09-21T01:31:58.679727+00:00,201,69108.941,
2026-09-21T01:30:42.588900+00:00,201,145218.648,
2026-09-21T01:30:38.961289+00:00,201,148860.109,
2026-09-21T01:32:10.186188+00:00,201,57638.124,
2026-09-21T01:30:37.867025+00:00,201,149989.8,
2026-09-21T01:32:05.888475+00:00,201,62001.953,
2026-09-21T01:31:03.900631+00:00,201,123990.293,
2026-09-21T01:31:28.424467+00:00,201,99474.513,
2026-09-21T01:32:04.162256+00:00,201,63745.819,
2026-09-21T01:32:36.930031+00:00,201,30981.777,
2026-09-21T01:32:54.840356+00:00,201,13107.764,
2026-09-21T01:32:46.229354+00:00,201,21741.545,
2026-09-21T01:32:25.187826+00:00,201,42798.931,
2026-09-21T01:31:56.782018+00:00,201,71210.328,
2026-09-21T01:31:58.415584+00:00,201,69590.763,
2026-09-21T01:31:41.071830+00:00,201,86938.046,
2026-09-21T01:31:16.586647+00:00,201,111451.011,
2026-09-21T01:32:07.938396+00:00,201,60115.84,
2026-09-21T01:32:24.780381+00:00,201,43280.329,
2026-09-21T01:32:46.684221+00:00,201,21397.126,
2026-09-21T01:31:21.691406+00:00,201,106390.813,
2026-09-21T01:32:54.055599+00:00,201,14035.767,
2026-09-21T01:32:54.946598+00:00,201,13148.922,
2026-09-21T01:31:19.135057+00:00,201,108979.191,
2026-09-21T01:32:02.516072+00:00,201,65623.163,
2026-09-21T01:32:09.080320+00:00,201,59064.244,
2026-09-21T01:30:56.036530+00:00,201,132120.048,
2026-09-21T01:32:55.100099+00:00,201,13077.353,
2026-09-21T01:31:24.956552+00:00,201,103226.596,
2026-09-21T01:32:39.161510+00:00,201,29023.156,
2026-09-21T01:32:55.434038+00:00,201,12766.476,
2026-09-21T01:29:59.249577+00:00,201,188955.393,
2026-09-21T01:32:05.869559+00:00,201,62339.185,
2026-09-21T01:31:50.917723+00:00,201,77311.247,
2026-09-21T01:32:07.749304+00:00,201,60491.101,
2026-09-21T01:30:46.403527+00:00,201,141838.788,
2026-09-21T01:32:27.818239+00:00,201,40435.772,
2026-09-21T01:32:16.156889+00:00,201,52128.391,
2026-09-21T01:31:28.611246+00:00,201,99675.192,
2026-09-21T01:32:16.107123+00:00,201,52185.431,
2026-09-21T01:31:08.533624+00:00,201,119801.572,
2026-09-21T01:32:14.633840+00:00,201,53713.441,
2026-09-21T01:31:58.668508+00:00,201,69682.916,
2026-09-21T01:31:19.104886+00:00,201,109256.067,
2026-09-21T01:29:47.755871+00:00,201,200614.629,
2026-09-21T01:30:48.208562+00:00,201,140164.232,
2026-09-21T01:30:56.985187+00:00,201,131421.382,
2026-09-21T01:32:28.381434+00:00,201,40038.818,
2026-09-21T01:31:58.894886+00:00,201,69533.217,
2026-09-21T01:30:22.731591+00:00,201,165711.444,
2026-09-21T01:31:43.963811+00:00,201,84514.05,
2026-09-21T01:31:37.236134+00:00,201,91248.77,
2026-09-21T01:29:39.575298+00:00,201,208929.928,
2026-09-21T01:29:48.546014+00:00,201,199974.127,
2026-09-21T01:31:11.049005+00:00,201,117501.738,
2026-09-21T01:31:38.568121+00:00,201,89988.279,
2026-09-21T01:32:36.828562+00:00,201,31752.44,
2026-09-21T01:31:29.824516+00:00,201,98758.425,
2026-09-21T01:32:19.599819+00:00,201,49024.551,
2026-09-21T01:32:28.613099+00:00,201,40015.058,
2026-09-21T01:30:32.578952+00:00,201,156056.779,
2026-09-21T01:31:13.832781+00:00,201,114808.408,
2026-09-21T01:31:42.000114+00:00,201,86655.518,
2026-09-21T01:31:43.535327+00:00,201,85151.326,
2026-09-21T01:32:52.106428+00:00,201,16581.112,
2026-09-21T01:31:30.087374+00:00,201,98604.394,
2026-09-21T01:30:31.389741+00:00,201,157322.039,
2026-09-21T01:30:44.247969+00:00,201,144480.819,
2026-09-21T01:32:53.044138+00:00,201,15701.657,
2026-09-21T01:31:05.892620+00:00,201,122853.609,
2026-09-21T01:31:21.199602+00:00,201,107548.777,
2026-09-21T01:31:36.011635+00:00,201,92746.114,
2026-09-21T01:32:37.456710+00:00,201,31308.368,
2026-09-21T01:30:22.589393+00:00,201,166210.397,
2026-09-21T01:30:32.504594+00:00,201,156313.295,
2026-09-21T01:31:59.113056+00:00,201,69706.976,
2026-09-21T01:30:47.365043+00:00,201,141455.529,
2026-09-21T01:31:18.670128+00:00,201,110167.509,
2026-09-21T01:32:00.233066+00:00,201,68629.665,
2026-09-21T01:31:04.242960+00:00,201,124634.678,
2026-09-21T01:31:38.898586+00:00,201,90020.306,
2026-09-21T01:32:36.744039+00:00,201,32186.908,
2026-09-21T01:32:45.411160+00:00,201,23565.621,
2026-09-21T01:32:46.251950+00:00,201,22731.362,
2026-09-21T01:32:01.517445+00:00,201,67477.766,
2026-09-21T01:31:01.471234+00:00,201,127538.43,
2026-09-21T01:31:13.233232+00:00,201,115782.027,
2026-09-21T01:31:33.831313+00:00,201,95196.281,
2026-09-21T01:31:47.934976+00:00,201,81100.349,
2026-09-21T01:32:34.680694+00:00,201,34362.964,
2026-09-21T01:31:13.825499+00:00,201,115223.376,
2026-09-21T01:31:05.518789+00:00,201,123530.796,
2026-09-21T01:31:50.805559+00:00,201,78246.876,
2026-09-21T01:32:35.580127+00:00,201,33474.144,
2026-09-21T01:31:15.954597+00:00,201,113171.49,
2026-09-21T01:32:27.333365+00:00,201,41807.872,
2026-09-21T01:32:54.607133+00:00,201,14560.583,
2026-09-21T01:31:09.973178+00:00,201,119204.492,
2026-09-21T01:31:34.632375+00:00,201,94581.133,
2026-09-21T01:30:58.119963+00:00,201,131104.858,
2026-09-21T01:31:13.471312+00:00,201,115771.55,
2026-09-21T01:31:50.990781+00:00,201,78253.795,
2026-09-21T01:31:50.066873+00:00,201,79184.375,
2026-09-21T01:31:56.095870+00:00,201,73189.851,
2026-09-21T01:32:54.580576+00:00,201,14713.725,
2026-09-21T01:32:02.456921+00:00,201,66870.01,
2026-09-21T01:32:08.794799+00:00,201,60552.804,
2026-09-21T01:31:25.607627+00:00,201,103762.257,
2026-09-21T01:31:09.333541+00:00,201,120065.162,
2026-09-21T01:32:17.524738+00:00,201,51881.503,
2026-09-21T01:31:28.208588+00:00,201,101205.114,
2026-09-21T01:30:40.797778+00:00,201,148651.806,
2026-09-21T01:30:42.884586+00:00,201,146569.334,
2026-09-21T01:31:51.761018+00:00,201,77698.692,
2026-09-21T01:32:19.504682+00:00,201,49957.426,
2026-09-21T01:31:33.605488+00:00,201,95882.197,
2026-09-21T01:30:06.200341+00:00,201,183291.368,
2026-09-21T01:32:44.652542+00:00,201,24845.007,
2026-09-21T01:31:51.106744+00:00,201,78406.653,
2026-09-21T01:32:37.600884+00:00,201,31922.894,
2026-09-21T01:30:12.896756+00:00,201,176634.597,
2026-09-21T01:32:27.083499+00:00,201,42452.088,
2026-09-21T01:32:11.033072+00:00,201,58512.34,
2026-09-21T01:30:35.045510+00:00,201,154512.938,
2026-09-21T01:31:47.307779+00:00,201,82251.608,
2026-09-21T01:32:47.968765+00:00,201,21600.641,
2026-09-21T01:32:26.984529+00:00,201,42587.173,
2026-09-21T01:31:51.298824+00:00,201,78291.618,
2026-09-21T01:30:23.540638+00:00,201,166107.8,
2026-09-21T01:31:34.861802+00:00,201,94820.587,
2026-09-21T01:31:14.563128+00:00,201,115128.109,
2026-09-21T01:30:36.563033+00:00,201,153195.629,
2026-09-21T01:31:48.395362+00:00,201,81390.767,
2026-09-21T01:31:12.357220+00:00,201,117458.386,
2026-09-21T01:32:19.807087+00:00,201,50040.025,
2026-09-21T01:31:23.430367+00:00,201,106434.673,
2026-09-21T01:31:05.877893+00:00,201,123999.459,
2026-09-21T01:30:05.220950+00:00,201,184656.981,
2026-09-21T01:31:34.833347+00:00,201,95052.537,
2026-09-21T01:31:00.626245+00:00,201,129265.791,
2026-09-21T01:31:34.290101+00:00,201,95628.955,
2026-09-21T01:31:08.895064+00:00,201,121041.649,
2026-09-21T01:31:33.648915+00:00,201,96290.01,
2026-09-21T01:32:54.702568+00:00,201,15255.628,
2026-09-21T01:32:24.601094+00:00,201,45382.345,
2026-09-21T01:31:38.192894+00:00,201,91815.889,
2026-09-21T01:31:50.211291+00:00,201,79799.594,
2026-09-21T01:30:31.538226+00:00,201,158486.537,
2026-09-21T01:31:12.643346+00:00,201,117384.473,
2026-09-21T01:31:22.658876+00:00,201,107369.728,
2026-09-21T01:31:14.351483+00:00,201,115682.563,
2026-09-21T01:32:36.436322+00:00,201,33598.67,
2026-09-21T01:31:07.265343+00:00,201,122776.374,
2026-09-21T01:32:23.663915+00:00,201,46388.9,
2026-09-21T01:30:03.593751+00:00,201,186486.018,
2026-09-21T01:31:58.439427+00:00,201,71652.643,
2026-09-21T01:31:51.010215+00:00,201,79108.289,
2026-09-21T01:30:11.202334+00:00,201,178916.758,
2026-09-21T01:32:12.218924+00:00,201,57934.29,
2026-09-21T01:31:32.532732+00:00,201,97702.942,
2026-09-21T01:31:19.489520+00:00,201,110794.77,
2026-09-21T01:31:26.801512+00:00,201,103510.667,
2026-09-21T01:30:46.457683+00:00,201,143903.088,
2026-09-21T01:31:36.043586+00:00,201,94324.745,
2026-09-21T01:32:50.630053+00:00,201,19740.731,
2026-09-21T01:32:54.636820+00:00,201,15747.29,
2026-09-21T01:32:25.171716+00:00,201,45251.906,
2026-09-21T01:31:07.882379+00:00,201,122563.851,
2026-09-21T01:32:24.632797+00:00,201,45818.978,
2026-09-21T01:31:15.986260+00:00,201,114471.508,
2026-09-21T01:31:23.488661+00:00,201,106969.966,
2026-09-21T01:31:24.980229+00:00,201,105514.71,
2026-09-21T01:31:00.942538+00:00,201,129570.035,
2026-09-21T01:32:18.996259+00:00,201,51530.665,
2026-09-21T01:32:54.589163+00:00,201,15945.683,
2026-09-21T01:30:25.418454+00:00,201,165125.216,
2026-09-21T01:32:54.436459+00:00,201,16121.957,
2026-09-21T01:31:05.382134+00:00,201,125180.151,
2026-09-21T01:31:16.385147+00:00,201,114195.507,
2026-09-21T01:31:05.063356+00:00,201,125531.471,
2026-09-21T01:30:03.458165+00:00,201,187148.044,
2026-09-21T01:31:15.868263+00:00,201,114771.103,
2026-09-21T01:31:37.873878+00:00,201,92797.184,
2026-09-21T01:30:32.973078+00:00,201,157701.791,
2026-09-21T01:32:10.218727+00:00,201,60457.668,
2026-09-21T01:31:38.668410+00:00,201,92026.466,
2026-09-21T01:30:14.220600+00:00,201,176477.687,
2026-09-21T01:30:38.958407+00:00,201,151754.171,
2026-09-21T01:31:19.203355+00:00,201,111536.448,
2026-09-21T01:31:37.692762+00:00,201,93049.059,
2026-09-21T01:31:34.965839+00:00,201,95786.425,
2026-09-21T01:32:36.836950+00:00,201,33918.169,
2026-09-21T01:32:51.902627+00:00,201,18859.715,
2026-09-21T01:31:34.157852+00:00,201,96627.684,
2026-09-21T01:31:14.171439+00:00,201,116665.891,
2026-09-21T01:29:55.234162+00:00,201,195604.883,
2026-09-21T01:32:34.763760+00:00,201,36079.354,
2026-09-21T01:31:28.510021+00:00,201,102354.21,
2026-09-21T01:32:21.768283+00:00,201,49102.365,
2026-09-21T01:32:16.393806+00:00,201,54479.98,
2026-09-21T01:32:20.141320+00:00,201,50758.067,
2026-09-21T01:31:36.315850+00:00,201,94586.214,
2026-09-21T01:29:47.379496+00:00,201,203522.972,
2026-09-21T01:32:34.022688+00:00,201,36881.801,
2026-09-21T01:32:37.025095+00:00,201,33889.139,
2026-09-21T01:32:42.130226+00:00,201,28786.234,
2026-09-21T01:32:07.594483+00:00,201,63351.657,
2026-09-21T01:32:35.288759+00:00,201,35662.345,
2026-09-21T01:31:02.490699+00:00,201,128478.52,
2026-09-21T01:31:48.173872+00:00,201,82796.314,
2026-09-21T01:32:44.669234+00:00,201,26326.273,
2026-09-21T01:29:53.556793+00:00,201,197503.633,
2026-09-21T01:32:35.595978+00:00,201,35470.712,
2026-09-21T01:31:17.587876+00:00,201,113490.681,
2026-09-21T01:31:43.623568+00:00,201,87475.886,
2026-09-21T01:31:57.416751+00:00,201,73697.903,
2026-09-21T01:30:57.400986+00:00,201,133715.725,
2026-09-21T01:31:33.839323+00:00,201,97284.756,
2026-09-21T01:31:47.913970+00:00,201,83215.984,
2026-09-21T01:32:31.871676+00:00,201,39294.445,
2026-09-21T01:31:07.890888+00:00,201,123280.794,
2026-09-21T01:29:48.392069+00:00,201,202783.692,
2026-09-21T01:31:25.696083+00:00,201,105498.732,
2026-09-21T01:31:33.982594+00:00,201,97241.014,
2026-09-21T01:32:45.190029+00:00,201,26077.236,
2026-09-21T01:30:54.970516+00:00,201,136323.91,
2026-09-21T01:31:46.215639+00:00,201,85079.58,
2026-09-21T01:32:54.257233+00:00,201,17040.649,
2026-09-21T01:32:20.343301+00:00,201,50955.235,
2026-09-21T01:31:09.432968+00:00,201,121874.426,
2026-09-21T01:32:02.504517+00:00,201,68817.49,
2026-09-21T01:31:41.116152+00:00,201,90208.039,
2026-09-21T01:30:24.071363+00:00,201,167258.171,
2026-09-21T01:31:14.129895+00:00,201,117212.768,
2026-09-21T01:32:47.824188+00:00,201,23565.502,
2026-09-21T01:30:52.002872+00:00,201,139401.461,
2026-09-21T01:31:28.892361+00:00,201,102528.133,
2026-09-21T01:32:50.175817+00:00,201,21265.164,
2026-09-21T01:32:37.487616+00:00,201,33968.697,
2026-09-21T01:30:13.211121+00:00,201,178302.949,
2026-09-21T01:31:03.366577+00:00,201,128168.202,
2026-09-21T01:32:55.944561+00:00,201,15599.547,
2026-09-21T01:31:01.758248+00:00,201,129816.069,
2026-09-21T01:32:18.222552+00:00,201,53366.158,
2026-09-21T01:32:19.606567+00:00,201,51990.362,
2026-09-21T01:31:43.847383+00:00,201,87752.482,
2026-09-21T01:30:49.161531+00:00,201,142450.839,
2026-09-21T01:31:48.685746+00:00,201,82936.147,
2026-09-21T01:31:52.831793+00:00,201,78814.659,
2026-09-21T01:31:28.050174+00:00,201,103621.965,
2026-09-21T01:30:50.321020+00:00,201,141354.717,
2026-09-21T01:30:52.124698+00:00,201,139558.1,
2026-09-21T01:30:10.244328+00:00,201,181475.842,
2026-09-21T01:31:11.162792+00:00,201,120559.894,
2026-09-21T01:32:09.586227+00:00,201,62137.188,
2026-09-21T01:32:07.177779+00:00,201,64559.048,
2026-09-21T01:31:57.094621+00:00,201,74656.193,
2026-09-21T01:32:35.586272+00:00,201,36165.3,
2026-09-21T01:32:26.475875+00:00,201,45276.386,
2026-09-21T01:31:16.236066+00:00,201,115516.783,
2026-09-21T01:32:32.944497+00:00,201,38810.021,
2026-09-21T01:31:20.534258+00:00,201,111233.182,
2026-09-21T01:32:55.353949+00:00,201,16454.618,
2026-09-21T01:31:37.356439+00:00,201,94467.57,
2026-09-21T01:31:02.982510+00:00,201,128842.033,
2026-09-21T01:30:27.947330+00:00,201,163910.305,
2026-09-21T01:30:59.352197+00:00,201,132508.516,
2026-09-21T01:32:51.571052+00:00,201,20312.062,
2026-09-21T01:31:18.456386+00:00,201,113446.436,
2026-09-21T01:31:24.336820+00:00,201,107566.566,
2026-09-21T01:32:34.885631+00:00,201,37031.83,
2026-09-21T01:32:55.493298+00:00,201,16433.507,
2026-09-21T01:30:45.956232+00:00,201,145998.48,
2026-09-21T01:31:07.149786+00:00,201,124812.487,
2026-09-21T01:32:02.528145+00:00,201,69445.067,
2026-09-21T01:31:11.344300+00:00,201,120630.019,
2026-09-21T01:31:24.894966+00:00,201,107091.997,
2026-09-21T01:32:52.656426+00:00,201,19355.511,
2026-09-21T01:30:30.855675+00:00,201,161197.28,
2026-09-21T01:32:31.703566+00:00,201,40351.81,
2026-09-21T01:30:29.141961+00:00,201,162922.821,
2026-09-21T01:29:58.851439+00:00,201,193213.834,
2026-09-21T01:31:32.753930+00:00,201,99323.313,
2026-09-21T01:31:59.134113+00:00,201,72949.558,
2026-09-21T01:30:46.258357+00:00,201,145837.591,
2026-09-21T01:31:06.418781+00:00,201,125677.777,
2026-09-21T01:32:35.885169+00:00,201,36239.991,
2026-09-21T01:31:22.985430+00:00,201,109157.903,
2026-09-21T01:30:16.519992+00:00,201,175624.317,
2026-09-21T01:30:48.560589+00:00,201,143590.514,
2026-09-21T01:32:47.763358+00:00,201,24408.501,
2026-09-21T01:31:27.525885+00:00,201,104662.321,
2026-09-21T01:31:26.262745+00:00,201,105928.824,
2026-09-21T01:30:37.837918+00:00,201,154358.128,
2026-09-21T01:31:37.373120+00:00,201,94833.991,
2026-09-21T01:31:15.245125+00:00,201,116977.851,
2026-09-21T01:30:04.037299+00:00,201,188186.091,
2026-09-21T01:31:38.377236+00:00,201,93847.594,
2026-09-21T01:32:33.348527+00:00,201,38912.605,
2026-09-21T01:31:28.207719+00:00,201,104074.14,
2026-09-21T01:31:23.005157+00:00,201,109280.188,
2026-09-21T01:31:18.069027+00:00,201,114227.473,
2026-09-21T01:31:54.148169+00:00,201,78158.67,
2026-09-21T01:30:43.879552+00:00,201,148428.382,
2026-09-21T01:32:28.085170+00:00,201,44226.96,
2026-09-21T01:32:10.961970+00:00,201,61360.022,
2026-09-21T01:30:29.410958+00:00,201,162954.279,
2026-09-21T01:32:44.762022+00:00,201,27617.478,
2026-09-21T01:31:54.701502+00:00,201,77694.543,
2026-09-21T01:31:35.357727+00:00,201,97048.855,
2026-09-21T01:32:55.015083+00:00,201,17394.942,
2026-09-21T01:30:26.154988+00:00,201,166257.917,
2026-09-21T01:32:46.235540+00:00,201,26206.354,
2026-09-21T01:30:50.106558+00:00,201,142363.65,
2026-09-21T01:30:51.345977+00:00,201,141130.896,
2026-09-21T01:31:51.401854+00:00,201,81086.086,
2026-09-21T01:32:25.596540+00:00,201,46915.192,
2026-09-21T01:30:30.381772+00:00,201,162161.891,
2026-09-21T01:32:54.572238+00:00,201,18009.481,
2026-09-21T01:32:59.298944+00:00,201,13294.22,
2026-09-21T01:31:28.706112+00:00,201,103934.074,
2026-09-21T01:32:09.157912+00:00,201,63490.183,
2026-09-21T01:32:22.475211+00:00,201,50240.25,
2026-09-21T01:32:01.174573+00:00,201,71542.511,
2026-09-21T01:31:57.707687+00:00,201,75015.359,
2026-09-21T01:31:57.278341+00:00,201,75447.046,
2026-09-21T01:31:07.830247+00:00,201,124896.903,
2026-09-21T01:31:11.330967+00:00,201,121414.265,
2026-09-21T01:32:21.392887+00:00,201,51353.825,
2026-09-21T01:30:03.935615+00:00,201,188837.561,
2026-09-21T01:32:46.287823+00:00,201,26488.033,
2026-09-21T01:30:40.855336+00:00,201,151920.819,
2026-09-21T01:31:36.974445+00:00,201,95822.166,
2026-09-21T01:31:27.539306+00:00,201,105257.907,
2026-09-21T01:31:49.439496+00:00,201,83381.425,
2026-09-21T01:31:20.740247+00:00,201,112089.634,
2026-09-21T01:31:58.718442+00:00,201,74112.127,
2026-09-21T01:30:51.283446+00:00,201,141550.196,
2026-09-21T01:32:19.190222+00:00,201,53650.789,
2026-09-21T01:31:32.403943+00:00,201,100448.952,
2026-09-21T01:32:40.306802+00:00,201,32558.66,
2026-09-21T01:30:50.072211+00:00,201,142800.024,
2026-09-21T01:32:17.945971+00:00,201,54927.014,
2026-09-21T01:32:31.864576+00:00,201,41033.251,
2026-09-21T01:31:10.555992+00:00,201,122387.464,
2026-09-21T01:31:55.401453+00:00,201,77546.989,
2026-09-21T01:31:31.951775+00:00,201,101001.22,
2026-09-21T01:31:10.239830+00:00,201,122723.815,
2026-09-21T01:32:46.388669+00:00,201,26598.816,
2026-09-21T01:31:46.647637+00:00,201,86340.889,
2026-09-21T01:31:31.502110+00:00,201,101488.817,
2026-09-21T01:30:51.241360+00:00,201,141758.032,
2026-09-21T01:29:58.475992+00:00,201,194529.289,
2026-09-21T01:32:26.545626+00:00,201,46511.057,
2026-09-21T01:31:46.389631+00:00,201,86690.494,
2026-09-21T01:32:45.766484+00:00,201,27348.659,
2026-09-21T01:30:21.478023+00:00,201,171640.71,
2026-09-21T01:30:51.588554+00:00,201,141546.424,
2026-09-21T01:31:56.792907+00:00,201,76347.197,
2026-09-21T01:31:37.866514+00:00,201,95365.747,
2026-09-21T01:31:09.612107+00:00,201,123623.697,
2026-09-21T01:31:45.298414+00:00,201,87939.649,
2026-09-21T01:30:56.152173+00:00,201,137112.991,
2026-09-21T01:32:33.757786+00:00,201,39516.611,
2026-09-21T01:32:36.180888+00:00,201,37103.657,
2026-09-21T01:30:46.394304+00:00,201,146895.344,
2026-09-21T01:32:47.769413+00:00,201,25531.014,
2026-09-21T01:31:09.362274+00:00,201,123938.598,
2026-09-21T01:31:20.791953+00:00,201,112513.552,
2026-09-21T01:32:37.041579+00:00,201,36273.595,
2026-09-21T01:31:43.957029+00:00,201,89411.363,
2026-09-21T01:32:17.283755+00:00,201,56085.995,
2026-09-21T01:29:57.780433+00:00,201,195591.013,
2026-09-21T01:31:38.536589+00:00,201,94848.235,
2026-09-21T01:31:29.938673+00:00,201,103459.739,
2026-09-21T01:32:31.061111+00:00,201,42338.93,
2026-09-21T01:31:49.048453+00:00,201,84354.38,
2026-09-21T01:32:54.968712+00:00,201,18458.661,
2026-09-21T01:30:03.601466+00:00,201,189863.045,
2026-09-21T01:31:19.305690+00:00,201,114159.53,
2026-09-21T01:32:36.880091+00:00,201,36585.889,
2026-09-21T01:31:45.108688+00:00,201,88357.818,
2026-09-21T01:31:56.491568+00:00,201,76975.594,
2026-09-21T01:30:55.675740+00:00,201,137798.189,
2026-09-21T01:31:31.550747+00:00,201,101957.301,
2026-09-21T01:31:14.633440+00:00,201,118875.311,
2026-09-21T01:30:38.653449+00:00,201,154855.942,
2026-09-21T01:32:23.233139+00:00,201,50277.323,
2026-09-21T01:31:06.814345+00:00,201,126696.827,
2026-09-21T01:30:06.040023+00:00,201,187471.868,
2026-09-21T01:32:36.115011+00:00,201,37398.111,
2026-09-21T01:32:43.783038+00:00,201,29731.056,
2026-09-21T01:32:54.370636+00:00,201,19154.564,
2026-09-21T01:31:06.274204+00:00,201,127262.826,
2026-09-21T01:30:55.680912+00:00,201,137979.378,
2026-09-21T01:31:39.919575+00:00,201,93793.762,
2026-09-21T01:32:15.679779+00:00,201,58035.541,
2026-09-21T01:31:04.122469+00:00,201,129614.228,
2026-09-21T01:31:46.903011+00:00,201,86855.512,
2026-09-21T01:32:51.745291+00:00,201,22018.588,
2026-09-21T01:30:51.812645+00:00,201,141970.329,
2026-09-21T01:31:40.524552+00:00,201,93263.65,
2026-09-21T01:32:10.156545+00:00,201,63683.317,
2026-09-21T01:31:04.297173+00:00,201,129552.375,
2026-09-21T01:31:25.188401+00:00,201,108706.606,
2026-09-21T01:32:33.823901+00:00,201,40076.325,
2026-09-21T01:30:26.524435+00:00,201,167393.955,
2026-09-21T01:31:43.959291+00:00,201,89960.271,
2026-09-21T01:32:36.444353+00:00,201,37476.396,
2026-09-21T01:32:19.635890+00:00,201,54285.931,
2026-09-21T01:31:20.736447+00:00,201,113186.36,
2026-09-21T01:30:29.407891+00:00,201,164515.953,
2026-09-21T01:32:37.411383+00:00,201,36513.926,
2026-09-21T01:30:16.491637+00:00,201,177434.573,
2026-09-21T01:31:45.862690+00:00,201,88064.918,
2026-09-21T01:32:19.147541+00:00,201,54781.398,
2026-09-21T01:31:48.891622+00:00,201,85038.54,
2026-09-21T01:32:20.951746+00:00,201,52979.787,
2026-09-21T01:30:59.270680+00:00,201,134662.035,
2026-09-21T01:31:24.830118+00:00,201,109103.995,
2026-09-21T01:30:48.991139+00:00,201,145006.634,
2026-09-21T01:30:39.801373+00:00,201,154205.989,
2026-09-21T01:30:51.988832+00:00,201,142019.929,
2026-09-21T01:30:03.865215+00:00,201,190144.845,
2026-09-21T01:31:35.626804+00:00,201,98384.905,
2026-09-21T01:30:33.233423+00:00,201,160784.254,
2026-09-21T01:31:06.354372+00:00,201,127674.09,
2026-09-21T01:32:46.013678+00:00,201,28016.558,
2026-09-21T01:32:33.768722+00:00,201,40295.46,
2026-09-21T01:30:25.771383+00:00,201,168309.047,
2026-09-21T01:31:55.127796+00:00,201,78959.547,
2026-09-21T01:31:24.433348+00:00,201,109667.526,
2026-09-21T01:32:44.273542+00:00,201,29829.2,
2026-09-21T01:31:59.452036+00:00,201,74652.363,
2026-09-21T01:30:22.698703+00:00,201,171407.274,
2026-09-21T01:31:35.112773+00:00,201,98995.162,
2026-09-21T01:31:20.122567+00:00,201,113987.127,
2026-09-21T01:32:25.675949+00:00,201,48435.689,
2026-09-21T01:31:05.904768+00:00,201,128208.6,
2026-09-21T01:32:36.863130+00:00,201,37252.371,
2026-09-21T01:32:41.660185+00:00,201,32457.287,
2026-09-21T01:31:39.015019+00:00,201,95104.267,
2026-09-21T01:32:31.915097+00:00,201,42206.294,
2026-09-21T01:32:09.286205+00:00,201,64837.251,
2026-09-21T01:32:01.005604+00:00,201,73119.879,
2026-09-21T01:31:49.808315+00:00,201,84319.27,
2026-09-21T01:32:53.752758+00:00,201,20377.065,
2026-09-21T01:31:48.552532+00:00,201,85598.866,
2026-09-21T01:31:03.430028+00:00,201,130729.619,
2026-09-21T01:31:54.727908+00:00,201,79472.659,
2026-09-21T01:30:32.327301+00:00,201,161902.056,
2026-09-21T01:32:08.429338+00:00,201,65809.481,
2026-09-21T01:32:20.747986+00:00,201,53594.574,
2026-09-21T01:31:04.240988+00:00,201,130118.992,
2026-09-21T01:31:49.204918+00:00,201,85174.907,
2026-09-21T01:32:20.102245+00:00,201,54329.876,
2026-09-21T01:32:28.704421+00:00,201,45764.554,
2026-09-21T01:32:49.481211+00:00,201,25023.363,
2026-09-21T01:31:22.537646+00:00,201,111990.636,
2026-09-21T01:29:55.177292+00:00,201,199352.777,
2026-09-21T01:32:43.466216+00:00,201,31106.942,
2026-09-21T01:31:26.737354+00:00,201,107893.342,
2026-09-21T01:30:50.346481+00:00,201,144286.101,
2026-09-21T01:31:03.037435+00:00,201,131601.328,
2026-09-21T01:31:20.976870+00:00,201,113698.487,
2026-09-21T01:32:19.422657+00:00,201,55293.041,
2026-09-21T01:31:07.653154+00:00,201,127072.58,
2026-09-21T01:32:30.493896+00:00,201,44278.641,
2026-09-21T01:32:29.383573+00:00,201,45399.399,
2026-09-21T01:31:17.629271+00:00,201,117157.76,
2026-09-21T01:32:23.389670+00:00,201,51427.043,
2026-09-21T01:32:44.056971+00:00,201,30770.592,
2026-09-21T01:30:09.783940+00:00,201,185072.019,
2026-09-21T01:31:46.089090+00:00,201,88806.271,
2026-09-21T01:30:29.918144+00:00,201,164985.387,
2026-09-21T01:31:39.127983+00:00,201,95810.08,
2026-09-21T01:32:15.943906+00:00,201,59045.594,
2026-09-21T01:32:18.389985+00:00,201,56608.192,
2026-09-21T01:29:55.857210+00:00,201,199166.492,
2026-09-21T01:32:37.481371+00:00,201,37587.761,
2026-09-21T01:32:20.847122+00:00,201,54283.316,
2026-09-21T01:32:33.411269+00:00,201,41758.555,
2026-09-21T01:32:36.272320+00:00,201,38977.808,
2026-09-21T01:30:29.631332+00:00,201,165623.05,
2026-09-21T01:31:48.390032+00:00,201,86888.185,
2026-09-21T01:32:49.049916+00:00,201,26328.931,
2026-09-21T01:30:49.371458+00:00,201,146015.362,
2026-09-21T01:32:16.790553+00:00,201,58648.764,
2026-09-21T01:32:16.432326+00:00,201,59081.366,
2026-09-21T01:30:07.758354+00:00,201,187786.17,
2026-09-21T01:32:54.924979+00:00,201,20634.935,
2026-09-21T01:32:26.784858+00:00,201,48804.059,
2026-09-21T01:30:08.787742+00:00,201,186805.114,
2026-09-21T01:31:21.311268+00:00,201,114338.879,
2026-09-21T01:31:48.860222+00:00,201,86811.636,
2026-09-21T01:31:31.990471+00:00,201,103702.583,
2026-09-21T01:31:18.715716+00:00,201,117035.977,
2026-09-21T01:31:50.298899+00:00,201,85529.716,
2026-09-21T01:30:54.101060+00:00,201,141750.045,
2026-09-21T01:31:31.274342+00:00,201,104583.753,
2026-09-21T01:32:48.946034+00:00,201,26962.113,
2026-09-21T01:32:13.629157+00:00,201,62335.812,
2026-09-21T01:32:10.236165+00:00,201,65781.371,
2026-09-21T01:31:50.085053+00:00,201,85995.87,
2026-09-21T01:30:42.788179+00:00,201,153359.53,
2026-09-21T01:31:15.856082+00:00,201,120385.151,
2026-09-21T01:31:22.343742+00:00,201,113905.762,
2026-09-21T01:31:00.491123+00:00,201,135762.314,
2026-09-21T01:30:38.714296+00:00,201,157549.985,
2026-09-21T01:30:34.177028+00:00,201,162104.065,
2026-09-21T01:31:13.030969+00:00,201,123256.76,
2026-09-21T01:32:44.787780+00:00,201,31519.611,
2026-09-21T01:30:46.519711+00:00,201,149863.45,
2026-09-21T01:30:15.578762+00:00,201,180889.306,
2026-09-21T01:31:37.960075+00:00,201,98538.328,
2026-09-21T01:31:38.698102+00:00,201,97804.348,
2026-09-21T01:30:42.659745+00:00,201,153869.215,
2026-09-21T01:32:43.364950+00:00,201,33187.972,
2026-09-21T01:31:35.541998+00:00,201,101069.905,
2026-09-21T01:30:26.262799+00:00,201,170375.725,
2026-09-21T01:30:57.050307+00:00,201,139594.555,
2026-09-21T01:32:46.267439+00:00,201,30414.014,
2026-09-21T01:32:01.907412+00:00,201,74778.241,
2026-09-21T01:31:24.461134+00:00,201,112230.909,
2026-09-21T01:32:45.273532+00:00,201,31511.589,
2026-09-21T01:31:39.472086+00:00,201,97345.239,
2026-09-21T01:31:27.242983+00:00,201,109600.448,
2026-09-21T01:31:50.659711+00:00,201,86243.749,
2026-09-21T01:32:07.933865+00:00,201,68978.43,
2026-09-21T01:31:33.438234+00:00,201,103491.543,
2026-09-21T01:31:40.459024+00:00,201,96472.964,
2026-09-21T01:30:51.372786+00:00,201,145606.824,
2026-09-21T01:32:44.873031+00:00,201,32143.074,
2026-09-21T01:32:53.163773+00:00,201,23881.007,
2026-09-21T01:32:43.341426+00:00,201,33742.866,
2026-09-21T01:31:13.619613+00:00,201,123549.54,
2026-09-21T01:32:27.109180+00:00,201,50099.255,
2026-09-21T01:31:58.308031+00:00,201,78987.66,
2026-09-21T01:30:49.844434+00:00,201,147516.808,
2026-09-21T01:30:11.621121+00:00,201,185755.252,
2026-09-21T01:30:40.297060+00:00,201,157174.375,
2026-09-21T01:31:05.351564+00:00,201,132171.369,
2026-09-21T01:32:37.060631+00:00,201,40492.364,
2026-09-21T01:31:00.148160+00:00,201,137431.946,
2026-09-21T01:31:26.010060+00:00,201,111586.922,
2026-09-21T01:32:09.520524+00:00,201,68100.074,
2026-09-21T01:31:12.991605+00:00,201,124650.408,
2026-09-21T01:30:22.319690+00:00,201,175330.854,
2026-09-21T01:32:02.662812+00:00,201,75084.898,
2026-09-21T01:29:38.094412+00:00,201,219740.249,
2026-09-21T01:31:19.573956+00:00,201,118299.369,
2026-09-21T01:31:15.087420+00:00,201,122794.502,
2026-09-21T01:32:33.042514+00:00,201,44850.554,
2026-09-21T01:30:45.652166+00:00,201,152262.872,
2026-09-21T01:30:37.995873+00:00,201,159946.455,
2026-09-21T01:32:05.210149+00:00,201,72768.101,
2026-09-21T01:31:51.568298+00:00,201,86505.074,
2026-09-21T01:30:53.136281+00:00,201,144986.755,
2026-09-21T01:31:41.239685+00:00,201,96887.747,
2026-09-21T01:32:55.163536+00:00,201,22968.341,
2026-09-21T01:31:49.772802+00:00,201,88425.793,
2026-09-21T01:31:56.081095+00:00,201,82226.654,
2026-09-21T01:31:14.517967+00:00,201,123826.753,
2026-09-21T01:31:56.302692+00:00,201,82044.284,
2026-09-21T01:31:54.235602+00:00,201,84115.791,
2026-09-21T01:30:58.485137+00:00,201,139875.097,
2026-09-21T01:31:29.374521+00:00,201,109010.786,
2026-09-21T01:32:16.343161+00:00,201,62076.756,
2026-09-21T01:31:47.065566+00:00,201,91433.628,
2026-09-21T01:31:32.372756+00:00,201,106199.393,
2026-09-21T01:32:07.334034+00:00,201,71260.065,
2026-09-21T01:31:51.302602+00:00,201,87309.473,
2026-09-21T01:31:13.021268+00:00,201,125658.701,
2026-09-21T01:32:05.123321+00:00,201,73558.58,
2026-09-21T01:31:49.573121+00:00,201,89134.374,
2026-09-21T01:31:28.912345+00:00,201,109798.59,
2026-09-21T01:32:36.135399+00:00,201,42714.254,
2026-09-21T01:32:31.198348+00:00,201,47666.594,
2026-09-21T01:32:45.657552+00:00,201,33227.819,
2026-09-21T01:32:03.034962+00:00,201,75855.443,
2026-09-21T01:32:28.342200+00:00,201,50553.438,
2026-09-21T01:31:04.101790+00:00,201,134864.583,
2026-09-21T01:30:38.900623+00:00,201,160073.041,
2026-09-21T01:31:59.890429+00:00,201,79092.186,
2026-09-21T01:30:10.394166+00:00,201,188596.507,
2026-09-21T01:30:28.011524+00:00,201,171026.741,
2026-09-21T01:31:38.295852+00:00,201,100744.809,
2026-09-21T01:31:31.911999+00:00,201,107130.875,
2026-09-21T01:31:00.893965+00:00,201,138169.467,
2026-09-21T01:32:51.834122+00:00,201,27230.793,
2026-09-21T01:31:48.738861+00:00,201,90328.302,
2026-09-21T01:31:43.163468+00:00,201,95959.742,
2026-09-21T01:32:25.669162+00:00,201,53462.715,
2026-09-21T01:31:28.596265+00:00,201,110563.095,
2026-09-21T01:31:57.433295+00:00,201,81735.151,
2026-09-21T01:31:58.720578+00:00,201,80450.341,
2026-09-21T01:32:04.740536+00:00,201,74442.009,
2026-09-21T01:32:32.574680+00:00,201,46610.232,
2026-09-21T01:30:47.871139+00:00,201,151321.879,
2026-09-21T01:32:40.478000+00:00,201,38724.981,
2026-09-21T01:31:21.627697+00:00,201,117578.407,
2026-09-21T01:31:54.501872+00:00,201,84709.649,
2026-09-21T01:31:48.888924+00:00,201,90337.223,
2026-09-21T01:32:29.249098+00:00,201,49990.453,
2026-09-21T01:31:24.466384+00:00,201,114868.778,
2026-09-21T01:30:10.062025+00:00,201,189303.394,
2026-09-21T01:31:17.758727+00:00,201,121622.48,
2026-09-21T01:30:49.162601+00:00,201,150256.322,
2026-09-21T01:30:51.933429+00:00,201,147492.682,
2026-09-21T01:31:51.315331+00:00,201,88132.469,
2026-09-21T01:31:39.478837+00:00,201,99981.054,
2026-09-21T01:31:30.617179+00:00,201,108869.394,
2026-09-21T01:30:53.374829+00:00,201,146117.162,
2026-09-21T01:32:25.225068+00:00,201,54288.725,
2026-09-21T01:31:26.484063+00:00,201,113030.331,
2026-09-21T01:31:06.909464+00:00,201,132610.164,
2026-09-21T01:30:39.912293+00:00,201,159613.818,
2026-09-21T01:31:46.833191+00:00,201,92695.578,
2026-09-21T01:31:34.695569+00:00,201,104871.744,
2026-09-21T01:31:56.627099+00:00,201,82942.317,
2026-09-21T01:31:54.033032+00:00,201,85538.476,
2026-09-21T01:32:08.025783+00:00,201,71556.909,
2026-09-21T01:32:51.588382+00:00,201,28006.667,
2026-09-21T01:30:52.073569+00:00,201,147527.325,
2026-09-21T01:30:35.510981+00:00,201,164093.849,
2026-09-21T01:32:45.643497+00:00,201,33980.357,
2026-09-21T01:32:29.063191+00:00,201,50562.088,
2026-09-21T01:31:53.748955+00:00,201,85889.699,
2026-09-21T01:31:24.434749+00:00,201,115254.7,
2026-09-21T01:31:31.259664+00:00,201,108445.131,
2026-09-21T01:30:10.622029+00:00,201,189101.422,
2026-09-21T01:30:21.895804+00:00,201,177834.476,
2026-09-21T01:32:22.513070+00:00,201,57231.249,
2026-09-21T01:31:32.326338+00:00,201,107440.185,
2026-09-21T01:31:01.843647+00:00,201,137948.324,
2026-09-21T01:30:51.583338+00:00,201,148215.583,
2026-09-21T01:32:19.945474+00:00,201,59878.948,
2026-09-21T01:31:07.345704+00:00,201,132492.784,
2026-09-21T01:31:27.632761+00:00,201,112207.917,
2026-09-21T01:32:35.654457+00:00,201,44199.338,
2026-09-21T01:32:55.239091+00:00,201,24619.874,
2026-09-21T01:31:49.241783+00:00,201,90619.263,
2026-09-21T01:30:51.256913+00:00,201,148643.686,
2026-09-21T01:32:08.241866+00:00,201,71673.085,
2026-09-21T01:31:39.297295+00:00,201,100622.837,
2026-09-21T01:32:45.620551+00:00,201,34306.835,
2026-09-21T01:32:09.725298+00:00,201,70205.557,
2026-09-21T01:31:54.255566+00:00,201,85689.851,
2026-09-21T01:32:01.919531+00:00,201,78047.4,
2026-09-21T01:31:14.255740+00:00,201,125720.606,
2026-09-21T01:32:03.821632+00:00,201,76160.524,
2026-09-21T01:30:52.132682+00:00,201,147862.168,
2026-09-21T01:31:49.840606+00:00,201,90181.822,
2026-09-21T01:31:48.610385+00:00,201,91415.354,
2026-09-21T01:32:43.230938+00:00,201,36805.194,
2026-09-21T01:32:25.930125+00:00,201,54133.981,
2026-09-21T01:31:47.764487+00:00,201,92306.129,
2026-09-21T01:31:42.007093+00:00,201,98068.018,
2026-09-21T01:31:31.911264+00:00,201,108174.304,
2026-09-21T01:31:06.993446+00:00,201,133098.518,
2026-09-21T01:32:02.083194+00:00,201,78022.209,
2026-09-21T01:31:59.105088+00:00,201,81004.786,
2026-09-21T01:31:55.618518+00:00,201,84509.57,
2026-09-21T01:32:36.831722+00:00,201,43298.441,
2026-09-21T01:31:54.278361+00:00,201,85870.738,
2026-09-21T01:30:09.910775+00:00,201,190251.446,
2026-09-21T01:30:15.803198+00:00,201,184365.511,
2026-09-21T01:30:20.770401+00:00,201,179429.179,
2026-09-21T01:31:53.684067+00:00,201,86537.533,
2026-09-21T01:31:52.471963+00:00,201,87768.863,
2026-09-21T01:32:05.389270+00:00,201,74855.587,
2026-09-21T01:30:16.099758+00:00,201,184158.717,
2026-09-21T01:32:43.694176+00:00,201,36567.814,
2026-09-21T01:31:49.633625+00:00,201,90648.778,
2026-09-21T01:32:30.767346+00:00,201,49522.231,
2026-09-21T01:32:42.917875+00:00,201,37386.182,
2026-09-21T01:31:37.047561+00:00,201,103258.963,
2026-09-21T01:29:58.592297+00:00,201,201725.001,
2026-09-21T01:31:37.212621+00:00,201,103117.141,
2026-09-21T01:32:37.727598+00:00,201,42635.432,
2026-09-21T01:31:29.828776+00:00,201,110534.686,
2026-09-21T01:31:15.092129+00:00,201,125272.558,
2026-09-21T01:30:46.504046+00:00,201,153879.032,
2026-09-21T01:31:54.002962+00:00,201,86448.641,
2026-09-21T01:31:39.899234+00:00,201,100564.716,
2026-09-21T01:32:01.025529+00:00,201,79453.429,
2026-09-21T01:32:55.644603+00:00,201,24839.595,
2026-09-21T01:31:52.209273+00:00,201,88281.75,
2026-09-21T01:30:24.498305+00:00,201,176012.346,
2026-09-21T01:31:36.196682+00:00,201,104322.531,
2026-09-21T01:31:35.406309+00:00,201,105136.125,
2026-09-21T01:31:23.591839+00:00,201,116958.811,
2026-09-21T01:30:52.048884+00:00,201,148506.353,
2026-09-21T01:31:03.545601+00:00,201,137024.946,
2026-09-21T01:30:43.474892+00:00,201,157127.655,
2026-09-21T01:31:35.663523+00:00,201,104941.068,
2026-09-21T01:32:03.292476+00:00,201,77321.45,
2026-09-21T01:31:52.801896+00:00,201,87826.629,
2026-09-21T01:32:07.871882+00:00,201,72768.174,
2026-09-21T01:31:15.040217+00:00,201,125609.132,
2026-09-21T01:31:51.478424+00:00,201,89182.223,
2026-09-21T01:32:43.792877+00:00,201,36868.528,
2026-09-21T01:31:14.964666+00:00,201,125704.434,
2026-09-21T01:32:05.415808+00:00,201,75256.053,
2026-09-21T01:31:50.508447+00:00,201,90166.754,
2026-09-21T01:32:23.765252+00:00,201,56928.37,
2026-09-21T01:32:46.680358+00:00,201,34021.442,
2026-09-21T01:31:39.087739+00:00,201,101629.239,
2026-09-21T01:32:08.162402+00:00,201,72561.676,
2026-09-21T01:30:16.568245+00:00,201,184168.639,
2026-09-21T01:31:29.558948+00:00,201,111186.681,
2026-09-21T01:30:00.474011+00:00,201,200281.51,
2026-09-21T01:30:42.303666+00:00,201,158455.296,
2026-09-21T01:30:09.857045+00:00,201,190903.161,
2026-09-21T01:32:52.888497+00:00,201,27887.844,
2026-09-21T01:32:19.392142+00:00,201,61411.227,
2026-09-21T01:31:12.015932+00:00,201,128805.336,
2026-09-21T01:32:43.256690+00:00,201,37602.085,
2026-09-21T01:29:57.005776+00:00,201,203853.914,
2026-09-21T01:30:27.446040+00:00,201,173415.127,
2026-09-21T01:32:32.565883+00:00,201,48319.734,
2026-09-21T01:31:19.100626+00:00,201,121810.367,
2026-09-21T01:31:40.813055+00:00,201,100113.116,
2026-09-21T01:31:21.759704+00:00,201,119180.178,
2026-09-21T01:32:53.457348+00:00,201,27508.804,
2026-09-21T01:31:05.005566+00:00,201,135963.479,
2026-09-21T01:31:13.344739+00:00,201,127625.499,
2026-09-21T01:32:36.538746+00:00,201,44435.36,
2026-09-21T01:30:44.203178+00:00,201,156786.568,
2026-09-21T01:31:36.085661+00:00,201,104909.558,
2026-09-21T01:31:52.894945+00:00,201,88120.721,
2026-09-21T01:30:33.019960+00:00,201,168002.589,
2026-09-21T01:31:53.181745+00:00,201,87855.128,
2026-09-21T01:31:48.309125+00:00,201,92772.744,
2026-09-21T01:32:10.297994+00:00,201,70794.547,
2026-09-21T01:31:27.568396+00:00,201,113526.546,
2026-09-21T01:32:35.196115+00:00,201,45911.397,
2026-09-21T01:31:40.099430+00:00,201,101012.0,
2026-09-21T01:30:46.908850+00:00,201,154217.242,
2026-09-21T01:32:53.693430+00:00,201,27447.085,
2026-09-21T01:30:31.118100+00:00,201,170023.083,
2026-09-21T01:31:05.875356+00:00,201,135268.476,
2026-09-21T01:31:09.648588+00:00,201,131504.005,
2026-09-21T01:31:45.321158+00:00,201,95839.58,
2026-09-21T01:31:53.423727+00:00,201,87764.419,
2026-09-21T01:31:25.292163+00:00,201,115922.472,
2026-09-21T01:31:45.643019+00:00,201,95581.855,
2026-09-21T01:31:41.825250+00:00,201,99401.399,
2026-09-21T01:32:31.563627+00:00,201,49672.21,
2026-09-21T01:31:59.421178+00:00,201,81829.998,
2026-09-21T01:30:48.369908+00:00,201,152899.293,
2026-09-21T01:32:54.904116+00:00,201,26375.469,
2026-09-21T01:32:19.027683+00:00,201,62283.678,
2026-09-21T01:30:45.475710+00:00,201,155838.081,
2026-09-21T01:30:18.635378+00:00,201,182733.751,
2026-09-21T01:31:35.946518+00:00,201,105428.402,
2026-09-21T01:32:43.553842+00:00,201,37825.924,
2026-09-21T01:31:51.002183+00:00,201,90395.559,
2026-09-21T01:31:27.022745+00:00,201,114419.959,
2026-09-21T01:31:54.742686+00:00,201,86725.279,
2026-09-21T01:31:16.398267+00:00,201,125071.609,
2026-09-21T01:31:49.072892+00:00,201,92402.424,
2026-09-21T01:31:23.441429+00:00,201,118044.909,
2026-09-21T01:30:27.674499+00:00,201,173818.251,
2026-09-21T01:31:56.497073+00:00,201,85015.112,
2026-09-21T01:32:32.912427+00:00,201,48609.444,
2026-09-21T01:31:47.541116+00:00,201,93996.31,
2026-09-21T01:31:34.278712+00:00,201,107261.914,
2026-09-21T01:31:26.177395+00:00,201,115369.226,
2026-09-21T01:32:27.338540+00:00,201,54222.841,
2026-09-21T01:31:47.389582+00:00,201,94190.005,
2026-09-21T01:31:36.084835+00:00,201,105500.609,
2026-09-21T01:29:36.778290+00:00,201,224807.542,
2026-09-21T01:32:21.264216+00:00,201,60327.314,
2026-09-21T01:31:03.779557+00:00,201,137813.147,
2026-09-21T01:32:04.069347+00:00,201,77554.167,
2026-09-21T01:30:19.646867+00:00,201,181994.018,
2026-09-21T01:32:26.994131+00:00,201,54657.791,
2026-09-21T01:31:24.986530+00:00,201,116674.72,
2026-09-21T01:31:04.708836+00:00,201,136953.654,
2026-09-21T01:30:08.984777+00:00,201,192703.424,
2026-09-21T01:31:25.576295+00:00,201,116115.128,
2026-09-21T01:31:15.299603+00:00,201,126393.599,
2026-09-21T01:31:22.130859+00:00,201,119569.974,
2026-09-21T01:31:12.450416+00:00,201,129251.036,
2026-09-21T01:30:42.443599+00:00,201,159266.64,
2026-09-21T01:31:25.486500+00:00,201,116234.244,
2026-09-21T01:32:45.306238+00:00,201,36426.368,
2026-09-21T01:31:44.304634+00:00,201,97434.206,
2026-09-21T01:32:27.104018+00:00,201,54646.98,
2026-09-21T01:31:15.757963+00:00,201,126004.201,
2026-09-21T01:30:15.076359+00:00,201,186689.482,
2026-09-21T01:32:35.111236+00:00,201,46665.127,
2026-09-21T01:31:23.691380+00:00,201,118088.13,
2026-09-21T01:31:24.774636+00:00,201,117010.636,
2026-09-21T01:32:51.941356+00:00,201,29844.791,
2026-09-21T01:31:08.302695+00:00,201,133488.385,
2026-09-21T01:32:47.729711+00:00,201,34087.887,
2026-09-21T01:31:46.007849+00:00,201,95863.089,
2026-09-21T01:31:14.019444+00:00,201,127866.675,
2026-09-21T01:31:00.674136+00:00,201,141217.136,
2026-09-21T01:32:24.222325+00:00,201,57686.605,
2026-09-21T01:32:01.961284+00:00,201,79976.817,
2026-09-21T01:30:51.815673+00:00,201,150131.053,
2026-09-21T01:31:47.464794+00:00,201,94482.69,
2026-09-21T01:32:09.583937+00:00,201,72420.239,
2026-09-21T01:31:28.707481+00:00,201,113323.672,
2026-09-21T01:32:20.573955+00:00,201,61465.549,
2026-09-21T01:32:37.202390+00:00,201,44842.31,
2026-09-21T01:31:04.589282+00:00,201,137463.284,
2026-09-21T01:32:54.890619+00:00,201,27166.284,
2026-09-21T01:31:56.476018+00:00,201,85611.023,
2026-09-21T01:31:23.323656+00:00,201,118764.589,
2026-09-21T01:32:53.412842+00:00,201,28693.304,
2026-09-21T01:31:04.590646+00:00,201,137517.241,
2026-09-21T01:32:33.488595+00:00,201,48638.682,
2026-09-21T01:31:08.906496+00:00,201,133225.438,
2026-09-21T01:31:38.100591+00:00,201,104038.618,
2026-09-21T01:32:43.560784+00:00,201,38588.953,
2026-09-21T01:32:16.141677+00:00,201,66041.322,
2026-09-21T01:31:00.953836+00:00,201,141234.638,
2026-09-21T01:32:19.311712+00:00,201,62887.451,
2026-09-21T01:31:22.113113+00:00,201,120090.705,
2026-09-21T01:31:51.708459+00:00,201,90518.359,
2026-09-21T01:32:18.689422+00:00,201,63551.442,
2026-09-21T01:32:16.132754+00:00,201,66113.198,
2026-09-21T01:32:37.506902+00:00,201,44752.784,
2026-09-21T01:31:35.449075+00:00,201,106811.822,
2026-09-21T01:32:12.444851+00:00,201,69820.293,
2026-09-21T01:31:59.012631+00:00,201,83270.803,
2026-09-21T01:30:50.849073+00:00,201,151438.406,
2026-09-21T01:31:40.220478+00:00,201,102081.623,
2026-09-21T01:30:29.272334+00:00,201,173046.738,
2026-09-21T01:31:42.016328+00:00,201,100308.059,
2026-09-21T01:32:52.437750+00:00,201,29922.086,
2026-09-21T01:32:35.462745+00:00,201,46943.94,
2026-09-21T01:31:07.484927+00:00,201,134924.042,
2026-09-21T01:32:35.967251+00:00,201,46469.509,
2026-09-21T01:32:18.713115+00:00,201,63725.809,
2026-09-21T01:32:49.726179+00:00,201,32743.432,
2026-09-21T01:31:38.173723+00:00,201,104303.215,
2026-09-21T01:32:07.426240+00:00,201,75063.012,
2026-09-21T01:30:03.019970+00:00,201,199475.79,
2026-09-21T01:30:43.172597+00:00,201,159329.862,
2026-09-21T01:31:47.325803+00:00,201,95180.978,
2026-09-21T01:31:52.139025+00:00,201,90371.288,
2026-09-21T01:29:37.292246+00:00,201,225229.782,
2026-09-21T01:31:19.712497+00:00,201,122819.371,
2026-09-21T01:29:57.956228+00:00,201,204576.129,
2026-09-21T01:31:13.814717+00:00,201,128749.804,
2026-09-21T01:31:16.301174+00:00,201,126264.512,
2026-09-21T01:32:16.023417+00:00,201,66558.589,
2026-09-21T01:32:23.906504+00:00,201,58699.849,
2026-09-21T01:31:16.100909+00:00,201,126511.326,
2026-09-21T01:32:04.437611+00:00,201,78191.178,
2026-09-21T01:31:58.251757+00:00,201,84387.746,
2026-09-21T01:31:35.044137+00:00,201,107614.567,
2026-09-21T01:32:32.069989+00:00,201,50589.463,
2026-09-21T01:32:21.973170+00:00,201,60687.558,
2026-09-21T01:32:36.504674+00:00,201,46158.853,
2026-09-21T01:31:32.830864+00:00,201,109837.603,
2026-09-21T01:31:01.772077+00:00,201,140901.837,
2026-09-21T01:32:30.923565+00:00,201,51753.395,
2026-09-21T01:31:43.722912+00:00,201,98959.887,
2026-09-21T01:31:35.091581+00:00,201,107640.379,
2026-09-21T01:32:08.785654+00:00,201,73947.007,
2026-09-21T01:30:50.573308+00:00,201,152206.73,
2026-09-21T01:31:21.432748+00:00,201,121374.865,
2026-09-21T01:30:00.520758+00:00,201,202315.343,
2026-09-21T01:32:37.044571+00:00,201,45798.593,
2026-09-21T01:31:14.548212+00:00,201,128306.948,
2026-09-21T01:30:21.750662+00:00,201,181122.608,
2026-09-21T01:32:32.486212+00:00,201,50389.898,
2026-09-21T01:30:10.320269+00:00,201,192556.921,
2026-09-21T01:30:49.931632+00:00,201,152953.861,
2026-09-21T01:32:52.405350+00:00,201,30498.183,
2026-09-21T01:32:21.338918+00:00,201,61572.529,
2026-09-21T01:30:51.024931+00:00,201,151891.014,
2026-09-21T01:31:21.949491+00:00,201,120996.38,
2026-09-21T01:30:03.447088+00:00,201,199504.2,
2026-09-21T01:30:48.082239+00:00,201,154869.747,
2026-09-21T01:31:40.815968+00:00,201,102158.55,
2026-09-21T01:32:09.205969+00:00,201,73771.4,
2026-09-21T01:31:04.910193+00:00,201,138067.718,
2026-09-21T01:31:42.235071+00:00,201,100748.315,
2026-09-21T01:31:38.635831+00:00,201,104365.215,
2026-09-21T01:32:30.783395+00:00,201,52233.584,
2026-09-21T01:31:48.796569+00:00,201,94242.309,
2026-09-21T01:31:27.856685+00:00,201,115184.852,
2026-09-21T01:30:54.003278+00:00,201,149077.462,
2026-09-21T01:31:11.109779+00:00,201,131972.281,
2026-09-21T01:29:43.514557+00:00,201,219597.918,
2026-09-21T01:32:15.493570+00:00,201,67653.881,
2026-09-21T01:32:31.388311+00:00,201,51778.421,
2026-09-21T01:30:51.379794+00:00,201,151813.342,
2026-09-21T01:31:05.734429+00:00,201,137460.65,
2026-09-21T01:32:30.528294+00:00,201,52697.942,
2026-09-21T01:31:01.166964+00:00,201,142066.971,
2026-09-21T01:30:49.120452+00:00,201,154120.881,
2026-09-21T01:32:35.108527+00:00,201,48147.111,
2026-09-21T01:30:49.852093+00:00,201,153405.344,
2026-09-21T01:32:23.269377+00:00,201,60004.06,
2026-09-21T01:31:48.918862+00:00,201,94356.842,
2026-09-21T01:30:43.337642+00:00,201,159971.128,
2026-09-21T01:31:11.457758+00:00,201,131860.793,
2026-09-21T01:30:31.102295+00:00,201,172226.795,
2026-09-21T01:32:17.659151+00:00,201,65677.71,
2026-09-21T01:29:37.221890+00:00,201,226117.315,
2026-09-21T01:32:37.182691+00:00,201,46174.069,
2026-09-21T01:32:24.003494+00:00,201,59357.887,
2026-09-21T01:31:31.488647+00:00,201,111875.865,
2026-09-21T01:30:55.815715+00:00,201,147570.199,
2026-09-21T01:32:16.076615+00:00,201,67314.486,
2026-09-21T01:32:21.493276+00:00,201,61902.954,
2026-09-21T01:32:21.423451+00:00,201,62006.769,
2026-09-21T01:31:00.310396+00:00,201,143126.203,
2026-09-21T01:32:29.415548+00:00,201,54026.826,
2026-09-21T01:32:42.620392+00:00,201,40824.694,
2026-09-21T01:30:19.203397+00:00,201,184263.338,
2026-09-21T01:30:16.049814+00:00,201,187419.505,
2026-09-21T01:32:25.518157+00:00,201,57955.512,
2026-09-21T01:32:54.953900+00:00,201,28523.116,
2026-09-21T01:31:49.517674+00:00,201,93969.544,
2026-09-21T01:31:11.026902+00:00,201,132493.059,
2026-09-21T01:31:35.701508+00:00,201,107847.707,
2026-09-21T01:32:19.487569+00:00,201,64074.901,
2026-09-21T01:30:56.958566+00:00,201,146604.975,
2026-09-21T01:30:46.433310+00:00,201,157138.086,
2026-09-21T01:30:43.229140+00:00,201,160347.665,
2026-09-21T01:31:34.477532+00:00,201,109109.601,
2026-09-21T01:29:54.255902+00:00,201,209340.832,
2026-09-21T01:30:31.496299+00:00,201,172127.149,
2026-09-21T01:31:58.788491+00:00,201,84838.13,
2026-09-21T01:32:55.513159+00:00,201,28149.544,
2026-09-21T01:31:56.073500+00:00,201,87589.75,
2026-09-21T01:32:23.177378+00:00,201,60487.995,
2026-09-21T01:30:08.741550+00:00,201,194942.219,
2026-09-21T01:30:17.347987+00:00,201,186340.7,
2026-09-21T01:32:07.011199+00:00,201,76697.936,
2026-09-21T01:32:01.244275+00:00,201,82490.173,
2026-09-21T01:32:34.720071+00:00,201,49018.926,
2026-09-21T01:31:55.849976+00:00,201,87918.817,
2026-09-21T01:32:48.137218+00:00,201,35633.025,
2026-09-21T01:31:07.677684+00:00,201,136105.838,
2026-09-21T01:32:28.564795+00:00,201,55229.877,
2026-09-21T01:32:05.398729+00:00,201,78407.458,
2026-09-21T01:29:53.259983+00:00,201,210548.617,
2026-09-21T01:31:51.644543+00:00,201,92186.916,
2026-09-21T01:31:44.769437+00:00,201,99083.003,
2026-09-21T01:30:46.084203+00:00,201,157770.775,
2026-09-21T01:31:49.976717+00:00,201,93899.335,
2026-09-21T01:32:04.581496+00:00,201,79295.258,
2026-09-21T01:30:27.307668+00:00,201,176628.446,
2026-09-21T01:31:23.916303+00:00,201,120026.956,
2026-09-21T01:31:05.784085+00:00,201,138161.808,
2026-09-21T01:32:29.097694+00:00,201,54868.485,
2026-09-21T01:30:51.375298+00:00,201,152601.108,
2026-09-21T01:32:32.704364+00:00,201,51274.252,
2026-09-21T01:31:30.578458+00:00,201,113404.788,
2026-09-21T01:31:22.682818+00:00,201,121304.607,
2026-09-21T01:32:43.502874+00:00,201,40493.636,
2026-09-21T01:31:56.936963+00:00,201,87067.316,
2026-09-21T01:31:43.101945+00:00,201,100908.096,
2026-09-21T01:32:43.729517+00:00,201,40289.504,
2026-09-21T01:29:55.083807+00:00,201,208975.755,
2026-09-21T01:30:40.850229+00:00,201,163210.717,
2026-09-21T01:32:19.023222+00:00,201,65057.338,
2026-09-21T01:30:54.743312+00:00,201,149349.508,
2026-09-21T01:31:56.635473+00:00,201,87463.801,
2026-09-21T01:32:08.896915+00:00,201,75203.712,
2026-09-21T01:32:19.700489+00:00,201,64418.401,
2026-09-21T01:30:10.792625+00:00,201,193370.578,
2026-09-21T01:30:43.835192+00:00,201,160338.212,
2026-09-21T01:31:11.044030+00:00,201,133143.684,
2026-09-21T01:31:53.718700+00:00,201,90470.373,
2026-09-21T01:32:52.915830+00:00,201,31277.035,
2026-09-21T01:32:03.546739+00:00,201,80689.449,
2026-09-21T01:31:20.467504+00:00,201,123773.139,
2026-09-21T01:30:25.931819+00:00,201,178311.058,
2026-09-21T01:32:58.395392+00:00,201,25848.392,
2026-09-21T01:31:47.969362+00:00,201,96288.06,
2026-09-21T01:32:07.695115+00:00,201,76572.164,
2026-09-21T01:31:30.927729+00:00,201,113345.425,
2026-09-21T01:31:52.014416+00:00,201,92268.308,
2026-09-21T01:32:16.011589+00:00,201,68277.748,
2026-09-21T01:32:46.565249+00:00,201,37736.003,
2026-09-21T01:32:39.338348+00:00,201,44965.759,
2026-09-21T01:31:34.403913+00:00,201,109914.931,
2026-09-21T01:31:47.866791+00:00,201,96513.219,
2026-09-21T01:30:47.980643+00:00,201,156414.811,
2026-09-21T01:31:47.111981+00:00,201,97302.529,
2026-09-21T01:30:37.131849+00:00,201,167293.236,
2026-09-21T01:31:52.141376+00:00,201,92311.141,
2026-09-21T01:30:43.037739+00:00,201,161423.162,
2026-09-21T01:31:36.683850+00:00,201,107792.126,
2026-09-21T01:32:30.748975+00:00,201,53728.467,
2026-09-21T01:32:26.236273+00:00,201,58250.088,
2026-09-21T01:31:37.916669+00:00,201,106584.491,
2026-09-21T01:31:16.373143+00:00,201,128153.779,
2026-09-21T01:31:06.254338+00:00,201,138276.56,
2026-09-21T01:32:49.462934+00:00,201,35068.841,
2026-09-21T01:31:28.362552+00:00,201,116206.594,
2026-09-21T01:30:51.548084+00:00,201,153029.289,
2026-09-21T01:32:35.836938+00:00,201,48752.0,
2026-09-21T01:32:52.707588+00:00,201,31900.934,
2026-09-21T01:32:46.538418+00:00,201,38097.829,
2026-09-21T01:31:59.840109+00:00,201,84802.292,
2026-09-21T01:32:10.993034+00:00,201,73663.668,
2026-09-21T01:30:44.222332+00:00,201,160434.825,
2026-09-21T01:32:36.357125+00:00,201,48325.25,
2026-09-21T01:31:45.707587+00:00,201,98990.214,
2026-09-21T01:30:02.292035+00:00,201,202415.912,
2026-09-21T01:32:10.175995+00:00,201,74533.479,
2026-09-21T01:31:09.144149+00:00,201,135585.87,
2026-09-21T01:31:43.842928+00:00,201,100897.038,
2026-09-21T01:31:49.443839+00:00,201,95307.75,
2026-09-21T01:32:33.868300+00:00,201,50888.689,
2026-09-21T01:31:45.899588+00:00,201,98858.001,
2026-09-21T01:31:46.026142+00:00,201,98733.579,
2026-09-21T01:31:05.150389+00:00,201,139642.479,
2026-09-21T01:30:36.776042+00:00,201,168028.701,
2026-09-21T01:31:29.775433+00:00,201,115050.962,
2026-09-21T01:31:53.667850+00:00,201,91165.015,
2026-09-21T01:32:21.195687+00:00,201,63638.573,
2026-09-21T01:31:29.189322+00:00,201,115656.262,
2026-09-21T01:31:57.791001+00:00,201,87099.422,
2026-09-21T01:31:38.348878+00:00,201,106543.899,
2026-09-21T01:30:45.483282+00:00,201,159423.523,
2026-09-21T01:30:25.783318+00:00,201,179129.758,
2026-09-21T01:32:28.104724+00:00,201,56810.569,
2026-09-21T01:31:21.737284+00:00,201,123196.928,
2026-09-21T01:31:47.605330+00:00,201,97353.871,
2026-09-21T01:31:49.617699+00:00,201,95355.709,
2026-09-21T01:31:38.210497+00:00,201,106778.452,
2026-09-21T01:31:12.911122+00:00,201,132083.426,
2026-09-21T01:31:14.539028+00:00,201,130480.174,
2026-09-21T01:31:36.903496+00:00,201,108135.797,
2026-09-21T01:30:16.384746+00:00,201,188677.916,
2026-09-21T01:31:50.782970+00:00,201,94280.508,
2026-09-21T01:31:26.513809+00:00,201,118552.978,
2026-09-21T01:32:09.003005+00:00,201,76071.977,
2026-09-21T01:32:11.586404+00:00,201,73494.106,
2026-09-21T01:32:46.133479+00:00,201,38965.597,
2026-09-21T01:30:02.773306+00:00,201,202337.098,
2026-09-21T01:32:31.034011+00:00,201,54094.129,
2026-09-21T01:31:39.186405+00:00,201,105952.279,
2026-09-21T01:31:36.819405+00:00,201,108321.247,
2026-09-21T01:30:15.488390+00:00,201,189680.961,
2026-09-21T01:31:12.288249+00:00,201,132887.397,
2026-09-21T01:31:32.101277+00:00,201,113091.716,
2026-09-21T01:31:03.370539+00:00,201,141823.745,
2026-09-21T01:31:19.697812+00:00,201,125499.827,
2026-09-21T01:32:24.816032+00:00,201,60386.581,
2026-09-21T01:31:54.724249+00:00,201,90493.156,
2026-09-21T01:31:19.191902+00:00,201,126026.147,
2026-09-21T01:31:37.502418+00:00,201,107723.85,
2026-09-21T01:31:12.833179+00:00,201,132397.622,
2026-09-21T01:32:36.695503+00:00,201,48556.975,
2026-09-21T01:30:43.249162+00:00,201,162024.878,
2026-09-21T01:32:36.711950+00:00,201,48578.945,
2026-09-21T01:31:46.325896+00:00,201,98973.802,
2026-09-21T01:30:48.861442+00:00,201,156478.826,
2026-09-21T01:30:57.599258+00:00,201,147745.567,
2026-09-21T01:30:41.543403+00:00,201,163820.741,
2026-09-21T01:29:58.285226+00:00,201,207094.931,
2026-09-21T01:31:23.808732+00:00,201,121586.369,
2026-09-21T01:30:42.754332+00:00,201,162650.565,
2026-09-21T01:31:58.753220+00:00,201,86653.204,
2026-09-21T01:31:39.346473+00:00,201,106070.377,
2026-09-21T01:31:30.572460+00:00,201,114856.478,
2026-09-21T01:32:00.537289+00:00,201,84892.415,
2026-09-21T01:31:49.662713+00:00,201,95811.138,
2026-09-21T01:30:57.431408+00:00,201,148047.846,
2026-09-21T01:31:37.590921+00:00,201,107914.527,
2026-09-21T01:31:31.350480+00:00,201,114165.425,
2026-09-21T01:31:47.537983+00:00,201,98008.639,
2026-09-21T01:32:20.148450+00:00,201,65404.109,
2026-09-21T01:30:36.386810+00:00,201,169171.418,
2026-09-21T01:31:20.262154+00:00,201,125296.855,
2026-09-21T01:30:13.832822+00:00,201,191728.896,
2026-09-21T01:31:26.865449+00:00,201,118703.794,
2026-09-21T01:31:16.690977+00:00,201,128897.572,
2026-09-21T01:32:05.840542+00:00,201,79764.848,
2026-09-21T01:31:15.672308+00:00,201,129968.657,
2026-09-21T01:32:08.464666+00:00,201,77191.851,
2026-09-21T01:31:38.132143+00:00,201,107527.588,
2026-09-21T01:30:23.614917+00:00,201,182047.077,
2026-09-21T01:32:19.020312+00:00,201,66655.451,
2026-09-21T01:30:21.949022+00:00,201,183728.516,
2026-09-21T01:31:16.316807+00:00,201,129374.754,
2026-09-21T01:30:33.149122+00:00,201,172585.1,
2026-09-21T01:31:05.275859+00:00,201,140462.108,
2026-09-21T01:30:33.344423+00:00,201,172402.197,
2026-09-21T01:30:35.823716+00:00,201,169944.069,
2026-09-21T01:31:03.323401+00:00,201,142455.152,
2026-09-21T01:32:55.082276+00:00,201,30709.86,
2026-09-21T01:32:42.903245+00:00,201,42903.508,
2026-09-21T01:32:15.374594+00:00,201,70438.483,
2026-09-21T01:30:57.652914+00:00,201,148161.156,
2026-09-21T01:32:00.719899+00:00,201,85120.784,
2026-09-21T01:30:26.556003+00:00,201,179301.434,
2026-09-21T01:29:44.499403+00:00,201,221371.42,
2026-09-21T01:31:43.165757+00:00,201,102709.359,
2026-09-21T01:32:07.190192+00:00,201,78685.566,
2026-09-21T01:31:12.241249+00:00,201,133641.556,
2026-09-21T01:30:25.430008+00:00,201,180461.032,
2026-09-21T01:30:31.387260+00:00,201,174515.619,
2026-09-21T01:32:28.989417+00:00,201,56921.253,
2026-09-21T01:31:39.033550+00:00,201,106890.729,
2026-09-21T01:31:51.297063+00:00,201,94660.865,
2026-09-21T01:31:32.582468+00:00,201,113378.206,
2026-09-21T01:31:31.230319+00:00,201,114738.026,
2026-09-21T01:32:15.221869+00:00,201,70790.577,
2026-09-21T01:32:52.027031+00:00,201,34007.607,
2026-09-21T01:32:16.637196+00:00,201,69403.786,
2026-09-21T01:31:37.987959+00:00,201,108060.385,
2026-09-21T01:32:03.715122+00:00,201,82346.387,
2026-09-21T01:29:57.919406+00:00,201,208161.576,
2026-09-21T01:31:41.974285+00:00,201,104123.928,
2026-09-21T01:31:26.156763+00:00,201,119979.614,
2026-09-21T01:32:19.529835+00:00,201,66609.702,
2026-09-21T01:31:58.195173+00:00,201,87958.93,
2026-09-21T01:32:17.789696+00:00,201,68374.318,
2026-09-21T01:30:54.915828+00:00,201,151264.424,
2026-09-21T01:31:42.928712+00:00,201,103252.195,
2026-09-21T01:31:51.484633+00:00,201,94716.239,
2026-09-21T01:32:28.277486+00:00,201,57929.084,
2026-09-21T01:30:59.723732+00:00,201,146484.01,
2026-09-21T01:32:31.420658+00:00,201,54798.003,
2026-09-21T01:31:25.948950+00:00,201,120287.924,
2026-09-21T01:32:02.985520+00:00,201,83257.345,
2026-09-21T01:32:09.704427+00:00,201,76545.465,
2026-09-21T01:31:37.834798+00:00,201,108420.563,
2026-09-21T01:31:38.638251+00:00,201,107619.624,
2026-09-21T01:32:30.658610+00:00,201,55631.753,
2026-09-21T01:32:01.122607+00:00,201,85174.716,
2026-09-21T01:31:40.810195+00:00,201,105532.939,
2026-09-21T01:31:58.293450+00:00,201,88051.435,
2026-09-21T01:32:18.080093+00:00,201,68272.326,
2026-09-21T01:31:09.647311+00:00,201,136727.504,
2026-09-21T01:32:23.326854+00:00,201,63054.419,
2026-09-21T01:31:46.487006+00:00,201,99900.118,
2026-09-21T01:31:38.739894+00:00,201,107687.058,
2026-09-21T01:30:46.841804+00:00,201,159589.924,
2026-09-21T01:31:28.340046+00:00,201,118099.043,
2026-09-21T01:31:25.221149+00:00,201,121218.509,
2026-09-21T01:31:18.620944+00:00,201,127845.905,
2026-09-21T01:32:44.083558+00:00,201,42388.577,
2026-09-21T01:31:58.597335+00:00,201,87894.71,
2026-09-21T01:31:17.702831+00:00,201,128812.975,
2026-09-21T01:31:43.729680+00:00,201,102791.03,
2026-09-21T01:31:46.620762+00:00,201,99901.986,
2026-09-21T01:32:37.427729+00:00,201,49106.027,
2026-09-21T01:32:26.142086+00:00,201,60409.046,
2026-09-21T01:32:27.956799+00:00,201,58599.112,
2026-09-21T01:32:19.800844+00:00,201,66775.929,
2026-09-21T01:31:38.870692+00:00,201,107709.714,
2026-09-21T01:31:26.670332+00:00,201,119920.857,
2026-09-21T01:31:53.700643+00:00,201,92897.923,
2026-09-21T01:30:30.109676+00:00,201,176495.584,
2026-09-21T01:31:30.466964+00:00,201,116143.452,
2026-09-21T01:32:09.508573+00:00,201,77103.673,
2026-09-21T01:31:32.438023+00:00,201,114176.578,
2026-09-21T01:30:44.896480+00:00,201,161718.641,
2026-09-21T01:32:43.294552+00:00,201,43327.163,
2026-09-21T01:30:57.876965+00:00,201,148747.161,
2026-09-21T01:32:23.755029+00:00,201,62871.966,
2026-09-21T01:31:10.975595+00:00,201,135672.134,
2026-09-21T01:30:24.271806+00:00,201,182399.124,
2026-09-21T01:31:54.934667+00:00,201,91745.927,
2026-09-21T01:30:54.464414+00:00,201,152217.227,
2026-09-21T01:31:34.968534+00:00,201,111716.179,
2026-09-21T01:31:19.147289+00:00,201,127564.451,
2026-09-21T01:31:44.997721+00:00,201,101733.73,
2026-09-21T01:31:36.739036+00:00,201,109998.148,
2026-09-21T01:32:58.893839+00:00,201,27855.721,
2026-09-21T01:32:27.885532+00:00,201,58867.404,
2026-09-21T01:32:51.790214+00:00,201,34963.382,
2026-09-21T01:31:57.873898+00:00,201,88963.666,
2026-09-21T01:30:48.222346+00:00,201,158621.906,
2026-09-21T01:31:34.550358+00:00,201,112297.903,
2026-09-21T01:31:45.331945+00:00,201,101521.276,
2026-09-21T01:31:49.031237+00:00,201,97825.0,
2026-09-21T01:32:27.555696+00:00,201,59317.076,
2026-09-21T01:30:57.185003+00:00,201,149688.226,
2026-09-21T01:30:57.844061+00:00,201,149058.941,
2026-09-21T01:30:48.862498+00:00,201,158063.894,
2026-09-21T01:31:51.936413+00:00,201,94996.656,
2026-09-21T01:30:55.311186+00:00,201,151627.555,
2026-09-21T01:32:06.167676+00:00,201,80772.372,
2026-09-21T01:31:09.780487+00:00,201,137168.691,
2026-09-21T01:31:10.554825+00:00,201,136404.908,
2026-09-21T01:31:14.059873+00:00,201,132906.605,
2026-09-21T01:31:38.706632+00:00,201,108293.598,
2026-09-21T01:31:37.750180+00:00,201,109273.935,
2026-09-21T01:31:40.069856+00:00,201,106954.806,
2026-09-21T01:30:59.886830+00:00,201,147147.771,
2026-09-21T01:31:35.622052+00:00,201,111413.201,
2026-09-21T01:31:02.200069+00:00,201,144848.694,
2026-09-21T01:30:44.541447+00:00,201,162512.637,
2026-09-21T01:31:30.631528+00:00,201,116449.774,
2026-09-21T01:32:41.401340+00:00,201,45682.2,
2026-09-21T01:29:49.621701+00:00,201,217469.415,
2026-09-21T01:30:25.807264+00:00,201,181308.576,
2026-09-21T01:31:47.008462+00:00,201,100118.819,
2026-09-21T01:31:01.836559+00:00,201,145302.045,
2026-09-21T01:30:29.021471+00:00,201,178121.29,
2026-09-21T01:32:31.635428+00:00,201,55511.794,
2026-09-21T01:32:52.874905+00:00,201,34274.032,
2026-09-21T01:31:27.476004+00:00,201,119673.922,
2026-09-21T01:30:22.704127+00:00,201,184469.559,
2026-09-21T01:31:49.166790+00:00,201,98018.473,
2026-09-21T01:30:42.880470+00:00,201,164308.297,
2026-09-21T01:32:06.113446+00:00,201,81101.386,
2026-09-21T01:30:50.555675+00:00,201,156689.983,
2026-09-21T01:32:46.529251+00:00,201,40725.199,
2026-09-21T01:31:55.637854+00:00,201,91617.034,
2026-09-21T01:32:10.278610+00:00,201,76986.248,
2026-09-21T01:31:18.189502+00:00,201,129079.479,
2026-09-21T01:31:22.717211+00:00,201,124562.153,
2026-09-21T01:31:58.564702+00:00,201,88717.814,
2026-09-21T01:31:54.490645+00:00,201,92792.45,
2026-09-21T01:30:25.060647+00:00,201,182227.935,
2026-09-21T01:31:25.493029+00:00,201,121814.644,
2026-09-21T01:31:19.772309+00:00,201,127541.521,
2026-09-21T01:31:20.487830+00:00,201,126827.695,
2026-09-21T01:32:53.643268+00:00,201,33676.587,
2026-09-21T01:32:54.665573+00:00,201,32660.371,
2026-09-21T01:31:26.834692+00:00,201,120524.462,
2026-09-21T01:32:44.742202+00:00,201,42620.255,
2026-09-21T01:31:23.122615+00:00,201,124252.935,
2026-09-21T01:30:57.750573+00:00,201,149641.146,
2026-09-21T01:32:24.115786+00:00,201,63286.003,
2026-09-21T01:31:15.159301+00:00,201,132253.063,
2026-09-21T01:32:53.786610+00:00,201,33626.51,
2026-09-21T01:32:52.812187+00:00,201,34625.466,
2026-09-21T01:31:15.631469+00:00,201,131829.701,
2026-09-21T01:32:04.176459+00:00,201,83291.256,
2026-09-21T01:31:00.608534+00:00,201,146862.483,
2026-09-21T01:31:41.162760+00:00,201,106339.999,
2026-09-21T01:32:18.597325+00:00,201,68923.883,
2026-09-21T01:31:24.359080+00:00,201,123170.34,
2026-09-21T01:32:03.979250+00:00,201,83557.431,
2026-09-21T01:29:46.745134+00:00,201,220792.82,
2026-09-21T01:32:01.164800+00:00,201,86381.88,
2026-09-21T01:32:06.654757+00:00,201,80902.013,
2026-09-21T01:31:06.102924+00:00,201,141458.295,
2026-09-21T01:31:30.131837+00:00,201,117442.633,
2026-09-21T01:29:50.008399+00:00,201,217566.436,
2026-09-21T01:31:33.122668+00:00,201,114457.743,
2026-09-21T01:32:26.650407+00:00,201,60930.736,
2026-09-21T01:31:24.594088+00:00,201,122991.531,
2026-09-21T01:30:15.796291+00:00,201,191800.327,
2026-09-21T01:30:18.775993+00:00,201,188869.076,
2026-09-21T01:31:48.745548+00:00,201,98909.909,
2026-09-21T01:32:17.830721+00:00,201,69825.421,
2026-09-21T01:30:34.295894+00:00,201,173361.293,
2026-09-21T01:32:37.351990+00:00,201,50310.857,
2026-09-21T01:29:32.151569+00:00,201,235536.49,
2026-09-21T01:32:16.870435+00:00,201,70853.233,
2026-09-21T01:32:36.442776+00:00,201,51292.482,
2026-09-21T01:31:48.443532+00:00,201,99308.464,
2026-09-21T01:30:39.098558+00:00,201,168673.45,
2026-09-21T01:31:10.399711+00:00,201,137376.4,
2026-09-21T01:32:45.125452+00:00,201,42652.083,
2026-09-21T01:31:48.008194+00:00,201,99787.848,
2026-09-21T01:31:35.237112+00:00,201,112560.053,
2026-09-21T01:31:42.573147+00:00,201,105230.086,
2026-09-21T01:31:07.606396+00:00,201,140213.366,
2026-09-21T01:31:49.375522+00:00,201,98457.685,
2026-09-21T01:30:53.746424+00:00,201,154122.38,
2026-09-21T01:31:25.049108+00:00,201,122824.053,
2026-09-21T01:30:48.169800+00:00,201,159729.476,
2026-09-21T01:31:31.427631+00:00,201,116483.172,
2026-09-21T01:32:22.442895+00:00,201,65473.646,
2026-09-21T01:32:09.237920+00:00,201,78679.237,
2026-09-21T01:32:24.193397+00:00,201,63727.139,
2026-09-21T01:32:26.921437+00:00,201,60999.78,
2026-09-21T01:31:50.109895+00:00,201,97830.165,
2026-09-21T01:31:30.577419+00:00,201,117393.479,
2026-09-21T01:30:10.352800+00:00,201,197632.815,
2026-09-21T01:29:56.573124+00:00,201,211416.873,
2026-09-21T01:31:37.525792+00:00,201,110485.294,
2026-09-21T01:30:54.135902+00:00,201,153888.348,
2026-09-21T01:31:12.305400+00:00,201,135724.844,
2026-09-21T01:31:17.759450+00:00,201,130280.078,
2026-09-21T01:30:48.822752+00:00,201,159222.45,
2026-09-21T01:31:35.176998+00:00,201,112871.544,
2026-09-21T01:31:15.528661+00:00,201,132548.868,
2026-09-21T01:32:20.622254+00:00,201,67459.191,
2026-09-21T01:30:33.339292+00:00,201,174773.411,
2026-09-21T01:31:59.929359+00:00,201,88192.562,
2026-09-21T01:32:44.275919+00:00,201,43847.341,
2026-09-21T01:31:43.175096+00:00,201,104953.357,
2026-09-21T01:31:50.270292+00:00,201,97863.766,
2026-09-21T01:32:01.480686+00:00,201,86661.504,
2026-09-21T01:31:01.853984+00:00,201,146327.762,
2026-09-21T01:32:18.866820+00:00,201,69328.675,
2026-09-21T01:31:50.188024+00:00,201,98008.569,
2026-09-21T01:31:48.247312+00:00,201,99963.887,
2026-09-21T01:32:21.960115+00:00,201,66289.664,
2026-09-21T01:31:24.822619+00:00,201,123429.13,
2026-09-21T01:31:15.897067+00:00,201,132377.804,
2026-09-21T01:31:54.289591+00:00,201,93987.181,
2026-09-21T01:30:16.726541+00:00,201,191555.913,
2026-09-21T01:32:20.632122+00:00,201,67659.548,
2026-09-21T01:32:37.361177+00:00,201,50937.618,
2026-09-21T01:31:39.505769+00:00,201,108794.186,
2026-09-21T01:29:52.957579+00:00,201,215355.492,
2026-09-21T01:30:30.312369+00:00,201,178025.656,
2026-09-21T01:30:51.161457+00:00,201,157183.0,
2026-09-21T01:31:23.578062+00:00,201,124771.37,
2026-09-21T01:31:59.823945+00:00,201,88541.589,
2026-09-21T01:32:45.223608+00:00,201,43155.015,
2026-09-21T01:30:20.929824+00:00,201,187457.306,
2026-09-21T01:31:36.010222+00:00,201,112377.607,
2026-09-21T01:31:50.592982+00:00,201,97804.686,
2026-09-21T01:29:56.739622+00:00,201,211661.976,
2026-09-21T01:31:20.867713+00:00,201,127575.674,
2026-09-21T01:29:57.284726+00:00,201,211164.764,
2026-09-21T01:31:26.167723+00:00,201,122299.605,
2026-09-21T01:31:36.120733+00:00,201,112350.999,
2026-09-21T01:31:26.956891+00:00,201,121519.877,
2026-09-21T01:31:33.210174+00:00,201,115268.982,
2026-09-21T01:30:40.497761+00:00,201,167992.586,
2026-09-21T01:31:24.924818+00:00,201,123579.793,
2026-09-21T01:31:12.333187+00:00,201,136177.749,
2026-09-21T01:31:20.646948+00:00,201,127892.262,
2026-09-21T01:32:54.191300+00:00,201,34352.533,
2026-09-21T01:31:21.137858+00:00,201,127406.355,
2026-09-21T01:31:49.342060+00:00,201,99207.889,
2026-09-21T01:31:10.208968+00:00,201,138364.178,
2026-09-21T01:31:16.361198+00:00,201,132214.427,
2026-09-21T01:30:02.359318+00:00,201,206233.046,
2026-09-21T01:31:50.297591+00:00,201,98295.649,
2026-09-21T01:31:02.277558+00:00,201,146347.442,
2026-09-21T01:32:44.971566+00:00,201,43660.909,
2026-09-21T01:29:55.800389+00:00,201,212832.949,
2026-09-21T01:31:56.462073+00:00,201,92178.935,
2026-09-21T01:31:53.769307+00:00,201,94886.51,
2026-09-21T01:31:24.556812+00:00,201,124136.197,
2026-09-21T01:32:37.017781+00:00,201,51685.248,
2026-09-21T01:31:00.845062+00:00,201,147886.576,
2026-09-21T01:32:51.148796+00:00,201,37595.376,
2026-09-21T01:29:58.891681+00:00,201,209853.935,
2026-09-21T01:32:48.358987+00:00,201,40391.931,
2026-09-21T01:32:42.791294+00:00,201,45960.244,
2026-09-21T01:32:08.207410+00:00,201,80580.639,
2026-09-21T01:32:31.842571+00:00,201,56947.2,
2026-09-21T01:31:42.466138+00:00,201,106333.312,
2026-09-21T01:31:11.899708+00:00,201,136902.007,
2026-09-21T01:32:44.711699+00:00,201,44096.55,
2026-09-21T01:31:40.652233+00:00,201,108188.728,
2026-09-21T01:30:16.298636+00:00,201,192543.735,
2026-09-21T01:32:47.490297+00:00,201,41352.915,
2026-09-21T01:30:19.914488+00:00,201,188942.758,
2026-09-21T01:31:01.484837+00:00,201,147389.883,
2026-09-21T01:31:47.293984+00:00,201,101600.865,
2026-09-21T01:31:07.107456+00:00,201,141823.185,
2026-09-21T01:31:18.955799+00:00,201,129980.911,
2026-09-21T01:31:54.930516+00:00,201,94007.294,
2026-09-21T01:32:22.341011+00:00,201,66604.943,
2026-09-21T01:31:25.674971+00:00,201,123280.028,
2026-09-21T01:32:51.162154+00:00,201,37802.845,
2026-09-21T01:30:45.533838+00:00,201,163447.127,
2026-09-21T01:32:27.235928+00:00,201,61763.8,
2026-09-21T01:31:20.275256+00:00,201,128729.267,
2026-09-21T01:30:01.328633+00:00,201,207678.061,
2026-09-21T01:32:17.150334+00:00,201,71892.355,
2026-09-21T01:30:17.708267+00:00,201,191340.203,
2026-09-21T01:32:35.425188+00:00,201,53629.957,
2026-09-21T01:31:53.723497+00:00,201,95334.859,
2026-09-21T01:32:16.807269+00:00,201,72251.676,
2026-09-21T01:31:47.123747+00:00,201,101943.878,
2026-09-21T01:31:44.074829+00:00,201,105001.213,
2026-09-21T01:32:52.854022+00:00,201,36227.65,
2026-09-21T01:31:27.661692+00:00,201,121434.013,
2026-09-21T01:31:09.616689+00:00,201,139490.326,
2026-09-21T01:32:15.657044+00:00,201,73452.161,
2026-09-21T01:30:34.810969+00:00,201,174310.569,
2026-09-21T01:31:15.223969+00:00,201,133899.266,
2026-09-21T01:31:49.862935+00:00,201,99271.342,
2026-09-21T01:32:20.852768+00:00,201,68282.136,
2026-09-21T01:30:49.633857+00:00,201,159502.792,
2026-09-21T01:32:40.987355+00:00,201,48151.325,
2026-09-21T01:32:27.562729+00:00,201,61646.369,
2026-09-21T01:31:22.728790+00:00,201,126480.695,
2026-09-21T01:30:44.021755+00:00,201,165188.172,
2026-09-21T01:31:24.523995+00:00,201,124704.188,
2026-09-21T01:30:25.372931+00:00,201,183861.576,
2026-09-21T01:31:52.616585+00:00,201,96631.08,
2026-09-21T01:32:07.403760+00:00,201,81857.343,
2026-09-21T01:32:46.343425+00:00,201,42926.064,
2026-09-21T01:30:55.427233+00:00,201,153843.655,
2026-09-21T01:31:21.457935+00:00,201,127823.798,
2026-09-21T01:32:45.226291+00:00,201,44063.443,
2026-09-21T01:32:08.852085+00:00,201,80450.823,
2026-09-21T01:31:27.569168+00:00,201,121745.675,
2026-09-21T01:29:55.491405+00:00,201,213831.739,
2026-09-21T01:32:33.591406+00:00,201,55742.694,
2026-09-21T01:31:32.006753+00:00,201,117328.263,
2026-09-21T01:32:32.736832+00:00,201,56607.894,
2026-09-21T01:32:16.962711+00:00,201,72383.689,
2026-09-21T01:31:36.599583+00:00,201,112756.697,
2026-09-21T01:30:50.908566+00:00,201,158448.214,
2026-09-21T01:31:56.800849+00:00,201,92558.0,
2026-09-21T01:30:40.191638+00:00,201,169182.502,
2026-09-21T01:32:45.296633+00:00,201,44079.862,
2026-09-21T01:32:59.756280+00:00,201,29643.996,
2026-09-21T01:32:34.865024+00:00,201,54546.833,
2026-09-21T01:32:32.668549+00:00,201,56796.323,
2026-09-21T01:31:26.515447+00:00,201,122956.588,
2026-09-21T01:30:10.266148+00:00,201,199220.401,
2026-09-21T01:31:25.289774+00:00,201,124199.994,
2026-09-21T01:29:54.246167+00:00,201,215258.068,
2026-09-21T01:30:53.881630+00:00,201,155625.229,
2026-09-21T01:32:09.367014+00:00,201,80167.625,
2026-09-21T01:30:49.667157+00:00,201,159874.932,
2026-09-21T01:31:58.815486+00:00,201,90754.709,
2026-09-21T01:31:34.037490+00:00,201,115533.706,
2026-09-21T01:32:42.846466+00:00,201,46725.438,
2026-09-21T01:31:10.377635+00:00,201,139218.204,
2026-09-21T01:31:14.534974+00:00,201,135062.114,
2026-09-21T01:30:31.135616+00:00,201,178483.303,
2026-09-21T01:31:05.423743+00:00,201,144235.128,
2026-09-21T01:31:37.138784+00:00,201,112531.63,
2026-09-21T01:31:45.762381+00:00,201,103911.257,
2026-09-21T01:30:58.783429+00:00,201,150890.856,
2026-09-21T01:32:15.251487+00:00,201,74432.938,
2026-09-21T01:30:43.921290+00:00,201,165775.717,
2026-09-21T01:32:31.529397+00:00,201,58172.167,
2026-09-21T01:31:34.753406+00:00,201,114953.52,
2026-09-21T01:32:25.412887+00:00,201,64303.305,
2026-09-21T01:32:48.205494+00:00,201,41527.601,
2026-09-21T01:31:25.980212+00:00,201,123762.92,
2026-09-21T01:31:58.985145+00:00,201,90768.796,
2026-09-21T01:31:17.949752+00:00,201,131804.681,
2026-09-21T01:29:55.818150+00:00,201,213952.892,
2026-09-21T01:31:20.466109+00:00,201,129309.772,
2026-09-21T01:32:22.283916+00:00,201,67505.303,
2026-09-21T01:32:44.100827+00:00,201,45715.297,
2026-09-21T01:31:48.219906+00:00,201,101610.394,
2026-09-21T01:31:45.101807+00:00,201,104735.07,
2026-09-21T01:32:32.437558+00:00,201,57421.901,
2026-09-21T01:32:01.563703+00:00,201,88308.876,
2026-09-21T01:31:48.566899+00:00,201,101309.637,
2026-09-21T01:32:03.747871+00:00,201,86134.081,
2026-09-21T01:31:05.249009+00:00,201,144645.435,
2026-09-21T01:31:35.318661+00:00,201,114585.052,
2026-09-21T01:30:18.946189+00:00,201,190960.206,
2026-09-21T01:32:21.160182+00:00,201,68763.92,
2026-09-21T01:31:37.085833+00:00,201,112839.403,
2026-09-21T01:31:26.897005+00:00,201,123051.606,
2026-09-21T01:30:43.762883+00:00,201,166188.11,
2026-09-21T01:31:09.875096+00:00,201,140082.526,
2026-09-21T01:31:50.245962+00:00,201,99721.613,
2026-09-21T01:32:03.998910+00:00,201,85981.61,
2026-09-21T01:31:53.939741+00:00,201,96041.991,
2026-09-21T01:29:49.280456+00:00,201,220708.572,
2026-09-21T01:31:32.842662+00:00,201,117150.249,
2026-09-21T01:31:16.976947+00:00,201,133031.881,
2026-09-21T01:32:26.358318+00:00,201,63684.052,
2026-09-21T01:31:09.477920+00:00,201,140577.657,
2026-09-21T01:31:22.661795+00:00,201,127431.802,
2026-09-21T01:32:12.140782+00:00,201,77955.988,
2026-09-21T01:31:43.391430+00:00,201,106718.576,
2026-09-21T01:31:40.014403+00:00,201,110100.745,
2026-09-21T01:31:20.222361+00:00,201,129907.35,
2026-09-21T01:32:09.574094+00:00,201,80556.864,
2026-09-21T01:32:57.695329+00:00,201,32442.678,
2026-09-21T01:31:20.460704+00:00,201,129721.347,
2026-09-21T01:31:18.281693+00:00,201,131908.071,
2026-09-21T01:31:07.228390+00:00,201,142961.874,
2026-09-21T01:31:51.546544+00:00,201,98664.26,
2026-09-21T01:31:55.861490+00:00,201,94354.294,
2026-09-21T01:31:42.804384+00:00,201,107416.902,
2026-09-21T01:32:53.859172+00:00,201,36376.311,
2026-09-21T01:31:52.810899+00:00,201,97440.02,
2026-09-21T01:32:05.988071+00:00,201,84274.487,
2026-09-21T01:31:20.397758+00:00,201,129881.937,
2026-09-21T01:32:34.029158+00:00,201,56251.861,
2026-09-21T01:31:14.148205+00:00,201,136145.489,
2026-09-21T01:31:04.651777+00:00,201,145671.73,
2026-09-21T01:31:03.098837+00:00,201,147225.217,
2026-09-21T01:31:42.228478+00:00,201,108096.839,
2026-09-21T01:30:12.908666+00:00,201,197427.41,
2026-09-21T01:32:54.454084+00:00,201,35894.021,
2026-09-21T01:32:51.553768+00:00,201,38810.998,
2026-09-21T01:32:32.844619+00:00,201,57534.76,
2026-09-21T01:30:10.307727+00:00,201,200072.492,
2026-09-21T01:31:16.871814+00:00,201,133549.682,
2026-09-21T01:30:35.225362+00:00,201,175208.459,
2026-09-21T01:32:21.804785+00:00,201,68653.381,
2026-09-21T01:31:14.575835+00:00,201,135882.761,
2026-09-21T01:31:16.635097+00:00,201,133827.296,
2026-09-21T01:32:18.865426+00:00,201,71602.118,
2026-09-21T01:30:30.172140+00:00,201,180314.199,
2026-09-21T01:30:31.152205+00:00,201,179346.571,
2026-09-21T01:30:47.221323+00:00,201,163283.8,
2026-09-21T01:31:43.740866+00:00,201,106765.503,
2026-09-21T01:32:41.549149+00:00,201,48963.464,
2026-09-21T01:32:09.893182+00:00,201,80627.07,
2026-09-21T01:32:43.964523+00:00,201,46568.709,
2026-09-21T01:32:15.870445+00:00,201,74673.487,
2026-09-21T01:30:49.562121+00:00,201,160989.718,
2026-09-21T01:31:00.937202+00:00,201,149616.054,
2026-09-21T01:32:30.620823+00:00,201,59950.632,
2026-09-21T01:31:48.987458+00:00,201,101586.347,
2026-09-21T01:31:26.136548+00:00,201,124451.378,
2026-09-21T01:30:45.670079+00:00,201,164928.23,
2026-09-21T01:31:27.750177+00:00,201,122855.681,
2026-09-21T01:32:19.101531+00:00,201,71506.577,
2026-09-21T01:30:38.738525+00:00,201,171879.882,
2026-09-21T01:31:14.123902+00:00,201,136522.958,
2026-09-21T01:31:48.349660+00:00,201,102310.461,
2026-09-21T01:32:18.533002+00:00,201,72128.533,
2026-09-21T01:32:05.935903+00:00,201,84726.522,
2026-09-21T01:31:07.248138+00:00,201,143435.729,
2026-09-21T01:30:27.259153+00:00,201,183432.289,
2026-09-21T01:32:50.283841+00:00,201,40411.428,
2026-09-21T01:31:37.394172+00:00,201,113328.432,
2026-09-21T01:31:14.995332+00:00,201,135752.056,
2026-09-21T01:32:36.586236+00:00,201,54161.968,
2026-09-21T01:31:46.652910+00:00,201,104101.132,
2026-09-21T01:31:38.616050+00:00,201,112152.254,
2026-09-21T01:31:51.338765+00:00,201,99440.01,
2026-09-21T01:31:35.748508+00:00,201,115038.006,
2026-09-21T01:31:09.359401+00:00,201,141430.431,
2026-09-21T01:30:57.606291+00:00,201,153207.846,
2026-09-21T01:31:37.662020+00:00,201,113198.833,
2026-09-21T01:32:12.401756+00:00,201,78471.473,
2026-09-21T01:32:43.443846+00:00,201,47430.887,
2026-09-21T01:30:25.065897+00:00,201,185824.72,
2026-09-21T01:31:29.112561+00:00,201,121809.369,
2026-09-21T01:30:00.306914+00:00,201,210642.964,
2026-09-21T01:31:26.422261+00:00,201,124542.12,
2026-09-21T01:31:30.381001+00:00,201,120590.396,
2026-09-21T01:31:35.901463+00:00,201,115075.464,
2026-09-21T01:31:28.678643+00:00,201,122301.518,
2026-09-21T01:31:19.329004+00:00,201,131657.544,
2026-09-21T01:31:43.045951+00:00,201,107973.209,
2026-09-21T01:30:34.269216+00:00,201,176757.015,
2026-09-21T01:31:38.433694+00:00,201,112598.186,
2026-09-21T01:30:50.657365+00:00,201,160380.77,
2026-09-21T01:31:01.582135+00:00,201,149475.416,
2026-09-21T01:32:50.638775+00:00,201,40444.99,
2026-09-21T01:31:16.276740+00:00,201,134812.697,
2026-09-21T01:31:39.086546+00:00,201,112020.711,
2026-09-21T01:30:51.998082+00:00,201,159133.523,
2026-09-21T01:32:29.759259+00:00,201,61375.193,
2026-09-21T01:31:06.396897+00:00,201,144742.773,
2026-09-21T01:32:44.989980+00:00,201,46156.378,
2026-09-21T01:31:36.634977+00:00,201,114519.587,
2026-09-21T01:31:23.506073+00:00,201,127656.395,
2026-09-21T01:32:23.083164+00:00,201,68086.62,
2026-09-21T01:31:30.186169+00:00,201,120986.527,
2026-09-21T01:32:06.095636+00:00,201,85108.323,
2026-09-21T01:31:25.606659+00:00,201,125599.744,
2026-09-21T01:31:35.699832+00:00,201,115511.842,
2026-09-21T01:31:58.598276+00:00,201,92671.585,
2026-09-21T01:30:35.720057+00:00,201,175557.153,
2026-09-21T01:30:45.792378+00:00,201,165498.031,
2026-09-21T01:32:48.650623+00:00,201,42649.404,
2026-09-21T01:31:30.120137+00:00,201,121191.267,
2026-09-21T01:30:53.627888+00:00,201,157704.08,
2026-09-21T01:31:46.958007+00:00,201,104379.13,
2026-09-21T01:32:15.890761+00:00,201,75448.846,
2026-09-21T01:32:52.184836+00:00,201,39168.107,
2026-09-21T01:31:22.467437+00:00,201,128903.404,
2026-09-21T01:30:18.514275+00:00,201,192864.833,
2026-09-21T01:30:58.565397+00:00,201,152840.108,
2026-09-21T01:30:51.091241+00:00,201,160314.799,
2026-09-21T01:32:27.350822+00:00,201,64059.662,
2026-09-21T01:31:24.966432+00:00,201,126458.707,
2026-09-21T01:29:56.697338+00:00,201,214733.439,
2026-09-21T01:31:26.867554+00:00,201,124597.109,
2026-09-21T01:31:25.262420+00:00,201,126205.139,
2026-09-21T01:32:23.686863+00:00,201,67792.264,
2026-09-21T01:32:20.412621+00:00,201,71067.743,
2026-09-21T01:31:36.632647+00:00,201,114884.978,
2026-09-21T01:30:56.401492+00:00,201,155116.621,
2026-09-21T01:29:42.605501+00:00,201,228943.836,
2026-09-21T01:32:28.371336+00:00,201,63194.048,
2026-09-21T01:32:43.044882+00:00,201,48527.593,
2026-09-21T01:32:38.488317+00:00,201,53090.462,
2026-09-21T01:31:31.161431+00:00,201,120431.79,
2026-09-21T01:31:46.212307+00:00,201,105396.489,
2026-09-21T01:31:07.483875+00:00,201,144139.21,
2026-09-21T01:30:31.249877+00:00,201,180388.894,
2026-09-21T01:31:19.145623+00:00,201,132495.631,
2026-09-21T01:31:18.426913+00:00,201,133234.125,
2026-09-21T01:31:26.604332+00:00,201,125061.186,
2026-09-21T01:29:58.098579+00:00,201,213612.128,
2026-09-21T01:30:33.122774+00:00,201,178597.61,
2026-09-21T01:30:22.417493+00:00,201,189303.47,
2026-09-21T01:32:41.199919+00:00,201,50549.097,
2026-09-21T01:31:32.916794+00:00,201,118835.391,
2026-09-21T01:31:19.992026+00:00,201,131761.711,
2026-09-21T01:32:43.288102+00:00,201,48486.431,
2026-09-21T01:31:04.442403+00:00,201,147361.277,
2026-09-21T01:29:51.149416+00:00,201,220655.177,
2026-09-21T01:31:46.808227+00:00,201,105009.699,
2026-09-21T01:31:34.512862+00:00,201,117306.239,
2026-09-21T01:32:34.178671+00:00,201,57655.735,
2026-09-21T01:31:32.364817+00:00,201,119481.51,
2026-09-21T01:31:43.892352+00:00,201,107961.891,
2026-09-21T01:32:24.890142+00:00,201,66983.786,
2026-09-21T01:32:22.691199+00:00,201,69183.278,
2026-09-21T01:30:03.405680+00:00,201,208472.512,
2026-09-21T01:31:36.192283+00:00,201,115686.664,
2026-09-21T01:30:31.017324+00:00,201,180882.831,
2026-09-21T01:31:36.329569+00:00,201,115587.781,
2026-09-21T01:32:30.180347+00:00,201,61746.488,
2026-09-21T01:32:08.855473+00:00,201,83075.127,
2026-09-21T01:30:44.674995+00:00,201,167279.776,
2026-09-21T01:31:26.767907+00:00,201,125192.769,
2026-09-21T01:32:35.371397+00:00,201,56600.958,
2026-09-21T01:30:29.986771+00:00,201,181995.837,
2026-09-21T01:31:53.962809+00:00,201,98036.652,
2026-09-21T01:31:17.604308+00:00,201,134421.157,
2026-09-21T01:32:00.037089+00:00,201,92001.791,
2026-09-21T01:32:25.594277+00:00,201,66456.808,
2026-09-21T01:30:10.578672+00:00,201,201490.317,
2026-09-21T01:31:24.224088+00:00,201,127849.484,
2026-09-21T01:30:53.020622+00:00,201,159070.709,
2026-09-21T01:30:17.305406+00:00,201,194794.418,
2026-09-21T01:31:17.841914+00:00,201,134263.87,
2026-09-21T01:31:42.507874+00:00,201,109601.822,
2026-09-21T01:31:44.528559+00:00,201,107581.818,
2026-09-21T01:29:36.472514+00:00,201,235642.5,
2026-09-21T01:32:39.273040+00:00,201,52853.816,
2026-09-21T01:31:58.158649+00:00,201,93971.78,
2026-09-21T01:31:42.002407+00:00,201,110146.443,
2026-09-21T01:31:32.352537+00:00,201,119797.564,
2026-09-21T01:31:35.589003+00:00,201,116570.473,
2026-09-21T01:32:54.100310+00:00,201,38059.965,
2026-09-21T01:31:04.331689+00:00,201,147830.962,
2026-09-21T01:32:46.717380+00:00,201,45448.353,
2026-09-21T01:32:32.865597+00:00,201,59314.709,
2026-09-21T01:31:32.224129+00:00,201,119966.398,
2026-09-21T01:31:18.590859+00:00,201,133616.232,
2026-09-21T01:32:56.525771+00:00,201,35713.284,
2026-09-21T01:31:56.947720+00:00,201,95319.335,
2026-09-21T01:31:02.563509+00:00,201,149726.259,
2026-09-21T01:32:00.249358+00:00,201,92043.155,
2026-09-21T01:31:26.199095+00:00,201,126115.517,
2026-09-21T01:32:39.454414+00:00,201,52885.015,
2026-09-21T01:32:27.935026+00:00,201,64416.657,
2026-09-21T01:30:36.794326+00:00,201,175584.317,
2026-09-21T01:31:10.289957+00:00,201,142091.295,
2026-09-21T01:31:13.253844+00:00,201,139130.501,
2026-09-21T01:31:36.012507+00:00,201,116384.896,
2026-09-21T01:30:53.028196+00:00,201,159374.659,
2026-09-21T01:31:58.752426+00:00,201,93652.8,
2026-09-21T01:30:10.571138+00:00,201,201837.629,
2026-09-21T01:32:27.545478+00:00,201,64895.379,
2026-09-21T01:30:55.179239+00:00,201,157325.734,
2026-09-21T01:32:44.263973+00:00,201,48246.298,
2026-09-21T01:31:35.779494+00:00,201,116733.037,
2026-09-21T01:30:37.774731+00:00,201,174748.398,
2026-09-21T01:31:59.311878+00:00,201,93216.293,
2026-09-21T01:31:39.316663+00:00,201,113216.488,
2026-09-21T01:31:54.957668+00:00,201,97579.924,
2026-09-21T01:31:32.254578+00:00,201,120284.748,
2026-09-21T01:31:35.282735+00:00,201,117296.214,
2026-09-21T01:31:58.860886+00:00,201,93742.607,
2026-09-21T01:31:23.856072+00:00,201,128767.708,
2026-09-21T01:32:00.087191+00:00,201,92559.1,
2026-09-21T01:31:47.794221+00:00,201,104877.954,
2026-09-21T01:31:45.904033+00:00,201,106768.756,
2026-09-21T01:32:37.400839+00:00,201,55287.24,
2026-09-21T01:31:58.144362+00:00,201,94544.277,
2026-09-21T01:31:51.366028+00:00,201,101323.261,
2026-09-21T01:30:39.019034+00:00,201,173676.467,
2026-09-21T01:31:36.156050+00:00,201,116541.703,
2026-09-21T01:30:31.919279+00:00,201,180817.179,
2026-09-21T01:32:44.204371+00:00,201,48555.401,
2026-09-21T01:30:58.744624+00:00,201,154019.42,
2026-09-21T01:29:37.242859+00:00,201,235525.265,
2026-09-21T01:31:32.238410+00:00,201,120553.247,
2026-09-21T01:31:43.618803+00:00,201,109180.889,
2026-09-21T01:32:42.704982+00:00,201,50109.704,
2026-09-21T01:32:16.359260+00:00,201,76458.045,
2026-09-21T01:32:33.819487+00:00,201,59004.873,
2026-09-21T01:32:10.628559+00:00,201,82228.043,
2026-09-21T01:32:01.955781+00:00,201,90905.211,
2026-09-21T01:32:53.745591+00:00,201,39123.608,
2026-09-21T01:32:06.304918+00:00,201,86564.855,
2026-09-21T01:32:33.902903+00:00,201,58975.304,
2026-09-21T01:31:23.850501+00:00,201,129059.45,
2026-09-21T01:30:52.127284+00:00,201,160789.977,
2026-09-21T01:31:50.460811+00:00,201,102469.017,
2026-09-21T01:31:30.392711+00:00,201,122544.188,
2026-09-21T01:32:16.278510+00:00,201,76661.67,
2026-09-21T01:31:52.829228+00:00,201,100133.79,
2026-09-21T01:32:05.554333+00:00,201,87410.502,
2026-09-21T01:29:38.686412+00:00,201,234288.982,
2026-09-21T01:31:18.379231+00:00,201,134599.487,
2026-09-21T01:30:36.008858+00:00,201,176973.652,
2026-09-21T01:31:48.785187+00:00,201,104206.155,
2026-09-21T01:30:15.347793+00:00,201,197661.453,
2026-09-21T01:31:58.509250+00:00,201,94515.947,
2026-09-21T01:31:51.383049+00:00,201,101699.717,
2026-09-21T01:29:33.678307+00:00,201,239412.799,
2026-09-21T01:32:27.781755+00:00,201,65312.928,
2026-09-21T01:32:49.704080+00:00,201,43392.357,
2026-09-21T01:31:42.463981+00:00,201,110651.815,
2026-09-21T01:31:29.893114+00:00,201,123251.957,
2026-09-21T01:32:31.847329+00:00,201,61308.344,
2026-09-21T01:31:59.967857+00:00,201,93207.694,
2026-09-21T01:30:55.886761+00:00,201,157322.271,
2026-09-21T01:29:52.210145+00:00,201,221039.387,
2026-09-21T01:32:35.116671+00:00,201,58133.805,
2026-09-21T01:31:48.632160+00:00,201,104633.616,
2026-09-21T01:30:50.115989+00:00,201,163155.151,
2026-09-21T01:32:46.265144+00:00,201,47038.457,
2026-09-21T01:32:53.808596+00:00,201,39511.636,
2026-09-21T01:32:30.908577+00:00,201,62418.713,
2026-09-21T01:31:33.424802+00:00,201,119905.407,
2026-09-21T01:30:35.420798+00:00,201,177909.906,
2026-09-21T01:32:37.064009+00:00,201,56283.786,
2026-09-21T01:32:57.562538+00:00,201,35789.12,
2026-09-21T01:31:39.034677+00:00,201,114319.516,
2026-09-21T01:29:43.449246+00:00,201,229909.786,
2026-09-21T01:31:51.571919+00:00,201,101793.011,
2026-09-21T01:30:59.454544+00:00,201,153912.217,
2026-09-21T01:31:34.402954+00:00,201,118964.58,
2026-09-21T01:30:50.571092+00:00,201,162802.023,
2026-09-21T01:31:12.486878+00:00,201,140888.143,
2026-09-21T01:31:21.652975+00:00,201,131759.269,
2026-09-21T01:31:24.175517+00:00,201,129244.321,
2026-09-21T01:31:54.247227+00:00,201,99199.081,
2026-09-21T01:32:35.063809+00:00,201,58389.452,
2026-09-21T01:31:51.605988+00:00,201,101850.566,
2026-09-21T01:32:55.424605+00:00,201,38041.412,
2026-09-21T01:32:07.302587+00:00,201,86163.978,
2026-09-21T01:31:15.206567+00:00,201,138279.718,
2026-09-21T01:31:33.724279+00:00,201,119778.983,
2026-09-21T01:32:30.674665+00:00,201,62829.837,
2026-09-21T01:32:04.302478+00:00,201,89210.366,
2026-09-21T01:31:14.778527+00:00,201,138737.731,
2026-09-21T01:31:07.786832+00:00,201,145745.867,
2026-09-21T01:31:21.629164+00:00,201,131937.914,
2026-09-21T01:31:41.870547+00:00,201,111738.167,
2026-09-21T01:32:47.723773+00:00,201,45888.188,
2026-09-21T01:32:38.973332+00:00,201,54640.201,
2026-09-21T01:31:36.682485+00:00,201,116941.111,
2026-09-21T01:31:44.648089+00:00,201,108977.073,
2026-09-21T01:32:18.430832+00:00,201,75209.533,
2026-09-21T01:31:36.744815+00:00,201,116909.676,
2026-09-21T01:30:32.022283+00:00,201,181633.726,
2026-09-21T01:32:26.282162+00:00,201,67390.26,
2026-09-21T01:32:36.229764+00:00,201,57476.74,
2026-09-21T01:32:46.232787+00:00,201,47477.9,
2026-09-21T01:31:18.116842+00:00,201,135599.639,
2026-09-21T01:31:18.861160+00:00,201,134855.856,
2026-09-21T01:30:42.386354+00:00,201,171357.009,
2026-09-21T01:31:59.487019+00:00,201,94264.625,
2026-09-21T01:32:06.143220+00:00,201,87612.671,
2026-09-21T01:29:36.897441+00:00,201,236859.81,
2026-09-21T01:31:39.441491+00:00,201,114326.889,
2026-09-21T01:32:33.472480+00:00,201,60296.787,
2026-09-21T01:32:27.767681+00:00,201,66002.834,
2026-09-21T01:32:11.024856+00:00,201,82753.908,
2026-09-21T01:31:09.528160+00:00,201,144251.104,
2026-09-21T01:30:31.474493+00:00,201,182322.366,
2026-09-21T01:31:15.727936+00:00,201,138084.09,
2026-09-21T01:31:46.422850+00:00,201,107392.902,
2026-09-21T01:31:26.417666+00:00,201,127410.622,
2026-09-21T01:30:06.909898+00:00,201,206931.748,
2026-09-21T01:31:03.557474+00:00,201,150288.512,
2026-09-21T01:32:22.432557+00:00,201,71429.047,
2026-09-21T01:32:49.204224+00:00,201,44678.768,
2026-09-21T01:32:34.526820+00:00,201,59356.589,
2026-09-21T01:31:30.856894+00:00,201,123026.844,
2026-09-21T01:31:18.789255+00:00,201,135096.794,
2026-09-21T01:31:41.321747+00:00,201,112583.115,
2026-09-21T01:32:17.250916+00:00,201,76674.651,
2026-09-21T01:32:27.901345+00:00,201,66046.024,
2026-09-21T01:31:38.726960+00:00,201,115220.774,
2026-09-21T01:31:07.275248+00:00,201,146684.708,
2026-09-21T01:31:15.955957+00:00,201,138005.039,
2026-09-21T01:32:46.576288+00:00,201,47394.148,
2026-09-21T01:32:13.449511+00:00,201,80533.018,
2026-09-21T01:31:00.299443+00:00,201,153694.091,
2026-09-21T01:31:41.580782+00:00,201,112436.642,
2026-09-21T01:31:40.563557+00:00,201,113455.728,
2026-09-21T01:31:53.200785+00:00,201,100819.019,
2026-09-21T01:31:24.246676+00:00,201,129774.98,
2026-09-21T01:31:32.998748+00:00,201,121037.504,
2026-09-21T01:31:46.657663+00:00,201,107421.94,
2026-09-21T01:32:32.056265+00:00,201,62025.888,
2026-09-21T01:31:51.404407+00:00,201,102691.49,
2026-09-21T01:32:18.635053+00:00,201,75467.393,
2026-09-21T01:29:57.868086+00:00,201,216235.208,
2026-09-21T01:32:34.574865+00:00,201,59547.456,
2026-09-21T01:32:32.198984+00:00,201,61959.259,
2026-09-21T01:32:44.222514+00:00,201,49936.933,
2026-09-21T01:30:58.086732+00:00,201,156083.642,
2026-09-21T01:30:18.499521+00:00,201,195671.783,
2026-09-21T01:31:59.790104+00:00,201,94394.42,
2026-09-21T01:30:45.519266+00:00,201,168667.754,
2026-09-21T01:30:29.164612+00:00,201,185042.276,
2026-09-21T01:30:22.624778+00:00,201,191609.669,
2026-09-21T01:30:58.434163+00:00,201,155810.444,
2026-09-21T01:31:36.949846+00:00,201,117310.511,
2026-09-21T01:31:31.146449+00:00,201,123119.667,
2026-09-21T01:30:50.073141+00:00,201,164202.499,
2026-09-21T01:30:51.792649+00:00,201,162486.68,
2026-09-21T01:31:37.655165+00:00,201,116635.156,
2026-09-21T01:31:36.950606+00:00,201,117355.14,
2026-09-21T01:31:11.731873+00:00,201,142584.366,
2026-09-21T01:29:39.742757+00:00,201,234601.663,
2026-09-21T01:32:46.048705+00:00,201,48301.612,
2026-09-21T01:30:33.534888+00:00,201,180816.675,
2026-09-21T01:32:09.713000+00:00,201,84639.299,
2026-09-21T01:31:22.468976+00:00,201,131883.771,
2026-09-21T01:32:24.450894+00:00,201,69906.314,
2026-09-21T01:32:43.149708+00:00,201,51210.631,
2026-09-21T01:31:15.518147+00:00,201,138870.941,
2026-09-21T01:32:28.722633+00:00,201,65671.916,
2026-09-21T01:31:00.058673+00:00,201,154339.029,
2026-09-21T01:32:07.291259+00:00,201,87115.572,
2026-09-21T01:30:57.590535+00:00,201,156845.2,
2026-09-21T01:32:40.137029+00:00,201,54299.983,
2026-09-21T01:32:22.162545+00:00,201,72288.97,
2026-09-21T01:32:58.506693+00:00,201,35949.237,
2026-09-21T01:32:00.997522+00:00,201,93499.418,
2026-09-21T01:31:00.869672+00:00,201,153645.362,
2026-09-21T01:32:55.118049+00:00,201,39411.874,
2026-09-21T01:32:46.535343+00:00,201,48005.379,
2026-09-21T01:32:14.555940+00:00,201,79997.849,
2026-09-21T01:30:56.861599+00:00,201,157696.679,
2026-09-21T01:30:58.084917+00:00,201,156486.352,
2026-09-21T01:32:54.193304+00:00,201,40386.353,
2026-09-21T01:30:54.993736+00:00,201,159587.284,
2026-09-21T01:32:30.957424+00:00,201,63627.791,
2026-09-21T01:31:26.866675+00:00,201,127747.827,
2026-09-21T01:32:32.955582+00:00,201,61678.03,
2026-09-21T01:31:33.056067+00:00,201,121586.214,
2026-09-21T01:30:50.997020+00:00,201,163650.133,
2026-09-21T01:32:04.160326+00:00,201,90495.96,
2026-09-21T01:31:28.701726+00:00,201,125958.548,
2026-09-21T01:30:50.093237+00:00,201,164570.105,
2026-09-21T01:31:49.019266+00:00,201,105656.963,
2026-09-21T01:32:34.549813+00:00,201,60144.269,
2026-09-21T01:30:48.278784+00:00,201,166416.93,
2026-09-21T01:31:36.399227+00:00,201,118304.287,
2026-09-21T01:30:29.518829+00:00,201,185195.069,
2026-09-21T01:31:33.184900+00:00,201,121536.88,
2026-09-21T01:32:36.590833+00:00,201,58131.564,
2026-09-21T01:31:50.932041+00:00,201,103810.949,
2026-09-21T01:31:21.489177+00:00,201,133262.884,
2026-09-21T01:30:42.990035+00:00,201,171766.582,
2026-09-21T01:32:53.045531+00:00,201,41713.862,
2026-09-21T01:30:22.510662+00:00,201,192250.345,
2026-09-21T01:32:27.586901+00:00,201,67178.84,
2026-09-21T01:32:41.237695+00:00,201,53530.879,
2026-09-21T01:31:59.680167+00:00,201,95090.568,
2026-09-21T01:32:29.360052+00:00,201,65435.917,
2026-09-21T01:32:20.323251+00:00,201,74476.328,
2026-09-21T01:31:24.125144+00:00,201,130681.903,
2026-09-21T01:31:39.237007+00:00,201,115572.816,
2026-09-21T01:31:57.592249+00:00,201,97232.647,
2026-09-21T01:31:59.521056+00:00,201,95309.418,
2026-09-21T01:31:59.589579+00:00,201,95242.531,
2026-09-21T01:32:07.633613+00:00,201,87242.926,
2026-09-21T01:31:47.467487+00:00,201,107420.46,
2026-09-21T01:32:37.215155+00:00,201,57676.024,
2026-09-21T01:31:25.927206+00:00,201,128969.257,
2026-09-21T01:32:41.570375+00:00,201,53330.909,
2026-09-21T01:31:27.281751+00:00,201,127633.028,
2026-09-21T01:32:09.875710+00:00,201,85049.165,
2026-09-21T01:31:52.824088+00:00,201,102111.625,
2026-09-21T01:32:36.077681+00:00,201,58885.817,
2026-09-21T01:32:18.234585+00:00,201,76730.73,
2026-09-21T01:31:13.901895+00:00,201,141067.863,
2026-09-21T01:31:38.942176+00:00,201,116054.518,
2026-09-21T01:30:08.985784+00:00,201,206012.118,
2026-09-21T01:30:45.854846+00:00,201,169144.115,
2026-09-21T01:31:21.343631+00:00,201,133659.63,
2026-09-21T01:31:58.110698+00:00,201,96904.292,
2026-09-21T01:31:58.108123+00:00,201,96909.035,
2026-09-21T01:30:19.222594+00:00,201,195801.838,
2026-09-21T01:29:56.310692+00:00,201,218716.814,
2026-09-21T01:30:56.918204+00:00,201,158114.814,
2026-09-21T01:32:29.332451+00:00,201,65706.983,
2026-09-21T01:30:40.035585+00:00,201,175004.15,
2026-09-21T01:31:35.833167+00:00,201,119235.06,
2026-09-21T01:30:56.327650+00:00,201,158754.165,
2026-09-21T01:31:52.904364+00:00,201,102184.717,
2026-09-21T01:31:17.505872+00:00,201,137595.501,
2026-09-21T01:30:16.541071+00:00,201,198563.728,
2026-09-21T01:32:47.029930+00:00,201,48087.514,
2026-09-21T01:32:45.829501+00:00,201,49304.583,
2026-09-21T01:31:42.075038+00:00,201,113066.891,
2026-09-21T01:31:22.327676+00:00,201,132823.852,
2026-09-21T01:31:18.319079+00:00,201,136839.19,
2026-09-21T01:32:28.261172+00:00,201,66914.235,
2026-09-21T01:32:15.324695+00:00,201,79851.927,
2026-09-21T01:32:08.116808+00:00,201,87085.704,
2026-09-21T01:31:00.644531+00:00,201,154559.933,
2026-09-21T01:30:56.539410+00:00,201,158670.077,
2026-09-21T01:30:23.401377+00:00,201,191808.626,
2026-09-21T01:32:35.719754+00:00,201,59500.852,
2026-09-21T01:31:16.897301+00:00,201,138336.968,
2026-09-21T01:30:25.339876+00:00,201,189910.776,
2026-09-21T01:32:32.288261+00:00,201,62971.018,
2026-09-21T01:31:51.999124+00:00,201,103272.679,
2026-09-21T01:31:17.301078+00:00,201,138025.402,
2026-09-21T01:30:32.088452+00:00,201,183243.988,
2026-09-21T01:32:32.369839+00:00,201,62966.873,
2026-09-21T01:31:12.994437+00:00,201,142346.253,
2026-09-21T01:31:33.489616+00:00,201,121856.644,
2026-09-21T01:31:20.677526+00:00,201,134675.354,
2026-09-21T01:31:19.914045+00:00,201,135447.341,
2026-09-21T01:30:52.324446+00:00,201,163044.516,
2026-09-21T01:32:17.528933+00:00,201,77870.242,
2026-09-21T01:31:51.829245+00:00,201,103570.383,
2026-09-21T01:30:53.958882+00:00,201,161441.153,
2026-09-21T01:31:03.952817+00:00,201,151447.782,
2026-09-21T01:32:19.597709+00:00,201,75839.063,
2026-09-21T01:31:51.300673+00:00,201,104139.786,
2026-09-21T01:31:07.884403+00:00,201,147565.137,
2026-09-21T01:30:48.153482+00:00,201,167330.466,
2026-09-21T01:31:34.754509+00:00,201,120731.766,
2026-09-21T01:31:17.594828+00:00,201,137915.034,
2026-09-21T01:31:13.639768+00:00,201,141873.385,
2026-09-21T01:31:48.632948+00:00,201,106884.606,
2026-09-21T01:31:25.060199+00:00,201,130491.462,
2026-09-21T01:32:16.153287+00:00,201,79415.932,
2026-09-21T01:30:10.054882+00:00,201,205522.317,
2026-09-21T01:31:12.640861+00:00,201,142943.755,
2026-09-21T01:32:17.847600+00:00,201,77739.146,
2026-09-21T01:31:39.950304+00:00,201,115650.305,
2026-09-21T01:30:52.523782+00:00,201,163098.858,
2026-09-21T01:32:28.857518+00:00,201,66770.929,
2026-09-21T01:32:32.794667+00:00,201,62841.16,
2026-09-21T01:32:31.471786+00:00,201,64177.122,
2026-09-21T01:32:45.088746+00:00,201,50572.155,
2026-09-21T01:31:39.683714+00:00,201,115977.712,
2026-09-21T01:31:14.889439+00:00,201,140795.029,
2026-09-21T01:29:45.012639+00:00,201,230678.146,
2026-09-21T01:31:31.129254+00:00,201,124568.273,
2026-09-21T01:30:04.660987+00:00,201,211037.007,
2026-09-21T01:32:37.054021+00:00,201,58672.265,
2026-09-21T01:32:22.069030+00:00,201,73676.205,
2026-09-21T01:30:58.189928+00:00,201,157556.44,
2026-09-21T01:31:41.990646+00:00,201,113794.089,
2026-09-21T01:31:42.580145+00:00,201,113212.615,
2026-09-21T01:32:10.207518+00:00,201,85589.651,
2026-09-21T01:32:26.779676+00:00,201,69040.334,
2026-09-21T01:32:36.830094+00:00,201,58995.657,
2026-09-21T01:31:39.279687+00:00,201,116560.649,
2026-09-21T01:31:36.402566+00:00,201,119445.926,
2026-09-21T01:29:48.820486+00:00,201,227032.522,
2026-09-21T01:31:30.695819+00:00,201,125166.171,
2026-09-21T01:31:12.566109+00:00,201,143297.172,
2026-09-21T01:31:34.897882+00:00,201,120971.152,
2026-09-21T01:32:33.911208+00:00,201,61965.291,
2026-09-21T01:32:00.360273+00:00,201,95526.462,
2026-09-21T01:32:31.810044+00:00,201,64077.531,
2026-09-21T01:31:45.812347+00:00,201,110087.072,
2026-09-21T01:32:44.416892+00:00,201,51506.423,
2026-09-21T01:32:02.852481+00:00,201,93099.913,
2026-09-21T01:32:43.556136+00:00,201,52417.293,
2026-09-21T01:31:59.774347+00:00,201,96205.125,
2026-09-21T01:31:49.043655+00:00,201,106945.547,
2026-09-21T01:31:03.476867+00:00,201,152513.632,
2026-09-21T01:30:23.099398+00:00,201,192892.434,
2026-09-21T01:31:06.780477+00:00,201,149224.046,
2026-09-21T01:31:38.509457+00:00,201,117503.091,
2026-09-21T01:32:33.774908+00:00,201,62258.439,
2026-09-21T01:29:34.752784+00:00,201,241286.431,
2026-09-21T01:31:37.339419+00:00,201,118700.814,
2026-09-21T01:31:49.238820+00:00,201,106833.906,
2026-09-21T01:32:04.410695+00:00,201,91674.215,
2026-09-21T01:32:27.316327+00:00,201,68775.553,
2026-09-21T01:30:37.690480+00:00,201,178421.355,
2026-09-21T01:32:33.966779+00:00,201,62157.918,
2026-09-21T01:31:08.714968+00:00,201,147410.237,
2026-09-21T01:32:24.681260+00:00,201,71453.624,
2026-09-21T01:31:13.084040+00:00,201,143080.626,
2026-09-21T01:32:52.919169+00:00,201,43249.177,
2026-09-21T01:30:43.632494+00:00,201,172560.907,
2026-09-21T01:32:16.383279+00:00,201,79812.565,
2026-09-21T01:31:03.555762+00:00,201,152644.416,
2026-09-21T01:31:59.857049+00:00,201,96346.986,
2026-09-21T01:31:37.037680+00:00,201,119176.164,
2026-09-21T01:32:35.626225+00:00,201,60597.498,
2026-09-21T01:32:17.981810+00:00,201,78246.732,
2026-09-21T01:30:53.367458+00:00,201,162870.109,
2026-09-21T01:32:18.497183+00:00,201,77755.148,
2026-09-21T01:31:50.540009+00:00,201,105729.858,
2026-09-21T01:31:49.381279+00:00,201,106889.963,
2026-09-21T01:32:35.704053+00:00,201,60570.357,
2026-09-21T01:31:31.637992+00:00,201,124655.722,
2026-09-21T01:32:13.161877+00:00,201,83142.5,
2026-09-21T01:31:15.731687+00:00,201,140573.289,
2026-09-21T01:31:40.303237+00:00,201,116005.197,
2026-09-21T01:32:49.116689+00:00,201,47205.327,
2026-09-21T01:30:14.224653+00:00,201,202114.682,
2026-09-21T01:31:26.452714+00:00,201,129902.623,
2026-09-21T01:30:58.291000+00:00,201,158067.906,
2026-09-21T01:32:29.398674+00:00,201,66994.183,
2026-09-21T01:31:47.754582+00:00,201,108639.924,
2026-09-21T01:32:23.990468+00:00,201,72410.025,
2026-09-21T01:30:36.864061+00:00,201,179555.535,
2026-09-21T01:32:07.412112+00:00,201,89040.874,
2026-09-21T01:30:36.389183+00:00,201,180069.884,
2026-09-21T01:31:25.538518+00:00,201,130938.703,
2026-09-21T01:31:31.248440+00:00,201,125267.261,
2026-09-21T01:31:05.776403+00:00,201,150750.163,
2026-09-21T01:30:38.327927+00:00,201,178204.833,
2026-09-21T01:31:30.870017+00:00,201,125686.517,
2026-09-21T01:31:24.583325+00:00,201,131975.951,
2026-09-21T01:32:24.691258+00:00,201,71873.916,
2026-09-21T01:31:21.761199+00:00,201,134833.287,
2026-09-21T01:31:17.555812+00:00,201,139049.905,
2026-09-21T01:30:02.051236+00:00,201,214555.028,
2026-09-21T01:31:56.549697+00:00,201,100070.967,
2026-09-21T01:30:56.283026+00:00,201,160376.072,
2026-09-21T01:30:09.445840+00:00,201,207224.986,
2026-09-21T01:30:59.504268+00:00,201,157178.636,
2026-09-21T01:30:50.630414+00:00,201,166057.902,
2026-09-21T01:30:31.262093+00:00,201,185437.932,
2026-09-21T01:32:37.210928+00:00,201,59502.05,
2026-09-21T01:29:51.272522+00:00,201,225447.995,
2026-09-21T01:32:17.773837+00:00,201,78958.628,
2026-09-21T01:31:38.773262+00:00,201,117974.09,
2026-09-21T01:31:33.836049+00:00,201,122912.0,
2026-09-21T01:32:26.048448+00:00,201,70715.321,
2026-09-21T01:32:28.766899+00:00,201,68002.8,
2026-09-21T01:30:14.583065+00:00,201,202205.186,
2026-09-21T01:31:25.665015+00:00,201,131136.752,
2026-09-21T01:32:02.835514+00:00,201,93969.318,
2026-09-21T01:31:26.597750+00:00,201,130216.214,
2026-09-21T01:31:30.425770+00:00,201,126420.353,
2026-09-21T01:31:05.480826+00:00,201,151374.187,
2026-09-21T01:30:48.733976+00:00,201,168148.314,
2026-09-21T01:32:36.742435+00:00,201,60140.786,
2026-09-21T01:31:03.384638+00:00,201,153501.311,
2026-09-21T01:30:44.834799+00:00,201,172051.87,
2026-09-21T01:32:44.261699+00:00,201,52676.963,
2026-09-21T01:31:31.016356+00:00,201,125935.233,
2026-09-21T01:32:33.052506+00:00,201,63901.954,
2026-09-21T01:30:31.624744+00:00,201,185370.26,
2026-09-21T01:31:23.829920+00:00,201,133167.804,
2026-09-21T01:31:28.955175+00:00,201,128043.902,
2026-09-21T01:32:29.798643+00:00,201,67216.485,
2026-09-21T01:31:27.644753+00:00,201,129386.644,
2026-09-21T01:31:21.412675+00:00,201,135628.469,
2026-09-21T01:32:02.445073+00:00,201,94598.299,
2026-09-21T01:32:28.211777+00:00,201,68849.456,
2026-09-21T01:31:18.804749+00:00,201,138257.02,
2026-09-21T01:30:35.227902+00:00,201,181838.952,
2026-09-21T01:32:06.149779+00:00,201,90933.423,
2026-09-21T01:31:42.243940+00:00,201,114851.715,
2026-09-21T01:30:15.778879+00:00,201,201321.012,
2026-09-21T01:30:50.439819+00:00,201,166684.913,
2026-09-21T01:30:51.196754+00:00,201,165931.755,
2026-09-21T01:31:25.026361+00:00,201,132117.285,
2026-09-21T01:30:21.845582+00:00,201,195305.567,
2026-09-21T01:30:44.980284+00:00,201,172186.322,
2026-09-21T01:32:15.386036+00:00,201,81836.177,
2026-09-21T01:32:21.218351+00:00,201,76013.929,
2026-09-21T01:30:29.506004+00:00,201,187727.524,
2026-09-21T01:30:57.035926+00:00,201,160219.622,
2026-09-21T01:32:28.748059+00:00,201,68513.026,
2026-09-21T01:32:04.830759+00:00,201,92436.391,
2026-09-21T01:32:04.100005+00:00,201,93196.048,
2026-09-21T01:31:18.552310+00:00,201,138745.15,
2026-09-21T01:29:52.098162+00:00,201,225203.459,
2026-09-21T01:32:34.125500+00:00,201,63191.12,
2026-09-21T01:31:02.986390+00:00,201,154343.947,
2026-09-21T01:31:33.942691+00:00,201,123396.906,
2026-09-21T01:31:34.107851+00:00,201,123256.144,
2026-09-21T01:31:29.037677+00:00,201,128353.626,
2026-09-21T01:32:23.993373+00:00,201,73406.428,
2026-09-21T01:32:16.877531+00:00,201,80522.969,
2026-09-21T01:31:00.533396+00:00,201,156885.201,
2026-09-21T01:32:21.697801+00:00,201,75725.287,
2026-09-21T01:30:57.865437+00:00,201,159585.389,
2026-09-21T01:30:56.157409+00:00,201,161325.644,
2026-09-21T01:31:28.420581+00:00,201,129063.275,
2026-09-21T01:30:52.482066+00:00,201,165009.379,
2026-09-21T01:31:46.170051+00:00,201,111324.655,
2026-09-21T01:30:16.729014+00:00,201,200795.251,
2026-09-21T01:32:43.550928+00:00,201,53987.089,
2026-09-21T01:31:14.379848+00:00,201,143167.957,
2026-09-21T01:31:35.316319+00:00,201,122258.927,
2026-09-21T01:31:20.838870+00:00,201,136746.818,
2026-09-21T01:31:31.601593+00:00,201,125990.16,
2026-09-21T01:31:37.705007+00:00,201,119911.335,
2026-09-21T01:32:29.865503+00:00,201,67762.406,
2026-09-21T01:32:38.459096+00:00,201,59191.152,
2026-09-21T01:31:45.814801+00:00,201,111838.281,
2026-09-21T01:32:31.662604+00:00,201,66022.726,
2026-09-21T01:30:50.691347+00:00,201,167001.593,
2026-09-21T01:31:14.916377+00:00,201,142801.805,
2026-09-21T01:30:20.635352+00:00,201,197102.724,
2026-09-21T01:32:46.258737+00:00,201,51510.916,
2026-09-21T01:32:26.692508+00:00,201,71088.98,
2026-09-21T01:30:59.804947+00:00,201,157983.884,
2026-09-21T01:31:45.106446+00:00,201,112709.402,
2026-09-21T01:31:24.938473+00:00,201,132917.173,
2026-09-21T01:29:43.528457+00:00,201,234331.252,
2026-09-21T01:30:15.335281+00:00,201,202528.894,
2026-09-21T01:32:28.144914+00:00,201,69721.773,
2026-09-21T01:32:35.306890+00:00,201,62560.741,
2026-09-21T01:30:46.211195+00:00,201,171656.982,
2026-09-21T01:30:49.201224+00:00,201,168668.636,
2026-09-21T01:30:26.809917+00:00,201,191062.491,
2026-09-21T01:31:51.522999+00:00,201,106356.866,
2026-09-21T01:32:54.226227+00:00,201,43658.484,
2026-09-21T01:31:39.409050+00:00,201,118479.297,
2026-09-21T01:30:21.078435+00:00,201,196829.13,
2026-09-21T01:32:05.048319+00:00,201,92886.961,
2026-09-21T01:32:15.098790+00:00,201,82851.061,
2026-09-21T01:32:34.255931+00:00,201,63713.366,
2026-09-21T01:31:30.436457+00:00,201,127537.205,
2026-09-21T01:31:32.881840+00:00,201,125092.559,
2026-09-21T01:31:09.335928+00:00,201,148648.609,
2026-09-21T01:30:36.771940+00:00,201,181219.616,
2026-09-21T01:31:22.400678+00:00,201,135592.608,
2026-09-21T01:32:31.860508+00:00,201,66156.771,
2026-09-21T01:31:04.049603+00:00,201,153980.85,
2026-09-21T01:32:06.694248+00:00,201,91361.009,
2026-09-21T01:31:27.720402+00:00,201,130358.897,
2026-09-21T01:31:28.249793+00:00,201,129835.897,
2026-09-21T01:31:51.895759+00:00,201,106206.673,
2026-09-21T01:29:53.765027+00:00,201,224339.53,
2026-09-21T01:31:45.218170+00:00,201,112889.102,
2026-09-21T01:32:44.600389+00:00,201,53512.8,
2026-09-21T01:31:51.102798+00:00,201,107059.872,
2026-09-21T01:32:19.616407+00:00,201,78549.304,
2026-09-21T01:31:40.547544+00:00,201,117620.383,
2026-09-21T01:31:25.769038+00:00,201,132409.124,
2026-09-21T01:31:25.573625+00:00,201,132612.49,
2026-09-21T01:32:59.808509+00:00,201,38391.009,
2026-09-21T01:32:07.266853+00:00,201,90943.798,
2026-09-21T01:31:51.921010+00:00,201,106353.73,
2026-09-21T01:30:44.037945+00:00,201,174249.351,
2026-09-21T01:30:58.032928+00:00,201,160267.859,
2026-09-21T01:32:17.359502+00:00,201,80985.8,
2026-09-21T01:29:43.133921+00:00,201,235249.147,
2026-09-21T01:31:36.985322+00:00,201,121424.559,
2026-09-21T01:32:54.262042+00:00,201,44151.04,
2026-09-21T01:32:04.843335+00:00,201,93574.205,
2026-09-21T01:30:18.517966+00:00,201,199949.519,
2026-09-21T01:31:01.085509+00:00,201,157384.952,
2026-09-21T01:31:35.452159+00:00,201,123019.803,
2026-09-21T01:31:58.803740+00:00,201,99678.887,
2026-09-21T01:30:46.895062+00:00,201,171613.015,
2026-09-21T01:32:02.298234+00:00,201,96220.5,
2026-09-21T01:30:44.441601+00:00,201,174111.397,
2026-09-21T01:32:52.508115+00:00,201,46060.932,
2026-09-21T01:30:16.934135+00:00,201,201638.758,
2026-09-21T01:31:24.057482+00:00,201,134522.033,
2026-09-21T01:30:59.710722+00:00,201,158877.554,
2026-09-21T01:30:37.239829+00:00,201,181365.133,
2026-09-21T01:32:48.568852+00:00,201,50051.358,
2026-09-21T01:31:57.783825+00:00,201,100838.262,
2026-09-21T01:31:50.243797+00:00,201,108409.478,
2026-09-21T01:32:16.193056+00:00,201,82470.675,
2026-09-21T01:30:38.443517+00:00,201,180236.35,
2026-09-21T01:32:46.260776+00:00,201,52423.424,
2026-09-21T01:31:00.123213+00:00,201,158562.798,
2026-09-21T01:31:43.628115+00:00,201,115067.789,
2026-09-21T01:31:22.402266+00:00,201,136295.678,
2026-09-21T01:32:06.611049+00:00,201,92117.917,
2026-09-21T01:31:55.338731+00:00,201,103406.395,
2026-09-21T01:33:00.010996+00:00,201,38740.705,
2026-09-21T01:31:51.229981+00:00,201,107536.725,
2026-09-21T01:32:32.290289+00:00,201,66486.358,
2026-09-21T01:31:35.345925+00:00,201,123434.637,
2026-09-21T01:32:08.106691+00:00,201,90674.587,
2026-09-21T01:32:26.148481+00:00,201,72650.283,
2026-09-21T01:32:16.769245+00:00,201,82045.181,
2026-09-21T01:30:19.599472+00:00,201,199241.881,
2026-09-21T01:32:54.961365+00:00,201,43884.147,
2026-09-21T01:31:15.169768+00:00,201,143696.42,
2026-09-21T01:31:23.289078+00:00,201,135592.726,
2026-09-21T01:32:00.065692+00:00,201,98834.353,
2026-09-21T01:32:50.004200+00:00,201,48902.093,
2026-09-21T01:31:39.082300+00:00,201,119866.69,
2026-09-21T01:32:54.049665+00:00,201,44902.032,
2026-09-21T01:31:53.739984+00:00,201,105219.408,
2026-09-21T01:31:55.634008+00:00,201,103328.11,
2026-09-21T01:29:48.998164+00:00,201,229980.496,
2026-09-21T01:31:46.864692+00:00,201,112137.87,
2026-09-21T01:31:59.518212+00:00,201,99497.079,
2026-09-21T01:31:19.848086+00:00,201,139171.931,
2026-09-21T01:31:36.624751+00:00,201,122395.972,
2026-09-21T01:32:23.073372+00:00,201,75959.741,
2026-09-21T01:32:26.613997+00:00,201,72422.116,
2026-09-21T01:32:18.523086+00:00,201,80514.022,
2026-09-21T01:30:57.053120+00:00,201,162005.59,
2026-09-21T01:30:22.837483+00:00,201,196222.631,
2026-09-21T01:31:46.973626+00:00,201,112120.458,
2026-09-21T01:32:31.138470+00:00,201,67956.397,
2026-09-21T01:30:37.941230+00:00,201,181170.756,
2026-09-21T01:30:12.099929+00:00,201,207030.018,
2026-09-21T01:31:35.834003+00:00,201,123325.426,
2026-09-21T01:30:49.779670+00:00,201,169381.109,
2026-09-21T01:32:46.272105+00:00,201,52893.108,
2026-09-21T01:32:52.967072+00:00,201,46207.645,
2026-09-21T01:30:56.159815+00:00,201,163027.529,
2026-09-21T01:32:15.832287+00:00,201,83361.923,
2026-09-21T01:32:17.641149+00:00,201,81601.886,
2026-09-21T01:32:27.996683+00:00,201,71255.83,
2026-09-21T01:30:48.342205+00:00,201,170911.469,
2026-09-21T01:31:25.079116+00:00,201,134190.172,
2026-09-21T01:31:45.933293+00:00,201,113338.193,
2026-09-21T01:31:34.370618+00:00,201,124903.686,
2026-09-21T01:32:35.388364+00:00,201,63892.06,
2026-09-21T01:31:25.884383+00:00,201,133407.557,
2026-09-21T01:31:55.423490+00:00,201,103889.505,
2026-09-21T01:32:50.125390+00:00,201,49198.649,
2026-09-21T01:30:59.883865+00:00,201,159476.426,
2026-09-21T01:32:48.030895+00:00,201,51337.504,
2026-09-21T01:32:51.877468+00:00,201,47508.464,
2026-09-21T01:31:18.985594+00:00,201,140413.384,
2026-09-21T01:31:57.870569+00:00,201,101541.768,
2026-09-21T01:31:26.949824+00:00,201,132464.501,
2026-09-21T01:31:42.239601+00:00,201,117180.94,
2026-09-21T01:32:05.120568+00:00,201,94340.059,
2026-09-21T01:31:12.328758+00:00,201,147138.931,
2026-09-21T01:31:53.133510+00:00,201,106364.805,
2026-09-21T01:31:21.573286+00:00,201,137936.533,
2026-09-21T01:30:25.271468+00:00,201,194257.737,
2026-09-21T01:31:28.110941+00:00,201,131423.339,
2026-09-21T01:31:52.451866+00:00,201,107083.124,
2026-09-21T01:32:45.054628+00:00,201,54484.775,
2026-09-21T01:32:23.706292+00:00,201,75850.014,
2026-09-21T01:30:16.071240+00:00,201,203496.148,
2026-09-21T01:32:13.149019+00:00,201,86426.484,
2026-09-21T01:32:54.822816+00:00,201,44756.834,
2026-09-21T01:29:58.295073+00:00,201,221293.696,
2026-09-21T01:31:47.036834+00:00,201,112556.42,
2026-09-21T01:31:08.506175+00:00,201,151092.842,
2026-09-21T01:31:40.864219+00:00,201,118735.591,
2026-09-21T01:29:48.032456+00:00,201,231573.057,
2026-09-21T01:31:18.620249+00:00,201,140995.759,
2026-09-21T01:31:12.766717+00:00,201,146865.007,
2026-09-21T01:31:09.696393+00:00,201,149956.677,
2026-09-21T01:32:27.407307+00:00,201,72247.261,
2026-09-21T01:31:15.555797+00:00,201,144107.8,
2026-09-21T01:31:14.368118+00:00,201,145305.18,
2026-09-21T01:31:11.334977+00:00,201,148364.097,
2026-09-21T01:30:49.776511+00:00,201,169954.936,
2026-09-21T01:31:07.212033+00:00,201,152526.98,
2026-09-21T01:30:09.522557+00:00,201,210223.258,
2026-09-21T01:32:46.262936+00:00,201,53514.642,
2026-09-21T01:32:17.279142+00:00,201,82500.986,
2026-09-21T01:31:34.322916+00:00,201,125457.781,
2026-09-21T01:32:43.499927+00:00,201,56307.836,
2026-09-21T01:30:50.114024+00:00,201,169695.662,
2026-09-21T01:31:51.388106+00:00,201,108423.575,
2026-09-21T01:32:29.434149+00:00,201,70392.511,
2026-09-21T01:31:32.863354+00:00,201,126994.552,
2026-09-21T01:32:02.153823+00:00,201,97723.167,
2026-09-21T01:32:46.496205+00:00,201,53402.572,
2026-09-21T01:30:25.736360+00:00,201,194172.534,
2026-09-21T01:31:46.421708+00:00,201,113509.552,
2026-09-21T01:31:04.174111+00:00,201,155769.641,
2026-09-21T01:32:25.721898+00:00,201,74224.288,
2026-09-21T01:31:19.784325+00:00,201,140174.943,
2026-09-21T01:31:41.574010+00:00,201,118390.039,
2026-09-21T01:31:42.360087+00:00,201,117604.771,
2026-09-21T01:30:59.042056+00:00,201,160926.033,
2026-09-21T01:32:07.054712+00:00,201,92935.556,
2026-09-21T01:30:56.807693+00:00,201,163209.182,
2026-09-21T01:31:45.325591+00:00,201,114697.573,
2026-09-21T01:31:50.625953+00:00,201,109408.582,
2026-09-21T01:30:16.761976+00:00,201,203282.606,
2026-09-21T01:32:07.034138+00:00,201,93016.464,
2026-09-21T01:31:37.072006+00:00,201,122990.413,
2026-09-21T01:31:31.159777+00:00,201,128904.212,
2026-09-21T01:30:44.600056+00:00,201,175506.673,
2026-09-21T01:32:17.826563+00:00,201,82290.451,
2026-09-21T01:31:28.634714+00:00,201,131495.378,
2026-09-21T01:30:42.141587+00:00,201,177998.715,
2026-09-21T01:32:46.110377+00:00,201,54072.535,
2026-09-21T01:31:25.049789+00:00,201,135141.989,
2026-09-21T01:32:18.237765+00:00,201,81965.208,
2026-09-21T01:32:34.187495+00:00,201,66017.636,
2026-09-21T01:31:47.837087+00:00,201,112370.905,
2026-09-21T01:32:05.350971+00:00,201,94896.02,
2026-09-21T01:30:55.929921+00:00,201,164318.832,
2026-09-21T01:31:04.496470+00:00,201,155762.875,
2026-09-21T01:31:34.127839+00:00,201,126142.461,
2026-09-21T01:32:11.958835+00:00,201,88341.031,
2026-09-21T01:30:50.093823+00:00,201,170215.447,
2026-09-21T01:30:15.932998+00:00,201,204402.286,
2026-09-21T01:31:43.278402+00:00,201,117059.664,
2026-09-21T01:30:57.008765+00:00,201,163331.802,
2026-09-21T01:32:16.981683+00:00,201,83376.522,
2026-09-21T01:30:18.783394+00:00,201,201619.811,
2026-09-21T01:31:57.355820+00:00,201,103058.212,
2026-09-21T01:31:59.960367+00:00,201,100458.166,
2026-09-21T01:31:47.803755+00:00,201,112620.481,
2026-09-21T01:30:15.365275+00:00,201,205059.959,
2026-09-21T01:31:14.721007+00:00,201,145725.086,
2026-09-21T01:32:42.675681+00:00,201,57782.154,
2026-09-21T01:31:12.921200+00:00,201,147536.955,
2026-09-21T01:32:46.114613+00:00,201,54347.035,
2026-09-21T01:32:26.317988+00:00,201,74145.321,
2026-09-21T01:31:05.619633+00:00,201,154859.692,
2026-09-21T01:32:20.745083+00:00,201,79746.426,
2026-09-21T01:30:43.071695+00:00,201,177425.928,
2026-09-21T01:30:58.756743+00:00,201,161754.18,
2026-09-21T01:31:50.364802+00:00,201,110155.211,
2026-09-21T01:32:02.432259+00:00,201,98092.006,
2026-09-21T01:32:03.853258+00:00,201,96674.377,
2026-09-21T01:31:10.631885+00:00,201,149909.308,
2026-09-21T01:31:13.056401+00:00,201,147486.452,
2026-09-21T01:31:48.708488+00:00,201,111843.589,
2026-09-21T01:32:27.164123+00:00,201,73421.207,
2026-09-21T01:31:56.925059+00:00,201,103673.617,
2026-09-21T01:31:16.880888+00:00,201,143739.056,
2026-09-21T01:31:40.454047+00:00,201,120180.385,
2026-09-21T01:30:42.537104+00:00,201,178107.372,
2026-09-21T01:31:16.134503+00:00,201,144513.671,
2026-09-21T01:32:01.443301+00:00,201,99218.295,
2026-09-21T01:31:26.327190+00:00,201,134335.933,
2026-09-21T01:31:41.101131+00:00,201,119566.376,
2026-09-21T01:30:31.586708+00:00,201,189097.785,
2026-09-21T01:32:36.126683+00:00,201,64565.73,
2026-09-21T01:30:51.832235+00:00,201,168863.1,
2026-09-21T01:32:28.774470+00:00,201,71924.291,
2026-09-21T01:30:56.164545+00:00,201,164539.066,
2026-09-21T01:31:13.234997+00:00,201,147500.853,
2026-09-21T01:31:59.488420+00:00,201,101253.298,
2026-09-21T01:31:04.564023+00:00,201,156182.38,
2026-09-21T01:32:43.528959+00:00,201,57236.036,
2026-09-21T01:31:33.517933+00:00,201,127278.629,
2026-09-21T01:30:52.390644+00:00,201,168420.208,
2026-09-21T01:30:45.715472+00:00,201,175096.429,
2026-09-21T01:31:41.395205+00:00,201,119424.841,
2026-09-21T01:32:46.290696+00:00,201,54536.875,
2026-09-21T01:30:40.412504+00:00,201,180421.2,
2026-09-21T01:32:19.860302+00:00,201,80982.544,
2026-09-21T01:31:17.504511+00:00,201,143362.897,
2026-09-21T01:31:59.705921+00:00,201,101164.536,
2026-09-21T01:31:18.542400+00:00,201,142339.09,
2026-09-21T01:31:12.433290+00:00,201,148450.802,
2026-09-21T01:31:34.581164+00:00,201,126307.298,
2026-09-21T01:31:17.214814+00:00,201,143685.228,
2026-09-21T01:31:36.973133+00:00,201,123930.73,
2026-09-21T01:31:44.072591+00:00,201,116870.493,
2026-09-21T01:32:19.489350+00:00,201,81456.669,
2026-09-21T01:31:38.865116+00:00,201,122093.237,
2026-09-21T01:32:11.041283+00:00,201,89926.761,
2026-09-21T01:30:00.978536+00:00,201,219993.786,
2026-09-21T01:32:01.691767+00:00,201,99281.342,
2026-09-21T01:32:19.627206+00:00,201,81361.295,
2026-09-21T01:32:50.910621+00:00,201,50096.994,
2026-09-21T01:31:05.805668+00:00,201,155206.237,
2026-09-21T01:30:32.128852+00:00,201,188886.468,
2026-09-21T01:32:46.839979+00:00,201,54176.2,
2026-09-21T01:32:54.911014+00:00,201,46105.787,
2026-09-21T01:32:27.330278+00:00,201,73688.435,
2026-09-21T01:32:33.385311+00:00,201,67648.863,
2026-09-21T01:31:49.675327+00:00,201,111374.316,
2026-09-21T01:30:57.313055+00:00,201,163739.855,
2026-09-21T01:31:16.108086+00:00,201,144951.799,
2026-09-21T01:32:27.253994+00:00,201,73817.404,
2026-09-21T01:31:19.102009+00:00,201,141983.137,
2026-09-21T01:32:26.336925+00:00,201,74762.505,
2026-09-21T01:31:00.579314+00:00,201,160527.057,
2026-09-21T01:31:41.578488+00:00,201,119535.925,
2026-09-21T01:31:01.295724+00:00,201,159822.366,
2026-09-21T01:32:16.476357+00:00,201,84647.168,
2026-09-21T01:30:46.560859+00:00,201,174565.204,
2026-09-21T01:31:25.830439+00:00,201,135303.377,
2026-09-21T01:32:01.332474+00:00,201,99808.022,
2026-09-21T01:32:36.935537+00:00,201,64209.623,
2026-09-21T01:31:36.071679+00:00,201,125076.031,
2026-09-21T01:32:37.057251+00:00,201,64122.367,
2026-09-21T01:32:35.992469+00:00,201,65193.211,
2026-09-21T01:32:24.832559+00:00,201,76366.618,
2026-09-21T01:30:49.215665+00:00,201,171994.983,
2026-09-21T01:31:43.558902+00:00,201,117661.674,
2026-09-21T01:32:38.926907+00:00,201,62317.27,
2026-09-21T01:31:25.199739+00:00,201,136049.344,
2026-09-21T01:30:50.262796+00:00,201,170994.443,
2026-09-21T01:32:07.084179+00:00,201,94193.021,
2026-09-21T01:31:27.335575+00:00,201,133974.507,
2026-09-21T01:30:22.188624+00:00,201,199142.402,
2026-09-21T01:31:18.474219+00:00,201,142857.446,
2026-09-21T01:32:07.230166+00:00,201,94103.241,
2026-09-21T01:31:18.367521+00:00,201,142976.364,
2026-09-21T01:30:38.493061+00:00,201,182870.177,
2026-09-21T01:32:04.125510+00:00,201,97242.175,
2026-09-21T01:31:26.543115+00:00,201,134828.229,
2026-09-21T01:32:44.175721+00:00,201,57217.485,
2026-09-21T01:30:16.722254+00:00,201,204680.247,
2026-09-21T01:31:56.323222+00:00,201,105081.636,
2026-09-21T01:29:58.309872+00:00,201,223103.332,
2026-09-21T01:31:56.784716+00:00,201,104654.267,
2026-09-21T01:30:46.698154+00:00,201,174741.159,
2026-09-21T01:29:56.372520+00:00,201,225069.384,
2026-09-21T01:31:30.467741+00:00,201,130977.464,
2026-09-21T01:32:16.738206+00:00,201,84722.532,
2026-09-21T01:31:09.541961+00:00,201,151927.608,
2026-09-21T01:29:43.689675+00:00,201,237786.566,
2026-09-21T01:31:55.207998+00:00,201,106294.564,
2026-09-21T01:32:41.771046+00:00,201,59736.912,
2026-09-21T01:31:21.345015+00:00,201,140167.898,
2026-09-21T01:31:46.807544+00:00,201,114723.844,
2026-09-21T01:32:46.902009+00:00,201,54634.942,
2026-09-21T01:30:28.515920+00:00,201,193021.803,
2026-09-21T01:32:05.521679+00:00,201,96023.473,
2026-09-21T01:29:58.245723+00:00,201,223330.608,
2026-09-21T01:31:21.826773+00:00,201,139751.116,
2026-09-21T01:30:13.902999+00:00,201,207683.635,
2026-09-21T01:30:44.276279+00:00,201,177325.324,
2026-09-21T01:31:39.588861+00:00,201,122047.813,
2026-09-21T01:31:26.231838+00:00,201,135407.86,
2026-09-21T01:32:44.229282+00:00,201,57429.16,
2026-09-21T01:31:20.188664+00:00,201,141481.736,
2026-09-21T01:31:14.054814+00:00,201,147616.083,
2026-09-21T01:31:50.735635+00:00,201,110960.964,
2026-09-21T01:32:25.029826+00:00,201,76670.783,
2026-09-21T01:32:25.603821+00:00,201,76100.85,
2026-09-21T01:31:52.607958+00:00,201,109097.164,
2026-09-21T01:30:37.777165+00:00,201,183935.792,
2026-09-21T01:31:06.933164+00:00,201,154786.851,
2026-09-21T01:31:38.772487+00:00,201,122949.365,
2026-09-21T01:31:35.936509+00:00,201,125791.682,
2026-09-21T01:31:08.122060+00:00,201,153636.709,
2026-09-21T01:31:46.073883+00:00,201,115691.307,
2026-09-21T01:31:03.465134+00:00,201,158303.671,
2026-09-21T01:32:17.726900+00:00,201,84042.596,
2026-09-21T01:31:18.101100+00:00,201,143670.614,
2026-09-21T01:31:47.322160+00:00,201,114470.588,
2026-09-21T01:32:22.972639+00:00,201,78820.794,
2026-09-21T01:30:41.160823+00:00,201,180652.623,
2026-09-21T01:31:30.816622+00:00,201,131003.001,
2026-09-21T01:30:52.771307+00:00,201,169049.352,
2026-09-21T01:31:54.961420+00:00,201,106865.349,
2026-09-21T01:32:45.350959+00:00,201,56501.942,
2026-09-21T01:30:46.656024+00:00,201,175207.246,
2026-09-21T01:30:37.741776+00:00,201,184131.919,
2026-09-21T01:30:08.960279+00:00,201,212913.949,
2026-09-21T01:31:31.249216+00:00,201,130629.452,
2026-09-21T01:31:15.840110+00:00,201,146046.023,
2026-09-21T01:30:53.886673+00:00,201,168002.364,
2026-09-21T01:30:17.753699+00:00,201,204181.379,
2026-09-21T01:31:27.589645+00:00,201,134362.028,
2026-09-21T01:31:56.103204+00:00,201,105849.622,
2026-09-21T01:31:32.207564+00:00,201,129751.895,
2026-09-21T01:30:43.074509+00:00,201,178896.539,
2026-09-21T01:31:28.251971+00:00,201,133739.264,
2026-09-21T01:32:37.385392+00:00,201,64633.527,
2026-09-21T01:32:18.852811+00:00,201,83200.099,
2026-09-21T01:32:52.146265+00:00,201,49910.98,
2026-09-21T01:31:23.008385+00:00,201,139067.132,
2026-09-21T01:32:18.963637+00:00,201,83120.739,
2026-09-21T01:31:50.202695+00:00,201,111883.746,
2026-09-21T01:31:15.635010+00:00,201,146488.886,
2026-09-21T01:31:33.843360+00:00,201,128282.7,
2026-09-21T01:31:54.953585+00:00,201,107180.922,
2026-09-21T01:32:02.689335+00:00,201,99455.553,
2026-09-21T01:31:33.463693+00:00,201,128684.301,
2026-09-21T01:32:04.352780+00:00,201,97796.559,
2026-09-21T01:32:43.007652+00:00,201,59157.836,
2026-09-21T01:32:36.291459+00:00,201,65886.603,
2026-09-21T01:32:33.641288+00:00,201,68540.324,
2026-09-21T01:31:04.402447+00:00,201,157779.568,
2026-09-21T01:30:30.585833+00:00,201,191597.342,
2026-09-21T01:31:55.872700+00:00,201,106335.32,
2026-09-21T01:32:31.936730+00:00,201,70282.788,
2026-09-21T01:30:55.174214+00:00,201,167046.81,
2026-09-21T01:32:30.991739+00:00,201,71233.062,
2026-09-21T01:31:01.803082+00:00,201,160436.864,
2026-09-21T01:29:52.755965+00:00,201,229488.393,
2026-09-21T01:30:47.393783+00:00,201,174876.593,
2026-09-21T01:31:04.422333+00:00,201,157851.773,
2026-09-21T01:32:28.170864+00:00,201,74106.195,
2026-09-21T01:32:00.695831+00:00,201,101587.478,
2026-09-21T01:31:52.753984+00:00,201,109532.12,
2026-09-21T01:31:36.846265+00:00,201,125449.331,
2026-09-21T01:31:06.362310+00:00,201,155939.828,
2026-09-21T01:30:10.387026+00:00,201,211916.144,
2026-09-21T01:31:03.967157+00:00,201,158369.103,
2026-09-21T01:31:54.296969+00:00,201,108047.329,
2026-09-21T01:31:40.734411+00:00,201,121644.982,
2026-09-21T01:32:06.159145+00:00,201,96228.07,
2026-09-21T01:31:35.642777+00:00,201,126750.649,
2026-09-21T01:30:00.109604+00:00,201,222286.73,
2026-09-21T01:32:25.065036+00:00,201,77332.687,
2026-09-21T01:32:32.533605+00:00,201,69868.219,
2026-09-21T01:32:52.533335+00:00,201,49873.187,
2026-09-21T01:31:55.883943+00:00,201,106542.765,
2026-09-21T01:30:16.378300+00:00,201,206055.134,
2026-09-21T01:31:20.464730+00:00,201,141981.129,
2026-09-21T01:30:48.403632+00:00,201,174049.957,
2026-09-21T01:31:19.267600+00:00,201,143191.514,
2026-09-21T01:31:11.566047+00:00,201,150897.483,
2026-09-21T01:32:43.002720+00:00,201,59472.36,
2026-09-21T01:32:40.856327+00:00,201,61636.63,
2026-09-21T01:31:36.289566+00:00,201,126204.247,
2026-09-21T01:32:25.515238+00:00,201,76982.585,
2026-09-21T01:32:37.395627+00:00,201,65120.974,
2026-09-21T01:32:02.593478+00:00,201,99924.448,
2026-09-21T01:32:01.579210+00:00,201,100950.254,
2026-09-21T01:31:04.886872+00:00,201,157651.034,
2026-09-21T01:32:25.153987+00:00,201,77384.631,
2026-09-21T01:30:57.293198+00:00,201,165245.774,
2026-09-21T01:32:17.979383+00:00,201,84565.126,
2026-09-21T01:32:27.020134+00:00,201,75549.648,
2026-09-21T01:31:49.940633+00:00,201,112637.561,
2026-09-21T01:30:45.140487+00:00,201,177445.203,
2026-09-21T01:31:41.340734+00:00,201,121251.051,
2026-09-21T01:31:12.149674+00:00,201,150453.371,
2026-09-21T01:31:33.868928+00:00,201,128764.523,
2026-09-21T01:31:46.519007+00:00,201,116121.478,
2026-09-21T01:32:11.049777+00:00,201,91598.588,
2026-09-21T01:31:36.538961+00:00,201,126110.478,
2026-09-21T01:32:53.061344+00:00,201,49617.611,
2026-09-21T01:31:12.373799+00:00,201,150325.756,
2026-09-21T01:30:09.085945+00:00,201,213626.495,
2026-09-21T01:31:26.812549+00:00,201,135914.696,
2026-09-21T01:32:09.085081+00:00,201,93656.944,
2026-09-21T01:30:48.243789+00:00,201,174526.021,
2026-09-21T01:31:04.927891+00:00,201,157842.935,
2026-09-21T01:31:17.249788+00:00,201,145523.648,
2026-09-21T01:32:10.713616+00:00,201,92067.244,
2026-09-21T01:32:19.491101+00:00,201,83291.767,
2026-09-21T01:31:25.470549+00:00,201,137318.28,
2026-09-21T01:31:33.464374+00:00,201,129373.773,
2026-09-21T01:31:06.525637+00:00,201,156318.311,
2026-09-21T01:31:55.409041+00:00,201,107435.486,
2026-09-21T01:31:04.463984+00:00,201,158383.232,
2026-09-21T01:31:29.292426+00:00,201,133559.298,
2026-09-21T01:31:11.567328+00:00,201,151285.488,
2026-09-21T01:30:04.650932+00:00,201,218213.759,
2026-09-21T01:31:44.762146+00:00,201,118120.68,
2026-09-21T01:31:37.377399+00:00,201,125506.992,
2026-09-21T01:31:03.334675+00:00,201,159555.067,
2026-09-21T01:31:03.297301+00:00,201,159600.669,
2026-09-21T01:32:04.532379+00:00,201,98369.615,
2026-09-21T01:31:19.642263+00:00,201,143270.356,
2026-09-21T01:30:40.401645+00:00,201,182528.343,
2026-09-21T01:32:15.898258+00:00,201,87045.249,
2026-09-21T01:30:10.805398+00:00,201,212145.195,
2026-09-21T01:30:00.432914+00:00,201,222537.68,
2026-09-21T01:31:37.803869+00:00,201,125175.25,
2026-09-21T01:31:45.037461+00:00,201,117945.198,
2026-09-21T01:32:53.651729+00:00,201,49334.265,
2026-09-21T01:32:30.165796+00:00,201,72849.787,
2026-09-21T01:31:18.969940+00:00,201,144056.142,
2026-09-21T01:31:52.776746+00:00,201,110272.64,
2026-09-21T01:30:31.187051+00:00,201,191881.877,
2026-09-21T01:31:29.607876+00:00,201,133474.218,
2026-09-21T01:31:14.349451+00:00,201,148736.259,
2026-09-21T01:31:52.816081+00:00,201,110296.37,
2026-09-21T01:31:12.014685+00:00,201,151099.64,
2026-09-21T01:31:33.621452+00:00,201,129498.166,
2026-09-21T01:31:18.103715+00:00,201,145017.322,
2026-09-21T01:31:34.956208+00:00,201,128182.286,
2026-09-21T01:30:08.116344+00:00,201,215030.393,
2026-09-21T01:29:57.914069+00:00,201,225233.978,
2026-09-21T01:31:31.297664+00:00,201,131851.51,
2026-09-21T01:32:08.055906+00:00,201,95095.346,
2026-09-21T01:30:32.975665+00:00,201,190176.988,
2026-09-21T01:31:31.882058+00:00,201,131271.21,
2026-09-21T01:31:26.708512+00:00,201,136447.223,
2026-09-21T01:31:17.348978+00:00,201,145808.961,
2026-09-21T01:32:36.288840+00:00,201,66875.496,
2026-09-21T01:29:53.768490+00:00,201,229396.066,
2026-09-21T01:30:26.632020+00:00,201,196543.176,
2026-09-21T01:32:07.780657+00:00,201,95403.538,
2026-09-21T01:32:50.822763+00:00,201,52376.871,
2026-09-21T01:30:56.722799+00:00,201,166478.257,
2026-09-21T01:30:51.869672+00:00,201,171339.435,
2026-09-21T01:31:15.938467+00:00,201,147273.955,
2026-09-21T01:31:00.710004+00:00,201,162508.757,
2026-09-21T01:31:18.026296+00:00,201,145206.166,
2026-09-21T01:32:43.714312+00:00,201,59520.597,
2026-09-21T01:31:48.107309+00:00,201,115130.193,
2026-09-21T01:31:03.430742+00:00,201,159827.517,
2026-09-21T01:31:18.595285+00:00,201,144681.171,
2026-09-21T01:31:01.973173+00:00,201,161310.604,
2026-09-21T01:30:44.395659+00:00,201,178889.884,
2026-09-21T01:31:30.228871+00:00,201,133062.031,
2026-09-21T01:30:02.591399+00:00,201,220705.907,
2026-09-21T01:30:09.397379+00:00,201,213910.79,
2026-09-21T01:31:17.231650+00:00,201,146093.829,
2026-09-21T01:31:48.143080+00:00,201,115186.992,
2026-09-21T01:31:42.457465+00:00,201,120898.838,
2026-09-21T01:30:12.912649+00:00,201,210444.49,
2026-09-21T01:32:37.433392+00:00,201,65934.178,
2026-09-21T01:32:53.791384+00:00,201,49580.115,
2026-09-21T01:32:46.119302+00:00,201,57264.901,
2026-09-21T01:31:40.081356+00:00,201,123332.048,
2026-09-21T01:32:44.589004+00:00,201,58832.408,
2026-09-21T01:31:03.353307+00:00,201,160069.507,
2026-09-21T01:31:25.229641+00:00,201,138196.087,
2026-09-21T01:30:20.014291+00:00,201,203420.045,
2026-09-21T01:32:03.866665+00:00,201,99570.265,
2026-09-21T01:31:08.092859+00:00,201,155355.123,
2026-09-21T01:30:07.832181+00:00,201,215647.861,
2026-09-21T01:32:05.934026+00:00,201,97547.348,
2026-09-21T01:30:21.504035+00:00,201,201978.228,
2026-09-21T01:30:30.566453+00:00,201,192934.76,
2026-09-21T01:30:47.523390+00:00,201,175990.586,
2026-09-21T01:31:12.130257+00:00,201,151391.583,
2026-09-21T01:32:31.769042+00:00,201,71774.576,
2026-09-21T01:31:07.209620+00:00,201,156335.387,
2026-09-21T01:32:53.828625+00:00,201,49720.339,
2026-09-21T01:32:31.730409+00:00,201,71830.364,
2026-09-21T01:30:07.136106+00:00,201,216440.844,
2026-09-21T01:32:52.897974+00:00,201,50701.735,
2026-09-21T01:31:22.928183+00:00,201,140688.526,
2026-09-21T01:32:41.258804+00:00,201,62373.651,
2026-09-21T01:31:16.546057+00:00,201,147090.565,
2026-09-21T01:31:57.682462+00:00,201,105960.544,
2026-09-21T01:31:16.859817+00:00,201,146792.043,
2026-09-21T01:31:21.131004+00:00,201,142527.74,
2026-09-21T01:32:08.457387+00:00,201,95206.289,
2026-09-21T01:32:31.760997+00:00,201,71911.243,
2026-09-21T01:31:48.497600+00:00,201,115179.773,
2026-09-21T01:30:58.784760+00:00,201,164897.59,
2026-09-21T01:32:45.762762+00:00,201,57934.061,
2026-09-21T01:31:06.691204+00:00,201,157050.37,
2026-09-21T01:31:27.272444+00:00,201,136476.423,
2026-09-21T01:30:15.545777+00:00,201,208205.273,
2026-09-21T01:32:02.204850+00:00,201,101551.254,
2026-09-21T01:31:04.954334+00:00,201,158813.653,
2026-09-21T01:31:48.936281+00:00,201,114841.432,
2026-09-21T01:32:43.817554+00:00,201,59967.467,
2026-09-21T01:32:46.924381+00:00,201,56862.378,
2026-09-21T01:32:01.809442+00:00,201,101983.504,
2026-09-21T01:32:00.198658+00:00,201,103601.026,
2026-09-21T01:30:28.259849+00:00,201,195549.601,
2026-09-21T01:32:07.276739+00:00,201,96545.256,
2026-09-21T01:32:06.679675+00:00,201,97143.524,
2026-09-21T01:31:19.265247+00:00,201,144565.372,
2026-09-21T01:32:42.552167+00:00,201,61296.056,
2026-09-21T01:32:07.840326+00:00,201,96014.296,
2026-09-21T01:31:35.167799+00:00,201,128708.459,
2026-09-21T01:31:15.639389+00:00,201,148237.406,
2026-09-21T01:30:10.438470+00:00,201,213448.641,
2026-09-21T01:31:18.104867+00:00,201,145809.275,
2026-09-21T01:31:47.400296+00:00,201,116517.02,
2026-09-21T01:31:51.095006+00:00,201,112827.887,
2026-09-21T01:32:08.010980+00:00,201,95914.648,
2026-09-21T01:31:43.037191+00:00,201,120889.03,
2026-09-21T01:31:06.013220+00:00,201,157930.944,
2026-09-21T01:32:01.438730+00:00,201,102545.26,
2026-09-21T01:32:32.553914+00:00,201,71469.299,
2026-09-21T01:32:23.080249+00:00,201,80951.295,
2026-09-21T01:32:26.010786+00:00,201,78027.767,
2026-09-21T01:31:06.065398+00:00,201,157979.647,
2026-09-21T01:30:17.508673+00:00,201,206538.916,
2026-09-21T01:31:28.010049+00:00,201,136074.3,
2026-09-21T01:31:24.458489+00:00,201,139691.237,
2026-09-21T01:32:59.825487+00:00,201,44325.023,
2026-09-21T01:31:28.236934+00:00,201,135923.692,
2026-09-21T01:32:14.564430+00:00,201,89602.386,
2026-09-21T01:31:25.321687+00:00,201,138870.042,
2026-09-21T01:31:03.062777+00:00,201,161130.696,
2026-09-21T01:32:46.296606+00:00,201,57903.986,
2026-09-21T01:31:41.235212+00:00,201,122967.891,
2026-09-21T01:30:10.283528+00:00,201,213924.905,
2026-09-21T01:30:21.351323+00:00,201,202858.627,
2026-09-21T01:30:39.179018+00:00,201,185031.702,
2026-09-21T01:32:05.796901+00:00,201,98416.29,
2026-09-21T01:31:35.649292+00:00,201,128576.722,
2026-09-21T01:31:34.476597+00:00,201,129778.259,
2026-09-21T01:31:56.934024+00:00,201,107339.704,
2026-09-21T01:32:20.736706+00:00,201,83548.054,
2026-09-21T01:30:01.184730+00:00,201,223102.816,
2026-09-21T01:30:40.886413+00:00,201,183406.845,
2026-09-21T01:32:51.023687+00:00,201,53272.259,
2026-09-21T01:31:52.623897+00:00,201,111701.475,
2026-09-21T01:31:00.938328+00:00,201,163395.423,
2026-09-21T01:31:03.314400+00:00,201,161023.006,
2026-09-21T01:31:08.301473+00:00,201,156055.779,
2026-09-21T01:32:42.912148+00:00,201,61447.094,
2026-09-21T01:32:21.842537+00:00,201,82517.871,
2026-09-21T01:30:36.472526+00:00,201,187931.881,
2026-09-21T01:31:09.550379+00:00,201,154857.147,
2026-09-21T01:31:30.034824+00:00,201,134407.142,
2026-09-21T01:32:06.687767+00:00,201,97757.839,
2026-09-21T01:30:42.195640+00:00,201,182272.761,
2026-09-21T01:31:34.056022+00:00,201,130413.019,
2026-09-21T01:30:50.561730+00:00,201,173923.507,
2026-09-21T01:32:53.338275+00:00,201,51148.463,
2026-09-21T01:32:01.910753+00:00,201,102595.086,
2026-09-21T01:31:45.652337+00:00,201,118856.082,
2026-09-21T01:30:00.773406+00:00,201,223755.269,
2026-09-21T01:32:54.479254+00:00,201,50067.098,
2026-09-21T01:31:45.798577+00:00,201,118774.985,
2026-09-21T01:31:48.621207+00:00,201,115957.007,
2026-09-21T01:31:55.865302+00:00,201,108714.713,
2026-09-21T01:29:49.612151+00:00,201,234975.358,
2026-09-21T01:30:09.449006+00:00,201,215139.783,
2026-09-21T01:31:24.764492+00:00,201,139858.017,
2026-09-21T01:31:42.834663+00:00,201,121788.968,
2026-09-21T01:31:32.305479+00:00,201,132322.337,
2026-09-21T01:31:42.811182+00:00,201,121822.358,
2026-09-21T01:29:57.459568+00:00,201,227178.66,
2026-09-21T01:31:52.842136+00:00,201,111808.984,
2026-09-21T01:31:17.682991+00:00,201,146983.321,
2026-09-21T01:30:47.249465+00:00,201,177421.583,
2026-09-21T01:30:16.677001+00:00,201,207996.673,
2026-09-21T01:32:17.016540+00:00,201,87661.991,
2026-09-21T01:32:12.701377+00:00,201,91982.514,
2026-09-21T01:30:38.102163+00:00,201,186597.528,
2026-09-21T01:31:48.336573+00:00,201,116393.058,
2026-09-21T01:32:53.147830+00:00,201,51582.424,
2026-09-21T01:31:31.188544+00:00,201,133542.929,
2026-09-21T01:30:58.717400+00:00,201,166022.789,
2026-09-21T01:30:59.128934+00:00,201,165618.324,
2026-09-21T01:31:33.507962+00:00,201,131244.709,
2026-09-21T01:31:28.267880+00:00,201,136507.325,
2026-09-21T01:32:09.318089+00:00,201,95487.522,
2026-09-21T01:31:13.587108+00:00,201,151246.838,
2026-09-21T01:31:47.689922+00:00,201,117151.816,
2026-09-21T01:31:10.027270+00:00,201,154819.871,
2026-09-21T01:32:03.506526+00:00,201,101360.531,
2026-09-21T01:30:05.928454+00:00,201,218942.393,
2026-09-21T01:30:25.345341+00:00,201,199529.455,
2026-09-21T01:31:10.320274+00:00,201,154558.994,
2026-09-21T01:32:33.425043+00:00,201,71459.616,
2026-09-21T01:30:48.795281+00:00,201,176105.794,
2026-09-21T01:31:49.708042+00:00,201,115197.346,
2026-09-21T01:32:07.407716+00:00,201,97509.868,
2026-09-21T01:30:01.983457+00:00,201,222937.298,
2026-09-21T01:29:56.974456+00:00,201,227947.406,
2026-09-21T01:32:42.939234+00:00,201,61986.507,
2026-09-21T01:31:11.455175+00:00,201,153490.907,
2026-09-21T01:30:49.037591+00:00,201,175927.754,
2026-09-21T01:32:45.353831+00:00,201,59621.449,
2026-09-21T01:31:49.198727+00:00,201,115780.56,
2026-09-21T01:32:29.008423+00:00,201,75985.551,
2026-09-21T01:31:38.602228+00:00,201,126397.533,
2026-09-21T01:31:24.532191+00:00,201,140471.425,
2026-09-21T01:30:03.450154+00:00,201,221553.842,
2026-09-21T01:30:02.827120+00:00,201,222194.393,
2026-09-21T01:32:25.847807+00:00,201,79175.67,
2026-09-21T01:31:34.325932+00:00,201,130698.794,
2026-09-21T01:31:04.491835+00:00,201,160534.025,
2026-09-21T01:30:25.039682+00:00,201,200007.753,
2026-09-21T01:31:25.895606+00:00,201,139159.741,
2026-09-21T01:32:51.519251+00:00,201,53557.167,
2026-09-21T01:31:17.193049+00:00,201,147887.349,
2026-09-21T01:30:45.989301+00:00,201,179097.279,
2026-09-21T01:31:35.798440+00:00,201,129299.741,
2026-09-21T01:32:01.604111+00:00,201,103495.231,
2026-09-21T01:29:59.446365+00:00,201,225654.976,
2026-09-21T01:31:24.139881+00:00,201,140974.481,
2026-09-21T01:30:42.287969+00:00,201,182837.285,
2026-09-21T01:31:12.192663+00:00,201,152952.437,
2026-09-21T01:31:49.257201+00:00,201,115889.537,
2026-09-21T01:31:41.111676+00:00,201,124044.625,
2026-09-21T01:32:10.401125+00:00,201,94763.861,
2026-09-21T01:30:44.166388+00:00,201,181004.237,
2026-09-21T01:30:50.984371+00:00,201,174206.656,
2026-09-21T01:30:51.055528+00:00,201,174141.543,
2026-09-21T01:31:45.816004+00:00,201,119400.164,
2026-09-21T01:32:10.482964+00:00,201,94734.936,
2026-09-21T01:30:30.142993+00:00,201,195088.853,
2026-09-21T01:31:39.785402+00:00,201,125447.109,
2026-09-21T01:32:43.695862+00:00,201,61539.749,
2026-09-21T01:32:33.070918+00:00,201,72171.988,
2026-09-21T01:30:50.905444+00:00,201,174347.409,
2026-09-21T01:31:19.270074+00:00,201,145988.798,
2026-09-21T01:31:49.712206+00:00,201,115549.071,
2026-09-21T01:32:09.884232+00:00,201,95391.28,
2026-09-21T01:31:10.700372+00:00,201,154594.131,
2026-09-21T01:32:10.985242+00:00,201,94320.137,
2026-09-21T01:32:26.492183+00:00,201,78828.424,
2026-09-21T01:30:05.544598+00:00,201,219786.739,
2026-09-21T01:31:13.965989+00:00,201,151367.81,
2026-09-21T01:31:19.889931+00:00,201,145444.457,
2026-09-21T01:31:42.553505+00:00,201,122801.655,
2026-09-21T01:31:58.427671+00:00,201,106929.442,
2026-09-21T01:32:22.561148+00:00,201,82812.16,
2026-09-21T01:31:01.010174+00:00,201,164400.12,
2026-09-21T01:32:25.243350+00:00,201,80177.364,
2026-09-21T01:31:17.052453+00:00,201,148386.041,
2026-09-21T01:31:50.382626+00:00,201,115056.59,
2026-09-21T01:31:17.715386+00:00,201,147741.94,
2026-09-21T01:32:42.488009+00:00,201,62977.272,
2026-09-21T01:31:00.532336+00:00,201,164942.897,
2026-09-21T01:32:09.738455+00:00,201,95759.91,
2026-09-21T01:32:24.058600+00:00,201,81468.297,
2026-09-21T01:32:20.668318+00:00,201,84864.747,
2026-09-21T01:32:26.192906+00:00,201,79344.307,
2026-09-21T01:30:50.479109+00:00,201,175060.708,
2026-09-21T01:31:21.822247+00:00,201,143744.175,
2026-09-21T01:31:25.379061+00:00,201,140189.196,
2026-09-21T01:31:44.526288+00:00,201,121058.802,
2026-09-21T01:30:59.041060+00:00,201,166546.133,
2026-09-21T01:30:59.842693+00:00,201,165783.318,
2026-09-21T01:31:37.736403+00:00,201,127891.406,
2026-09-21T01:31:10.604917+00:00,201,155057.88,
2026-09-21T01:32:31.543131+00:00,201,74125.739,
2026-09-21T01:31:43.772362+00:00,201,121900.722,
2026-09-21T01:31:40.818918+00:00,201,124855.343,
2026-09-21T01:32:52.289494+00:00,201,53399.448,
2026-09-21T01:31:35.074735+00:00,201,130616.618,
2026-09-21T01:32:35.807414+00:00,201,69889.552,
2026-09-21T01:32:46.279670+00:00,201,59418.276,
2026-09-21T01:31:01.610887+00:00,201,164088.136,
2026-09-21T01:30:03.045540+00:00,201,222671.587,
2026-09-21T01:29:49.943554+00:00,201,235802.778,
2026-09-21T01:31:05.121661+00:00,201,160630.37,
2026-09-21T01:32:32.124073+00:00,201,73632.329,
2026-09-21T01:31:36.852139+00:00,201,128924.14,
2026-09-21T01:32:29.963157+00:00,201,75819.856,
2026-09-21T01:32:56.244854+00:00,201,49559.366,
2026-09-21T01:30:49.959617+00:00,201,175874.046,
2026-09-21T01:31:08.233711+00:00,201,157600.536,
2026-09-21T01:32:54.564474+00:00,201,51270.568,
2026-09-21T01:30:43.591064+00:00,201,182248.642,
2026-09-21T01:32:53.302587+00:00,201,52546.713,
2026-09-21T01:31:22.888866+00:00,201,142985.408,
2026-09-21T01:31:41.454196+00:00,201,124445.313,
2026-09-21T01:32:18.491995+00:00,201,87411.31,
2026-09-21T01:31:27.492000+00:00,201,138420.787,
2026-09-21T01:31:06.176841+00:00,201,159761.484,
2026-09-21T01:32:00.028850+00:00,201,105910.7,
2026-09-21T01:31:53.072531+00:00,201,112869.215,
2026-09-21T01:32:22.366206+00:00,201,83579.47,
2026-09-21T01:31:49.327621+00:00,201,116649.712,
2026-09-21T01:30:55.094512+00:00,201,170887.236,
2026-09-21T01:31:46.449823+00:00,201,119539.254,
2026-09-21T01:31:44.811423+00:00,201,121186.757,
2026-09-21T01:31:45.646778+00:00,201,120362.462,
2026-09-21T01:31:38.836079+00:00,201,127194.297,
2026-09-21T01:31:27.118653+00:00,201,138937.868,
2026-09-21T01:30:33.612770+00:00,201,192454.722,
2026-09-21T01:30:51.517653+00:00,201,174558.604,
2026-09-21T01:30:43.462690+00:00,201,182630.102,
2026-09-21T01:31:38.473393+00:00,201,127636.357,
2026-09-21T01:32:10.749497+00:00,201,95361.436,
2026-09-21T01:31:38.586107+00:00,201,127531.625,
2026-09-21T01:32:46.855979+00:00,201,59276.549,
2026-09-21T01:31:29.440430+00:00,201,136710.272,
2026-09-21T01:32:10.606489+00:00,201,95549.153,
2026-09-21T01:30:25.748009+00:00,201,200414.857,
2026-09-21T01:30:42.692765+00:00,201,183477.365,
2026-09-21T01:31:16.716729+00:00,201,149454.099,
2026-09-21T01:31:00.285313+00:00,201,165920.437,
2026-09-21T01:31:18.037334+00:00,201,148174.272,
2026-09-21T01:32:58.724336+00:00,201,47502.331,
2026-09-21T01:30:57.665195+00:00,201,168562.433,
2026-09-21T01:31:34.473715+00:00,201,131759.002,
2026-09-21T01:31:10.443623+00:00,201,155790.297,
2026-09-21T01:31:48.531625+00:00,201,117711.533,
2026-09-21T01:31:32.525756+00:00,201,133736.069,
2026-09-21T01:31:01.872218+00:00,201,164393.402,
2026-09-21T01:31:05.223795+00:00,201,161054.213,
2026-09-21T01:31:20.599356+00:00,201,145708.67,
2026-09-21T01:31:43.966011+00:00,201,122344.612,
2026-09-21T01:31:17.906072+00:00,201,148408.364,
2026-09-21T01:31:04.161045+00:00,201,162154.469,
2026-09-21T01:30:58.104785+00:00,201,168228.37,
2026-09-21T01:30:30.842544+00:00,201,195492.563,
2026-09-21T01:30:50.300218+00:00,201,176055.553,
2026-09-21T01:32:52.070689+00:00,201,54290.248,
2026-09-21T01:31:27.214102+00:00,201,139150.294,
2026-09-21T01:31:08.633065+00:00,201,157732.89,
2026-09-21T01:30:51.592451+00:00,201,174781.633,
2026-09-21T01:31:47.327116+00:00,201,119064.749,
2026-09-21T01:31:27.890363+00:00,201,138509.04,
2026-09-21T01:30:23.855406+00:00,201,202552.314,
2026-09-21T01:31:49.271474+00:00,201,117138.993,
2026-09-21T01:31:26.010869+00:00,201,140412.651,
2026-09-21T01:30:26.639655+00:00,201,199785.88,
2026-09-21T01:31:39.952392+00:00,201,126480.079,
2026-09-21T01:31:11.218355+00:00,201,155220.004,
2026-09-21T01:31:36.409680+00:00,201,130045.431,
2026-09-21T01:31:29.383061+00:00,201,137083.719,
2026-09-21T01:31:05.975064+00:00,201,160492.168,
2026-09-21T01:30:30.373746+00:00,201,196093.931,
2026-09-21T01:32:36.761608+00:00,201,69716.739,
2026-09-21T01:32:46.427251+00:00,201,60053.478,
2026-09-21T01:32:36.578519+00:00,201,69907.787,
2026-09-21T01:32:52.173932+00:00,201,54327.644,
2026-09-21T01:29:52.745085+00:00,201,233763.16,
2026-09-21T01:30:23.430237+00:00,201,203080.305,
2026-09-21T01:30:45.013830+00:00,201,181511.825,
2026-09-21T01:31:12.329672+00:00,201,154198.969,
2026-09-21T01:30:50.373991+00:00,201,176168.596,
2026-09-21T01:32:37.224074+00:00,201,69329.08,
2026-09-21T01:30:08.800708+00:00,201,217752.695,
2026-09-21T01:31:45.224925+00:00,201,121342.346,
2026-09-21T01:29:50.541162+00:00,201,236039.453,
2026-09-21T01:32:26.365620+00:00,201,80235.662,
2026-09-21T01:32:08.595698+00:00,201,98008.091,
2026-09-21T01:32:43.741329+00:00,201,62863.141,
2026-09-21T01:32:25.836024+00:00,201,80784.883,
2026-09-21T01:30:19.769338+00:00,201,206853.17,
2026-09-21T01:30:24.252805+00:00,201,202390.607,
2026-09-21T01:30:55.222743+00:00,201,171437.594,
2026-09-21T01:31:17.058452+00:00,201,149603.711,
2026-09-21T01:32:03.009421+00:00,201,103663.082,
2026-09-21T01:32:00.093153+00:00,201,106587.684,
2026-09-21T01:31:24.989060+00:00,201,141726.744,
2026-09-21T01:31:33.076111+00:00,201,133641.345,
2026-09-21T01:32:59.402619+00:00,201,47315.575,
2026-09-21T01:30:36.802478+00:00,201,189920.19,
2026-09-21T01:30:36.202544+00:00,201,190529.197,
2026-09-21T01:31:30.931753+00:00,201,135827.424,
2026-09-21T01:31:48.174615+00:00,201,118629.511,
2026-09-21T01:32:56.313141+00:00,201,50492.718,
2026-09-21T01:32:39.992389+00:00,201,66817.507,
2026-09-21T01:30:40.515467+00:00,201,186297.552,
2026-09-21T01:31:17.265467+00:00,201,149566.856,
2026-09-21T01:30:49.420305+00:00,201,177453.061,
2026-09-21T01:31:48.767147+00:00,201,118116.466,
2026-09-21T01:32:34.314499+00:00,201,72578.546,
2026-09-21T01:32:08.655774+00:00,201,98243.424,
2026-09-21T01:30:39.543075+00:00,201,187361.689,
2026-09-21T01:30:38.558300+00:00,201,188352.747,
2026-09-21T01:32:49.763099+00:00,201,57170.524,
2026-09-21T01:32:21.540168+00:00,201,85414.16,
2026-09-21T01:31:34.819462+00:00,201,132137.031,
2026-09-21T01:31:43.731928+00:00,201,123232.453,
2026-09-21T01:32:46.254783+00:00,201,60711.453,
2026-09-21T01:31:36.782934+00:00,201,130189.196,
2026-09-21T01:30:10.978142+00:00,201,215995.053,
2026-09-21T01:31:33.046390+00:00,201,133933.465,
2026-09-21T01:32:09.254042+00:00,201,97734.303,
2026-09-21T01:31:17.810429+00:00,201,149179.658,
2026-09-21T01:30:40.087121+00:00,201,186903.515,
2026-09-21T01:32:10.191407+00:00,201,96804.807,
2026-09-21T01:30:30.675818+00:00,201,196331.442,
2026-09-21T01:29:56.132406+00:00,201,230880.193,
2026-09-21T01:32:34.603076+00:00,201,72412.959,
2026-09-21T01:32:29.820275+00:00,201,77217.227,
2026-09-21T01:31:16.928360+00:00,201,150120.465,
2026-09-21T01:32:25.165238+00:00,201,81890.463,
2026-09-21T01:32:46.548039+00:00,201,60520.912,
2026-09-21T01:31:44.873417+00:00,201,122216.845,
2026-09-21T01:31:26.255295+00:00,201,140842.765,
2026-09-21T01:31:21.692831+00:00,201,145414.009,
2026-09-21T01:31:25.520821+00:00,201,141586.684,
2026-09-21T01:31:40.544717+00:00,201,126595.934,
2026-09-21T01:30:49.219673+00:00,201,177935.536,
2026-09-21T01:31:58.191802+00:00,201,108969.983,
2026-09-21T01:32:02.860637+00:00,201,104301.798,
2026-09-21T01:30:45.971363+00:00,201,181207.405,
2026-09-21T01:32:01.905809+00:00,201,105297.477,
2026-09-21T01:32:53.674128+00:00,201,53548.602,
2026-09-21T01:31:00.985912+00:00,201,166241.259,
2026-09-21T01:31:49.975693+00:00,201,117268.232,
2026-09-21T01:30:49.928664+00:00,201,177318.294,
2026-09-21T01:30:46.632914+00:00,201,180630.387,
2026-09-21T01:32:33.929370+00:00,201,73335.384,
2026-09-21T01:29:55.960987+00:00,201,231321.627,
2026-09-21T01:30:53.706944+00:00,201,173602.402,
2026-09-21T01:31:13.409487+00:00,201,153911.392,
2026-09-21T01:30:25.412757+00:00,201,201917.114,
2026-09-21T01:31:51.114088+00:00,201,116235.154,
2026-09-21T01:31:36.157786+00:00,201,131193.997,
2026-09-21T01:32:25.014075+00:00,201,82348.7,
2026-09-21T01:31:50.824593+00:00,201,116572.772,
2026-09-21T01:32:12.210561+00:00,201,95187.398,
2026-09-21T01:32:17.863958+00:00,201,89558.052,
2026-09-21T01:31:28.956018+00:00,201,138467.48,
2026-09-21T01:31:12.023777+00:00,201,155406.572,
2026-09-21T01:32:49.216919+00:00,201,58225.441,
2026-09-21T01:31:57.570036+00:00,201,109883.232,
2026-09-21T01:30:52.645005+00:00,201,174810.845,
2026-09-21T01:31:33.447232+00:00,201,134018.518,
2026-09-21T01:31:19.948606+00:00,201,147527.804,
2026-09-21T01:31:30.847729+00:00,201,136652.394,
2026-09-21T01:32:09.455430+00:00,201,98052.944,
2026-09-21T01:31:49.752596+00:00,201,117757.848,
2026-09-21T01:30:15.432919+00:00,201,212092.984,
2026-09-21T01:30:50.781678+00:00,201,176747.052,
2026-09-21T01:31:53.142442+00:00,201,114391.186,
2026-09-21T01:31:00.658215+00:00,201,166884.563,
2026-09-21T01:31:14.432419+00:00,201,153141.257,
2026-09-21T01:31:15.304987+00:00,201,152280.043,
2026-09-21T01:32:46.516131+00:00,201,61074.42,
2026-09-21T01:30:30.760734+00:00,201,196843.994,
2026-09-21T01:31:58.250733+00:00,201,109358.237,
2026-09-21T01:30:45.398632+00:00,201,182239.446,
2026-09-21T01:31:49.349131+00:00,201,118290.105,
2026-09-21T01:30:16.694211+00:00,201,210952.841,
2026-09-21T01:32:30.273208+00:00,201,77386.523,
2026-09-21T01:30:25.004271+00:00,201,202657.663,
2026-09-21T01:32:28.916549+00:00,201,78769.383,
2026-09-21T01:30:55.731130+00:00,201,171956.729,
2026-09-21T01:30:58.404595+00:00,201,169296.566,
2026-09-21T01:31:26.619484+00:00,201,141082.312,
2026-09-21T01:30:56.727873+00:00,201,170986.139,
2026-09-21T01:32:31.753526+00:00,201,75976.173,
2026-09-21T01:32:16.983243+00:00,201,90765.031,
2026-09-21T01:30:20.918879+00:00,201,206832.367,
2026-09-21T01:31:32.897367+00:00,201,134858.449,
2026-09-21T01:31:33.433774+00:00,201,134333.114,
2026-09-21T01:30:57.147803+00:00,201,170633.145,
2026-09-21T01:32:18.344056+00:00,201,89438.179,
2026-09-21T01:29:49.882685+00:00,201,237906.132,
2026-09-21T01:31:41.351716+00:00,201,126453.565,
2026-09-21T01:32:10.248060+00:00,201,97559.669,
2026-09-21T01:31:17.785303+00:00,201,150024.135,
2026-09-21T01:31:05.499222+00:00,201,162315.646,
2026-09-21T01:30:36.871116+00:00,201,190950.653,
2026-09-21T01:31:29.528832+00:00,201,138302.623,
2026-09-21T01:31:46.473100+00:00,201,121377.724,
2026-09-21T01:29:57.217512+00:00,201,230652.172,
2026-09-21T01:30:22.745957+00:00,201,205127.132,
2026-09-21T01:32:14.231107+00:00,201,93645.365,
2026-09-21T01:32:16.922546+00:00,201,90957.433,
2026-09-21T01:32:23.171874+00:00,201,84722.031,
2026-09-21T01:30:59.219947+00:00,201,168677.943,
2026-09-21T01:30:25.303411+00:00,201,202602.246,
2026-09-21T01:30:44.444130+00:00,201,183464.901,
2026-09-21T01:31:31.482839+00:00,201,136433.568,
2026-09-21T01:31:53.031074+00:00,201,114895.317,
2026-09-21T01:31:35.394666+00:00,201,132543.264,
2026-09-21T01:29:59.219640+00:00,201,228761.673,
2026-09-21T01:31:18.769671+00:00,201,149221.381,
2026-09-21T01:31:13.856742+00:00,201,154150.3,
2026-09-21T01:29:41.063324+00:00,201,246945.802,
2026-09-21T01:30:46.657109+00:00,201,181356.483,
2026-09-21T01:31:41.113901+00:00,201,126902.566,
2026-09-21T01:32:54.576329+00:00,201,53446.711,
2026-09-21T01:31:41.349518+00:00,201,126687.303,
2026-09-21T01:31:24.734603+00:00,201,143302.723,
2026-09-21T01:32:19.376885+00:00,201,88661.103,
2026-09-21T01:31:51.160126+00:00,201,116885.174,
2026-09-21T01:32:04.950799+00:00,201,103108.665,
2026-09-21T01:31:24.221334+00:00,201,143868.341,
2026-09-21T01:31:04.158843+00:00,201,163935.737,
2026-09-21T01:32:43.232391+00:00,201,64886.732,
2026-09-21T01:32:48.446421+00:00,201,59673.908,
2026-09-21T01:31:39.960099+00:00,201,128163.775,
2026-09-21T01:31:50.662981+00:00,201,117464.569,
2026-09-21T01:30:59.843770+00:00,201,168298.442,
2026-09-21T01:31:47.200135+00:00,201,120947.46,
2026-09-21T01:31:24.888809+00:00,201,143266.391,
2026-09-21T01:32:19.285376+00:00,201,88882.841,
2026-09-21T01:32:43.692561+00:00,201,64493.626,
2026-09-21T01:32:12.066531+00:00,201,96130.734,
2026-09-21T01:30:51.178004+00:00,201,177024.701,
2026-09-21T01:32:09.863480+00:00,201,98341.326,
2026-09-21T01:31:44.639036+00:00,201,123605.346,
2026-09-21T01:31:38.243813+00:00,201,130001.69,
2026-09-21T01:31:13.813489+00:00,201,154434.39,
2026-09-21T01:31:29.163002+00:00,201,139093.62,
2026-09-21T01:30:16.662026+00:00,201,211597.666,
2026-09-21T01:31:46.414123+00:00,201,121879.145,
2026-09-21T01:31:37.912505+00:00,201,130408.441,
2026-09-21T01:31:47.328408+00:00,201,121008.758,
2026-09-21T01:29:42.942849+00:00,201,245408.527,
2026-09-21T01:31:25.521541+00:00,201,142835.844,
2026-09-21T01:32:55.126982+00:00,201,53250.702,
2026-09-21T01:32:35.202032+00:00,201,73190.493,
2026-09-21T01:31:30.402127+00:00,201,138009.244,
2026-09-21T01:31:49.002301+00:00,201,119447.899,
2026-09-21T01:31:40.657846+00:00,201,127805.577,
2026-09-21T01:31:14.649525+00:00,201,153822.845,
2026-09-21T01:32:43.403724+00:00,201,65072.392,
2026-09-21T01:30:17.317440+00:00,201,211170.199,
2026-09-21T01:30:10.801149+00:00,201,217711.598,
2026-09-21T01:32:03.434356+00:00,201,105084.712,
2026-09-21T01:32:25.010469+00:00,201,83517.783,
2026-09-21T01:30:03.598842+00:00,201,224935.19,
2026-09-21T01:32:34.048214+00:00,201,74492.132,
2026-09-21T01:31:15.660663+00:00,201,152891.164,
2026-09-21T01:31:50.602508+00:00,201,117966.987,
2026-09-21T01:32:47.658813+00:00,201,60911.741,
2026-09-21T01:31:24.847276+00:00,201,143728.042,
2026-09-21T01:29:58.335780+00:00,201,230273.634,
2026-09-21T01:32:05.633530+00:00,201,102977.085,
2026-09-21T01:31:14.520696+00:00,201,154093.285,
2026-09-21T01:31:49.908608+00:00,201,118709.615,
2026-09-21T01:32:18.795902+00:00,201,89823.976,
2026-09-21T01:32:48.455464+00:00,201,60164.995,
2026-09-21T01:31:11.538807+00:00,201,157086.006,
2026-09-21T01:31:11.598744+00:00,201,157028.473,
2026-09-21T01:31:32.089710+00:00,201,136547.231,
2026-09-21T01:32:37.650559+00:00,201,70998.73,
2026-09-21T01:32:09.840527+00:00,201,98814.79,
2026-09-21T01:32:22.123329+00:00,201,86532.451,
2026-09-21T01:31:38.440668+00:00,201,130217.736,
2026-09-21T01:31:44.188455+00:00,201,124505.326,
2026-09-21T01:31:46.546311+00:00,201,122162.613,
2026-09-21T01:32:16.595949+00:00,201,92136.783,
2026-09-21T01:29:36.727380+00:00,201,252005.839,
2026-09-21T01:32:45.751402+00:00,201,62986.383,
2026-09-21T01:29:43.586483+00:00,201,245155.324,
2026-09-21T01:32:53.097742+00:00,201,55648.051,
2026-09-21T01:31:46.236229+00:00,201,122514.683,
2026-09-21T01:31:09.126707+00:00,201,159632.804,
2026-09-21T01:32:42.740737+00:00,201,66026.013,
2026-09-21T01:31:03.442191+00:00,201,165332.154,
2026-09-21T01:31:05.184556+00:00,201,163593.373,
2026-09-21T01:30:55.330661+00:00,201,173448.654,
2026-09-21T01:31:16.940513+00:00,201,151847.178,
2026-09-21T01:31:27.476711+00:00,201,141334.134,
2026-09-21T01:32:00.004454+00:00,201,108811.947,
2026-09-21T01:31:12.628287+00:00,201,156207.811,
2026-09-21T01:30:07.509520+00:00,201,221326.863,
2026-09-21T01:31:31.362646+00:00,201,137488.06,
2026-09-21T01:31:39.027065+00:00,201,129824.602,
2026-09-21T01:30:51.135189+00:00,201,177719.879,
2026-09-21T01:30:27.940905+00:00,201,200923.54,
2026-09-21T01:30:42.577326+00:00,201,186309.963,
2026-09-21T01:32:05.261314+00:00,201,103634.321,
2026-09-21T01:30:06.731729+00:00,201,222168.123,
2026-09-21T01:32:31.187450+00:00,201,77718.816,
2026-09-21T01:32:34.920403+00:00,201,73992.582,
2026-09-21T01:31:04.218469+00:00,201,164697.987,
2026-09-21T01:31:04.401221+00:00,201,164530.164,
2026-09-21T01:32:46.107228+00:00,201,62830.784,
2026-09-21T01:32:27.828222+00:00,201,81147.604,
2026-09-21T01:32:37.356507+00:00,201,71633.897,
2026-09-21T01:31:33.835243+00:00,201,135170.514,
2026-09-21T01:31:51.832757+00:00,201,117193.081,
2026-09-21T01:30:17.276619+00:00,201,211754.698,
2026-09-21T01:29:43.617289+00:00,201,245415.296,
2026-09-21T01:32:17.886952+00:00,201,91152.942,
2026-09-21T01:31:33.932140+00:00,201,135114.757,
2026-09-21T01:31:37.786892+00:00,201,131264.45,
2026-09-21T01:32:37.390480+00:00,201,71664.774,
2026-09-21T01:31:44.986182+00:00,201,124087.065,
2026-09-21T01:31:49.196828+00:00,201,119882.788,
2026-09-21T01:31:29.169316+00:00,201,139912.108,
2026-09-21T01:32:16.506260+00:00,201,92579.501,
2026-09-21T01:32:02.059480+00:00,201,107051.011,
2026-09-21T01:31:46.721971+00:00,201,122388.925,
2026-09-21T01:32:15.981555+00:00,201,93141.85,
2026-09-21T01:31:07.298720+00:00,201,161834.86,
2026-09-21T01:31:24.126514+00:00,201,145017.61,
2026-09-21T01:32:22.818064+00:00,201,86329.746,
2026-09-21T01:32:34.259842+00:00,201,74897.649,
2026-09-21T01:30:59.665730+00:00,201,169500.64,
2026-09-21T01:31:57.886931+00:00,201,111280.981,
2026-09-21T01:32:51.190959+00:00,201,57980.743,
2026-09-21T01:31:05.543235+00:00,201,163643.056,
2026-09-21T01:30:52.129902+00:00,201,177057.167,
2026-09-21T01:30:43.251081+00:00,201,185940.088,
2026-09-21T01:31:26.731387+00:00,201,142460.279,
2026-09-21T01:31:11.889385+00:00,201,157308.17,
2026-09-21T01:31:16.311766+00:00,201,152893.389,
2026-09-21T01:29:54.512475+00:00,201,234697.047,
2026-09-21T01:31:43.400278+00:00,201,125815.201,
2026-09-21T01:31:12.131526+00:00,201,157093.088,
2026-09-21T01:31:44.524016+00:00,201,124711.214,
2026-09-21T01:31:33.686213+00:00,201,135564.85,
2026-09-21T01:31:39.815707+00:00,201,129435.776,
2026-09-21T01:32:16.555300+00:00,201,92696.687,
2026-09-21T01:31:14.664201+00:00,201,154599.015,
2026-09-21T01:30:17.057464+00:00,201,212211.827,
2026-09-21T01:32:03.565606+00:00,201,105718.34,
2026-09-21T01:30:55.670675+00:00,201,173619.132,
2026-09-21T01:32:45.578455+00:00,201,63716.294,
2026-09-21T01:32:27.240299+00:00,201,82064.414,
2026-09-21T01:32:25.258630+00:00,201,84052.418,
2026-09-21T01:32:54.557157+00:00,201,54757.762,
2026-09-21T01:32:36.287099+00:00,201,73031.796,
2026-09-21T01:32:15.290982+00:00,201,94030.713,
2026-09-21T01:31:43.393616+00:00,201,125938.792,
2026-09-21T01:32:29.952466+00:00,201,79381.561,
2026-09-21T01:31:02.198950+00:00,201,167162.712,
2026-09-21T01:32:11.532570+00:00,201,97834.561,
2026-09-21T01:31:50.143634+00:00,201,119223.94,
2026-09-21T01:32:46.975010+00:00,201,62399.114,
2026-09-21T01:32:29.878947+00:00,201,79506.974,
2026-09-21T01:32:35.327835+00:00,201,74062.435,
2026-09-21T01:29:55.803432+00:00,201,233609.9,
2026-09-21T01:31:48.956700+00:00,201,120464.325,
2026-09-21T01:32:16.471700+00:00,201,92962.641,
2026-09-21T01:32:27.795306+00:00,201,81641.606,
2026-09-21T01:31:24.180515+00:00,201,145258.389,
2026-09-21T01:31:23.304103+00:00,201,146137.133,
2026-09-21T01:31:59.437846+00:00,201,110010.946,
2026-09-21T01:31:32.501733+00:00,201,136958.653,
2026-09-21T01:31:34.719385+00:00,201,134745.647,
2026-09-21T01:31:40.608589+00:00,201,128865.927,
2026-09-21T01:31:56.654367+00:00,201,112823.291,
2026-09-21T01:30:57.447927+00:00,201,172045.738,
2026-09-21T01:32:31.091010+00:00,201,78438.262,
2026-09-21T01:32:25.844195+00:00,201,83694.512,
2026-09-21T01:30:50.786255+00:00,201,178758.402,
2026-09-21T01:32:05.129213+00:00,201,104418.244,
2026-09-21T01:31:27.305489+00:00,201,142263.744,
2026-09-21T01:31:21.967706+00:00,201,147633.585,
2026-09-21T01:31:28.143364+00:00,201,141458.953,
2026-09-21T01:32:03.407537+00:00,201,106247.978,
2026-09-21T01:30:50.255464+00:00,201,179413.581,
2026-09-21T01:32:01.981935+00:00,201,107700.199,
2026-09-21T01:32:00.319573+00:00,201,109370.607,
2026-09-21T01:32:24.801178+00:00,201,84891.707,
2026-09-21T01:29:58.008173+00:00,201,231693.034,
2026-09-21T01:31:50.429877+00:00,201,119279.864,
2026-09-21T01:30:24.268665+00:00,201,205451.667,
2026-09-21T01:32:07.883511+00:00,201,101841.898,
2026-09-21T01:32:30.295196+00:00,201,79433.903,
2026-09-21T01:32:37.370665+00:00,201,72364.653,
2026-09-21T01:32:19.462737+00:00,201,90281.965,
2026-09-21T01:31:47.870174+00:00,201,121880.269,
2026-09-21T01:31:14.234962+00:00,201,155529.932,
2026-09-21T01:30:31.356293+00:00,201,198411.29,
2026-09-21T01:29:56.308223+00:00,201,233471.299,
2026-09-21T01:31:19.017467+00:00,201,150773.837,
2026-09-21T01:32:16.866191+00:00,201,92942.518,
2026-09-21T01:31:11.042819+00:00,201,158768.839,
2026-09-21T01:31:57.680505+00:00,201,112135.423,
2026-09-21T01:31:04.439045+00:00,201,165382.3,
2026-09-21T01:32:19.619047+00:00,201,90204.804,
2026-09-21T01:30:02.730116+00:00,201,227119.364,
2026-09-21T01:31:49.739224+00:00,201,120129.332,
2026-09-21T01:30:56.809106+00:00,201,173064.03,
2026-09-21T01:31:13.049870+00:00,201,156839.542,
2026-09-21T01:30:38.047744+00:00,201,191852.578,
2026-09-21T01:30:00.607412+00:00,201,229295.533,
2026-09-21T01:31:44.278148+00:00,201,125627.385,
2026-09-21T01:31:34.169369+00:00,201,135742.011,
2026-09-21T01:30:15.745825+00:00,201,214189.089,
2026-09-21T01:31:24.890314+00:00,201,145056.727,
2026-09-21T01:31:50.999697+00:00,201,118947.894,
2026-09-21T01:31:55.159792+00:00,201,114830.261,
2026-09-21T01:30:48.780022+00:00,201,181210.382,
2026-09-21T01:31:17.316240+00:00,201,152706.831,
2026-09-21T01:30:43.026049+00:00,201,186999.188,
2026-09-21T01:31:35.335685+00:00,201,134716.385,
2026-09-21T01:31:06.664677+00:00,201,163394.764,
2026-09-21T01:32:46.696399+00:00,201,63366.561,
2026-09-21T01:32:07.729890+00:00,201,102348.22,
2026-09-21T01:31:05.882892+00:00,201,164204.443,
2026-09-21T01:32:02.886922+00:00,201,107202.492,
2026-09-21T01:31:23.364479+00:00,201,146725.31,
2026-09-21T01:32:31.297724+00:00,201,78792.701,
2026-09-21T01:32:48.980412+00:00,201,61112.164,
2026-09-21T01:31:50.155579+00:00,201,119941.99,
2026-09-21T01:30:47.785481+00:00,201,182313.553,
2026-09-21T01:32:55.443560+00:00,201,54662.292,
2026-09-21T01:31:42.926371+00:00,201,127186.049,
2026-09-21T01:30:03.790609+00:00,201,226327.424,
2026-09-21T01:31:36.539772+00:00,201,133594.949,
2026-09-21T01:32:02.363240+00:00,201,107778.32,
2026-09-21T01:30:02.936906+00:00,201,227236.522,
2026-09-21T01:30:30.465108+00:00,201,199710.18,
2026-09-21T01:31:26.556498+00:00,201,143620.778,
2026-09-21T01:32:45.079838+00:00,201,65120.228,
2026-09-21T01:32:28.750106+00:00,201,81451.344,
2026-09-21T01:32:35.037006+00:00,201,75171.553,
2026-09-21T01:32:16.159069+00:00,201,94060.741,
2026-09-21T01:31:48.753207+00:00,201,121497.321,
2026-09-21T01:29:50.854325+00:00,201,239396.829,
2026-09-21T01:30:39.391881+00:00,201,190861.242,
2026-09-21T01:31:30.286171+00:00,201,139983.974,
2026-09-21T01:32:33.727569+00:00,201,76553.678,
2026-09-21T01:30:49.945842+00:00,201,180339.959,
2026-09-21T01:30:09.299887+00:00,201,220986.833,
2026-09-21T01:32:42.867077+00:00,201,67427.084,
2026-09-21T01:31:36.791503+00:00,201,133512.849,
2026-09-21T01:31:51.371448+00:00,201,118971.18,
2026-09-21T01:30:57.501481+00:00,201,172847.543,
2026-09-21T01:31:52.793742+00:00,201,117569.608,
2026-09-21T01:32:42.983562+00:00,201,67397.197,
2026-09-21T01:30:10.779912+00:00,201,219614.369,
2026-09-21T01:32:23.197695+00:00,201,87197.312,
2026-09-21T01:31:31.160692+00:00,201,139242.198,
2026-09-21T01:31:07.886504+00:00,201,162531.076,
2026-09-21T01:32:23.437351+00:00,201,86981.827,
2026-09-21T01:31:31.043093+00:00,201,139392.66,
2026-09-21T01:30:54.025627+00:00,201,176430.632,
2026-09-21T01:31:28.512244+00:00,201,141970.148,
2026-09-21T01:31:19.397427+00:00,201,151085.891,
2026-09-21T01:30:44.074601+00:00,201,186419.565,
2026-09-21T01:32:35.811276+00:00,201,74688.0,
2026-09-21T01:32:40.096349+00:00,201,70403.453,
2026-09-21T01:31:32.202428+00:00,201,138297.774,
2026-09-21T01:31:30.680821+00:00,201,139822.779,
2026-09-21T01:31:13.858798+00:00,201,156657.682,
2026-09-21T01:31:24.844699+00:00,201,145681.226,
2026-09-21T01:32:03.123127+00:00,201,107410.898,
2026-09-21T01:30:37.626172+00:00,201,192909.107,
2026-09-21T01:31:35.702364+00:00,201,134835.147,
2026-09-21T01:31:48.827815+00:00,201,121716.056,
2026-09-21T01:31:48.533053+00:00,201,122014.638,
2026-09-21T01:32:16.848619+00:00,201,93723.545,
2026-09-21T01:30:42.403508+00:00,201,188172.946,
2026-09-21T01:31:36.651275+00:00,201,133928.592,
2026-09-21T01:29:54.174142+00:00,201,236429.5,
2026-09-21T01:30:59.489341+00:00,201,171130.884,
2026-09-21T01:32:35.713935+00:00,201,74927.544,
2026-09-21T01:32:49.568493+00:00,201,61080.819,
2026-09-21T01:30:31.321561+00:00,201,199329.409,
2026-09-21T01:31:58.159827+00:00,201,112497.939,
2026-09-21T01:31:38.564709+00:00,201,132105.012,
2026-09-21T01:31:56.795551+00:00,201,113879.035,
2026-09-21T01:31:51.481376+00:00,201,119215.144,
2026-09-21T01:32:15.299537+00:00,201,95399.077,
2026-09-21T01:31:02.474962+00:00,201,168230.914,
2026-09-21T01:31:44.546308+00:00,201,126163.172,
2026-09-21T01:32:44.112898+00:00,201,66613.654,
2026-09-21T01:30:15.954750+00:00,201,214779.795,
2026-09-21T01:31:36.100308+00:00,201,134648.72,
2026-09-21T01:30:22.389264+00:00,201,208360.521,
2026-09-21T01:31:02.382484+00:00,201,168377.229,
2026-09-21T01:31:04.058442+00:00,201,166705.79,
2026-09-21T01:31:52.582353+00:00,201,118188.306,
2026-09-21T01:31:08.731661+00:00,201,162043.847,
2026-09-21T01:31:50.473495+00:00,201,120308.241,
2026-09-21T01:30:57.209418+00:00,201,173589.832,
2026-09-21T01:31:26.237862+00:00,201,144566.557,
2026-09-21T01:31:50.835367+00:00,201,119981.242,
2026-09-21T01:32:44.799013+00:00,201,66026.222,
2026-09-21T01:32:09.593721+00:00,201,101233.453,
2026-09-21T01:31:34.060362+00:00,201,136767.16,
2026-09-21T01:31:01.875451+00:00,201,168956.599,
2026-09-21T01:31:58.255606+00:00,201,112583.185,
2026-09-21T01:32:07.975426+00:00,201,102882.018,
2026-09-21T01:31:03.467531+00:00,201,167390.96,
2026-09-21T01:32:39.797917+00:00,201,71072.581,
2026-09-21T01:31:49.263051+00:00,201,121614.801,
2026-09-21T01:31:53.157308+00:00,201,117744.977,
2026-09-21T01:30:36.660342+00:00,201,194259.232,
2026-09-21T01:32:48.354766+00:00,201,62569.524,
2026-09-21T01:32:42.386018+00:00,201,68539.612,
2026-09-21T01:31:15.762514+00:00,201,155179.725,
2026-09-21T01:32:22.824844+00:00,201,88130.439,
2026-09-21T01:31:28.594018+00:00,201,142361.519,
2026-09-21T01:31:40.831544+00:00,201,130125.403,
2026-09-21T01:32:44.479366+00:00,201,66483.399,
2026-09-21T01:32:53.085270+00:00,201,57881.478,
2026-09-21T01:32:55.145075+00:00,201,55822.166,
2026-09-21T01:32:00.682033+00:00,201,110292.157,
2026-09-21T01:32:54.267132+00:00,201,56719.953,
2026-09-21T01:32:41.595267+00:00,201,69412.831,
2026-09-21T01:31:42.353093+00:00,201,128661.051,
2026-09-21T01:30:45.139298+00:00,201,185886.382,
2026-09-21T01:32:03.666480+00:00,201,107372.511,
2026-09-21T01:31:06.295317+00:00,201,164746.309,
2026-09-21T01:31:28.131793+00:00,201,142911.258,
2026-09-21T01:32:26.251152+00:00,201,84793.229,
2026-09-21T01:31:35.745867+00:00,201,135326.001,
2026-09-21T01:31:48.520317+00:00,201,122567.194,
2026-09-21T01:30:50.997996+00:00,201,180103.724,
2026-09-21T01:31:46.587459+00:00,201,124523.165,
2026-09-21T01:30:56.887764+00:00,201,174226.979,
2026-09-21T01:32:52.924459+00:00,201,58191.849,
2026-09-21T01:32:45.931165+00:00,201,65202.356,
2026-09-21T01:30:44.125763+00:00,201,187012.167,
2026-09-21T01:31:56.110546+00:00,201,115028.414,
2026-09-21T01:31:12.511659+00:00,201,158633.805,
2026-09-21T01:30:39.504483+00:00,201,191670.009,
2026-09-21T01:32:37.194414+00:00,201,73983.15,
2026-09-21T01:32:51.157620+00:00,201,60025.971,
2026-09-21T01:30:48.709242+00:00,201,182477.375,
2026-09-21T01:31:26.637554+00:00,201,144556.831,
2026-09-21T01:32:15.364328+00:00,201,95831.159,
2026-09-21T01:32:10.272345+00:00,201,100927.317,
2026-09-21T01:30:24.026422+00:00,201,207201.615,
2026-09-21T01:31:34.523785+00:00,201,136705.99,
2026-09-21T01:30:53.876451+00:00,201,177375.992,
2026-09-21T01:32:08.799067+00:00,201,102490.152,
2026-09-21T01:31:22.787843+00:00,201,148506.825,
2026-09-21T01:31:23.006700+00:00,201,148288.36,
2026-09-21T01:30:02.540920+00:00,201,228754.39,
2026-09-21T01:32:56.380976+00:00,201,54924.813,
2026-09-21T01:31:12.524343+00:00,201,158790.546,
2026-09-21T01:30:09.641219+00:00,201,221674.049,
2026-09-21T01:30:23.511340+00:00,201,207819.864,
2026-09-21T01:31:36.251047+00:00,201,135086.497,
2026-09-21T01:31:17.578884+00:00,201,153765.146,
2026-09-21T01:30:28.520253+00:00,201,202836.611,
2026-09-21T01:32:10.689030+00:00,201,100670.274,
2026-09-21T01:32:25.125410+00:00,201,86255.891,
2026-09-21T01:30:36.797922+00:00,201,194587.925,
2026-09-21T01:31:32.465311+00:00,201,138925.896,
2026-09-21T01:32:09.719143+00:00,201,101702.282,
2026-09-21T01:32:27.542441+00:00,201,83881.318,
2026-09-21T01:32:43.660398+00:00,201,67768.076,
2026-09-21T01:31:55.176247+00:00,201,116262.257,
2026-09-21T01:30:25.424254+00:00,201,206022.422,
2026-09-21T01:30:50.897846+00:00,201,180562.884,
2026-09-21T01:32:39.743843+00:00,201,71719.29,
2026-09-21T01:31:58.766669+00:00,201,112702.082,
2026-09-21T01:32:06.048316+00:00,201,105427.165,
2026-09-21T01:32:22.268263+00:00,201,89207.881,
2026-09-21T01:31:41.460864+00:00,201,130018.546,
2026-09-21T01:30:37.274899+00:00,201,194216.238,
2026-09-21T01:30:51.465084+00:00,201,180045.762,
2026-09-21T01:31:34.057655+00:00,201,137455.637,
2026-09-21T01:31:52.562423+00:00,201,118962.179,
2026-09-21T01:30:42.800560+00:00,201,188737.889,
2026-09-21T01:31:19.277716+00:00,201,152294.611,
2026-09-21T01:31:13.301031+00:00,201,158285.656,
2026-09-21T01:32:52.522088+00:00,201,59077.57,
2026-09-21T01:30:47.400716+00:00,201,184201.62,
2026-09-21T01:32:40.287812+00:00,201,71315.335,
2026-09-21T01:30:15.733377+00:00,201,215909.66,
2026-09-21T01:31:50.339071+00:00,201,121305.296,
2026-09-21T01:30:55.548666+00:00,201,176098.66,
2026-09-21T01:31:19.632128+00:00,201,152033.444,
2026-09-21T01:30:44.985621+00:00,201,186683.976,
2026-09-21T01:32:54.939388+00:00,201,56731.067,
2026-09-21T01:31:39.911902+00:00,201,131788.763,
2026-09-21T01:31:52.813495+00:00,201,118889.989,
2026-09-21T01:31:00.262618+00:00,201,171442.517,
2026-09-21T01:31:35.580556+00:00,201,136135.924,
2026-09-21T01:31:58.827664+00:00,201,112902.732,
2026-09-21T01:31:02.332477+00:00,201,169409.136,
2026-09-21T01:31:31.176267+00:00,201,140573.043,
2026-09-21T01:31:36.431952+00:00,201,135334.279,
2026-09-21T01:30:13.947771+00:00,201,217818.867,
2026-09-21T01:30:18.949986+00:00,201,212847.768,
2026-09-21T01:32:26.597279+00:00,201,85209.35,
2026-09-21T01:31:29.497916+00:00,201,142320.017,
2026-09-21T01:32:04.945580+00:00,201,106872.98,
2026-09-21T01:32:28.112513+00:00,201,83707.869,
2026-09-21T01:32:25.501376+00:00,201,86334.028,
2026-09-21T01:32:42.916297+00:00,201,68933.296,
2026-09-21T01:31:34.682219+00:00,201,137175.328,
2026-09-21T01:32:19.133142+00:00,201,92729.922,
2026-09-21T01:31:28.644848+00:00,201,143232.025,
2026-09-21T01:31:03.225942+00:00,201,168666.193,
2026-09-21T01:32:37.493977+00:00,201,74414.039,
2026-09-21T01:31:40.388076+00:00,201,131522.913,
2026-09-21T01:32:33.921262+00:00,201,78022.446,
2026-09-21T01:30:59.024784+00:00,201,172923.633,
2026-09-21T01:31:34.059015+00:00,201,137891.536,
2026-09-21T01:30:22.849694+00:00,201,209101.79,
2026-09-21T01:30:43.742024+00:00,201,188234.416,
2026-09-21T01:30:30.481934+00:00,201,201499.405,
2026-09-21T01:31:42.011689+00:00,201,129993.841,
2026-09-21T01:30:50.744933+00:00,201,181262.472,
2026-09-21T01:32:49.988151+00:00,201,62038.802,
2026-09-21T01:32:50.962143+00:00,201,61065.357,
2026-09-21T01:32:48.660815+00:00,201,63384.288,
2026-09-21T01:30:31.798890+00:00,201,200246.403,
2026-09-21T01:31:33.442376+00:00,201,138612.233,
2026-09-21T01:30:48.788568+00:00,201,183269.813,
2026-09-21T01:31:06.032565+00:00,201,166030.901,
2026-09-21T01:31:47.544326+00:00,201,124529.713,
2026-09-21T01:32:27.007954+00:00,201,85079.408,
2026-09-21T01:32:44.453725+00:00,201,67642.715,
2026-09-21T01:29:39.613154+00:00,201,252485.365,
2026-09-21T01:30:02.073492+00:00,201,230031.793,
2026-09-21T01:32:27.723973+00:00,201,84392.884,
2026-09-21T01:32:32.796562+00:00,201,79347.465,
2026-09-21T01:31:21.280059+00:00,201,150872.863,
2026-09-21T01:31:14.700399+00:00,201,157458.573,
2026-09-21T01:31:44.988477+00:00,201,127171.059,
2026-09-21T01:30:49.074497+00:00,201,183094.478,
2026-09-21T01:32:08.244376+00:00,201,103940.054,
2026-09-21T01:31:01.437791+00:00,201,170750.99,
2026-09-21T01:30:36.476729+00:00,201,195723.621,
2026-09-21T01:30:42.207840+00:00,201,190001.147,
2026-09-21T01:32:25.356902+00:00,201,86862.153,
2026-09-21T01:32:02.489395+00:00,201,109742.679,
2026-09-21T01:32:46.890017+00:00,201,65360.296,
2026-09-21T01:31:26.029851+00:00,201,146221.256,
2026-09-21T01:31:46.635052+00:00,201,125628.287,
2026-09-21T01:32:53.345776+00:00,201,58944.475,
2026-09-21T01:31:22.037463+00:00,201,150265.171,
2026-09-21T01:31:16.976262+00:00,201,155326.845,
2026-09-21T01:31:34.910511+00:00,201,137397.335,
2026-09-21T01:32:08.204652+00:00,201,104119.68,
2026-09-21T01:30:49.372755+00:00,201,182985.737,
2026-09-21T01:32:35.533705+00:00,201,76833.246,
2026-09-21T01:30:24.421550+00:00,201,207963.715,
2026-09-21T01:30:12.563695+00:00,201,219833.37,
2026-09-21T01:31:29.605570+00:00,201,142795.423,
2026-09-21T01:31:49.789825+00:00,201,122619.785,
2026-09-21T01:31:36.979958+00:00,201,135440.094,
2026-09-21T01:31:39.494333+00:00,201,132931.825,
2026-09-21T01:31:18.407291+00:00,201,154022.156,
2026-09-21T01:32:36.344230+00:00,201,76086.559,
2026-09-21T01:31:59.686044+00:00,201,112747.887,
2026-09-21T01:31:08.090600+00:00,201,164343.828,
2026-09-21T01:31:17.354869+00:00,201,155104.589,
2026-09-21T01:32:10.341472+00:00,201,102119.551,
2026-09-21T01:31:32.554497+00:00,201,139906.96,
2026-09-21T01:32:37.022580+00:00,201,75442.769,
2026-09-21T01:32:52.884640+00:00,201,59583.061,
2026-09-21T01:31:06.191444+00:00,201,166282.013,
2026-09-21T01:30:10.973975+00:00,201,221509.028,
2026-09-21T01:31:24.395264+00:00,201,148088.561,
2026-09-21T01:30:40.775308+00:00,201,191723.084,
2026-09-21T01:31:16.743071+00:00,201,155766.852,
2026-09-21T01:31:37.219305+00:00,201,135299.383,
2026-09-21T01:30:29.668882+00:00,201,202866.618,
2026-09-21T01:31:43.048162+00:00,201,129494.505,
2026-09-21T01:31:58.510692+00:00,201,114041.032,
2026-09-21T01:32:09.710116+00:00,201,102846.536,
2026-09-21T01:31:53.419886+00:00,201,119146.987,
2026-09-21T01:32:01.690143+00:00,201,110895.518,
2026-09-21T01:31:26.716541+00:00,201,145870.877,
2026-09-21T01:32:45.677209+00:00,201,66951.883,
2026-09-21T01:32:45.145856+00:00,201,67484.911,
2026-09-21T01:31:05.602690+00:00,201,167033.742,
2026-09-21T01:32:36.567382+00:00,201,76069.725,
2026-09-21T01:32:28.580838+00:00,201,84088.293,
2026-09-21T01:30:23.233096+00:00,201,209460.275,
2026-09-21T01:31:50.174754+00:00,201,122519.638,
2026-09-21T01:30:09.969853+00:00,201,222726.111,
2026-09-21T01:31:39.975233+00:00,201,132727.178,
2026-09-21T01:31:10.782150+00:00,201,161921.167,
2026-09-21T01:31:16.532755+00:00,201,156183.268,
2026-09-21T01:32:43.960664+00:00,201,68756.041,
2026-09-21T01:31:17.876995+00:00,201,154845.739,
2026-09-21T01:31:26.135562+00:00,201,146601.407,
2026-09-21T01:30:37.061586+00:00,201,195695.623,
2026-09-21T01:32:31.203350+00:00,201,81558.872,
2026-09-21T01:32:31.301885+00:00,201,81474.313,
2026-09-21T01:31:06.995565+00:00,201,165787.744,
2026-09-21T01:31:33.947962+00:00,201,138857.906,
2026-09-21T01:31:42.018646+00:00,201,130794.427,
2026-09-21T01:30:31.781903+00:00,201,201053.398,
2026-09-21T01:32:23.697883+00:00,201,89138.099,
2026-09-21T01:32:23.889896+00:00,201,88950.916,
2026-09-21T01:32:09.871576+00:00,201,102970.246,
2026-09-21T01:32:34.846281+00:00,201,77998.956,
2026-09-21T01:31:25.847359+00:00,201,147000.516,
2026-09-21T01:32:33.074499+00:00,201,79774.663,
2026-09-21T01:32:28.479514+00:00,201,84380.342,
2026-09-21T01:31:57.789305+00:00,201,115072.398,
2026-09-21T01:31:29.793983+00:00,201,143087.024,
2026-09-21T01:32:35.752597+00:00,201,77131.515,
2026-09-21T01:32:16.913924+00:00,201,96012.376,
2026-09-21T01:32:23.920548+00:00,201,89013.495,
2026-09-21T01:32:50.793385+00:00,201,62146.64,
2026-09-21T01:31:44.871022+00:00,201,128071.668,
2026-09-21T01:29:48.100690+00:00,201,244851.19,
2026-09-21T01:30:58.007211+00:00,201,174947.414,
2026-09-21T01:32:55.064926+00:00,201,57895.166,
2026-09-21T01:29:43.004256+00:00,201,249956.547,
2026-09-21T01:31:40.794374+00:00,201,132184.04,
2026-09-21T01:31:16.506193+00:00,201,156485.521,
2026-09-21T01:31:29.871348+00:00,201,143154.141,
2026-09-21T01:31:48.104260+00:00,201,124939.822,
2026-09-21T01:31:31.578322+00:00,201,141480.024,
2026-09-21T01:30:26.505436+00:00,201,206556.629,
2026-09-21T01:32:37.422279+00:00,201,75646.529,
2026-09-21T01:30:36.608444+00:00,201,196471.735,
2026-09-21T01:31:16.043364+00:00,201,157037.395,
2026-09-21T01:31:23.663277+00:00,201,149420.725,
2026-09-21T01:31:48.828549+00:00,201,124260.255,
2026-09-21T01:31:40.467183+00:00,201,132625.611,
2026-09-21T01:31:10.662563+00:00,201,162450.184,
2026-09-21T01:30:52.697372+00:00,201,180420.046,
2026-09-21T01:31:13.191568+00:00,201,159932.408,
2026-09-21T01:32:10.939746+00:00,201,102187.099,
2026-09-21T01:32:18.207479+00:00,201,94924.742,
2026-09-21T01:31:57.565255+00:00,201,115589.672,
2026-09-21T01:30:05.353225+00:00,201,227805.725,
2026-09-21T01:31:41.877528+00:00,201,131286.511,
2026-09-21T01:31:04.311636+00:00,201,168862.386,
2026-09-21T01:32:53.554083+00:00,201,59624.901,
2026-09-21T01:32:48.430559+00:00,201,64756.427,
2026-09-21T01:30:57.194136+00:00,201,176012.621,
2026-09-21T01:32:26.139541+00:00,201,87085.849,
2026-09-21T01:32:02.724643+00:00,201,110507.271,
2026-09-21T01:32:40.684917+00:00,201,72568.549,
2026-09-21T01:32:33.055724+00:00,201,80206.651,
2026-09-21T01:32:27.808390+00:00,201,85454.48,
2026-09-21T01:32:49.508409+00:00,201,63756.745,
2026-09-21T01:29:57.966689+00:00,201,235308.013,
2026-09-21T01:30:56.864073+00:00,201,176411.889,
2026-09-21T01:30:23.464975+00:00,201,209820.583,
2026-09-21T01:32:30.483551+00:00,201,82806.347,
2026-09-21T01:31:09.059763+00:00,201,164238.068,
2026-09-21T01:31:41.276024+00:00,201,132026.686,
2026-09-21T01:31:44.370332+00:00,201,128965.215,
2026-09-21T01:32:48.122293+00:00,201,65237.368,
2026-09-21T01:32:05.542999+00:00,201,107832.986,
2026-09-21T01:32:50.106821+00:00,201,63275.623,
2026-09-21T01:31:04.540611+00:00,201,168855.084,
2026-09-21T01:32:29.761154+00:00,201,83636.807,
2026-09-21T01:32:28.058877+00:00,201,85346.636,
2026-09-21T01:31:10.638173+00:00,201,162768.196,
2026-09-21T01:31:38.535784+00:00,201,134884.096,
2026-09-21T01:31:27.064439+00:00,201,146357.625,
2026-09-21T01:30:19.233690+00:00,201,214189.874,
2026-09-21T01:32:07.758513+00:00,201,105684.673,
2026-09-21T01:32:44.334396+00:00,201,69109.965,
2026-09-21T01:31:44.693285+00:00,201,128802.774,
2026-09-21T01:32:15.399070+00:00,201,98102.561,
2026-09-21T01:32:55.261976+00:00,201,58254.642,
2026-09-21T01:29:48.635140+00:00,201,244905.592,
2026-09-21T01:31:15.379194+00:00,201,158170.09,
2026-09-21T01:30:36.003799+00:00,201,197547.337,
2026-09-21T01:31:46.169360+00:00,201,127382.979,
2026-09-21T01:32:27.686870+00:00,201,85866.126,
2026-09-21T01:32:47.596221+00:00,201,65963.774,
2026-09-21T01:30:32.320246+00:00,201,201268.01,
2026-09-21T01:31:12.796225+00:00,201,160796.174,
2026-09-21T01:31:26.825310+00:00,201,146793.108,
2026-09-21T01:30:23.841897+00:00,201,209780.485,
2026-09-21T01:31:30.048829+00:00,201,143589.423,
2026-09-21T01:31:39.565529+00:00,201,134079.37,
2026-09-21T01:31:09.475337+00:00,201,164171.055,
2026-09-21T01:31:52.836952+00:00,201,120837.98,
2026-09-21T01:31:48.830430+00:00,201,124845.519,
2026-09-21T01:32:54.189355+00:00,201,59510.629,
2026-09-21T01:31:38.993812+00:00,201,134719.282,
2026-09-21T01:30:15.688365+00:00,201,218025.578,
2026-09-21T01:30:44.026738+00:00,201,189687.783,
2026-09-21T01:31:28.186111+00:00,201,145538.506,
2026-09-21T01:32:31.837851+00:00,201,81891.299,
2026-09-21T01:32:03.250029+00:00,201,110487.183,
2026-09-21T01:31:43.664736+00:00,201,130089.28,
2026-09-21T01:32:41.506865+00:00,201,72248.332,
2026-09-21T01:32:52.170923+00:00,201,61587.215,
2026-09-21T01:31:19.561443+00:00,201,154213.305,
2026-09-21T01:31:29.032252+00:00,201,144755.325,
2026-09-21T01:32:45.016350+00:00,201,68779.622,
2026-09-21T01:32:43.760679+00:00,201,70036.971,
2026-09-21T01:30:41.870687+00:00,201,191940.09,
2026-09-21T01:31:13.294242+00:00,201,160534.984,
2026-09-21T01:31:02.216824+00:00,201,171617.294,
2026-09-21T01:32:01.740327+00:00,201,112116.334,
2026-09-21T01:32:25.964241+00:00,201,87896.127,
2026-09-21T01:31:52.602709+00:00,201,121261.901,
2026-09-21T01:32:17.656095+00:00,201,96213.707,
2026-09-21T01:31:16.399521+00:00,201,157471.32,
2026-09-21T01:32:54.616709+00:00,201,59320.706,
2026-09-21T01:30:03.861001+00:00,201,230078.907,
2026-09-21T01:32:04.849555+00:00,201,109094.631,
2026-09-21T01:31:39.902170+00:00,201,134043.021,
2026-09-21T01:32:26.021127+00:00,201,87941.806,
2026-09-21T01:31:55.629922+00:00,201,118336.094,
2026-09-21T01:32:18.466969+00:00,201,95524.594,
2026-09-21T01:29:49.952719+00:00,201,244055.346,
2026-09-21T01:30:01.326097+00:00,201,232683.324,
2026-09-21T01:31:12.289436+00:00,201,161722.175,
2026-09-21T01:32:33.260829+00:00,201,80752.082,
2026-09-21T01:29:55.573325+00:00,201,238440.39,
2026-09-21T01:30:13.483650+00:00,201,220548.504,
2026-09-21T01:31:44.421937+00:00,201,129617.042,
2026-09-21T01:32:09.844676+00:00,201,104218.37,
2026-09-21T01:31:48.307718+00:00,201,125767.972,
2026-09-21T01:30:33.223468+00:00,201,200859.432,
2026-09-21T01:31:29.016168+00:00,201,145071.602,
2026-09-21T01:30:15.974598+00:00,201,218122.196,
2026-09-21T01:31:56.488848+00:00,201,117621.358,
2026-09-21T01:31:24.226487+00:00,201,149897.448,
2026-09-21T01:32:54.811502+00:00,201,59323.664,
2026-09-21T01:30:43.724180+00:00,201,190412.289,
2026-09-21T01:32:33.770237+00:00,201,80370.802,
2026-09-21T01:32:42.763117+00:00,201,71391.688,
2026-09-21T01:31:44.767059+00:00,201,129397.516,
2026-09-21T01:31:57.283659+00:00,201,116887.555,
2026-09-21T01:32:36.899196+00:00,201,77275.793,
2026-09-21T01:32:58.303414+00:00,201,55881.19,
2026-09-21T01:32:43.370943+00:00,201,70814.17,
2026-09-21T01:31:32.068572+00:00,201,142118.85,
2026-09-21T01:32:54.748996+00:00,201,59440.369,
2026-09-21T01:31:50.662211+00:00,201,123530.753,
2026-09-21T01:31:49.771643+00:00,201,124431.235,
2026-09-21T01:31:59.486243+00:00,201,114742.153,
2026-09-21T01:32:21.239358+00:00,201,93006.001,
2026-09-21T01:31:19.700544+00:00,201,154545.194,
2026-09-21T01:30:51.945126+00:00,201,182326.731,
2026-09-21T01:30:51.957601+00:00,201,182319.434,
2026-09-21T01:30:41.681539+00:00,201,192607.129,
2026-09-21T01:31:24.424912+00:00,201,149866.186,
2026-09-21T01:32:35.744323+00:00,201,78565.895,
2026-09-21T01:32:36.279515+00:00,201,78032.763,
2026-09-21T01:31:37.187089+00:00,201,137169.422,
2026-09-21T01:30:08.214104+00:00,201,226169.028,
2026-09-21T01:31:47.154338+00:00,201,127234.414,
2026-09-21T01:30:27.283594+00:00,201,207107.851,
2026-09-21T01:31:16.430730+00:00,201,157964.956,
2026-09-21T01:32:52.931832+00:00,201,61464.646,
2026-09-21T01:30:50.899865+00:00,201,183516.657,
2026-09-21T01:32:09.591147+00:00,201,104830.001,
2026-09-21T01:31:11.108430+00:00,201,163322.133,
2026-09-21T01:32:35.982104+00:00,201,78485.169,
2026-09-21T01:32:01.902790+00:00,201,112579.551,
2026-09-21T01:30:49.488428+00:00,201,185006.104,
2026-09-21T01:31:49.806013+00:00,201,124692.775,
2026-09-21T01:32:22.154245+00:00,201,92345.135,
2026-09-21T01:31:59.063514+00:00,201,115439.243,
2026-09-21T01:30:47.667401+00:00,201,186835.775,
2026-09-21T01:32:27.358427+00:00,201,87155.339,
2026-09-21T01:32:54.167077+00:00,201,60355.936,
2026-09-21T01:31:27.149288+00:00,201,147383.384,
2026-09-21T01:30:49.883178+00:00,201,184653.177,
2026-09-21T01:32:35.026414+00:00,201,79533.046,
2026-09-21T01:31:03.455293+00:00,201,171118.157,
2026-09-21T01:31:36.616853+00:00,201,137968.485,
2026-09-21T01:31:18.673429+00:00,201,155922.081,
2026-09-21T01:30:36.290455+00:00,201,198309.113,
2026-09-21T01:31:34.521476+00:00,201,140096.501,
2026-09-21T01:30:23.161327+00:00,201,211457.036,
2026-09-21T01:32:18.262452+00:00,201,96375.188,
2026-09-21T01:31:39.993857+00:00,201,134663.81,
2026-09-21T01:32:42.099006+00:00,201,72567.64,
2026-09-21T01:31:07.155415+00:00,201,167530.064,
2026-09-21T01:30:48.383201+00:00,201,186308.826,
2026-09-21T01:30:49.900544+00:00,201,184807.751,
2026-09-21T01:31:24.495538+00:00,201,150221.46,
2026-09-21T01:31:13.244104+00:00,201,161487.841,
2026-09-21T01:30:17.325884+00:00,201,217407.046,
2026-09-21T01:30:09.729787+00:00,201,225003.683,
2026-09-21T01:31:01.274510+00:00,201,173459.605,
2026-09-21T01:31:27.087235+00:00,201,147648.787,
2026-09-21T01:32:43.662735+00:00,201,71076.657,
2026-09-21T01:32:52.372426+00:00,201,62377.979,
2026-09-21T01:30:45.781312+00:00,201,188983.582,
2026-09-21T01:31:05.728286+00:00,201,169062.528,
2026-09-21T01:31:53.416243+00:00,201,121396.66,
2026-09-21T01:32:11.882275+00:00,201,102942.569,
2026-09-21T01:30:49.190794+00:00,201,185637.354,
2026-09-21T01:32:53.180556+00:00,201,61656.763,
2026-09-21T01:31:36.007707+00:00,201,138837.149,
2026-09-21T01:30:56.529623+00:00,201,178319.098,
2026-09-21T01:31:46.548284+00:00,201,128302.995,
2026-09-21T01:31:06.508451+00:00,201,168355.343,
2026-09-21T01:32:46.692263+00:00,201,68175.998,
2026-09-21T01:32:02.388454+00:00,201,112483.554,
2026-09-21T01:31:38.472677+00:00,201,136410.898,
2026-09-21T01:31:44.083842+00:00,201,130802.991,
2026-09-21T01:32:53.713526+00:00,201,61193.946,
2026-09-21T01:32:54.446729+00:00,201,60463.215,
2026-09-21T01:32:08.882663+00:00,201,106029.348,
2026-09-21T01:31:54.259465+00:00,201,120653.03,
2026-09-21T01:32:37.114349+00:00,201,77800.387,
2026-09-21T01:30:26.587734+00:00,201,208343.75,
2026-09-21T01:30:47.181735+00:00,201,187756.275,
2026-09-21T01:31:09.246870+00:00,201,165701.284,
2026-09-21T01:31:25.007697+00:00,201,149953.988,
2026-09-21T01:30:36.509181+00:00,201,198458.581,
2026-09-21T01:32:09.601972+00:00,201,105393.024,
2026-09-21T01:32:20.197512+00:00,201,94800.499,
2026-09-21T01:32:42.778627+00:00,201,72239.643,
2026-09-21T01:32:35.700243+00:00,201,79325.402,
2026-09-21T01:31:54.731634+00:00,201,120298.352,
2026-09-21T01:32:07.886935+00:00,201,107147.298,
2026-09-21T01:32:40.908672+00:00,201,74126.148,
2026-09-21T01:32:07.295229+00:00,201,107764.64,
2026-09-21T01:31:47.700140+00:00,201,127362.948,
2026-09-21T01:30:49.583661+00:00,201,185483.003,
2026-09-21T01:31:29.224425+00:00,201,145844.392,
2026-09-21T01:32:29.832016+00:00,201,85260.355,
2026-09-21T01:31:30.013690+00:00,201,145088.538,
2026-09-21T01:30:27.019942+00:00,201,208121.638,
2026-09-21T01:30:14.714537+00:00,201,220427.911,
2026-09-21T01:31:52.805494+00:00,201,122353.01,
2026-09-21T01:32:25.451680+00:00,201,89707.339,
2026-09-21T01:31:04.817161+00:00,201,170342.208,
2026-09-21T01:30:16.066078+00:00,201,219097.345,
2026-09-21T01:31:16.162660+00:00,201,159018.199,
2026-09-21T01:29:57.300897+00:00,201,237916.548,
2026-09-21T01:31:19.256193+00:00,201,155961.863,
2026-09-21T01:32:44.718487+00:00,201,70516.133,
2026-09-21T01:32:55.897110+00:00,201,59338.029,
2026-09-21T01:30:20.396278+00:00,201,214845.819,
2026-09-21T01:32:52.828389+00:00,201,62420.368,
2026-09-21T01:30:52.242005+00:00,201,183008.809,
2026-09-21T01:32:02.800328+00:00,201,112481.405,
2026-09-21T01:30:14.305899+00:00,201,220987.971,
2026-09-21T01:32:52.128729+00:00,201,63168.12,
2026-09-21T01:31:14.293099+00:00,201,161006.173,
2026-09-21T01:30:29.967580+00:00,201,205345.316,
2026-09-21T01:31:20.394991+00:00,201,154929.867,
2026-09-21T01:32:16.906813+00:00,201,98419.541,
2026-09-21T01:31:41.426405+00:00,201,133906.28,
2026-09-21T01:31:53.985277+00:00,201,121352.383,
2026-09-21T01:32:26.617080+00:00,201,88721.695,
2026-09-21T01:31:59.185031+00:00,201,116177.99,
2026-09-21T01:31:18.086001+00:00,201,157280.571,
2026-09-21T01:30:08.693405+00:00,201,226674.481,
2026-09-21T01:31:21.966230+00:00,201,153402.304,
2026-09-21T01:31:05.704485+00:00,201,169673.565,
2026-09-21T01:30:28.488876+00:00,201,206913.665,
2026-09-21T01:32:19.589868+00:00,201,95818.821,
2026-09-21T01:30:57.421273+00:00,201,177988.212,
2026-09-21T01:32:45.847634+00:00,201,69566.003,
2026-09-21T01:30:55.184289+00:00,201,180237.234,
2026-09-21T01:30:15.297191+00:00,201,220127.071,
2026-09-21T01:30:07.505932+00:00,201,227929.354,
2026-09-21T01:32:53.998342+00:00,201,61445.65,
2026-09-21T01:31:53.676739+00:00,201,121784.401,
2026-09-21T01:30:52.640103+00:00,201,182821.883,
2026-09-21T01:32:53.144140+00:00,201,62323.723,
2026-09-21T01:30:34.569391+00:00,201,200911.97,
2026-09-21T01:31:53.708445+00:00,201,121775.786,
2026-09-21T01:30:26.689755+00:00,201,208809.811,
2026-09-21T01:31:29.480981+00:00,201,146034.32,
2026-09-21T01:32:55.503191+00:00,201,60027.654,
2026-09-21T01:31:37.153640+00:00,201,138384.552,
2026-09-21T01:31:38.408274+00:00,201,137135.32,
2026-09-21T01:32:34.539210+00:00,201,81010.27,
2026-09-21T01:31:29.454298+00:00,201,146097.85,
2026-09-21T01:30:59.184660+00:00,201,176383.405,
2026-09-21T01:32:54.275431+00:00,201,61317.289,
2026-09-21T01:30:42.730474+00:00,201,192886.057,
2026-09-21T01:31:37.901235+00:00,201,137716.885,
2026-09-21T01:30:49.379843+00:00,201,186240.279,
2026-09-21T01:30:58.576495+00:00,201,177047.602,
2026-09-21T01:31:40.725497+00:00,201,134906.655,
2026-09-21T01:31:18.135240+00:00,201,157505.938,
2026-09-21T01:30:15.452263+00:00,201,220196.513,
2026-09-21T01:31:38.996458+00:00,201,136656.595,
2026-09-21T01:30:41.978439+00:00,201,193678.356,
2026-09-21T01:32:33.557491+00:00,201,82112.037,
2026-09-21T01:31:00.638763+00:00,201,175032.338,
2026-09-21T01:31:37.565885+00:00,201,138122.847,
2026-09-21T01:31:51.919304+00:00,201,123774.457,
2026-09-21T01:30:57.525970+00:00,201,178207.444,
2026-09-21T01:31:29.021990+00:00,201,146718.352,
2026-09-21T01:32:30.868433+00:00,201,84874.389,
2026-09-21T01:32:23.252856+00:00,201,92509.787,
2026-09-21T01:31:48.957381+00:00,201,126807.401,
2026-09-21T01:32:26.309518+00:00,201,89464.705,
2026-09-21T01:29:56.245640+00:00,201,239548.433,
2026-09-21T01:31:29.252163+00:00,201,146542.964,
2026-09-21T01:31:46.006726+00:00,201,129793.63,
2026-09-21T01:30:47.123211+00:00,201,188683.233,
2026-09-21T01:30:56.626432+00:00,201,179185.7,
2026-09-21T01:30:58.292030+00:00,201,177531.793,
2026-09-21T01:31:49.467744+00:00,201,126368.626,
2026-09-21T01:31:58.040672+00:00,201,117806.771,
2026-09-21T01:31:07.059696+00:00,201,168793.506,
2026-09-21T01:32:46.200530+00:00,201,69653.893,
2026-09-21T01:31:44.938787+00:00,201,130929.986,
2026-09-21T01:31:38.637383+00:00,201,137233.464,
2026-09-21T01:30:14.851502+00:00,201,221022.882,
2026-09-21T01:31:36.416076+00:00,201,139465.65,
2026-09-21T01:32:28.093229+00:00,201,87803.56,
2026-09-21T01:31:55.183603+00:00,201,120731.803,
2026-09-21T01:32:59.150329+00:00,201,56778.373,
2026-09-21T01:32:52.511570+00:00,201,63431.913,
2026-09-21T01:31:28.260542+00:00,201,147686.084,
2026-09-21T01:31:25.983843+00:00,201,149965.046,
2026-09-21T01:31:31.043841+00:00,201,144919.848,
2026-09-21T01:30:54.908113+00:00,201,181058.947,
2026-09-21T01:31:51.287322+00:00,201,124681.569,
2026-09-21T01:32:55.523294+00:00,201,60475.923,
2026-09-21T01:32:40.596314+00:00,201,75406.154,
2026-09-21T01:30:24.483510+00:00,201,211519.764,
2026-09-21T01:30:44.708713+00:00,201,191295.78,
2026-09-21T01:32:09.579439+00:00,201,106428.349,
2026-09-21T01:31:18.298205+00:00,201,157712.097,
2026-09-21T01:32:26.837037+00:00,201,89187.038,
2026-09-21T01:30:33.532195+00:00,201,202493.149,
2026-09-21T01:32:45.199452+00:00,201,70831.545,
2026-09-21T01:30:36.856798+00:00,201,199213.883,
2026-09-21T01:32:49.870809+00:00,201,66212.305,
2026-09-21T01:30:57.917273+00:00,201,178167.736,
2026-09-21T01:32:18.899596+00:00,201,97188.719,
2026-09-21T01:31:47.857743+00:00,201,128260.066,
2026-09-21T01:31:12.599923+00:00,201,163521.293,
2026-09-21T01:32:51.707673+00:00,201,64440.651,
2026-09-21T01:31:40.799410+00:00,201,135350.381,
2026-09-21T01:30:16.107766+00:00,201,220052.34,
2026-09-21T01:31:25.330705+00:00,201,150832.747,
2026-09-21T01:32:37.416726+00:00,201,78749.52,
2026-09-21T01:32:02.414817+00:00,201,113752.447,
2026-09-21T01:30:40.495046+00:00,201,195677.644,
2026-09-21T01:31:47.286723+00:00,201,128895.317,
2026-09-21T01:31:13.325327+00:00,201,162876.157,
2026-09-21T01:30:40.268710+00:00,201,195937.158,
2026-09-21T01:31:43.845139+00:00,201,132362.408,
2026-09-21T01:31:09.360937+00:00,201,166863.12,
2026-09-21T01:30:02.723331+00:00,201,233515.543,
2026-09-21T01:31:59.868881+00:00,201,116380.155,
2026-09-21T01:31:51.530466+00:00,201,124727.068,
2026-09-21T01:32:33.435920+00:00,201,82823.865,
2026-09-21T01:31:14.207345+00:00,201,162076.871,
2026-09-21T01:32:43.639879+00:00,201,72671.683,
2026-09-21T01:31:44.210990+00:00,201,132113.01,
2026-09-21T01:31:40.845454+00:00,201,135500.619,
2026-09-21T01:31:53.343868+00:00,201,123003.468,
2026-09-21T01:32:06.953091+00:00,201,109404.738,
2026-09-21T01:30:55.553503+00:00,201,180806.606,
2026-09-21T01:30:55.927449+00:00,201,180475.904,
2026-09-21T01:30:54.983242+00:00,201,181425.96,
2026-09-21T01:31:39.658593+00:00,201,136754.143,
2026-09-21T01:30:49.209899+00:00,201,187209.408,
2026-09-21T01:31:26.927005+00:00,201,149504.253,
2026-09-21T01:32:53.740695+00:00,201,62695.857,
2026-09-21T01:29:56.331622+00:00,201,240113.439,
2026-09-21T01:30:40.245062+00:00,201,196212.755,
2026-09-21T01:31:03.678550+00:00,201,172782.853,
2026-09-21T01:30:34.473925+00:00,201,202003.584,
2026-09-21T01:32:52.635866+00:00,201,63868.048,
2026-09-21T01:31:14.641307+00:00,201,161869.452,
2026-09-21T01:32:24.073618+00:00,201,92440.439,
2026-09-21T01:31:53.018861+00:00,201,123499.69,
2026-09-21T01:32:18.999056+00:00,201,97521.233,
2026-09-21T01:31:56.316734+00:00,201,120206.506,
2026-09-21T01:31:58.076511+00:00,201,118452.978,
2026-09-21T01:30:50.860050+00:00,201,185675.583,
2026-09-21T01:30:51.051832+00:00,201,185485.363,
2026-09-21T01:31:07.591709+00:00,201,168957.666,
2026-09-21T01:32:34.464192+00:00,201,82097.399,
2026-09-21T01:30:57.432554+00:00,201,179140.665,
2026-09-21T01:31:58.993174+00:00,201,117584.921,
2026-09-21T01:30:42.777202+00:00,201,193801.757,
2026-09-21T01:32:45.115272+00:00,201,71490.359,
2026-09-21T01:31:58.232187+00:00,201,118381.105,
2026-09-21T01:30:49.987646+00:00,201,186629.073,
2026-09-21T01:30:38.656342+00:00,201,197979.291,
2026-09-21T01:31:33.157479+00:00,201,143513.94,
2026-09-21T01:32:01.935740+00:00,201,114738.518,
2026-09-21T01:31:30.524145+00:00,201,146158.815,
2026-09-21T01:30:32.073484+00:00,201,204616.232,
2026-09-21T01:32:25.967111+00:00,201,90739.391,
2026-09-21T01:31:35.281923+00:00,201,141430.82,
2026-09-21T01:30:57.196057+00:00,201,179518.723,
2026-09-21T01:32:17.894816+00:00,201,98820.572,
2026-09-21T01:31:14.119408+00:00,201,162621.218,
2026-09-21T01:32:42.457698+00:00,201,74290.608,
2026-09-21T01:31:46.379381+00:00,201,130377.264,
2026-09-21T01:32:43.025285+00:00,201,73733.704,
2026-09-21T01:32:54.517672+00:00,201,62243.609,
2026-09-21T01:31:57.583673+00:00,201,119184.665,
2026-09-21T01:29:49.444879+00:00,201,247327.822,
2026-09-21T01:30:14.686513+00:00,201,222104.639,
2026-09-21T01:31:33.792772+00:00,201,143011.631,
2026-09-21T01:30:22.912031+00:00,201,213892.674,
2026-09-21T01:30:17.073721+00:00,201,219749.092,
2026-09-21T01:32:22.942666+00:00,201,93887.515,
2026-09-21T01:31:48.671512+00:00,201,128171.206,
2026-09-21T01:31:47.981966+00:00,201,128864.18,
2026-09-21T01:30:53.630669+00:00,201,183217.057,
2026-09-21T01:30:16.787649+00:00,201,220067.727,
2026-09-21T01:31:57.868294+00:00,201,118989.701,
2026-09-21T01:31:33.656271+00:00,201,143208.357,
2026-09-21T01:31:12.191386+00:00,201,164680.397,
2026-09-21T01:32:00.602944+00:00,201,116270.05,
2026-09-21T01:31:49.875284+00:00,201,127020.005,
2026-09-21T01:31:36.029696+00:00,201,140874.499,
2026-09-21T01:31:52.003068+00:00,201,124907.944,
2026-09-21T01:31:39.207614+00:00,201,137728.4,
2026-09-21T01:32:51.142243+00:00,201,65812.924,
2026-09-21T01:30:21.838276+00:00,201,215141.637,
2026-09-21T01:31:20.746318+00:00,201,156236.175,
2026-09-21T01:30:57.474268+00:00,201,179518.282,
2026-09-21T01:31:01.209631+00:00,201,175793.452,
2026-09-21T01:30:50.931035+00:00,201,186076.235,
2026-09-21T01:30:24.255961+00:00,201,212757.834,
2026-09-21T01:30:20.926091+00:00,201,216102.729,
2026-09-21T01:32:54.259588+00:00,201,62771.081,
2026-09-21T01:32:18.021238+00:00,201,99018.797,
2026-09-21T01:30:53.505125+00:00,201,183549.902,
2026-09-21T01:31:53.752552+00:00,201,123334.136,
2026-09-21T01:31:52.466921+00:00,201,124624.536,
2026-09-21T01:31:57.382042+00:00,201,119719.242,
2026-09-21T01:31:36.440069+00:00,201,140672.106,
2026-09-21T01:30:52.008361+00:00,201,185104.558,
2026-09-21T01:31:53.024669+00:00,201,124103.617,
2026-09-21T01:31:58.109505+00:00,201,119036.583,
2026-09-21T01:30:30.823302+00:00,201,206334.05,
2026-09-21T01:31:34.183832+00:00,201,142979.863,
2026-09-21T01:31:20.396375+00:00,201,156772.211,
2026-09-21T01:32:36.191629+00:00,201,80977.638,
2026-09-21T01:31:07.748978+00:00,201,169439.419,
2026-09-21T01:32:37.206669+00:00,201,79985.864,
2026-09-21T01:31:32.494522+00:00,201,144723.514,
2026-09-21T01:31:31.922054+00:00,201,145306.271,
2026-09-21T01:32:49.850107+00:00,201,67379.39,
2026-09-21T01:32:50.990291+00:00,201,66239.715,
2026-09-21T01:32:07.910434+00:00,201,109322.654,
2026-09-21T01:32:52.023540+00:00,201,65232.492,
2026-09-21T01:30:50.085290+00:00,201,187171.011,
2026-09-21T01:31:36.259991+00:00,201,141006.565,
2026-09-21T01:32:19.205949+00:00,201,98090.772,
2026-09-21T01:30:31.479659+00:00,201,205835.055,
2026-09-21T01:32:32.125935+00:00,201,85206.65,
2026-09-21T01:31:35.584024+00:00,201,141777.776,
2026-09-21T01:29:49.554055+00:00,201,247822.269,
2026-09-21T01:30:03.479541+00:00,201,233914.06,
2026-09-21T01:30:25.407152+00:00,201,212028.757,
2026-09-21T01:30:49.564514+00:00,201,187875.936,
2026-09-21T01:31:10.287161+00:00,201,167157.913,
2026-09-21T01:32:22.479553+00:00,201,94974.621,
2026-09-21T01:32:04.521032+00:00,201,112950.39,
2026-09-21T01:30:59.282616+00:00,201,178190.364,
2026-09-21T01:31:29.982623+00:00,201,147503.439,
2026-09-21T01:31:50.581123+00:00,201,126913.595,
2026-09-21T01:31:29.383828+00:00,201,148111.343,
2026-09-21T01:32:42.440838+00:00,201,75066.109,
2026-09-21T01:32:19.604259+00:00,201,97903.79,
2026-09-21T01:31:57.670612+00:00,201,119847.062,
2026-09-21T01:30:22.757146+00:00,201,214762.324,
2026-09-21T01:31:23.497410+00:00,201,154068.712,
2026-09-21T01:32:06.410583+00:00,201,111162.102,
2026-09-21T01:30:02.427373+00:00,201,235153.813,
2026-09-21T01:31:22.110103+00:00,201,155475.524,
2026-09-21T01:31:48.847540+00:00,201,128746.312,
2026-09-21T01:32:33.263248+00:00,201,84333.249,
2026-09-21T01:31:37.104504+00:00,201,140510.136,
2026-09-21T01:31:57.088949+00:00,201,120526.892,
2026-09-21T01:32:34.650199+00:00,201,82996.308,
2026-09-21T01:32:30.202046+00:00,201,87465.788,
2026-09-21T01:31:48.911360+00:00,201,128759.065,
2026-09-21T01:31:24.274953+00:00,201,153396.462,
2026-09-21T01:31:42.009401+00:00,201,135671.853,
2026-09-21T01:32:00.108099+00:00,201,117588.144,
2026-09-21T01:32:19.061920+00:00,201,98638.334,
2026-09-21T01:31:00.287610+00:00,201,177415.179,
2026-09-21T01:31:58.465421+00:00,201,119279.194,
2026-09-21T01:32:37.439094+00:00,201,80306.087,
2026-09-21T01:31:14.300691+00:00,201,163454.713,
2026-09-21T01:30:26.211906+00:00,201,211564.292,
2026-09-21T01:31:58.861660+00:00,201,118928.269,
2026-09-21T01:30:56.045908+00:00,201,181745.752,
2026-09-21T01:31:16.010420+00:00,201,161790.752,
2026-09-21T01:29:33.978919+00:00,201,263834.219,
2026-09-21T01:32:25.038094+00:00,201,92799.808,
2026-09-21T01:32:02.219652+00:00,201,115620.812,
2026-09-21T01:32:37.771988+00:00,201,80070.312,
2026-09-21T01:31:52.538344+00:00,201,125307.252,
2026-09-21T01:32:30.081258+00:00,201,87773.844,
2026-09-21T01:31:15.785897+00:00,201,162082.281,
2026-09-21T01:32:45.611121+00:00,201,72259.14,
2026-09-21T01:32:59.763029+00:00,201,58112.156,
2026-09-21T01:31:57.280984+00:00,201,120594.984,
2026-09-21T01:30:16.575883+00:00,201,221320.96,
2026-09-21T01:31:41.167168+00:00,201,136732.764,
2026-09-21T01:30:55.050499+00:00,201,182855.662,
2026-09-21T01:32:37.444938+00:00,201,80464.673,
2026-09-21T01:31:46.931703+00:00,201,130999.76,
2026-09-21T01:32:52.492486+00:00,201,65446.637,
2026-09-21T01:32:01.686836+00:00,201,116257.086,
2026-09-21T01:30:03.014578+00:00,201,234935.575,
2026-09-21T01:30:52.889468+00:00,201,185081.076,
2026-09-21T01:32:43.033782+00:00,201,74946.439,
2026-09-21T01:30:22.590974+00:00,201,215397.342,
2026-09-21T01:32:19.608908+00:00,201,98384.313,
2026-09-21T01:32:06.588948+00:00,201,111412.644,
2026-09-21T01:32:11.549080+00:00,201,106466.1,
2026-09-21T01:32:28.799179+00:00,201,89217.264,
2026-09-21T01:32:07.969631+00:00,201,110086.022,
2026-09-21T01:31:32.005983+00:00,201,146064.869,
2026-09-21T01:32:54.254969+00:00,201,63824.831,
2026-09-21T01:32:57.832653+00:00,201,60268.896,
2026-09-21T01:30:40.772255+00:00,201,197329.317,
2026-09-21T01:30:31.936576+00:00,201,206169.968,
2026-09-21T01:32:46.568865+00:00,201,71542.645,
2026-09-21T01:32:49.881187+00:00,201,68233.749,
2026-09-21T01:32:07.584101+00:00,201,110533.932,
2026-09-21T01:31:19.420871+00:00,201,158701.822,
2026-09-21T01:31:25.171175+00:00,201,153048.113,
2026-09-21T01:30:01.285397+00:00,201,236942.405,
2026-09-21T01:30:15.249931+00:00,201,222983.756,
2026-09-21T01:32:26.059088+00:00,201,92176.104,
2026-09-21T01:31:00.059829+00:00,201,178204.491,
2026-09-21T01:31:37.605230+00:00,201,140662.006,
2026-09-21T01:31:30.666575+00:00,201,147601.495,
2026-09-21T01:31:49.077849+00:00,201,129198.904,
2026-09-21T01:30:36.857677+00:00,201,201419.88,
2026-09-21T01:31:43.429009+00:00,201,134851.16,
2026-09-21T01:30:17.535838+00:00,201,220752.853,
2026-09-21T01:31:14.231020+00:00,201,164058.789,
2026-09-21T01:32:24.055533+00:00,201,94243.562,
2026-09-21T01:30:53.499721+00:00,201,184801.147,
2026-09-21T01:32:35.856812+00:00,201,82447.657,
2026-09-21T01:30:04.278095+00:00,201,234026.584,
2026-09-21T01:32:05.374679+00:00,201,112941.294,
2026-09-21T01:31:27.633601+00:00,201,150687.847,
2026-09-21T01:31:37.737152+00:00,201,140587.317,
2026-09-21T01:32:30.316107+00:00,201,88022.177,
2026-09-21T01:29:56.596130+00:00,201,241747.35,
2026-09-21T01:30:47.032523+00:00,201,191313.784,
2026-09-21T01:32:43.350753+00:00,201,74997.804,
2026-09-21T01:32:47.225240+00:00,201,71170.607,
2026-09-21T01:31:54.498160+00:00,201,123902.167,
2026-09-21T01:30:44.442828+00:00,201,193960.377,
2026-09-21T01:31:37.152869+00:00,201,141255.647,
2026-09-21T01:31:14.400262+00:00,201,164025.769,
2026-09-21T01:30:44.662098+00:00,201,193770.871,
2026-09-21T01:30:52.897595+00:00,201,185538.873,
2026-09-21T01:31:17.851963+00:00,201,160590.561,
2026-09-21T01:32:22.554155+00:00,201,95895.527,
2026-09-21T01:31:25.210215+00:00,201,153252.675,
2026-09-21T01:32:25.330981+00:00,201,93141.322,
2026-09-21T01:31:00.515818+00:00,201,177959.674,
2026-09-21T01:31:37.538551+00:00,201,140943.417,
2026-09-21T01:32:01.434152+00:00,201,117062.286,
2026-09-21T01:31:51.566607+00:00,201,126940.789,
2026-09-21T01:32:35.472233+00:00,201,83042.003,
2026-09-21T01:31:27.449530+00:00,201,151064.979,
2026-09-21T01:32:09.851981+00:00,201,108665.727,
2026-09-21T01:31:06.055876+00:00,201,172466.134,
2026-09-21T01:31:30.551583+00:00,201,147980.092,
2026-09-21T01:31:32.862577+00:00,201,145687.024,
2026-09-21T01:30:50.514638+00:00,201,188041.235,
2026-09-21T01:31:11.936886+00:00,201,166620.283,
2026-09-21T01:31:20.054847+00:00,201,158505.597,
2026-09-21T01:30:38.072808+00:00,201,200494.95,
2026-09-21T01:31:54.505476+00:00,201,124075.101,
2026-09-21T01:31:49.539741+00:00,201,129043.465,
2026-09-21T01:32:21.741228+00:00,201,96846.276,
2026-09-21T01:30:26.988246+00:00,201,211604.893,
2026-09-21T01:31:42.686921+00:00,201,135908.389,
2026-09-21T01:31:20.826905+00:00,201,157799.803,
2026-09-21T01:29:36.685865+00:00,201,261959.353,
2026-09-21T01:30:24.593575+00:00,201,214069.803,
2026-09-21T01:32:02.791872+00:00,201,115873.933,
2026-09-21T01:31:39.689440+00:00,201,138984.03,
2026-09-21T01:32:53.590502+00:00,201,65091.896,
2026-09-21T01:30:30.041582+00:00,201,208640.963,
2026-09-21T01:30:05.925062+00:00,201,232757.884,
2026-09-21T01:30:41.317296+00:00,201,197366.206,
2026-09-21T01:31:39.849233+00:00,201,138834.89,
2026-09-21T01:32:52.665573+00:00,201,66019.203,
2026-09-21T01:32:22.698149+00:00,201,95987.92,
2026-09-21T01:31:12.842530+00:00,201,165855.991,
2026-09-21T01:31:37.644138+00:00,201,141063.156,
2026-09-21T01:32:55.453333+00:00,201,63254.671,
2026-09-21T01:32:23.358832+00:00,201,95349.706,
2026-09-21T01:31:57.690548+00:00,201,121041.965,
2026-09-21T01:32:46.220225+00:00,201,72513.009,
2026-09-21T01:31:30.040706+00:00,201,148692.971,
2026-09-21T01:31:11.729492+00:00,201,167004.774,
2026-09-21T01:31:37.783407+00:00,201,140951.569,
2026-09-21T01:32:27.645045+00:00,201,91109.124,
2026-09-21T01:30:19.211401+00:00,201,219556.093,
2026-09-21T01:31:04.238941+00:00,201,174531.637,
2026-09-21T01:32:16.992887+00:00,201,101801.917,
2026-09-21T01:32:27.288091+00:00,201,91533.018,
2026-09-21T01:31:31.216129+00:00,201,147614.882,
2026-09-21T01:31:32.864102+00:00,201,145968.381,
2026-09-21T01:32:54.834430+00:00,201,64012.192,
2026-09-21T01:32:19.349695+00:00,201,99506.799,
2026-09-21T01:32:08.031141+00:00,201,110835.069,
2026-09-21T01:32:34.317543+00:00,201,84553.778,
2026-09-21T01:32:24.931588+00:00,201,93962.642,
2026-09-21T01:31:06.321903+00:00,201,172572.965,
2026-09-21T01:30:16.956069+00:00,201,221942.042,
2026-09-21T01:32:08.792652+00:00,201,110113.006,
2026-09-21T01:31:31.943839+00:00,201,146969.841,
2026-09-21T01:31:47.574819+00:00,201,131353.73,
2026-09-21T01:31:58.999279+00:00,201,119931.757,
2026-09-21T01:32:19.588022+00:00,201,99347.337,
2026-09-21T01:31:18.048833+00:00,201,160894.571,
2026-09-21T01:32:07.973363+00:00,201,110971.852,
2026-09-21T01:32:54.864826+00:00,201,64083.856,
2026-09-21T01:29:57.665734+00:00,201,241288.269,
2026-09-21T01:30:39.229743+00:00,201,199741.596,
2026-09-21T01:31:36.577003+00:00,201,142401.88,
2026-09-21T01:31:39.847909+00:00,201,139160.954,
2026-09-21T01:31:59.790963+00:00,201,119224.88,
2026-09-21T01:30:45.122514+00:00,201,193931.82,
2026-09-21T01:30:36.701886+00:00,201,202363.615,
2026-09-21T01:30:54.433008+00:00,201,184639.802,
2026-09-21T01:31:24.380440+00:00,201,154707.324,
2026-09-21T01:31:28.404129+00:00,201,150688.5,
2026-09-21T01:31:35.634201+00:00,201,143491.92,
2026-09-21T01:30:18.797930+00:00,201,220331.173,
2026-09-21T01:32:07.009595+00:00,201,112126.815,
2026-09-21T01:30:05.600296+00:00,201,233552.146,
2026-09-21T01:31:31.312913+00:00,201,147843.022,
2026-09-21T01:32:00.557750+00:00,201,118601.722,
2026-09-21T01:31:27.079385+00:00,201,152091.028,
2026-09-21T01:31:58.244385+00:00,201,120941.91,
2026-09-21T01:30:46.476807+00:00,201,192710.131,
2026-09-21T01:31:46.721250+00:00,201,132482.086,
2026-09-21T01:31:05.425285+00:00,201,173803.064,
2026-09-21T01:31:41.040698+00:00,201,138191.056,
2026-09-21T01:32:54.805994+00:00,201,64434.374,
2026-09-21T01:30:59.127882+00:00,201,180165.903,
2026-09-21T01:31:39.709171+00:00,201,139597.479,
2026-09-21T01:32:09.741975+00:00,201,109567.105,
2026-09-21T01:31:50.435978+00:00,201,128915.373,
2026-09-21T01:31:45.966862+00:00,201,133385.251,
2026-09-21T01:32:30.932868+00:00,201,88420.164,
2026-09-21T01:31:17.709947+00:00,201,161647.724,
2026-09-21T01:32:06.973208+00:00,201,112396.273,
2026-09-21T01:31:36.779476+00:00,201,142615.164,
2026-09-21T01:31:55.187882+00:00,201,124214.433,
2026-09-21T01:31:19.615047+00:00,201,159798.719,
2026-09-21T01:32:54.548486+00:00,201,64885.084,
2026-09-21T01:31:29.952922+00:00,201,149512.701,
2026-09-21T01:32:54.228556+00:00,201,65275.298,
2026-09-21T01:31:53.689349+00:00,201,125816.427,
2026-09-21T01:31:50.898778+00:00,201,128651.122,
2026-09-21T01:32:16.572359+00:00,201,102994.157,
2026-09-21T01:29:48.695293+00:00,201,250872.612,
2026-09-21T01:31:45.861859+00:00,201,133716.679,
2026-09-21T01:31:59.336888+00:00,201,120244.241,
2026-09-21T01:31:31.915579+00:00,201,147681.583,
2026-09-21T01:31:34.932408+00:00,201,144678.792,
2026-09-21T01:31:25.115524+00:00,201,154563.814,
2026-09-21T01:32:38.963406+00:00,201,80729.202,
2026-09-21T01:31:59.614408+00:00,201,120096.315,
2026-09-21T01:30:57.452078+00:00,201,182261.027,
2026-09-21T01:29:57.107466+00:00,201,242614.985,
2026-09-21T01:32:30.648960+00:00,201,89082.969,
2026-09-21T01:32:28.839358+00:00,201,90893.732,
2026-09-21T01:32:37.513488+00:00,201,82235.582,
2026-09-21T01:31:01.629827+00:00,201,178128.56,
2026-09-21T01:32:36.752806+00:00,201,83006.675,
2026-09-21T01:31:39.597792+00:00,201,140162.495,
2026-09-21T01:32:19.593684+00:00,201,100175.969,
2026-09-21T01:31:12.074525+00:00,201,167699.021,
2026-09-21T01:32:06.919253+00:00,201,112875.759,
2026-09-21T01:30:26.269132+00:00,201,213529.798,
2026-09-21T01:31:15.326159+00:00,201,164513.691,
2026-09-21T01:31:23.287409+00:00,201,156557.202,
2026-09-21T01:31:01.976275+00:00,201,177877.771,
2026-09-21T01:31:13.759645+00:00,201,166102.767,
2026-09-21T01:30:38.045162+00:00,201,201823.046,
2026-09-21T01:32:00.140741+00:00,201,119741.024,
2026-09-21T01:31:30.192936+00:00,201,149708.521,
2026-09-21T01:31:49.939909+00:00,201,129968.447,
2026-09-21T01:32:04.433799+00:00,201,115486.926,
2026-09-21T01:30:25.564417+00:00,201,214387.934,
2026-09-21T01:30:55.546201+00:00,201,184413.792,
2026-09-21T01:31:23.212927+00:00,201,156781.561,
2026-09-21T01:31:48.825854+00:00,201,131183.451,
2026-09-21T01:30:51.835656+00:00,201,188213.423,
2026-09-21T01:31:21.349033+00:00,201,158705.267,
2026-09-21T01:31:21.198083+00:00,201,158875.453,
2026-09-21T01:30:23.410134+00:00,201,216675.895,
2026-09-21T01:32:23.361672+00:00,201,96746.996,
2026-09-21T01:31:48.758029+00:00,201,131405.038,
2026-09-21T01:32:26.905223+00:00,201,93292.105,
2026-09-21T01:32:15.093901+00:00,201,105111.649,
2026-09-21T01:31:02.681706+00:00,201,177551.571,
2026-09-21T01:32:08.627187+00:00,201,111607.251,
2026-09-21T01:31:57.567705+00:00,201,122684.068,
2026-09-21T01:31:57.967975+00:00,201,122293.46,
2026-09-21T01:30:20.521436+00:00,201,219777.518,
2026-09-21T01:31:38.966510+00:00,201,141351.067,
2026-09-21T01:31:20.257926+00:00,201,160089.776,
2026-09-21T01:30:54.266350+00:00,201,186133.894,
2026-09-21T01:32:36.838791+00:00,201,83566.255,
2026-09-21T01:31:13.873857+00:00,201,166532.848,
2026-09-21T01:31:13.326511+00:00,201,167082.899,
2026-09-21T01:30:56.917016+00:00,201,183554.508,
2026-09-21T01:32:41.107166+00:00,201,79388.339,
2026-09-21T01:30:47.745755+00:00,201,192754.189,
2026-09-21T01:31:25.963360+00:00,201,154549.31,
2026-09-21T01:32:03.395919+00:00,201,117117.721,
2026-09-21T01:31:51.304799+00:00,201,129225.062,
2026-09-21T01:32:44.964328+00:00,201,75579.731,
2026-09-21T01:32:52.067658+00:00,201,68482.319,
2026-09-21T01:31:25.322389+00:00,201,155232.994,
2026-09-21T01:30:46.123206+00:00,201,194433.962,
2026-09-21T01:31:23.510941+00:00,201,157053.289,
2026-09-21T01:32:07.140773+00:00,201,113432.612,
2026-09-21T01:31:08.117623+00:00,201,172469.334,
2026-09-21T01:32:37.347491+00:00,201,83242.785,
2026-09-21T01:32:27.132550+00:00,201,93462.708,
2026-09-21T01:31:05.405128+00:00,201,175226.565,
2026-09-21T01:31:49.969220+00:00,201,130663.434,
2026-09-21T01:32:28.622587+00:00,201,92024.072,
2026-09-21T01:31:10.404016+00:00,201,170244.457,
2026-09-21T01:32:40.254212+00:00,201,80424.162,
2026-09-21T01:32:36.341265+00:00,201,84358.701,
2026-09-21T01:31:25.273257+00:00,201,155428.353,
2026-09-21T01:30:09.632660+00:00,201,231077.998,
2026-09-21T01:32:22.370690+00:00,201,98346.666,
2026-09-21T01:31:01.378093+00:00,201,179367.887,
2026-09-21T01:32:26.644537+00:00,201,94120.281,
2026-09-21T01:29:51.584307+00:00,201,249191.861,
2026-09-21T01:30:43.179895+00:00,201,197638.727,
2026-09-21T01:31:18.796258+00:00,201,162042.06,
2026-09-21T01:30:51.231600+00:00,201,189616.877,
2026-09-21T01:32:27.497859+00:00,201,93359.137,
2026-09-21T01:31:38.836755+00:00,201,142038.975,
2026-09-21T01:31:50.180244+00:00,201,130697.13,
2026-09-21T01:31:55.170073+00:00,201,125722.177,
2026-09-21T01:32:25.524791+00:00,201,95369.216,
2026-09-21T01:32:52.000566+00:00,201,68933.891,
2026-09-21T01:32:53.388379+00:00,201,67567.455,
2026-09-21T01:31:27.623976+00:00,201,153344.296,
2026-09-21T01:32:18.521573+00:00,201,102464.497,
2026-09-21T01:32:45.891258+00:00,201,75104.302,
2026-09-21T01:30:52.393457+00:00,201,188605.84,
2026-09-21T01:32:42.143373+00:00,201,78887.06,
2026-09-21T01:29:49.763319+00:00,201,251284.709,
2026-09-21T01:32:01.909051+00:00,201,119149.975,
2026-09-21T01:31:01.292660+00:00,201,179773.639,
2026-09-21T01:31:02.321339+00:00,201,178791.817,
2026-09-21T01:31:14.452686+00:00,201,166670.638,
2026-09-21T01:30:55.735968+00:00,201,185396.488,
2026-09-21T01:31:21.828260+00:00,201,159323.277,
2026-09-21T01:31:03.427863+00:00,201,177733.835,
2026-09-21T01:31:00.584849+00:00,201,180592.177,
2026-09-21T01:31:30.231351+00:00,201,150949.313,
2026-09-21T01:32:25.202350+00:00,201,95988.966,
2026-09-21T01:32:03.781190+00:00,201,117427.596,
2026-09-21T01:32:09.278932+00:00,201,111931.714,
2026-09-21T01:31:09.823213+00:00,201,171436.7,
2026-09-21T01:31:29.891462+00:00,201,151425.566,
2026-09-21T01:30:30.768190+00:00,201,210551.319,
2026-09-21T01:32:22.631571+00:00,201,98715.596,
2026-09-21T01:30:52.794006+00:00,201,188556.661,
2026-09-21T01:31:44.025294+00:00,201,137326.346,
2026-09-21T01:31:08.076310+00:00,201,173277.915,
2026-09-21T01:32:08.703564+00:00,201,112659.291,
2026-09-21T01:32:36.355521+00:00,201,85008.3,
2026-09-21T01:31:12.374750+00:00,201,168993.767,
2026-09-21T01:31:01.125080+00:00,201,180247.372,
2026-09-21T01:31:22.536204+00:00,201,158843.418,
2026-09-21T01:30:54.818096+00:00,201,186567.594,
2026-09-21T01:31:59.681053+00:00,201,121720.858,
2026-09-21T01:30:32.507009+00:00,201,208907.847,
2026-09-21T01:32:24.027933+00:00,201,97397.144,
2026-09-21T01:31:15.357743+00:00,201,166073.093,
2026-09-21T01:32:54.185719+00:00,201,67246.231,
2026-09-21T01:30:37.710747+00:00,201,203731.517,
2026-09-21T01:32:58.329469+00:00,201,63120.074,
2026-09-21T01:31:28.479626+00:00,201,152971.669,
2026-09-21T01:30:38.545963+00:00,201,202913.657,
2026-09-21T01:31:18.427548+00:00,201,163054.279,
2026-09-21T01:30:15.863852+00:00,201,225656.069,
2026-09-21T01:32:17.409481+00:00,201,104141.935,
2026-09-21T01:32:43.267521+00:00,201,78290.913,
2026-09-21T01:32:46.033643+00:00,201,75540.269,
2026-09-21T01:31:59.906638+00:00,201,121680.17,
2026-09-21T01:32:52.204697+00:00,201,69390.252,
2026-09-21T01:32:06.672804+00:00,201,114932.909,
2026-09-21T01:31:32.341288+00:00,201,149325.689,
2026-09-21T01:31:49.866222+00:00,201,131810.787,
2026-09-21T01:32:24.498588+00:00,201,97182.0,
2026-09-21T01:32:37.027721+00:00,201,84659.167,
2026-09-21T01:31:44.557339+00:00,201,137140.512,
2026-09-21T01:29:55.848497+00:00,201,245854.277,
2026-09-21T01:31:25.918753+00:00,201,155823.1,
2026-09-21T01:31:35.350423+00:00,201,146406.726,
2026-09-21T01:32:19.558669+00:00,201,102204.967,
2026-09-21T01:31:24.357585+00:00,201,157440.763,
2026-09-21T01:29:42.099451+00:00,201,259701.297,
2026-09-21T01:31:58.586424+00:00,201,123224.348,
2026-09-21T01:30:24.505813+00:00,201,217305.643,
2026-09-21T01:32:16.215730+00:00,201,105626.352,
2026-09-21T01:32:20.709297+00:00,201,101143.181,
2026-09-21T01:30:47.714058+00:00,201,194165.349,
2026-09-21T01:32:25.442673+00:00,201,96467.535,
2026-09-21T01:31:00.317518+00:00,201,181602.706,
2026-09-21T01:32:08.688519+00:00,201,113271.033,
2026-09-21T01:32:34.819564+00:00,201,87149.891,
2026-09-21T01:32:46.299644+00:00,201,75672.441,
2026-09-21T01:30:26.600375+00:00,201,215373.659,
2026-09-21T01:31:47.636196+00:00,201,134362.879,
2026-09-21T01:32:52.497485+00:00,201,69505.441,
2026-09-21T01:31:38.377966+00:00,201,143627.967,
2026-09-21T01:30:53.138910+00:00,201,188875.382,
2026-09-21T01:31:04.401835+00:00,201,177643.831,
2026-09-21T01:31:07.442674+00:00,201,174620.066,
2026-09-21T01:30:10.423355+00:00,201,231643.848,
2026-09-21T01:32:54.584845+00:00,201,67513.087,
2026-09-21T01:30:48.001149+00:00,201,194142.86,
2026-09-21T01:31:29.878798+00:00,201,152298.773,
2026-09-21T01:31:30.399271+00:00,201,151791.673,
2026-09-21T01:31:54.282102+00:00,201,127909.694,
2026-09-21T01:30:51.094239+00:00,201,191100.884,
2026-09-21T01:30:20.774072+00:00,201,221428.162,
2026-09-21T01:31:34.255282+00:00,201,147960.137,
2026-09-21T01:32:25.066648+00:00,201,97150.718,
2026-09-21T01:32:35.962711+00:00,201,86255.807,
2026-09-21T01:32:00.196010+00:00,201,122069.683,
2026-09-21T01:31:28.932309+00:00,201,153350.941,
2026-09-21T01:29:51.476592+00:00,201,250820.312,
2026-09-21T01:31:06.707086+00:00,201,175596.889,
2026-09-21T01:31:16.636333+00:00,201,165681.654,
2026-09-21T01:32:53.750011+00:00,201,68571.559,
2026-09-21T01:30:38.354309+00:00,201,203970.535,
2026-09-21T01:29:47.783111+00:00,201,254569.753,
2026-09-21T01:32:18.182334+00:00,201,104178.644,
2026-09-21T01:31:43.961550+00:00,201,138401.045,
2026-09-21T01:32:54.611886+00:00,201,67751.714,
2026-09-21T01:32:08.379512+00:00,201,114006.322,
2026-09-21T01:32:16.500171+00:00,201,105909.573,
2026-09-21T01:31:34.248383+00:00,201,148210.304,
2026-09-21T01:30:57.520284+00:00,201,184939.167,
2026-09-21T01:29:51.059129+00:00,201,251430.558,
2026-09-21T01:31:49.342846+00:00,201,133149.744,
2026-09-21T01:31:51.005084+00:00,201,131491.133,
2026-09-21T01:31:17.059174+00:00,201,165444.306,
2026-09-21T01:30:32.394891+00:00,201,210122.325,
2026-09-21T01:31:22.028147+00:00,201,160542.243,
2026-09-21T01:31:35.744243+00:00,201,146830.315,
2026-09-21T01:31:06.466174+00:00,201,176111.243,
2026-09-21T01:29:43.303528+00:00,201,259282.73,
2026-09-21T01:30:04.573725+00:00,201,238029.323,
2026-09-21T01:31:39.866444+00:00,201,142785.924,
2026-09-21T01:31:22.663207+00:00,201,160002.559,
2026-09-21T01:32:34.956654+00:00,201,87714.956,
2026-09-21T01:31:02.153454+00:00,201,180562.143,
2026-09-21T01:29:45.690246+00:00,201,257030.213,
2026-09-21T01:31:03.623259+00:00,201,179116.981,
2026-09-21T01:31:40.311391+00:00,201,142448.179,
2026-09-21T01:31:48.199249+00:00,201,134575.439,
2026-09-21T01:32:31.892099+00:00,201,90896.996,
2026-09-21T01:31:10.220011+00:00,201,172569.769,
2026-09-21T01:32:18.400404+00:00,201,104395.952,
2026-09-21T01:32:39.238400+00:00,201,83569.72,
2026-09-21T01:31:15.742706+00:00,201,167068.794,
2026-09-21T01:29:56.449405+00:00,201,246387.195,
2026-09-21T01:31:35.963969+00:00,201,146879.039,
2026-09-21T01:30:13.919324+00:00,201,228966.188,
2026-09-21T01:31:26.392062+00:00,201,156496.888,
2026-09-21T01:31:59.169792+00:00,201,123732.858,
2026-09-21T01:31:07.704835+00:00,201,175203.094,
2026-09-21T01:32:32.104001+00:00,201,90812.301,
2026-09-21T01:32:26.638090+00:00,201,96279.098,
2026-09-21T01:31:15.225455+00:00,201,167735.366,
2026-09-21T01:31:19.939620+00:00,201,163023.614,
2026-09-21T01:31:55.197203+00:00,201,127771.028,
2026-09-21T01:31:23.018478+00:00,201,159960.423,
2026-09-21T01:31:18.023369+00:00,201,164974.81,
2026-09-21T01:32:26.534022+00:00,201,96474.755,
2026-09-21T01:31:09.300593+00:00,201,173736.299,
2026-09-21T01:30:48.382155+00:00,201,194709.008,
2026-09-21T01:32:06.831475+00:00,201,116269.778,
2026-09-21T01:31:06.637971+00:00,201,176485.351,
2026-09-21T01:30:27.693748+00:00,201,215441.698,
2026-09-21T01:32:50.322395+00:00,201,72816.562,
2026-09-21T01:30:51.970352+00:00,201,191201.375,
2026-09-21T01:32:00.634970+00:00,201,122543.671,
2026-09-21T01:32:05.928061+00:00,201,117251.357,
2026-09-21T01:30:49.601230+00:00,201,193592.75,
2026-09-21T01:32:58.586736+00:00,201,64610.916,
2026-09-21T01:31:45.110914+00:00,201,138100.153,
2026-09-21T01:31:39.996660+00:00,201,143216.877,
2026-09-21T01:31:48.275867+00:00,201,134939.338,
2026-09-21T01:32:54.631672+00:00,201,68598.196,
2026-09-21T01:31:59.394538+00:00,201,123836.048,
2026-09-21T01:32:29.323810+00:00,201,93916.795,
2026-09-21T01:31:25.822802+00:00,201,157442.327,
2026-09-21T01:32:34.790888+00:00,201,88484.733,
2026-09-21T01:31:13.500777+00:00,201,169775.425,
2026-09-21T01:32:29.081045+00:00,201,94216.703,
2026-09-21T01:31:57.964528+00:00,201,125347.091,
2026-09-21T01:31:27.442864+00:00,201,155877.071,
2026-09-21T01:31:52.786369+00:00,201,130545.914,
2026-09-21T01:31:44.880147+00:00,201,138456.025,
2026-09-21T01:30:23.148298+00:00,201,220201.132,
2026-09-21T01:31:19.117216+00:00,201,164237.941,
2026-09-21T01:31:33.677735+00:00,201,149685.928,
2026-09-21T01:31:34.969386+00:00,201,148402.891,
2026-09-21T01:31:56.939618+00:00,201,126451.621,
2026-09-21T01:30:26.759247+00:00,201,216652.469,
2026-09-21T01:31:53.405800+00:00,201,130031.661,
2026-09-21T01:31:16.400551+00:00,201,167063.388,
2026-09-21T01:29:44.093539+00:00,201,259384.123,
2026-09-21T01:30:33.792634+00:00,201,209700.028,
2026-09-21T01:31:25.232636+00:00,201,158287.177,
2026-09-21T01:31:40.033409+00:00,201,143489.77,
2026-09-21T01:31:49.698030+00:00,201,133825.932,
2026-09-21T01:32:26.084130+00:00,201,97457.355,
2026-09-21T01:32:36.835122+00:00,201,86745.787,
2026-09-21T01:31:58.472152+00:00,201,125144.298,
2026-09-21T01:32:34.994042+00:00,201,88623.244,
2026-09-21T01:31:18.496443+00:00,201,165125.369,
2026-09-21T01:31:43.287415+00:00,201,140347.693,
2026-09-21T01:30:28.493451+00:00,201,215160.576,
2026-09-21T01:31:35.902300+00:00,201,147786.558,
2026-09-21T01:31:28.390675+00:00,201,155302.915,
2026-09-21T01:31:04.821821+00:00,201,178873.006,
2026-09-21T01:32:52.559127+00:00,201,71137.993,
2026-09-21T01:32:56.656999+00:00,201,67055.406,
2026-09-21T01:30:19.718782+00:00,201,223997.004,
2026-09-21T01:32:55.091117+00:00,201,68635.451,
2026-09-21T01:30:57.825285+00:00,201,185903.4,
2026-09-21T01:31:38.211255+00:00,201,145518.616,
2026-09-21T01:32:35.648174+00:00,201,88086.42,
2026-09-21T01:32:24.128956+00:00,201,99608.381,
2026-09-21T01:31:33.697225+00:00,201,150041.391,
2026-09-21T01:30:23.349355+00:00,201,220394.37,
2026-09-21T01:32:37.953821+00:00,201,85793.111,
2026-09-21T01:31:35.974256+00:00,201,147793.82,
2026-09-21T01:31:47.504434+00:00,201,136264.904,
2026-09-21T01:32:38.630532+00:00,201,85157.246,
2026-09-21T01:30:03.413528+00:00,201,240383.315,
2026-09-21T01:31:56.640882+00:00,201,127169.34,
2026-09-21T01:31:26.190068+00:00,201,157621.759,
2026-09-21T01:31:10.343532+00:00,201,173471.563,
2026-09-21T01:30:28.885261+00:00,201,214930.57,
2026-09-21T01:30:54.913250+00:00,201,188905.329,
2026-09-21T01:31:37.223163+00:00,201,146602.757,
2026-09-21T01:31:26.218094+00:00,201,157615.299,
2026-09-21T01:31:23.266722+00:00,201,160583.239,
2026-09-21T01:32:29.464698+00:00,201,94389.616,
2026-09-21T01:31:33.314612+00:00,201,150539.984,
2026-09-21T01:30:53.539518+00:00,201,190321.584,
2026-09-21T01:30:53.017858+00:00,201,190846.896,
2026-09-21T01:32:48.756019+00:00,201,75112.636,
2026-09-21T01:31:58.583033+00:00,201,125286.012,
2026-09-21T01:31:24.123543+00:00,201,159774.496,
2026-09-21T01:32:01.255705+00:00,201,122657.478,
2026-09-21T01:30:44.843846+00:00,201,199078.153,
2026-09-21T01:31:13.542294+00:00,201,170381.339,
2026-09-21T01:30:55.551129+00:00,201,188377.157,
2026-09-21T01:31:20.934113+00:00,201,163002.732,
2026-09-21T01:31:28.797226+00:00,201,155147.726,
2026-09-21T01:31:58.965944+00:00,201,124993.673,
2026-09-21T01:32:56.117913+00:00,201,67843.046,
2026-09-21T01:29:50.068718+00:00,201,253893.132,
2026-09-21T01:32:08.175418+00:00,201,115796.633,
2026-09-21T01:30:18.079399+00:00,201,225908.075,
2026-09-21T01:32:46.277136+00:00,201,77734.117,
2026-09-21T01:31:07.409198+00:00,201,176604.948,
2026-09-21T01:32:41.984574+00:00,201,82033.837,
2026-09-21T01:31:58.992433+00:00,201,125039.021,
2026-09-21T01:32:34.692963+00:00,201,89342.984,
2026-09-21T01:31:24.336022+00:00,201,159724.86,
2026-09-21T01:32:30.635666+00:00,201,93425.684,
2026-09-21T01:30:50.448184+00:00,201,193621.242,
2026-09-21T01:32:38.654595+00:00,201,85415.865,
2026-09-21T01:31:18.262796+00:00,201,165821.416,
2026-09-21T01:30:50.581524+00:00,201,193508.298,
2026-09-21T01:32:35.664495+00:00,201,88430.096,
2026-09-21T01:32:26.457544+00:00,201,97646.946,
2026-09-21T01:31:32.349113+00:00,201,151797.746,
2026-09-21T01:30:50.214708+00:00,201,193946.163,
2026-09-21T01:32:05.087499+00:00,201,119073.869,
2026-09-21T01:31:56.942280+00:00,201,127223.817,
2026-09-21T01:31:38.957514+00:00,201,145210.909,
2026-09-21T01:31:52.555171+00:00,201,131615.78,
2026-09-21T01:31:51.807761+00:00,201,132370.615,
2026-09-21T01:32:10.171016+00:00,201,114007.872,
2026-09-21T01:32:55.483160+00:00,201,68701.208,
2026-09-21T01:32:46.580097+00:00,201,77615.598,
2026-09-21T01:30:30.896021+00:00,201,213311.105,
2026-09-21T01:31:25.889671+00:00,201,158321.203,
2026-09-21T01:31:28.763526+00:00,201,155454.319,
2026-09-21T01:32:41.369697+00:00,201,82849.09,
2026-09-21T01:32:25.156361+00:00,201,99074.674,
2026-09-21T01:31:20.597943+00:00,201,163637.328,
2026-09-21T01:31:56.291091+00:00,201,127953.11,
2026-09-21T01:31:39.979530+00:00,201,144265.472,
2026-09-21T01:32:46.274614+00:00,201,77983.567,
2026-09-21T01:32:45.802517+00:00,201,78466.886,
2026-09-21T01:31:55.949822+00:00,201,128321.473,
2026-09-21T01:31:12.874492+00:00,201,171408.082,
2026-09-21T01:32:02.096745+00:00,201,122197.512,
2026-09-21T01:31:33.896464+00:00,201,150398.119,
2026-09-21T01:31:47.699380+00:00,201,136599.528,
2026-09-21T01:31:46.916013+00:00,201,137390.498,
2026-09-21T01:32:01.264691+00:00,201,123059.273,
2026-09-21T01:31:28.304114+00:00,201,156020.19,
2026-09-21T01:31:21.485973+00:00,201,162846.461,
2026-09-21T01:31:56.077330+00:00,201,128257.811,
2026-09-21T01:30:55.429718+00:00,201,188909.097,
2026-09-21T01:32:26.074575+00:00,201,98265.484,
2026-09-21T01:32:53.318514+00:00,201,71036.807,
2026-09-21T01:32:55.554419+00:00,201,68814.663,
2026-09-21T01:32:31.147159+00:00,201,93235.669,
2026-09-21T01:32:12.380462+00:00,201,112002.735,
2026-09-21T01:31:07.068289+00:00,201,177315.15,
2026-09-21T01:30:55.668128+00:00,201,188731.374,
2026-09-21T01:31:52.200523+00:00,201,132214.173,
2026-09-21T01:31:56.638222+00:00,201,127783.591,
2026-09-21T01:30:57.960159+00:00,201,186466.43,
2026-09-21T01:31:50.860519+00:00,201,133575.623,
2026-09-21T01:31:48.530866+00:00,201,135905.701,
2026-09-21T01:31:18.331107+00:00,201,166111.962,
2026-09-21T01:32:43.290607+00:00,201,81158.806,
2026-09-21T01:32:00.230780+00:00,201,124224.534,
2026-09-21T01:31:37.197339+00:00,201,147277.833,
2026-09-21T01:31:51.273969+00:00,201,133219.664,
2026-09-21T01:31:29.007209+00:00,201,155499.988,
2026-09-21T01:32:08.910166+00:00,201,115602.925,
2026-09-21T01:30:39.605260+00:00,201,204910.556,
2026-09-21T01:32:01.448556+00:00,201,123084.755,
2026-09-21T01:30:28.590106+00:00,201,215951.944,
2026-09-21T01:31:36.276874+00:00,201,148279.198,
2026-09-21T01:32:30.896312+00:00,201,93661.835,
2026-09-21T01:31:56.682530+00:00,201,127879.519,
2026-09-21T01:30:42.448814+00:00,201,202113.472,
2026-09-21T01:32:27.617222+00:00,201,96946.087,
2026-09-21T01:31:24.526343+00:00,201,160039.781,
2026-09-21T01:30:57.694166+00:00,201,186886.155,
2026-09-21T01:30:14.033764+00:00,201,230559.203,
2026-09-21T01:32:19.146095+00:00,201,105447.926,
2026-09-21T01:30:03.962793+00:00,201,240633.054,
2026-09-21T01:31:53.120456+00:00,201,131500.127,
2026-09-21T01:31:35.900051+00:00,201,148723.762,
2026-09-21T01:31:24.054574+00:00,201,160579.818,
2026-09-21T01:30:55.558560+00:00,201,189081.826,
2026-09-21T01:31:04.016767+00:00,201,180625.46,
2026-09-21T01:31:37.470604+00:00,201,147175.943,
2026-09-21T01:32:33.276992+00:00,201,91393.061,
2026-09-21T01:32:18.804285+00:00,201,105883.662,
2026-09-21T01:32:44.185318+00:00,201,80504.553,
2026-09-21T01:29:40.754227+00:00,201,263937.903,
2026-09-21T01:32:54.264521+00:00,201,70429.947,
2026-09-21T01:32:22.300154+00:00,201,102398.84,
2026-09-21T01:31:39.639651+00:00,201,145059.64,
2026-09-21T01:30:52.647483+00:00,201,192052.596,
2026-09-21T01:32:00.767165+00:00,201,123951.586,
2026-09-21T01:30:57.384247+00:00,201,187338.584,
2026-09-21T01:32:33.298639+00:00,201,91442.838,
2026-09-21T01:32:42.593156+00:00,201,82150.173,
2026-09-21T01:31:29.196993+00:00,201,155550.894,
2026-09-21T01:30:24.718385+00:00,201,220037.346,
2026-09-21T01:32:32.412134+00:00,201,92353.856,
2026-09-21T01:31:16.624695+00:00,201,168158.451,
2026-09-21T01:32:07.409453+00:00,201,117381.863,
2026-09-21T01:29:37.047457+00:00,201,267746.173,
2026-09-21T01:31:17.477675+00:00,201,167317.558,
2026-09-21T01:32:09.226918+00:00,201,115571.005,
2026-09-21T01:32:24.169505+00:00,201,100629.187,
2026-09-21T01:31:00.583787+00:00,201,184223.115,
2026-09-21T01:32:09.258190+00:00,201,115561.056,
2026-09-21T01:32:37.020155+00:00,201,87801.789,
2026-09-21T01:30:54.905455+00:00,201,189919.008,
2026-09-21T01:31:49.946128+00:00,201,134886.465,
2026-09-21T01:31:26.985892+00:00,201,157847.022,
2026-09-21T01:31:21.695627+00:00,201,163137.835,
2026-09-21T01:31:40.716535+00:00,201,144119.145,
2026-09-21T01:30:44.094910+00:00,201,200756.102,
2026-09-21T01:30:42.992826+00:00,201,201859.876,
2026-09-21T01:32:37.462760+00:00,201,87391.239,
2026-09-21T01:31:46.346575+00:00,201,138533.857,
2026-09-21T01:31:34.382458+00:00,201,150503.399,
2026-09-21T01:32:09.588684+00:00,201,115315.234,
2026-09-21T01:32:37.219488+00:00,201,87686.018,
2026-09-21T01:31:57.230401+00:00,201,127690.778,
2026-09-21T01:31:46.660429+00:00,201,138263.838,
2026-09-21T01:32:31.217711+00:00,201,93707.285,
2026-09-21T01:30:52.634787+00:00,201,192294.62,
2026-09-21T01:31:26.478180+00:00,201,158454.463,
2026-09-21T01:30:57.781138+00:00,201,187154.311,
2026-09-21T01:30:58.785907+00:00,201,186164.496,
2026-09-21T01:31:38.695118+00:00,201,146264.134,
2026-09-21T01:32:40.677911+00:00,201,84284.122,
2026-09-21T01:31:40.553894+00:00,201,144423.802,
2026-09-21T01:32:17.176062+00:00,201,107815.689,
2026-09-21T01:31:50.868192+00:00,201,134135.448,
2026-09-21T01:32:25.928125+00:00,201,99078.38,
2026-09-21T01:32:58.570006+00:00,201,66445.239,
2026-09-21T01:30:05.938480+00:00,201,239083.522,
2026-09-21T01:31:23.935381+00:00,201,161089.572,
2026-09-21T01:32:30.463510+00:00,201,94566.892,
2026-09-21T01:31:29.272006+00:00,201,155762.872,
2026-09-21T01:32:22.470814+00:00,201,102564.554,
2026-09-21T01:30:34.827854+00:00,201,210207.678,
2026-09-21T01:30:56.408309+00:00,201,188641.832,
2026-09-21T01:30:54.618072+00:00,201,190434.984,
2026-09-21T01:30:51.545157+00:00,201,193523.01,
2026-09-21T01:32:05.585983+00:00,201,119483.895,
2026-09-21T01:32:51.114130+00:00,201,73958.212,
2026-09-21T01:31:48.840286+00:00,201,136238.773,
2026-09-21T01:31:48.006216+00:00,201,137078.731,
2026-09-21T01:31:48.665539+00:00,201,136429.648,
2026-09-21T01:31:52.226819+00:00,201,132874.417,
2026-09-21T01:31:55.626188+00:00,201,129476.297,
2026-09-21T01:32:22.378201+00:00,201,102725.175,
2026-09-21T01:32:25.987604+00:00,201,99128.409,
2026-09-21T01:31:39.035412+00:00,201,146100.116,
2026-09-21T01:31:58.928122+00:00,201,126211.385,
2026-09-21T01:31:49.378508+00:00,201,135792.645,
2026-09-21T01:30:48.515306+00:00,201,196669.076,
2026-09-21T01:31:00.998144+00:00,201,184189.154,
2026-09-21T01:30:17.750242+00:00,201,227440.255,
2026-09-21T01:31:03.249904+00:00,201,181942.459,
2026-09-21T01:30:23.155918+00:00,201,222037.714,
2026-09-21T01:30:57.959147+00:00,201,187236.5,
2026-09-21T01:32:34.922557+00:00,201,90279.021,
2026-09-21T01:31:37.084968+00:00,201,148128.226,
2026-09-21T01:31:03.306248+00:00,201,181919.487,
2026-09-21T01:31:46.920604+00:00,201,138307.683,
2026-09-21T01:31:45.323449+00:00,201,139905.191,
2026-09-21T01:31:57.427674+00:00,201,127814.696,
2026-09-21T01:29:44.512980+00:00,201,260732.837,
2026-09-21T01:32:05.190409+00:00,201,120067.429,
2026-09-21T01:29:52.759438+00:00,201,252501.794,
2026-09-21T01:32:13.136066+00:00,201,112133.877,
2026-09-21T01:32:19.149700+00:00,201,106137.634,
2026-09-21T01:32:54.388530+00:00,201,70903.816,
2026-09-21T01:30:14.845009+00:00,201,230448.211,
2026-09-21T01:31:29.988047+00:00,201,155307.405,
2026-09-21T01:32:24.843484+00:00,201,100460.662,
2026-09-21T01:32:37.130703+00:00,201,88177.098,
2026-09-21T01:31:40.564520+00:00,201,144745.82,
2026-09-21T01:31:28.416426+00:00,201,156901.763,
2026-09-21T01:31:59.991152+00:00,201,125335.224,
2026-09-21T01:31:14.791215+00:00,201,170541.083,
2026-09-21T01:31:05.778145+00:00,201,179561.191,
2026-09-21T01:29:50.090619+00:00,201,255249.389,
2026-09-21T01:30:47.308871+00:00,201,198052.374,
2026-09-21T01:32:21.947295+00:00,201,103414.505,
2026-09-21T01:31:17.756378+00:00,201,167605.682,
2026-09-21T01:32:27.998198+00:00,201,97364.421,
2026-09-21T01:32:01.420257+00:00,201,123942.76,
2026-09-21T01:31:29.525855+00:00,201,155837.549,
2026-09-21T01:31:58.486031+00:00,201,126877.929,
2026-09-21T01:32:53.073040+00:00,201,72291.954,
2026-09-21T01:32:33.497679+00:00,201,91883.184,
2026-09-21T01:31:43.285229+00:00,201,142109.703,
2026-09-21T01:31:48.698894+00:00,201,136703.8,
2026-09-21T01:31:28.311865+00:00,201,157091.33,
2026-09-21T01:30:08.892574+00:00,201,236510.979,
2026-09-21T01:31:50.509184+00:00,201,134895.137,
2026-09-21T01:32:05.767148+00:00,201,119644.283,
2026-09-21T01:31:49.937742+00:00,201,135482.071,
2026-09-21T01:31:06.656420+00:00,201,178771.796,
2026-09-21T01:32:05.975491+00:00,201,119453.468,
2026-09-21T01:30:10.839698+00:00,201,234589.704,
2026-09-21T01:31:32.059927+00:00,201,153372.747,
2026-09-21T01:32:51.649116+00:00,201,73830.122,
2026-09-21T01:31:22.133708+00:00,201,163347.909,
2026-09-21T01:30:51.984115+00:00,201,193500.41,
2026-09-21T01:31:40.034243+00:00,201,145454.265,
2026-09-21T01:31:36.045251+00:00,201,149479.449,
2026-09-21T01:32:09.567879+00:00,201,115957.579,
2026-09-21T01:32:05.871305+00:00,201,119656.326,
2026-09-21T01:31:05.703835+00:00,201,179824.433,
2026-09-21T01:32:59.030566+00:00,201,66523.294,
2026-09-21T01:31:21.268628+00:00,201,164285.734,
2026-09-21T01:31:03.296439+00:00,201,182262.987,
2026-09-21T01:31:50.176439+00:00,201,135387.127,
2026-09-21T01:30:52.267588+00:00,201,193314.129,
2026-09-21T01:32:09.251689+00:00,201,116335.626,
2026-09-21T01:31:36.802300+00:00,201,148785.864,
2026-09-21T01:30:56.694394+00:00,201,188914.878,
2026-09-21T01:31:17.898525+00:00,201,167713.249,
2026-09-21T01:31:53.765779+00:00,201,131851.833,
2026-09-21T01:31:38.120180+00:00,201,147503.132,
2026-09-21T01:31:31.102535+00:00,201,154529.111,
2026-09-21T01:31:02.359024+00:00,201,183288.217,
2026-09-21T01:32:45.053242+00:00,201,80621.318,
2026-09-21T01:31:20.744955+00:00,201,164956.817,
2026-09-21T01:31:53.058782+00:00,201,132644.626,
2026-09-21T01:32:23.457863+00:00,201,102247.185,
2026-09-21T01:31:12.210711+00:00,201,173521.748,
2026-09-21T01:32:37.038637+00:00,201,88723.284,
2026-09-21T01:30:40.348983+00:00,201,205421.541,
2026-09-21T01:31:05.827024+00:00,201,179945.14,
2026-09-21T01:31:07.296862+00:00,201,178492.811,
2026-09-21T01:31:17.862189+00:00,201,167928.404,
2026-09-21T01:31:47.954999+00:00,201,137887.672,
2026-09-21T01:31:45.073468+00:00,201,140772.837,
2026-09-21T01:31:35.538091+00:00,201,150331.154,
2026-09-21T01:32:44.955245+00:00,201,80939.429,
2026-09-21T01:30:09.670420+00:00,201,236227.797,
2026-09-21T01:31:37.730485+00:00,201,148171.618,
2026-09-21T01:32:07.213704+00:00,201,118690.731,
2026-09-21T01:32:24.929988+00:00,201,100978.481,
2026-09-21T01:31:10.355319+00:00,201,175562.202,
2026-09-21T01:32:57.969744+00:00,201,67952.413,
2026-09-21T01:31:57.275695+00:00,201,128669.704,
2026-09-21T01:32:55.154277+00:00,201,70805.68,
2026-09-21T01:30:47.650626+00:00,201,198312.776,
2026-09-21T01:31:49.319896+00:00,201,136652.23,
2026-09-21T01:32:00.394081+00:00,201,125582.926,
2026-09-21T01:31:45.934380+00:00,201,140043.38,
2026-09-21T01:30:44.417243+00:00,201,201562.848,
2026-09-21T01:31:52.879141+00:00,201,133124.307,
2026-09-21T01:31:38.312359+00:00,201,147721.717,
2026-09-21T01:31:29.138741+00:00,201,156899.133,
2026-09-21T01:30:48.740923+00:00,201,197299.218,
2026-09-21T01:31:13.843332+00:00,201,172201.807,
2026-09-21T01:32:35.040550+00:00,201,91010.607,
2026-09-21T01:32:10.166125+00:00,201,115885.825,
2026-09-21T01:30:39.646362+00:00,201,206406.293,
2026-09-21T01:30:10.073344+00:00,201,235992.37,
2026-09-21T01:32:11.979131+00:00,201,114114.29,
2026-09-21T01:30:54.371294+00:00,201,191734.535,
2026-09-21T01:31:22.860670+00:00,201,163246.883,
2026-09-21T01:32:39.375900+00:00,201,86736.109,
2026-09-21T01:30:31.423117+00:00,201,214727.737,
2026-09-21T01:31:33.102586+00:00,201,153079.269,
2026-09-21T01:31:45.884969+00:00,201,140297.646,
2026-09-21T01:31:59.061809+00:00,201,127136.876,
2026-09-21T01:32:02.269089+00:00,201,123963.341,
2026-09-21T01:31:40.521417+00:00,201,145715.17,
2026-09-21T01:31:38.135823+00:00,201,148124.573,
2026-09-21T01:30:46.373836+00:00,201,199898.552,
2026-09-21T01:30:03.090640+00:00,201,243193.897,
2026-09-21T01:32:54.560786+00:00,201,71724.932,
2026-09-21T01:30:43.008676+00:00,201,203298.809,
2026-09-21T01:32:15.388975+00:00,201,110924.869,
2026-09-21T01:30:48.904348+00:00,201,197413.273,
2026-09-21T01:31:21.490685+00:00,201,164831.12,
2026-09-21T01:31:03.751788+00:00,201,182584.5,
2026-09-21T01:32:17.387500+00:00,201,108989.113,
2026-09-21T01:29:53.029142+00:00,201,253358.564,
2026-09-21T01:32:04.150670+00:00,201,122238.126,
2026-09-21T01:30:58.337603+00:00,201,188065.004,
2026-09-21T01:31:34.256469+00:00,201,152147.96,
2026-09-21T01:31:17.360650+00:00,201,169083.722,
2026-09-21T01:30:02.567954+00:00,201,243877.095,
2026-09-21T01:31:47.505264+00:00,201,138943.47,
2026-09-21T01:32:45.771912+00:00,201,80679.539,
2026-09-21T01:31:50.340492+00:00,201,136120.059,
2026-09-21T01:31:44.759833+00:00,201,141720.442,
2026-09-21T01:31:13.620358+00:00,201,172870.219,
2026-09-21T01:30:29.730909+00:00,201,216766.968,
2026-09-21T01:32:28.002702+00:00,201,98516.085,
2026-09-21T01:32:00.199784+00:00,201,126330.721,
2026-09-21T01:31:30.872142+00:00,201,155678.627,
2026-09-21T01:31:49.985571+00:00,201,136590.96,
2026-09-21T01:31:29.617816+00:00,201,156964.087,
2026-09-21T01:32:42.933053+00:00,201,83655.083,
2026-09-21T01:31:38.133137+00:00,201,148495.684,
2026-09-21T01:31:42.808934+00:00,201,143863.04,
2026-09-21T01:32:28.708136+00:00,201,97976.675,
2026-09-21T01:32:59.123240+00:00,201,67582.849,
2026-09-21T01:32:33.655283+00:00,201,93054.771,
2026-09-21T01:30:34.693730+00:00,201,212030.654,
2026-09-21T01:31:16.679471+00:00,201,170047.436,
2026-09-21T01:30:56.664948+00:00,201,190062.714,
2026-09-21T01:32:29.730966+00:00,201,97022.927,
2026-09-21T01:31:07.109456+00:00,201,179644.996,
2026-09-21T01:31:26.858256+00:00,201,159922.988,
2026-09-21T01:31:30.869206+00:00,201,155933.428,
2026-09-21T01:31:57.792737+00:00,201,129019.668,
2026-09-21T01:32:27.193490+00:00,201,99623.124,
2026-09-21T01:30:53.756693+00:00,201,193062.981,
2026-09-21T01:30:42.471059+00:00,201,204363.695,
2026-09-21T01:32:42.666114+00:00,201,84172.218,
2026-09-21T01:31:51.570108+00:00,201,135272.257,
2026-09-21T01:32:53.410526+00:00,201,73435.764,
2026-09-21T01:32:01.866302+00:00,201,125007.814,
2026-09-21T01:30:06.154510+00:00,201,240723.275,
2026-09-21T01:31:08.878261+00:00,201,178015.019,
2026-09-21T01:30:59.758831+00:00,201,187136.127,
2026-09-21T01:31:09.133542+00:00,201,177767.473,
2026-09-21T01:31:51.030431+00:00,201,135883.207,
2026-09-21T01:30:09.291235+00:00,201,237634.853,
2026-09-21T01:31:47.482698+00:00,201,139444.319,
2026-09-21T01:30:15.692100+00:00,201,231251.634,
2026-09-21T01:31:22.114599+00:00,201,164862.238,
2026-09-21T01:31:41.458659+00:00,201,145519.69,
2026-09-21T01:31:38.859855+00:00,201,148126.237,
2026-09-21T01:31:22.648212+00:00,201,164341.054,
2026-09-21T01:32:05.691730+00:00,201,121321.287,
2026-09-21T01:32:18.086851+00:00,201,108948.181,
2026-09-21T01:30:42.140124+00:00,201,204911.596,
2026-09-21T01:30:56.956846+00:00,201,190125.213,
2026-09-21T01:31:21.209756+00:00,201,165873.034,
2026-09-21T01:32:14.913879+00:00,201,112188.233,
2026-09-21T01:30:07.088513+00:00,201,240014.913,
2026-09-21T01:31:42.802151+00:00,201,144306.33,
2026-09-21T01:31:54.774814+00:00,201,132334.459,
2026-09-21T01:31:46.566777+00:00,201,140558.527,
2026-09-21T01:31:58.642511+00:00,201,128486.238,
2026-09-21T01:32:29.307436+00:00,201,97830.343,
2026-09-21T01:31:10.288443+00:00,201,176873.531,
2026-09-21T01:32:47.588285+00:00,201,79583.444,
2026-09-21T01:30:51.627302+00:00,201,195600.52,
2026-09-21T01:32:22.201025+00:00,201,105056.628,
2026-09-21T01:32:21.351189+00:00,201,105923.276,
2026-09-21T01:31:41.342933+00:00,201,145933.067,
2026-09-21T01:32:18.701746+00:00,201,108578.504,
2026-09-21T01:32:49.298812+00:00,201,77984.997,
2026-09-21T01:30:44.924072+00:00,201,202372.787,
2026-09-21T01:30:41.103062+00:00,201,206207.252,
2026-09-21T01:32:18.693237+00:00,201,108638.66,
2026-09-21T01:31:29.721013+00:00,201,157625.839,
2026-09-21T01:31:36.295329+00:00,201,151065.857,
2026-09-21T01:31:22.534713+00:00,201,164841.597,
2026-09-21T01:32:51.860780+00:00,201,75519.522,
2026-09-21T01:31:11.274417+00:00,201,176115.949,
2026-09-21T01:32:55.463155+00:00,201,71958.423,
2026-09-21T01:31:38.932289+00:00,201,148527.24,
2026-09-21T01:32:53.883381+00:00,201,73577.125,
2026-09-21T01:31:09.762633+00:00,201,177712.663,
2026-09-21T01:30:29.945703+00:00,201,217533.67,
2026-09-21T01:31:50.125896+00:00,201,137355.344,
2026-09-21T01:31:13.355752+00:00,201,174129.453,
2026-09-21T01:31:24.179307+00:00,201,163309.522,
2026-09-21T01:29:40.160087+00:00,201,267337.511,
2026-09-21T01:32:17.312639+00:00,201,110192.676,
2026-09-21T01:30:56.628260+00:00,201,190884.431,
2026-09-21T01:30:34.362536+00:00,201,213154.454,
2026-09-21T01:31:07.499365+00:00,201,180032.471,
2026-09-21T01:32:45.193760+00:00,201,82356.777,
2026-09-21T01:32:03.440391+00:00,201,124117.951,
2026-09-21T01:32:30.168730+00:00,201,97390.463,
2026-09-21T01:31:07.210802+00:00,201,180358.043,
2026-09-21T01:29:57.893506+00:00,201,249680.531,
2026-09-21T01:30:37.332076+00:00,201,210256.748,
2026-09-21T01:31:32.134951+00:00,201,155459.585,
2026-09-21T01:32:54.983732+00:00,201,72620.137,
2026-09-21T01:30:45.424546+00:00,201,202290.339,
2026-09-21T01:32:29.104944+00:00,201,98623.748,
2026-09-21T01:32:02.615273+00:00,201,125118.168,
2026-09-21T01:32:16.934129+00:00,201,110833.173,
2026-09-21T01:31:20.781585+00:00,201,167007.525,
2026-09-21T01:31:34.460978+00:00,201,153344.945,
2026-09-21T01:31:46.458493+00:00,201,141372.1,
2026-09-21T01:32:24.392814+00:00,201,103459.293,
2026-09-21T01:32:42.152398+00:00,201,85703.778,
2026-09-21T01:32:07.771194+00:00,201,120087.431,
2026-09-21T01:31:19.782834+00:00,201,168084.008,
2026-09-21T01:32:35.707971+00:00,201,92161.547,
2026-09-21T01:30:41.373202+00:00,201,206496.969,
2026-09-21T01:30:06.379242+00:00,201,241500.802,
2026-09-21T01:31:31.220088+00:00,201,156661.945,
2026-09-21T01:31:27.483636+00:00,201,160409.472,
2026-09-21T01:32:18.907720+00:00,201,109013.365,
2026-09-21T01:30:32.541858+00:00,201,215385.828,
2026-09-21T01:31:57.971601+00:00,201,129964.183,
2026-09-21T01:32:35.356363+00:00,201,92590.243,
2026-09-21T01:31:54.231105+00:00,201,133723.848,
2026-09-21T01:32:07.307018+00:00,201,120675.108,
2026-09-21T01:32:25.000908+00:00,201,102990.397,
2026-09-21T01:32:43.101694+00:00,201,84895.592,
2026-09-21T01:30:39.936279+00:00,201,208062.518,
2026-09-21T01:31:13.565246+00:00,201,174434.492,
2026-09-21T01:31:55.412680+00:00,201,132592.745,
2026-09-21T01:31:32.894575+00:00,201,155120.2,
2026-09-21T01:31:40.388860+00:00,201,147646.76,
2026-09-21T01:31:35.866049+00:00,201,152182.22,
2026-09-21T01:32:01.496032+00:00,201,126577.917,
2026-09-21T01:32:26.254210+00:00,201,101836.18,
2026-09-21T01:31:47.123024+00:00,201,140984.873,
2026-09-21T01:32:43.376575+00:00,201,84733.137,
2026-09-21T01:31:31.970445+00:00,201,156160.107,
2026-09-21T01:32:15.615360+00:00,201,112540.274,
2026-09-21T01:32:31.507811+00:00,201,96715.743,
2026-09-21T01:31:05.091808+00:00,201,183133.218,
2026-09-21T01:32:08.790603+00:00,201,119451.821,
2026-09-21T01:30:43.539492+00:00,201,204722.47,
2026-09-21T01:31:06.384153+00:00,201,181894.881,
2026-09-21T01:30:16.574778+00:00,201,231720.139,
2026-09-21T01:32:11.347255+00:00,201,116949.549,
2026-09-21T01:32:55.039590+00:00,201,73289.624,
2026-09-21T01:32:09.731762+00:00,201,118604.44,
2026-09-21T01:31:25.351099+00:00,201,162989.3,
2026-09-21T01:32:45.424155+00:00,201,82950.238,
2026-09-21T01:32:47.950458+00:00,201,80431.101,
2026-09-21T01:31:50.371187+00:00,201,138020.56,
2026-09-21T01:32:17.841688+00:00,201,110553.711,
2026-09-21T01:31:49.365401+00:00,201,139035.839,
2026-09-21T01:32:37.892045+00:00,201,90512.106,
2026-09-21T01:31:59.385399+00:00,201,129026.424,
2026-09-21T01:32:53.924520+00:00,201,74500.548,
2026-09-21T01:31:57.688571+00:00,201,130751.501,
2026-09-21T01:31:39.595572+00:00,201,148853.291,
2026-09-21T01:32:37.406119+00:00,201,91049.372,
2026-09-21T01:31:59.182912+00:00,201,129287.07,
2026-09-21T01:31:23.183188+00:00,201,165295.308,
2026-09-21T01:32:27.463050+00:00,201,101018.262,
2026-09-21T01:31:03.569017+00:00,201,184930.55,
2026-09-21T01:31:45.987859+00:00,201,142518.152,
2026-09-21T01:31:26.798611+00:00,201,161750.696,
2026-09-21T01:31:18.450775+00:00,201,170106.925,
2026-09-21T01:31:17.040571+00:00,201,171548.748,
2026-09-21T01:30:48.083259+00:00,201,200510.084,
2026-09-21T01:31:30.635220+00:00,201,157960.689,
2026-09-21T01:32:41.799385+00:00,201,86797.5,
2026-09-21T01:31:39.681399+00:00,201,148938.969,
2026-09-21T01:30:31.807691+00:00,201,216844.241,
2026-09-21T01:31:25.291467+00:00,201,163369.335,
2026-09-21T01:32:34.581644+00:00,201,94085.777,
2026-09-21T01:31:24.975487+00:00,201,163705.388,
2026-09-21T01:32:13.226949+00:00,201,115458.208,
2026-09-21T01:30:48.951571+00:00,201,199735.976,
2026-09-21T01:31:48.955689+00:00,201,139736.298,
2026-09-21T01:32:47.457020+00:00,201,81266.026,
2026-09-21T01:32:06.622562+00:00,201,122152.44,
2026-09-21T01:30:56.518166+00:00,201,192268.346,
2026-09-21T01:31:54.942253+00:00,201,133854.679,
2026-09-21T01:31:10.943497+00:00,201,177865.219,
2026-09-21T01:32:50.252905+00:00,201,78570.923,
2026-09-21T01:30:16.125281+00:00,201,232704.005,
2026-09-21T01:30:11.472189+00:00,201,237400.713,
2026-09-21T01:30:04.894844+00:00,201,243987.732,
2026-09-21T01:30:57.358162+00:00,201,191529.396,
2026-09-21T01:31:23.642452+00:00,201,165248.484,
2026-09-21T01:30:09.060041+00:00,201,239867.437,
2026-09-21T01:29:53.361860+00:00,201,255567.104,
2026-09-21T01:32:32.561153+00:00,201,96374.456,
2026-09-21T01:31:36.797305+00:00,201,152142.301,
2026-09-21T01:31:40.662412+00:00,201,148289.783,
2026-09-21T01:31:07.255409+00:00,201,181697.562,
2026-09-21T01:31:33.832632+00:00,201,155130.085,
2026-09-21T01:31:30.696702+00:00,201,158271.163,
2026-09-21T01:31:58.421984+00:00,201,130549.373,
2026-09-21T01:30:17.727953+00:00,201,231249.882,
2026-09-21T01:30:39.608172+00:00,201,209376.023,
2026-09-21T01:32:38.331944+00:00,201,90684.171,
2026-09-21T01:32:33.398825+00:00,201,95626.129,
2026-09-21T01:32:08.913062+00:00,201,120120.553,
2026-09-21T01:31:16.290771+00:00,201,172783.87,
2026-09-21T01:31:40.885057+00:00,201,148194.222,
2026-09-21T01:31:12.552561+00:00,201,176558.306,
2026-09-21T01:31:16.101637+00:00,201,173011.665,
2026-09-21T01:31:49.216573+00:00,201,139919.367,
2026-09-21T01:31:40.229761+00:00,201,148927.046,
2026-09-21T01:31:22.329294+00:00,201,166841.941,
2026-09-21T01:30:10.203538+00:00,201,238968.285,
2026-09-21T01:30:47.474491+00:00,201,201723.311,
2026-09-21T01:31:32.063305+00:00,201,157150.401,
2026-09-21T01:32:24.676759+00:00,201,104537.793,
2026-09-21T01:30:10.301621+00:00,201,238915.736,
2026-09-21T01:30:16.105804+00:00,201,233131.012,
2026-09-21T01:31:46.838964+00:00,201,142410.453,
2026-09-21T01:31:16.726761+00:00,201,172528.827,
2026-09-21T01:31:50.128362+00:00,201,139133.56,
2026-09-21T01:31:45.742613+00:00,201,143533.423,
2026-09-21T01:31:00.286462+00:00,201,189014.017,
2026-09-21T01:31:45.650501+00:00,201,143679.433,
2026-09-21T01:31:54.972626+00:00,201,134372.963,
2026-09-21T01:30:34.663151+00:00,201,214697.788,
2026-09-21T01:30:27.319916+00:00,201,222057.375,
2026-09-21T01:31:36.917809+00:00,201,152461.389,
2026-09-21T01:32:31.997596+00:00,201,97388.186,
2026-09-21T01:32:43.410268+00:00,201,85977.981,
2026-09-21T01:30:52.958981+00:00,201,196457.234,
2026-09-21T01:30:38.619417+00:00,201,210797.584,
2026-09-21T01:31:34.244080+00:00,201,155180.325,
2026-09-21T01:32:46.269765+00:00,201,83190.637,
2026-09-21T01:32:39.194687+00:00,201,90296.051,
2026-09-21T01:30:31.794573+00:00,201,217709.544,
2026-09-21T01:31:06.914289+00:00,201,182599.391,
2026-09-21T01:30:08.739859+00:00,201,240782.136,
2026-09-21T01:31:51.398975+00:00,201,138127.828,
2026-09-21T01:32:37.015469+00:00,201,92518.483,
2026-09-21T01:30:37.305378+00:00,201,212229.086,
2026-09-21T01:32:01.680416+00:00,201,127867.957,
2026-09-21T01:31:49.433207+00:00,201,140123.089,
2026-09-21T01:30:20.344834+00:00,201,229227.935,
2026-09-21T01:31:58.551282+00:00,201,131041.896,
2026-09-21T01:31:01.210764+00:00,201,188389.085,
2026-09-21T01:32:09.715998+00:00,201,119888.21,
2026-09-21T01:32:36.167239+00:00,201,93446.814,
2026-09-21T01:31:16.265038+00:00,201,173381.907,
2026-09-21T01:31:25.078224+00:00,201,164571.185,
2026-09-21T01:31:21.533635+00:00,201,168123.963,
2026-09-21T01:32:01.674457+00:00,201,127987.969,
2026-09-21T01:32:08.198282+00:00,201,121471.903,
2026-09-21T01:30:01.471576+00:00,201,248211.791,
2026-09-21T01:30:51.287718+00:00,201,198396.534,
2026-09-21T01:32:10.230282+00:00,201,119456.919,
2026-09-21T01:31:34.257346+00:00,201,155446.061,
2026-09-21T01:31:46.357499+00:00,201,143352.858,
2026-09-21T01:31:42.355509+00:00,201,147371.059,
2026-09-21T01:30:04.996564+00:00,201,244758.016,
2026-09-21T01:31:51.917647+00:00,201,137843.991,
2026-09-21T01:31:08.783094+00:00,201,180980.193,
2026-09-21T01:31:54.512759+00:00,201,135252.626,
2026-09-21T01:32:39.468702+00:00,201,90305.354,
2026-09-21T01:30:57.213531+00:00,201,192610.085,
2026-09-21T01:30:58.500834+00:00,201,191323.579,
2026-09-21T01:32:36.053597+00:00,201,93795.852,
2026-09-21T01:30:43.849142+00:00,201,206018.766,
2026-09-21T01:30:47.734441+00:00,201,202137.475,
2026-09-21T01:30:32.596962+00:00,201,217309.008,
2026-09-21T01:32:45.138584+00:00,201,84775.871,
2026-09-21T01:31:16.234361+00:00,201,173685.806,
2026-09-21T01:32:30.144747+00:00,201,99801.524,
2026-09-21T01:32:34.804053+00:00,201,95172.852,
2026-09-21T01:31:26.639353+00:00,201,163342.967,
2026-09-21T01:32:18.435767+00:00,201,111549.108,
2026-09-21T01:32:27.237197+00:00,201,102832.748,
2026-09-21T01:32:42.323717+00:00,201,87764.733,
2026-09-21T01:32:10.932613+00:00,201,119165.462,
2026-09-21T01:31:45.973957+00:00,201,144124.832,
2026-09-21T01:31:01.975144+00:00,201,188139.634,
2026-09-21T01:32:45.014955+00:00,201,85103.66,
2026-09-21T01:32:53.772611+00:00,201,76359.853,
2026-09-21T01:31:29.670209+00:00,201,160480.753,
2026-09-21T01:31:39.628720+00:00,201,150528.441,
2026-09-21T01:31:46.040191+00:00,201,144120.907,
2026-09-21T01:31:33.828771+00:00,201,156339.424,
2026-09-21T01:32:32.175689+00:00,201,98008.081,
2026-09-21T01:32:17.587486+00:00,201,112608.046,
2026-09-21T01:32:51.945770+00:00,201,78260.189,
2026-09-21T01:31:04.489357+00:00,201,185734.742,
2026-09-21T01:32:30.212850+00:00,201,100019.593,
2026-09-21T01:31:01.249053+00:00,201,188986.918,
2026-09-21T01:32:42.558505+00:00,201,87682.083,
2026-09-21T01:31:19.453759+00:00,201,170820.019,
2026-09-21T01:29:56.554580+00:00,201,253734.065,
2026-09-21T01:30:33.898152+00:00,201,216406.035,
2026-09-21T01:30:27.045015+00:00,201,223284.516,
2026-09-21T01:31:49.255184+00:00,201,141120.452,
2026-09-21T01:31:13.775201+00:00,201,176608.611,
2026-09-21T01:31:37.048399+00:00,201,153366.009,
2026-09-21T01:30:13.076692+00:00,201,237340.279,
2026-09-21T01:32:46.541549+00:00,201,83876.932,
2026-09-21T01:31:04.417122+00:00,201,186006.104,
2026-09-21T01:31:22.358279+00:00,201,168065.835,
2026-09-21T01:32:33.438146+00:00,201,97000.432,
2026-09-21T01:32:11.598899+00:00,201,118842.455,
2026-09-21T01:31:02.106279+00:00,201,188338.387,
2026-09-21T01:31:50.983143+00:00,201,139476.021,
2026-09-21T01:31:47.725101+00:00,201,142734.326,
2026-09-21T01:31:49.265730+00:00,201,141194.67,
2026-09-21T01:31:23.141601+00:00,201,167323.613,
2026-09-21T01:30:56.679765+00:00,201,193789.171,
2026-09-21T01:31:43.582972+00:00,201,146905.111,
2026-09-21T01:32:33.433349+00:00,201,97062.366,
2026-09-21T01:32:53.174968+00:00,201,77322.056,
2026-09-21T01:29:47.911877+00:00,201,262586.181,
2026-09-21T01:32:52.961119+00:00,201,77543.403,
2026-09-21T01:32:33.230731+00:00,201,97274.767,
2026-09-21T01:31:47.004106+00:00,201,143505.192,
2026-09-21T01:31:05.239857+00:00,201,185284.266,
2026-09-21T01:30:42.714753+00:00,201,207817.702,
2026-09-21T01:29:59.601539+00:00,201,250934.01,
2026-09-21T01:31:28.778974+00:00,201,161761.555,
2026-09-21T01:31:13.997760+00:00,201,176554.975,
2026-09-21T01:31:51.312952+00:00,201,139244.428,
2026-09-21T01:30:59.577681+00:00,201,190980.774,
2026-09-21T01:30:04.664271+00:00,201,245897.367,
2026-09-21T01:31:18.053407+00:00,201,172511.132,
2026-09-21T01:31:05.375938+00:00,201,185191.077,
2026-09-21T01:31:59.335323+00:00,201,131245.472,
2026-09-21T01:31:50.661166+00:00,201,139920.768,
2026-09-21T01:31:41.956901+00:00,201,148628.511,
2026-09-21T01:32:02.330560+00:00,201,128271.339,
2026-09-21T01:30:15.197000+00:00,201,235423.387,
2026-09-21T01:32:03.599738+00:00,201,127030.031,
2026-09-21T01:30:51.219379+00:00,201,199438.763,
2026-09-21T01:31:07.874707+00:00,201,182785.064,
2026-09-21T01:29:54.316195+00:00,201,256365.349,
2026-09-21T01:30:12.813733+00:00,201,237869.397,
2026-09-21T01:31:36.051237+00:00,201,154632.459,
2026-09-21T01:31:30.757114+00:00,201,159939.746,
2026-09-21T01:31:15.408971+00:00,201,175306.762,
2026-09-21T01:29:43.443150+00:00,201,267274.408,
2026-09-21T01:31:27.422341+00:00,201,163310.233,
2026-09-21T01:31:13.897760+00:00,201,176848.628,
2026-09-21T01:31:29.075263+00:00,201,161678.277,
2026-09-21T01:31:08.565989+00:00,201,182189.674,
2026-09-21T01:30:42.522451+00:00,201,208239.795,
2026-09-21T01:32:27.165399+00:00,201,103614.545,
2026-09-21T01:29:57.940477+00:00,201,252839.787,
2026-09-21T01:32:07.305161+00:00,201,123479.326,
2026-09-21T01:31:43.854077+00:00,201,146934.233,
2026-09-21T01:31:35.034883+00:00,201,155756.653,
2026-09-21T01:31:31.876368+00:00,201,158916.579,
2026-09-21T01:31:14.059055+00:00,201,176739.149,
2026-09-21T01:31:31.070755+00:00,201,159731.768,
2026-09-21T01:30:00.684387+00:00,201,250121.657,
2026-09-21T01:32:45.628673+00:00,201,85180.922,
2026-09-21T01:31:19.262926+00:00,201,171549.503,
2026-09-21T01:32:44.716115+00:00,201,86096.875,
2026-09-21T01:31:59.001408+00:00,201,131812.677,
2026-09-21T01:31:24.300024+00:00,201,166520.758,
2026-09-21T01:31:36.472303+00:00,201,154352.076,
2026-09-21T01:32:03.158788+00:00,201,127670.521,
2026-09-21T01:31:06.884196+00:00,201,183956.457,
2026-09-21T01:31:59.594366+00:00,201,131250.962,
2026-09-21T01:31:48.890947+00:00,201,141957.569,
2026-09-21T01:31:25.917499+00:00,201,164947.801,
2026-09-21T01:31:16.856169+00:00,201,174024.777,
2026-09-21T01:30:38.773379+00:00,201,212113.879,
2026-09-21T01:32:14.337525+00:00,201,116575.869,
2026-09-21T01:31:38.089421+00:00,201,152824.783,
2026-09-21T01:31:48.222718+00:00,201,142693.371,
2026-09-21T01:31:16.714806+00:00,201,174210.847,
2026-09-21T01:31:39.281304+00:00,201,151646.4,
2026-09-21T01:31:35.709200+00:00,201,155224.9,
2026-09-21T01:31:55.857522+00:00,201,135079.146,
2026-09-21T01:32:21.016695+00:00,201,109924.837,
2026-09-21T01:30:36.899810+00:00,201,214091.818,
2026-09-21T01:32:35.864294+00:00,201,95134.273,
2026-09-21T01:32:31.505763+00:00,201,99493.667,
2026-09-21T01:31:22.813174+00:00,201,168192.677,
2026-09-21T01:31:06.933975+00:00,201,184086.015,
2026-09-21T01:31:38.327687+00:00,201,152692.737,
2026-09-21T01:32:09.426842+00:00,201,121594.914,
2026-09-21T01:32:21.590701+00:00,201,109433.077,
2026-09-21T01:32:24.022095+00:00,201,107015.346,
2026-09-21T01:32:35.536249+00:00,201,95503.336,
2026-09-21T01:31:18.253732+00:00,201,172800.154,
2026-09-21T01:31:52.666277+00:00,201,138394.259,
2026-09-21T01:30:42.578438+00:00,201,208486.76,
2026-09-21T01:30:26.575073+00:00,201,224493.559,
2026-09-21T01:31:50.543701+00:00,201,140541.128,
2026-09-21T01:30:17.486134+00:00,201,233603.643,
2026-09-21T01:30:49.258942+00:00,201,201843.863,
2026-09-21T01:31:39.688692+00:00,201,151421.969,
2026-09-21T01:30:30.509668+00:00,201,220612.777,
2026-09-21T01:32:48.169443+00:00,201,82953.828,
2026-09-21T01:31:48.824056+00:00,201,142299.671,
2026-09-21T01:30:58.691356+00:00,201,192432.861,
2026-09-21T01:30:25.055406+00:00,201,226092.051,
2026-09-21T01:31:59.198625+00:00,201,131957.345,
2026-09-21T01:30:44.138515+00:00,201,207034.867,
2026-09-21T01:31:21.990541+00:00,201,169183.647,
2026-09-21T01:31:34.974574+00:00,201,156200.401,
2026-09-21T01:30:45.020627+00:00,201,206155.073,
2026-09-21T01:29:43.487528+00:00,201,267695.012,
2026-09-21T01:30:38.000025+00:00,201,213206.156,
2026-09-21T01:32:01.724578+00:00,201,129482.598,
2026-09-21T01:32:54.897285+00:00,201,76310.886,
2026-09-21T01:30:44.034013+00:00,201,207174.805,
2026-09-21T01:30:57.178092+00:00,201,194031.648,
2026-09-21T01:31:37.734265+00:00,201,153476.511,
2026-09-21T01:31:31.459394+00:00,201,159752.347,
2026-09-21T01:32:51.692347+00:00,201,79520.591,
2026-09-21T01:31:58.997188+00:00,201,132216.732,
2026-09-21T01:31:56.313368+00:00,201,134912.996,
2026-09-21T01:30:57.096709+00:00,201,194159.069,
2026-09-21T01:31:45.441698+00:00,201,145815.253,
2026-09-21T01:30:37.160748+00:00,201,214097.25,
2026-09-21T01:32:54.976143+00:00,201,76283.334,
2026-09-21T01:30:58.448844+00:00,201,192811.599,
2026-09-21T01:30:27.680968+00:00,201,223580.663,
2026-09-21T01:32:18.799070+00:00,201,112464.104,
2026-09-21T01:31:43.476818+00:00,201,147787.604,
2026-09-21T01:30:28.310691+00:00,201,222954.966,
2026-09-21T01:32:09.728453+00:00,201,121538.807,
2026-09-21T01:31:02.260763+00:00,201,189007.76,
2026-09-21T01:32:07.004690+00:00,201,124265.418,
2026-09-21T01:31:53.402327+00:00,201,137869.246,
2026-09-21T01:31:35.544308+00:00,201,155728.739,
2026-09-21T01:31:10.724895+00:00,201,180552.355,
2026-09-21T01:32:20.445781+00:00,201,110887.406,
2026-09-21T01:30:52.372831+00:00,201,198974.981,
2026-09-21T01:32:09.522520+00:00,201,121840.363,
2026-09-21T01:30:57.430311+00:00,201,193935.794,
2026-09-21T01:31:43.511396+00:00,201,147865.107,
2026-09-21T01:32:05.154680+00:00,201,126229.109,
2026-09-21T01:32:40.626918+00:00,201,90767.858,
2026-09-21T01:32:32.037125+00:00,201,99374.998,
2026-09-21T01:31:30.397873+00:00,201,161019.223,
2026-09-21T01:32:52.378183+00:00,201,79065.088,
2026-09-21T01:29:46.981020+00:00,201,264480.597,
2026-09-21T01:31:32.407761+00:00,201,159072.009,
2026-09-21T01:31:47.694730+00:00,201,143798.817,
2026-09-21T01:32:04.782333+00:00,201,126729.875,
2026-09-21T01:31:13.758884+00:00,201,177780.26,
2026-09-21T01:31:17.384425+00:00,201,174156.259,
2026-09-21T01:32:21.666429+00:00,201,109875.927,
2026-09-21T01:32:47.052293+00:00,201,84491.68,
2026-09-21T01:30:42.020509+00:00,201,209524.86,
2026-09-21T01:31:48.731622+00:00,201,142815.586,
2026-09-21T01:31:18.851710+00:00,201,172697.182,
2026-09-21T01:32:29.694408+00:00,201,101856.394,
2026-09-21T01:31:42.123066+00:00,201,149429.49,
2026-09-21T01:32:46.019529+00:00,201,85535.079,
2026-09-21T01:31:30.041682+00:00,201,161514.717,
2026-09-21T01:30:48.472248+00:00,201,203102.35,
2026-09-21T01:30:24.568708+00:00,201,227042.869,
2026-09-21T01:32:19.986861+00:00,201,111628.963,
2026-09-21T01:31:30.230118+00:00,201,161417.148,
2026-09-21T01:31:14.974625+00:00,201,176680.608,
2026-09-21T01:32:33.825455+00:00,201,97831.907,
2026-09-21T01:31:22.977579+00:00,201,168706.2,
2026-09-21T01:31:54.965157+00:00,201,136720.671,
2026-09-21T01:32:21.676297+00:00,201,110011.595,
2026-09-21T01:32:54.044561+00:00,201,77645.306,
2026-09-21T01:31:48.277562+00:00,201,143414.191,
2026-09-21T01:31:42.582433+00:00,201,149111.366,
2026-09-21T01:30:25.925535+00:00,201,225770.177,
2026-09-21T01:32:53.197202+00:00,201,78500.853,
2026-09-21T01:30:46.595529+00:00,201,205104.436,
2026-09-21T01:32:01.799401+00:00,201,129902.869,
2026-09-21T01:31:13.710932+00:00,201,177993.519,
2026-09-21T01:31:25.885767+00:00,201,165821.041,
2026-09-21T01:31:50.875469+00:00,201,140833.77,
2026-09-21T01:32:28.221780+00:00,201,103489.92,
2026-09-21T01:32:10.224507+00:00,201,121489.582,
2026-09-21T01:31:20.829828+00:00,201,170886.654,
2026-09-21T01:31:12.327360+00:00,201,179391.596,
2026-09-21T01:32:11.439663+00:00,201,120281.833,
2026-09-21T01:30:36.094577+00:00,201,215658.645,
2026-09-21T01:31:02.028096+00:00,201,189747.471,
2026-09-21T01:31:38.063181+00:00,201,153744.052,
2026-09-21T01:32:45.526606+00:00,201,86283.348,
2026-09-21T01:30:57.637724+00:00,201,194174.679,
2026-09-21T01:32:46.293620+00:00,201,85521.667,
2026-09-21T01:32:11.099593+00:00,201,120718.387,
2026-09-21T01:30:56.914699+00:00,201,194905.87,
2026-09-21T01:32:03.835828+00:00,201,127987.624,
2026-09-21T01:30:56.721072+00:00,201,195104.975,
2026-09-21T01:31:53.975371+00:00,201,137853.655,
2026-09-21T01:31:13.145893+00:00,201,178685.905,
2026-09-21T01:31:20.483975+00:00,201,171579.033,
2026-09-21T01:31:45.744236+00:00,201,146372.633,
2026-09-21T01:31:17.924138+00:00,201,174204.136,
2026-09-21T01:32:55.533642+00:00,201,76617.802,
2026-09-21T01:30:57.525258+00:00,201,194635.002,
2026-09-21T01:31:46.138673+00:00,201,146030.404,
2026-09-21T01:30:46.965544+00:00,201,205220.892,
2026-09-21T01:31:30.664737+00:00,201,161533.546,
2026-09-21T01:32:09.225435+00:00,201,122987.87,
2026-09-21T01:31:33.352893+00:00,201,158884.28,
2026-09-21T01:31:30.615963+00:00,201,161642.506,
2026-09-21T01:31:50.367227+00:00,201,141932.303,
2026-09-21T01:31:38.263321+00:00,201,154048.319,
2026-09-21T01:31:41.345174+00:00,201,151030.738,
2026-09-21T01:32:20.857112+00:00,201,111539.002,
2026-09-21T01:31:54.399292+00:00,201,138020.003,
2026-09-21T01:32:54.877583+00:00,201,77547.814,
2026-09-21T01:30:53.141342+00:00,201,199362.723,
2026-09-21T01:30:20.348355+00:00,201,232188.621,
2026-09-21T01:32:43.587880+00:00,201,89025.499,
2026-09-21T01:31:06.083755+00:00,201,186552.886,
2026-09-21T01:30:08.425084+00:00,201,244291.163,
2026-09-21T01:32:06.132616+00:00,201,126589.842,
2026-09-21T01:31:26.225562+00:00,201,166515.162,
2026-09-21T01:31:49.059931+00:00,201,143696.302,
2026-09-21T01:32:33.236778+00:00,201,99685.827,
2026-09-21T01:30:00.494841+00:00,201,252460.461,
2026-09-21T01:29:55.893497+00:00,201,257131.283,
2026-09-21T01:31:48.862996+00:00,201,144201.172,
2026-09-21T01:32:48.069573+00:00,201,85012.567,
2026-09-21T01:32:27.789790+00:00,201,105334.413,
2026-09-21T01:30:57.483705+00:00,201,195663.497,
2026-09-21T01:31:29.581705+00:00,201,163583.612,
2026-09-21T01:30:33.361638+00:00,201,219826.743,
2026-09-21T01:31:04.905573+00:00,201,188333.026,
2026-09-21T01:31:50.436725+00:00,201,142992.704,
2026-09-21T01:31:37.770174+00:00,201,155700.428,
2026-09-21T01:32:44.055285+00:00,201,89421.276,
2026-09-21T01:30:22.703496+00:00,201,230826.509,
2026-09-21T01:31:46.139439+00:00,201,147393.716,
2026-09-21T01:31:46.551269+00:00,201,147021.486,
2026-09-21T01:32:32.647678+00:00,201,100937.285,
2026-09-21T01:31:35.620660+00:00,201,157979.589,
2026-09-21T01:30:19.468259+00:00,201,234249.423,
2026-09-21T01:32:44.826372+00:00,201,88894.485,
2026-09-21T01:30:21.514756+00:00,201,232302.236,
2026-09-21T01:32:54.932129+00:00,201,78931.308,
2026-09-21T01:30:19.323997+00:00,201,234541.908,
2026-09-21T01:31:23.782112+00:00,201,170104.417,
2026-09-21T01:31:35.507159+00:00,201,158385.293,
2026-09-21T01:30:28.497994+00:00,201,225504.395,
2026-09-21T01:31:53.427203+00:00,201,140592.204,
2026-09-21T01:32:18.445782+00:00,201,115609.25,
2026-09-21T01:31:13.138275+00:00,201,180937.118,
2026-09-21T01:31:59.205882+00:00,201,134890.505,
2026-09-21T01:32:09.331168+00:00,201,124774.183,
2026-09-21T01:32:21.087061+00:00,201,113033.157,
2026-09-21T01:31:21.882894+00:00,201,172240.208,
2026-09-21T01:32:44.764120+00:00,201,89369.224,
2026-09-21T01:31:38.158540+00:00,201,156011.049,
2026-09-21T01:31:42.684749+00:00,201,151496.697,
2026-09-21T01:32:27.859415+00:00,201,106328.139,
2026-09-21T01:31:02.933191+00:00,201,191272.059,
2026-09-21T01:31:14.931453+00:00,201,179288.753,
2026-09-21T01:31:19.069413+00:00,201,175174.997,
2026-09-21T01:32:25.312194+00:00,201,108965.147,
2026-09-21T01:32:06.025224+00:00,201,128257.893,
2026-09-21T01:32:48.402784+00:00,201,85911.305,
2026-09-21T01:29:51.695131+00:00,201,262648.997,
2026-09-21T01:31:11.342515+00:00,201,183098.461,
2026-09-21T01:30:42.191772+00:00,201,212303.397,
2026-09-21T01:31:05.434294+00:00,201,189118.091,
2026-09-21T01:32:26.833562+00:00,201,107725.226,
2026-09-21T01:31:15.558232+00:00,201,179003.328,
2026-09-21T01:31:50.001872+00:00,201,144643.443,
2026-09-21T01:31:56.069817+00:00,201,138578.315,
2026-09-21T01:30:51.211175+00:00,201,203512.401,
2026-09-21T01:31:04.024438+00:00,201,190701.96,
2026-09-21T01:31:51.737834+00:00,201,143009.881,
2026-09-21T01:32:45.862747+00:00,201,88961.068,
2026-09-21T01:32:32.386589+00:00,201,102451.495,
2026-09-21T01:31:48.435852+00:00,201,146561.931,
2026-09-21T01:31:53.065536+00:00,201,141946.411,
2026-09-21T01:32:17.988115+00:00,201,117094.703,
2026-09-21T01:31:47.999336+00:00,201,147119.345,
2026-09-21T01:31:35.716863+00:00,201,159448.148,
2026-09-21T01:32:09.722225+00:00,201,125475.88,
2026-09-21T01:31:17.418564+00:00,201,177782.369,
2026-09-21T01:32:19.601993+00:00,201,115605.584,
2026-09-21T01:30:48.425112+00:00,201,206828.547,
2026-09-21T01:30:43.375165+00:00,201,211908.864,
2026-09-21T01:32:08.470504+00:00,201,126838.45,
2026-09-21T01:31:59.896503+00:00,201,135442.447,
2026-09-21T01:30:07.222021+00:00,201,248140.807,
2026-09-21T01:31:31.115715+00:00,201,164250.253,
2026-09-21T01:30:59.316968+00:00,201,196085.992,
2026-09-21T01:31:57.694398+00:00,201,137711.669,
2026-09-21T01:31:20.141166+00:00,201,175311.954,
2026-09-21T01:32:20.843024+00:00,201,114616.553,
2026-09-21T01:30:41.408548+00:00,201,214229.325,
2026-09-21T01:31:10.105370+00:00,201,185538.748,
2026-09-21T01:32:36.827076+00:00,201,98861.014,
2026-09-21T01:32:35.757537+00:00,201,99933.655,
2026-09-21T01:30:09.412196+00:00,201,246369.849,
2026-09-21T01:31:13.777645+00:00,201,182095.388,
2026-09-21T01:31:11.345686+00:00,201,184647.636,
2026-09-21T01:31:22.923966+00:00,201,173080.723,
2026-09-21T01:31:34.931576+00:00,201,161075.941,
2026-09-21T01:32:17.739721+00:00,201,118308.403,
2026-09-21T01:31:38.995755+00:00,201,157078.329,
2026-09-21T01:32:54.642074+00:00,201,81434.987,
2026-09-21T01:30:49.288661+00:00,201,206788.311,
2026-09-21T01:32:51.747357+00:00,201,84411.47,
2026-09-21T01:31:51.061832+00:00,201,145103.888,
2026-09-21T01:32:48.936107+00:00,201,87268.232,
2026-09-21T01:30:50.052369+00:00,201,206174.639,
2026-09-21T01:30:24.396052+00:00,201,231878.34,
2026-09-21T01:32:07.964389+00:00,201,128327.73,
2026-09-21T01:31:28.651292+00:00,201,167653.953,
2026-09-21T01:30:41.045872+00:00,201,215260.936,
2026-09-21T01:31:08.674865+00:00,201,187645.211,
2026-09-21T01:31:52.455479+00:00,201,143878.876,
2026-09-21T01:31:26.287876+00:00,201,170062.012,
2026-09-21T01:31:31.491628+00:00,201,164868.291,
2026-09-21T01:31:44.417461+00:00,201,151948.312,
2026-09-21T01:32:02.693049+00:00,201,133695.785,
2026-09-21T01:31:17.270209+00:00,201,179120.015,
2026-09-21T01:31:49.140886+00:00,201,147264.162,
2026-09-21T01:30:46.946012+00:00,201,209543.007,
2026-09-21T01:31:41.107252+00:00,201,155411.609,
2026-09-21T01:31:33.014195+00:00,201,163522.01,
2026-09-21T01:32:49.155985+00:00,201,87413.078,
2026-09-21T01:32:05.321521+00:00,201,131256.8,
2026-09-21T01:31:05.986791+00:00,201,190621.739,
2026-09-21T01:32:33.684340+00:00,201,102955.91,
2026-09-21T01:32:43.968472+00:00,201,92676.299,
2026-09-21T01:31:56.858780+00:00,201,139787.971,
2026-09-21T01:31:36.156907+00:00,201,160501.566,
2026-09-21T01:31:11.399271+00:00,201,185269.213,
2026-09-21T01:31:39.761765+00:00,201,156920.589,
2026-09-21T01:32:25.870797+00:00,201,110854.081,
2026-09-21T01:30:48.503278+00:00,201,208223.747,
2026-09-21T01:30:40.461635+00:00,201,216273.31,
2026-09-21T01:31:36.851154+00:00,201,159885.177,
2026-09-21T01:32:46.470659+00:00,201,90275.513,
2026-09-21T01:31:30.323042+00:00,201,166429.658,
2026-09-21T01:30:48.603523+00:00,201,208152.431,
2026-09-21T01:31:50.403806+00:00,201,146374.232,
2026-09-21T01:29:43.075527+00:00,201,273704.352,
2026-09-21T01:31:32.338073+00:00,201,164449.601,
2026-09-21T01:31:43.625878+00:00,201,153164.251,
2026-09-21T01:31:30.459800+00:00,201,166356.531,
2026-09-21T01:31:36.751798+00:00,201,160068.312,
2026-09-21T01:30:22.369934+00:00,201,234461.546,
2026-09-21T01:32:03.063506+00:00,201,133769.854,
2026-09-21T01:31:48.732579+00:00,201,148108.572,
2026-09-21T01:31:18.331772+00:00,201,178511.362,
2026-09-21T01:32:25.230403+00:00,201,111619.393,
2026-09-21T01:29:56.717730+00:00,201,260142.981,
2026-09-21T01:31:29.952152+00:00,201,166909.29,
2026-09-21T01:30:58.621100+00:00,201,198245.074,
2026-09-21T01:31:35.243093+00:00,201,161630.332,
2026-09-21T01:31:37.958715+00:00,201,158922.727,
2026-09-21T01:32:46.544750+00:00,201,90337.709,
2026-09-21T01:30:32.416808+00:00,201,224482.463,
2026-09-21T01:31:35.317123+00:00,201,161593.696,
2026-09-21T01:32:08.837544+00:00,201,128076.821,
2026-09-21T01:31:40.663528+00:00,201,156260.963,
2026-09-21T01:32:00.145918+00:00,201,136781.426,
2026-09-21T01:32:03.764360+00:00,201,133170.691,
2026-09-21T01:30:42.840572+00:00,201,214116.531,
2026-09-21T01:31:18.645881+00:00,201,178312.573,
2026-09-21T01:32:25.173460+00:00,201,111788.848,
2026-09-21T01:32:04.063358+00:00,201,132904.087,
2026-09-21T01:30:46.251764+00:00,201,210732.97,
2026-09-21T01:32:07.674095+00:00,201,129329.767,
2026-09-21T01:32:52.360471+00:00,201,84685.842,
2026-09-21T01:31:11.958411+00:00,201,185090.995,
2026-09-21T01:31:20.056146+00:00,201,177006.316,
2026-09-21T01:31:27.760381+00:00,201,169313.316,
2026-09-21T01:32:29.856240+00:00,201,107217.911,
2026-09-21T01:30:17.764397+00:00,201,239311.067,
2026-09-21T01:30:50.468268+00:00,201,206610.611,
2026-09-21T01:30:25.050201+00:00,201,232038.158,
2026-09-21T01:31:15.904251+00:00,201,181209.039,
2026-09-21T01:32:52.303865+00:00,201,84818.729,
2026-09-21T01:32:27.937838+00:00,201,109202.467,
2026-09-21T01:31:46.296280+00:00,201,150848.097,
2026-09-21T01:32:09.888688+00:00,201,127262.287,
2026-09-21T01:32:51.624476+00:00,201,85528.837,
2026-09-21T01:30:38.899171+00:00,201,218254.633,
2026-09-21T01:31:08.712287+00:00,201,188456.588,
2026-09-21T01:30:29.768245+00:00,201,227403.351,
2026-09-21T01:30:47.162506+00:00,201,210011.258,
2026-09-21T01:31:17.422957+00:00,201,179768.652,
2026-09-21T01:30:18.938537+00:00,201,238269.02,
2026-09-21T01:31:16.637710+00:00,201,180591.069,
2026-09-21T01:31:28.827148+00:00,201,168409.935,
2026-09-21T01:30:09.543488+00:00,201,247699.501,
2026-09-21T01:31:58.535101+00:00,201,138723.236,
2026-09-21T01:30:00.658681+00:00,201,256610.284,
2026-09-21T01:30:38.103627+00:00,201,219168.073,
2026-09-21T01:31:19.558688+00:00,201,177722.726,
2026-09-21T01:31:47.640662+00:00,201,149641.263,
2026-09-21T01:32:24.722242+00:00,201,112574.06,
2026-09-21T01:32:16.825380+00:00,201,120477.96,
2026-09-21T01:31:34.848461+00:00,201,162462.248,
2026-09-21T01:31:08.655369+00:00,201,188656.696,
2026-09-21T01:30:31.921871+00:00,201,225390.483,
2026-09-21T01:31:07.662631+00:00,201,189651.168,
2026-09-21T01:32:45.043159+00:00,201,92272.344,
2026-09-21T01:31:46.815588+00:00,201,150512.073,
2026-09-21T01:31:38.003770+00:00,201,159328.155,
2026-09-21T01:30:47.493885+00:00,201,209853.864,
2026-09-21T01:32:02.621597+00:00,201,134737.51,
2026-09-21T01:29:51.152990+00:00,201,266206.362,
2026-09-21T01:31:16.842688+00:00,201,180521.007,
2026-09-21T01:30:53.741013+00:00,201,203624.281,
2026-09-21T01:30:37.589725+00:00,201,219798.451,
2026-09-21T01:31:53.727367+00:00,201,143675.978,
2026-09-21T01:32:46.179916+00:00,201,91224.003,
2026-09-21T01:32:29.909390+00:00,201,107511.383,
2026-09-21T01:32:18.611357+00:00,201,118809.901,
2026-09-21T01:32:13.306530+00:00,201,124115.236,
2026-09-21T01:31:28.513040+00:00,201,168912.544,
2026-09-21T01:31:36.294237+00:00,201,161140.96,
2026-09-21T01:31:21.897008+00:00,201,175544.867,
2026-09-21T01:31:52.143085+00:00,201,145318.691,
2026-09-21T01:31:33.237893+00:00,201,164224.421,
2026-09-21T01:31:08.772652+00:00,201,188690.217,
2026-09-21T01:31:50.628628+00:00,201,146834.993,
2026-09-21T01:32:10.969598+00:00,201,126494.728,
2026-09-21T01:31:24.706795+00:00,201,172777.176,
2026-09-21T01:29:48.586526+00:00,201,268903.553,
2026-09-21T01:31:13.280584+00:00,201,184210.43,
2026-09-21T01:32:15.673038+00:00,201,121818.937,
2026-09-21T01:31:42.129633+00:00,201,155363.114,
2026-09-21T01:31:11.524529+00:00,201,185998.279,
2026-09-21T01:31:31.460551+00:00,201,166063.185,
2026-09-21T01:32:33.721865+00:00,201,103802.895,
2026-09-21T01:31:45.448450+00:00,201,152077.13,
2026-09-21T01:32:17.399772+00:00,201,120126.86,
2026-09-21T01:32:13.123057+00:00,201,124404.554,
2026-09-21T01:29:54.872770+00:00,201,262666.006,
2026-09-21T01:31:24.817509+00:00,201,172745.475,
2026-09-21T01:32:15.354231+00:00,201,122209.92,
2026-09-21T01:32:33.846347+00:00,201,103756.753,
2026-09-21T01:30:18.228857+00:00,201,239375.092,
2026-09-21T01:30:59.967207+00:00,201,197637.981,
2026-09-21T01:32:48.450923+00:00,201,89155.679,
2026-09-21T01:32:27.962306+00:00,201,109645.472,
2026-09-21T01:30:39.127134+00:00,201,218481.652,
2026-09-21T01:32:33.126739+00:00,201,104483.568,
2026-09-21T01:30:03.020920+00:00,201,254590.436,
2026-09-21T01:32:24.892395+00:00,201,112720.592,
2026-09-21T01:32:48.503336+00:00,201,89111.1,
2026-09-21T01:32:54.621673+00:00,201,83002.41,
2026-09-21T01:31:05.680013+00:00,201,191977.919,
2026-09-21T01:32:44.120859+00:00,201,93545.039,
2026-09-21T01:31:13.786673+00:00,201,183880.499,
2026-09-21T01:32:23.223451+00:00,201,114445.361,
2026-09-21T01:30:03.149519+00:00,201,254520.551,
2026-09-21T01:31:42.125188+00:00,201,155546.667,
2026-09-21T01:30:51.738995+00:00,201,205934.355,
2026-09-21T01:31:35.281075+00:00,201,162393.965,
2026-09-21T01:31:50.040927+00:00,201,147635.82,
2026-09-21T01:31:40.852833+00:00,201,156825.731,
2026-09-21T01:29:47.515239+00:00,201,270164.874,
2026-09-21T01:31:46.588669+00:00,201,151093.433,
2026-09-21T01:32:54.593464+00:00,201,83153.708,
2026-09-21T01:31:24.484368+00:00,201,173264.399,
2026-09-21T01:31:42.856632+00:00,201,154894.097,
2026-09-21T01:32:37.011077+00:00,201,100741.676,
2026-09-21T01:32:33.145075+00:00,201,104609.595,
2026-09-21T01:32:05.576326+00:00,201,132180.249,
2026-09-21T01:30:38.242960+00:00,201,219515.505,
2026-09-21T01:31:15.090763+00:00,201,182669.777,
2026-09-21T01:31:35.996868+00:00,201,161765.74,
2026-09-21T01:31:45.745845+00:00,201,152018.885,
2026-09-21T01:32:09.518646+00:00,201,128248.22,
2026-09-21T01:31:09.065970+00:00,201,188702.878,
2026-09-21T01:31:35.367516+00:00,201,162403.544,
2026-09-21T01:31:29.951033+00:00,201,167822.249,
2026-09-21T01:31:58.292520+00:00,201,139483.06,
2026-09-21T01:30:25.679576+00:00,201,232098.105,
2026-09-21T01:31:02.041111+00:00,201,195738.904,
2026-09-21T01:32:16.374716+00:00,201,121407.785,
2026-09-21T01:32:46.554729+00:00,201,91256.301,
2026-09-21T01:32:45.392328+00:00,201,92471.368,
2026-09-21T01:32:53.933820+00:00,201,83940.138,
2026-09-21T01:31:30.345091+00:00,201,167531.198,
2026-09-21T01:31:32.526542+00:00,201,165352.267,
2026-09-21T01:31:33.297604+00:00,201,164583.785,
2026-09-21T01:31:15.300331+00:00,201,182583.56,
2026-09-21T01:31:32.253096+00:00,201,165633.433,
2026-09-21T01:32:54.058494+00:00,201,83830.896,
2026-09-21T01:31:15.698964+00:00,201,182192.908,
2026-09-21T01:31:46.785277+00:00,201,151109.406,
2026-09-21T01:31:30.821321+00:00,201,167076.023,
2026-09-21T01:31:37.673548+00:00,201,160226.587,
2026-09-21T01:31:38.778638+00:00,201,159124.313,
2026-09-21T01:32:43.832279+00:00,201,94073.727,
2026-09-21T01:30:15.967665+00:00,201,241940.877,
2026-09-21T01:31:28.767347+00:00,201,169144.182,
2026-09-21T01:31:40.882883+00:00,201,157031.539,
2026-09-21T01:32:35.803086+00:00,201,102114.308,
2026-09-21T01:30:54.381352+00:00,201,203538.809,
2026-09-21T01:31:43.234928+00:00,201,154688.251,
2026-09-21T01:29:43.152455+00:00,201,274773.575,
2026-09-21T01:30:43.770469+00:00,201,214158.784,
2026-09-21T01:31:54.208646+00:00,201,143723.858,
2026-09-21T01:31:18.920428+00:00,201,179015.11,
2026-09-21T01:32:43.482734+00:00,201,94456.202,
2026-09-21T01:32:20.316075+00:00,201,117625.983,
2026-09-21T01:31:37.018332+00:00,201,160971.36,
2026-09-21T01:31:50.210483+00:00,201,147807.086,
2026-09-21T01:32:40.186570+00:00,201,97897.473,
2026-09-21T01:31:53.409201+00:00,201,144698.545,
2026-09-21T01:31:21.195029+00:00,201,176915.907,
2026-09-21T01:30:51.884111+00:00,201,206233.489,
2026-09-21T01:31:50.078863+00:00,201,148049.055,
2026-09-21T01:32:39.181412+00:00,201,98949.981,
2026-09-21T01:32:53.707687+00:00,201,84472.737,
2026-09-21T01:30:33.336230+00:00,201,224872.551,
2026-09-21T01:32:25.082778+00:00,201,113161.046,
2026-09-21T01:32:54.170279+00:00,201,84111.748,
2026-09-21T01:31:33.372993+00:00,201,164912.277,
2026-09-21T01:31:13.089532+00:00,201,185309.493,
2026-09-21T01:31:08.892334+00:00,201,189550.748,
2026-09-21T01:31:38.908423+00:00,201,159575.003,
2026-09-21T01:32:24.420187+00:00,201,114066.536,
2026-09-21T01:31:37.664072+00:00,201,160926.258,
2026-09-21T01:31:02.243057+00:00,201,196350.501,
2026-09-21T01:31:59.129768+00:00,201,139484.736,
2026-09-21T01:31:30.897284+00:00,201,167785.972,
2026-09-21T01:32:29.119479+00:00,201,109570.783,
2026-09-21T01:30:07.862113+00:00,201,250887.989,
2026-09-21T01:31:30.801149+00:00,201,168005.276,
2026-09-21T01:32:03.220112+00:00,201,135594.185,
2026-09-21T01:32:34.210451+00:00,201,104707.935,
2026-09-21T01:32:55.543925+00:00,201,83416.329,
2026-09-21T01:32:29.318237+00:00,201,109710.882,
2026-09-21T01:31:57.579192+00:00,201,141453.184,
2026-09-21T01:32:58.548715+00:00,201,80529.42,
2026-09-21T01:32:54.450377+00:00,201,84631.129,
2026-09-21T01:31:06.521123+00:00,201,192563.548,
2026-09-21T01:31:03.030991+00:00,201,196117.84,
2026-09-21T01:31:42.241752+00:00,201,156953.15,
2026-09-21T01:32:18.081688+00:00,201,121120.177,
2026-09-21T01:31:22.252533+00:00,201,176956.079,
2026-09-21T01:31:46.407001+00:00,201,152823.084,
2026-09-21T01:32:54.852506+00:00,201,84392.049,
2026-09-21T01:32:46.165628+00:00,201,93089.762,
2026-09-21T01:32:28.725467+00:00,201,110641.582,
2026-09-21T01:30:33.059119+00:00,201,226311.078,
2026-09-21T01:32:46.650049+00:00,201,92861.396,
2026-09-21T01:31:13.528607+00:00,201,186031.699,
2026-09-21T01:30:36.605237+00:00,201,223051.28,
2026-09-21T01:32:35.320280+00:00,201,104420.996,
2026-09-21T01:31:57.424930+00:00,201,142319.606,
2026-09-21T01:30:46.611011+00:00,201,213217.835,
2026-09-21T01:32:26.667938+00:00,201,113182.373,
2026-09-21T01:32:39.513564+00:00,201,100343.554,
2026-09-21T01:32:19.789109+00:00,201,120154.948,
2026-09-21T01:32:28.169249+00:00,201,111792.511,
2026-09-21T01:32:32.785869+00:00,201,107179.388,
2026-09-21T01:30:16.310989+00:00,201,243657.636,
2026-09-21T01:31:43.276161+00:00,201,156696.376,
2026-09-21T01:31:55.622226+00:00,201,144386.229,
2026-09-21T01:32:25.756930+00:00,201,114295.186,
2026-09-21T01:32:37.365861+00:00,201,102726.556,
2026-09-21T01:31:29.508779+00:00,201,170605.066,
2026-09-21T01:31:07.242015+00:00,201,192883.745,
2026-09-21T01:32:08.466651+00:00,201,131673.576,
2026-09-21T01:30:34.174513+00:00,201,226006.458,
2026-09-21T01:31:00.895186+00:00,201,199344.146,
2026-09-21T01:31:18.052383+00:00,201,182226.605,
2026-09-21T01:29:37.507315+00:00,201,282774.946,
2026-09-21T01:30:50.446676+00:00,201,209842.817,
2026-09-21T01:31:30.201478+00:00,201,170091.614,
2026-09-21T01:31:44.521734+00:00,201,155786.036,
2026-09-21T01:31:20.089449+00:00,201,180240.638,
2026-09-21T01:32:38.600017+00:00,201,101791.78,
2026-09-21T01:32:02.775398+00:00,201,137642.084,
2026-09-21T01:32:54.999342+00:00,201,85421.936,
2026-09-21T01:31:18.549740+00:00,201,181889.889,
2026-09-21T01:31:10.163871+00:00,201,190297.969,
2026-09-21T01:31:37.324313+00:00,201,163235.039,
2026-09-21T01:32:28.206068+00:00,201,112444.847,
2026-09-21T01:31:06.464178+00:00,201,194253.188,
2026-09-21T01:30:47.114807+00:00,201,213737.092,
2026-09-21T01:31:03.135173+00:00,201,197742.487,
2026-09-21T01:32:28.340428+00:00,201,112638.505,
2026-09-21T01:32:36.890205+00:00,201,104209.137,
2026-09-21T01:32:49.294556+00:00,201,91841.414,
2026-09-21T01:31:43.041582+00:00,201,158105.142,
2026-09-21T01:31:48.077267+00:00,201,153091.362,
2026-09-21T01:31:03.687671+00:00,201,197488.245,
2026-09-21T01:32:52.775370+00:00,201,88419.342,
2026-09-21T01:32:33.612619+00:00,201,107596.969,
2026-09-21T01:29:43.249508+00:00,201,278001.711,
2026-09-21T01:30:55.301263+00:00,201,206013.245,
2026-09-21T01:31:46.517995+00:00,201,154814.587,
2026-09-21T01:31:08.656642+00:00,201,192726.557,
2026-09-21T01:32:45.816216+00:00,201,95600.097,
2026-09-21T01:30:02.031497+00:00,201,259454.867,
2026-09-21T01:32:43.916337+00:00,201,97650.697,
2026-09-21T01:29:45.460139+00:00,201,276241.237,
2026-09-21T01:31:00.023691+00:00,201,201684.78,
2026-09-21T01:32:37.067509+00:00,201,104708.717,
2026-09-21T01:32:44.594804+00:00,201,97281.426,
2026-09-21T01:30:18.169117+00:00,201,243754.21,
2026-09-21T01:31:22.470462+00:00,201,179515.039,
2026-09-21T01:31:57.080154+00:00,201,144952.191,
2026-09-21T01:32:54.568362+00:00,201,87474.832,
2026-09-21T01:31:55.155704+00:00,201,147046.436,
2026-09-21T01:30:32.499637+00:00,201,229730.755,
2026-09-21T01:32:26.897681+00:00,201,115438.42,
2026-09-21T01:29:49.498655+00:00,201,272848.251,
2026-09-21T01:30:50.192669+00:00,201,212157.871,
2026-09-21T01:30:16.553897+00:00,201,245818.363,
2026-09-21T01:31:45.392554+00:00,201,157082.09,
2026-09-21T01:31:18.490070+00:00,201,184018.179,
2026-09-21T01:32:35.078047+00:00,201,107436.514,
2026-09-21T01:31:03.971953+00:00,201,198573.297,
2026-09-21T01:31:43.604650+00:00,201,158956.583,
2026-09-21T01:30:22.372397+00:00,201,240211.79,
2026-09-21T01:30:51.632762+00:00,201,211006.511,
2026-09-21T01:31:19.043814+00:00,201,183614.372,
2026-09-21T01:31:02.405146+00:00,201,200259.298,
2026-09-21T01:31:57.897731+00:00,201,144773.626,
2026-09-21T01:29:58.672197+00:00,201,264037.641,
2026-09-21T01:31:37.222342+00:00,201,165494.49,
2026-09-21T01:32:43.611946+00:00,201,99113.612,
2026-09-21T01:30:11.791533+00:00,201,250933.792,
2026-09-21T01:32:48.235718+00:00,201,94507.757,
2026-09-21T01:31:43.402435+00:00,201,159342.631,
2026-09-21T01:30:41.087841+00:00,201,221674.668,
2026-09-21T01:32:00.108930+00:00,201,142682.608,
2026-09-21T01:32:55.628930+00:00,201,87203.484,
2026-09-21T01:31:38.611042+00:00,201,164288.585,
2026-09-21T01:31:34.675114+00:00,201,168225.289,
2026-09-21T01:30:03.382179+00:00,201,259520.571,
2026-09-21T01:31:47.730060+00:00,201,155187.04,
2026-09-21T01:32:09.879919+00:00,201,133047.421,
2026-09-21T01:31:21.281439+00:00,201,181650.365,
2026-09-21T01:31:38.311260+00:00,201,164628.794,
2026-09-21T01:31:28.576858+00:00,201,174366.219,
2026-09-21T01:29:55.468962+00:00,201,267477.385,
2026-09-21T01:31:39.847197+00:00,201,163106.289,
2026-09-21T01:31:12.621147+00:00,201,190343.31,
2026-09-21T01:30:35.815279+00:00,201,227158.199,
2026-09-21T01:30:16.584682+00:00,201,246390.804,
2026-09-21T01:30:14.385131+00:00,201,248593.398,
2026-09-21T01:31:56.646205+00:00,201,146355.967,
2026-09-21T01:32:48.439776+00:00,201,94577.294,
2026-09-21T01:31:45.648649+00:00,201,157373.39,
2026-09-21T01:31:11.058145+00:00,201,191975.805,
2026-09-21T01:32:33.649247+00:00,201,109391.006,
2026-09-21T01:31:07.246701+00:00,201,195816.713,
2026-09-21T01:29:57.924665+00:00,201,265158.2,
2026-09-21T01:31:53.206161+00:00,201,149881.16,
2026-09-21T01:30:33.714042+00:00,201,229375.369,
2026-09-21T01:31:28.568374+00:00,201,174538.271,
2026-09-21T01:31:47.616260+00:00,201,155491.401,
2026-09-21T01:31:15.004935+00:00,201,188108.535,
2026-09-21T01:31:36.897608+00:00,201,166240.964,
2026-09-21T01:32:46.074003+00:00,201,97074.056,
2026-09-21T01:32:35.032302+00:00,201,108127.281,
2026-09-21T01:29:40.100834+00:00,201,283060.615,
2026-09-21T01:31:15.579018+00:00,201,187584.117,
2026-09-21T01:32:14.478976+00:00,201,128693.698,
2026-09-21T01:32:10.196664+00:00,201,132989.172,
2026-09-21T01:30:37.000647+00:00,201,226191.422,
2026-09-21T01:31:31.369708+00:00,201,171831.036,
2026-09-21T01:32:36.193174+00:00,201,107012.4,
2026-09-21T01:31:39.393694+00:00,201,163830.462,
2026-09-21T01:31:52.450094+00:00,201,150790.311,
2026-09-21T01:31:13.459599+00:00,201,189786.173,
2026-09-21T01:30:43.613089+00:00,201,219634.064,
2026-09-21T01:31:44.065615+00:00,201,159200.7,
2026-09-21T01:30:57.088403+00:00,201,206179.167,
2026-09-21T01:31:17.301749+00:00,201,185967.387,
2026-09-21T01:32:54.871144+00:00,201,88400.251,
2026-09-21T01:32:23.593585+00:00,201,119679.804,
2026-09-21T01:31:30.940876+00:00,201,172337.245,
2026-09-21T01:31:39.491525+00:00,201,163791.097,
2026-09-21T01:30:55.805111+00:00,201,207480.596,
2026-09-21T01:32:52.771657+00:00,201,90521.369,
2026-09-21T01:32:00.786574+00:00,201,142514.33,
2026-09-21T01:30:57.171685+00:00,201,206141.946,
2026-09-21T01:31:47.735091+00:00,201,155597.676,
2026-09-21T01:31:25.798623+00:00,201,177541.61,
2026-09-21T01:32:44.997350+00:00,201,98361.362,
2026-09-21T01:30:51.282675+00:00,201,212076.241,
2026-09-21T01:31:17.216047+00:00,201,186165.124,
2026-09-21T01:32:58.925634+00:00,201,84462.095,
2026-09-21T01:32:34.010643+00:00,201,109412.363,
2026-09-21T01:32:50.131736+00:00,201,93298.582,
2026-09-21T01:31:57.576940+00:00,201,145879.267,
2026-09-21T01:30:09.235264+00:00,201,254229.675,
2026-09-21T01:31:03.874839+00:00,201,199598.1,
2026-09-21T01:31:34.091529+00:00,201,169384.213,
2026-09-21T01:31:30.388398+00:00,201,173094.441,
2026-09-21T01:30:33.711406+00:00,201,229772.964,
2026-09-21T01:31:55.614792+00:00,201,147890.011,
2026-09-21T01:32:51.556995+00:00,201,91954.992,
2026-09-21T01:32:25.903016+00:00,201,117609.287,
2026-09-21T01:31:52.448172+00:00,201,151070.434,
2026-09-21T01:32:43.099631+00:00,201,100425.567,
2026-09-21T01:32:58.677732+00:00,201,84851.944,
2026-09-21T01:32:44.672813+00:00,201,98863.832,
2026-09-21T01:32:04.419457+00:00,201,139121.678,
2026-09-21T01:30:00.820717+00:00,201,262730.847,
2026-09-21T01:30:52.878878+00:00,201,210675.966,
2026-09-21T01:32:19.204488+00:00,201,124361.161,
2026-09-21T01:32:43.922086+00:00,201,99645.682,
2026-09-21T01:30:41.979684+00:00,201,221591.583,
2026-09-21T01:30:50.687791+00:00,201,212903.309,
2026-09-21T01:31:23.989698+00:00,201,179611.183,
2026-09-21T01:32:13.368722+00:00,201,130248.135,
2026-09-21T01:32:38.011625+00:00,201,105607.813,
2026-09-21T01:30:35.543061+00:00,201,228077.762,
2026-09-21T01:32:01.180203+00:00,201,142442.199,
2026-09-21T01:32:09.735085+00:00,201,133889.132,
2026-09-21T01:31:47.261397+00:00,201,156369.634,
2026-09-21T01:32:24.729624+00:00,201,118909.093,
2026-09-21T01:32:01.440975+00:00,201,142204.275,
2026-09-21T01:31:50.276842+00:00,201,153371.3,
2026-09-21T01:31:46.661338+00:00,201,156987.116,
2026-09-21T01:31:46.873833+00:00,201,156785.257,
2026-09-21T01:32:08.426383+00:00,201,135251.331,
2026-09-21T01:31:06.035555+00:00,201,197644.596,
2026-09-21T01:32:30.506507+00:00,201,113185.103,
2026-09-21T01:32:26.166673+00:00,201,117547.685,
2026-09-21T01:31:57.574659+00:00,201,146150.249,
2026-09-21T01:31:12.986770+00:00,201,190740.715,
2026-09-21T01:32:44.391902+00:00,201,99340.203,
2026-09-21T01:30:02.209048+00:00,201,261523.011,
2026-09-21T01:31:35.000505+00:00,201,168735.419,
2026-09-21T01:31:07.791558+00:00,201,195967.927,
2026-09-21T01:31:20.532902+00:00,201,183228.041,
2026-09-21T01:32:24.545767+00:00,201,119217.867,
2026-09-21T01:30:48.903303+00:00,201,214865.4,
2026-09-21T01:30:42.348817+00:00,201,221438.273,
2026-09-21T01:30:25.863115+00:00,201,237924.24,
2026-09-21T01:31:39.536603+00:00,201,164251.519,
2026-09-21T01:31:30.798657+00:00,201,172996.691,
2026-09-21T01:30:18.027454+00:00,201,245776.588,
2026-09-21T01:30:48.207579+00:00,201,215597.838,
2026-09-21T01:32:13.834806+00:00,201,129972.063,
2026-09-21T01:31:31.201534+00:00,201,172608.954,
2026-09-21T01:31:57.091668+00:00,201,146723.779,
2026-09-21T01:32:18.462327+00:00,201,125361.316,
2026-09-21T01:32:46.561626+00:00,201,97278.202,
2026-09-21T01:31:29.050086+00:00,201,174798.247,
2026-09-21T01:31:25.244913+00:00,201,178612.995,
2026-09-21T01:31:02.934327+00:00,201,200933.689,
2026-09-21T01:31:40.345376+00:00,201,163533.838,
2026-09-21T01:31:48.896541+00:00,201,154990.948,
2026-09-21T01:30:44.432946+00:00,201,219459.363,
2026-09-21T01:30:35.818553+00:00,201,228085.974,
2026-09-21T01:31:40.720883+00:00,201,163187.244,
2026-09-21T01:31:05.338239+00:00,201,198573.082,
2026-09-21T01:32:44.772115+00:00,201,99144.442,
2026-09-21T01:32:53.048256+00:00,201,90868.898,
2026-09-21T01:32:46.156803+00:00,201,97761.88,
2026-09-21T01:29:59.752081+00:00,201,264172.397,
2026-09-21T01:32:08.002802+00:00,201,135929.098,
2026-09-21T01:32:43.575376+00:00,201,100356.848,
2026-09-21T01:31:40.570538+00:00,201,163368.324,
2026-09-21T01:30:30.922309+00:00,201,233020.63,
2026-09-21T01:30:59.666865+00:00,201,204276.358,
2026-09-21T01:32:05.998132+00:00,201,137947.858,
2026-09-21T01:30:45.699440+00:00,201,218252.697,
2026-09-21T01:30:16.013925+00:00,201,247940.987,
2026-09-21T01:32:24.507336+00:00,201,119448.755,
2026-09-21T01:31:52.544860+00:00,201,151426.3,
2026-09-21T01:31:17.949072+00:00,201,186023.507,
2026-09-21T01:30:30.039437+00:00,201,233964.727,
2026-09-21T01:32:55.849994+00:00,201,88167.765,
2026-09-21T01:31:15.927240+00:00,201,188094.848,
2026-09-21T01:31:41.104719+00:00,201,162933.031,
2026-09-21T01:30:45.678501+00:00,201,218359.393,
2026-09-21T01:31:53.645628+00:00,201,150395.576,
2026-09-21T01:31:36.921651+00:00,201,167124.378,
2026-09-21T01:31:59.618313+00:00,201,144429.528,
2026-09-21T01:31:46.398294+00:00,201,157651.118,
2026-09-21T01:30:00.965455+00:00,201,263090.631,
2026-09-21T01:32:29.669742+00:00,201,114394.2,
2026-09-21T01:31:44.309181+00:00,201,159773.484,
2026-09-21T01:32:44.905128+00:00,201,99178.212,
2026-09-21T01:31:34.720357+00:00,201,169363.1,
2026-09-21T01:32:29.510109+00:00,201,114573.724,
2026-09-21T01:31:16.295876+00:00,201,187796.792,
2026-09-21T01:32:26.820530+00:00,201,117273.724,
2026-09-21T01:31:48.413738+00:00,201,155687.306,
2026-09-21T01:32:03.891326+00:00,201,140218.705,
2026-09-21T01:31:30.843764+00:00,201,173271.995,
2026-09-21T01:31:13.500037+00:00,201,190628.517,
2026-09-21T01:32:26.300463+00:00,201,117830.45,
2026-09-21T01:31:59.204985+00:00,201,144927.603,
2026-09-21T01:32:54.364782+00:00,201,89775.756,
2026-09-21T01:31:32.868219+00:00,201,171274.2,
2026-09-21T01:32:37.737795+00:00,201,106416.465,
2026-09-21T01:32:39.575556+00:00,201,104582.149,
2026-09-21T01:32:25.087267+00:00,201,119080.188,
2026-09-21T01:31:39.610570+00:00,201,164560.684,
2026-09-21T01:32:51.054677+00:00,201,93118.53,
2026-09-21T01:31:58.016880+00:00,201,146158.993,
2026-09-21T01:31:47.401149+00:00,201,156787.186,
2026-09-21T01:32:38.200277+00:00,201,105993.668,
2026-09-21T01:32:54.187486+00:00,201,90014.458,
2026-09-21T01:31:37.934743+00:00,201,166272.832,
2026-09-21T01:31:05.935631+00:00,201,198274.158,
2026-09-21T01:31:04.370344+00:00,201,199844.929,
2026-09-21T01:30:52.367760+00:00,201,211852.651,
2026-09-21T01:31:21.835023+00:00,201,182385.724,
2026-09-21T01:32:46.920194+00:00,201,97307.881,
2026-09-21T01:32:10.918333+00:00,201,133311.757,
2026-09-21T01:32:44.938455+00:00,201,99292.541,
2026-09-21T01:31:07.344094+00:00,201,196887.318,
2026-09-21T01:31:36.504986+00:00,201,167740.055,
2026-09-21T01:31:34.963007+00:00,201,169290.483,
2026-09-21T01:31:32.375771+00:00,201,171891.983,
2026-09-21T01:32:00.109708+00:00,201,144165.689,
2026-09-21T01:30:59.269663+00:00,201,205011.409,
2026-09-21T01:31:19.630685+00:00,201,184650.919,
2026-09-21T01:30:17.757393+00:00,201,246526.518,
2026-09-21T01:30:51.160806+00:00,201,213123.442,
2026-09-21T01:31:44.671944+00:00,201,159612.684,
2026-09-21T01:32:30.892669+00:00,201,113424.957,
2026-09-21T01:31:34.542027+00:00,201,169782.63,
2026-09-21T01:31:59.484630+00:00,201,144841.12,
2026-09-21T01:32:05.509843+00:00,201,138824.878,
2026-09-21T01:31:12.639926+00:00,201,191697.22,
2026-09-21T01:32:29.357912+00:00,201,114985.638,
2026-09-21T01:29:51.904863+00:00,201,272448.816,
2026-09-21T01:30:33.341836+00:00,201,231016.151,
2026-09-21T01:32:42.359403+00:00,201,102002.622,
2026-09-21T01:32:27.999645+00:00,201,116364.083,
2026-09-21T01:30:23.019641+00:00,201,241344.388,
2026-09-21T01:30:47.603952+00:00,201,216761.375,
2026-09-21T01:32:07.283818+00:00,201,137092.699,
2026-09-21T01:31:54.946074+00:00,201,149432.553,
2026-09-21T01:31:46.692225+00:00,201,157692.271,
2026-09-21T01:31:52.626193+00:00,201,151759.121,
2026-09-21T01:31:31.299675+00:00,201,173099.11,
2026-09-21T01:32:37.033047+00:00,201,107366.871,
2026-09-21T01:31:13.449433+00:00,201,190951.598,
2026-09-21T01:31:45.686354+00:00,201,158722.617,
2026-09-21T01:30:13.873519+00:00,201,250548.049,
2026-09-21T01:32:20.725694+00:00,201,123706.115,
2026-09-21T01:31:31.490888+00:00,201,172951.493,
2026-09-21T01:31:39.566203+00:00,201,164876.852,
2026-09-21T01:32:18.732825+00:00,201,125717.34,
2026-09-21T01:32:30.668003+00:00,201,113782.54,
2026-09-21T01:29:56.852277+00:00,201,267604.652,
2026-09-21T01:31:23.283703+00:00,201,181195.853,
2026-09-21T01:32:02.166664+00:00,201,142314.279,
2026-09-21T01:30:17.526556+00:00,201,246960.32,
2026-09-21T01:32:05.557355+00:00,201,138943.899,
2026-09-21T01:32:10.911314+00:00,201,133591.624,
2026-09-21T01:32:55.109116+00:00,201,89400.15,
2026-09-21T01:31:38.413599+00:00,201,166097.423,
2026-09-21T01:31:26.654578+00:00,201,177857.493,
2026-09-21T01:32:34.838140+00:00,201,109678.286,
2026-09-21T01:32:06.615679+00:00,201,137904.327,
2026-09-21T01:30:37.471962+00:00,201,227048.146,
2026-09-21T01:31:30.926630+00:00,201,173611.168,
2026-09-21T01:30:46.338905+00:00,201,218199.104,
2026-09-21T01:29:43.474395+00:00,201,281063.776,
2026-09-21T01:31:21.178392+00:00,201,183370.327,
2026-09-21T01:31:46.902296+00:00,201,157648.966,
2026-09-21T01:30:55.308631+00:00,201,209242.858,
2026-09-21T01:31:34.478460+00:00,201,170082.877,
2026-09-21T01:31:21.275858+00:00,201,183285.849,
2026-09-21T01:32:39.568572+00:00,201,104994.61,
2026-09-21T01:31:32.007541+00:00,201,172557.174,
2026-09-21T01:31:59.376581+00:00,201,145195.32,
2026-09-21T01:32:27.611785+00:00,201,116990.515,
2026-09-21T01:29:54.905180+00:00,201,269700.405,
2026-09-21T01:32:18.765907+00:00,201,125841.08,
2026-09-21T01:32:29.568682+00:00,201,115042.045,
2026-09-21T01:32:45.041763+00:00,201,99578.34,
2026-09-21T01:30:46.635137+00:00,201,218002.105,
2026-09-21T01:32:03.417936+00:00,201,141223.0,
2026-09-21T01:31:15.810297+00:00,201,188836.149,
2026-09-21T01:30:52.010862+00:00,201,212652.34,
2026-09-21T01:30:58.670516+00:00,201,205993.627,
2026-09-21T01:30:36.104254+00:00,201,228561.826,
2026-09-21T01:31:27.054657+00:00,201,177621.881,
2026-09-21T01:31:05.938729+00:00,201,198738.094,
2026-09-21T01:31:30.000023+00:00,201,174682.726,
2026-09-21T01:31:41.149891+00:00,201,163534.38,
2026-09-21T01:29:57.727191+00:00,201,266967.517,
2026-09-21T01:30:09.033790+00:00,201,255675.861,
2026-09-21T01:31:48.611689+00:00,201,156101.919,
2026-09-21T01:32:20.984446+00:00,201,123738.402,
2026-09-21T01:32:16.231235+00:00,201,128497.753,
2026-09-21T01:30:39.927119+00:00,201,224805.141,
2026-09-21T01:32:10.285048+00:00,201,134447.731,
2026-09-21T01:31:21.342230+00:00,201,183393.914,
2026-09-21T01:31:14.722453+00:00,201,190017.907,
2026-09-21T01:31:32.282644+00:00,201,172461.688,
2026-09-21T01:32:33.345729+00:00,201,111409.052,
2026-09-21T01:30:52.917348+00:00,201,211849.042,
2026-09-21T01:30:58.336435+00:00,201,206439.777,
2026-09-21T01:32:26.657323+00:00,201,118125.388,
2026-09-21T01:30:57.462860+00:00,201,207320.046,
2026-09-21T01:30:41.262693+00:00,201,223561.431,
2026-09-21T01:31:40.144294+00:00,201,164680.281,
2026-09-21T01:31:50.170430+00:00,201,154654.54,
2026-09-21T01:31:54.243458+00:00,201,150581.902,
2026-09-21T01:32:10.925447+00:00,201,133900.353,
2026-09-21T01:32:44.399591+00:00,201,100426.73,
2026-09-21T01:30:48.688232+00:00,201,216138.341,
2026-09-21T01:29:50.101899+00:00,201,274740.005,
2026-09-21T01:31:18.228562+00:00,201,186614.019,
2026-09-21T01:31:18.253067+00:00,201,186597.814,
2026-09-21T01:31:36.577816+00:00,201,168281.844,
2026-09-21T01:30:39.658542+00:00,201,225201.571,
2026-09-21T01:32:46.456556+00:00,201,98421.473,
2026-09-21T01:31:25.829329+00:00,201,179049.152,
2026-09-21T01:31:53.113099+00:00,201,151766.03,
2026-09-21T01:31:30.094923+00:00,201,174784.798,
2026-09-21T01:31:00.542128+00:00,201,204338.186,
2026-09-21T01:30:49.829486+00:00,201,215051.491,
2026-09-21T01:31:15.829615+00:00,201,189052.147,
2026-09-21T01:32:59.329074+00:00,201,85576.477,
2026-09-21T01:31:03.188084+00:00,201,201717.937,
2026-09-21T01:32:35.551002+00:00,201,109355.95,
2026-09-21T01:32:36.615286+00:00,201,108292.409,
2026-09-21T01:31:58.335334+00:00,201,146573.051,
2026-09-21T01:32:03.936650+00:00,201,140972.561,
2026-09-21T01:32:16.349825+00:00,201,128560.233,
2026-09-21T01:31:23.919548+00:00,201,180991.274,
2026-09-21T01:32:28.997083+00:00,201,115914.742,
2026-09-21T01:29:55.452242+00:00,201,269460.206,
2026-09-21T01:32:31.374998+00:00,201,113538.658,
2026-09-21T01:30:34.274300+00:00,201,230640.091,
2026-09-21T01:32:26.306815+00:00,201,118608.756,
2026-09-21T01:31:38.099754+00:00,201,166816.746,
2026-09-21T01:31:42.232856+00:00,201,162717.843,
2026-09-21T01:30:52.768718+00:00,201,212182.952,
2026-09-21T01:32:52.955755+00:00,201,91997.273,
2026-09-21T01:32:44.287794+00:00,201,100701.834,
2026-09-21T01:32:02.192643+00:00,201,142798.02,
2026-09-21T01:31:54.076050+00:00,201,150937.978,
2026-09-21T01:32:07.013576+00:00,201,138003.015,
2026-09-21T01:31:39.245674+00:00,201,165790.931,
2026-09-21T01:32:54.991373+00:00,201,90057.823,
2026-09-21T01:30:13.364778+00:00,201,251687.849,
2026-09-21T01:32:19.237936+00:00,201,125816.13,
2026-09-21T01:29:42.286198+00:00,201,282785.652,
2026-09-21T01:31:36.368111+00:00,201,168709.004,
2026-09-21T01:30:16.620372+00:00,201,248457.823,
2026-09-21T01:30:23.350784+00:00,201,241739.391,
2026-09-21T01:32:34.003528+00:00,201,111110.533,
2026-09-21T01:32:53.650086+00:00,201,91466.501,
2026-09-21T01:32:37.761573+00:00,201,107357.571,
2026-09-21T01:32:52.375929+00:00,201,92749.909,
2026-09-21T01:30:28.532360+00:00,201,236605.071,
2026-09-21T01:32:46.558147+00:00,201,98580.773,
2026-09-21T01:32:43.840517+00:00,201,101331.644,
2026-09-21T01:30:54.251596+00:00,201,210957.569,
2026-09-21T01:31:53.696806+00:00,201,151516.063,
2026-09-21T01:31:31.217243+00:00,201,173998.006,
2026-09-21T01:32:33.218274+00:00,201,112019.184,
2026-09-21T01:31:16.024334+00:00,201,189229.009,
2026-09-21T01:31:49.413010+00:00,201,155890.417,
2026-09-21T01:29:56.442190+00:00,201,268865.928,
2026-09-21T01:32:44.489501+00:00,201,100820.099,
2026-09-21T01:32:27.291664+00:00,201,118053.129,
2026-09-21T01:31:24.082058+00:00,201,181306.301,
2026-09-21T01:31:23.647040+00:00,201,181753.454,
2026-09-21T01:31:25.870525+00:00,201,179532.139,
2026-09-21T01:31:26.273781+00:00,201,179150.077,
2026-09-21T01:30:42.758990+00:00,201,222682.807,
2026-09-21T01:30:48.725143+00:00,201,216737.804,
2026-09-21T01:30:42.923162+00:00,201,222545.444,
2026-09-21T01:31:29.683945+00:00,201,175789.438,
2026-09-21T01:31:46.751243+00:00,201,158728.169,
2026-09-21T01:31:53.809227+00:00,201,151681.231,
2026-09-21T01:31:28.567653+00:00,201,176932.666,
2026-09-21T01:30:43.340601+00:00,201,222162.126,
2026-09-21T01:30:47.480087+00:00,201,218026.398,
2026-09-21T01:31:17.811355+00:00,201,187696.399,
2026-09-21T01:31:56.467784+00:00,201,149043.892,
2026-09-21T01:32:33.702927+00:00,201,111827.159,
2026-09-21T01:30:35.715300+00:00,201,229830.69,
2026-09-21T01:31:33.021588+00:00,201,172537.707,
2026-09-21T01:32:17.994416+00:00,201,127593.006,
2026-09-21T01:31:48.042061+00:00,201,157546.437,
2026-09-21T01:32:55.056369+00:00,201,90533.449,
2026-09-21T01:30:53.873914+00:00,201,211723.738,
2026-09-21T01:31:46.410926+00:00,201,159223.804,
2026-09-21T01:31:13.515610+00:00,201,192138.872,
2026-09-21T01:31:32.209406+00:00,201,173452.4,
2026-09-21T01:30:54.440228+00:00,201,211223.808,
2026-09-21T01:31:06.767967+00:00,201,198910.487,
2026-09-21T01:32:18.250457+00:00,201,127476.608,
2026-09-21T01:31:38.992090+00:00,201,166739.753,
2026-09-21T01:31:46.552053+00:00,201,159221.43,
2026-09-21T01:30:49.951222+00:00,201,215826.407,
2026-09-21T01:29:51.069392+00:00,201,274714.865,
2026-09-21T01:32:08.017073+00:00,201,137792.917,
2026-09-21T01:32:32.628102+00:00,201,113194.968,
2026-09-21T01:31:07.108752+00:00,201,198717.361,
2026-09-21T01:30:20.496893+00:00,201,245369.437,
2026-09-21T01:32:54.647465+00:00,201,91226.877,
2026-09-21T01:30:28.524381+00:00,201,237357.772,
2026-09-21T01:31:44.077126+00:00,201,161811.039,
2026-09-21T01:31:26.741874+00:00,201,179174.964,
2026-09-21T01:31:33.648221+00:00,201,172270.779,
2026-09-21T01:31:25.190678+00:00,201,180730.656,
2026-09-21T01:32:28.914724+00:00,201,117033.269,
2026-09-21T01:30:41.692882+00:00,201,224269.27,
2026-09-21T01:31:24.181852+00:00,201,181781.431,
2026-09-21T01:30:39.783930+00:00,201,226188.81,
2026-09-21T01:32:31.088671+00:00,201,114902.706,
2026-09-21T01:30:20.486137+00:00,201,245511.759,
2026-09-21T01:31:18.650988+00:00,201,187350.331,
2026-09-21T01:31:27.508015+00:00,201,178501.281,
2026-09-21T01:31:22.862209+00:00,201,183162.414,
2026-09-21T01:31:23.961964+00:00,201,182064.938,
2026-09-21T01:32:03.954506+00:00,201,142109.571,
2026-09-21T01:31:11.898506+00:00,201,194170.535,
2026-09-21T01:30:36.932383+00:00,201,229137.76,
2026-09-21T01:32:10.147071+00:00,201,135924.402,
2026-09-21T01:31:28.663430+00:00,201,177410.418,
2026-09-21T01:31:57.267241+00:00,201,148809.125,
2026-09-21T01:32:00.062689+00:00,201,146042.258,
2026-09-21T01:30:39.553654+00:00,201,226630.59,
2026-09-21T01:32:52.626798+00:00,201,93569.467,
2026-09-21T01:32:18.486098+00:00,201,127736.516,
2026-09-21T01:32:32.471592+00:00,201,113756.91,
2026-09-21T01:32:51.765329+00:00,201,94490.241,
2026-09-21T01:31:07.040688+00:00,201,199242.924,
2026-09-21T01:32:05.202247+00:00,201,141083.924,
2026-09-21T01:30:52.637340+00:00,201,213649.922,
2026-09-21T01:31:12.351399+00:00,201,193942.278,
2026-09-21T01:31:36.918602+00:00,201,169376.382,
2026-09-21T01:30:49.480716+00:00,201,216834.32,
2026-09-21T01:32:03.077814+00:00,201,143246.608,
2026-09-21T01:31:49.539026+00:00,201,156799.7,
2026-09-21T01:31:17.806421+00:00,201,188536.154,
2026-09-21T01:31:52.076698+00:00,201,154271.27,
2026-09-21T01:32:22.084831+00:00,201,124276.433,
2026-09-21T01:32:02.469158+00:00,201,143896.868,
2026-09-21T01:30:28.892650+00:00,201,237487.681,
2026-09-21T01:31:40.489018+00:00,201,165904.494,
2026-09-21T01:31:49.734564+00:00,201,156660.501,
2026-09-21T01:30:30.395723+00:00,201,236007.216,
2026-09-21T01:32:42.567994+00:00,201,103843.447,
2026-09-21T01:31:56.473267+00:00,201,149939.425,
2026-09-21T01:31:00.046280+00:00,201,206389.72,
2026-09-21T01:31:02.911325+00:00,201,203551.263,
2026-09-21T01:30:17.682407+00:00,201,248785.416,
2026-09-21T01:31:11.051499+00:00,201,195444.442,
2026-09-21T01:32:08.686519+00:00,201,137810.836,
2026-09-21T01:31:39.840923+00:00,201,166690.618,
2026-09-21T01:31:10.606246+00:00,201,195935.519,
2026-09-21T01:31:46.938345+00:00,201,159675.532,
2026-09-21T01:31:57.875578+00:00,201,148755.944,
2026-09-21T01:31:30.372893+00:00,201,176272.736,
2026-09-21T01:31:12.930571+00:00,201,193718.872,
2026-09-21T01:32:26.780987+00:00,201,119871.618,
2026-09-21T01:32:37.885045+00:00,201,108791.529,
2026-09-21T01:30:53.256949+00:00,201,213448.873,
2026-09-21T01:32:37.030328+00:00,201,109676.98,
2026-09-21T01:31:11.773261+00:00,201,194936.644,
2026-09-21T01:30:31.786104+00:00,201,234951.214,
2026-09-21T01:29:37.802527+00:00,201,288940.254,
2026-09-21T01:32:03.907908+00:00,201,142841.785,
2026-09-21T01:31:51.335419+00:00,201,155421.738,
2026-09-21T01:32:26.090992+00:00,201,120678.797,
2026-09-21T01:31:23.428876+00:00,201,183358.232,
2026-09-21T01:31:37.537139+00:00,201,169308.843,
2026-09-21T01:32:26.741540+00:00,201,120109.934,
2026-09-21T01:31:30.668474+00:00,201,176185.717,
2026-09-21T01:31:27.038788+00:00,201,179816.772,
2026-09-21T01:32:42.405598+00:00,201,104451.467,
2026-09-21T01:32:26.917805+00:00,201,119978.173,
2026-09-21T01:31:32.613559+00:00,201,174286.223,
2026-09-21T01:29:44.882544+00:00,201,282039.885,
2026-09-21T01:30:13.890403+00:00,201,253036.205,
2026-09-21T01:31:36.716821+00:00,201,170211.385,
2026-09-21T01:32:32.815092+00:00,201,114129.227,
2026-09-21T01:30:26.902931+00:00,201,240104.14,
2026-09-21T01:30:58.527829+00:00,201,208490.172,
2026-09-21T01:31:17.356531+00:00,201,189712.015,
2026-09-21T01:31:54.735321+00:00,201,152334.557,
2026-09-21T01:30:31.236538+00:00,201,235858.831,
2026-09-21T01:30:42.252218+00:00,201,224847.195,
2026-09-21T01:30:32.594481+00:00,201,234507.599,
2026-09-21T01:31:05.324428+00:00,201,201805.541,
2026-09-21T01:32:41.172422+00:00,201,105968.026,
2026-09-21T01:30:28.683144+00:00,201,238473.941,
2026-09-21T01:32:10.291488+00:00,201,136883.594,
2026-09-21T01:32:20.831252+00:00,201,126365.012,
2026-09-21T01:31:33.476042+00:00,201,173732.851,
2026-09-21T01:31:29.590351+00:00,201,177630.192,
2026-09-21T01:32:16.324371+00:00,201,130907.252,
2026-09-21T01:32:00.672546+00:00,201,146570.239,
2026-09-21T01:32:10.954538+00:00,201,136303.98,
2026-09-21T01:31:07.396329+00:00,201,199873.805,
2026-09-21T01:30:36.785373+00:00,201,230491.33,
2026-09-21T01:31:36.741151+00:00,201,170538.297,
2026-09-21T01:31:42.880580+00:00,201,164405.845,
2026-09-21T01:31:53.956394+00:00,201,153368.381,
2026-09-21T01:31:24.902485+00:00,201,182427.422,
2026-09-21T01:31:16.120851+00:00,201,191273.722,
2026-09-21T01:32:37.050851+00:00,201,110356.271,
2026-09-21T01:32:54.405158+00:00,201,93021.218,
2026-09-21T01:32:35.888255+00:00,201,111541.198,
2026-09-21T01:32:54.047028+00:00,201,93391.565,
2026-09-21T01:30:32.157976+00:00,201,235323.468,
2026-09-21T01:31:59.629705+00:00,201,147895.267,
2026-09-21T01:32:05.914721+00:00,201,141611.702,
2026-09-21T01:32:09.439500+00:00,201,138093.293,
2026-09-21T01:32:45.155372+00:00,201,102379.959,
2026-09-21T01:31:59.553761+00:00,201,147985.282,
2026-09-21T01:31:22.929902+00:00,201,184615.671,
2026-09-21T01:30:56.285387+00:00,201,211294.883,
2026-09-21T01:32:16.900336+00:00,201,130689.042,
2026-09-21T01:32:07.319339+00:00,201,140273.767,
2026-09-21T01:31:19.279105+00:00,201,188325.63,
2026-09-21T01:32:04.016551+00:00,201,143602.596,
2026-09-21T01:31:16.850901+00:00,201,190793.371,
2026-09-21T01:32:30.942334+00:00,201,116704.728,
2026-09-21T01:32:32.256396+00:00,201,115409.9,
2026-09-21T01:31:52.826659+00:00,201,154844.72,
2026-09-21T01:32:41.685296+00:00,201,105994.351,
2026-09-21T01:29:55.860494+00:00,201,271829.723,
2026-09-21T01:31:47.735900+00:00,201,159976.977,
2026-09-21T01:31:45.222694+00:00,201,162496.952,
2026-09-21T01:30:34.179598+00:00,201,233561.912,
2026-09-21T01:31:46.750539+00:00,201,160994.182,
2026-09-21T01:32:42.125591+00:00,201,105641.49,
2026-09-21T01:30:20.355419+00:00,201,247416.567,
2026-09-21T01:31:03.655539+00:00,201,204124.619,
2026-09-21T01:32:25.303988+00:00,201,122498.469,
2026-09-21T01:29:58.861595+00:00,201,268963.972,
2026-09-21T01:31:42.459597+00:00,201,165367.45,
2026-09-21T01:32:08.042737+00:00,201,139801.933,
2026-09-21T01:31:00.721057+00:00,201,207134.227,
2026-09-21T01:31:52.551688+00:00,201,155332.111,
2026-09-21T01:32:25.431204+00:00,201,122490.587,
2026-09-21T01:32:28.608820+00:00,201,119331.053,
2026-09-21T01:32:39.043502+00:00,201,108903.269,
2026-09-21T01:30:39.501469+00:00,201,228451.521,
2026-09-21T01:32:37.013215+00:00,201,110954.209,
2026-09-21T01:31:46.254942+00:00,201,161713.628,
2026-09-21T01:32:01.162236+00:00,201,146833.298,
2026-09-21T01:31:44.300136+00:00,201,163714.12,
2026-09-21T01:31:55.656610+00:00,201,152361.623,
2026-09-21T01:32:00.813754+00:00,201,147217.597,
2026-09-21T01:30:55.053139+00:00,201,212993.125,
2026-09-21T01:30:00.463670+00:00,201,267585.004,
2026-09-21T01:31:53.039863+00:00,201,155010.327,
2026-09-21T01:31:00.090190+00:00,201,207965.84,
2026-09-21T01:32:48.041530+00:00,201,100031.332,
2026-09-21T01:31:31.691819+00:00,201,176383.725,
2026-09-21T01:30:50.117634+00:00,201,217960.707,
2026-09-21T01:30:36.099410+00:00,201,231980.305,
2026-09-21T01:32:43.036560+00:00,201,105050.766,
2026-09-21T01:32:14.370451+00:00,201,133749.149,
2026-09-21T01:29:49.287391+00:00,201,278856.277,
2026-09-21T01:32:26.846264+00:00,201,121341.394,
2026-09-21T01:32:08.316263+00:00,201,139875.405,
2026-09-21T01:31:25.200427+00:00,201,182992.726,
2026-09-21T01:30:30.165250+00:00,201,238073.917,
2026-09-21T01:29:52.748808+00:00,201,275556.852,
2026-09-21T01:31:51.012043+00:00,201,157315.242,
2026-09-21T01:32:29.355840+00:00,201,118980.025,
2026-09-21T01:31:27.529297+00:00,201,180814.234,
2026-09-21T01:32:31.733160+00:00,201,116620.571,
2026-09-21T01:31:40.069066+00:00,201,168290.475,
2026-09-21T01:31:32.166535+00:00,201,176202.952,
2026-09-21T01:32:34.019589+00:00,201,114401.825,
2026-09-21T01:31:39.263682+00:00,201,169166.024,
2026-09-21T01:29:57.641734+00:00,201,270852.391,
2026-09-21T01:32:08.988066+00:00,201,139528.537,
2026-09-21T01:32:54.457871+00:00,201,94067.309,
2026-09-21T01:31:15.122418+00:00,201,193427.006,
2026-09-21T01:32:47.258616+00:00,201,101309.112,
2026-09-21T01:31:09.876315+00:00,201,198706.897,
2026-09-21T01:32:04.957430+00:00,201,143632.911,
2026-09-21T01:30:19.503853+00:00,201,249094.684,
2026-09-21T01:29:48.600751+00:00,201,280030.909,
2026-09-21T01:29:53.622887+00:00,201,275013.158,
2026-09-21T01:32:44.943563+00:00,201,103696.984,
2026-09-21T01:32:27.615064+00:00,201,121039.978,
2026-09-21T01:32:43.303055+00:00,201,105353.397,
2026-09-21T01:32:44.385669+00:00,201,104281.373,
2026-09-21T01:31:32.640172+00:00,201,176045.991,
2026-09-21T01:31:52.569970+00:00,201,156142.142,
2026-09-21T01:32:18.680385+00:00,201,130068.024,
2026-09-21T01:30:32.697117+00:00,201,236059.249,
2026-09-21T01:31:39.240698+00:00,201,169526.437,
2026-09-21T01:31:25.018673+00:00,201,183752.485,
2026-09-21T01:30:42.472061+00:00,201,226338.496,
2026-09-21T01:32:19.273631+00:00,201,129542.505,
2026-09-21T01:31:40.876232+00:00,201,167943.667,
2026-09-21T01:32:52.505388+00:00,201,96320.019,
2026-09-21T01:31:46.934414+00:00,201,161934.722,
2026-09-21T01:30:09.960681+00:00,201,258935.997,
2026-09-21T01:31:40.441388+00:00,201,168471.547,
2026-09-21T01:31:24.270546+00:00,201,184655.597,
2026-09-21T01:31:58.207690+00:00,201,150719.807,
2026-09-21T01:31:16.478973+00:00,201,192478.785,
2026-09-21T01:31:42.937927+00:00,201,166021.224,
2026-09-21T01:32:33.207435+00:00,201,115855.456,
2026-09-21T01:30:22.959376+00:00,201,246115.508,
2026-09-21T01:31:33.100275+00:00,201,175980.707,
2026-09-21T01:31:06.797698+00:00,201,202300.534,
2026-09-21T01:31:27.363276+00:00,201,181746.986,
2026-09-21T01:31:26.484876+00:00,201,182626.775,
2026-09-21T01:30:41.138543+00:00,201,227994.512,
2026-09-21T01:31:04.975123+00:00,201,204162.552,
2026-09-21T01:29:49.195009+00:00,201,279958.582,
2026-09-21T01:31:29.827170+00:00,201,179328.028,
2026-09-21T01:32:31.413699+00:00,201,117744.703,
2026-09-21T01:32:44.414588+00:00,201,104764.975,
2026-09-21T01:31:03.055432+00:00,201,206151.48,
2026-09-21T01:32:07.627265+00:00,201,141582.493,
2026-09-21T01:31:00.761717+00:00,201,208469.878,
2026-09-21T01:31:28.985908+00:00,201,180274.354,
2026-09-21T01:30:41.602160+00:00,201,227676.441,
2026-09-21T01:32:54.828573+00:00,201,94451.7,
2026-09-21T01:31:03.077110+00:00,201,206263.008,
2026-09-21T01:30:58.061209+00:00,201,211311.857,
2026-09-21T01:32:03.795906+00:00,201,145616.528,
2026-09-21T01:30:54.505556+00:00,201,214920.71,
2026-09-21T01:32:01.160175+00:00,201,148283.581,
2026-09-21T01:30:26.909250+00:00,201,242538.453,
2026-09-21T01:30:30.700215+00:00,201,238757.204,
2026-09-21T01:30:26.568690+00:00,201,242894.585,
2026-09-21T01:30:24.402343+00:00,201,245062.453,
2026-09-21T01:31:46.501813+00:00,201,162980.681,
2026-09-21T01:31:56.790066+00:00,201,152695.321,
2026-09-21T01:32:49.008828+00:00,201,100586.584,
2026-09-21T01:31:16.578489+00:00,201,193020.626,
2026-09-21T01:30:17.040134+00:00,201,252594.865,
2026-09-21T01:32:54.817088+00:00,201,94822.212,
2026-09-21T01:30:42.705649+00:00,201,226937.327,
2026-09-21T01:31:25.249058+00:00,201,184406.249,
2026-09-21T01:31:40.849122+00:00,201,168816.301,
2026-09-21T01:31:48.927620+00:00,201,160761.677,
2026-09-21T01:30:03.176051+00:00,201,266518.706,
2026-09-21T01:31:45.967658+00:00,201,163729.907,
2026-09-21T01:31:47.431281+00:00,201,162267.626,
2026-09-21T01:30:19.921655+00:00,201,249783.82,
2026-09-21T01:30:54.122996+00:00,201,215613.476,
2026-09-21T01:32:46.226678+00:00,201,103545.642,
2026-09-21T01:31:04.614544+00:00,201,205218.163,
2026-09-21T01:31:19.272581+00:00,201,190591.959,
2026-09-21T01:32:38.504713+00:00,201,111366.982,
2026-09-21T01:32:52.745052+00:00,201,97143.706,
2026-09-21T01:31:42.237255+00:00,201,167655.762,
2026-09-21T01:31:32.178485+00:00,201,177726.244,
2026-09-21T01:31:13.269893+00:00,201,196651.43,
2026-09-21T01:31:37.050651+00:00,201,172872.734,
2026-09-21T01:32:29.043829+00:00,201,120884.682,
2026-09-21T01:30:50.276581+00:00,201,219657.598,
2026-09-21T01:30:58.335354+00:00,201,211602.869,
2026-09-21T01:31:39.160777+00:00,201,170779.216,
2026-09-21T01:31:38.053146+00:00,201,171887.673,
2026-09-21T01:31:56.326525+00:00,201,153622.306,
2026-09-21T01:32:51.685964+00:00,201,98269.212,
2026-09-21T01:32:56.080899+00:00,201,93879.753,
2026-09-21T01:30:28.544167+00:00,201,241433.031,
2026-09-21T01:32:31.037883+00:00,201,118944.123,
2026-09-21T01:31:37.610096+00:00,201,172372.862,
2026-09-21T01:31:17.324618+00:00,201,192673.691,
2026-09-21T01:32:08.804193+00:00,201,141198.082,
2026-09-21T01:31:03.531277+00:00,201,206478.604,
2026-09-21T01:31:10.540830+00:00,201,199483.984,
2026-09-21T01:31:35.795010+00:00,201,174235.478,
2026-09-21T01:32:26.874632+00:00,201,123159.083,
2026-09-21T01:31:51.915949+00:00,201,158121.209,
2026-09-21T01:30:45.270810+00:00,201,224772.145,
2026-09-21T01:30:23.297775+00:00,201,246763.629,
2026-09-21T01:32:46.572534+00:00,201,103494.724,
2026-09-21T01:31:22.515344+00:00,201,187563.819,
2026-09-21T01:30:27.921232+00:00,201,242158.787,
2026-09-21T01:30:07.228678+00:00,201,262857.677,
2026-09-21T01:31:40.807410+00:00,201,169290.523,
2026-09-21T01:31:37.800009+00:00,201,172298.116,
2026-09-21T01:30:57.402459+00:00,201,212702.902,
2026-09-21T01:32:41.806653+00:00,201,108303.105,
2026-09-21T01:32:05.283366+00:00,201,144832.727,
2026-09-21T01:31:06.260773+00:00,201,203860.38,
2026-09-21T01:32:51.943530+00:00,201,98185.714,
2026-09-21T01:32:52.523643+00:00,201,97612.801,
2026-09-21T01:32:26.946590+00:00,201,123191.266,
2026-09-21T01:31:17.859763+00:00,201,192280.46,
2026-09-21T01:31:37.999041+00:00,201,172151.997,
2026-09-21T01:30:22.361635+00:00,201,247807.021,
2026-09-21T01:30:17.669879+00:00,201,252501.292,
2026-09-21T01:32:52.585905+00:00,201,97590.243,
2026-09-21T01:31:38.177426+00:00,201,172002.506,
2026-09-21T01:31:51.585894+00:00,201,158601.953,
2026-09-21T01:32:26.052411+00:00,201,124138.772,
2026-09-21T01:32:35.702714+00:00,201,114488.713,
2026-09-21T01:32:19.236436+00:00,201,130957.063,
2026-09-21T01:31:09.158874+00:00,201,201041.607,
2026-09-21T01:31:16.663674+00:00,201,193539.303,
2026-09-21T01:32:44.899036+00:00,201,105307.574,
2026-09-21T01:32:27.953459+00:00,201,122253.378,
2026-09-21T01:32:32.837756+00:00,201,117370.862,
2026-09-21T01:32:08.517628+00:00,201,141707.59,
2026-09-21T01:30:29.979600+00:00,201,240250.123,
2026-09-21T01:30:50.008537+00:00,201,220228.112,
2026-09-21T01:31:38.532267+00:00,201,171707.726,
2026-09-21T01:30:57.548304+00:00,201,212701.416,
2026-09-21T01:30:51.599793+00:00,201,218651.318,
2026-09-21T01:31:21.920449+00:00,201,188332.048,
2026-09-21T01:32:52.329819+00:00,201,97927.887,
2026-09-21T01:32:35.149689+00:00,201,115108.986,
2026-09-21T01:30:48.674489+00:00,201,221591.005,
2026-09-21T01:31:39.720463+00:00,201,170548.749,
2026-09-21T01:31:38.243037+00:00,201,172037.614,
2026-09-21T01:32:31.000177+00:00,201,119285.077,
2026-09-21T01:30:29.154908+00:00,201,241130.503,
2026-09-21T01:29:54.610633+00:00,201,275684.969,
2026-09-21T01:31:21.964657+00:00,201,188331.317,
2026-09-21T01:31:19.757440+00:00,201,190539.289,
2026-09-21T01:31:44.990921+00:00,201,165331.334,
2026-09-21T01:30:58.003034+00:00,201,212327.149,
2026-09-21T01:31:06.768558+00:00,201,203561.799,
2026-09-21T01:31:17.379878+00:00,201,192969.276,
2026-09-21T01:31:32.074545+00:00,201,178277.746,
2026-09-21T01:31:20.973994+00:00,201,189393.871,
2026-09-21T01:31:51.393354+00:00,201,158982.388,
2026-09-21T01:31:14.425386+00:00,201,195959.017,
2026-09-21T01:32:19.611380+00:00,201,130773.362,
2026-09-21T01:31:58.511678+00:00,201,151873.254,
2026-09-21T01:31:50.121814+00:00,201,160270.691,
2026-09-21T01:31:01.759354+00:00,201,208638.618,
2026-09-21T01:31:13.654715+00:00,201,196743.562,
2026-09-21T01:30:33.485367+00:00,201,236921.636,
2026-09-21T01:31:07.300646+00:00,201,203107.748,
2026-09-21T01:31:57.368711+00:00,201,153040.076,
2026-09-21T01:31:02.521589+00:00,201,207891.271,
2026-09-21T01:31:04.233786+00:00,201,206182.629,
2026-09-21T01:31:15.979071+00:00,201,194438.028,
2026-09-21T01:32:54.602493+00:00,201,95819.004,
2026-09-21T01:32:27.839086+00:00,201,122585.709,
2026-09-21T01:32:45.436358+00:00,201,104990.093,
2026-09-21T01:31:24.792447+00:00,201,185643.169,
2026-09-21T01:30:28.528413+00:00,201,241918.392,
2026-09-21T01:32:04.030788+00:00,201,146419.645,
2026-09-21T01:30:16.079523+00:00,201,254371.401,
2026-09-21T01:31:15.355508+00:00,201,195106.693,
2026-09-21T01:31:50.466796+00:00,201,159999.021,
2026-09-21T01:30:07.001374+00:00,201,263472.087,
2026-09-21T01:32:09.125480+00:00,201,141348.607,
2026-09-21T01:32:37.375465+00:00,201,113099.424,
2026-09-21T01:32:43.119323+00:00,201,107372.472,
2026-09-21T01:30:56.774226+00:00,201,213734.323,
2026-09-21T01:30:42.177765+00:00,201,228337.699,
2026-09-21T01:30:37.931121+00:00,201,232594.053,
2026-09-21T01:30:16.446122+00:00,201,254082.398,
2026-09-21T01:31:56.629756+00:00,201,153904.716,
2026-09-21T01:30:57.175817+00:00,201,213369.868,
2026-09-21T01:31:44.079379+00:00,201,166466.689,
2026-09-21T01:30:39.334378+00:00,201,231212.553,
2026-09-21T01:31:12.013500+00:00,201,198552.06,
2026-09-21T01:32:18.321787+00:00,201,132245.502,
2026-09-21T01:32:08.112895+00:00,201,142455.903,
2026-09-21T01:31:31.976735+00:00,201,178603.099,
2026-09-21T01:31:15.831374+00:00,201,194748.662,
2026-09-21T01:30:24.844215+00:00,201,245749.161,
2026-09-21T01:31:53.762080+00:00,201,156831.725,
2026-09-21T01:31:39.379036+00:00,201,171223.638,
2026-09-21T01:31:40.182030+00:00,201,170426.872,
2026-09-21T01:30:08.286487+00:00,201,262322.554,
2026-09-21T01:32:07.022826+00:00,201,143588.645,
2026-09-21T01:31:20.679053+00:00,201,189950.455,
2026-09-21T01:31:51.046964+00:00,201,159585.566,
2026-09-21T01:30:29.938199+00:00,201,240705.403,
2026-09-21T01:31:03.743265+00:00,201,206903.879,
2026-09-21T01:31:19.140194+00:00,201,191507.274,
2026-09-21T01:31:48.699620+00:00,201,161954.909,
2026-09-21T01:30:47.476467+00:00,201,223179.767,
2026-09-21T01:32:47.856429+00:00,201,102808.106,
2026-09-21T01:30:03.688607+00:00,201,266976.248,
2026-09-21T01:32:42.587717+00:00,201,108087.272,
2026-09-21T01:32:17.474837+00:00,201,133200.424,
2026-09-21T01:30:25.356324+00:00,201,245319.051,
2026-09-21T01:32:54.443218+00:00,201,96253.348,
2026-09-21T01:31:16.251873+00:00,201,194444.851,
2026-09-21T01:32:34.530295+00:00,201,116169.38,
2026-09-21T01:30:09.077620+00:00,201,261626.069,
2026-09-21T01:31:38.844664+00:00,201,171865.54,
2026-09-21T01:31:29.226328+00:00,201,181484.27,
2026-09-21T01:29:57.950962+00:00,201,272759.915,
2026-09-21T01:31:14.915691+00:00,201,195795.807,
2026-09-21T01:32:09.599123+00:00,201,141112.972,
2026-09-21T01:31:50.048633+00:00,201,160663.957,
2026-09-21T01:32:18.895942+00:00,201,131817.273,
2026-09-21T01:30:44.143315+00:00,201,226573.899,
2026-09-21T01:31:38.525672+00:00,201,172202.522,
2026-09-21T01:30:17.207518+00:00,201,253521.078,
2026-09-21T01:32:36.618531+00:00,201,114110.931,
2026-09-21T01:32:46.551339+00:00,201,104178.76,
2026-09-21T01:32:33.771792+00:00,201,116958.942,
2026-09-21T01:32:35.343618+00:00,201,115405.239,
2026-09-21T01:31:33.071301+00:00,201,177678.071,
2026-09-21T01:32:13.860674+00:00,201,136889.487,
2026-09-21T01:32:27.603801+00:00,201,123147.109,
2026-09-21T01:31:33.522860+00:00,201,177236.677,
2026-09-21T01:32:09.017597+00:00,201,141750.772,
2026-09-21T01:32:02.672614+00:00,201,148099.532,
2026-09-21T01:32:53.186819+00:00,201,97593.323,
2026-09-21T01:31:59.961109+00:00,201,150822.926,
2026-09-21T01:32:17.540533+00:00,201,133251.973,
2026-09-21T01:31:17.724127+00:00,201,193070.58,
2026-09-21T01:31:47.716184+00:00,201,163081.005,
2026-09-21T01:31:48.065135+00:00,201,162737.812,
2026-09-21T01:31:13.113323+00:00,201,197699.305,
2026-09-21T01:29:55.985849+00:00,201,274827.38,
2026-09-21T01:31:54.739011+00:00,201,156093.899,
2026-09-21T01:30:57.974226+00:00,201,212859.303,
2026-09-21T01:31:35.456285+00:00,201,175389.07,
2026-09-21T01:31:18.505424+00:00,201,192340.672,
2026-09-21T01:31:24.354143+00:00,201,186492.948,
2026-09-21T01:30:12.112685+00:00,201,258768.781,
2026-09-21T01:32:46.361031+00:00,201,104532.829,
2026-09-21T01:31:08.344352+00:00,201,202552.541,
2026-09-21T01:31:32.521662+00:00,201,178392.069,
2026-09-21T01:31:47.094178+00:00,201,163821.93,
2026-09-21T01:32:02.999561+00:00,201,147932.964,
2026-09-21T01:31:18.877051+00:00,201,192057.793,
2026-09-21T01:32:42.919515+00:00,201,108019.59,
2026-09-21T01:31:37.119803+00:00,201,173852.613,
2026-09-21T01:31:17.616357+00:00,201,193357.953,
2026-09-21T01:30:28.294505+00:00,201,242688.65,
2026-09-21T01:31:27.956500+00:00,201,183027.573,
2026-09-21T01:32:24.519906+00:00,201,126490.796,
2026-09-21T01:32:26.935331+00:00,201,124079.224,
2026-09-21T01:30:36.961186+00:00,201,234066.452,
2026-09-21T01:32:16.306405+00:00,201,134723.902,
2026-09-21T01:32:06.356184+00:00,201,144691.243,
2026-09-21T01:32:19.758477+00:00,201,131294.985,
2026-09-21T01:31:03.946256+00:00,201,207112.769,
2026-09-21T01:31:07.914516+00:00,201,203157.706,
2026-09-21T01:31:59.722037+00:00,201,151352.887,
2026-09-21T01:31:52.834362+00:00,201,158250.131,
2026-09-21T01:32:55.047949+00:00,201,96045.073,
2026-09-21T01:30:59.594078+00:00,201,211502.093,
2026-09-21T01:30:20.617052+00:00,201,250485.264,
2026-09-21T01:30:54.728850+00:00,201,216381.552,
2026-09-21T01:31:28.541403+00:00,201,182608.381,
2026-09-21T01:29:55.257278+00:00,201,275895.518,
2026-09-21T01:32:16.453867+00:00,201,134700.0,
2026-09-21T01:31:40.349475+00:00,201,170831.355,
2026-09-21T01:31:49.105770+00:00,201,162078.297,
2026-09-21T01:32:34.717688+00:00,201,116472.553,
2026-09-21T01:32:50.427207+00:00,201,100771.372,
2026-09-21T01:32:33.522898+00:00,201,117676.531,
2026-09-21T01:31:26.076574+00:00,201,185126.218,
2026-09-21T01:31:51.739425+00:00,201,159465.091,
2026-09-21T01:31:50.426341+00:00,201,160801.193,
2026-09-21T01:32:37.475062+00:00,201,113753.307,
2026-09-21T01:32:01.721512+00:00,201,149525.094,
2026-09-21T01:32:20.127313+00:00,201,131127.475,
2026-09-21T01:30:16.316587+00:00,201,254943.628,
2026-09-21T01:31:31.916285+00:00,201,179347.758,
2026-09-21T01:31:36.907008+00:00,201,174369.151,
2026-09-21T01:32:09.848279+00:00,201,141428.713,
2026-09-21T01:31:26.828357+00:00,201,184491.294,
2026-09-21T01:32:54.195458+00:00,201,97131.578,
2026-09-21T01:31:01.596596+00:00,201,209731.066,
2026-09-21T01:31:43.509274+00:00,201,167829.045,
2026-09-21T01:32:07.741944+00:00,201,143611.96,
2026-09-21T01:32:29.496962+00:00,201,121864.778,
2026-09-21T01:31:45.196146+00:00,201,166166.599,
2026-09-21T01:31:29.623704+00:00,201,181749.995,
2026-09-21T01:31:32.757360+00:00,201,178621.771,
2026-09-21T01:32:57.806175+00:00,201,93587.577,
2026-09-21T01:31:00.305342+00:00,201,211093.14,
2026-09-21T01:30:10.379943+00:00,201,261032.56,
2026-09-21T01:31:58.042233+00:00,201,153371.32,
2026-09-21T01:32:07.045209+00:00,201,144384.454,
2026-09-21T01:32:06.930532+00:00,201,144504.191,
2026-09-21T01:32:42.071857+00:00,201,109376.428,
2026-09-21T01:31:29.258347+00:00,201,182193.518,
2026-09-21T01:30:55.556163+00:00,201,215898.254,
2026-09-21T01:31:47.978723+00:00,201,163497.571,
2026-09-21T01:32:06.555642+00:00,201,144926.391,
2026-09-21T01:30:50.889925+00:00,201,220601.502,
2026-09-21T01:32:50.729436+00:00,201,100789.221,
2026-09-21T01:31:34.128881+00:00,201,177404.229,
2026-09-21T01:31:51.430815+00:00,201,160108.659,
2026-09-21T01:31:02.604855+00:00,201,208939.062,
2026-09-21T01:32:33.305905+00:00,201,118284.653,
2026-09-21T01:31:06.161585+00:00,201,205444.285,
2026-09-21T01:31:46.266954+00:00,201,165339.925,
2026-09-21T01:32:27.419776+00:00,201,124197.365,
2026-09-21T01:32:33.665284+00:00,201,117971.98,
2026-09-21T01:31:38.031431+00:00,201,173615.95,
2026-09-21T01:31:54.263381+00:00,201,157384.9,
2026-09-21T01:31:52.808267+00:00,201,158855.606,
2026-09-21T01:31:01.804182+00:00,201,209881.179,
2026-09-21T01:32:18.511112+00:00,201,133186.48,
2026-09-21T01:30:53.998209+00:00,201,217702.994,
2026-09-21T01:32:09.859581+00:00,201,141851.568,
2026-09-21T01:31:18.918553+00:00,201,192795.121,
2026-09-21T01:31:35.647577+00:00,201,176090.057,
2026-09-21T01:32:05.225067+00:00,201,146522.321,
2026-09-21T01:32:13.670716+00:00,201,138084.759,
2026-09-21T01:30:55.349804+00:00,201,216428.829,
2026-09-21T01:30:53.369827+00:00,201,218438.74,
2026-09-21T01:31:00.801616+00:00,201,211007.819,
2026-09-21T01:30:53.522147+00:00,201,218290.921,
2026-09-21T01:31:39.679034+00:00,201,172138.83,
2026-09-21T01:31:58.575005+00:00,201,153250.395,
2026-09-21T01:30:58.552867+00:00,201,213287.622,
2026-09-21T01:31:11.957158+00:00,201,199890.936,
2026-09-21T01:31:48.232250+00:00,201,163631.294,
2026-09-21T01:31:36.783716+00:00,201,175080.659,
2026-09-21T01:32:28.223558+00:00,201,123680.556,
2026-09-21T01:31:40.733070+00:00,201,171176.228,
2026-09-21T01:31:24.566960+00:00,201,187355.05,
2026-09-21T01:31:40.112188+00:00,201,171829.137,
2026-09-21T01:30:44.294178+00:00,201,227656.907,
2026-09-21T01:32:36.208059+00:00,201,115745.045,
2026-09-21T01:32:28.432387+00:00,201,123542.466,
2026-09-21T01:32:10.646512+00:00,201,141341.97,
2026-09-21T01:31:38.317077+00:00,201,173684.299,
2026-09-21T01:32:09.164282+00:00,201,142845.792,
2026-09-21T01:29:51.055527+00:00,201,280956.059,
2026-09-21T01:31:07.919186+00:00,201,204113.848,
2026-09-21T01:30:54.368830+00:00,201,217665.833,
2026-09-21T01:32:08.054334+00:00,201,143996.663,
2026-09-21T01:32:49.825625+00:00,201,102240.508,
2026-09-21T01:31:13.524317+00:00,201,198546.062,
2026-09-21T01:32:24.874328+00:00,201,127227.317,
2026-09-21T01:30:47.031274+00:00,201,225072.486,
2026-09-21T01:31:52.574009+00:00,201,159532.593,
2026-09-21T01:31:33.707628+00:00,201,178411.058,
2026-09-21T01:30:42.305470+00:00,201,229814.057,
2026-09-21T01:31:47.004830+00:00,201,165141.341,
2026-09-21T01:32:03.326230+00:00,201,148835.016,
2026-09-21T01:31:30.524857+00:00,201,181641.856,
2026-09-21T01:30:43.051064+00:00,201,229121.723,
2026-09-21T01:30:02.190668+00:00,201,269995.097,
2026-09-21T01:30:34.078648+00:00,201,238128.575,
2026-09-21T01:31:21.483170+00:00,201,190734.052,
2026-09-21T01:32:29.890852+00:00,201,122335.048,
2026-09-21T01:31:22.179291+00:00,201,190070.406,
2026-09-21T01:32:32.276459+00:00,201,119982.675,
2026-09-21T01:30:51.953282+00:00,201,220314.908,
2026-09-21T01:31:51.008404+00:00,201,161266.364,
2026-09-21T01:30:05.458329+00:00,201,266829.32,
2026-09-21T01:32:52.651588+00:00,201,99644.468,
2026-09-21T01:32:41.817493+00:00,201,110498.525,
2026-09-21T01:32:56.942175+00:00,201,95393.483,
2026-09-21T01:31:48.112823+00:00,201,164225.643,
2026-09-21T01:31:22.322585+00:00,201,190045.244,
2026-09-21T01:31:25.728827+00:00,201,186656.476,
2026-09-21T01:32:07.646339+00:00,201,144780.525,
2026-09-21T01:31:00.814658+00:00,201,211618.867,
2026-09-21T01:30:22.666019+00:00,201,249770.988,
2026-09-21T01:31:18.001445+00:00,201,194436.556,
2026-09-21T01:32:45.175499+00:00,201,107266.561,
2026-09-21T01:31:43.928366+00:00,201,168515.432,
2026-09-21T01:31:20.650998+00:00,201,191794.644,
2026-09-21T01:30:24.963734+00:00,201,247490.356,
2026-09-21T01:31:16.372411+00:00,201,196097.83,
2026-09-21T01:30:47.013370+00:00,201,225485.822,
2026-09-21T01:31:10.233253+00:00,201,202300.348,
2026-09-21T01:31:07.421743+00:00,201,205117.78,
2026-09-21T01:31:59.453466+00:00,201,153110.149,
2026-09-21T01:30:50.839921+00:00,201,221726.976,
2026-09-21T01:32:51.537287+00:00,201,101039.761,
2026-09-21T01:29:51.573791+00:00,201,281012.89,
2026-09-21T01:31:05.827694+00:00,201,206763.521,
2026-09-21T01:31:53.126857+00:00,201,159466.191,
2026-09-21T01:31:47.537259+00:00,201,165060.297,
2026-09-21T01:32:38.260314+00:00,201,114343.793,
2026-09-21T01:29:47.903648+00:00,201,284705.631,
2026-09-21T01:32:35.891887+00:00,201,116747.329,
2026-09-21T01:31:59.284511+00:00,201,153355.445,
2026-09-21T01:31:31.882784+00:00,201,180776.45,
2026-09-21T01:32:41.244765+00:00,201,111415.468,
2026-09-21T01:30:49.487587+00:00,201,223177.922,
2026-09-21T01:31:53.220053+00:00,201,159471.454,
2026-09-21T01:32:01.592241+00:00,201,151101.965,
2026-09-21T01:31:28.109052+00:00,201,184605.523,
2026-09-21T01:30:16.983024+00:00,201,255753.758,
2026-09-21T01:30:38.770445+00:00,201,233987.841,
2026-09-21T01:30:17.343476+00:00,201,255448.224,
2026-09-21T01:31:22.727331+00:00,201,190066.186,
2026-09-21T01:31:38.441931+00:00,201,174354.197,
2026-09-21T01:32:03.516815+00:00,201,149286.241,
2026-09-21T01:31:00.237902+00:00,201,212571.323,
2026-09-21T01:31:03.730992+00:00,201,209082.953,
2026-09-21T01:31:02.230670+00:00,201,210584.093,
2026-09-21T01:32:53.105875+00:00,201,99749.229,
2026-09-21T01:31:07.302520+00:00,201,205560.303,
2026-09-21T01:31:45.119495+00:00,201,167747.765,
2026-09-21T01:31:25.628611+00:00,201,187243.994,
2026-09-21T01:31:47.285400+00:00,201,165588.991,
2026-09-21T01:31:20.255601+00:00,201,192640.34,
2026-09-21T01:31:29.759157+00:00,201,183155.953,
2026-09-21T01:31:50.770382+00:00,201,162151.944,
2026-09-21T01:30:14.054351+00:00,201,258875.141,
2026-09-21T01:31:17.266685+00:00,201,195666.38,
2026-09-21T01:30:11.613214+00:00,201,261327.813,
2026-09-21T01:32:45.508343+00:00,201,107448.619,
2026-09-21T01:30:43.263969+00:00,201,229703.582,
2026-09-21T01:30:41.341041+00:00,201,231633.659,
2026-09-21T01:30:35.408021+00:00,201,237579.448,
2026-09-21T01:30:35.506233+00:00,201,237490.538,
2026-09-21T01:32:10.977466+00:00,201,142020.317,
2026-09-21T01:32:10.213103+00:00,201,142798.1,
2026-09-21T01:32:54.917957+00:00,201,98122.947,
2026-09-21T01:31:12.679937+00:00,201,200373.855,
2026-09-21T01:32:45.308143+00:00,201,107746.658,
2026-09-21T01:31:40.856581+00:00,201,172199.977,
2026-09-21T01:30:07.941913+00:00,201,265129.686,
2026-09-21T01:31:20.946919+00:00,201,192142.533,
2026-09-21T01:31:27.147472+00:00,201,185954.732,
2026-09-21T01:31:19.096872+00:00,201,194016.505,
2026-09-21T01:32:35.008822+00:00,201,118105.558,
2026-09-21T01:30:43.220973+00:00,201,229911.806,
2026-09-21T01:31:39.545500+00:00,201,173594.821,
2026-09-21T01:31:38.766449+00:00,201,174390.09,
2026-09-21T01:31:38.407546+00:00,201,174758.921,
2026-09-21T01:32:18.527617+00:00,201,134646.42,
2026-09-21T01:31:12.576879+00:00,201,200599.654,
2026-09-21T01:32:55.136046+00:00,201,98083.376,
2026-09-21T01:31:49.569069+00:00,201,163657.166,
2026-09-21T01:32:42.459870+00:00,201,110767.322,
2026-09-21T01:31:24.646431+00:00,201,188597.492,
2026-09-21T01:32:07.573451+00:00,201,145682.475,
2026-09-21T01:31:37.012535+00:00,201,176257.639,
2026-09-21T01:31:04.931695+00:00,201,208354.077,
2026-09-21T01:30:50.867085+00:00,201,222433.478,
2026-09-21T01:32:38.073061+00:00,201,115231.488,
2026-09-21T01:31:32.640856+00:00,201,180692.887,
2026-09-21T01:32:18.002832+00:00,201,135335.592,
2026-09-21T01:32:19.595652+00:00,201,133752.361,
2026-09-21T01:32:17.596683+00:00,201,135753.239,
2026-09-21T01:30:37.148846+00:00,201,236211.813,
2026-09-21T01:32:31.999601+00:00,201,121364.927,
2026-09-21T01:31:40.872130+00:00,201,172493.2,
2026-09-21T01:30:19.065236+00:00,201,254306.562,
2026-09-21T01:31:15.644590+00:00,201,197732.035,
2026-09-21T01:32:36.840727+00:00,201,116539.788,
2026-09-21T01:32:28.021712+00:00,201,125380.864,
2026-09-21T01:32:54.597922+00:00,201,98824.049,
2026-09-21T01:32:26.067350+00:00,201,127368.512,
2026-09-21T01:30:59.077052+00:00,201,214363.242,
2026-09-21T01:32:35.717541+00:00,201,117746.642,
2026-09-21T01:31:16.157887+00:00,201,197315.537,
2026-09-21T01:31:52.670749+00:00,201,160804.571,
2026-09-21T01:30:29.578792+00:00,201,243916.108,
2026-09-21T01:31:38.061895+00:00,201,175458.372,
2026-09-21T01:31:10.222355+00:00,201,203314.013,
2026-09-21T01:31:00.145505+00:00,201,213398.701,
2026-09-21T01:31:05.675815+00:00,201,207874.007,
2026-09-21T01:32:35.231220+00:00,201,118320.691,
2026-09-21T01:30:36.771145+00:00,201,236795.492,
2026-09-21T01:32:55.023101+00:00,201,98558.714,
2026-09-21T01:30:33.492751+00:00,201,240097.198,
2026-09-21T01:32:29.696287+00:00,201,123910.334,
2026-09-21T01:31:09.819010+00:00,201,203792.065,
2026-09-21T01:30:16.368320+00:00,201,257246.716,
2026-09-21T01:31:21.193472+00:00,201,192437.005,
2026-09-21T01:30:19.635579+00:00,201,254000.326,
2026-09-21T01:32:35.219766+00:00,201,118418.257,
2026-09-21T01:31:21.392521+00:00,201,192283.63,
2026-09-21T01:32:44.713614+00:00,201,108963.566,
2026-09-21T01:31:39.217916+00:00,201,174466.526,
2026-09-21T01:32:51.007971+00:00,201,102688.583,
2026-09-21T01:30:31.180420+00:00,201,242540.075,
2026-09-21T01:31:33.188464+00:00,201,180542.801,
2026-09-21T01:30:50.736300+00:00,201,222998.618,
2026-09-21T01:30:29.712044+00:00,201,244048.736,
2026-09-21T01:32:09.513446+00:00,201,144250.168,
2026-09-21T01:30:24.029560+00:00,201,249771.575,
2026-09-21T01:32:46.688231+00:00,201,107114.957,
2026-09-21T01:31:03.606892+00:00,201,210196.996,
2026-09-21T01:30:45.957276+00:00,201,227848.445,
2026-09-21T01:32:19.528043+00:00,201,134290.874,
2026-09-21T01:32:56.869335+00:00,201,96962.605,
2026-09-21T01:30:50.256349+00:00,201,223576.237,
2026-09-21T01:31:48.205122+00:00,201,165638.015,
2026-09-21T01:31:26.853675+00:00,201,186993.224,
2026-09-21T01:32:34.641041+00:00,201,119215.767,
2026-09-21T01:29:35.861219+00:00,201,298010.266,
2026-09-21T01:31:17.746854+00:00,201,196127.657,
2026-09-21T01:31:17.394361+00:00,201,196489.826,
2026-09-21T01:31:40.216472+00:00,201,173703.368,
2026-09-21T01:30:24.914499+00:00,201,249015.543,
2026-09-21T01:32:27.903326+00:00,201,126030.736,
2026-09-21T01:32:33.092124+00:00,201,120861.293,
2026-09-21T01:31:11.158494+00:00,201,202811.495,
2026-09-21T01:32:49.159993+00:00,201,104811.079,
2026-09-21T01:30:58.491787+00:00,201,215492.381,
2026-09-21T01:32:31.773217+00:00,201,122229.137,
2026-09-21T01:32:51.787356+00:00,201,102215.867,
2026-09-21T01:31:46.136920+00:00,201,167870.859,
2026-09-21T01:31:33.271164+00:00,201,180767.762,
2026-09-21T01:32:43.013316+00:00,201,111026.562,
2026-09-21T01:31:53.992333+00:00,201,160050.993,
2026-09-21T01:30:45.413004+00:00,201,228640.534,
2026-09-21T01:31:03.558765+00:00,201,210518.498,
2026-09-21T01:31:07.789488+00:00,201,206313.703,
2026-09-21T01:31:27.403524+00:00,201,186709.581,
2026-09-21T01:31:01.346555+00:00,201,212777.861,
2026-09-21T01:31:17.951981+00:00,201,196175.002,
2026-09-21T01:30:52.498759+00:00,201,221629.037,
2026-09-21T01:32:08.343244+00:00,201,145785.573,
2026-09-21T01:31:02.983161+00:00,201,211172.468,
2026-09-21T01:32:52.325446+00:00,201,101845.199,
2026-09-21T01:29:54.353434+00:00,201,279822.667,
2026-09-21T01:31:18.929503+00:00,201,195255.47,
2026-09-21T01:32:55.073568+00:00,201,99118.99,
2026-09-21T01:32:08.310681+00:00,201,145882.731,
2026-09-21T01:30:38.458293+00:00,201,235741.094,
2026-09-21T01:31:35.600577+00:00,201,178599.909,
2026-09-21T01:30:02.698446+00:00,201,271532.759,
2026-09-21T01:31:46.564652+00:00,201,167674.648,
2026-09-21T01:32:00.741356+00:00,201,153498.957,
2026-09-21T01:31:08.780528+00:00,201,205460.69,
2026-09-21T01:31:57.900912+00:00,201,156342.501,
2026-09-21T01:31:56.494331+00:00,201,157774.48,
2026-09-21T01:31:53.367352+00:00,201,160924.282,
2026-09-21T01:31:15.182703+00:00,201,199132.047,
2026-09-21T01:32:44.969462+00:00,201,109386.154,
2026-09-21T01:32:19.363170+00:00,201,135007.326,
2026-09-21T01:32:27.595342+00:00,201,126783.155,
2026-09-21T01:32:49.487449+00:00,201,104893.052,
2026-09-21T01:30:24.389898+00:00,201,249995.563,
2026-09-21T01:32:42.253086+00:00,201,112148.327,
2026-09-21T01:30:32.138999+00:00,201,242265.004,
2026-09-21T01:32:52.446684+00:00,201,101965.7,
2026-09-21T01:31:08.531106+00:00,201,205904.43,
2026-09-21T01:31:15.429930+00:00,201,199008.666,
2026-09-21T01:31:58.782852+00:00,201,155666.627,
2026-09-21T01:30:50.784890+00:00,201,223679.619,
2026-09-21T01:31:02.163369+00:00,201,212310.104,
2026-09-21T01:31:45.860150+00:00,201,168629.477,
2026-09-21T01:31:46.297247+00:00,201,168204.079,
2026-09-21T01:29:48.550934+00:00,201,285977.459,
2026-09-21T01:30:12.391794+00:00,201,262149.651,
2026-09-21T01:31:36.440907+00:00,201,178111.528,
2026-09-21T01:31:39.571626+00:00,201,174993.338,
2026-09-21T01:32:53.486017+00:00,201,101092.096,
2026-09-21T01:30:59.620138+00:00,201,214958.603,
2026-09-21T01:31:32.245606+00:00,201,182346.598,
2026-09-21T01:31:37.503148+00:00,201,177089.97,
2026-09-21T01:30:10.185278+00:00,201,264414.124,
2026-09-21T01:31:39.127229+00:00,201,175485.903,
2026-09-21T01:32:46.285032+00:00,201,108340.941,
2026-09-21T01:32:36.952653+00:00,201,117689.147,
2026-09-21T01:30:21.045276+00:00,201,253599.095,
2026-09-21T01:32:04.504598+00:00,201,150149.618,
2026-09-21T01:31:06.833866+00:00,201,207821.191,
2026-09-21T01:32:54.439839+00:00,201,100226.466,
2026-09-21T01:31:58.106920+00:00,201,156560.152,
2026-09-21T01:31:29.964908+00:00,201,184730.137,
2026-09-21T01:32:28.801130+00:00,201,125906.618,
2026-09-21T01:31:42.695704+00:00,201,172038.182,
2026-09-21T01:32:16.321676+00:00,201,138413.213,
2026-09-21T01:31:31.611486+00:00,201,183133.052,
2026-09-21T01:30:41.048583+00:00,201,233707.86,
2026-09-21T01:30:45.057024+00:00,201,229701.343,
2026-09-21T01:31:46.332536+00:00,201,168428.942,
2026-09-21T01:31:47.669130+00:00,201,167111.131,
2026-09-21T01:31:25.767268+00:00,201,189035.738,
2026-09-21T01:32:26.819113+00:00,201,127991.609,
2026-09-21T01:31:04.741253+00:00,201,210080.48,
2026-09-21T01:31:54.949820+00:00,201,159875.762,
2026-09-21T01:32:06.624426+00:00,201,148202.116,
2026-09-21T01:30:31.485319+00:00,201,243364.811,
2026-09-21T01:30:55.818231+00:00,201,219032.864,
2026-09-21T01:31:40.085202+00:00,201,174769.046,
2026-09-21T01:31:01.539189+00:00,201,213344.921,
2026-09-21T01:32:25.769047+00:00,201,129122.18,
2026-09-21T01:32:54.846387+00:00,201,100057.968,
2026-09-21T01:31:11.050247+00:00,201,203862.064,
2026-09-21T01:31:48.641377+00:00,201,166273.957,
2026-09-21T01:30:01.154167+00:00,201,273770.319,
2026-09-21T01:31:01.534547+00:00,201,213390.989,
2026-09-21T01:31:03.479321+00:00,201,211472.918,
2026-09-21T01:29:59.416617+00:00,201,275540.402,
2026-09-21T01:32:02.173434+00:00,201,152798.24,
2026-09-21T01:31:05.910479+00:00,201,209090.014,
2026-09-21T01:31:47.225389+00:00,201,167776.101,
2026-09-21T01:31:49.238099+00:00,201,165774.584,
2026-09-21T01:31:46.445507+00:00,201,168568.408,
2026-09-21T01:30:15.728142+00:00,201,259296.943,
2026-09-21T01:30:01.078645+00:00,201,273960.439,
2026-09-21T01:30:43.105506+00:00,201,231961.482,
2026-09-21T01:30:14.959287+00:00,201,260117.505,
2026-09-21T01:31:38.928778+00:00,201,176150.2,
2026-09-21T01:31:31.368730+00:00,201,183742.487,
2026-09-21T01:31:52.453677+00:00,201,162659.599,
2026-09-21T01:30:31.167501+00:00,201,243948.889,
2026-09-21T01:32:01.531697+00:00,201,153603.514,
2026-09-21T01:30:49.240290+00:00,201,225915.04,
2026-09-21T01:30:44.157112+00:00,201,231007.45,
2026-09-21T01:30:58.533997+00:00,201,216653.418,
2026-09-21T01:31:18.658470+00:00,201,196533.059,
2026-09-21T01:32:53.638609+00:00,201,101554.111,
2026-09-21T01:31:00.479955+00:00,201,214722.364,
2026-09-21T01:32:33.814495+00:00,201,121397.294,
2026-09-21T01:31:25.950932+00:00,201,189274.132,
2026-09-21T01:32:01.099322+00:00,201,154135.124,
2026-09-21T01:31:18.939610+00:00,201,196318.747,
2026-09-21T01:30:37.943949+00:00,201,237320.953,
2026-09-21T01:31:49.276456+00:00,201,166014.699,
2026-09-21T01:31:20.596604+00:00,201,194695.402,
2026-09-21T01:31:55.641591+00:00,201,159672.013,
2026-09-21T01:31:12.099574+00:00,201,203227.937,
2026-09-21T01:31:38.313763+00:00,201,177020.489,
2026-09-21T01:30:44.462670+00:00,201,230880.489,
2026-09-21T01:32:18.864065+00:00,201,136487.206,
2026-09-21T01:31:40.179786+00:00,201,175173.366,
2026-09-21T01:30:46.437827+00:00,201,228924.078,
2026-09-21T01:32:43.213097+00:00,201,112167.801,
2026-09-21T01:32:30.140998+00:00,201,125249.688,
2026-09-21T01:31:59.754422+00:00,201,155637.118,
2026-09-21T01:32:45.396001+00:00,201,110006.051,
2026-09-21T01:31:23.528586+00:00,201,191889.385,
2026-09-21T01:31:41.120562+00:00,201,174313.67,
2026-09-21T01:31:24.549701+00:00,201,190888.357,
2026-09-21T01:31:05.459602+00:00,201,209979.333,
2026-09-21T01:31:36.226529+00:00,201,179228.705,
2026-09-21T01:31:38.604270+00:00,201,176858.493,
2026-09-21T01:30:56.511064+00:00,201,218958.647,
2026-09-21T01:31:17.017821+00:00,201,198467.384,
2026-09-21T01:32:54.626601+00:00,201,100874.236,
2026-09-21T01:30:09.002794+00:00,201,266498.686,
2026-09-21T01:31:17.275187+00:00,201,198235.815,
2026-09-21T01:31:59.765860+00:00,201,155770.888,
2026-09-21T01:31:58.205737+00:00,201,157339.225,
2026-09-21T01:31:31.905282+00:00,201,183661.168,
2026-09-21T01:32:36.213506+00:00,201,119363.609,
2026-09-21T01:30:59.268585+00:00,201,216312.47,
2026-09-21T01:30:02.598443+00:00,201,273000.278,
2026-09-21T01:31:36.587972+00:00,201,179020.325,
2026-09-21T01:31:29.004288+00:00,201,186611.31,
2026-09-21T01:31:58.382147+00:00,201,157234.451,
2026-09-21T01:31:29.657763+00:00,201,185981.171,
2026-09-21T01:32:33.639194+00:00,201,122014.949,
2026-09-21T01:31:05.118384+00:00,201,210551.229,
2026-09-21T01:29:57.833911+00:00,201,277843.22,
2026-09-21T01:30:34.563998+00:00,201,241138.853,
2026-09-21T01:30:50.157089+00:00,201,225560.293,
2026-09-21T01:31:22.660320+00:00,201,193057.762,
2026-09-21T01:30:44.150729+00:00,201,231572.107,
2026-09-21T01:31:14.665189+00:00,201,201066.896,
2026-09-21T01:30:15.121632+00:00,201,260622.618,
2026-09-21T01:32:05.516153+00:00,201,150242.66,
2026-09-21T01:32:36.184431+00:00,201,119586.791,
2026-09-21T01:30:51.825428+00:00,201,223970.536,
2026-09-21T01:32:03.088158+00:00,201,152720.089,
2026-09-21T01:32:02.665527+00:00,201,153148.788,
2026-09-21T01:31:19.352020+00:00,201,196470.075,
2026-09-21T01:31:40.841879+00:00,201,174996.942,
2026-09-21T01:29:43.723614+00:00,201,292117.013,
2026-09-21T01:32:15.571742+00:00,201,140273.021,
2026-09-21T01:32:20.359916+00:00,201,135500.352,
2026-09-21T01:31:40.073718+00:00,201,175786.613,
2026-09-21T01:31:47.837826+00:00,201,168030.171,
2026-09-21T01:31:41.237432+00:00,201,174631.085,
2026-09-21T01:31:51.736175+00:00,201,164136.902,
2026-09-21T01:32:49.355497+00:00,201,106524.801,
2026-09-21T01:32:42.691687+00:00,201,113196.869,
2026-09-21T01:32:07.957395+00:00,201,147931.291,
2026-09-21T01:31:15.541394+00:00,201,200357.807,
2026-09-21T01:32:55.031372+00:00,201,100873.168,
2026-09-21T01:31:13.438831+00:00,201,202468.758,
2026-09-21T01:31:46.585946+00:00,201,169327.653,
2026-09-21T01:32:42.650141+00:00,201,113265.619,
2026-09-21T01:32:27.995358+00:00,201,127925.503,
2026-09-21T01:32:45.696448+00:00,201,110228.168,
2026-09-21T01:30:46.384209+00:00,201,229546.653,
2026-09-21T01:31:32.381982+00:00,201,183551.123,
2026-09-21T01:31:11.310963+00:00,201,204632.545,
2026-09-21T01:32:39.586105+00:00,201,116358.099,
2026-09-21T01:31:35.061432+00:00,201,180885.81,
2026-09-21T01:31:02.241679+00:00,201,213708.885,
2026-09-21T01:31:37.108033+00:00,201,178843.215,
2026-09-21T01:31:51.378207+00:00,201,164576.491,
2026-09-21T01:32:01.638956+00:00,201,154316.443,
2026-09-21T01:32:37.035823+00:00,201,118920.454,
2026-09-21T01:32:45.990144+00:00,201,109968.227,
2026-09-21T01:31:44.993213+00:00,201,170965.776,
2026-09-21T01:31:19.254071+00:00,201,196711.307,
2026-09-21T01:32:25.262521+00:00,201,130703.948,
2026-09-21T01:29:43.052466+00:00,201,292919.015,
2026-09-21T01:29:50.333515+00:00,201,285642.465,
2026-09-21T01:32:44.782316+00:00,201,111196.159,
2026-09-21T01:30:40.633063+00:00,201,235422.156,
2026-09-21T01:32:08.463327+00:00,201,147594.392,
2026-09-21T01:31:50.309228+00:00,201,165749.987,
2026-09-21T01:30:47.632474+00:00,201,228428.478,
2026-09-21T01:31:37.953909+00:00,201,178110.803,
2026-09-21T01:32:24.368530+00:00,201,131697.77,
2026-09-21T01:32:47.985190+00:00,201,108082.692,
2026-09-21T01:31:03.909978+00:00,201,212159.592,
2026-09-21T01:31:54.472226+00:00,201,161600.381,
2026-09-21T01:32:28.177302+00:00,201,127896.864,
2026-09-21T01:32:34.882897+00:00,201,121192.779,
2026-09-21T01:30:40.809985+00:00,201,235266.899,
2026-09-21T01:32:03.897082+00:00,201,152181.46,
2026-09-21T01:31:29.225194+00:00,201,186855.423,
2026-09-21T01:31:33.583523+00:00,201,182498.605,
2026-09-21T01:30:51.922155+00:00,201,224162.561,
2026-09-21T01:32:46.256751+00:00,201,109829.697,
2026-09-21T01:32:01.052598+00:00,201,155035.25,
2026-09-21T01:32:26.816475+00:00,201,129272.907,
2026-09-21T01:31:12.449433+00:00,201,203641.306,
