timestamp_iso,status_code,latency_ms,error
2026-09-08T19:29:43.980908+00:00,201,55.522,
2026-09-08T19:29:44.009587+00:00,201,32.483,
2026-09-08T19:29:44.036572+00:00,201,24.448,
2026-09-08T19:29:44.042096+00:00,201,24.311,
2026-09-08T19:29:44.042503+00:00,201,29.221,
2026-09-08T19:29:44.061030+00:00,201,20.24,
2026-09-08T19:29:44.066416+00:00,201,20.124,
2026-09-08T19:29:44.071730+00:00,201,20.084,
2026-09-08T19:29:44.075258+00:00,201,20.653,
2026-09-08T19:29:44.081280+00:00,201,18.536,
2026-09-08T19:29:44.086550+00:00,201,19.451,
2026-09-08T19:29:44.091824+00:00,201,18.538,
2026-09-08T19:29:44.095919+00:00,201,18.725,
2026-09-08T19:29:44.099826+00:00,201,17.766,
2026-09-08T19:29:44.106010+00:00,201,17.872,
2026-09-08T19:29:44.108657+00:00,201,22.074,
2026-09-08T19:29:44.110371+00:00,201,21.473,
2026-09-08T19:29:44.114652+00:00,201,21.049,
2026-09-08T19:29:44.123890+00:00,201,18.104,
2026-09-08T19:29:44.117599+00:00,201,25.417,
2026-09-08T19:29:44.130743+00:00,201,21.518,
2026-09-08T19:29:44.131851+00:00,201,21.181,
2026-09-08T19:29:44.135709+00:00,201,19.371,
2026-09-08T19:29:44.142002+00:00,201,24.597,
2026-09-08T19:29:44.143021+00:00,201,25.237,
2026-09-08T19:29:44.142569+00:00,201,30.343,
2026-09-08T19:29:44.152273+00:00,201,28.171,
2026-09-08T19:29:44.155089+00:00,201,27.053,
2026-09-08T19:29:44.153039+00:00,201,34.175,
2026-09-08T19:29:44.168266+00:00,201,31.161,
2026-09-08T19:29:44.166609+00:00,201,34.469,
2026-09-08T19:29:44.172919+00:00,201,29.451,
2026-09-08T19:29:44.175382+00:00,201,32.225,
2026-09-08T19:29:44.180467+00:00,201,28.685,
2026-09-08T19:29:44.187220+00:00,201,33.304,
2026-09-08T19:29:44.182150+00:00,201,40.621,
2026-09-08T19:29:44.201089+00:00,201,29.624,
2026-09-08T19:29:44.199443+00:00,201,32.174,
2026-09-08T19:29:44.202380+00:00,201,29.995,
2026-09-08T19:29:44.209166+00:00,201,26.083,
2026-09-08T19:29:44.207622+00:00,201,28.465,
2026-09-08T19:29:44.209663+00:00,201,27.272,
2026-09-08T19:29:44.222782+00:00,201,19.305,
2026-09-08T19:29:44.220539+00:00,201,22.565,
2026-09-08T19:29:44.230724+00:00,201,22.5,
2026-09-08T19:29:44.232381+00:00,201,21.903,
2026-09-08T19:29:44.231631+00:00,201,23.534,
2026-09-08T19:29:44.235259+00:00,201,22.532,
2026-09-08T19:29:44.236100+00:00,201,22.626,
2026-09-08T19:29:44.236941+00:00,201,22.565,
2026-09-08T19:29:44.243117+00:00,201,20.668,
2026-09-08T19:29:44.242095+00:00,201,22.382,
2026-09-08T19:29:44.242669+00:00,201,22.521,
2026-09-08T19:29:44.253235+00:00,201,20.744,
2026-09-08T19:29:44.255171+00:00,201,21.496,
2026-09-08T19:29:44.254291+00:00,201,23.171,
2026-09-08T19:29:44.257809+00:00,201,23.125,
2026-09-08T19:29:44.258731+00:00,201,23.419,
2026-09-08T19:29:44.259513+00:00,201,23.871,
2026-09-08T19:29:44.263790+00:00,201,23.106,
2026-09-08T19:29:44.265195+00:00,201,22.415,
2026-09-08T19:29:44.264489+00:00,201,23.773,
2026-09-08T19:29:44.273988+00:00,201,17.831,
2026-09-08T19:29:44.276674+00:00,201,22.882,
2026-09-08T19:29:44.277469+00:00,201,22.955,
2026-09-08T19:29:44.275398+00:00,201,26.803,
2026-09-08T19:29:44.280943+00:00,201,25.414,
2026-09-08T19:29:44.282156+00:00,201,27.057,
2026-09-08T19:29:44.283389+00:00,201,27.352,
2026-09-08T19:29:44.286903+00:00,201,31.203,
2026-09-08T19:29:44.291828+00:00,201,35.853,
2026-09-08T19:29:44.287614+00:00,201,42.712,
2026-09-08T19:29:44.288267+00:00,201,43.338,
2026-09-08T19:29:44.299564+00:00,201,36.623,
2026-09-08T19:29:44.300431+00:00,201,36.552,
2026-09-08T19:29:44.302208+00:00,201,35.58,
2026-09-08T19:29:44.306367+00:00,201,32.594,
2026-09-08T19:29:44.309220+00:00,201,32.535,
2026-09-08T19:29:44.318119+00:00,201,25.349,
2026-09-08T19:29:44.310747+00:00,201,35.103,
2026-09-08T19:29:44.309979+00:00,201,36.797,
2026-09-08T19:29:44.327690+00:00,201,21.443,
2026-09-08T19:29:44.331611+00:00,201,21.435,
2026-09-08T19:29:44.330332+00:00,201,25.215,
2026-09-08T19:29:44.336197+00:00,201,27.806,
2026-09-08T19:29:44.336989+00:00,201,29.54,
2026-09-08T19:29:44.338976+00:00,201,30.461,
2026-09-08T19:29:44.337795+00:00,201,32.813,
2026-09-08T19:29:44.341763+00:00,201,32.728,
2026-09-08T19:29:44.343481+00:00,201,37.762,
2026-09-08T19:29:44.342459+00:00,201,40.549,
2026-09-08T19:29:44.346782+00:00,201,38.077,
2026-09-08T19:29:44.345856+00:00,201,39.832,
2026-09-08T19:29:44.349142+00:00,201,37.534,
2026-09-08T19:29:44.353053+00:00,201,35.173,
2026-09-08T19:29:44.355567+00:00,201,34.184,
2026-09-08T19:29:44.364014+00:00,201,32.475,
2026-09-08T19:29:44.366538+00:00,201,31.236,
2026-09-08T19:29:44.369446+00:00,201,29.676,
2026-09-08T19:29:44.370619+00:00,201,29.501,
2026-09-08T19:29:44.374499+00:00,201,29.556,
2026-09-08T19:29:44.375377+00:00,201,29.517,
2026-09-08T19:29:44.381256+00:00,201,28.152,
2026-09-08T19:29:44.383014+00:00,201,30.191,
2026-09-08T19:29:44.385699+00:00,201,28.656,
2026-09-08T19:29:44.389761+00:00,201,25.538,
2026-09-08T19:29:44.384865+00:00,201,31.38,
2026-09-08T19:29:44.388233+00:00,201,30.133,
2026-09-08T19:29:44.386683+00:00,201,32.371,
2026-09-08T19:29:44.396502+00:00,201,25.913,
2026-09-08T19:29:44.397790+00:00,201,27.557,
2026-09-08T19:29:44.399138+00:00,201,27.447,
2026-09-08T19:29:44.400134+00:00,201,27.36,
2026-09-08T19:29:44.404900+00:00,201,23.789,
2026-09-08T19:29:44.404067+00:00,201,27.114,
2026-09-08T19:29:44.409423+00:00,201,25.954,
2026-09-08T19:29:44.409911+00:00,201,26.367,
2026-09-08T19:29:44.413214+00:00,201,23.879,
2026-09-08T19:29:44.414362+00:00,201,25.672,
2026-09-08T19:29:44.418372+00:00,201,26.693,
2026-09-08T19:29:44.415308+00:00,201,30.731,
2026-09-08T19:29:44.422426+00:00,201,24.741,
2026-09-08T19:29:44.419060+00:00,201,29.093,
2026-09-08T19:29:44.416252+00:00,201,33.715,
2026-09-08T19:29:44.425362+00:00,201,28.188,
2026-09-08T19:29:44.426598+00:00,201,28.062,
2026-09-08T19:29:44.428695+00:00,201,27.062,
2026-09-08T19:29:44.427499+00:00,201,29.555,
2026-09-08T19:29:44.431193+00:00,201,27.231,
2026-09-08T19:29:44.437102+00:00,201,24.576,
2026-09-08T19:29:44.435388+00:00,201,28.398,
2026-09-08T19:29:44.436291+00:00,201,28.593,
2026-09-08T19:29:44.440047+00:00,201,26.605,
2026-09-08T19:29:44.442139+00:00,201,27.954,
2026-09-08T19:29:44.445073+00:00,201,26.184,
2026-09-08T19:29:44.446047+00:00,201,26.299,
2026-09-08T19:29:44.447174+00:00,201,26.491,
2026-09-08T19:29:44.448162+00:00,201,28.605,
2026-09-08T19:29:44.449973+00:00,201,28.386,
2026-09-08T19:29:44.453560+00:00,201,28.727,
2026-09-08T19:29:44.454667+00:00,201,28.846,
2026-09-08T19:29:44.457058+00:00,201,28.509,
2026-09-08T19:29:44.455764+00:00,201,31.082,
2026-09-08T19:29:44.458438+00:00,201,30.532,
2026-09-08T19:29:44.461684+00:00,201,28.451,
2026-09-08T19:29:44.463794+00:00,201,27.629,
2026-09-08T19:29:44.464891+00:00,201,28.91,
2026-09-08T19:29:44.466663+00:00,201,28.41,
2026-09-08T19:29:44.470103+00:00,201,29.167,
2026-09-08T19:29:44.471276+00:00,201,28.812,
2026-09-08T19:29:44.472352+00:00,201,28.799,
2026-09-08T19:29:44.473672+00:00,201,28.219,
2026-09-08T19:29:44.478367+00:00,201,26.335,
2026-09-08T19:29:44.476772+00:00,201,29.137,
2026-09-08T19:29:44.475500+00:00,201,31.51,
2026-09-08T19:29:44.482302+00:00,201,28.462,
2026-09-08T19:29:44.483519+00:00,201,28.477,
2026-09-08T19:29:44.486857+00:00,201,26.172,
2026-09-08T19:29:44.485574+00:00,201,28.518,
2026-09-08T19:29:44.488978+00:00,201,29.205,
2026-09-08T19:29:44.490142+00:00,201,29.683,
2026-09-08T19:29:44.491431+00:00,201,28.931,
2026-09-08T19:29:44.493810+00:00,201,28.477,
2026-09-08T19:29:44.495078+00:00,201,28.248,
2026-09-08T19:29:44.499283+00:00,201,28.807,
2026-09-08T19:29:44.501896+00:00,201,27.265,
2026-09-08T19:29:44.500095+00:00,201,30.065,
2026-09-08T19:29:44.501157+00:00,201,29.886,
2026-09-08T19:29:44.504708+00:00,201,29.139,
2026-09-08T19:29:44.505914+00:00,201,29.287,
2026-09-08T19:29:44.507017+00:00,201,28.663,
2026-09-08T19:29:44.510778+00:00,201,28.313,
2026-09-08T19:29:44.508924+00:00,201,31.099,
2026-09-08T19:29:44.512004+00:00,201,29.569,
2026-09-08T19:29:44.514100+00:00,201,28.158,
2026-09-08T19:29:44.513046+00:00,201,31.025,
2026-09-08T19:29:44.518194+00:00,201,29.493,
2026-09-08T19:29:44.522295+00:00,201,26.589,
2026-09-08T19:29:44.519832+00:00,201,30.419,
2026-09-08T19:29:44.520368+00:00,201,30.339,
2026-09-08T19:29:44.523331+00:00,201,28.33,
2026-09-08T19:29:44.528098+00:00,201,25.94,
2026-09-08T19:29:44.530166+00:00,201,25.166,
2026-09-08T19:29:44.529166+00:00,201,28.106,
2026-09-08T19:29:44.531049+00:00,201,28.895,
2026-09-08T19:29:44.533854+00:00,201,27.92,
2026-09-08T19:29:44.535207+00:00,201,27.893,
2026-09-08T19:29:44.535687+00:00,201,27.991,
2026-09-08T19:29:44.539098+00:00,201,30.693,
2026-09-08T19:29:44.540032+00:00,201,30.786,
2026-09-08T19:29:44.543194+00:00,201,28.666,
2026-09-08T19:29:44.542268+00:00,201,32.248,
2026-09-08T19:29:44.541580+00:00,201,34.02,
2026-09-08T19:29:44.547697+00:00,201,30.719,
2026-09-08T19:29:44.548896+00:00,201,33.499,
2026-09-08T19:29:44.551666+00:00,201,32.267,
2026-09-08T19:29:44.544091+00:00,201,41.174,
2026-09-08T19:29:44.550257+00:00,201,36.156,
2026-09-08T19:29:44.550712+00:00,201,37.517,
2026-09-08T19:29:44.554047+00:00,201,34.786,
2026-09-08T19:29:44.555338+00:00,201,35.3,
2026-09-08T19:29:44.557279+00:00,201,34.2,
2026-09-08T19:29:44.559956+00:00,201,32.877,
2026-09-08T19:29:44.563684+00:00,201,30.83,
2026-09-08T19:29:44.561781+00:00,201,33.676,
2026-09-08T19:29:44.563112+00:00,201,33.099,
2026-09-08T19:29:44.569801+00:00,201,30.501,
2026-09-08T19:29:44.570825+00:00,201,30.744,
2026-09-08T19:29:44.571869+00:00,201,31.903,
2026-09-08T19:29:44.574529+00:00,201,30.193,
2026-09-08T19:29:44.575605+00:00,201,30.625,
2026-09-08T19:29:44.578424+00:00,201,29.602,
2026-09-08T19:29:44.576034+00:00,201,33.432,
2026-09-08T19:29:44.582407+00:00,201,29.895,
2026-09-08T19:29:44.583938+00:00,201,30.941,
2026-09-08T19:29:44.585271+00:00,201,33.293,
2026-09-08T19:29:44.586425+00:00,201,33.052,
2026-09-08T19:29:44.592845+00:00,201,29.419,
2026-09-08T19:29:44.588839+00:00,201,34.586,
2026-09-08T19:29:44.591487+00:00,201,32.636,
2026-09-08T19:29:44.588235+00:00,201,37.094,
2026-09-08T19:29:44.590645+00:00,201,35.613,
2026-09-08T19:29:44.594519+00:00,201,34.048,
2026-09-08T19:29:44.596222+00:00,201,32.9,
2026-09-08T19:29:44.595465+00:00,201,34.455,
2026-09-08T19:29:44.600316+00:00,201,32.99,
2026-09-08T19:29:44.601576+00:00,201,32.554,
2026-09-08T19:29:44.603784+00:00,201,31.523,
2026-09-08T19:29:44.604735+00:00,201,33.331,
2026-09-08T19:29:44.606236+00:00,201,32.869,
2026-09-08T19:29:44.610189+00:00,201,29.746,
2026-09-08T19:29:44.608039+00:00,201,33.799,
2026-09-08T19:29:44.609476+00:00,201,33.257,
2026-09-08T19:29:44.614887+00:00,201,29.372,
2026-09-08T19:29:44.612316+00:00,201,35.875,
2026-09-08T19:29:44.618572+00:00,201,30.959,
2026-09-08T19:29:44.619487+00:00,201,31.584,
2026-09-08T19:29:44.622271+00:00,201,32.345,
2026-09-08T19:29:44.624129+00:00,201,32.147,
2026-09-08T19:29:44.625335+00:00,201,32.391,
2026-09-08T19:29:44.629127+00:00,201,30.965,
2026-09-08T19:29:44.623436+00:00,201,37.509,
2026-09-08T19:29:44.626269+00:00,201,35.444,
2026-09-08T19:29:44.628573+00:00,201,33.916,
2026-09-08T19:29:44.629925+00:00,201,33.657,
2026-09-08T19:29:44.633319+00:00,201,31.943,
2026-09-08T19:29:44.634136+00:00,201,32.213,
2026-09-08T19:29:44.635313+00:00,201,34.235,
2026-09-08T19:29:44.638078+00:00,201,35.029,
2026-09-08T19:29:44.639940+00:00,201,34.281,
2026-09-08T19:29:44.639112+00:00,201,36.633,
2026-09-08T19:29:44.641848+00:00,201,36.013,
2026-09-08T19:29:44.642756+00:00,201,36.323,
2026-09-08T19:29:44.644267+00:00,201,36.426,
2026-09-08T19:29:44.643155+00:00,201,39.407,
2026-09-08T19:29:44.649544+00:00,201,34.404,
2026-09-08T19:29:44.648208+00:00,201,37.142,
2026-09-08T19:29:44.651081+00:00,201,36.667,
2026-09-08T19:29:44.654629+00:00,201,34.129,
2026-09-08T19:29:44.657733+00:00,201,35.393,
2026-09-08T19:29:44.660098+00:00,201,34.327,
2026-09-08T19:29:44.656288+00:00,201,40.521,
2026-09-08T19:29:44.660956+00:00,201,37.728,
2026-09-08T19:29:44.661723+00:00,201,37.918,
2026-09-08T19:29:44.662496+00:00,201,39.03,
2026-09-08T19:29:44.663588+00:00,201,40.541,
2026-09-08T19:29:44.665269+00:00,201,40.767,
2026-09-08T19:29:44.666354+00:00,201,41.881,
2026-09-08T19:29:44.669554+00:00,201,40.203,
2026-09-08T19:29:44.673115+00:00,201,42.351,
2026-09-08T19:29:44.674231+00:00,201,42.366,
2026-09-08T19:29:44.675751+00:00,201,43.261,
2026-09-08T19:29:44.679086+00:00,201,40.966,
2026-09-08T19:29:44.677868+00:00,201,43.361,
2026-09-08T19:29:44.676275+00:00,201,47.631,
2026-09-08T19:29:44.680699+00:00,201,44.335,
2026-09-08T19:29:44.685362+00:00,201,40.706,
2026-09-08T19:29:44.682567+00:00,201,44.467,
2026-09-08T19:29:44.683959+00:00,201,44.42,
2026-09-08T19:29:44.687760+00:00,201,42.092,
2026-09-08T19:29:44.688775+00:00,201,42.209,
2026-09-08T19:29:44.694434+00:00,201,40.384,
2026-09-08T19:29:44.693134+00:00,201,42.739,
2026-09-08T19:29:44.699652+00:00,201,39.829,
2026-09-08T19:29:44.701532+00:00,201,39.106,
2026-09-08T19:29:44.696830+00:00,201,45.34,
2026-09-08T19:29:44.698697+00:00,201,44.403,
2026-09-08T19:29:44.704136+00:00,201,41.684,
2026-09-08T19:29:44.706042+00:00,201,40.823,
2026-09-08T19:29:44.708244+00:00,201,39.381,
2026-09-08T19:29:44.710122+00:00,201,38.882,
2026-09-08T19:29:44.709765+00:00,201,40.5,
2026-09-08T19:29:44.716611+00:00,201,35.413,
2026-09-08T19:29:44.715476+00:00,201,37.916,
2026-09-08T19:29:44.720059+00:00,201,37.029,
2026-09-08T19:29:44.719020+00:00,201,38.532,
2026-09-08T19:29:44.721236+00:00,201,37.355,
2026-09-08T19:29:44.723913+00:00,201,37.06,
2026-09-08T19:29:44.725041+00:00,201,37.262,
2026-09-08T19:29:44.726076+00:00,201,37.281,
2026-09-08T19:29:44.729858+00:00,201,34.628,
2026-09-08T19:29:44.728390+00:00,201,36.556,
2026-09-08T19:29:44.727041+00:00,201,39.232,
2026-09-08T19:29:44.731005+00:00,201,37.253,
2026-09-08T19:29:44.735881+00:00,201,33.637,
2026-09-08T19:29:44.734827+00:00,201,35.751,
2026-09-08T19:29:44.739494+00:00,201,39.551,
2026-09-08T19:29:44.740647+00:00,201,39.759,
2026-09-08T19:29:44.742193+00:00,201,43.136,
2026-09-08T19:29:44.744994+00:00,201,44.695,
2026-09-08T19:29:44.746874+00:00,201,44.187,
2026-09-08T19:29:44.745828+00:00,201,46.591,
2026-09-08T19:29:44.743118+00:00,201,51.717,
2026-09-08T19:29:44.753400+00:00,201,43.595,
2026-09-08T19:29:44.747632+00:00,201,50.263,
2026-09-08T19:29:44.752035+00:00,201,48.269,
2026-09-08T19:29:44.750271+00:00,201,51.017,
2026-09-08T19:29:44.757094+00:00,201,48.238,
2026-09-08T19:29:44.757560+00:00,201,48.947,
2026-09-08T19:29:44.749010+00:00,201,58.578,
2026-09-08T19:29:44.762310+00:00,201,46.458,
2026-09-08T19:29:44.758602+00:00,201,52.103,
2026-09-08T19:29:44.760983+00:00,201,51.165,
2026-09-08T19:29:44.763363+00:00,201,49.576,
2026-09-08T19:29:44.764493+00:00,201,50.416,
2026-09-08T19:29:44.766280+00:00,201,49.752,
2026-09-08T19:29:44.764956+00:00,201,52.648,
2026-09-08T19:29:44.769524+00:00,201,48.878,
2026-09-08T19:29:44.768264+00:00,201,51.54,
2026-09-08T19:29:44.770587+00:00,201,50.265,
2026-09-08T19:29:44.779060+00:00,201,44.322,
2026-09-08T19:29:44.776088+00:00,201,48.909,
2026-09-08T19:29:44.780413+00:00,201,46.493,
2026-09-08T19:29:44.785345+00:00,201,44.749,
2026-09-08T19:29:44.789699+00:00,201,43.896,
2026-09-08T19:29:44.791074+00:00,201,43.297,
2026-09-08T19:29:44.792426+00:00,201,43.907,
2026-09-08T19:29:44.794842+00:00,201,43.772,
2026-09-08T19:29:44.797902+00:00,201,41.352,
2026-09-08T19:29:44.801293+00:00,201,39.116,
2026-09-08T19:29:44.800310+00:00,201,42.047,
2026-09-08T19:29:44.797002+00:00,201,46.847,
2026-09-08T19:29:44.805341+00:00,201,41.15,
2026-09-08T19:29:44.807594+00:00,201,39.967,
2026-09-08T19:29:44.806523+00:00,201,44.806,
2026-09-08T19:29:44.808774+00:00,201,44.737,
2026-09-08T19:29:44.810720+00:00,201,43.812,
2026-09-08T19:29:44.812946+00:00,201,43.687,
2026-09-08T19:29:44.812157+00:00,201,45.802,
2026-09-08T19:29:44.814915+00:00,201,46.529,
2026-09-08T19:29:44.818410+00:00,201,44.298,
2026-09-08T19:29:44.816038+00:00,201,47.621,
2026-09-08T19:29:44.809825+00:00,201,54.895,
2026-09-08T19:29:44.820859+00:00,201,44.838,
2026-09-08T19:29:44.823396+00:00,201,44.932,
2026-09-08T19:29:44.817610+00:00,201,53.665,
2026-09-08T19:29:44.826914+00:00,201,45.274,
2026-09-08T19:29:44.830106+00:00,201,42.983,
2026-09-08T19:29:44.833605+00:00,201,43.064,
2026-09-08T19:29:44.825006+00:00,201,52.633,
2026-09-08T19:29:44.834391+00:00,201,44.363,
2026-09-08T19:29:44.819815+00:00,201,62.648,
2026-09-08T19:29:44.840420+00:00,201,43.152,
2026-09-08T19:29:44.843856+00:00,201,42.973,
2026-09-08T19:29:44.851338+00:00,201,40.39,
2026-09-08T19:29:44.856639+00:00,201,41.823,
2026-09-08T19:29:44.862713+00:00,201,44.389,
2026-09-08T19:29:44.865701+00:00,201,42.5,
2026-09-08T19:29:44.871281+00:00,201,46.259,
2026-09-08T19:29:44.873097+00:00,201,46.142,
2026-09-08T19:29:44.882470+00:00,201,39.06,
2026-09-08T19:29:44.854543+00:00,201,73.057,
2026-09-08T19:29:44.891737+00:00,201,36.93,
2026-09-08T19:29:44.846500+00:00,201,87.327,
2026-09-08T19:29:44.898471+00:00,201,39.438,
2026-09-08T19:29:44.876676+00:00,201,70.318,
2026-09-08T19:29:44.907108+00:00,201,40.943,
2026-09-08T19:29:44.908207+00:00,201,40.838,
2026-09-08T19:29:44.914535+00:00,201,41.132,
2026-09-08T19:29:44.917548+00:00,201,41.101,
2026-09-08T19:29:44.919244+00:00,201,40.54,
2026-09-08T19:29:44.861452+00:00,201,103.615,
2026-09-08T19:29:44.928673+00:00,201,37.468,
2026-09-08T19:29:44.933836+00:00,201,39.011,
2026-09-08T19:29:44.937916+00:00,201,39.879,
2026-09-08T19:29:44.848483+00:00,201,140.576,
2026-09-08T19:29:44.948058+00:00,201,42.019,
2026-09-08T19:29:44.949050+00:00,201,42.298,
2026-09-08T19:29:44.955675+00:00,201,40.421,
2026-09-08T19:29:44.958654+00:00,201,41.092,
2026-09-08T19:29:44.959789+00:00,201,40.994,
2026-09-08T19:29:44.965074+00:00,201,41.814,
2026-09-08T19:29:44.966146+00:00,201,42.67,
2026-09-08T19:29:44.972853+00:00,201,41.624,
2026-09-08T19:29:44.977805+00:00,201,43.763,
2026-09-08T19:29:44.836341+00:00,201,188.281,
2026-09-08T19:29:44.990082+00:00,201,45.872,
2026-09-08T19:29:44.989066+00:00,201,49.529,
2026-09-08T19:29:44.991352+00:00,201,49.166,
2026-09-08T19:29:44.996102+00:00,201,49.844,
2026-09-08T19:29:44.999750+00:00,201,53.575,
2026-09-08T19:29:45.000788+00:00,201,53.677,
2026-09-08T19:29:45.006893+00:00,201,53.86,
2026-09-08T19:29:45.008820+00:00,201,53.348,
2026-09-08T19:29:44.863666+00:00,201,202.021,
2026-09-08T19:29:45.021579+00:00,201,50.82,
2026-09-08T19:29:44.982896+00:00,201,103.374,
2026-09-08T19:29:45.040524+00:00,201,49.393,
2026-09-08T19:29:45.035966+00:00,201,55.005,
2026-09-08T19:29:44.951987+00:00,201,144.898,
2026-09-08T19:29:45.014484+00:00,201,83.616,
2026-09-08T19:29:45.054470+00:00,201,46.072,
2026-09-08T19:29:45.053332+00:00,201,49.91,
2026-09-08T19:29:44.842365+00:00,201,263.886,
2026-09-08T19:29:44.864726+00:00,201,247.866,
2026-09-08T19:29:45.072405+00:00,201,41.242,
2026-09-08T19:29:45.055922+00:00,201,65.803,
2026-09-08T19:29:45.062173+00:00,201,70.018,
2026-09-08T19:29:45.089924+00:00,201,45.282,
2026-09-08T19:29:44.872193+00:00,201,266.21,
2026-09-08T19:29:45.096890+00:00,201,42.658,
2026-09-08T19:29:45.106258+00:00,201,40.902,
2026-09-08T19:29:45.112597+00:00,201,45.432,
2026-09-08T19:29:45.086280+00:00,201,73.509,
2026-09-08T19:29:45.121732+00:00,201,41.998,
2026-09-08T19:29:45.038604+00:00,201,130.741,
2026-09-08T19:29:45.135213+00:00,201,40.218,
2026-09-08T19:29:45.138409+00:00,201,44.704,
2026-09-08T19:29:45.113652+00:00,201,78.101,
2026-09-08T19:29:44.878765+00:00,201,316.023,
2026-09-08T19:29:45.090985+00:00,201,105.161,
2026-09-08T19:29:44.839261+00:00,201,359.818,
2026-09-08T19:29:45.082290+00:00,201,120.856,
2026-09-08T19:29:45.169355+00:00,201,43.6,
2026-09-08T19:29:45.175437+00:00,201,45.799,
2026-09-08T19:29:45.183119+00:00,201,42.827,
2026-09-08T19:29:45.045956+00:00,201,186.078,
2026-09-08T19:29:44.853518+00:00,201,379.628,
2026-09-08T19:29:45.147165+00:00,201,89.17,
2026-09-08T19:29:44.868336+00:00,201,376.355,
2026-09-08T19:29:45.117291+00:00,201,138.455,
2026-09-08T19:29:45.158035+00:00,201,99.489,
2026-09-08T19:29:45.098108+00:00,201,160.537,
2026-09-08T19:29:44.927606+00:00,201,342.133,
2026-09-08T19:29:45.225954+00:00,201,45.726,
2026-09-08T19:29:44.887543+00:00,201,391.905,
2026-09-08T19:29:45.060762+00:00,201,224.661,
2026-09-08T19:29:45.212962+00:00,201,76.855,
2026-09-08T19:29:45.249541+00:00,201,45.969,
2026-09-08T19:29:45.103250+00:00,201,193.518,
2026-09-08T19:29:45.257532+00:00,201,50.917,
2026-09-08T19:29:45.233152+00:00,201,79.911,
2026-09-08T19:29:45.232045+00:00,201,82.01,
2026-09-08T19:29:44.921537+00:00,201,406.358,
2026-09-08T19:29:45.184781+00:00,201,144.333,
2026-09-08T19:29:45.199085+00:00,201,136.974,
2026-09-08T19:29:45.216662+00:00,201,120.73,
2026-09-08T19:29:45.285430+00:00,201,56.154,
2026-09-08T19:29:45.295518+00:00,201,47.232,
2026-09-08T19:29:45.296774+00:00,201,47.821,
2026-09-08T19:29:45.196151+00:00,201,157.031,
2026-09-08T19:29:45.221248+00:00,201,133.124,
2026-09-08T19:29:45.313068+00:00,201,50.433,
2026-09-08T19:29:45.236340+00:00,201,137.21,
2026-09-08T19:29:45.329120+00:00,201,48.75,
2026-09-08T19:29:45.269753+00:00,201,116.393,
2026-09-08T19:29:45.336067+00:00,201,54.352,
2026-09-08T19:29:45.149648+00:00,201,243.805,
2026-09-08T19:29:45.353187+00:00,201,54.098,
2026-09-08T19:29:45.100548+00:00,201,311.736,
2026-09-08T19:29:45.159796+00:00,201,256.05,
2026-09-08T19:29:45.065693+00:00,201,358.382,
2026-09-08T19:29:45.373557+00:00,201,55.641,
2026-09-08T19:29:45.377877+00:00,201,56.495,
2026-09-08T19:29:45.203155+00:00,201,238.293,
2026-09-08T19:29:45.386164+00:00,201,58.874,
2026-09-08T19:29:45.279455+00:00,201,166.862,
2026-09-08T19:29:45.258652+00:00,201,194.616,
2026-09-08T19:29:45.271687+00:00,201,183.502,
2026-09-08T19:29:45.412291+00:00,201,50.245,
2026-09-08T19:29:45.393460+00:00,201,77.77,
2026-09-08T19:29:45.429209+00:00,201,47.526,
2026-09-08T19:29:44.838623+00:00,201,640.971,
2026-09-08T19:29:45.387049+00:00,201,101.47,
2026-09-08T19:29:45.441456+00:00,201,48.637,
2026-09-08T19:29:45.424081+00:00,201,72.623,
2026-09-08T19:29:45.453274+00:00,201,50.473,
2026-09-08T19:29:45.255753+00:00,201,253.657,
2026-09-08T19:29:45.018772+00:00,201,495.667,
2026-09-08T19:29:45.194794+00:00,201,321.853,
2026-09-08T19:29:45.344600+00:00,201,178.499,
2026-09-08T19:29:45.476744+00:00,201,51.539,
2026-09-08T19:29:45.479603+00:00,201,51.941,
2026-09-08T19:29:45.024635+00:00,201,509.025,
2026-09-08T19:29:45.488525+00:00,201,48.858,
2026-09-08T19:29:45.286093+00:00,201,253.036,
2026-09-08T19:29:44.946999+00:00,201,599.203,
2026-09-08T19:29:45.496713+00:00,201,52.522,
2026-09-08T19:29:45.390431+00:00,201,163.721,
2026-09-08T19:29:45.509418+00:00,201,51.699,
2026-09-08T19:29:44.883582+00:00,201,681.871,
2026-09-08T19:29:45.163736+00:00,201,410.117,
2026-09-08T19:29:45.528292+00:00,201,48.648,
2026-09-08T19:29:45.531550+00:00,201,47.341,
2026-09-08T19:29:45.314063+00:00,201,277.796,
2026-09-08T19:29:45.471238+00:00,201,125.314,
2026-09-08T19:29:45.546218+00:00,201,53.73,
2026-09-08T19:29:45.554159+00:00,201,52.459,
2026-09-08T19:29:45.516673+00:00,201,95.722,
2026-09-08T19:29:45.319466+00:00,201,298.015,
2026-09-08T19:29:45.453954+00:00,201,166.746,
2026-09-08T19:29:45.576949+00:00,201,49.775,
2026-09-08T19:29:45.537389+00:00,201,91.459,
2026-09-08T19:29:45.587320+00:00,201,48.186,
2026-09-08T19:29:45.591866+00:00,201,51.987,
2026-09-08T19:29:44.857978+00:00,201,787.089,
2026-09-08T19:29:45.244697+00:00,201,411.822,
2026-09-08T19:29:44.877644+00:00,201,781.913,
2026-09-08T19:29:44.886834+00:00,201,779.612,
2026-09-08T19:29:45.549242+00:00,201,119.064,
2026-09-08T19:29:45.327902+00:00,201,347.243,
2026-09-08T19:29:45.626732+00:00,201,51.247,
2026-09-08T19:29:45.628856+00:00,201,57.312,
2026-09-08T19:29:45.578897+00:00,201,116.474,
2026-09-08T19:29:45.139554+00:00,201,558.895,
2026-09-08T19:29:45.645076+00:00,201,59.761,
2026-09-08T19:29:45.539133+00:00,201,167.471,
2026-09-08T19:29:45.653215+00:00,201,54.417,
2026-09-08T19:29:45.659569+00:00,201,58.324,
2026-09-08T19:29:45.503754+00:00,201,218.489,
2026-09-08T19:29:45.621742+00:00,201,107.372,
2026-09-08T19:29:45.675157+00:00,201,61.03,
2026-09-08T19:29:45.677989+00:00,201,59.328,
2026-09-08T19:29:45.596561+00:00,201,145.409,
2026-09-08T19:29:45.668314+00:00,201,77.552,
2026-09-08T19:29:45.354379+00:00,201,392.814,
2026-09-08T19:29:45.695378+00:00,201,60.337,
2026-09-08T19:29:45.514448+00:00,201,245.337,
2026-09-08T19:29:45.484261+00:00,201,280.766,
2026-09-08T19:29:45.523105+00:00,201,246.712,
2026-09-08T19:29:45.434383+00:00,201,340.89,
2026-09-08T19:29:45.729121+00:00,201,51.314,
2026-09-08T19:29:45.620705+00:00,201,168.841,
2026-09-08T19:29:45.741977+00:00,201,53.401,
2026-09-08T19:29:45.656528+00:00,201,142.028,
2026-09-08T19:29:45.363510+00:00,201,439.714,
2026-09-08T19:29:45.759795+00:00,201,52.429,
2026-09-08T19:29:45.755724+00:00,201,61.615,
2026-09-08T19:29:45.612401+00:00,201,206.296,
2026-09-08T19:29:45.722252+00:00,201,105.812,
2026-09-08T19:29:45.490105+00:00,201,339.993,
2026-09-08T19:29:45.617492+00:00,201,217.56,
2026-09-08T19:29:45.789552+00:00,201,49.838,
2026-09-08T19:29:44.847567+00:00,201,996.874,
2026-09-08T19:29:45.775284+00:00,201,74.07,
2026-09-08T19:29:45.780443+00:00,201,81.68,
2026-09-08T19:29:45.455198+00:00,201,411.091,
2026-09-08T19:29:45.817345+00:00,201,50.655,
2026-09-08T19:29:45.818705+00:00,201,51.008,
2026-09-08T19:29:45.747199+00:00,201,126.76,
2026-09-08T19:29:45.445046+00:00,201,433.729,
2026-09-08T19:29:45.707641+00:00,201,179.849,
2026-09-08T19:29:45.839396+00:00,201,53.148,
2026-09-08T19:29:45.524056+00:00,201,370.177,
2026-09-08T19:29:45.342758+00:00,201,560.187,
2026-09-08T19:29:45.736195+00:00,201,168.692,
2026-09-08T19:29:45.349599+00:00,201,559.996,
2026-09-08T19:29:45.635516+00:00,201,275.267,
2026-09-08T19:29:45.862131+00:00,201,53.301,
2026-09-08T19:29:45.722856+00:00,201,198.55,
2026-09-08T19:29:45.132196+00:00,201,797.084,
2026-09-08T19:29:45.785474+00:00,201,152.586,
2026-09-08T19:29:45.894238+00:00,201,45.157,
2026-09-08T19:29:45.902953+00:00,201,46.166,
2026-09-08T19:29:45.909607+00:00,201,50.154,
2026-09-08T19:29:45.550579+00:00,201,412.133,
2026-09-08T19:29:45.910791+00:00,201,54.168,
2026-09-08T19:29:45.873966+00:00,201,93.055,
2026-09-08T19:29:45.919862+00:00,201,52.044,
2026-09-08T19:29:45.921411+00:00,201,55.627,
2026-09-08T19:29:45.419787+00:00,201,562.893,
2026-09-08T19:29:45.844449+00:00,201,142.917,
2026-09-08T19:29:45.599958+00:00,201,388.476,
2026-09-08T19:29:45.341593+00:00,201,648.762,
2026-09-08T19:29:45.869719+00:00,201,130.319,
2026-09-08T19:29:45.949126+00:00,201,53.213,
2026-09-08T19:29:45.565458+00:00,201,438.89,
2026-09-08T19:29:45.769824+00:00,201,237.963,
2026-09-08T19:29:45.959768+00:00,201,49.394,
2026-09-08T19:29:45.967030+00:00,201,53.471,
2026-09-08T19:29:45.977044+00:00,201,49.369,
2026-09-08T19:29:45.745873+00:00,201,290.226,
2026-09-08T19:29:45.990363+00:00,201,46.924,
2026-09-08T19:29:45.939400+00:00,201,107.043,
2026-09-08T19:29:45.830104+00:00,201,221.182,
2026-09-08T19:29:46.004355+00:00,201,50.028,
2026-09-08T19:29:46.007792+00:00,201,50.529,
2026-09-08T19:29:46.017377+00:00,201,50.09,
2026-09-08T19:29:45.868005+00:00,201,205.326,
2026-09-08T19:29:46.026417+00:00,201,48.748,
2026-09-08T19:29:45.812229+00:00,201,269.245,
2026-09-08T19:29:45.533670+00:00,201,554.458,
2026-09-08T19:29:45.892550+00:00,201,200.963,
2026-09-08T19:29:45.878784+00:00,201,219.308,
2026-09-08T19:29:46.046450+00:00,201,53.658,
2026-09-08T19:29:46.054387+00:00,201,50.084,
2026-09-08T19:29:45.795384+00:00,201,315.019,
2026-09-08T19:29:45.686178+00:00,201,426.632,
2026-09-08T19:29:46.067473+00:00,201,54.152,
2026-09-08T19:29:45.706610+00:00,201,417.251,
2026-09-08T19:29:45.337399+00:00,201,796.752,
2026-09-08T19:29:45.756609+00:00,201,381.563,
2026-09-08T19:29:46.088134+00:00,201,51.307,
2026-09-08T19:29:46.081483+00:00,201,60.958,
2026-09-08T19:29:45.888522+00:00,201,261.123,
2026-09-08T19:29:45.717908+00:00,201,435.232,
2026-09-08T19:29:46.104476+00:00,201,56.553,
2026-09-08T19:29:45.446327+00:00,201,721.401,
2026-09-08T19:29:45.191758+00:00,201,977.808,
2026-09-08T19:29:45.853426+00:00,201,320.535,
2026-09-08T19:29:46.123867+00:00,201,59.191,
2026-09-08T19:29:45.643862+00:00,201,544.825,
2026-09-08T19:29:46.086889+00:00,201,102.859,
2026-09-08T19:29:46.134159+00:00,201,57.925,
2026-09-08T19:29:45.971912+00:00,201,224.364,
2026-09-08T19:29:45.803234+00:00,201,397.533,
2026-09-08T19:29:46.149651+00:00,201,55.938,
2026-09-08T19:29:46.037293+00:00,201,175.96,
2026-09-08T19:29:46.121632+00:00,201,94.368,
2026-09-08T19:29:46.173971+00:00,201,52.988,
2026-09-08T19:29:45.407294+00:00,201,829.377,
2026-09-08T19:29:45.988446+00:00,201,252.014,
2026-09-08T19:29:46.189757+00:00,201,52.228,
2026-09-08T19:29:46.098098+00:00,201,145.58,
2026-09-08T19:29:45.938066+00:00,201,308.748,
2026-09-08T19:29:46.093519+00:00,201,160.811,
2026-09-08T19:29:45.835059+00:00,201,425.761,
2026-09-08T19:29:45.982688+00:00,201,282.537,
2026-09-08T19:29:46.112821+00:00,201,153.335,
2026-09-08T19:29:46.213257+00:00,201,56.561,
2026-09-08T19:29:45.929289+00:00,201,355.386,
2026-09-08T19:29:46.036105+00:00,201,250.517,
2026-09-08T19:29:45.765036+00:00,201,528.743,
2026-09-08T19:29:45.573861+00:00,201,721.043,
2026-09-08T19:29:46.236683+00:00,201,59.327,
2026-09-08T19:29:46.241990+00:00,201,59.236,
2026-09-08T19:29:46.243684+00:00,201,58.764,
2026-09-08T19:29:45.308456+00:00,201,1005.732,
2026-09-08T19:29:46.254337+00:00,201,62.741,
2026-09-08T19:29:46.075170+00:00,201,250.806,
2026-09-08T19:29:45.987373+00:00,201,339.747,
2026-09-08T19:29:45.606626+00:00,201,722.826,
2026-09-08T19:29:46.246822+00:00,201,94.686,
2026-09-08T19:29:45.798562+00:00,201,549.995,
2026-09-08T19:29:45.666455+00:00,201,685.055,
2026-09-08T19:29:46.294913+00:00,201,59.274,
2026-09-08T19:29:46.301232+00:00,201,61.118,
2026-09-08T19:29:46.302453+00:00,201,63.49,
2026-09-08T19:29:46.002347+00:00,201,370.225,
2026-09-08T19:29:46.110409+00:00,201,263.273,
2026-09-08T19:29:46.314199+00:00,201,61.174,
2026-09-08T19:29:46.055066+00:00,201,324.63,
2026-09-08T19:29:46.240465+00:00,201,140.367,
2026-09-08T19:29:46.254985+00:00,201,137.689,
2026-09-08T19:29:45.690736+00:00,201,703.019,
2026-09-08T19:29:46.138178+00:00,201,257.097,
2026-09-08T19:29:46.000046+00:00,201,399.429,
2026-09-08T19:29:46.348564+00:00,201,57.423,
2026-09-08T19:29:46.351521+00:00,201,60.365,
2026-09-08T19:29:46.142447+00:00,201,276.125,
2026-09-08T19:29:46.192092+00:00,201,237.852,
2026-09-08T19:29:46.169573+00:00,201,261.886,
2026-09-08T19:29:46.058325+00:00,201,378.067,
2026-09-08T19:29:46.200773+00:00,201,244.228,
2026-09-08T19:29:46.357480+00:00,201,88.537,
2026-09-08T19:29:45.964964+00:00,201,488.852,
2026-09-08T19:29:46.373690+00:00,201,86.827,
2026-09-08T19:29:45.915440+00:00,201,552.451,
2026-09-08T19:29:46.399483+00:00,201,71.823,
2026-09-08T19:29:46.418578+00:00,201,56.853,
2026-09-08T19:29:45.866295+00:00,201,611.113,
2026-09-08T19:29:45.887497+00:00,201,602.657,
2026-09-08T19:29:46.184535+00:00,201,310.266,
2026-09-08T19:29:46.188696+00:00,201,310.368,
2026-09-08T19:29:46.446026+00:00,201,56.159,
2026-09-08T19:29:46.289675+00:00,201,219.036,
2026-09-08T19:29:46.453824+00:00,201,58.006,
2026-09-08T19:29:45.823489+00:00,201,694.345,
2026-09-08T19:29:46.375383+00:00,201,150.297,
2026-09-08T19:29:46.226970+00:00,201,304.685,
2026-09-08T19:29:46.265232+00:00,201,269.037,
2026-09-08T19:29:46.477416+00:00,201,58.876,
2026-09-08T19:29:46.488484+00:00,201,53.882,
2026-09-08T19:29:46.216009+00:00,201,336.578,
2026-09-08T19:29:46.393762+00:00,201,161.028,
2026-09-08T19:29:46.161036+00:00,201,395.73,
2026-09-08T19:29:46.508719+00:00,201,56.554,
2026-09-08T19:29:46.362357+00:00,201,204.059,
2026-09-08T19:29:46.429952+00:00,201,143.225,
2026-09-08T19:29:46.517843+00:00,201,62.596,
2026-09-08T19:29:46.020507+00:00,201,563.326,
2026-09-08T19:29:46.525689+00:00,201,61.414,
2026-09-08T19:29:46.431466+00:00,201,165.163,
2026-09-08T19:29:46.196282+00:00,201,405.606,
2026-09-08T19:29:46.460524+00:00,201,148.722,
2026-09-08T19:29:46.124516+00:00,201,486.593,
2026-09-08T19:29:46.552594+00:00,201,67.065,
2026-09-08T19:29:46.389998+00:00,201,231.434,
2026-09-08T19:29:46.436400+00:00,201,190.492,
2026-09-08T19:29:46.565283+00:00,201,66.424,
2026-09-08T19:29:46.284684+00:00,201,353.022,
2026-09-08T19:29:46.475437+00:00,201,163.625,
2026-09-08T19:29:46.365949+00:00,201,275.526,
2026-09-08T19:29:46.531671+00:00,201,112.686,
2026-09-08T19:29:46.324770+00:00,201,322.208,
2026-09-08T19:29:46.260830+00:00,201,392.463,
2026-09-08T19:29:45.462544+00:00,201,1192.944,
2026-09-08T19:29:45.737326+00:00,201,926.749,
2026-09-08T19:29:46.566424+00:00,201,103.041,
2026-09-08T19:29:46.609274+00:00,201,67.067,
2026-09-08T19:29:46.379702+00:00,201,302.935,
2026-09-08T19:29:46.502190+00:00,201,190.666,
2026-09-08T19:29:46.009169+00:00,201,685.571,
2026-09-08T19:29:45.828071+00:00,201,872.402,
2026-09-08T19:29:46.405996+00:00,201,308.207,
2026-09-08T19:29:46.073336+00:00,201,646.019,
2026-09-08T19:29:46.139446+00:00,201,582.256,
2026-09-08T19:29:46.100121+00:00,201,628.671,
2026-09-08T19:29:46.293788+00:00,201,441.187,
2026-09-08T19:29:46.625775+00:00,201,110.815,
2026-09-08T19:29:46.327128+00:00,201,413.584,
2026-09-08T19:29:46.286630+00:00,201,456.206,
2026-09-08T19:29:46.637717+00:00,201,108.772,
2026-09-08T19:29:46.587112+00:00,201,166.379,
2026-09-08T19:29:45.289825+00:00,201,1468.458,
2026-09-08T19:29:46.153149+00:00,201,610.994,
2026-09-08T19:29:46.700481+00:00,201,71.146,
2026-09-08T19:29:46.317087+00:00,201,455.837,
2026-09-08T19:29:45.904894+00:00,201,875.765,
2026-09-08T19:29:46.596637+00:00,201,185.319,
2026-09-08T19:29:46.218635+00:00,201,569.402,
2026-09-08T19:29:46.051292+00:00,201,742.682,
2026-09-08T19:29:46.329463+00:00,201,465.403,
2026-09-08T19:29:46.494807+00:00,201,301.092,
2026-09-08T19:29:46.556773+00:00,201,240.971,
2026-09-08T19:29:46.746497+00:00,201,59.436,
2026-09-08T19:29:46.611117+00:00,201,206.927,
2026-09-08T19:29:46.736597+00:00,201,85.447,
2026-09-08T19:29:46.641480+00:00,201,182.066,
2026-09-08T19:29:46.296018+00:00,201,529.971,
2026-09-08T19:29:46.771635+00:00,201,70.051,
2026-09-08T19:29:46.772941+00:00,201,73.435,
2026-09-08T19:29:46.626908+00:00,201,229.502,
2026-09-08T19:29:46.183065+00:00,201,677.521,
2026-09-08T19:29:46.793984+00:00,201,67.768,
2026-09-08T19:29:46.788046+00:00,201,78.873,
2026-09-08T19:29:46.794873+00:00,201,73.041,
2026-09-08T19:29:46.655497+00:00,201,215.3,
2026-09-08T19:29:46.380838+00:00,201,494.005,
2026-09-08T19:29:46.601897+00:00,201,275.522,
2026-09-08T19:29:46.621444+00:00,201,264.72,
2026-09-08T19:29:46.639068+00:00,201,247.938,
2026-09-08T19:29:46.419383+00:00,201,469.374,
2026-09-08T19:29:46.742843+00:00,201,151.63,
2026-09-08T19:29:46.664082+00:00,201,241.502,
2026-09-08T19:29:46.841702+00:00,201,69.128,
2026-09-08T19:29:46.758291+00:00,201,156.859,
2026-09-08T19:29:46.853363+00:00,201,63.592,
2026-09-08T19:29:46.372579+00:00,201,549.268,
2026-09-08T19:29:46.692863+00:00,201,234.466,
2026-09-08T19:29:46.511841+00:00,201,416.507,
2026-09-08T19:29:46.653309+00:00,201,276.481,
2026-09-08T19:29:46.780666+00:00,201,150.266,
2026-09-08T19:29:46.269827+00:00,201,665.172,
2026-09-08T19:29:46.644363+00:00,201,296.647,
2026-09-08T19:29:46.471312+00:00,201,474.12,
2026-09-08T19:29:46.886173+00:00,201,60.304,
2026-09-08T19:29:46.341517+00:00,201,609.731,
2026-09-08T19:29:46.646992+00:00,201,312.65,
2026-09-08T19:29:46.588696+00:00,201,374.735,
2026-09-08T19:29:46.499072+00:00,201,466.607,
2026-09-08T19:29:46.395282+00:00,201,582.184,
2026-09-08T19:29:46.860596+00:00,201,117.745,
2026-09-08T19:29:46.921857+00:00,201,57.377,
2026-09-08T19:29:46.676356+00:00,201,307.68,
2026-09-08T19:29:46.694747+00:00,201,296.99,
2026-09-08T19:29:46.687355+00:00,201,308.284,
2026-09-08T19:29:46.619671+00:00,201,379.976,
2026-09-08T19:29:46.669470+00:00,201,342.243,
2026-09-08T19:29:46.325983+00:00,201,689.742,
2026-09-08T19:29:46.781964+00:00,201,237.236,
2026-09-08T19:29:46.354197+00:00,201,671.696,
2026-09-08T19:29:46.929799+00:00,201,106.322,
2026-09-08T19:29:46.554795+00:00,201,488.322,
2026-09-08T19:29:45.698457+00:00,201,1345.84,
2026-09-08T19:29:46.978348+00:00,201,75.804,
2026-09-08T19:29:46.721709+00:00,201,340.783,
2026-09-08T19:29:46.714214+00:00,201,351.869,
2026-09-08T19:29:45.415852+00:00,201,1655.23,
2026-09-08T19:29:45.954281+00:00,201,1122.453,
2026-09-08T19:29:46.723990+00:00,201,355.042,
2026-09-08T19:29:46.536299+00:00,201,544.552,
2026-09-08T19:29:46.870803+00:00,201,216.05,
2026-09-08T19:29:46.963439+00:00,201,133.753,
2026-09-08T19:29:46.534278+00:00,201,565.143,
2026-09-08T19:29:46.930940+00:00,201,175.24,
2026-09-08T19:29:47.043124+00:00,201,69.208,
2026-09-08T19:29:46.456767+00:00,201,658.499,
2026-09-08T19:29:46.984046+00:00,201,134.492,
2026-09-08T19:29:46.977472+00:00,201,143.047,
2026-09-08T19:29:47.061012+00:00,201,60.515,
2026-09-08T19:29:46.445008+00:00,201,683.87,
2026-09-08T19:29:46.922998+00:00,201,209.833,
2026-09-08T19:29:46.887014+00:00,201,251.331,
2026-09-08T19:29:47.080857+00:00,201,62.204,
2026-09-08T19:29:46.822643+00:00,201,327.275,
2026-09-08T19:29:46.994033+00:00,201,157.128,
2026-09-08T19:29:47.097199+00:00,201,58.333,
2026-09-08T19:29:46.490165+00:00,201,676.179,
2026-09-08T19:29:47.066092+00:00,201,103.932,
2026-09-08T19:29:47.019207+00:00,201,152.208,
2026-09-08T19:29:46.719374+00:00,201,455.282,
2026-09-08T19:29:46.888763+00:00,201,288.129,
2026-09-08T19:29:46.979241+00:00,201,206.881,
2026-09-08T19:29:46.856416+00:00,201,331.107,
2026-09-08T19:29:47.076742+00:00,201,115.305,
2026-09-08T19:29:45.704845+00:00,201,1490.778,
2026-09-08T19:29:46.580447+00:00,201,619.792,
2026-09-08T19:29:47.138351+00:00,201,62.849,
2026-09-08T19:29:46.789225+00:00,201,413.275,
2026-09-08T19:29:47.054158+00:00,201,160.52,
2026-09-08T19:29:46.734983+00:00,201,483.701,
2026-09-08T19:29:46.266161+00:00,201,967.373,
2026-09-08T19:29:46.392681+00:00,201,843.15,
2026-09-08T19:29:47.170030+00:00,201,67.194,
2026-09-08T19:29:46.995645+00:00,201,243.899,
2026-09-08T19:29:46.656115+00:00,201,586.798,
2026-09-08T19:29:47.151167+00:00,201,92.664,
2026-09-08T19:29:47.071092+00:00,201,183.804,
2026-09-08T19:29:46.861771+00:00,201,396.503,
2026-09-08T19:29:46.951259+00:00,201,311.758,
2026-09-08T19:29:47.120528+00:00,201,144.258,
2026-09-08T19:29:47.086859+00:00,201,180.048,
2026-09-08T19:29:46.740719+00:00,201,533.606,
2026-09-08T19:29:46.826001+00:00,201,450.191,
2026-09-08T19:29:45.989095+00:00,201,1295.962,
2026-09-08T19:29:46.823552+00:00,201,465.719,
2026-09-08T19:29:47.025903+00:00,201,268.409,
2026-09-08T19:29:47.233542+00:00,201,65.527,
2026-09-08T19:29:47.125985+00:00,201,174.586,
2026-09-08T19:29:47.242919+00:00,201,64.256,
2026-09-08T19:29:47.044307+00:00,201,269.904,
2026-09-08T19:29:47.254902+00:00,201,63.758,
2026-09-08T19:29:47.171422+00:00,201,149.125,
2026-09-08T19:29:47.112340+00:00,201,209.229,
2026-09-08T19:29:45.561125+00:00,201,1775.586,
2026-09-08T19:29:46.757228+00:00,201,580.698,
2026-09-08T19:29:46.154120+00:00,201,1186.094,
2026-09-08T19:29:46.631715+00:00,201,710.993,
2026-09-08T19:29:47.176900+00:00,201,171.673,
2026-09-08T19:29:46.167743+00:00,201,1182.526,
2026-09-08T19:29:47.289276+00:00,201,62.44,
2026-09-08T19:29:47.143065+00:00,201,220.372,
2026-09-08T19:29:46.928356+00:00,201,438.674,
2026-09-08T19:29:47.235838+00:00,201,133.516,
2026-09-08T19:29:47.121535+00:00,201,254.589,
2026-09-08T19:29:47.062500+00:00,201,317.697,
2026-09-08T19:29:47.320554+00:00,201,61.484,
2026-09-08T19:29:47.321575+00:00,201,64.351,
2026-09-08T19:29:47.091752+00:00,201,295.19,
2026-09-08T19:29:47.128886+00:00,201,264.028,
2026-09-08T19:29:47.255508+00:00,201,144.549,
2026-09-08T19:29:47.336724+00:00,201,65.314,
2026-09-08T19:29:46.846383+00:00,201,560.486,
2026-09-08T19:29:46.927336+00:00,201,480.958,
2026-09-08T19:29:47.314217+00:00,201,102.652,
2026-09-08T19:29:46.874849+00:00,201,545.871,
2026-09-08T19:29:47.186128+00:00,201,237.925,
2026-09-08T19:29:47.202506+00:00,201,226.678,
2026-09-08T19:29:46.553227+00:00,201,880.203,
2026-09-08T19:29:47.376128+00:00,201,58.313,
2026-09-08T19:29:47.380203+00:00,201,59.591,
2026-09-08T19:29:47.382044+00:00,201,58.95,
2026-09-08T19:29:46.935006+00:00,201,514.982,
2026-09-08T19:29:47.392921+00:00,201,62.346,
2026-09-08T19:29:46.682644+00:00,201,775.259,
2026-09-08T19:29:47.285065+00:00,201,176.777,
2026-09-08T19:29:47.079038+00:00,201,384.805,
2026-09-08T19:29:47.416876+00:00,201,54.035,
2026-09-08T19:29:46.753499+00:00,201,721.778,
2026-09-08T19:29:47.011720+00:00,201,466.814,
2026-09-08T19:29:46.866926+00:00,201,620.142,
2026-09-08T19:29:47.192054+00:00,201,300.855,
2026-09-08T19:29:47.439801+00:00,201,54.146,
2026-09-08T19:29:47.440999+00:00,201,58.346,
2026-09-08T19:29:46.805940+00:00,201,696.237,
2026-09-08T19:29:46.877428+00:00,201,635.185,
2026-09-08T19:29:47.264793+00:00,201,248.905,
2026-09-08T19:29:47.322417+00:00,201,193.33,
2026-09-08T19:29:47.348578+00:00,201,168.661,
2026-09-08T19:29:47.470918+00:00,201,53.958,
2026-09-08T19:29:46.893438+00:00,201,635.819,
2026-09-08T19:29:47.475286+00:00,201,58.17,
2026-09-08T19:29:47.478542+00:00,201,56.017,
2026-09-08T19:29:47.492915+00:00,201,56.79,
2026-09-08T19:29:46.518738+00:00,201,1033.061,
2026-09-08T19:29:47.493952+00:00,201,61.022,
2026-09-08T19:29:47.201206+00:00,201,361.039,
2026-09-08T19:29:46.728799+00:00,201,838.124,
2026-09-08T19:29:47.214688+00:00,201,357.47,
2026-09-08T19:29:47.387873+00:00,201,190.792,
2026-09-08T19:29:47.524881+00:00,201,59.044,
2026-09-08T19:29:47.266915+00:00,201,320.842,
2026-09-08T19:29:47.156301+00:00,201,434.944,
2026-09-08T19:29:47.369360+00:00,201,224.198,
2026-09-08T19:29:47.290126+00:00,201,309.825,
2026-09-08T19:29:46.910844+00:00,201,694.091,
2026-09-08T19:29:47.551806+00:00,201,61.071,
2026-09-08T19:29:47.554979+00:00,201,64.853,
2026-09-08T19:29:46.867919+00:00,201,755.092,
2026-09-08T19:29:47.300576+00:00,201,333.682,
2026-09-08T19:29:47.132837+00:00,201,504.19,
2026-09-08T19:29:47.239551+00:00,201,404.592,
2026-09-08T19:29:46.795906+00:00,201,851.869,
2026-09-08T19:29:47.583931+00:00,201,64.689,
2026-09-08T19:29:47.386949+00:00,201,263.584,
2026-09-08T19:29:47.488268+00:00,201,175.566,
2026-09-08T19:29:47.195634+00:00,201,474.48,
2026-09-08T19:29:46.965687+00:00,201,713.77,
2026-09-08T19:29:47.363444+00:00,201,319.945,
2026-09-08T19:29:46.905596+00:00,201,782.023,
2026-09-08T19:29:47.612883+00:00,201,78.329,
2026-09-08T19:29:47.106186+00:00,201,595.287,
2026-09-08T19:29:47.630183+00:00,201,78.271,
2026-09-08T19:29:47.263023+00:00,201,451.83,
2026-09-08T19:29:47.644150+00:00,201,72.474,
2026-09-08T19:29:47.166358+00:00,201,553.846,
2026-09-08T19:29:47.647782+00:00,201,75.18,
2026-09-08T19:29:47.650538+00:00,201,75.373,
2026-09-08T19:29:47.434448+00:00,201,293.754,
2026-09-08T19:29:47.024092+00:00,201,716.659,
2026-09-08T19:29:47.218691+00:00,201,526.018,
2026-09-08T19:29:47.337934+00:00,201,407.996,
2026-09-08T19:29:47.243836+00:00,201,510.0,
2026-09-08T19:29:47.433437+00:00,201,327.879,
2026-09-08T19:29:46.764150+00:00,201,1007.989,
2026-09-08T19:29:46.956449+00:00,201,816.942,
2026-09-08T19:29:45.849361+00:00,201,1930.15,
2026-09-08T19:29:47.722969+00:00,201,57.599,
2026-09-08T19:29:47.591251+00:00,201,192.717,
2026-09-08T19:29:47.149924+00:00,201,638.617,
2026-09-08T19:29:46.991744+00:00,201,807.638,
2026-09-08T19:29:47.258286+00:00,201,547.811,
2026-09-08T19:29:47.572165+00:00,201,238.165,
2026-09-08T19:29:47.487081+00:00,201,336.183,
2026-09-08T19:29:47.294319+00:00,201,531.586,
2026-09-08T19:29:46.411894+00:00,201,1416.617,
2026-09-08T19:29:47.340221+00:00,201,492.043,
2026-09-08T19:29:46.583839+00:00,201,1249.766,
2026-09-08T19:29:47.779522+00:00,201,60.562,
2026-09-08T19:29:47.420727+00:00,201,420.334,
2026-09-08T19:29:47.549711+00:00,201,295.749,
2026-09-08T19:29:47.780576+00:00,201,66.318,
2026-09-08T19:29:46.467897+00:00,201,1386.625,
2026-09-08T19:29:47.725917+00:00,201,130.273,
2026-09-08T19:29:47.663840+00:00,201,197.26,
2026-09-08T19:29:47.299078+00:00,201,571.802,
2026-09-08T19:29:47.515752+00:00,201,359.79,
2026-09-08T19:29:47.402046+00:00,201,486.895,
2026-09-08T19:29:47.599958+00:00,201,295.95,
2026-09-08T19:29:47.499351+00:00,201,403.577,
2026-09-08T19:29:47.662722+00:00,201,242.908,
2026-09-08T19:29:47.679466+00:00,201,227.254,
2026-09-08T19:29:47.840092+00:00,201,72.607,
2026-09-08T19:29:47.714860+00:00,201,199.219,
2026-09-08T19:29:47.773399+00:00,201,141.534,
2026-09-08T19:29:47.823271+00:00,201,93.104,
2026-09-08T19:29:47.461850+00:00,201,458.062,
2026-09-08T19:29:46.205597+00:00,201,1715.272,
2026-09-08T19:29:47.357094+00:00,201,577.902,
2026-09-08T19:29:47.174665+00:00,201,761.6,
2026-09-08T19:29:47.578670+00:00,201,362.479,
2026-09-08T19:29:47.367037+00:00,201,577.167,
2026-09-08T19:29:47.534565+00:00,201,416.744,
2026-09-08T19:29:47.888950+00:00,201,66.467,
2026-09-08T19:29:47.350284+00:00,201,614.431,
2026-09-08T19:29:47.687628+00:00,201,278.83,
2026-09-08T19:29:47.189829+00:00,201,782.031,
2026-09-08T19:29:47.237230+00:00,201,735.599,
2026-09-08T19:29:46.573186+00:00,201,1400.658,
2026-09-08T19:29:47.845469+00:00,201,131.934,
2026-09-08T19:29:47.920878+00:00,201,62.628,
2026-09-08T19:29:47.589911+00:00,201,399.846,
2026-09-08T19:29:47.912708+00:00,201,77.966,
2026-09-08T19:29:47.274335+00:00,201,720.76,
2026-09-08T19:29:47.822279+00:00,201,183.154,
2026-09-08T19:29:47.455273+00:00,201,551.504,
2026-09-08T19:29:47.691223+00:00,201,318.578,
2026-09-08T19:29:47.566931+00:00,201,451.769,
2026-09-08T19:29:46.959649+00:00,201,1063.462,
2026-09-08T19:29:47.806103+00:00,201,218.061,
2026-09-08T19:29:47.423083+00:00,201,608.904,
2026-09-08T19:29:47.015732+00:00,201,1017.432,
2026-09-08T19:29:47.593564+00:00,201,453.874,
2026-09-08T19:29:47.701483+00:00,201,346.937,
2026-09-08T19:29:47.856203+00:00,201,198.343,
2026-09-08T19:29:47.841068+00:00,201,219.679,
2026-09-08T19:29:47.833612+00:00,201,234.499,
2026-09-08T19:29:46.946485+00:00,201,1128.289,
2026-09-08T19:29:46.941015+00:00,201,1136.511,
2026-09-08T19:29:47.870888+00:00,201,207.681,
2026-09-08T19:29:47.955428+00:00,201,127.207,
2026-09-08T19:29:47.905640+00:00,201,183.393,
2026-09-08T19:29:47.828521+00:00,201,262.647,
2026-09-08T19:29:48.031995+00:00,201,61.857,
2026-09-08T19:29:46.822050+00:00,201,1281.046,
2026-09-08T19:29:47.562252+00:00,201,542.1,
2026-09-08T19:29:47.935005+00:00,201,170.378,
2026-09-08T19:29:46.999670+00:00,201,1108.597,
2026-09-08T19:29:47.307181+00:00,201,813.851,
2026-09-08T19:29:47.854531+00:00,201,267.67,
2026-09-08T19:29:48.060753+00:00,201,69.009,
2026-09-08T19:29:47.757609+00:00,201,377.747,
2026-09-08T19:29:47.919919+00:00,201,217.508,
2026-09-08T19:29:48.074781+00:00,201,65.38,
2026-09-08T19:29:48.082642+00:00,201,64.183,
2026-09-08T19:29:47.456531+00:00,201,701.839,
2026-09-08T19:29:47.990682+00:00,201,172.186,
2026-09-08T19:29:48.023119+00:00,201,140.784,
2026-09-08T19:29:48.103107+00:00,201,65.596,
2026-09-08T19:29:46.542377+00:00,201,1636.025,
2026-09-08T19:29:47.463850+00:00,201,716.882,
2026-09-08T19:29:47.457911+00:00,201,724.817,
2026-09-08T19:29:47.914085+00:00,201,272.844,
2026-09-08T19:29:47.648626+00:00,201,546.976,
2026-09-08T19:29:47.914938+00:00,201,282.094,
2026-09-08T19:29:48.135364+00:00,201,62.72,
2026-09-08T19:29:47.556060+00:00,201,645.962,
2026-09-08T19:29:47.977409+00:00,201,227.099,
2026-09-08T19:29:48.009811+00:00,201,196.18,
2026-09-08T19:29:47.991247+00:00,201,225.116,
2026-09-08T19:29:48.163910+00:00,201,58.435,
2026-09-08T19:29:47.408301+00:00,201,817.966,
2026-09-08T19:29:47.799392+00:00,201,431.052,
2026-09-08T19:29:47.772149+00:00,201,465.337,
2026-09-08T19:29:47.036128+00:00,201,1209.897,
2026-09-08T19:29:47.604943+00:00,201,643.678,
2026-09-08T19:29:48.018706+00:00,201,238.532,
2026-09-08T19:29:48.108274+00:00,201,150.689,
2026-09-08T19:29:48.105390+00:00,201,163.837,
2026-09-08T19:29:46.916961+00:00,201,1354.669,
2026-09-08T19:29:48.155509+00:00,201,117.48,
2026-09-08T19:29:47.995106+00:00,201,283.349,
2026-09-08T19:29:47.810334+00:00,201,471.16,
2026-09-08T19:29:47.846899+00:00,201,435.629,
2026-09-08T19:29:47.793100+00:00,201,493.608,
2026-09-08T19:29:47.989762+00:00,201,301.225,
2026-09-08T19:29:47.634265+00:00,201,661.658,
2026-09-08T19:29:47.587763+00:00,201,712.682,
2026-09-08T19:29:48.197037+00:00,201,110.581,
2026-09-08T19:29:48.246036+00:00,201,65.189,
2026-09-08T19:29:48.068117+00:00,201,249.103,
2026-09-08T19:29:48.257247+00:00,201,64.293,
2026-09-08T19:29:48.269234+00:00,201,59.274,
2026-09-08T19:29:47.529266+00:00,201,806.631,
2026-09-08T19:29:47.744716+00:00,201,594.876,
2026-09-08T19:29:48.054554+00:00,201,292.524,
2026-09-08T19:29:48.005443+00:00,201,348.448,
2026-09-08T19:29:47.276205+00:00,201,1078.765,
2026-09-08T19:29:47.720221+00:00,201,640.59,
2026-09-08T19:29:47.895914+00:00,201,468.74,
2026-09-08T19:29:47.351722+00:00,201,1016.867,
2026-09-08T19:29:47.670123+00:00,201,700.907,
2026-09-08T19:29:46.945439+00:00,201,1436.24,
2026-09-08T19:29:47.187530+00:00,201,1197.797,
2026-09-08T19:29:48.104360+00:00,201,285.559,
2026-09-08T19:29:47.972834+00:00,201,419.47,
2026-09-08T19:29:48.339600+00:00,201,62.771,
2026-09-08T19:29:47.825913+00:00,201,582.038,
2026-09-08T19:29:48.335905+00:00,201,73.025,
2026-09-08T19:29:48.271636+00:00,201,157.205,
2026-09-08T19:29:48.121041+00:00,201,309.209,
2026-09-08T19:29:47.951316+00:00,201,482.386,
2026-09-08T19:29:46.797749+00:00,201,1639.805,
2026-09-08T19:29:47.894938+00:00,201,545.417,
2026-09-08T19:29:48.248629+00:00,201,195.212,
2026-09-08T19:29:47.936271+00:00,201,510.119,
2026-09-08T19:29:48.281502+00:00,201,170.754,
2026-09-08T19:29:48.311230+00:00,201,143.267,
2026-09-08T19:29:47.424060+00:00,201,1032.123,
2026-09-08T19:29:48.204514+00:00,201,260.301,
2026-09-08T19:29:48.407957+00:00,201,62.369,
2026-09-08T19:29:48.295930+00:00,201,180.423,
2026-09-08T19:29:48.428846+00:00,201,56.985,
2026-09-08T19:29:48.272994+00:00,201,229.421,
2026-09-08T19:29:48.393899+00:00,201,111.563,
2026-09-08T19:29:48.122209+00:00,201,384.771,
2026-09-08T19:29:47.099428+00:00,201,1409.888,
2026-09-08T19:29:48.300450+00:00,201,211.801,
2026-09-08T19:29:47.983512+00:00,201,531.626,
2026-09-08T19:29:47.619839+00:00,201,898.583,
2026-09-08T19:29:48.385334+00:00,201,137.104,
2026-09-08T19:29:46.915156+00:00,201,1615.673,
2026-09-08T19:29:48.048428+00:00,201,483.332,
2026-09-08T19:29:48.456189+00:00,201,78.252,
2026-09-08T19:29:48.290994+00:00,201,244.703,
2026-09-08T19:29:48.485838+00:00,201,64.84,
2026-09-08T19:29:48.282534+00:00,201,280.347,
2026-09-08T19:29:47.745936+00:00,201,822.2,
2026-09-08T19:29:47.115276+00:00,201,1454.99,
2026-09-08T19:29:48.502421+00:00,201,71.559,
2026-09-08T19:29:48.006783+00:00,201,577.992,
2026-09-08T19:29:48.522443+00:00,201,63.738,
2026-09-08T19:29:48.020989+00:00,201,570.836,
2026-09-08T19:29:48.077533+00:00,201,521.64,
2026-09-08T19:29:48.278461+00:00,201,322.026,
2026-09-08T19:29:48.024172+00:00,201,577.843,
2026-09-08T19:29:47.118545+00:00,201,1489.535,
2026-09-08T19:29:48.454502+00:00,201,154.889,
2026-09-08T19:29:48.202029+00:00,201,411.034,
2026-09-08T19:29:47.683397+00:00,201,935.606,
2026-09-08T19:29:48.178413+00:00,201,443.403,
2026-09-08T19:29:47.406879+00:00,201,1217.743,
2026-09-08T19:29:47.637035+00:00,201,998.412,
2026-09-08T19:29:48.568144+00:00,201,68.498,
2026-09-08T19:29:47.729937+00:00,201,914.255,
2026-09-08T19:29:48.191971+00:00,201,457.919,
2026-09-08T19:29:48.402378+00:00,201,252.346,
2026-09-08T19:29:47.342716+00:00,201,1314.129,
2026-09-08T19:29:48.162874+00:00,201,503.98,
2026-09-08T19:29:48.354977+00:00,201,315.791,
2026-09-08T19:29:48.521382+00:00,201,150.814,
2026-09-08T19:29:48.047445+00:00,201,626.209,
2026-09-08T19:29:48.470331+00:00,201,209.758,
2026-09-08T19:29:48.509325+00:00,201,173.644,
2026-09-08T19:29:48.408936+00:00,201,281.04,
2026-09-08T19:29:47.716633+00:00,201,976.593,
2026-09-08T19:29:48.455099+00:00,201,240.633,
2026-09-08T19:29:48.534447+00:00,201,163.224,
2026-09-08T19:29:48.294492+00:00,201,408.117,
2026-09-08T19:29:47.226270+00:00,201,1477.798,
2026-09-08T19:29:48.560985+00:00,201,153.058,
2026-09-08T19:29:48.530838+00:00,201,184.375,
2026-09-08T19:29:48.389926+00:00,201,331.129,
2026-09-08T19:29:47.517246+00:00,201,1209.796,
2026-09-08T19:29:47.875548+00:00,201,852.569,
2026-09-08T19:29:48.158377+00:00,201,575.129,
2026-09-08T19:29:48.670774+00:00,201,67.927,
2026-09-08T19:29:47.973852+00:00,201,771.948,
2026-09-08T19:29:48.230450+00:00,201,519.028,
2026-09-08T19:29:48.689981+00:00,201,68.357,
2026-09-08T19:29:48.609396+00:00,201,156.327,
2026-09-08T19:29:47.916380+00:00,201,852.226,
2026-09-08T19:29:47.966466+00:00,201,804.621,
2026-09-08T19:29:48.600492+00:00,201,173.352,
2026-09-08T19:29:48.446396+00:00,201,328.397,
2026-09-08T19:29:48.714052+00:00,201,64.215,
2026-09-08T19:29:47.956307+00:00,201,832.578,
2026-09-08T19:29:47.740760+00:00,201,1049.068,
2026-09-08T19:29:48.727050+00:00,201,66.875,
2026-09-08T19:29:48.129769+00:00,201,665.923,
2026-09-08T19:29:48.602022+00:00,201,196.803,
2026-09-08T19:29:48.608088+00:00,201,198.005,
2026-09-08T19:29:48.368595+00:00,201,441.309,
2026-09-08T19:29:48.089040+00:00,201,727.097,
2026-09-08T19:29:48.758345+00:00,201,63.604,
2026-09-08T19:29:48.371039+00:00,201,452.024,
2026-09-08T19:29:48.562893+00:00,201,261.365,
2026-09-08T19:29:48.476359+00:00,201,365.474,
2026-09-08T19:29:48.515144+00:00,201,328.398,
2026-09-08T19:29:48.137432+00:00,201,708.759,
2026-09-08T19:29:48.518433+00:00,201,328.848,
2026-09-08T19:29:48.721063+00:00,201,128.362,
2026-09-08T19:29:48.697677+00:00,201,153.028,
2026-09-08T19:29:48.644199+00:00,201,216.813,
2026-09-08T19:29:48.323190+00:00,201,541.825,
2026-09-08T19:29:48.433711+00:00,201,435.682,
2026-09-08T19:29:47.512620+00:00,201,1360.996,
2026-09-08T19:29:47.971867+00:00,201,904.303,
2026-09-08T19:29:48.622854+00:00,201,259.281,
2026-09-08T19:29:48.550687+00:00,201,337.662,
2026-09-08T19:29:48.599179+00:00,201,302.669,
2026-09-08T19:29:48.195607+00:00,201,717.947,
2026-09-08T19:29:48.843548+00:00,201,71.877,
2026-09-08T19:29:48.649897+00:00,201,270.042,
2026-09-08T19:29:48.222350+00:00,201,700.62,
2026-09-08T19:29:47.832270+00:00,201,1096.455,
2026-09-08T19:29:48.437561+00:00,201,497.814,
2026-09-08T19:29:48.452263+00:00,201,484.934,
2026-09-08T19:29:48.440364+00:00,201,502.998,
2026-09-08T19:29:48.690935+00:00,201,253.676,
2026-09-08T19:29:48.186935+00:00,201,763.887,
2026-09-08T19:29:47.761324+00:00,201,1191.315,
2026-09-08T19:29:48.353900+00:00,201,599.733,
2026-09-08T19:29:46.894481+00:00,201,2063.304,
2026-09-08T19:29:48.901857+00:00,201,66.014,
2026-09-08T19:29:48.733513+00:00,201,235.444,
2026-09-08T19:29:48.919947+00:00,201,57.209,
2026-09-08T19:29:48.443847+00:00,201,535.599,
2026-09-08T19:29:48.876180+00:00,201,118.814,
2026-09-08T19:29:48.237492+00:00,201,759.692,
2026-09-08T19:29:48.257944+00:00,201,742.34,
2026-09-08T19:29:47.520371+00:00,201,1491.225,
2026-09-08T19:29:48.768613+00:00,201,244.834,
2026-09-08T19:29:48.586185+00:00,201,432.327,
2026-09-08T19:29:48.619013+00:00,201,402.333,
2026-09-08T19:29:48.778274+00:00,201,245.782,
2026-09-08T19:29:48.364661+00:00,201,662.727,
2026-09-08T19:29:48.849431+00:00,201,180.654,
2026-09-08T19:29:48.968963+00:00,201,67.13,
2026-09-08T19:29:48.693233+00:00,201,344.951,
2026-09-08T19:29:48.140168+00:00,201,902.879,
2026-09-08T19:29:48.328517+00:00,201,716.797,
2026-09-08T19:29:48.573989+00:00,201,482.056,
2026-09-08T19:29:48.882141+00:00,201,186.61,
2026-09-08T19:29:47.623023+00:00,201,1452.356,
2026-09-08T19:29:48.682975+00:00,201,398.036,
2026-09-08T19:29:47.708465+00:00,201,1379.842,
2026-09-08T19:29:45.962717+00:00,201,3129.904,
2026-09-08T19:29:48.506987+00:00,201,586.997,
2026-09-08T19:29:48.928733+00:00,201,172.446,
2026-09-08T19:29:48.347088+00:00,201,756.776,
2026-09-08T19:29:48.357577+00:00,201,749.774,
2026-09-08T19:29:48.491269+00:00,201,617.039,
2026-09-08T19:29:48.915432+00:00,201,198.426,
2026-09-08T19:29:48.789837+00:00,201,334.533,
2026-09-08T19:29:48.858368+00:00,201,267.749,
2026-09-08T19:29:47.944211+00:00,201,1187.496,
2026-09-08T19:29:49.036098+00:00,201,97.135,
2026-09-08T19:29:48.869400+00:00,201,265.0,
2026-09-08T19:29:49.075391+00:00,201,63.601,
2026-09-08T19:29:46.818055+00:00,201,2326.382,
2026-09-08T19:29:49.088319+00:00,201,57.776,
2026-09-08T19:29:48.787943+00:00,201,370.878,
2026-09-08T19:29:48.091173+00:00,201,1076.14,
2026-09-08T19:29:48.749485+00:00,201,420.72,
2026-09-08T19:29:48.793932+00:00,201,377.328,
2026-09-08T19:29:49.113866+00:00,201,63.023,
2026-09-08T19:29:48.654732+00:00,201,525.929,
2026-09-08T19:29:48.795702+00:00,201,395.689,
2026-09-08T19:29:48.430259+00:00,201,771.148,
2026-09-08T19:29:48.680096+00:00,201,523.289,
2026-09-08T19:29:48.943369+00:00,201,261.083,
2026-09-08T19:29:49.144450+00:00,201,61.133,
2026-09-08T19:29:48.258968+00:00,201,949.08,
2026-09-08T19:29:49.154614+00:00,201,62.91,
2026-09-08T19:29:48.773849+00:00,201,452.007,
2026-09-08T19:29:49.158830+00:00,201,69.305,
2026-09-08T19:29:48.091751+00:00,201,1138.786,
2026-09-08T19:29:47.902935+00:00,201,1337.487,
2026-09-08T19:29:47.783975+00:00,201,1466.845,
2026-09-08T19:29:48.672201+00:00,201,581.273,
2026-09-08T19:29:49.191396+00:00,201,69.989,
2026-09-08T19:29:48.321549+00:00,201,941.409,
2026-09-08T19:29:48.806102+00:00,201,457.948,
2026-09-08T19:29:48.788892+00:00,201,480.467,
2026-09-08T19:29:48.425806+00:00,201,851.116,
2026-09-08T19:29:48.993406+00:00,201,284.74,
2026-09-08T19:29:49.217530+00:00,201,71.018,
2026-09-08T19:29:49.225861+00:00,201,65.65,
2026-09-08T19:29:47.693430+00:00,201,1599.446,
2026-09-08T19:29:47.927850+00:00,201,1366.995,
2026-09-08T19:29:47.502185+00:00,201,1795.402,
2026-09-08T19:29:48.673663+00:00,201,635.836,
2026-09-08T19:29:49.013454+00:00,201,303.206,
2026-09-08T19:29:48.952648+00:00,201,366.837,
2026-09-08T19:29:48.821958+00:00,201,502.886,
2026-09-08T19:29:48.861021+00:00,201,465.519,
2026-09-08T19:29:49.269366+00:00,201,67.701,
2026-09-08T19:29:48.656852+00:00,201,681.435,
2026-09-08T19:29:48.729017+00:00,201,612.137,
2026-09-08T19:29:48.809912+00:00,201,535.643,
2026-09-08T19:29:49.171267+00:00,201,176.795,
2026-09-08T19:29:48.824264+00:00,201,528.968,
2026-09-08T19:29:47.533463+00:00,201,1825.524,
2026-09-08T19:29:49.131716+00:00,201,232.784,
2026-09-08T19:29:48.381688+00:00,201,983.792,
2026-09-08T19:29:49.201414+00:00,201,171.914,
2026-09-08T19:29:48.180739+00:00,201,1200.739,
2026-09-08T19:29:49.203394+00:00,201,182.401,
2026-09-08T19:29:49.180667+00:00,201,213.347,
2026-09-08T19:29:49.261392+00:00,201,142.553,
2026-09-08T19:29:48.613069+00:00,201,791.845,
2026-09-08T19:29:49.068788+00:00,201,341.266,
2026-09-08T19:29:48.512259+00:00,201,900.328,
2026-09-08T19:29:48.216368+00:00,201,1208.77,
2026-09-08T19:29:49.126126+00:00,201,300.629,
2026-09-08T19:29:48.893813+00:00,201,536.254,
2026-09-08T19:29:48.621825+00:00,201,809.242,
2026-09-08T19:29:48.759313+00:00,201,677.641,
2026-09-08T19:29:49.373335+00:00,201,72.151,
2026-09-08T19:29:48.055757+00:00,201,1399.613,
2026-09-08T19:29:49.316666+00:00,201,140.967,
2026-09-08T19:29:49.038189+00:00,201,428.841,
2026-09-08T19:29:49.025074+00:00,201,450.431,
2026-09-08T19:29:48.505468+00:00,201,977.182,
2026-09-08T19:29:48.624629+00:00,201,859.294,
2026-09-08T19:29:49.296532+00:00,201,188.665,
2026-09-08T19:29:48.662386+00:00,201,824.267,
2026-09-08T19:29:49.208055+00:00,201,279.906,
2026-09-08T19:29:49.024062+00:00,201,466.265,
2026-09-08T19:29:47.513703+00:00,201,1989.898,
2026-09-08T19:29:48.666863+00:00,201,839.066,
2026-09-08T19:29:49.357139+00:00,201,149.915,
2026-09-08T19:29:49.353239+00:00,201,159.836,
2026-09-08T19:29:47.753842+00:00,201,1761.877,
2026-09-08T19:29:49.176896+00:00,201,349.923,
2026-09-08T19:29:49.338293+00:00,201,190.388,
2026-09-08T19:29:49.467036+00:00,201,66.3,
2026-09-08T19:29:49.341162+00:00,201,194.822,
2026-09-08T19:29:48.728125+00:00,201,813.126,
2026-09-08T19:29:48.979451+00:00,201,568.119,
2026-09-08T19:29:49.228141+00:00,201,320.377,
2026-09-08T19:29:49.486661+00:00,201,63.165,
2026-09-08T19:29:49.092631+00:00,201,471.413,
2026-09-08T19:29:49.021352+00:00,201,544.456,
2026-09-08T19:29:49.133241+00:00,201,433.531,
2026-09-08T19:29:49.108315+00:00,201,461.601,
2026-09-08T19:29:48.913563+00:00,201,657.978,
2026-09-08T19:29:48.636649+00:00,201,937.276,
2026-09-08T19:29:48.738706+00:00,201,836.559,
2026-09-08T19:29:49.253480+00:00,201,330.557,
2026-09-08T19:29:48.997192+00:00,201,590.237,
2026-09-08T19:29:48.967880+00:00,201,623.219,
2026-09-08T19:29:49.139000+00:00,201,454.135,
2026-09-08T19:29:48.771094+00:00,201,834.134,
2026-09-08T19:29:47.906730+00:00,201,1702.21,
2026-09-08T19:29:49.457641+00:00,201,153.373,
2026-09-08T19:29:47.318667+00:00,201,2295.295,
2026-09-08T19:29:49.364508+00:00,201,262.948,
2026-09-08T19:29:48.850711+00:00,201,778.356,
2026-09-08T19:29:49.134406+00:00,201,496.626,
2026-09-08T19:29:48.944617+00:00,201,687.372,
2026-09-08T19:29:49.292886+00:00,201,345.813,
2026-09-08T19:29:49.566779+00:00,201,74.869,
2026-09-08T19:29:48.959061+00:00,201,685.829,
2026-09-08T19:29:49.398511+00:00,201,249.666,
2026-09-08T19:29:48.745806+00:00,201,908.059,
2026-09-08T19:29:49.192350+00:00,201,469.522,
2026-09-08T19:29:48.825251+00:00,201,840.357,
2026-09-08T19:29:48.715220+00:00,201,958.995,
2026-09-08T19:29:49.547578+00:00,201,132.116,
2026-09-08T19:29:47.728207+00:00,201,1955.997,
2026-09-08T19:29:49.381486+00:00,201,310.722,
2026-09-08T19:29:47.155538+00:00,201,2538.871,
2026-09-08T19:29:47.400063+00:00,201,2302.708,
2026-09-08T19:29:49.103871+00:00,201,600.746,
2026-09-08T19:29:49.638706+00:00,201,68.522,
2026-09-08T19:29:49.629073+00:00,201,82.588,
2026-09-08T19:29:48.695737+00:00,201,1023.606,
2026-09-08T19:29:48.816145+00:00,201,907.643,
2026-09-08T19:29:49.000290+00:00,201,729.339,
2026-09-08T19:29:48.198089+00:00,201,1537.029,
2026-09-08T19:29:49.611019+00:00,201,128.006,
2026-09-08T19:29:48.093858+00:00,201,1650.817,
2026-09-08T19:29:49.436961+00:00,201,312.784,
2026-09-08T19:29:49.515728+00:00,201,239.002,
2026-09-08T19:29:49.327853+00:00,201,429.083,
2026-09-08T19:29:49.513080+00:00,201,244.817,
2026-09-08T19:29:49.533344+00:00,201,227.242,
2026-09-08T19:29:49.704623+00:00,201,65.365,
2026-09-08T19:29:48.994999+00:00,201,775.932,
2026-09-08T19:29:49.394023+00:00,201,378.214,
2026-09-08T19:29:49.445494+00:00,201,327.735,
2026-09-08T19:29:49.707236+00:00,201,69.967,
2026-09-08T19:29:47.941156+00:00,201,1843.713,
2026-09-08T19:29:49.288555+00:00,201,503.595,
2026-09-08T19:29:48.226274+00:00,201,1573.537,
2026-09-08T19:29:49.739031+00:00,201,65.797,
2026-09-08T19:29:49.250828+00:00,201,557.449,
2026-09-08T19:29:49.503611+00:00,201,306.772,
2026-09-08T19:29:49.422369+00:00,201,394.787,
2026-09-08T19:29:49.337072+00:00,201,489.642,
2026-09-08T19:29:49.770936+00:00,201,57.965,
2026-09-08T19:29:49.769996+00:00,201,59.738,
2026-09-08T19:29:48.823069+00:00,201,1018.594,
2026-09-08T19:29:49.230544+00:00,201,612.869,
2026-09-08T19:29:47.964722+00:00,201,1881.071,
2026-09-08T19:29:49.426761+00:00,201,422.248,
2026-09-08T19:29:49.358995+00:00,201,490.989,
2026-09-08T19:29:49.309507+00:00,201,543.475,
2026-09-08T19:29:49.081017+00:00,201,777.31,
2026-09-08T19:29:49.608950+00:00,201,250.238,
2026-09-08T19:29:49.591106+00:00,201,271.368,
2026-09-08T19:29:49.593140+00:00,201,272.698,
2026-09-08T19:29:48.774799+00:00,201,1092.055,
2026-09-08T19:29:49.674225+00:00,201,198.069,
2026-09-08T19:29:49.573931+00:00,201,300.118,
2026-09-08T19:29:49.507059+00:00,201,374.793,
2026-09-08T19:29:49.828906+00:00,201,57.974,
2026-09-08T19:29:48.464821+00:00,201,1432.61,
2026-09-08T19:29:49.754736+00:00,201,146.25,
2026-09-08T19:29:49.487967+00:00,201,416.243,
2026-09-08T19:29:49.858335+00:00,201,46.374,
2026-09-08T19:29:49.528686+00:00,201,377.655,
2026-09-08T19:29:49.804837+00:00,201,104.272,
2026-09-08T19:29:49.749752+00:00,201,160.033,
2026-09-08T19:29:49.058652+00:00,201,852.202,
2026-09-08T19:29:49.404920+00:00,201,507.002,
2026-09-08T19:29:49.505937+00:00,201,413.958,
2026-09-08T19:29:48.922979+00:00,201,1000.745,
2026-09-08T19:29:49.859196+00:00,201,66.071,
2026-09-08T19:29:49.684213+00:00,201,241.882,
2026-09-08T19:29:49.881858+00:00,201,45.131,
2026-09-08T19:29:49.792158+00:00,201,135.656,
2026-09-08T19:29:49.702782+00:00,201,229.578,
2026-09-08T19:29:49.627464+00:00,201,309.338,
2026-09-08T19:29:49.256735+00:00,201,691.027,
2026-09-08T19:29:49.526826+00:00,201,424.169,
2026-09-08T19:29:49.900992+00:00,201,52.379,
2026-09-08T19:29:49.904716+00:00,201,54.8,
2026-09-08T19:29:49.412595+00:00,201,547.643,
2026-09-08T19:29:48.317229+00:00,201,1643.538,
2026-09-08T19:29:49.045321+00:00,201,928.165,
2026-09-08T19:29:48.531766+00:00,201,1443.59,
2026-09-08T19:29:49.735125+00:00,201,242.146,
2026-09-08T19:29:49.571551+00:00,201,406.231,
2026-09-08T19:29:49.564050+00:00,201,414.257,
2026-09-08T19:29:49.276931+00:00,201,702.587,
2026-09-08T19:29:49.101186+00:00,201,879.275,
2026-09-08T19:29:49.866861+00:00,201,122.442,
2026-09-08T19:29:49.475510+00:00,201,514.407,
2026-09-08T19:29:49.490333+00:00,201,501.763,
2026-09-08T19:29:49.348067+00:00,201,645.336,
2026-09-08T19:29:49.723796+00:00,201,270.7,
2026-09-08T19:29:49.018519+00:00,201,987.794,
2026-09-08T19:29:49.947773+00:00,201,59.259,
2026-09-08T19:29:49.959522+00:00,201,57.438,
2026-09-08T19:29:49.960244+00:00,201,57.526,
2026-09-08T19:29:49.960776+00:00,201,60.979,
2026-09-08T19:29:49.455378+00:00,201,572.723,
2026-09-08T19:29:49.973495+00:00,201,63.153,
2026-09-08T19:29:49.297595+00:00,201,742.171,
2026-09-08T19:29:48.591832+00:00,201,1454.051,
2026-09-08T19:29:49.760592+00:00,201,292.42,
2026-09-08T19:29:48.307623+00:00,201,1749.419,
2026-09-08T19:29:49.093990+00:00,201,968.386,
2026-09-08T19:29:49.345562+00:00,201,720.131,
2026-09-08T19:29:49.483931+00:00,201,583.641,
2026-09-08T19:29:49.925273+00:00,201,142.996,
2026-09-08T19:29:49.575272+00:00,201,493.666,
2026-09-08T19:29:49.278153+00:00,201,795.974,
2026-09-08T19:29:49.926101+00:00,201,148.785,
2026-09-08T19:29:49.911929+00:00,201,163.885,
2026-09-08T19:29:49.264057+00:00,201,812.656,
2026-09-08T19:29:49.854199+00:00,201,223.55,
2026-09-08T19:29:49.906346+00:00,201,179.504,
2026-09-08T19:29:49.936812+00:00,201,150.032,
2026-09-08T19:29:47.200249+00:00,201,2887.621,
2026-09-08T19:29:49.843420+00:00,201,245.668,
2026-09-08T19:29:48.570275+00:00,201,1519.819,
2026-09-08T19:29:49.431074+00:00,201,660.145,
2026-09-08T19:29:49.692216+00:00,201,400.093,
2026-09-08T19:29:49.799819+00:00,201,293.562,
2026-09-08T19:29:49.541259+00:00,201,554.881,
2026-09-08T19:29:49.909118+00:00,201,188.338,
2026-09-08T19:29:49.548524+00:00,201,552.498,
2026-09-08T19:29:50.016971+00:00,201,87.644,
2026-09-08T19:29:48.205996+00:00,201,1902.143,
2026-09-08T19:29:50.017776+00:00,201,94.996,
2026-09-08T19:29:48.584781+00:00,201,1535.474,
2026-09-08T19:29:49.549831+00:00,201,572.946,
2026-09-08T19:29:50.036662+00:00,201,87.39,
2026-09-08T19:29:50.045893+00:00,201,85.946,
2026-09-08T19:29:48.123758+00:00,201,2014.223,
2026-09-08T19:29:49.987069+00:00,201,162.215,
2026-09-08T19:29:49.030091+00:00,201,1125.534,
2026-09-08T19:29:49.403952+00:00,201,755.409,
2026-09-08T19:29:49.810391+00:00,201,366.989,
2026-09-08T19:29:49.862480+00:00,201,317.011,
2026-09-08T19:29:47.788550+00:00,201,2394.934,
2026-09-08T19:29:49.660182+00:00,201,526.44,
2026-09-08T19:29:48.977164+00:00,201,1212.718,
2026-09-08T19:29:47.429190+00:00,201,2763.288,
2026-09-08T19:29:49.124377+00:00,201,1076.004,
2026-09-08T19:29:50.112780+00:00,201,95.506,
2026-09-08T19:29:49.773237+00:00,201,458.71,
2026-09-08T19:29:49.326546+00:00,201,907.961,
2026-09-08T19:29:48.950828+00:00,201,1285.01,
2026-09-08T19:29:49.989308+00:00,201,259.471,
2026-09-08T19:29:49.784878+00:00,201,465.093,
2026-09-08T19:29:49.430076+00:00,201,824.309,
2026-09-08T19:29:48.798831+00:00,201,1457.394,
2026-09-08T19:29:49.975363+00:00,201,285.084,
2026-09-08T19:29:47.861106+00:00,201,2401.908,
2026-09-08T19:29:50.077755+00:00,201,194.146,
2026-09-08T19:29:48.223247+00:00,201,2052.403,
2026-09-08T19:29:49.874056+00:00,201,419.395,
2026-09-08T19:29:50.101028+00:00,201,204.621,
2026-09-08T19:29:48.182734+00:00,201,2129.633,
2026-09-08T19:29:49.679705+00:00,201,645.993,
2026-09-08T19:29:49.170212+00:00,201,1165.437,
2026-09-08T19:29:48.847285+00:00,201,1493.775,
2026-09-08T19:29:50.248787+00:00,201,93.698,
2026-09-08T19:29:50.249981+00:00,201,98.117,
2026-09-08T19:29:49.535990+00:00,201,813.939,
2026-09-08T19:29:49.204458+00:00,201,1153.961,
2026-09-08T19:29:50.068944+00:00,201,294.181,
2026-09-08T19:29:49.923733+00:00,201,445.198,
2026-09-08T19:29:49.661877+00:00,201,713.694,
2026-09-08T19:29:49.978315+00:00,201,399.141,
2026-09-08T19:29:48.535703+00:00,201,1845.9,
2026-09-08T19:29:49.522320+00:00,201,862.359,
2026-09-08T19:29:48.846198+00:00,201,1541.242,
2026-09-08T19:29:49.056053+00:00,201,1355.737,
2026-09-08T19:29:49.927828+00:00,201,488.804,
2026-09-08T19:29:48.702616+00:00,201,1719.115,
2026-09-08T19:29:49.482658+00:00,201,941.995,
2026-09-08T19:29:50.335657+00:00,201,92.263,
2026-09-08T19:29:49.817164+00:00,201,613.86,
2026-09-08T19:29:49.425147+00:00,201,1013.678,
2026-09-08T19:29:48.168711+00:00,201,2277.208,
2026-09-08T19:29:49.719351+00:00,201,727.906,
2026-09-08T19:29:49.648186+00:00,201,800.634,
2026-09-08T19:29:50.132725+00:00,201,323.464,
2026-09-08T19:29:50.091226+00:00,201,366.657,
2026-09-08T19:29:49.493491+00:00,201,977.62,
2026-09-08T19:29:50.075820+00:00,201,398.134,
2026-09-08T19:29:49.385803+00:00,201,1090.263,
2026-09-08T19:29:49.631995+00:00,201,846.114,
2026-09-08T19:29:50.124060+00:00,201,362.64,
2026-09-08T19:29:50.076720+00:00,201,420.953,
2026-09-08T19:29:50.085856+00:00,201,425.897,
2026-09-08T19:29:49.653873+00:00,201,863.231,
2026-09-08T19:29:48.929909+00:00,201,1591.572,
2026-09-08T19:29:48.841841+00:00,201,1696.645,
2026-09-08T19:29:50.305656+00:00,201,239.305,
2026-09-08T19:29:50.108146+00:00,201,444.589,
2026-09-08T19:29:49.120943+00:00,201,1454.266,
2026-09-08T19:29:50.486707+00:00,201,89.833,
2026-09-08T19:29:49.027395+00:00,201,1551.873,
2026-09-08T19:29:50.254393+00:00,201,329.81,
2026-09-08T19:29:48.635456+00:00,201,1951.642,
2026-09-08T19:29:50.497678+00:00,201,93.86,
2026-09-08T19:29:50.028111+00:00,201,564.975,
2026-09-08T19:29:50.235846+00:00,201,362.824,
2026-09-08T19:29:50.438833+00:00,201,165.26,
2026-09-08T19:29:50.517114+00:00,201,92.643,
2026-09-08T19:29:50.377461+00:00,201,250.179,
2026-09-08T19:29:50.416640+00:00,201,213.083,
2026-09-08T19:29:49.980468+00:00,201,654.879,
2026-09-08T19:29:49.756942+00:00,201,890.285,
2026-09-08T19:29:48.592450+00:00,201,2069.896,
2026-09-08T19:29:49.849014+00:00,201,814.614,
2026-09-08T19:29:49.641655+00:00,201,1035.501,
2026-09-08T19:29:50.387448+00:00,201,294.47,
2026-09-08T19:29:49.777209+00:00,201,908.478,
2026-09-08T19:29:50.424662+00:00,201,263.36,
2026-09-08T19:29:50.179496+00:00,201,512.49,
2026-09-08T19:29:50.342493+00:00,201,360.17,
2026-09-08T19:29:50.201439+00:00,201,508.517,
2026-09-08T19:29:48.392310+00:00,201,2325.212,
2026-09-08T19:29:50.629731+00:00,201,89.994,
2026-09-08T19:29:50.456194+00:00,201,266.427,
2026-09-08T19:29:48.937202+00:00,201,1786.835,
2026-09-08T19:29:50.021763+00:00,201,705.262,
2026-09-08T19:29:49.865843+00:00,201,870.999,
2026-09-08T19:29:50.087880+00:00,201,660.375,
2026-09-08T19:29:50.065702+00:00,201,686.288,
2026-09-08T19:29:50.448827+00:00,201,310.47,
2026-09-08T19:29:50.662354+00:00,201,102.593,
2026-09-08T19:29:50.053019+00:00,201,714.482,
2026-09-08T19:29:49.624187+00:00,201,1154.226,
2026-09-08T19:29:49.107357+00:00,201,1674.255,
2026-09-08T19:29:50.325711+00:00,201,467.743,
2026-09-08T19:29:50.122784+00:00,201,671.962,
2026-09-08T19:29:50.511761+00:00,201,284.255,
2026-09-08T19:29:49.485202+00:00,201,1317.276,
2026-09-08T19:29:50.702670+00:00,201,101.867,
2026-09-08T19:29:49.845802+00:00,201,965.163,
2026-09-08T19:29:49.953377+00:00,201,867.503,
2026-09-08T19:29:50.263023+00:00,201,561.796,
2026-09-08T19:29:49.887863+00:00,201,942.605,
2026-09-08T19:29:50.189890+00:00,201,643.323,
2026-09-08T19:29:48.935382+00:00,201,1906.825,
2026-09-08T19:29:49.886886+00:00,201,962.914,
2026-09-08T19:29:49.294855+00:00,201,1561.283,
2026-09-08T19:29:50.097463+00:00,201,766.014,
2026-09-08T19:29:50.478116+00:00,201,389.43,
2026-09-08T19:29:50.635355+00:00,201,240.121,
2026-09-08T19:29:50.793466+00:00,201,83.269,
2026-09-08T19:29:50.794753+00:00,201,89.858,
2026-09-08T19:29:49.631038+00:00,201,1256.183,
2026-09-08T19:29:50.591545+00:00,201,300.864,
2026-09-08T19:29:49.324852+00:00,201,1574.227,
2026-09-08T19:29:49.897442+00:00,201,1002.873,
2026-09-08T19:29:49.587435+00:00,201,1323.909,
2026-09-08T19:29:50.685694+00:00,201,236.164,
2026-09-08T19:29:49.729635+00:00,201,1203.523,
2026-09-08T19:29:50.061450+00:00,201,886.156,
2026-09-08T19:29:50.604098+00:00,201,347.479,
2026-09-08T19:29:50.177389+00:00,201,780.546,
2026-09-08T19:29:50.372890+00:00,201,588.798,
2026-09-08T19:29:50.231954+00:00,201,732.456,
2026-09-08T19:29:49.919901+00:00,201,1047.831,
2026-09-08T19:29:49.829742+00:00,201,1153.814,
2026-09-08T19:29:50.647236+00:00,201,340.272,
2026-09-08T19:29:50.375577+00:00,201,617.338,
2026-09-08T19:29:50.521489+00:00,201,477.264,
2026-09-08T19:29:49.955250+00:00,201,1050.509,
2026-09-08T19:29:50.911351+00:00,201,97.802,
2026-09-08T19:29:50.921864+00:00,201,95.349,
2026-09-08T19:29:50.598675+00:00,201,421.075,
2026-09-08T19:29:50.933167+00:00,201,95.241,
2026-09-08T19:29:50.796023+00:00,201,241.61,
2026-09-08T19:29:49.559184+00:00,201,1494.479,
2026-09-08T19:29:50.584210+00:00,201,481.783,
2026-09-08T19:29:50.341068+00:00,201,730.261,
2026-09-08T19:29:50.722629+00:00,201,350.162,
2026-09-08T19:29:49.841673+00:00,201,1234.51,
2026-09-08T19:29:50.764957+00:00,201,321.401,
2026-09-08T19:29:50.368938+00:00,201,719.531,
2026-09-08T19:29:50.998761+00:00,201,95.395,
2026-09-08T19:29:47.859765+00:00,201,3239.168,
2026-09-08T19:29:50.781619+00:00,201,322.798,
2026-09-08T19:29:50.275658+00:00,201,840.157,
2026-09-08T19:29:50.089096+00:00,201,1039.585,
2026-09-08T19:29:51.037639+00:00,201,99.841,
2026-09-08T19:29:49.584043+00:00,201,1559.649,
2026-09-08T19:29:49.711667+00:00,201,1445.453,
2026-09-08T19:29:50.609765+00:00,201,555.042,
2026-09-08T19:29:49.458988+00:00,201,1716.744,
2026-09-08T19:29:51.086366+00:00,201,90.538,
2026-09-08T19:29:50.703687+00:00,201,482.992,
2026-09-08T19:29:49.921508+00:00,201,1270.24,
2026-09-08T19:29:49.319492+00:00,201,1876.729,
2026-09-08T19:29:49.926995+00:00,201,1271.36,
2026-09-08T19:29:50.905070+00:00,201,295.554,
2026-09-08T19:29:50.778422+00:00,201,424.132,
2026-09-08T19:29:50.431031+00:00,201,779.454,
2026-09-08T19:29:50.830476+00:00,201,382.509,
2026-09-08T19:29:49.167320+00:00,201,2047.107,
2026-09-08T19:29:50.534248+00:00,201,699.5,
2026-09-08T19:29:50.447267+00:00,201,788.267,
2026-09-08T19:29:47.385929+00:00,201,3858.108,
2026-09-08T19:29:50.234515+00:00,201,1031.647,
2026-09-08T19:29:50.293459+00:00,201,980.437,
2026-09-08T19:29:51.176908+00:00,201,100.611,
2026-09-08T19:29:50.164650+00:00,201,1114.721,
2026-09-08T19:29:50.691994+00:00,201,590.028,
2026-09-08T19:29:49.699831+00:00,201,1584.262,
2026-09-08T19:29:49.872304+00:00,201,1451.91,
2026-09-08T19:29:50.358426+00:00,201,967.101,
2026-09-08T19:29:50.892419+00:00,201,434.785,
2026-09-08T19:29:50.067577+00:00,201,1266.463,
2026-09-08T19:29:50.831417+00:00,201,510.396,
2026-09-08T19:29:49.365491+00:00,201,1978.471,
2026-09-08T19:29:50.093388+00:00,201,1255.117,
2026-09-08T19:29:50.957945+00:00,201,397.109,
2026-09-08T19:29:50.465105+00:00,201,891.264,
2026-09-08T19:29:50.068274+00:00,201,1291.867,
2026-09-08T19:29:50.074891+00:00,201,1287.059,
2026-09-08T19:29:51.266170+00:00,201,104.138,
2026-09-08T19:29:50.403005+00:00,201,969.761,
2026-09-08T19:29:51.282028+00:00,201,92.075,
2026-09-08T19:29:50.159369+00:00,201,1219.535,
2026-09-08T19:29:50.865816+00:00,201,527.743,
2026-09-08T19:29:50.057088+00:00,201,1342.241,
2026-09-08T19:29:50.155632+00:00,201,1255.902,
2026-09-08T19:29:49.605237+00:00,201,1807.495,
2026-09-08T19:29:51.324225+00:00,201,96.779,
2026-09-08T19:29:49.744683+00:00,201,1679.789,
2026-09-08T19:29:50.457890+00:00,201,979.12,
2026-09-08T19:29:50.842218+00:00,201,595.92,
2026-09-08T19:29:49.694420+00:00,201,1757.862,
2026-09-08T19:29:49.613971+00:00,201,1844.036,
2026-09-08T19:29:50.663634+00:00,201,822.24,
2026-09-08T19:29:48.704078+00:00,201,2791.402,
2026-09-08T19:29:51.235542+00:00,201,262.363,
2026-09-08T19:29:48.765728+00:00,201,2737.959,
2026-09-08T19:29:50.266715+00:00,201,1239.098,
2026-09-08T19:29:48.078576+00:00,201,3433.271,
2026-09-08T19:29:50.863484+00:00,201,649.765,
2026-09-08T19:29:50.934455+00:00,201,582.565,
2026-09-08T19:29:51.071337+00:00,201,456.917,
2026-09-08T19:29:51.411542+00:00,201,126.976,
2026-09-08T19:29:51.002330+00:00,201,538.879,
2026-09-08T19:29:50.570151+00:00,201,978.558,
2026-09-08T19:29:51.115822+00:00,201,441.118,
2026-09-08T19:29:51.433854+00:00,201,128.035,
2026-09-08T19:29:50.751998+00:00,201,813.224,
2026-09-08T19:29:50.820888+00:00,201,747.749,
2026-09-08T19:29:50.824826+00:00,201,749.331,
2026-09-08T19:29:51.458015+00:00,201,124.503,
2026-09-08T19:29:51.298794+00:00,201,287.662,
2026-09-08T19:29:51.503698+00:00,201,91.802,
2026-09-08T19:29:50.186629+00:00,201,1424.438,
2026-09-08T19:29:51.029627+00:00,201,587.954,
2026-09-08T19:29:50.593096+00:00,201,1025.625,
2026-09-08T19:29:49.909798+00:00,201,1711.649,
2026-09-08T19:29:49.910862+00:00,201,1714.917,
2026-09-08T19:29:51.361956+00:00,201,269.132,
2026-09-08T19:29:51.528260+00:00,201,107.177,
2026-09-08T19:29:50.575219+00:00,201,1068.612,
2026-09-08T19:29:50.875484+00:00,201,770.909,
2026-09-08T19:29:50.736849+00:00,201,916.347,
2026-09-08T19:29:50.833220+00:00,201,836.234,
2026-09-08T19:29:51.196229+00:00,201,474.759,
2026-09-08T19:29:51.360148+00:00,201,324.069,
2026-09-08T19:29:49.904215+00:00,201,1782.89,
2026-09-08T19:29:51.595509+00:00,201,98.947,
2026-09-08T19:29:51.403539+00:00,201,301.793,
2026-09-08T19:29:49.565814+00:00,201,2144.866,
2026-09-08T19:29:51.327209+00:00,201,384.593,
2026-09-08T19:29:49.849989+00:00,201,1873.934,
2026-09-08T19:29:50.131846+00:00,201,1609.356,
2026-09-08T19:29:50.086851+00:00,201,1659.426,
2026-09-08T19:29:51.139752+00:00,201,618.686,
2026-09-08T19:29:50.887228+00:00,201,874.642,
2026-09-08T19:29:50.856147+00:00,201,908.259,
2026-09-08T19:29:50.734586+00:00,201,1032.546,
2026-09-08T19:29:50.096148+00:00,201,1674.763,
2026-09-08T19:29:50.709962+00:00,201,1066.473,
2026-09-08T19:29:50.271907+00:00,201,1508.816,
2026-09-08T19:29:51.371199+00:00,201,421.447,
2026-09-08T19:29:47.449994+00:00,201,4349.421,
2026-09-08T19:29:51.372775+00:00,201,430.073,
2026-09-08T19:29:50.810973+00:00,201,1005.424,
2026-09-08T19:29:49.146100+00:00,201,2682.602,
2026-09-08T19:29:50.601283+00:00,201,1232.712,
2026-09-08T19:29:51.669461+00:00,201,166.904,
2026-09-08T19:29:48.865022+00:00,201,2978.907,
2026-09-08T19:29:50.544969+00:00,201,1302.653,
2026-09-08T19:29:50.074132+00:00,201,1798.975,
2026-09-08T19:29:50.192488+00:00,201,1683.283,
2026-09-08T19:29:51.711807+00:00,201,170.104,
2026-09-08T19:29:50.576547+00:00,201,1320.372,
2026-09-08T19:29:49.291516+00:00,201,2606.724,
2026-09-08T19:29:50.688028+00:00,201,1214.258,
2026-09-08T19:29:51.267800+00:00,201,638.45,
2026-09-08T19:29:51.098945+00:00,201,812.705,
2026-09-08T19:29:51.088476+00:00,201,827.286,
2026-09-08T19:29:51.746286+00:00,201,185.265,
2026-09-08T19:29:51.277524+00:00,201,659.026,
2026-09-08T19:29:51.495492+00:00,201,454.258,
2026-09-08T19:29:50.867551+00:00,201,1085.055,
2026-09-08T19:29:51.244049+00:00,201,717.226,
2026-09-08T19:29:51.399340+00:00,201,572.754,
2026-09-08T19:29:50.947615+00:00,201,1026.493,
2026-09-08T19:29:50.681925+00:00,201,1304.406,
2026-09-08T19:29:51.646401+00:00,201,348.363,
2026-09-08T19:29:49.772246+00:00,201,2226.11,
2026-09-08T19:29:51.468108+00:00,201,550.762,
2026-09-08T19:29:49.977789+00:00,201,2046.392,
2026-09-08T19:29:50.476073+00:00,201,1551.726,
2026-09-08T19:29:51.541218+00:00,201,488.978,
2026-09-08T19:29:50.552740+00:00,201,1479.348,
2026-09-08T19:29:49.787899+00:00,201,2250.477,
2026-09-08T19:29:51.452293+00:00,201,590.214,
2026-09-08T19:29:49.979527+00:00,201,2064.706,
2026-09-08T19:29:51.094161+00:00,201,952.811,
2026-09-08T19:29:49.757904+00:00,201,2292.383,
2026-09-08T19:29:50.899092+00:00,201,1159.047,
2026-09-08T19:29:51.157128+00:00,201,902.048,
2026-09-08T19:29:51.767140+00:00,201,296.571,
2026-09-08T19:29:50.303139+00:00,201,1775.415,
2026-09-08T19:29:51.974119+00:00,201,106.301,
2026-09-08T19:29:49.826720+00:00,201,2256.545,
2026-09-08T19:29:51.191755+00:00,201,909.026,
2026-09-08T19:29:50.137991+00:00,201,1969.146,
2026-09-08T19:29:50.767512+00:00,201,1345.726,
2026-09-08T19:29:51.028416+00:00,201,1086.176,
2026-09-08T19:29:51.847629+00:00,201,270.877,
2026-09-08T19:29:51.961284+00:00,201,173.368,
2026-09-08T19:29:51.603490+00:00,201,535.668,
2026-09-08T19:29:51.758446+00:00,201,385.04,
2026-09-08T19:29:50.149291+00:00,201,2008.297,
2026-09-08T19:29:51.175740+00:00,201,983.08,
2026-09-08T19:29:51.202559+00:00,201,960.359,
2026-09-08T19:29:49.808285+00:00,201,2360.029,
2026-09-08T19:29:51.799430+00:00,201,384.478,
2026-09-08T19:29:49.665615+00:00,201,2522.681,
2026-09-08T19:29:51.933029+00:00,201,260.62,
2026-09-08T19:29:51.370318+00:00,201,825.709,
2026-09-08T19:29:50.876743+00:00,201,1320.601,
2026-09-08T19:29:51.565228+00:00,201,637.102,
2026-09-08T19:29:51.076194+00:00,201,1129.395,
2026-09-08T19:29:50.348102+00:00,201,1866.135,
2026-09-08T19:29:51.949762+00:00,201,271.744,
2026-09-08T19:29:49.240430+00:00,201,2995.681,
2026-09-08T19:29:51.966344+00:00,201,276.02,
2026-09-08T19:29:51.393566+00:00,201,850.744,
2026-09-08T19:29:52.157601+00:00,201,92.941,
2026-09-08T19:29:51.164814+00:00,201,1095.524,
2026-09-08T19:29:50.331752+00:00,201,1929.785,
2026-09-08T19:29:49.094760+00:00,201,3177.142,
2026-09-08T19:29:51.143702+00:00,201,1142.238,
2026-09-08T19:29:51.986341+00:00,201,311.897,
2026-09-08T19:29:52.100790+00:00,201,207.571,
2026-09-08T19:29:51.072798+00:00,201,1236.854,
2026-09-08T19:29:51.586466+00:00,201,728.537,
2026-09-08T19:29:51.100111+00:00,201,1227.951,
2026-09-08T19:29:51.670994+00:00,201,658.15,
2026-09-08T19:29:52.236125+00:00,201,102.756,
2026-09-08T19:29:50.973642+00:00,201,1368.827,
2026-09-08T19:29:50.983563+00:00,201,1367.668,
2026-09-08T19:29:51.341818+00:00,201,1010.653,
2026-09-08T19:29:51.780731+00:00,201,577.316,
2026-09-08T19:29:51.684223+00:00,201,675.154,
2026-09-08T19:29:51.741210+00:00,201,623.824,
2026-09-08T19:29:50.759306+00:00,201,1622.775,
2026-09-08T19:29:50.967741+00:00,201,1416.516,
2026-09-08T19:29:52.143494+00:00,201,242.444,
2026-09-08T19:29:52.285949+00:00,201,105.968,
2026-09-08T19:29:52.308372+00:00,201,92.111,
2026-09-08T19:29:49.223449+00:00,201,3191.74,
2026-09-08T19:29:50.023295+00:00,201,2394.412,
2026-09-08T19:29:50.951582+00:00,201,1468.864,
2026-09-08T19:29:51.168049+00:00,201,1257.54,
2026-09-08T19:29:51.931559+00:00,201,495.847,
2026-09-08T19:29:52.328069+00:00,201,104.782,
2026-09-08T19:29:50.724045+00:00,201,1718.854,
2026-09-08T19:29:50.804544+00:00,201,1654.227,
2026-09-08T19:29:51.356378+00:00,201,1104.847,
2026-09-08T19:29:52.260345+00:00,201,208.957,
2026-09-08T19:29:51.517026+00:00,201,964.132,
2026-09-08T19:29:51.273907+00:00,201,1220.458,
2026-09-08T19:29:52.080425+00:00,201,416.274,
2026-09-08T19:29:51.836373+00:00,201,668.358,
2026-09-08T19:29:51.694465+00:00,201,816.571,
2026-09-08T19:29:50.256234+00:00,201,2256.283,
2026-09-08T19:29:49.569923+00:00,201,2959.272,
2026-09-08T19:29:50.987518+00:00,201,1545.655,
2026-09-08T19:29:52.063718+00:00,201,475.451,
2026-09-08T19:29:52.135414+00:00,201,415.124,
2026-09-08T19:29:51.816405+00:00,201,735.227,
2026-09-08T19:29:52.441253+00:00,201,117.717,
2026-09-08T19:29:52.298249+00:00,201,271.304,
2026-09-08T19:29:51.635443+00:00,201,937.976,
2026-09-08T19:29:50.748261+00:00,201,1846.708,
2026-09-08T19:29:52.169044+00:00,201,440.761,
2026-09-08T19:29:50.062383+00:00,201,2554.753,
2026-09-08T19:29:52.083275+00:00,201,536.744,
2026-09-08T19:29:52.494375+00:00,201,131.598,
2026-09-08T19:29:50.208294+00:00,201,2426.974,
2026-09-08T19:29:50.806033+00:00,201,1834.885,
2026-09-08T19:29:52.338892+00:00,201,308.691,
2026-09-08T19:29:51.574164+00:00,201,1083.883,
2026-09-08T19:29:50.719732+00:00,201,1940.087,
2026-09-08T19:29:49.043055+00:00,201,3617.84,
2026-09-08T19:29:51.770918+00:00,201,891.097,
2026-09-08T19:29:52.551642+00:00,201,120.202,
2026-09-08T19:29:51.723932+00:00,201,949.637,
2026-09-08T19:29:52.400489+00:00,201,301.123,
2026-09-08T19:29:52.609813+00:00,201,101.902,
2026-09-08T19:29:49.823252+00:00,201,2891.512,
2026-09-08T19:29:50.802484+00:00,201,1919.405,
2026-09-08T19:29:52.059184+00:00,201,668.663,
2026-09-08T19:29:51.761878+00:00,201,968.391,
2026-09-08T19:29:52.478237+00:00,201,254.547,
2026-09-08T19:29:51.343970+00:00,201,1392.539,
2026-09-08T19:29:50.104625+00:00,201,2636.892,
2026-09-08T19:29:48.957793+00:00,201,3786.165,
2026-09-08T19:29:50.627648+00:00,201,2133.048,
2026-09-08T19:29:50.727034+00:00,201,2037.94,
2026-09-08T19:29:52.647592+00:00,201,125.34,
2026-09-08T19:29:52.358055+00:00,201,426.413,
2026-09-08T19:29:51.210490+00:00,201,1589.327,
2026-09-08T19:29:51.631094+00:00,201,1173.886,
2026-09-08T19:29:52.027818+00:00,201,790.949,
2026-09-08T19:29:51.137485+00:00,201,1706.772,
2026-09-08T19:29:50.717532+00:00,201,2136.718,
2026-09-08T19:29:52.044241+00:00,201,812.779,
2026-09-08T19:29:52.114600+00:00,201,744.785,
2026-09-08T19:29:52.617147+00:00,201,245.215,
2026-09-08T19:29:52.594980+00:00,201,268.657,
2026-09-08T19:29:52.205596+00:00,201,660.855,
2026-09-08T19:29:51.618727+00:00,201,1248.962,
2026-09-08T19:29:51.643838+00:00,201,1225.657,
2026-09-08T19:29:52.760709+00:00,201,112.408,
2026-09-08T19:29:51.233756+00:00,201,1644.149,
2026-09-08T19:29:52.237385+00:00,201,648.373,
2026-09-08T19:29:48.146833+00:00,201,4742.89,
2026-09-08T19:29:51.279380+00:00,201,1621.095,
2026-09-08T19:29:52.202338+00:00,201,706.66,
2026-09-08T19:29:51.800526+00:00,201,1114.544,
2026-09-08T19:29:51.497912+00:00,201,1420.973,
2026-09-08T19:29:52.818778+00:00,201,107.284,
2026-09-08T19:29:52.839474+00:00,201,98.271,
2026-09-08T19:29:50.421740+00:00,201,2518.386,
2026-09-08T19:29:49.593652+00:00,201,3358.307,
2026-09-08T19:29:52.342476+00:00,201,610.654,
2026-09-08T19:29:52.635279+00:00,201,335.6,
2026-09-08T19:29:51.437017+00:00,201,1538.719,
2026-09-08T19:29:51.902293+00:00,201,1083.706,
2026-09-08T19:29:52.113248+00:00,201,882.147,
2026-09-08T19:29:50.411801+00:00,201,2589.488,
2026-09-08T19:29:52.269085+00:00,201,737.035,
2026-09-08T19:29:50.992923+00:00,201,2021.435,
2026-09-08T19:29:52.638900+00:00,201,382.788,
2026-09-08T19:29:50.579277+00:00,201,2444.766,
2026-09-08T19:29:51.732937+00:00,201,1292.825,
2026-09-08T19:29:51.936557+00:00,201,1091.843,
2026-09-08T19:29:52.951971+00:00,201,87.192,
2026-09-08T19:29:52.712846+00:00,201,327.456,
2026-09-08T19:29:52.500877+00:00,201,540.762,
2026-09-08T19:29:52.469310+00:00,201,578.355,
2026-09-08T19:29:52.953137+00:00,201,100.608,
2026-09-08T19:29:52.481166+00:00,201,593.333,
2026-09-08T19:29:52.774324+00:00,201,305.435,
2026-09-08T19:29:52.569564+00:00,201,511.447,
2026-09-08T19:29:52.534898+00:00,201,555.133,
2026-09-08T19:29:49.989924+00:00,201,3106.291,
2026-09-08T19:29:51.561896+00:00,201,1551.444,
2026-09-08T19:29:51.915770+00:00,201,1207.224,
2026-09-08T19:29:52.134661+00:00,201,992.826,
2026-09-08T19:29:52.999581+00:00,201,131.55,
2026-09-08T19:29:53.039171+00:00,201,93.061,
2026-09-08T19:29:52.351240+00:00,201,784.683,
2026-09-08T19:29:52.529210+00:00,201,611.459,
2026-09-08T19:29:51.053675+00:00,201,2095.195,
2026-09-08T19:29:52.250550+00:00,201,900.968,
2026-09-08T19:29:52.442906+00:00,201,711.837,
2026-09-08T19:29:52.905229+00:00,201,256.881,
2026-09-08T19:29:50.538496+00:00,201,2639.813,
2026-09-08T19:29:49.951004+00:00,201,3232.525,
2026-09-08T19:29:52.558977+00:00,201,628.313,
2026-09-08T19:29:53.090038+00:00,201,103.309,
2026-09-08T19:29:52.889738+00:00,201,306.284,
2026-09-08T19:29:51.764413+00:00,201,1438.327,
2026-09-08T19:29:51.212992+00:00,201,1993.247,
2026-09-08T19:29:52.158827+00:00,201,1065.466,
2026-09-08T19:29:52.732796+00:00,201,501.762,
2026-09-08T19:29:52.915079+00:00,201,323.313,
2026-09-08T19:29:51.208485+00:00,201,2034.026,
2026-09-08T19:29:52.937757+00:00,201,306.118,
2026-09-08T19:29:48.033171+00:00,201,5216.125,
2026-09-08T19:29:52.214247+00:00,201,1043.765,
2026-09-08T19:29:52.382093+00:00,201,878.504,
2026-09-08T19:29:51.802853+00:00,201,1461.499,
2026-09-08T19:29:53.162119+00:00,201,104.694,
2026-09-08T19:29:50.427926+00:00,201,2845.993,
2026-09-08T19:29:52.139164+00:00,201,1140.61,
2026-09-08T19:29:51.214437+00:00,201,2070.328,
2026-09-08T19:29:49.262965+00:00,201,4023.188,
2026-09-08T19:29:51.568644+00:00,201,1752.976,
2026-09-08T19:29:51.906256+00:00,201,1423.823,
2026-09-08T19:29:53.224301+00:00,201,108.381,
2026-09-08T19:29:51.548719+00:00,201,1785.728,
2026-09-08T19:29:53.040309+00:00,201,295.384,
2026-09-08T19:29:53.234568+00:00,201,111.622,
2026-09-08T19:29:50.349935+00:00,201,3007.985,
2026-09-08T19:29:51.334047+00:00,201,2031.907,
2026-09-08T19:29:52.365042+00:00,201,1003.354,
2026-09-08T19:29:52.662022+00:00,201,709.485,
2026-09-08T19:29:52.995407+00:00,201,382.156,
2026-09-08T19:29:50.260454+00:00,201,3123.631,
2026-09-08T19:29:52.900485+00:00,201,488.687,
2026-09-08T19:29:49.644896+00:00,201,3746.81,
2026-09-08T19:29:51.019756+00:00,201,2375.086,
2026-09-08T19:29:52.018880+00:00,201,1389.899,
2026-09-08T19:29:53.183542+00:00,201,229.144,
2026-09-08T19:29:52.244319+00:00,201,1177.259,
2026-09-08T19:29:52.869502+00:00,201,554.029,
2026-09-08T19:29:50.236602+00:00,201,3190.469,
2026-09-08T19:29:51.339249+00:00,201,2089.664,
2026-09-08T19:29:52.042516+00:00,201,1387.792,
2026-09-08T19:29:51.972101+00:00,201,1477.0,
2026-09-08T19:29:52.909008+00:00,201,559.125,
2026-09-08T19:29:53.132238+00:00,201,344.446,
2026-09-08T19:29:50.200390+00:00,201,3280.799,
2026-09-08T19:29:52.261544+00:00,201,1232.558,
2026-09-08T19:29:52.610610+00:00,201,888.566,
2026-09-08T19:29:49.727057+00:00,201,3783.143,
2026-09-08T19:29:48.888358+00:00,201,4625.831,
2026-09-08T19:29:52.496709+00:00,201,1026.459,
2026-09-08T19:29:53.024051+00:00,201,500.992,
2026-09-08T19:29:52.107149+00:00,201,1436.388,
2026-09-08T19:29:53.074511+00:00,201,474.924,
2026-09-08T19:29:51.582523+00:00,201,1969.749,
2026-09-08T19:29:53.242523+00:00,201,312.042,
2026-09-08T19:29:51.865034+00:00,201,1695.663,
2026-09-08T19:29:51.186684+00:00,201,2376.293,
2026-09-08T19:29:52.875678+00:00,201,694.57,
2026-09-08T19:29:53.258019+00:00,201,317.285,
2026-09-08T19:29:53.384096+00:00,201,192.561,
2026-09-08T19:29:53.249308+00:00,201,337.595,
2026-09-08T19:29:52.050297+00:00,201,1538.247,
2026-09-08T19:29:53.135930+00:00,201,469.109,
2026-09-08T19:29:50.432164+00:00,201,3183.665,
2026-09-08T19:29:52.417723+00:00,201,1205.126,
2026-09-08T19:29:51.998366+00:00,201,1627.918,
2026-09-08T19:29:52.866460+00:00,201,767.893,
2026-09-08T19:29:51.009160+00:00,201,2628.633,
2026-09-08T19:29:50.363129+00:00,201,3280.438,
2026-09-08T19:29:50.006322+00:00,201,3640.166,
2026-09-08T19:29:49.852989+00:00,201,3800.22,
2026-09-08T19:29:53.441631+00:00,201,213.882,
2026-09-08T19:29:51.104422+00:00,201,2557.382,
2026-09-08T19:29:52.271913+00:00,201,1401.724,
2026-09-08T19:29:51.005767+00:00,201,2673.938,
2026-09-08T19:29:52.844268+00:00,201,836.849,
2026-09-08T19:29:52.640926+00:00,201,1046.116,
2026-09-08T19:29:53.028407+00:00,201,676.112,
2026-09-08T19:29:53.605047+00:00,201,106.781,
2026-09-08T19:29:52.432862+00:00,201,1286.867,
2026-09-08T19:29:53.536895+00:00,201,190.12,
2026-09-08T19:29:52.539177+00:00,201,1194.015,
2026-09-08T19:29:50.007040+00:00,201,3734.25,
2026-09-08T19:29:53.140681+00:00,201,611.388,
2026-09-08T19:29:53.031438+00:00,201,727.97,
2026-09-08T19:29:49.011605+00:00,201,4749.341,
2026-09-08T19:29:53.514202+00:00,201,250.716,
2026-09-08T19:29:53.127499+00:00,201,638.771,
2026-09-08T19:29:51.128687+00:00,201,2639.513,
2026-09-08T19:29:51.898249+00:00,201,1871.852,
2026-09-08T19:29:48.873623+00:00,201,4914.037,
2026-09-08T19:29:52.329151+00:00,201,1460.444,
2026-09-08T19:29:52.711728+00:00,201,1079.749,
2026-09-08T19:29:53.704525+00:00,201,90.4,
2026-09-08T19:29:51.687113+00:00,201,2117.149,
2026-09-08T19:29:51.374109+00:00,201,2437.383,
2026-09-08T19:29:53.622857+00:00,201,195.594,
2026-09-08T19:29:53.143195+00:00,201,678.967,
2026-09-08T19:29:51.834001+00:00,201,2016.566,
2026-09-08T19:29:53.626296+00:00,201,231.127,
2026-09-08T19:29:53.764924+00:00,201,93.69,
2026-09-08T19:29:53.552280+00:00,201,314.006,
2026-09-08T19:29:50.473959+00:00,201,3404.779,
2026-09-08T19:29:51.881916+00:00,201,1999.166,
2026-09-08T19:29:52.401337+00:00,201,1481.842,
2026-09-08T19:29:53.449108+00:00,201,439.241,
2026-09-08T19:29:50.884616+00:00,201,3012.79,
2026-09-08T19:29:51.665876+00:00,201,2233.56,
2026-09-08T19:29:52.784478+00:00,201,1125.904,
2026-09-08T19:29:53.818461+00:00,201,95.409,
2026-09-08T19:29:53.615841+00:00,201,302.27,
2026-09-08T19:29:52.659828+00:00,201,1261.872,
2026-09-08T19:29:53.573115+00:00,201,353.339,
2026-09-08T19:29:53.238402+00:00,201,696.5,
2026-09-08T19:29:51.200631+00:00,201,2737.004,
2026-09-08T19:29:52.533182+00:00,201,1413.168,
2026-09-08T19:29:53.207401+00:00,201,745.731,
2026-09-08T19:29:53.857433+00:00,201,97.089,
2026-09-08T19:29:50.090101+00:00,201,3869.535,
2026-09-08T19:29:52.030204+00:00,201,1935.321,
2026-09-08T19:29:53.554573+00:00,201,412.108,
2026-09-08T19:29:53.391719+00:00,201,580.981,
2026-09-08T19:29:53.878748+00:00,201,97.519,
2026-09-08T19:29:49.205590+00:00,201,4774.032,
2026-09-08T19:29:53.897418+00:00,201,88.604,
2026-09-08T19:29:52.315010+00:00,201,1680.48,
2026-09-08T19:29:52.764984+00:00,201,1235.991,
2026-09-08T19:29:53.562985+00:00,201,439.318,
2026-09-08T19:29:50.587109+00:00,201,3441.363,
2026-09-08T19:29:53.937644+00:00,201,93.166,
2026-09-08T19:29:52.942773+00:00,201,1089.211,
2026-09-08T19:29:52.799827+00:00,201,1240.322,
2026-09-08T19:29:50.775600+00:00,201,3267.109,
2026-09-08T19:29:51.828711+00:00,201,2221.758,
2026-09-08T19:29:53.430317+00:00,201,628.952,
2026-09-08T19:29:53.336639+00:00,201,742.237,
2026-09-08T19:29:53.732036+00:00,201,351.242,
2026-09-08T19:29:53.330087+00:00,201,756.234,
2026-09-08T19:29:52.743972+00:00,201,1348.146,
2026-09-08T19:29:51.697979+00:00,201,2396.042,
2026-09-08T19:29:53.687050+00:00,201,416.497,
2026-09-08T19:29:54.028484+00:00,201,90.807,
2026-09-08T19:29:53.606470+00:00,201,514.004,
2026-09-08T19:29:53.279781+00:00,201,845.704,
2026-09-08T19:29:53.638745+00:00,201,493.665,
2026-09-08T19:29:52.658056+00:00,201,1476.098,
2026-09-08T19:29:54.031993+00:00,201,103.637,
2026-09-08T19:29:52.727854+00:00,201,1414.463,
2026-09-08T19:29:53.472143+00:00,201,673.523,
2026-09-08T19:29:52.102934+00:00,201,2045.9,
2026-09-08T19:29:50.183493+00:00,201,3986.262,
2026-09-08T19:29:52.458780+00:00,201,1724.981,
2026-09-08T19:29:54.000986+00:00,201,204.284,
2026-09-08T19:29:53.831144+00:00,201,377.051,
2026-09-08T19:29:53.499185+00:00,201,715.936,
2026-09-08T19:29:53.172680+00:00,201,1043.856,
2026-09-08T19:29:54.119301+00:00,201,99.534,
2026-09-08T19:29:51.348510+00:00,201,2871.506,
2026-09-08T19:29:54.120481+00:00,201,100.738,
2026-09-08T19:29:50.900325+00:00,201,3324.215,
2026-09-08T19:29:52.183916+00:00,201,2047.025,
2026-09-08T19:29:52.188306+00:00,201,2043.825,
2026-09-08T19:29:52.673579+00:00,201,1570.457,
2026-09-08T19:29:53.560708+00:00,201,693.187,
2026-09-08T19:29:52.926075+00:00,201,1340.355,
2026-09-08T19:29:51.066002+00:00,201,3206.544,
2026-09-08T19:29:52.857026+00:00,201,1421.593,
2026-09-08T19:29:51.556947+00:00,201,2726.703,
2026-09-08T19:29:50.039774+00:00,201,4252.978,
2026-09-08T19:29:52.024189+00:00,201,2269.935,
2026-09-08T19:29:53.113349+00:00,201,1190.046,
2026-09-08T19:29:54.205278+00:00,201,100.788,
2026-09-08T19:29:53.770108+00:00,201,543.512,
2026-09-08T19:29:52.808319+00:00,201,1514.116,
2026-09-08T19:29:51.538526+00:00,201,2792.943,
2026-09-08T19:29:52.970889+00:00,201,1367.189,
2026-09-08T19:29:52.371689+00:00,201,1978.557,
2026-09-08T19:29:53.679715+00:00,201,673.559,
2026-09-08T19:29:50.105602+00:00,201,4249.404,
2026-09-08T19:29:53.673649+00:00,201,683.801,
2026-09-08T19:29:51.611074+00:00,201,2759.639,
2026-09-08T19:29:53.286164+00:00,201,1102.449,
2026-09-08T19:29:50.312375+00:00,201,4079.975,
2026-09-08T19:29:54.272562+00:00,201,126.511,
2026-09-08T19:29:52.701623+00:00,201,1703.834,
2026-09-08T19:29:53.476691+00:00,201,939.51,
2026-09-08T19:29:52.721900+00:00,201,1706.074,
2026-09-08T19:29:52.391924+00:00,201,2051.435,
2026-09-08T19:29:52.975745+00:00,201,1474.531,
2026-09-08T19:29:51.237417+00:00,201,3224.781,
2026-09-08T19:29:54.350256+00:00,201,116.437,
2026-09-08T19:29:52.741528+00:00,201,1726.479,
2026-09-08T19:29:54.142329+00:00,201,335.203,
2026-09-08T19:29:52.197351+00:00,201,2283.239,
2026-09-08T19:29:49.994503+00:00,201,4488.275,
2026-09-08T19:29:53.995499+00:00,201,504.745,
2026-09-08T19:29:53.938830+00:00,201,567.755,
2026-09-08T19:29:54.408727+00:00,201,104.492,
2026-09-08T19:29:53.071597+00:00,201,1443.979,
2026-09-08T19:29:52.625987+00:00,201,1893.332,
2026-09-08T19:29:51.017218+00:00,201,3509.945,
2026-09-08T19:29:51.843940+00:00,201,2686.827,
2026-09-08T19:29:50.964420+00:00,201,3567.565,
2026-09-08T19:29:53.266819+00:00,201,1276.194,
2026-09-08T19:29:54.244045+00:00,201,306.557,
2026-09-08T19:29:53.966687+00:00,201,592.352,
2026-09-08T19:29:53.377571+00:00,201,1189.749,
2026-09-08T19:29:54.266441+00:00,201,306.332,
2026-09-08T19:29:53.768212+00:00,201,809.798,
2026-09-08T19:29:53.899446+00:00,201,692.289,
2026-09-08T19:29:51.198360+00:00,201,3400.457,
2026-09-08T19:29:49.932368+00:00,201,4673.132,
2026-09-08T19:29:52.512525+00:00,201,2096.628,
2026-09-08T19:29:52.620027+00:00,201,1992.623,
2026-09-08T19:29:54.086330+00:00,201,533.629,
2026-09-08T19:29:52.038384+00:00,201,2600.123,
2026-09-08T19:29:52.739481+00:00,201,1907.264,
2026-09-08T19:29:52.058149+00:00,201,2589.916,
2026-09-08T19:29:54.069684+00:00,201,579.612,
2026-09-08T19:29:53.148882+00:00,201,1503.913,
2026-09-08T19:29:53.766282+00:00,201,888.82,
2026-09-08T19:29:51.284102+00:00,201,3382.332,
2026-09-08T19:29:53.423537+00:00,201,1258.26,
2026-09-08T19:29:53.959648+00:00,201,724.427,
2026-09-08T19:29:53.588552+00:00,201,1096.551,
2026-09-08T19:29:54.462209+00:00,201,224.644,
2026-09-08T19:29:52.877916+00:00,201,1814.383,
2026-09-08T19:29:54.145675+00:00,201,549.732,
2026-09-08T19:29:53.187300+00:00,201,1511.336,
2026-09-08T19:29:50.092318+00:00,201,4607.62,
2026-09-08T19:29:54.103553+00:00,201,599.768,
2026-09-08T19:29:54.513227+00:00,201,191.261,
2026-09-08T19:29:54.416213+00:00,201,311.816,
2026-09-08T19:29:52.032097+00:00,201,2697.67,
2026-09-08T19:29:54.638518+00:00,201,102.87,
2026-09-08T19:29:50.498656+00:00,201,4245.489,
2026-09-08T19:29:52.046980+00:00,201,2705.222,
2026-09-08T19:29:52.804988+00:00,201,1951.238,
2026-09-08T19:29:53.811502+00:00,201,946.861,
2026-09-08T19:29:54.470914+00:00,201,297.293,
2026-09-08T19:29:53.575311+00:00,201,1196.709,
2026-09-08T19:29:54.612661+00:00,201,170.006,
2026-09-08T19:29:52.309660+00:00,201,2485.157,
2026-09-08T19:29:53.727028+00:00,201,1073.531,
2026-09-08T19:29:51.625787+00:00,201,3180.97,
2026-09-08T19:29:49.758453+00:00,201,5050.485,
2026-09-08T19:29:53.711836+00:00,201,1106.765,
2026-09-08T19:29:50.961695+00:00,201,3860.712,
2026-09-08T19:29:53.801849+00:00,201,1022.741,
2026-09-08T19:29:54.216544+00:00,201,610.889,
2026-09-08T19:29:53.202748+00:00,201,1627.016,
2026-09-08T19:29:54.728038+00:00,201,105.453,
2026-09-08T19:29:53.510212+00:00,201,1332.108,
2026-09-08T19:29:53.967639+00:00,201,885.977,
2026-09-08T19:29:51.994770+00:00,201,2866.429,
2026-09-08T19:29:52.660906+00:00,201,2208.512,
2026-09-08T19:29:54.598828+00:00,201,278.331,
2026-09-08T19:29:54.477542+00:00,201,404.004,
2026-09-08T19:29:51.896927+00:00,201,2985.763,
2026-09-08T19:29:54.466702+00:00,201,424.237,
2026-09-08T19:29:53.646503+00:00,201,1256.319,
2026-09-08T19:29:54.135635+00:00,201,768.417,
2026-09-08T19:29:50.445928+00:00,201,4462.952,
2026-09-08T19:29:51.653203+00:00,201,3256.96,
2026-09-08T19:29:53.196029+00:00,201,1728.205,
2026-09-08T19:29:49.977280+00:00,201,4955.765,
2026-09-08T19:29:54.842328+00:00,201,99.802,
2026-09-08T19:29:53.881091+00:00,201,1064.678,
2026-09-08T19:29:53.123005+00:00,201,1827.897,
2026-09-08T19:29:53.946362+00:00,201,1010.782,
2026-09-08T19:29:54.220023+00:00,201,738.478,
2026-09-08T19:29:51.378912+00:00,201,3602.014,
2026-09-08T19:29:52.415201+00:00,201,2566.92,
2026-09-08T19:29:53.634361+00:00,201,1356.264,
2026-09-08T19:29:54.890945+00:00,201,102.965,
2026-09-08T19:29:53.371513+00:00,201,1638.194,
2026-09-08T19:29:53.759416+00:00,201,1259.919,
2026-09-08T19:29:53.427080+00:00,201,1595.635,
2026-09-08T19:29:52.867696+00:00,201,2159.915,
2026-09-08T19:29:54.942137+00:00,201,93.651,
2026-09-08T19:29:54.742378+00:00,201,302.529,
2026-09-08T19:29:54.253905+00:00,201,792.214,
2026-09-08T19:29:54.519332+00:00,201,538.999,
2026-09-08T19:29:53.741302+00:00,201,1325.97,
2026-09-08T19:29:54.818610+00:00,201,260.787,
2026-09-08T19:29:53.794931+00:00,201,1288.802,
2026-09-08T19:29:54.990636+00:00,201,95.88,
2026-09-08T19:29:53.235348+00:00,201,1854.263,
2026-09-08T19:29:54.829772+00:00,201,264.472,
2026-09-08T19:29:52.340193+00:00,201,2756.679,
2026-09-08T19:29:54.506592+00:00,201,590.806,
2026-09-08T19:29:53.883184+00:00,201,1216.144,
2026-09-08T19:29:54.357462+00:00,201,743.46,
2026-09-08T19:29:50.120264+00:00,201,4983.389,
2026-09-08T19:29:55.019346+00:00,201,86.577,
2026-09-08T19:29:54.292768+00:00,201,819.522,
2026-09-08T19:29:54.824600+00:00,201,290.818,
2026-09-08T19:29:54.221224+00:00,201,904.368,
2026-09-08T19:29:54.468015+00:00,201,666.016,
2026-09-08T19:29:54.331483+00:00,201,803.357,
2026-09-08T19:29:51.421016+00:00,201,3723.87,
2026-09-08T19:29:53.653219+00:00,201,1492.999,
2026-09-08T19:29:54.902832+00:00,201,244.101,
2026-09-08T19:29:51.875779+00:00,201,3278.381,
2026-09-08T19:29:54.083287+00:00,201,1072.848,
2026-09-08T19:29:54.803470+00:00,201,360.472,
2026-09-08T19:29:50.384688+00:00,201,4779.841,
2026-09-08T19:29:54.241649+00:00,201,923.835,
2026-09-08T19:29:53.888359+00:00,201,1284.369,
2026-09-08T19:29:54.950913+00:00,201,223.202,
2026-09-08T19:29:53.346197+00:00,201,1828.698,
2026-09-08T19:29:55.112301+00:00,201,63.608,
2026-09-08T19:29:54.207075+00:00,201,970.9,
2026-09-08T19:29:54.515587+00:00,201,664.879,
2026-09-08T19:29:54.183774+00:00,201,999.703,
2026-09-08T19:29:52.384265+00:00,201,2800.356,
2026-09-08T19:29:54.208202+00:00,201,977.485,
2026-09-08T19:29:48.953640+00:00,201,6245.377,
2026-09-08T19:29:53.752078+00:00,201,1453.152,
2026-09-08T19:29:54.808950+00:00,201,397.831,
2026-09-08T19:29:55.144902+00:00,201,63.85,
2026-09-08T19:29:55.146230+00:00,201,69.609,
2026-09-08T19:29:54.974397+00:00,201,252.641,
2026-09-08T19:29:51.412742+00:00,201,3818.132,
2026-09-08T19:29:54.572783+00:00,201,659.377,
2026-09-08T19:29:54.744158+00:00,201,488.597,
2026-09-08T19:29:53.525048+00:00,201,1719.686,
2026-09-08T19:29:54.827439+00:00,201,417.919,
2026-09-08T19:29:54.032721+00:00,201,1216.907,
2026-09-08T19:29:54.355017+00:00,201,895.592,
2026-09-08T19:29:54.666446+00:00,201,585.437,
2026-09-08T19:29:54.957154+00:00,201,295.459,
2026-09-08T19:29:53.302610+00:00,201,1969.95,
2026-09-08T19:29:53.206249+00:00,201,2068.695,
2026-09-08T19:29:54.945775+00:00,201,334.42,
2026-09-08T19:29:53.494112+00:00,201,1787.998,
2026-09-08T19:29:54.578018+00:00,201,705.927,
2026-09-08T19:29:54.399082+00:00,201,889.082,
2026-09-08T19:29:52.427417+00:00,201,2867.104,
2026-09-08T19:29:53.365963+00:00,201,1931.88,
2026-09-08T19:29:54.224551+00:00,201,1079.214,
2026-09-08T19:29:54.591741+00:00,201,713.964,
2026-09-08T19:29:54.741399+00:00,201,573.443,
2026-09-08T19:29:53.270022+00:00,201,2053.931,
2026-09-08T19:29:55.245364+00:00,201,83.006,
2026-09-08T19:29:53.264360+00:00,201,2066.716,
2026-09-08T19:29:53.408792+00:00,201,1939.301,
2026-09-08T19:29:55.258535+00:00,201,101.977,
2026-09-08T19:29:53.637802+00:00,201,1724.179,
2026-09-08T19:29:52.118513+00:00,201,3255.279,
2026-09-08T19:29:52.859393+00:00,201,2515.296,
2026-09-08T19:29:53.047674+00:00,201,2327.817,
2026-09-08T19:29:54.218844+00:00,201,1157.585,
2026-09-08T19:29:55.083740+00:00,201,293.659,
2026-09-08T19:29:53.866294+00:00,201,1512.083,
2026-09-08T19:29:52.300485+00:00,201,3078.939,
2026-09-08T19:29:54.800570+00:00,201,579.958,
2026-09-08T19:29:54.125494+00:00,201,1256.155,
2026-09-08T19:29:53.586913+00:00,201,1795.864,
2026-09-08T19:29:55.191992+00:00,201,191.905,
2026-09-08T19:29:54.392365+00:00,201,1007.086,
2026-09-08T19:29:54.681803+00:00,201,718.908,
2026-09-08T19:29:54.042721+00:00,201,1373.489,
2026-09-08T19:29:53.681125+00:00,201,1736.368,
2026-09-08T19:29:54.306075+00:00,201,1112.633,
2026-09-08T19:29:54.530779+00:00,201,889.139,
2026-09-08T19:29:53.421586+00:00,201,1999.824,
2026-09-08T19:29:55.115425+00:00,201,307.607,
2026-09-08T19:29:52.854268+00:00,201,2570.416,
2026-09-08T19:29:53.284773+00:00,201,2141.635,
2026-09-08T19:29:54.698644+00:00,201,729.613,
2026-09-08T19:29:52.986006+00:00,201,2443.929,
2026-09-08T19:29:54.278628+00:00,201,1153.002,
2026-09-08T19:29:52.425599+00:00,201,3007.694,
2026-09-08T19:29:54.166574+00:00,201,1268.393,
2026-09-08T19:29:52.162926+00:00,201,3273.753,
2026-09-08T19:29:54.619967+00:00,201,818.576,
2026-09-08T19:29:53.661812+00:00,201,1778.601,
2026-09-08T19:29:51.511857+00:00,201,3930.4,
2026-09-08T19:29:55.199033+00:00,201,245.05,
2026-09-08T19:29:54.569092+00:00,201,876.982,
2026-09-08T19:29:54.782674+00:00,201,683.267,
2026-09-08T19:29:55.280201+00:00,201,187.767,
2026-09-08T19:29:51.637409+00:00,201,3832.713,
2026-09-08T19:29:55.175918+00:00,201,300.632,
2026-09-08T19:29:53.523179+00:00,201,1960.783,
2026-09-08T19:29:51.710689+00:00,201,3796.131,
2026-09-08T19:29:55.125601+00:00,201,392.835,
2026-09-08T19:29:55.165491+00:00,201,356.047,
2026-09-08T19:29:54.500253+00:00,201,1023.364,
2026-09-08T19:29:53.102131+00:00,201,2425.637,
2026-09-08T19:29:53.858623+00:00,201,1687.713,
2026-09-08T19:29:55.373805+00:00,201,211.189,
2026-09-08T19:29:53.081021+00:00,201,2517.767,
2026-09-08T19:29:52.039186+00:00,201,3562.758,
2026-09-08T19:29:55.174906+00:00,201,441.619,
2026-09-08T19:29:55.416220+00:00,201,211.489,
2026-09-08T19:29:55.444090+00:00,201,185.754,
2026-09-08T19:29:54.934324+00:00,201,698.49,
2026-09-08T19:29:55.465950+00:00,201,169.007,
2026-09-08T19:29:54.443369+00:00,201,1195.221,
2026-09-08T19:29:54.685112+00:00,201,957.578,
2026-09-08T19:29:55.467976+00:00,201,189.218,
2026-09-08T19:29:55.506832+00:00,201,182.343,
2026-09-08T19:29:54.273532+00:00,201,1447.947,
2026-09-08T19:29:53.870817+00:00,201,1859.226,
2026-09-08T19:29:55.546343+00:00,201,188.475,
2026-09-08T19:29:54.806770+00:00,201,943.192,
2026-09-08T19:29:54.882704+00:00,201,872.372,
2026-09-08T19:29:53.389182+00:00,201,2383.463,
2026-09-08T19:29:55.380538+00:00,201,397.619,
2026-09-08T19:29:55.585004+00:00,201,195.223,
2026-09-08T19:29:54.132418+00:00,201,1658.654,
2026-09-08T19:29:55.426417+00:00,201,391.879,
2026-09-08T19:29:54.338089+00:00,201,1482.385,
2026-09-08T19:29:55.252622+00:00,201,582.197,
2026-09-08T19:29:54.322446+00:00,201,1519.653,
2026-09-08T19:29:55.676136+00:00,201,184.212,
2026-09-08T19:29:53.898251+00:00,201,1968.284,
2026-09-08T19:29:53.934910+00:00,201,1934.758,
2026-09-08T19:29:54.303405+00:00,201,1569.209,
2026-09-08T19:29:55.305715+00:00,201,572.026,
2026-09-08T19:29:52.352477+00:00,201,3533.726,
2026-09-08T19:29:53.979634+00:00,201,1923.617,
2026-09-08T19:29:51.438146+00:00,201,4481.64,
2026-09-08T19:29:54.387163+00:00,201,1538.585,
2026-09-08T19:29:54.353282+00:00,201,1579.272,
2026-09-08T19:29:55.274956+00:00,201,678.513,
2026-09-08T19:29:55.772655+00:00,201,184.201,
2026-09-08T19:29:55.440421+00:00,201,528.085,
2026-09-08T19:29:55.331092+00:00,201,641.313,
2026-09-08T19:29:55.086525+00:00,201,896.422,
2026-09-08T19:29:53.791490+00:00,201,2194.631,
2026-09-08T19:29:53.368404+00:00,201,2622.971,
2026-09-08T19:29:55.328375+00:00,201,697.421,
2026-09-08T19:29:55.866543+00:00,201,167.375,
2026-09-08T19:29:53.926462+00:00,201,2121.763,
2026-09-08T19:29:54.040159+00:00,201,2010.54,
2026-09-08T19:29:54.904059+00:00,201,1176.877,
2026-09-08T19:29:55.483973+00:00,201,611.83,
2026-09-08T19:29:55.446081+00:00,201,652.342,
2026-09-08T19:29:55.244744+00:00,201,871.943,
2026-09-08T19:29:51.705342+00:00,201,4420.383,
2026-09-08T19:29:55.381659+00:00,201,752.629,
2026-09-08T19:29:55.953479+00:00,201,188.272,
2026-09-08T19:29:55.251891+00:00,201,892.997,
2026-09-08T19:29:55.036587+00:00,201,1121.188,
2026-09-08T19:29:54.772029+00:00,201,1393.021,
2026-09-08T19:29:55.421422+00:00,201,768.305,
2026-09-08T19:29:55.490267+00:00,201,711.398,
2026-09-08T19:29:55.375500+00:00,201,833.672,
2026-09-08T19:29:52.007594+00:00,201,4206.69,
2026-09-08T19:29:55.431637+00:00,201,787.04,
2026-09-08T19:29:50.381610+00:00,201,5850.281,
2026-09-08T19:29:54.639662+00:00,201,1619.326,
2026-09-08T19:29:56.069198+00:00,201,192.88,
2026-09-08T19:29:52.078566+00:00,201,4204.577,
2026-09-08T19:29:55.527778+00:00,201,763.266,
2026-09-08T19:29:56.098428+00:00,201,195.452,
2026-09-08T19:29:51.542374+00:00,201,4777.044,
2026-09-08T19:29:55.638599+00:00,201,692.719,
2026-09-08T19:29:55.763180+00:00,201,572.969,
2026-09-08T19:29:55.063778+00:00,201,1295.645,
2026-09-08T19:29:53.367060+00:00,201,3000.153,
2026-09-08T19:29:55.215849+00:00,201,1167.759,
2026-09-08T19:29:54.078884+00:00,201,2310.731,
2026-09-08T19:29:55.374698+00:00,201,1024.31,
2026-09-08T19:29:55.250616+00:00,201,1159.684,
2026-09-08T19:29:55.642696+00:00,201,773.35,
2026-09-08T19:29:51.520781+00:00,201,4897.566,
2026-09-08T19:29:54.708704+00:00,201,1722.557,
2026-09-08T19:29:55.927264+00:00,201,510.184,
2026-09-08T19:29:52.420453+00:00,201,4043.963,
2026-09-08T19:29:53.986029+00:00,201,2489.741,
2026-09-08T19:29:55.598798+00:00,201,885.918,
2026-09-08T19:29:51.903197+00:00,201,4600.168,
2026-09-08T19:29:56.141760+00:00,201,385.746,
2026-09-08T19:29:52.242371+00:00,201,4288.725,
2026-09-08T19:29:53.913877+00:00,201,2619.971,
2026-09-08T19:29:53.079767+00:00,201,3461.391,
2026-09-08T19:29:55.383907+00:00,201,1180.8,
2026-09-08T19:29:52.504738+00:00,201,4062.19,
2026-09-08T19:29:55.385213+00:00,201,1183.922,
2026-09-08T19:29:53.335699+00:00,201,3248.2,
2026-09-08T19:29:52.736517+00:00,201,3856.594,
2026-09-08T19:29:55.493245+00:00,201,1102.314,
2026-09-08T19:29:54.910176+00:00,201,1689.594,
2026-09-08T19:29:56.239351+00:00,201,369.142,
2026-09-08T19:29:52.168325+00:00,201,4446.165,
2026-09-08T19:29:55.134849+00:00,201,1493.612,
2026-09-08T19:29:53.787674+00:00,201,2850.232,
2026-09-08T19:29:56.503377+00:00,201,176.695,
2026-09-08T19:29:52.193655+00:00,201,4498.7,
2026-09-08T19:29:55.818303+00:00,201,880.35,
2026-09-08T19:29:56.527512+00:00,201,179.853,
2026-09-08T19:29:54.527174+00:00,201,2185.064,
2026-09-08T19:29:56.566942+00:00,201,172.867,
2026-09-08T19:29:55.232762+00:00,201,1514.154,
2026-09-08T19:29:51.424480+00:00,201,5330.91,
2026-09-08T19:29:54.758371+00:00,201,2028.182,
2026-09-08T19:29:55.791083+00:00,201,1004.124,
2026-09-08T19:29:55.094249+00:00,201,1709.364,
2026-09-08T19:29:51.325534+00:00,201,5480.282,
2026-09-08T19:29:52.511045+00:00,201,4308.64,
2026-09-08T19:29:53.702136+00:00,201,3121.019,
2026-09-08T19:29:55.904921+00:00,201,928.699,
2026-09-08T19:29:56.125742+00:00,201,710.107,
2026-09-08T19:29:53.006148+00:00,201,3841.32,
2026-09-08T19:29:56.564714+00:00,201,291.495,
2026-09-08T19:29:51.776443+00:00,201,5081.871,
2026-09-08T19:29:55.180475+00:00,201,1719.937,
2026-09-08T19:29:56.630770+00:00,201,273.421,
2026-09-08T19:29:55.903259+00:00,201,1016.173,
2026-09-08T19:29:55.240325+00:00,201,1691.194,
2026-09-08T19:29:53.910398+00:00,201,3024.283,
2026-09-08T19:29:55.303773+00:00,201,1642.37,
2026-09-08T19:29:55.869679+00:00,201,1078.683,
2026-09-08T19:29:55.035795+00:00,201,1950.465,
2026-09-08T19:29:55.476555+00:00,201,1537.867,
2026-09-08T19:29:56.262085+00:00,201,761.925,
2026-09-08T19:29:53.131137+00:00,201,3913.499,
2026-09-08T19:29:54.030817+00:00,201,3017.35,
2026-09-08T19:29:48.286716+00:00,201,8765.29,
2026-09-08T19:29:54.752217+00:00,201,2306.213,
2026-09-08T19:29:54.881554+00:00,201,2181.17,
2026-09-08T19:29:55.046128+00:00,201,2023.383,
2026-09-08T19:29:55.164541+00:00,201,1908.948,
2026-09-08T19:29:55.534337+00:00,201,1541.551,
2026-09-08T19:29:51.873118+00:00,201,5210.114,
2026-09-08T19:29:52.550545+00:00,201,4537.278,
2026-09-08T19:29:53.972706+00:00,201,3118.662,
2026-09-08T19:29:51.575029+00:00,201,5529.369,
2026-09-08T19:29:55.177984+00:00,201,1944.891,
2026-09-08T19:29:55.780234+00:00,201,1355.324,
2026-09-08T19:29:55.183489+00:00,201,1955.434,
2026-09-08T19:29:56.680078+00:00,201,498.755,
2026-09-08T19:29:55.423038+00:00,201,1773.174,
2026-09-08T19:29:56.787812+00:00,201,420.732,
2026-09-08T19:29:57.044651+00:00,201,166.383,
2026-09-08T19:29:56.283159+00:00,201,936.784,
2026-09-08T19:29:56.885178+00:00,201,357.182,
2026-09-08T19:29:54.874748+00:00,201,2390.028,
2026-09-08T19:29:54.313627+00:00,201,2971.192,
2026-09-08T19:29:56.231904+00:00,201,1077.744,
2026-09-08T19:29:52.940138+00:00,201,4374.554,
2026-09-08T19:29:55.097403+00:00,201,2226.738,
2026-09-08T19:29:55.067280+00:00,201,2265.618,
2026-09-08T19:29:54.148842+00:00,201,3186.186,
2026-09-08T19:29:56.628470+00:00,201,710.876,
2026-09-08T19:29:56.755405+00:00,201,591.478,
2026-09-08T19:29:55.982953+00:00,201,1378.086,
2026-09-08T19:29:54.648077+00:00,201,2715.31,
2026-09-08T19:29:55.400718+00:00,201,1968.91,
2026-09-08T19:29:56.856215+00:00,201,533.767,
2026-09-08T19:29:54.543021+00:00,201,2856.758,
2026-09-08T19:29:56.965628+00:00,201,437.715,
2026-09-08T19:29:53.357929+00:00,201,4074.074,
2026-09-08T19:29:53.041648+00:00,201,4425.95,
2026-09-08T19:29:54.600018+00:00,201,2873.423,
2026-09-08T19:29:55.730052+00:00,201,1746.536,
2026-09-08T19:29:54.684083+00:00,201,2829.945,
2026-09-08T19:29:55.184631+00:00,201,2335.615,
2026-09-08T19:29:54.092126+00:00,201,3431.413,
2026-09-08T19:29:55.100933+00:00,201,2430.296,
2026-09-08T19:29:56.535256+00:00,201,998.35,
2026-09-08T19:29:53.954530+00:00,201,3595.373,
2026-09-08T19:29:55.417501+00:00,201,2143.725,
2026-09-08T19:29:57.389989+00:00,201,181.897,
2026-09-08T19:29:56.464427+00:00,201,1116.696,
2026-09-08T19:29:56.431268+00:00,201,1154.522,
2026-09-08T19:29:56.389626+00:00,201,1200.722,
2026-09-08T19:29:57.432016+00:00,201,182.349,
2026-09-08T19:29:54.822418+00:00,201,2797.282,
2026-09-08T19:29:56.904196+00:00,201,720.812,
2026-09-08T19:29:56.608498+00:00,201,1052.777,
2026-09-08T19:29:54.908891+00:00,201,2762.921,
2026-09-08T19:29:55.419925+00:00,201,2256.861,
2026-09-08T19:29:55.232167+00:00,201,2494.303,
2026-09-08T19:29:55.099335+00:00,201,2634.089,
2026-09-08T19:29:57.549913+00:00,201,187.945,
2026-09-08T19:29:52.221515+00:00,201,5533.85,
2026-09-08T19:29:56.698660+00:00,201,1067.074,
2026-09-08T19:29:55.022723+00:00,201,2747.793,
2026-09-08T19:29:55.972419+00:00,201,1824.388,
2026-09-08T19:29:55.438550+00:00,201,2365.28,
2026-09-08T19:29:57.196220+00:00,201,613.613,
2026-09-08T19:29:53.655524+00:00,201,4176.013,
2026-09-08T19:29:57.230200+00:00,201,608.626,
2026-09-08T19:29:53.321628+00:00,201,4522.188,
2026-09-08T19:29:54.704495+00:00,201,3149.765,
2026-09-08T19:29:54.869428+00:00,201,3000.028,
2026-09-08T19:29:51.837641+00:00,201,6049.889,
2026-09-08T19:29:55.433303+00:00,201,2462.938,
2026-09-08T19:29:53.789601+00:00,201,4117.561,
2026-09-08T19:29:55.877748+00:00,201,2038.27,
2026-09-08T19:29:53.243885+00:00,201,4676.894,
2026-09-08T19:29:57.726480+00:00,201,201.611,
2026-09-08T19:29:55.205241+00:00,201,2728.943,
2026-09-08T19:29:55.636170+00:00,201,2302.048,
2026-09-08T19:29:54.768216+00:00,201,3181.448,
2026-09-08T19:29:55.523627+00:00,201,2439.435,
2026-09-08T19:29:57.058440+00:00,201,911.342,
2026-09-08T19:29:56.823169+00:00,201,1191.965,
2026-09-08T19:29:55.518446+00:00,201,2503.047,
2026-09-08T19:29:54.531998+00:00,201,3495.104,
2026-09-08T19:29:55.079407+00:00,201,2949.967,
2026-09-08T19:29:50.471118+00:00,201,7567.047,
2026-09-08T19:29:57.403350+00:00,201,642.665,
2026-09-08T19:29:56.319432+00:00,201,1744.274,
2026-09-08T19:29:56.418360+00:00,201,1662.62,
2026-09-08T19:29:56.437454+00:00,201,1662.054,
2026-09-08T19:29:55.105929+00:00,201,2999.412,
2026-09-08T19:29:56.728595+00:00,201,1383.375,
2026-09-08T19:29:55.657198+00:00,201,2478.232,
2026-09-08T19:29:56.048236+00:00,201,2095.118,
2026-09-08T19:29:57.024015+00:00,201,1121.89,
2026-09-08T19:29:56.746923+00:00,201,1408.687,
2026-09-08T19:29:57.168292+00:00,201,992.166,
2026-09-08T19:29:56.209178+00:00,201,1963.43,
2026-09-08T19:29:54.655108+00:00,201,3546.926,
2026-09-08T19:29:56.652234+00:00,201,1589.805,
2026-09-08T19:29:55.428264+00:00,201,2821.966,
2026-09-08T19:29:54.283660+00:00,201,3972.781,
2026-09-08T19:29:54.059277+00:00,201,4225.792,
2026-09-08T19:29:56.258998+00:00,201,2035.209,
2026-09-08T19:29:54.980938+00:00,201,3320.0,
2026-09-08T19:29:55.379433+00:00,201,2938.04,
2026-09-08T19:29:54.924244+00:00,201,3398.16,
2026-09-08T19:29:57.869466+00:00,201,476.785,
2026-09-08T19:29:57.391732+00:00,201,964.961,
2026-09-08T19:29:56.050708+00:00,201,2320.214,
2026-09-08T19:29:57.737866+00:00,201,638.895,
2026-09-08T19:29:54.370728+00:00,201,4008.379,
2026-09-08T19:29:57.242367+00:00,201,1141.241,
2026-09-08T19:29:51.617587+00:00,201,6772.991,
2026-09-08T19:29:51.772350+00:00,201,6648.533,
2026-09-08T19:29:55.634962+00:00,201,2809.034,
2026-09-08T19:29:57.720755+00:00,201,731.12,
2026-09-08T19:29:55.294531+00:00,201,3167.764,
2026-09-08T19:29:53.850578+00:00,201,4613.906,
2026-09-08T19:29:58.273134+00:00,201,201.834,
2026-09-08T19:29:56.748478+00:00,201,1744.942,
2026-09-08T19:29:55.470131+00:00,201,3045.929,
2026-09-08T19:29:55.096883+00:00,201,3423.975,
2026-09-08T19:29:56.263795+00:00,201,2282.99,
2026-09-08T19:29:56.399015+00:00,201,2150.925,
2026-09-08T19:29:56.214297+00:00,201,2346.234,
2026-09-08T19:29:57.755379+00:00,201,815.538,
2026-09-08T19:29:57.699450+00:00,201,877.119,
2026-09-08T19:29:57.614375+00:00,201,964.553,
2026-09-08T19:29:58.233600+00:00,201,353.775,
2026-09-08T19:29:58.027112+00:00,201,564.859,
2026-09-08T19:29:54.340823+00:00,201,4273.832,
2026-09-08T19:29:54.007367+00:00,201,4633.732,
2026-09-08T19:29:54.794829+00:00,201,3852.749,
2026-09-08T19:29:54.439680+00:00,201,4229.222,
2026-09-08T19:29:57.138951+00:00,201,1535.5,
2026-09-08T19:29:54.933057+00:00,201,3748.271,
2026-09-08T19:29:58.516069+00:00,201,177.733,
2026-09-08T19:29:57.339353+00:00,201,1375.582,
2026-09-08T19:29:54.729776+00:00,201,4004.41,
2026-09-08T19:29:54.853623+00:00,201,3884.182,
2026-09-08T19:29:58.560540+00:00,201,194.976,
2026-09-08T19:29:57.062733+00:00,201,1698.947,
2026-09-08T19:29:51.485883+00:00,201,7280.834,
2026-09-08T19:29:57.671821+00:00,201,1101.021,
2026-09-08T19:29:56.946153+00:00,201,1847.242,
2026-09-08T19:29:54.982132+00:00,201,3820.924,
2026-09-08T19:29:55.842109+00:00,201,2965.438,
2026-09-08T19:29:49.993410+00:00,201,8824.978,
2026-09-08T19:29:58.641112+00:00,201,187.982,
2026-09-08T19:29:56.201670+00:00,201,2655.783,
2026-09-08T19:29:57.309656+00:00,201,1553.696,
2026-09-08T19:29:55.429949+00:00,201,3443.759,
2026-09-08T19:29:55.824315+00:00,201,3062.695,
2026-09-08T19:29:58.444005+00:00,201,452.015,
2026-09-08T19:29:58.714943+00:00,201,187.199,
2026-09-08T19:29:54.536803+00:00,201,4404.387,
2026-09-08T19:29:57.625013+00:00,201,1318.35,
2026-09-08T19:29:58.099516+00:00,201,851.532,
2026-09-08T19:29:57.324150+00:00,201,1659.225,
2026-09-08T19:29:55.377404+00:00,201,3622.392,
2026-09-08T19:29:55.163950+00:00,201,3856.112,
2026-09-08T19:29:58.322417+00:00,201,701.589,
2026-09-08T19:29:58.297024+00:00,201,738.939,
2026-09-08T19:29:55.820484+00:00,201,3228.217,
2026-09-08T19:29:57.211039+00:00,201,1852.365,
2026-09-08T19:29:57.128432+00:00,201,1956.732,
2026-09-08T19:29:56.144894+00:00,201,2943.318,
2026-09-08T19:29:54.877166+00:00,201,4224.918,
2026-09-08T19:29:57.104411+00:00,201,2003.112,
2026-09-08T19:29:56.394200+00:00,201,2725.271,
2026-09-08T19:29:58.922674+00:00,201,202.97,
2026-09-08T19:29:52.873127+00:00,201,6277.447,
2026-09-08T19:29:54.230951+00:00,201,4930.729,
2026-09-08T19:29:56.712251+00:00,201,2459.644,
2026-09-08T19:29:57.335037+00:00,201,1842.256,
2026-09-08T19:29:56.329212+00:00,201,2852.647,
2026-09-08T19:29:58.080988+00:00,201,1104.344,
2026-09-08T19:29:57.907173+00:00,201,1322.83,
2026-09-08T19:29:56.531108+00:00,201,2703.705,
2026-09-08T19:29:53.260604+00:00,201,5983.836,
2026-09-08T19:29:56.869503+00:00,201,2376.963,
2026-09-08T19:29:58.495861+00:00,201,758.453,
2026-09-08T19:29:52.972810+00:00,201,6296.169,
2026-09-08T19:29:57.531237+00:00,201,1740.87,
2026-09-08T19:29:58.829100+00:00,201,468.094,
2026-09-08T19:29:56.373462+00:00,201,2929.549,
2026-09-08T19:29:56.803624+00:00,201,2504.299,
2026-09-08T19:29:55.986129+00:00,201,3335.545,
2026-09-08T19:29:57.523550+00:00,201,1800.524,
2026-09-08T19:29:53.670409+00:00,201,5730.159,
2026-09-08T19:29:58.376767+00:00,201,1027.133,
2026-09-08T19:29:56.987953+00:00,201,2418.912,
2026-09-08T19:29:53.178320+00:00,201,6234.36,
2026-09-08T19:29:55.230884+00:00,201,4188.046,
2026-09-08T19:29:55.991386+00:00,201,3431.428,
2026-09-08T19:29:59.230011+00:00,201,202.155,
2026-09-08T19:29:49.410061+00:00,201,10026.012,
2026-09-08T19:29:55.932562+00:00,201,3533.195,
2026-09-08T19:29:52.918895+00:00,201,6548.766,
2026-09-08T19:29:55.399462+00:00,201,4077.724,
2026-09-08T19:29:58.793403+00:00,201,685.732,
2026-09-08T19:29:59.297201+00:00,201,183.997,
2026-09-08T19:29:57.267242+00:00,201,2221.354,
2026-09-08T19:29:56.739814+00:00,201,2766.072,
2026-09-08T19:29:56.196849+00:00,201,3313.45,
2026-09-08T19:29:53.394850+00:00,201,6140.012,
2026-09-08T19:29:59.344652+00:00,201,198.254,
2026-09-08T19:29:55.992858+00:00,201,3567.53,
2026-09-08T19:29:58.346258+00:00,201,1219.212,
2026-09-08T19:29:52.385943+00:00,201,7184.573,
2026-09-08T19:29:58.476547+00:00,201,1102.39,
2026-09-08T19:29:56.533859+00:00,201,3056.353,
2026-09-08T19:29:58.863358+00:00,201,739.345,
2026-09-08T19:29:58.135440+00:00,201,1482.061,
2026-09-08T19:29:55.382789+00:00,201,4242.041,
2026-09-08T19:29:56.589924+00:00,201,3039.295,
2026-09-08T19:29:59.063413+00:00,201,570.141,
2026-09-08T19:29:57.433414+00:00,201,2207.779,
2026-09-08T19:29:51.355063+00:00,201,8300.205,
2026-09-08T19:29:58.761687+00:00,201,907.759,
2026-09-08T19:29:59.503515+00:00,201,171.194,
2026-09-08T19:29:58.591977+00:00,201,1089.726,
2026-09-08T19:29:54.550609+00:00,201,5172.905,
2026-09-08T19:29:59.534876+00:00,201,199.984,
2026-09-08T19:29:58.250239+00:00,201,1492.944,
2026-09-08T19:29:58.063716+00:00,201,1728.439,
2026-09-08T19:29:52.571551+00:00,201,7246.007,
2026-09-08T19:29:53.822169+00:00,201,5998.605,
2026-09-08T19:29:57.656705+00:00,201,2167.248,
2026-09-08T19:29:55.449357+00:00,201,4394.111,
2026-09-08T19:29:53.773554+00:00,201,6077.386,
2026-09-08T19:29:55.156149+00:00,201,4722.887,
2026-09-08T19:29:59.150588+00:00,201,735.402,
2026-09-08T19:29:55.130472+00:00,201,4774.667,
2026-09-08T19:29:59.542913+00:00,201,372.353,
2026-09-08T19:29:52.196033+00:00,201,7734.433,
2026-09-08T19:29:54.450283+00:00,201,5482.282,
2026-09-08T19:29:55.208764+00:00,201,4731.99,
2026-09-08T19:29:58.734197+00:00,201,1208.686,
2026-09-08T19:29:59.208018+00:00,201,739.063,
2026-09-08T19:29:58.429402+00:00,201,1535.635,
2026-09-08T19:29:55.283955+00:00,201,4683.28,
2026-09-08T19:29:58.420899+00:00,201,1556.806,
2026-09-08T19:29:55.689183+00:00,201,4291.666,
2026-09-08T19:29:58.668917+00:00,201,1315.438,
2026-09-08T19:29:55.970308+00:00,201,4023.187,
2026-09-08T19:29:59.823963+00:00,201,185.804,
2026-09-08T19:29:57.561235+00:00,201,2477.377,
2026-09-08T19:29:58.001725+00:00,201,2053.742,
2026-09-08T19:29:53.918119+00:00,201,6149.006,
2026-09-08T19:29:58.681341+00:00,201,1393.771,
2026-09-08T19:29:57.453333+00:00,201,2631.021,
2026-09-08T19:29:56.934693+00:00,201,3193.191,
2026-09-08T19:29:59.765747+00:00,201,365.872,
2026-09-08T19:29:57.476597+00:00,201,2667.598,
2026-09-08T19:29:59.965046+00:00,201,181.77,
2026-09-08T19:29:59.967247+00:00,201,198.557,
2026-09-08T19:29:50.677166+00:00,201,9505.433,
2026-09-08T19:29:58.903982+00:00,201,1290.117,
2026-09-08T19:29:56.089578+00:00,201,4112.578,
2026-09-08T19:29:57.803841+00:00,201,2405.912,
2026-09-08T19:29:58.860220+00:00,201,1352.4,
2026-09-08T19:29:58.061193+00:00,201,2182.885,
2026-09-08T19:29:58.803068+00:00,201,1474.675,
2026-09-08T19:29:56.595566+00:00,201,3684.535,
2026-09-08T19:29:56.924813+00:00,201,3364.792,
2026-09-08T19:29:55.601954+00:00,201,4690.963,
2026-09-08T19:29:56.383619+00:00,201,3913.788,
2026-09-08T19:29:58.370931+00:00,201,1978.662,
2026-09-08T19:29:56.541170+00:00,201,3817.804,
2026-09-08T19:29:56.858327+00:00,201,3503.669,
2026-09-08T19:29:54.692310+00:00,201,5679.618,
2026-09-08T19:29:59.565477+00:00,201,831.671,
2026-09-08T19:29:57.369635+00:00,201,3028.389,
2026-09-08T19:29:52.714775+00:00,201,7689.233,
2026-09-08T19:29:58.693809+00:00,201,1716.2,
2026-09-08T19:29:58.462308+00:00,201,1950.426,
2026-09-08T19:29:57.178843+00:00,201,3241.954,
2026-09-08T19:29:59.244453+00:00,201,1184.66,
2026-09-08T19:29:56.692366+00:00,201,3740.994,
2026-09-08T19:29:56.095811+00:00,201,4345.157,
2026-09-08T19:29:58.317482+00:00,201,2129.805,
2026-09-08T19:29:59.641202+00:00,201,808.384,
2026-09-08T19:29:55.698217+00:00,201,4755.702,
2026-09-08T19:30:00.185611+00:00,201,271.85,
2026-09-08T19:29:53.965534+00:00,201,6492.695,
2026-09-08T19:29:58.407594+00:00,201,2055.541,
2026-09-08T19:29:53.021694+00:00,201,7446.172,
2026-09-08T19:29:56.833627+00:00,201,3638.178,
2026-09-08T19:29:59.467678+00:00,201,1009.083,
2026-09-08T19:29:55.968510+00:00,201,4510.81,
2026-09-08T19:30:00.398033+00:00,201,91.446,
2026-09-08T19:29:59.734866+00:00,201,759.558,
2026-09-08T19:29:53.804270+00:00,201,6692.511,
2026-09-08T19:29:56.948367+00:00,201,3552.629,
2026-09-08T19:29:55.297853+00:00,201,5208.95,
2026-09-08T19:30:00.009772+00:00,201,498.403,
2026-09-08T19:30:00.440981+00:00,201,68.295,
2026-09-08T19:29:55.919798+00:00,201,4596.991,
2026-09-08T19:29:53.151527+00:00,201,7367.641,
2026-09-08T19:29:58.839437+00:00,201,1680.879,
2026-09-08T19:30:00.457466+00:00,201,63.592,
2026-09-08T19:30:00.463144+00:00,201,65.173,
2026-09-08T19:29:57.619710+00:00,201,2910.257,
2026-09-08T19:29:58.951059+00:00,201,1582.015,
2026-09-08T19:29:57.733432+00:00,201,2800.258,
2026-09-08T19:29:54.861210+00:00,201,5681.1,
2026-09-08T19:29:56.336155+00:00,201,4214.913,
2026-09-08T19:29:57.361047+00:00,201,3190.686,
2026-09-08T19:29:58.902148+00:00,201,1652.68,
2026-09-08T19:29:56.218683+00:00,201,4338.059,
2026-09-08T19:29:53.096226+00:00,201,7461.142,
2026-09-08T19:29:59.298629+00:00,201,1265.361,
2026-09-08T19:29:55.288173+00:00,201,5277.985,
2026-09-08T19:29:57.073498+00:00,201,3493.237,
2026-09-08T19:29:58.029388+00:00,201,2542.925,
2026-09-08T19:29:54.695414+00:00,201,5879.017,
2026-09-08T19:29:59.104896+00:00,201,1471.632,
2026-09-08T19:29:54.094033+00:00,201,6485.171,
2026-09-08T19:29:59.406874+00:00,201,1175.523,
2026-09-08T19:29:56.786561+00:00,201,3797.575,
2026-09-08T19:29:56.690153+00:00,201,3897.509,
2026-09-08T19:29:58.943369+00:00,201,1645.541,
2026-09-08T19:30:00.529976+00:00,201,60.617,
2026-09-08T19:29:58.202044+00:00,201,2390.438,
2026-09-08T19:29:56.307988+00:00,201,4286.341,
2026-09-08T19:29:58.125861+00:00,201,2473.958,
2026-09-08T19:29:59.633559+00:00,201,971.986,
2026-09-08T19:29:58.174255+00:00,201,2434.628,
2026-09-08T19:30:00.554835+00:00,201,60.894,
2026-09-08T19:29:55.378387+00:00,201,5244.979,
2026-09-08T19:29:55.272572+00:00,201,5354.069,
2026-09-08T19:29:55.158992+00:00,201,5474.23,
2026-09-08T19:29:56.157781+00:00,201,4476.337,
2026-09-08T19:29:56.599778+00:00,201,4036.873,
2026-09-08T19:29:59.171903+00:00,201,1465.367,
2026-09-08T19:29:58.576575+00:00,201,2062.124,
2026-09-08T19:29:59.817576+00:00,201,824.756,
2026-09-08T19:29:59.161695+00:00,201,1486.334,
2026-09-08T19:29:58.674459+00:00,201,1978.102,
2026-09-08T19:29:56.553144+00:00,201,4102.055,
2026-09-08T19:29:53.643577+00:00,201,7016.352,
2026-09-08T19:29:58.172616+00:00,201,2492.364,
2026-09-08T19:30:00.347586+00:00,201,318.974,
2026-09-08T19:29:57.831549+00:00,201,2837.857,
2026-09-08T19:29:54.559046+00:00,201,6114.738,
2026-09-08T19:29:59.926361+00:00,201,750.322,
2026-09-08T19:30:00.035545+00:00,201,642.921,
2026-09-08T19:29:57.284830+00:00,201,3395.667,
2026-09-08T19:29:53.468144+00:00,201,7213.018,
2026-09-08T19:29:57.083248+00:00,201,3603.482,
2026-09-08T19:29:57.208551+00:00,201,3483.994,
2026-09-08T19:29:56.291051+00:00,201,4403.592,
2026-09-08T19:29:59.432173+00:00,201,1263.019,
2026-09-08T19:29:54.567330+00:00,201,6131.769,
2026-09-08T19:29:57.581128+00:00,201,3122.573,
2026-09-08T19:30:00.648037+00:00,201,65.932,
2026-09-08T19:29:54.134166+00:00,201,6585.377,
2026-09-08T19:29:52.675941+00:00,201,8045.794,
2026-09-08T19:29:59.107533+00:00,201,1615.058,
2026-09-08T19:29:57.928096+00:00,201,2798.536,
2026-09-08T19:30:00.458247+00:00,201,272.296,
2026-09-08T19:30:00.412744+00:00,201,321.799,
2026-09-08T19:29:59.436094+00:00,201,1299.068,
2026-09-08T19:29:54.699950+00:00,201,6037.004,
2026-09-08T19:29:59.144476+00:00,201,1598.32,
2026-09-08T19:30:00.623379+00:00,201,129.653,
2026-09-08T19:29:58.464501+00:00,201,2290.182,
2026-09-08T19:30:00.557388+00:00,201,197.917,
2026-09-08T19:29:57.636952+00:00,201,3123.153,
2026-09-08T19:29:57.473451+00:00,201,3296.456,
2026-09-08T19:30:00.358984+00:00,201,413.219,
2026-09-08T19:29:59.246476+00:00,201,1527.78,
2026-09-08T19:29:53.953139+00:00,201,6824.09,
2026-09-08T19:29:58.356700+00:00,201,2426.602,
2026-09-08T19:29:59.125650+00:00,201,1659.383,
2026-09-08T19:29:58.737820+00:00,201,2059.026,
2026-09-08T19:29:53.719740+00:00,201,7078.776,
2026-09-08T19:29:55.436688+00:00,201,5373.141,
2026-09-08T19:29:55.886213+00:00,201,4924.957,
2026-09-08T19:29:55.098741+00:00,201,5713.724,
2026-09-08T19:29:59.629229+00:00,201,1183.836,
2026-09-08T19:29:59.422824+00:00,201,1393.034,
2026-09-08T19:29:59.850954+00:00,201,973.214,
2026-09-08T19:29:57.768369+00:00,201,3056.92,
2026-09-08T19:29:57.514037+00:00,201,3312.091,
2026-09-08T19:29:57.188878+00:00,201,3642.35,
2026-09-08T19:30:00.280111+00:00,201,552.395,
2026-09-08T19:29:55.027620+00:00,201,5807.146,
2026-09-08T19:29:59.994819+00:00,201,840.654,
2026-09-08T19:30:00.449593+00:00,201,394.454,
2026-09-08T19:30:00.067140+00:00,201,781.811,
2026-09-08T19:29:55.862156+00:00,201,4988.104,
2026-09-08T19:30:00.209767+00:00,201,645.782,
2026-09-08T19:29:57.854269+00:00,201,3012.402,
2026-09-08T19:30:00.713978+00:00,201,159.411,
2026-09-08T19:29:54.306683+00:00,201,6568.792,
2026-09-08T19:29:57.537696+00:00,201,3344.75,
2026-09-08T19:30:00.796854+00:00,201,87.048,
2026-09-08T19:30:00.809843+00:00,201,78.207,
2026-09-08T19:29:57.943108+00:00,201,2950.106,
2026-09-08T19:29:59.578943+00:00,201,1326.589,
2026-09-08T19:30:00.692558+00:00,201,213.743,
2026-09-08T19:29:56.835856+00:00,201,4082.388,
2026-09-08T19:30:00.494434+00:00,201,428.236,
2026-09-08T19:29:59.488606+00:00,201,1434.843,
2026-09-08T19:30:00.146822+00:00,201,777.429,
2026-09-08T19:29:57.596391+00:00,201,3330.626,
2026-09-08T19:30:00.349601+00:00,201,579.963,
2026-09-08T19:29:52.862372+00:00,201,8068.092,
2026-09-08T19:29:55.227047+00:00,201,5704.423,
2026-09-08T19:29:59.479140+00:00,201,1453.425,
2026-09-08T19:29:52.359389+00:00,201,8574.252,
2026-09-08T19:29:51.621454+00:00,201,9313.251,
2026-09-08T19:29:58.474973+00:00,201,2460.771,
2026-09-08T19:29:55.743018+00:00,201,5203.145,
2026-09-08T19:29:59.676054+00:00,201,1278.733,
2026-09-08T19:30:00.703712+00:00,201,259.852,
2026-09-08T19:29:59.560399+00:00,201,1404.12,
2026-09-08T19:29:49.992101+00:00,201,10973.376,
2026-09-08T19:29:58.021502+00:00,201,2945.021,
2026-09-08T19:29:51.911661+00:00,201,9055.914,
2026-09-08T19:29:57.934195+00:00,201,3034.534,
2026-09-08T19:29:54.107478+00:00,201,6862.401,
2026-09-08T19:29:58.111978+00:00,201,2859.075,
2026-09-08T19:29:56.189735+00:00,201,4782.542,
2026-09-08T19:30:00.362005+00:00,201,611.635,
2026-09-08T19:29:57.048177+00:00,201,3927.131,
2026-09-08T19:29:58.549948+00:00,201,2434.41,
2026-09-08T19:29:59.942890+00:00,201,1047.021,
2026-09-08T19:29:58.520870+00:00,201,2480.509,
2026-09-08T19:29:53.332691+00:00,201,7672.035,
2026-09-08T19:29:55.749969+00:00,201,5265.174,
2026-09-08T19:30:00.694659+00:00,201,326.733,
2026-09-08T19:29:58.105350+00:00,201,2922.003,
2026-09-08T19:29:56.028908+00:00,201,5004.917,
2026-09-08T19:30:00.638706+00:00,201,417.785,
2026-09-08T19:29:55.803391+00:00,201,5259.724,
2026-09-08T19:30:00.905541+00:00,201,159.098,
2026-09-08T19:30:00.918256+00:00,201,164.437,
2026-09-08T19:29:55.005475+00:00,201,6105.174,
2026-09-08T19:29:59.366446+00:00,201,1746.855,
2026-09-08T19:30:00.244088+00:00,201,874.158,
2026-09-08T19:29:55.755082+00:00,201,5368.761,
2026-09-08T19:29:59.418942+00:00,201,1720.253,
2026-09-08T19:30:00.989917+00:00,201,168.296,
2026-09-08T19:30:00.678475+00:00,201,488.096,
2026-09-08T19:29:57.091378+00:00,201,4081.961,
2026-09-08T19:29:59.020075+00:00,201,2156.679,
2026-09-08T19:29:59.743191+00:00,201,1436.395,
2026-09-08T19:30:00.772208+00:00,201,413.783,
2026-09-08T19:30:01.021397+00:00,201,171.939,
2026-09-08T19:30:00.599828+00:00,201,602.402,
2026-09-08T19:29:59.505897+00:00,201,1702.905,
2026-09-08T19:29:56.438778+00:00,201,4780.805,
2026-09-08T19:29:55.925761+00:00,201,5297.268,
2026-09-08T19:30:00.590599+00:00,201,633.883,
2026-09-08T19:29:59.321685+00:00,201,1904.324,
2026-09-08T19:29:55.860356+00:00,201,5367.163,
2026-09-08T19:29:55.172736+00:00,201,6056.366,
2026-09-08T19:29:52.070048+00:00,201,9161.021,
2026-09-08T19:29:59.745714+00:00,201,1487.461,
2026-09-08T19:29:54.002308+00:00,201,7232.722,
2026-09-08T19:30:00.587676+00:00,201,649.138,
2026-09-08T19:30:00.888058+00:00,201,356.07,
2026-09-08T19:29:57.964606+00:00,201,3284.849,
2026-09-08T19:30:01.056497+00:00,201,196.062,
2026-09-08T19:29:59.827201+00:00,201,1430.329,
2026-09-08T19:30:00.528323+00:00,201,735.341,
2026-09-08T19:29:56.583909+00:00,201,4681.777,
2026-09-08T19:30:00.506816+00:00,201,768.547,
2026-09-08T19:29:58.192557+00:00,201,3085.816,
2026-09-08T19:29:55.103666+00:00,201,6186.977,
2026-09-08T19:29:57.676794+00:00,201,3640.953,
2026-09-08T19:29:56.033924+00:00,201,5292.212,
2026-09-08T19:29:58.546796+00:00,201,2782.328,
2026-09-08T19:29:57.770526+00:00,201,3570.066,
2026-09-08T19:29:57.811547+00:00,201,3540.465,
2026-09-08T19:29:57.585797+00:00,201,3770.018,
2026-09-08T19:30:00.642341+00:00,201,746.851,
2026-09-08T19:29:55.282122+00:00,201,6115.429,
2026-09-08T19:29:55.314857+00:00,201,6098.468,
2026-09-08T19:29:55.146941+00:00,201,6275.699,
2026-09-08T19:29:59.570533+00:00,201,1854.181,
2026-09-08T19:30:00.404026+00:00,201,1025.547,
2026-09-08T19:30:00.721754+00:00,201,744.021,
2026-09-08T19:29:55.360522+00:00,201,6111.688,
2026-09-08T19:30:00.893230+00:00,201,584.6,
2026-09-08T19:29:55.521543+00:00,201,5961.076,
2026-09-08T19:30:00.608893+00:00,201,882.282,
2026-09-08T19:29:55.154171+00:00,201,6349.572,
2026-09-08T19:29:53.412692+00:00,201,8094.132,
2026-09-08T19:29:52.730277+00:00,201,8793.789,
2026-09-08T19:30:00.695606+00:00,201,846.307,
2026-09-08T19:29:52.671852+00:00,201,8882.067,
2026-09-08T19:30:00.658630+00:00,201,897.439,
2026-09-08T19:30:01.355825+00:00,201,205.359,
2026-09-08T19:30:00.038621+00:00,201,1540.223,
2026-09-08T19:29:55.424697+00:00,201,6160.21,
2026-09-08T19:30:01.397567+00:00,201,205.596,
2026-09-08T19:29:57.938226+00:00,201,3683.064,
2026-09-08T19:30:00.429121+00:00,201,1198.286,
2026-09-08T19:30:00.496794+00:00,201,1133.65,
2026-09-08T19:29:59.231805+00:00,201,2410.898,
2026-09-08T19:30:01.447057+00:00,201,204.271,
2026-09-08T19:29:58.383614+00:00,201,3271.303,
2026-09-08T19:30:00.824175+00:00,201,834.536,
2026-09-08T19:29:57.075895+00:00,201,4598.463,
2026-09-08T19:29:56.614503+00:00,201,5067.198,
2026-09-08T19:29:55.089621+00:00,201,6603.57,
2026-09-08T19:29:58.015143+00:00,201,3694.069,
2026-09-08T19:30:01.503761+00:00,201,207.406,
2026-09-08T19:30:00.533083+00:00,201,1192.527,
2026-09-08T19:29:57.332907+00:00,201,4394.982,
2026-09-08T19:30:00.669417+00:00,201,1087.731,
2026-09-08T19:29:57.590354+00:00,201,4169.913,
2026-09-08T19:29:54.501714+00:00,201,7281.181,
2026-09-08T19:30:00.425476+00:00,201,1367.685,
2026-09-08T19:30:00.277752+00:00,201,1521.938,
2026-09-08T19:29:56.919439+00:00,201,4884.99,
2026-09-08T19:30:01.265698+00:00,201,575.556,
2026-09-08T19:30:00.533698+00:00,201,1314.361,
2026-09-08T19:29:56.495077+00:00,201,5355.894,
2026-09-08T19:29:54.480598+00:00,201,7389.677,
2026-09-08T19:29:58.887020+00:00,201,2997.725,
2026-09-08T19:30:00.509283+00:00,201,1380.331,
2026-09-08T19:29:57.363397+00:00,201,4543.864,
2026-09-08T19:30:00.855559+00:00,201,1053.68,
2026-09-08T19:30:01.252568+00:00,201,669.359,
2026-09-08T19:29:58.294218+00:00,201,3632.57,
2026-09-08T19:29:58.967973+00:00,201,2989.099,
2026-09-08T19:30:00.584151+00:00,201,1381.112,
2026-09-08T19:29:54.834478+00:00,201,7144.366,
2026-09-08T19:30:01.782910+00:00,201,200.006,
2026-09-08T19:29:58.647590+00:00,201,3372.644,
2026-09-08T19:30:01.826669+00:00,201,200.045,
2026-09-08T19:30:00.798533+00:00,201,1236.806,
2026-09-08T19:30:00.968737+00:00,201,1094.446,
2026-09-08T19:30:00.954794+00:00,201,1113.459,
2026-09-08T19:30:00.754693+00:00,201,1315.477,
2026-09-08T19:29:57.328742+00:00,201,4751.453,
2026-09-08T19:29:56.331325+00:00,201,5759.249,
2026-09-08T19:29:50.637141+00:00,201,11456.669,
2026-09-08T19:29:57.843832+00:00,201,4252.832,
2026-09-08T19:30:01.921932+00:00,201,176.738,
2026-09-08T19:29:52.863648+00:00,201,9253.33,
2026-09-08T19:30:01.113309+00:00,201,1012.236,
2026-09-08T19:30:00.785039+00:00,201,1344.267,
2026-09-08T19:30:00.924260+00:00,201,1213.645,
2026-09-08T19:29:59.477201+00:00,201,2668.684,
2026-09-08T19:29:58.493430+00:00,201,3658.813,
2026-09-08T19:29:54.673540+00:00,201,7480.908,
2026-09-08T19:30:00.551745+00:00,201,1648.243,
2026-09-08T19:30:00.572321+00:00,201,1631.426,
2026-09-08T19:29:54.605513+00:00,201,7616.503,
2026-09-08T19:29:54.703328+00:00,201,7523.275,
2026-09-08T19:30:01.033837+00:00,201,1221.921,
2026-09-08T19:30:01.606046+00:00,201,659.295,
2026-09-08T19:29:53.428921+00:00,201,8859.998,
2026-09-08T19:29:52.885765+00:00,201,9408.303,
2026-09-08T19:29:52.772943+00:00,201,9524.305,
2026-09-08T19:30:01.472229+00:00,201,839.658,
2026-09-08T19:29:59.905154+00:00,201,2417.761,
2026-09-08T19:30:00.521065+00:00,201,1824.658,
2026-09-08T19:30:01.166579+00:00,201,1197.795,
2026-09-08T19:29:57.052025+00:00,201,5337.821,
2026-09-08T19:29:59.915273+00:00,201,2479.75,
2026-09-08T19:29:55.616531+00:00,201,6783.759,
2026-09-08T19:30:00.906309+00:00,201,1514.423,
2026-09-08T19:30:01.848065+00:00,201,576.722,
2026-09-08T19:29:55.134038+00:00,201,7295.595,
2026-09-08T19:30:01.193342+00:00,201,1256.999,
2026-09-08T19:29:59.037708+00:00,201,3414.515,
2026-09-08T19:30:02.288937+00:00,201,165.21,
2026-09-08T19:29:59.863540+00:00,201,2608.367,
2026-09-08T19:29:54.405469+00:00,201,8090.285,
2026-09-08T19:30:01.870292+00:00,201,632.563,
2026-09-08T19:30:00.930482+00:00,201,1576.937,
2026-09-08T19:30:00.127896+00:00,201,2381.693,
2026-09-08T19:29:55.734825+00:00,201,6783.951,
2026-09-08T19:30:00.993790+00:00,201,1533.766,
2026-09-08T19:29:58.539365+00:00,201,4011.675,
2026-09-08T19:30:00.777246+00:00,201,1786.608,
2026-09-08T19:30:01.226017+00:00,201,1340.759,
2026-09-08T19:30:01.482632+00:00,201,1094.069,
2026-09-08T19:30:00.844053+00:00,201,1757.376,
2026-09-08T19:29:59.525129+00:00,201,3096.322,
2026-09-08T19:30:01.164992+00:00,201,1460.246,
2026-09-08T19:29:57.520256+00:00,201,5121.464,
2026-09-08T19:30:02.450350+00:00,201,197.392,
2026-09-08T19:30:02.495772+00:00,201,174.223,
2026-09-08T19:29:59.324081+00:00,201,3391.014,
2026-09-08T19:30:00.875489+00:00,201,1848.171,
2026-09-08T19:30:01.799702+00:00,201,935.159,
2026-09-08T19:29:54.146687+00:00,201,8596.091,
2026-09-08T19:29:59.465766+00:00,201,3281.869,
2026-09-08T19:29:59.303023+00:00,201,3447.506,
2026-09-08T19:30:00.391008+00:00,201,2362.43,
2026-09-08T19:30:00.292928+00:00,201,2477.838,
2026-09-08T19:29:56.165057+00:00,201,6621.074,
2026-09-08T19:29:57.796815+00:00,201,4993.0,
2026-09-08T19:30:01.082704+00:00,201,1715.406,
2026-09-08T19:30:01.275371+00:00,201,1558.651,
2026-09-08T19:30:00.984367+00:00,201,1858.165,
2026-09-08T19:30:02.203755+00:00,201,640.75,
2026-09-08T19:29:59.669453+00:00,201,3177.009,
2026-09-08T19:29:59.048710+00:00,201,3803.544,
2026-09-08T19:30:02.670003+00:00,201,198.586,
2026-09-08T19:29:57.896248+00:00,201,4993.879,
2026-09-08T19:29:51.067866+00:00,201,11827.736,
2026-09-08T19:30:02.154465+00:00,201,785.543,
2026-09-08T19:30:01.185997+00:00,201,1756.743,
2026-09-08T19:29:59.635110+00:00,201,3323.28,
2026-09-08T19:30:01.465782+00:00,201,1497.296,
2026-09-08T19:30:00.760116+00:00,201,2205.941,
2026-09-08T19:30:02.072513+00:00,201,899.943,
2026-09-08T19:30:01.227534+00:00,201,1766.959,
2026-09-08T19:29:58.614683+00:00,201,4390.875,
2026-09-08T19:30:02.834032+00:00,201,179.754,
2026-09-08T19:29:56.367223+00:00,201,6650.245,
2026-09-08T19:29:56.025806+00:00,201,6998.006,
2026-09-08T19:30:00.850273+00:00,201,2205.441,
2026-09-08T19:29:59.610142+00:00,201,3451.243,
2026-09-08T19:30:01.119733+00:00,201,1947.217,
2026-09-08T19:30:00.297418+00:00,201,2771.51,
2026-09-08T19:30:02.890141+00:00,201,181.091,
2026-09-08T19:30:02.895624+00:00,201,181.863,
2026-09-08T19:30:01.309907+00:00,201,1780.765,
2026-09-08T19:30:02.561903+00:00,201,533.189,
2026-09-08T19:30:00.636662+00:00,201,2474.308,
2026-09-08T19:30:00.935752+00:00,201,2178.154,
2026-09-08T19:29:58.983383+00:00,201,4152.121,
2026-09-08T19:30:00.148617+00:00,201,3022.102,
2026-09-08T19:30:01.961820+00:00,201,1218.661,
2026-09-08T19:30:01.709225+00:00,201,1502.799,
2026-09-08T19:29:57.887546+00:00,201,5335.043,
2026-09-08T19:30:00.055478+00:00,201,3175.552,
2026-09-08T19:29:59.119480+00:00,201,4118.246,
2026-09-08T19:30:01.693207+00:00,201,1552.229,
2026-09-08T19:29:57.109131+00:00,201,6142.022,
2026-09-08T19:29:56.707373+00:00,201,6545.838,
2026-09-08T19:30:00.299946+00:00,201,2963.292,
2026-09-08T19:30:01.287917+00:00,201,1985.524,
2026-09-08T19:29:55.778164+00:00,201,7504.933,
2026-09-08T19:30:02.138976+00:00,201,1150.909,
2026-09-08T19:30:02.539601+00:00,201,778.681,
2026-09-08T19:29:58.772849+00:00,201,4555.934,
2026-09-08T19:30:02.395032+00:00,201,941.894,
2026-09-08T19:29:58.807556+00:00,201,4552.529,
2026-09-08T19:30:03.170728+00:00,201,196.511,
2026-09-08T19:30:00.576537+00:00,201,2817.764,
2026-09-08T19:30:00.373396+00:00,201,3024.031,
2026-09-08T19:29:59.681710+00:00,201,3730.306,
2026-09-08T19:30:00.964527+00:00,201,2467.185,
2026-09-08T19:29:57.264788+00:00,201,6171.523,
2026-09-08T19:30:02.125552+00:00,201,1316.226,
2026-09-08T19:30:01.332894+00:00,201,2115.242,
2026-09-08T19:30:02.265347+00:00,201,1185.943,
2026-09-08T19:29:58.999806+00:00,201,4459.337,
2026-09-08T19:30:00.655211+00:00,201,2820.163,
2026-09-08T19:30:00.963570+00:00,201,2522.155,
2026-09-08T19:30:00.722597+00:00,201,2776.246,
2026-09-08T19:30:01.978860+00:00,201,1554.642,
2026-09-08T19:29:56.569141+00:00,201,6970.754,
2026-09-08T19:30:02.313048+00:00,201,1228.776,
2026-09-08T19:30:00.835479+00:00,201,2716.032,
2026-09-08T19:30:00.742804+00:00,201,2810.631,
2026-09-08T19:29:56.829528+00:00,201,6742.142,
2026-09-08T19:30:00.566171+00:00,201,3032.246,
2026-09-08T19:29:52.461231+00:00,201,11140.006,
2026-09-08T19:30:02.297272+00:00,201,1370.335,
2026-09-08T19:29:57.963070+00:00,201,5707.318,
2026-09-08T19:29:53.543547+00:00,201,10132.24,
2026-09-08T19:29:58.390594+00:00,201,5290.771,
2026-09-08T19:30:00.695198+00:00,201,2993.742,
2026-09-08T19:30:00.830026+00:00,201,2866.818,
2026-09-08T19:30:00.551082+00:00,201,3153.128,
2026-09-08T19:30:02.004056+00:00,201,1702.093,
2026-09-08T19:29:58.795357+00:00,201,4924.423,
2026-09-08T19:29:53.025772+00:00,201,10711.549,
2026-09-08T19:30:02.229079+00:00,201,1522.928,
2026-09-08T19:30:00.588918+00:00,201,3187.449,
2026-09-08T19:30:00.461151+00:00,201,3319.414,
2026-09-08T19:30:01.290657+00:00,201,2499.017,
2026-09-08T19:29:59.977713+00:00,201,3813.989,
2026-09-08T19:29:54.756234+00:00,201,9043.451,
2026-09-08T19:30:03.598427+00:00,201,203.442,
2026-09-08T19:30:00.866683+00:00,201,2937.365,
2026-09-08T19:29:55.589729+00:00,201,8224.741,
2026-09-08T19:29:54.482790+00:00,201,9345.193,
2026-09-08T19:29:58.362786+00:00,201,5486.654,
2026-09-08T19:30:03.273450+00:00,201,589.661,
2026-09-08T19:29:53.001302+00:00,201,10874.563,
2026-09-08T19:30:01.896952+00:00,201,2015.03,
2026-09-08T19:30:02.750539+00:00,201,1164.152,
2026-09-08T19:29:57.833943+00:00,201,6088.452,
2026-09-08T19:30:02.028207+00:00,201,1896.967,
2026-09-08T19:30:01.084593+00:00,201,2854.04,
2026-09-08T19:29:59.792164+00:00,201,4160.111,
2026-09-08T19:30:02.454153+00:00,201,1510.405,
2026-09-08T19:30:03.776377+00:00,201,190.041,
2026-09-08T19:30:02.452233+00:00,201,1523.503,
2026-09-08T19:29:59.510308+00:00,201,4483.281,
2026-09-08T19:29:59.567215+00:00,201,4443.074,
2026-09-08T19:29:59.804156+00:00,201,4215.488,
2026-09-08T19:30:01.202239+00:00,201,2823.659,
2026-09-08T19:30:00.783311+00:00,201,3270.511,
2026-09-08T19:30:02.891940+00:00,201,1166.149,
2026-09-08T19:30:03.309425+00:00,201,785.793,
2026-09-08T19:29:57.838832+00:00,201,6263.219,
2026-09-08T19:30:02.137912+00:00,201,1981.387,
2026-09-08T19:30:01.674369+00:00,201,2448.529,
2026-09-08T19:29:56.134293+00:00,201,8008.891,
2026-09-08T19:29:55.341862+00:00,201,8803.428,
2026-09-08T19:30:02.096674+00:00,201,2068.884,
2026-09-08T19:30:02.432925+00:00,201,1750.395,
2026-09-08T19:30:02.566783+00:00,201,1631.457,
2026-09-08T19:30:00.931488+00:00,201,3270.711,
2026-09-08T19:29:55.206787+00:00,201,8997.789,
2026-09-08T19:30:00.615738+00:00,201,3594.225,
2026-09-08T19:30:00.166955+00:00,201,4068.148,
2026-09-08T19:30:02.786145+00:00,201,1454.866,
2026-09-08T19:30:00.719560+00:00,201,3524.879,
2026-09-08T19:29:55.376437+00:00,201,8874.244,
2026-09-08T19:29:55.632819+00:00,201,8622.77,
2026-09-08T19:30:04.053834+00:00,201,207.458,
2026-09-08T19:29:54.388620+00:00,201,9893.224,
2026-09-08T19:29:54.294133+00:00,201,9995.04,
2026-09-08T19:29:53.481202+00:00,201,10814.312,
2026-09-08T19:30:02.576706+00:00,201,1723.674,
2026-09-08T19:30:01.763335+00:00,201,2543.75,
2026-09-08T19:29:58.587383+00:00,201,5736.032,
2026-09-08T19:29:58.145912+00:00,201,6182.842,
2026-09-08T19:30:04.143202+00:00,201,188.773,
2026-09-08T19:30:01.257536+00:00,201,3103.63,
2026-09-08T19:29:58.046021+00:00,201,6385.544,
2026-09-08T19:29:59.940769+00:00,201,4494.812,
2026-09-08T19:30:00.433371+00:00,201,4008.482,
2026-09-08T19:30:01.179594+00:00,201,3269.696,
2026-09-08T19:29:54.169768+00:00,201,10288.4,
2026-09-08T19:30:00.726642+00:00,201,3747.493,
2026-09-08T19:30:02.870172+00:00,201,1627.074,
2026-09-08T19:29:56.416053+00:00,201,8083.048,
2026-09-08T19:30:01.173350+00:00,201,3353.853,
2026-09-08T19:30:02.868599+00:00,201,1660.648,
2026-09-08T19:29:57.014430+00:00,201,7524.63,
2026-09-08T19:30:03.925181+00:00,201,624.699,
2026-09-08T19:30:01.584920+00:00,201,2972.666,
2026-09-08T19:29:58.758331+00:00,201,5806.645,
2026-09-08T19:30:00.848961+00:00,201,3718.081,
2026-09-08T19:30:01.725617+00:00,201,2859.895,
2026-09-08T19:29:59.085172+00:00,201,5502.339,
2026-09-08T19:29:56.135506+00:00,201,8456.718,
2026-09-08T19:30:00.080369+00:00,201,4518.054,
2026-09-08T19:30:02.026720+00:00,201,2598.419,
2026-09-08T19:30:00.592491+00:00,201,4063.746,
2026-09-08T19:30:01.064649+00:00,201,3593.384,
2026-09-08T19:30:03.551520+00:00,201,1137.291,
2026-09-08T19:30:02.798120+00:00,201,1900.568,
2026-09-08T19:29:57.135567+00:00,201,7566.783,
2026-09-08T19:30:00.666568+00:00,201,4060.398,
2026-09-08T19:29:58.578936+00:00,201,6150.115,
2026-09-08T19:30:02.852265+00:00,201,1884.241,
2026-09-08T19:30:00.371945+00:00,201,4370.951,
2026-09-08T19:30:01.223041+00:00,201,3542.757,
2026-09-08T19:30:02.753450+00:00,201,2020.181,
2026-09-08T19:30:03.005570+00:00,201,1775.463,
2026-09-08T19:30:00.815864+00:00,201,3983.388,
2026-09-08T19:30:03.289891+00:00,201,1517.726,
2026-09-08T19:30:01.249464+00:00,201,3571.861,
2026-09-08T19:30:01.236821+00:00,201,3598.173,
2026-09-08T19:30:04.656250+00:00,201,181.461,
2026-09-08T19:30:02.476764+00:00,201,2369.171,
2026-09-08T19:30:04.658043+00:00,201,203.456,
2026-09-08T19:29:56.457819+00:00,201,8410.062,
2026-09-08T19:30:03.431720+00:00,201,1460.785,
2026-09-08T19:29:58.676074+00:00,201,6220.235,
2026-09-08T19:29:57.899044+00:00,201,7000.108,
2026-09-08T19:30:00.202168+00:00,201,4709.168,
2026-09-08T19:30:00.595039+00:00,201,4325.063,
2026-09-08T19:30:04.104544+00:00,201,824.731,
2026-09-08T19:30:02.982234+00:00,201,1952.157,
2026-09-08T19:30:04.080426+00:00,201,873.629,
2026-09-08T19:30:03.737341+00:00,201,1232.72,
2026-09-08T19:30:01.538114+00:00,201,3445.662,
2026-09-08T19:30:02.789828+00:00,201,2206.35,
2026-09-08T19:30:00.922680+00:00,201,4086.195,
2026-09-08T19:30:04.845944+00:00,201,183.194,
2026-09-08T19:30:04.835005+00:00,201,207.598,
2026-09-08T19:30:01.884756+00:00,201,3175.973,
2026-09-08T19:30:04.238311+00:00,201,827.733,
2026-09-08T19:29:54.050479+00:00,201,11017.932,
2026-09-08T19:29:59.902949+00:00,201,5178.601,
2026-09-08T19:29:56.484726+00:00,201,8600.804,
2026-09-08T19:29:53.549445+00:00,201,11540.273,
2026-09-08T19:30:04.295535+00:00,201,799.68,
2026-09-08T19:30:04.688817+00:00,201,410.482,
2026-09-08T19:29:56.819700+00:00,201,8341.761,
2026-09-08T19:29:58.340868+00:00,201,6825.159,
2026-09-08T19:30:00.966533+00:00,201,4241.892,
2026-09-08T19:29:51.952614+00:00,201,13257.828,
2026-09-08T19:29:53.014368+00:00,201,12200.06,
2026-09-08T19:29:59.947089+00:00,201,5277.224,
2026-09-08T19:30:01.004744+00:00,201,4222.878,
2026-09-08T19:29:54.646756+00:00,201,10587.608,
2026-09-08T19:30:03.068936+00:00,201,2168.51,
2026-09-08T19:30:03.732593+00:00,201,1509.75,
2026-09-08T19:30:01.651336+00:00,201,3609.403,
2026-09-08T19:30:01.942046+00:00,201,3332.066,
2026-09-08T19:29:55.009715+00:00,201,10282.398,
2026-09-08T19:30:04.264524+00:00,201,1036.095,
2026-09-08T19:29:57.949674+00:00,201,7395.469,
2026-09-08T19:30:05.099303+00:00,201,261.587,
2026-09-08T19:30:02.844512+00:00,201,2527.261,
2026-09-08T19:30:01.176762+00:00,201,4197.956,
2026-09-08T19:30:01.654927+00:00,201,3723.765,
2026-09-08T19:30:03.533510+00:00,201,1848.197,
2026-09-08T19:30:03.539910+00:00,201,1860.393,
2026-09-08T19:30:03.222604+00:00,201,2184.644,
2026-09-08T19:29:57.346889+00:00,201,8062.325,
2026-09-08T19:30:04.250699+00:00,201,1166.083,
2026-09-08T19:30:02.497022+00:00,201,2950.468,
2026-09-08T19:30:03.397439+00:00,201,2063.443,
2026-09-08T19:30:02.226619+00:00,201,3250.14,
2026-09-08T19:29:59.590222+00:00,201,5890.669,
2026-09-08T19:29:54.215132+00:00,201,11281.268,
2026-09-08T19:29:59.624842+00:00,201,5886.859,
2026-09-08T19:29:54.993915+00:00,201,10523.237,
2026-09-08T19:30:03.601261+00:00,201,1927.393,
2026-09-08T19:29:57.494821+00:00,201,8045.928,
2026-09-08T19:30:01.326151+00:00,201,4222.611,
2026-09-08T19:30:00.479332+00:00,201,5078.206,
2026-09-08T19:30:00.626659+00:00,201,4964.41,
2026-09-08T19:29:58.857463+00:00,201,6753.599,
2026-09-08T19:29:59.400585+00:00,201,6240.956,
2026-09-08T19:29:57.765741+00:00,201,7895.589,
2026-09-08T19:29:59.277741+00:00,201,6395.976,
2026-09-08T19:29:55.627718+00:00,201,10067.13,
2026-09-08T19:29:56.805828+00:00,201,8894.348,
2026-09-08T19:30:01.491181+00:00,201,4211.76,
2026-09-08T19:30:03.849453+00:00,201,1856.387,
2026-09-08T19:30:05.511715+00:00,201,199.983,
2026-09-08T19:30:04.765809+00:00,201,952.758,
2026-09-08T19:30:02.723671+00:00,201,3005.853,
2026-09-08T19:30:02.942746+00:00,201,2804.626,
2026-09-08T19:30:04.019660+00:00,201,1730.787,
2026-09-08T19:30:00.734549+00:00,201,5028.489,
2026-09-08T19:30:00.542325+00:00,201,5239.496,
2026-09-08T19:29:58.630624+00:00,201,7173.782,
2026-09-08T19:30:00.933660+00:00,201,4880.344,
2026-09-08T19:30:02.471917+00:00,201,3359.847,
2026-09-08T19:30:01.698604+00:00,201,4140.928,
2026-09-08T19:30:01.757156+00:00,201,4100.583,
2026-09-08T19:30:01.001388+00:00,201,4867.241,
2026-09-08T19:29:58.143364+00:00,201,7767.6,
2026-09-08T19:30:05.542400+00:00,201,373.658,
2026-09-08T19:30:03.055725+00:00,201,2866.131,
2026-09-08T19:30:03.667615+00:00,201,2257.453,
2026-09-08T19:29:57.069519+00:00,201,8869.259,
2026-09-08T19:30:04.592241+00:00,201,1354.072,
2026-09-08T19:29:53.733202+00:00,201,12215.429,
2026-09-08T19:30:05.334394+00:00,201,616.563,
2026-09-08T19:29:59.969245+00:00,201,5994.838,
2026-09-08T19:30:00.594342+00:00,201,5377.195,
2026-09-08T19:30:02.152254+00:00,201,3823.181,
2026-09-08T19:30:01.675871+00:00,201,4300.645,
2026-09-08T19:30:03.441786+00:00,201,2539.188,
2026-09-08T19:30:00.516806+00:00,201,5465.1,
2026-09-08T19:30:04.025908+00:00,201,1966.817,
2026-09-08T19:30:04.899167+00:00,201,1106.902,
2026-09-08T19:30:03.899734+00:00,201,2109.613,
2026-09-08T19:30:01.553943+00:00,201,4465.085,
2026-09-08T19:29:59.655289+00:00,201,6377.451,
2026-09-08T19:30:04.909423+00:00,201,1124.989,
2026-09-08T19:29:55.323963+00:00,201,10726.321,
2026-09-08T19:30:04.204596+00:00,201,1853.491,
2026-09-08T19:30:03.852226+00:00,201,2208.797,
2026-09-08T19:30:00.799172+00:00,201,5272.966,
2026-09-08T19:30:02.020245+00:00,201,4054.071,
2026-09-08T19:30:02.116997+00:00,201,3981.478,
2026-09-08T19:29:52.207634+00:00,201,13892.245,
2026-09-08T19:30:03.113914+00:00,201,2994.316,
2026-09-08T19:30:02.778464+00:00,201,3335.858,
2026-09-08T19:30:05.371782+00:00,201,748.441,
2026-09-08T19:30:00.831238+00:00,201,5293.714,
2026-09-08T19:30:01.389199+00:00,201,4736.878,
2026-09-08T19:30:03.914696+00:00,201,2214.943,
2026-09-08T19:30:01.909247+00:00,201,4229.13,
2026-09-08T19:30:03.367246+00:00,201,2776.704,
2026-09-08T19:29:53.760960+00:00,201,12386.09,
2026-09-08T19:30:00.753041+00:00,201,5402.147,
2026-09-08T19:30:00.755312+00:00,201,5408.77,
2026-09-08T19:30:05.234387+00:00,201,932.34,
2026-09-08T19:30:03.451298+00:00,201,2719.97,
2026-09-08T19:30:06.058095+00:00,201,122.176,
2026-09-08T19:30:03.066958+00:00,201,3128.107,
2026-09-08T19:30:00.582403+00:00,201,5617.527,
2026-09-08T19:30:04.095229+00:00,201,2111.052,
2026-09-08T19:30:00.194106+00:00,201,6018.076,
2026-09-08T19:30:02.080205+00:00,201,4151.52,
2026-09-08T19:30:04.932419+00:00,201,1301.081,
2026-09-08T19:29:55.174121+00:00,201,11061.488,
2026-09-08T19:29:54.904964+00:00,201,11332.99,
2026-09-08T19:30:05.400312+00:00,201,840.252,
2026-09-08T19:30:04.390186+00:00,201,1854.201,
2026-09-08T19:30:01.375921+00:00,201,4869.595,
2026-09-08T19:30:03.023830+00:00,201,3223.297,
2026-09-08T19:29:59.930482+00:00,201,6317.674,
2026-09-08T19:30:06.143959+00:00,201,108.379,
2026-09-08T19:29:53.576664+00:00,201,12682.82,
2026-09-08T19:29:51.513256+00:00,201,14750.889,
2026-09-08T19:30:05.480907+00:00,201,787.024,
2026-09-08T19:30:01.205397+00:00,201,5065.056,
2026-09-08T19:30:00.927028+00:00,201,5346.181,
2026-09-08T19:30:01.278384+00:00,201,4995.837,
2026-09-08T19:30:00.563997+00:00,201,5713.832,
2026-09-08T19:29:59.723530+00:00,201,6557.266,
2026-09-08T19:30:00.736968+00:00,201,5562.131,
2026-09-08T19:30:04.837717+00:00,201,1468.752,
2026-09-08T19:30:00.442653+00:00,201,5870.442,
2026-09-08T19:30:00.973645+00:00,201,5344.614,
2026-09-08T19:30:01.118254+00:00,201,5202.193,
2026-09-08T19:30:00.812478+00:00,201,5511.671,
2026-09-08T19:30:06.244400+00:00,201,80.49,
2026-09-08T19:30:05.045316+00:00,201,1286.35,
2026-09-08T19:29:53.976276+00:00,201,12356.321,
2026-09-08T19:30:02.222035+00:00,201,4127.456,
2026-09-08T19:30:03.448146+00:00,201,2904.474,
2026-09-08T19:30:00.131629+00:00,201,6222.275,
2026-09-08T19:30:03.017485+00:00,201,3339.865,
2026-09-08T19:30:04.361181+00:00,201,1997.616,
2026-09-08T19:30:05.250393+00:00,201,1114.006,
2026-09-08T19:30:04.549885+00:00,201,1821.172,
2026-09-08T19:30:02.848800+00:00,201,3522.921,
2026-09-08T19:30:04.572488+00:00,201,1805.677,
2026-09-08T19:30:02.070178+00:00,201,4311.527,
2026-09-08T19:30:03.283114+00:00,201,3099.917,
2026-09-08T19:30:03.944916+00:00,201,2438.801,
2026-09-08T19:30:01.015156+00:00,201,5371.68,
2026-09-08T19:29:58.242048+00:00,201,8150.594,
2026-09-08T19:29:58.083691+00:00,201,8314.306,
2026-09-08T19:30:06.248171+00:00,201,150.949,
2026-09-08T19:30:02.994500+00:00,201,3405.672,
2026-09-08T19:30:00.633237+00:00,201,5776.76,
2026-09-08T19:30:03.828003+00:00,201,2585.117,
2026-09-08T19:30:03.003634+00:00,201,3417.675,
2026-09-08T19:30:05.740236+00:00,201,681.962,
2026-09-08T19:30:06.349503+00:00,201,77.22,
2026-09-08T19:29:59.024013+00:00,201,7409.565,
2026-09-08T19:30:06.364406+00:00,201,74.192,
2026-09-08T19:30:02.935368+00:00,201,3511.333,
2026-09-08T19:30:05.804424+00:00,201,642.96,
2026-09-08T19:29:54.232140+00:00,201,12217.663,
2026-09-08T19:29:55.834824+00:00,201,10618.309,
2026-09-08T19:30:03.333920+00:00,201,3123.377,
2026-09-08T19:30:00.730549+00:00,201,5735.013,
2026-09-08T19:30:04.529257+00:00,201,1943.446,
2026-09-08T19:30:06.398015+00:00,201,78.28,
2026-09-08T19:30:04.300386+00:00,201,2176.628,
2026-09-08T19:29:59.698971+00:00,201,6787.356,
2026-09-08T19:30:02.129313+00:00,201,4359.246,
2026-09-08T19:30:04.202208+00:00,201,2289.49,
2026-09-08T19:30:01.889621+00:00,201,4602.735,
2026-09-08T19:29:58.285088+00:00,201,8211.355,
2026-09-08T19:30:03.712097+00:00,201,2786.238,
2026-09-08T19:29:54.609164+00:00,201,11896.338,
2026-09-08T19:30:05.878504+00:00,201,628.251,
2026-09-08T19:30:06.147074+00:00,201,361.233,
2026-09-08T19:30:04.983788+00:00,201,1528.013,
2026-09-08T19:29:51.505820+00:00,201,15008.553,
2026-09-08T19:30:06.306476+00:00,201,208.569,
2026-09-08T19:29:58.896028+00:00,201,7630.199,
2026-09-08T19:29:59.879048+00:00,201,6650.708,
2026-09-08T19:30:06.457306+00:00,201,74.07,
2026-09-08T19:30:03.791713+00:00,201,2744.22,
2026-09-08T19:30:02.311893+00:00,201,4224.702,
2026-09-08T19:30:00.686741+00:00,201,5852.064,
2026-09-08T19:29:57.533613+00:00,201,9006.321,
2026-09-08T19:30:00.774264+00:00,201,5766.455,
2026-09-08T19:30:06.017165+00:00,201,526.961,
2026-09-08T19:29:58.023370+00:00,201,8529.117,
2026-09-08T19:30:04.499120+00:00,201,2058.11,
2026-09-08T19:30:05.409232+00:00,201,1155.892,
2026-09-08T19:30:03.459156+00:00,201,3114.287,
2026-09-08T19:30:01.317757+00:00,201,5261.366,
2026-09-08T19:30:00.908190+00:00,201,5674.49,
2026-09-08T19:29:59.674715+00:00,201,6913.44,
2026-09-08T19:30:05.260748+00:00,201,1329.202,
2026-09-08T19:29:56.986271+00:00,201,9606.001,
2026-09-08T19:29:57.027883+00:00,201,9568.489,
2026-09-08T19:30:03.967460+00:00,201,2629.588,
2026-09-08T19:30:03.212038+00:00,201,3388.427,
2026-09-08T19:30:04.892512+00:00,201,1714.324,
2026-09-08T19:30:00.873398+00:00,201,5743.085,
2026-09-08T19:30:00.923459+00:00,201,5694.346,
2026-09-08T19:30:05.694870+00:00,201,926.485,
2026-09-08T19:30:04.613786+00:00,201,2011.004,
2026-09-08T19:29:53.193354+00:00,201,13435.395,
2026-09-08T19:30:01.556077+00:00,201,5078.287,
2026-09-08T19:30:05.360895+00:00,201,1277.813,
2026-09-08T19:30:06.032756+00:00,201,606.589,
2026-09-08T19:29:58.451884+00:00,201,8190.405,
2026-09-08T19:30:00.165811+00:00,201,6484.094,
2026-09-08T19:30:05.085548+00:00,201,1574.189,
2026-09-08T19:29:58.300949+00:00,201,8360.022,
2026-09-08T19:30:06.040099+00:00,201,622.839,
2026-09-08T19:30:02.164981+00:00,201,4502.99,
2026-09-08T19:30:04.970069+00:00,201,1700.422,
2026-09-08T19:30:05.839543+00:00,201,834.182,
2026-09-08T19:30:02.625251+00:00,201,4052.35,
2026-09-08T19:29:53.921708+00:00,201,12759.878,
2026-09-08T19:30:01.565009+00:00,201,5119.707,
2026-09-08T19:30:05.711703+00:00,201,975.067,
2026-09-08T19:30:06.357360+00:00,201,330.052,
2026-09-08T19:29:59.268995+00:00,201,7420.636,
2026-09-08T19:30:06.617818+00:00,201,75.176,
2026-09-08T19:30:06.332620+00:00,201,361.327,
2026-09-08T19:30:02.331471+00:00,201,4370.426,
2026-09-08T19:30:06.565925+00:00,201,139.365,
2026-09-08T19:30:02.392253+00:00,201,4317.896,
2026-09-08T19:29:53.399015+00:00,201,13313.798,
2026-09-08T19:30:00.673801+00:00,201,6042.785,
2026-09-08T19:30:01.231089+00:00,201,5487.359,
2026-09-08T19:29:56.475780+00:00,201,10246.029,
2026-09-08T19:30:05.115636+00:00,201,1612.374,
2026-09-08T19:30:06.515051+00:00,201,221.484,
2026-09-08T19:30:03.412027+00:00,201,3325.858,
2026-09-08T19:30:02.364381+00:00,201,4375.227,
2026-09-08T19:30:03.436327+00:00,201,3307.906,
2026-09-08T19:30:03.498852+00:00,201,3249.193,
2026-09-08T19:30:05.008889+00:00,201,1741.51,
2026-09-08T19:30:06.352630+00:00,201,405.186,
2026-09-08T19:30:06.447395+00:00,201,315.593,
2026-09-08T19:30:04.702366+00:00,201,2062.216,
2026-09-08T19:30:00.699117+00:00,201,6076.837,
2026-09-08T19:30:05.447500+00:00,201,1329.095,
2026-09-08T19:30:04.773639+00:00,201,2007.124,
2026-09-08T19:30:05.976526+00:00,201,807.537,
2026-09-08T19:29:55.185692+00:00,201,11601.386,
2026-09-08T19:29:54.833500+00:00,201,11958.374,
2026-09-08T19:30:03.875887+00:00,201,2916.698,
2026-09-08T19:30:01.982924+00:00,201,4812.676,
2026-09-08T19:30:03.116709+00:00,201,3682.386,
2026-09-08T19:30:04.821335+00:00,201,1986.82,
2026-09-08T19:30:06.488571+00:00,201,323.326,
2026-09-08T19:30:05.718576+00:00,201,1102.705,
2026-09-08T19:30:05.166048+00:00,201,1662.874,
2026-09-08T19:30:06.019042+00:00,201,811.55,
2026-09-08T19:30:00.489486+00:00,201,6343.695,
2026-09-08T19:30:00.664993+00:00,201,6175.255,
2026-09-08T19:30:06.235630+00:00,201,610.012,
2026-09-08T19:30:06.145141+00:00,201,702.124,
2026-09-08T19:29:54.958507+00:00,201,11890.715,
2026-09-08T19:30:06.034419+00:00,201,815.736,
2026-09-08T19:29:59.455658+00:00,201,7397.034,
2026-09-08T19:30:05.702952+00:00,201,1152.101,
2026-09-08T19:30:05.948653+00:00,201,909.245,
2026-09-08T19:30:05.136945+00:00,201,1722.455,
2026-09-08T19:30:04.183329+00:00,201,2684.709,
2026-09-08T19:30:05.661349+00:00,201,1209.479,
2026-09-08T19:29:59.932578+00:00,201,6940.553,
2026-09-08T19:30:05.300631+00:00,201,1574.744,
2026-09-08T19:29:59.307933+00:00,201,7572.7,
2026-09-08T19:30:05.081567+00:00,201,1800.936,
2026-09-08T19:30:03.399816+00:00,201,3485.449,
2026-09-08T19:30:06.477022+00:00,201,422.43,
2026-09-08T19:29:59.843480+00:00,201,7058.584,
2026-09-08T19:30:04.867899+00:00,201,2036.031,
2026-09-08T19:30:06.264173+00:00,201,640.638,
2026-09-08T19:29:58.379126+00:00,201,8527.845,
2026-09-08T19:30:01.808539+00:00,201,5111.115,
2026-09-08T19:30:03.201936+00:00,201,3722.373,
2026-09-08T19:30:06.705297+00:00,201,225.713,
2026-09-08T19:30:06.660989+00:00,201,271.051,
2026-09-08T19:30:04.861504+00:00,201,2080.521,
2026-09-08T19:29:59.437385+00:00,201,7505.543,
2026-09-08T19:30:05.070672+00:00,201,1872.959,
2026-09-08T19:30:03.602708+00:00,201,3344.641,
2026-09-08T19:30:04.209976+00:00,201,2744.02,
2026-09-08T19:30:06.099904+00:00,201,856.187,
2026-09-08T19:30:05.345159+00:00,201,1623.471,
2026-09-08T19:29:56.847480+00:00,201,10121.746,
2026-09-08T19:30:06.449826+00:00,201,520.787,
2026-09-08T19:30:05.975448+00:00,201,996.857,
2026-09-08T19:30:01.741974+00:00,201,5234.635,
2026-09-08T19:30:06.240574+00:00,201,740.844,
2026-09-08T19:30:00.946178+00:00,201,6036.558,
2026-09-08T19:30:01.804443+00:00,201,5182.148,
2026-09-08T19:30:06.919667+00:00,201,73.627,
2026-09-08T19:30:05.557550+00:00,201,1440.54,
2026-09-08T19:30:05.460892+00:00,201,1541.889,
2026-09-08T19:29:59.993506+00:00,201,7020.083,
2026-09-08T19:30:05.981919+00:00,201,1036.962,
2026-09-08T19:30:06.463972+00:00,201,557.398,
2026-09-08T19:30:00.629825+00:00,201,6393.482,
2026-09-08T19:30:00.182622+00:00,201,6841.286,
2026-09-08T19:30:05.374729+00:00,201,1653.093,
2026-09-08T19:29:59.102097+00:00,201,7929.465,
2026-09-08T19:30:06.847271+00:00,201,188.842,
2026-09-08T19:30:05.766325+00:00,201,1271.781,
2026-09-08T19:30:03.688950+00:00,201,3353.418,
2026-09-08T19:30:04.433272+00:00,201,2611.44,
2026-09-08T19:30:05.060740+00:00,201,1984.903,
2026-09-08T19:30:03.071243+00:00,201,3986.38,
2026-09-08T19:30:06.665695+00:00,201,393.884,
2026-09-08T19:30:01.965271+00:00,201,5095.484,
2026-09-08T19:29:58.695350+00:00,201,8369.087,
2026-09-08T19:30:06.368296+00:00,201,699.965,
2026-09-08T19:30:01.422655+00:00,201,5652.479,
2026-09-08T19:29:57.574338+00:00,201,9503.292,
2026-09-08T19:30:00.272428+00:00,201,6808.349,
2026-09-08T19:30:06.552508+00:00,201,531.332,
2026-09-08T19:30:05.990006+00:00,201,1095.342,
2026-09-08T19:30:05.095221+00:00,201,1998.325,
2026-09-08T19:30:05.946321+00:00,201,1153.386,
2026-09-08T19:30:03.077491+00:00,201,4024.09,
2026-09-08T19:30:02.605100+00:00,201,4498.795,
2026-09-08T19:30:04.884161+00:00,201,2220.38,
2026-09-08T19:30:07.036120+00:00,201,72.245,
2026-09-08T19:30:04.458190+00:00,201,2651.863,
2026-09-08T19:30:06.736541+00:00,201,379.26,
2026-09-08T19:30:06.830601+00:00,201,288.901,
2026-09-08T19:30:02.424793+00:00,201,4695.87,
2026-09-08T19:30:06.932046+00:00,201,190.153,
2026-09-08T19:30:04.557596+00:00,201,2578.556,
2026-09-08T19:30:00.882457+00:00,201,6257.455,
2026-09-08T19:30:01.477844+00:00,201,5666.157,
2026-09-08T19:30:00.556754+00:00,201,6587.958,
2026-09-08T19:30:04.911349+00:00,201,2239.223,
2026-09-08T19:30:06.993302+00:00,201,158.505,
2026-09-08T19:30:00.929569+00:00,201,6237.492,
2026-09-08T19:30:04.479138+00:00,201,2691.6,
2026-09-08T19:30:01.578851+00:00,201,5593.817,
2026-09-08T19:30:06.098490+00:00,201,1078.584,
2026-09-08T19:29:56.931528+00:00,201,10246.67,
2026-09-08T19:30:06.649921+00:00,201,529.587,
2026-09-08T19:30:00.732920+00:00,201,6448.5,
2026-09-08T19:30:04.920113+00:00,201,2265.448,
2026-09-08T19:30:06.536609+00:00,201,651.728,
2026-09-08T19:30:06.799108+00:00,201,399.802,
2026-09-08T19:29:59.602709+00:00,201,7602.082,
2026-09-08T19:30:02.715106+00:00,201,4490.581,
2026-09-08T19:30:04.736515+00:00,201,2479.315,
2026-09-08T19:30:01.158221+00:00,201,6064.255,
2026-09-08T19:30:05.899027+00:00,201,1332.132,
2026-09-08T19:30:05.673731+00:00,201,1560.888,
2026-09-08T19:30:04.807624+00:00,201,2430.904,
2026-09-08T19:30:06.870834+00:00,201,369.312,
2026-09-08T19:30:00.975319+00:00,201,6286.081,
2026-09-08T19:30:02.255765+00:00,201,5006.797,
2026-09-08T19:30:06.701908+00:00,201,561.486,
2026-09-08T19:30:01.469401+00:00,201,5794.78,
2026-09-08T19:30:06.108240+00:00,201,1156.848,
2026-09-08T19:30:05.416789+00:00,201,1849.203,
2026-09-08T19:30:03.110979+00:00,201,4155.893,
2026-09-08T19:30:04.441867+00:00,201,2825.88,
2026-09-08T19:30:06.006077+00:00,201,1262.691,
2026-09-08T19:30:01.237834+00:00,201,6032.003,
2026-09-08T19:29:59.414144+00:00,201,7864.361,
2026-09-08T19:30:02.940014+00:00,201,4342.512,
2026-09-08T19:30:05.992734+00:00,201,1290.865,
2026-09-08T19:30:05.750454+00:00,201,1534.218,
2026-09-08T19:29:58.564667+00:00,201,8721.336,
2026-09-08T19:30:03.877058+00:00,201,3410.466,
2026-09-08T19:30:03.073004+00:00,201,4231.505,
2026-09-08T19:30:01.793171+00:00,201,5515.051,
2026-09-08T19:30:05.089744+00:00,201,2228.856,
2026-09-08T19:30:04.122907+00:00,201,3201.159,
2026-09-08T19:30:06.446717+00:00,201,881.028,
2026-09-08T19:30:01.208810+00:00,201,6123.342,
2026-09-08T19:30:03.137081+00:00,201,4218.891,
2026-09-08T19:30:00.965498+00:00,201,6397.339,
2026-09-08T19:30:05.670550+00:00,201,1703.644,
2026-09-08T19:30:06.903939+00:00,201,474.978,
2026-09-08T19:30:06.792597+00:00,201,591.432,
2026-09-08T19:30:03.247249+00:00,201,4145.137,
2026-09-08T19:30:01.235045+00:00,201,6180.29,
2026-09-08T19:29:58.038182+00:00,201,9384.571,
2026-09-08T19:30:06.744244+00:00,201,679.926,
2026-09-08T19:29:55.348111+00:00,201,12087.681,
2026-09-08T19:30:01.628462+00:00,201,5810.432,
2026-09-08T19:30:06.453155+00:00,201,987.04,
2026-09-08T19:30:04.198248+00:00,201,3249.887,
2026-09-08T19:30:04.497254+00:00,201,2956.607,
2026-09-08T19:30:06.762993+00:00,201,705.999,
2026-09-08T19:30:00.100385+00:00,201,7370.371,
2026-09-08T19:30:05.700194+00:00,201,1777.625,
2026-09-08T19:30:07.110062+00:00,201,370.991,
2026-09-08T19:30:01.139203+00:00,201,6352.456,
2026-09-08T19:30:05.814017+00:00,201,1687.377,
2026-09-08T19:30:00.813071+00:00,201,6696.107,
2026-09-08T19:30:06.764590+00:00,201,751.905,
2026-09-08T19:30:07.023924+00:00,201,510.23,
2026-09-08T19:30:07.287534+00:00,201,264.261,
2026-09-08T19:30:06.954006+00:00,201,600.599,
2026-09-08T19:30:03.245443+00:00,201,4320.116,
2026-09-08T19:30:07.198921+00:00,201,380.898,
2026-09-08T19:30:04.036744+00:00,201,3544.221,
2026-09-08T19:30:06.529771+00:00,201,1056.348,
2026-09-08T19:30:04.781041+00:00,201,2813.146,
2026-09-08T19:30:05.242350+00:00,201,2359.683,
2026-09-08T19:30:06.659746+00:00,201,946.748,
2026-09-08T19:29:55.058339+00:00,201,12551.77,
2026-09-08T19:30:07.068268+00:00,201,549.239,
2026-09-08T19:29:57.467610+00:00,201,10157.804,
2026-09-08T19:30:06.868048+00:00,201,759.292,
2026-09-08T19:29:55.442270+00:00,201,12203.023,
2026-09-08T19:30:03.964565+00:00,201,3682.104,
2026-09-08T19:30:06.126089+00:00,201,1522.115,
2026-09-08T19:30:07.332167+00:00,201,324.906,
2026-09-08T19:30:07.167074+00:00,201,492.076,
2026-09-08T19:30:06.588169+00:00,201,1076.044,
2026-09-08T19:29:54.427986+00:00,201,13244.152,
2026-09-08T19:30:00.574447+00:00,201,7098.9,
2026-09-08T19:30:06.531381+00:00,201,1159.983,
2026-09-08T19:30:06.857906+00:00,201,847.686,
2026-09-08T19:29:58.735397+00:00,201,8973.491,
2026-09-08T19:30:02.269030+00:00,201,5451.94,
2026-09-08T19:30:06.505525+00:00,201,1242.428,
2026-09-08T19:30:06.700690+00:00,201,1065.513,
2026-09-08T19:30:03.237738+00:00,201,4530.058,
2026-09-08T19:30:06.492367+00:00,201,1289.621,
2026-09-08T19:29:58.607460+00:00,201,9183.231,
2026-09-08T19:30:00.681181+00:00,201,7113.852,
2026-09-08T19:30:05.407256+00:00,201,2392.481,
2026-09-08T19:30:07.261418+00:00,201,540.747,
2026-09-08T19:30:03.966425+00:00,201,3846.164,
2026-09-08T19:29:59.181869+00:00,201,8644.948,
2026-09-08T19:30:00.075120+00:00,201,7754.219,
2026-09-08T19:30:03.028480+00:00,201,4804.784,
2026-09-08T19:29:57.661283+00:00,201,10182.241,
2026-09-08T19:30:07.708906+00:00,201,136.502,
2026-09-08T19:30:06.924322+00:00,201,927.459,
2026-09-08T19:30:05.925076+00:00,201,1932.27,
2026-09-08T19:30:02.294089+00:00,201,5569.154,
2026-09-08T19:30:03.013794+00:00,201,4855.543,
2026-09-08T19:30:07.044721+00:00,201,840.37,
2026-09-08T19:30:06.970620+00:00,201,919.281,
2026-09-08T19:30:05.210468+00:00,201,2682.166,
2026-09-08T19:30:07.120676+00:00,201,778.459,
2026-09-08T19:30:04.307094+00:00,201,3595.783,
2026-09-08T19:30:03.975742+00:00,201,3928.462,
2026-09-08T19:30:01.063127+00:00,201,6846.748,
2026-09-08T19:29:55.570819+00:00,201,12355.602,
2026-09-08T19:30:06.383729+00:00,201,1549.687,
2026-09-08T19:30:00.519184+00:00,201,7421.88,
2026-09-08T19:30:00.934723+00:00,201,7015.088,
2026-09-08T19:30:06.334233+00:00,201,1619.907,
2026-09-08T19:30:01.224489+00:00,201,6733.342,
2026-09-08T19:30:05.042610+00:00,201,2921.702,
2026-09-08T19:30:06.433595+00:00,201,1536.093,
2026-09-08T19:29:58.941202+00:00,201,9031.293,
2026-09-08T19:30:07.469001+00:00,201,507.329,
2026-09-08T19:30:01.871318+00:00,201,6107.916,
2026-09-08T19:30:00.634128+00:00,201,7355.115,
2026-09-08T19:30:07.885099+00:00,201,116.038,
2026-09-08T19:30:06.212196+00:00,201,1797.843,
2026-09-08T19:30:06.673733+00:00,201,1337.55,
2026-09-08T19:30:04.449300+00:00,201,3564.977,
2026-09-08T19:30:03.180487+00:00,201,4841.246,
2026-09-08T19:30:00.883910+00:00,201,7149.645,
2026-09-08T19:30:07.085356+00:00,201,965.025,
2026-09-08T19:30:05.611078+00:00,201,2444.574,
2026-09-08T19:30:05.628319+00:00,201,2446.763,
2026-09-08T19:30:06.371732+00:00,201,1706.357,
2026-09-08T19:30:07.238539+00:00,201,843.642,
2026-09-08T19:30:02.563861+00:00,201,5519.45,
2026-09-08T19:30:07.957845+00:00,201,139.457,
2026-09-08T19:30:06.386850+00:00,201,1718.625,
2026-09-08T19:30:05.980985+00:00,201,2126.315,
2026-09-08T19:30:07.747961+00:00,201,363.458,
2026-09-08T19:30:07.265099+00:00,201,847.474,
2026-09-08T19:30:01.926799+00:00,201,6203.918,
2026-09-08T19:30:06.557238+00:00,201,1574.915,
2026-09-08T19:30:07.705600+00:00,201,443.223,
2026-09-08T19:30:05.857750+00:00,201,2295.396,
2026-09-08T19:30:04.058095+00:00,201,4096.036,
2026-09-08T19:30:04.165568+00:00,201,3997.074,
2026-09-08T19:30:02.205466+00:00,201,5969.36,
2026-09-08T19:29:57.287543+00:00,201,10889.252,
2026-09-08T19:30:02.621461+00:00,201,5559.876,
2026-09-08T19:30:08.055662+00:00,201,131.059,
2026-09-08T19:30:00.676691+00:00,201,7511.232,
2026-09-08T19:30:00.410017+00:00,201,7779.994,
2026-09-08T19:30:07.144728+00:00,201,1048.182,
2026-09-08T19:30:04.749555+00:00,201,3447.574,
2026-09-08T19:30:07.139930+00:00,201,1061.701,
2026-09-08T19:29:59.167304+00:00,201,9055.358,
2026-09-08T19:30:02.322924+00:00,201,5905.731,
2026-09-08T19:30:06.716603+00:00,201,1514.25,
2026-09-08T19:30:00.501006+00:00,201,7737.923,
2026-09-08T19:30:08.097309+00:00,201,162.391,
2026-09-08T19:30:03.704223+00:00,201,4557.11,
2026-09-08T19:30:07.283605+00:00,201,981.164,
2026-09-08T19:30:04.289194+00:00,201,3984.034,
2026-09-08T19:30:07.720984+00:00,201,563.799,
2026-09-08T19:29:57.920790+00:00,201,10368.619,
2026-09-08T19:30:06.511810+00:00,201,1778.803,
2026-09-08T19:30:07.101593+00:00,201,1192.398,
2026-09-08T19:30:07.151815+00:00,201,1144.743,
2026-09-08T19:30:07.392397+00:00,201,906.026,
2026-09-08T19:30:03.251167+00:00,201,5059.949,
2026-09-08T19:30:05.274125+00:00,201,3040.168,
2026-09-08T19:29:50.849809+00:00,201,17480.767,
2026-09-08T19:29:57.969789+00:00,201,10363.987,
2026-09-08T19:30:07.002792+00:00,201,1342.64,
2026-09-08T19:30:07.486097+00:00,201,874.667,
2026-09-08T19:30:06.885276+00:00,201,1479.472,
2026-09-08T19:30:05.961102+00:00,201,2405.818,
2026-09-08T19:30:04.587524+00:00,201,3784.941,
2026-09-08T19:30:06.855058+00:00,201,1529.0,
2026-09-08T19:30:06.299114+00:00,201,2086.135,
2026-09-08T19:30:02.734866+00:00,201,5660.386,
2026-09-08T19:29:57.122883+00:00,201,11278.108,
2026-09-08T19:30:08.273241+00:00,201,130.005,
2026-09-08T19:30:08.261345+00:00,201,144.25,
2026-09-08T19:30:03.801876+00:00,201,4604.882,
2026-09-08T19:30:01.123857+00:00,201,7313.906,
2026-09-08T19:29:58.766738+00:00,201,9675.701,
2026-09-08T19:30:07.324077+00:00,201,1127.834,
2026-09-08T19:30:06.873146+00:00,201,1589.904,
2026-09-08T19:30:03.804058+00:00,201,4666.778,
2026-09-08T19:30:07.645315+00:00,201,827.711,
2026-09-08T19:30:06.496462+00:00,201,1978.815,
2026-09-08T19:30:05.591084+00:00,201,2894.115,
2026-09-08T19:30:06.902079+00:00,201,1594.869,
2026-09-08T19:30:00.834782+00:00,201,7666.973,
2026-09-08T19:30:04.527213+00:00,201,3975.9,
2026-09-08T19:30:01.340604+00:00,201,7181.921,
2026-09-08T19:30:05.383159+00:00,201,3145.351,
2026-09-08T19:29:59.272118+00:00,201,9261.194,
2026-09-08T19:30:07.886673+00:00,201,655.201,
2026-09-08T19:30:07.269850+00:00,201,1274.404,
2026-09-08T19:30:06.438605+00:00,201,2108.959,
2026-09-08T19:30:08.420288+00:00,201,138.55,
2026-09-08T19:30:01.027364+00:00,201,7538.192,
2026-09-08T19:29:57.314707+00:00,201,11258.548,
2026-09-08T19:29:55.872623+00:00,201,12708.33,
2026-09-08T19:30:07.231172+00:00,201,1361.704,
2026-09-08T19:30:02.958400+00:00,201,5652.743,
2026-09-08T19:30:05.294039+00:00,201,3318.32,
2026-09-08T19:30:07.108371+00:00,201,1511.445,
2026-09-08T19:30:07.384036+00:00,201,1238.754,
2026-09-08T19:30:01.516086+00:00,201,7121.676,
2026-09-08T19:29:58.256452+00:00,201,10385.125,
2026-09-08T19:30:02.803350+00:00,201,5839.348,
2026-09-08T19:30:00.605552+00:00,201,8039.134,
2026-09-08T19:30:07.580975+00:00,201,1071.737,
2026-09-08T19:30:06.183914+00:00,201,2484.719,
2026-09-08T19:30:06.247137+00:00,201,2433.469,
2026-09-08T19:30:06.318275+00:00,201,2366.325,
2026-09-08T19:30:02.090588+00:00,201,6607.462,
2026-09-08T19:30:07.857356+00:00,201,842.033,
2026-09-08T19:30:06.787100+00:00,201,1918.186,
2026-09-08T19:30:07.045652+00:00,201,1671.537,
2026-09-08T19:30:06.506760+00:00,201,2212.708,
2026-09-08T19:30:07.902888+00:00,201,822.479,
2026-09-08T19:30:05.910981+00:00,201,2823.149,
2026-09-08T19:30:07.422773+00:00,201,1320.368,
2026-09-08T19:30:00.566744+00:00,201,8180.715,
2026-09-08T19:30:06.399126+00:00,201,2356.36,
2026-09-08T19:29:53.053751+00:00,201,15718.71,
2026-09-08T19:30:07.653527+00:00,201,1125.604,
2026-09-08T19:30:07.286021+00:00,201,1494.873,
2026-09-08T19:30:06.476305+00:00,201,2306.861,
2026-09-08T19:30:07.481060+00:00,201,1317.904,
2026-09-08T19:30:06.634377+00:00,201,2183.328,
2026-09-08T19:30:07.263399+00:00,201,1559.937,
2026-09-08T19:30:08.014289+00:00,201,810.245,
2026-09-08T19:30:03.535095+00:00,201,5296.206,
2026-09-08T19:30:01.727901+00:00,201,7110.285,
2026-09-08T19:30:07.327754+00:00,201,1511.686,
2026-09-08T19:30:02.502862+00:00,201,6337.762,
2026-09-08T19:30:01.760277+00:00,201,7096.188,
2026-09-08T19:30:07.354486+00:00,201,1503.876,
2026-09-08T19:30:03.553445+00:00,201,5306.979,
2026-09-08T19:30:06.166734+00:00,201,2698.862,
2026-09-08T19:30:03.938643+00:00,201,4937.848,
2026-09-08T19:30:05.971550+00:00,201,2909.519,
2026-09-08T19:30:06.061031+00:00,201,2821.412,
2026-09-08T19:30:00.971062+00:00,201,7924.392,
2026-09-08T19:30:00.520325+00:00,201,8379.024,
2026-09-08T19:30:06.236843+00:00,201,2677.309,
2026-09-08T19:30:06.986604+00:00,201,1946.428,
2026-09-08T19:30:06.313111+00:00,201,2624.862,
2026-09-08T19:30:07.264194+00:00,201,1680.106,
2026-09-08T19:30:05.719642+00:00,201,3228.831,
2026-09-08T19:30:07.304521+00:00,201,1650.293,
2026-09-08T19:30:06.009362+00:00,201,2953.897,
2026-09-08T19:30:05.916064+00:00,201,3057.923,
2026-09-08T19:30:08.852166+00:00,201,125.588,
2026-09-08T19:30:07.075148+00:00,201,1915.192,
2026-09-08T19:30:02.518791+00:00,201,6473.274,
2026-09-08T19:30:06.195074+00:00,201,2803.937,
2026-09-08T19:30:05.498270+00:00,201,3504.791,
2026-09-08T19:30:07.750880+00:00,201,1254.529,
2026-09-08T19:30:06.199944+00:00,201,2810.474,
2026-09-08T19:30:06.821288+00:00,201,2194.554,
2026-09-08T19:30:07.424177+00:00,201,1604.53,
2026-09-08T19:29:59.234821+00:00,201,9803.348,
2026-09-08T19:30:08.637778+00:00,201,403.994,
2026-09-08T19:29:57.071194+00:00,201,11981.915,
2026-09-08T19:30:05.528662+00:00,201,3547.211,
2026-09-08T19:30:08.817715+00:00,201,268.092,
2026-09-08T19:30:04.119307+00:00,201,4981.476,
2026-09-08T19:30:07.470773+00:00,201,1631.169,
2026-09-08T19:30:07.137390+00:00,201,1975.014,
2026-09-08T19:30:08.641596+00:00,201,481.2,
2026-09-08T19:30:08.314302+00:00,201,823.529,
2026-09-08T19:30:08.145250+00:00,201,994.024,
2026-09-08T19:30:06.164095+00:00,201,2982.068,
2026-09-08T19:30:08.154142+00:00,201,999.209,
2026-09-08T19:30:00.084364+00:00,201,9079.878,
2026-09-08T19:30:03.394311+00:00,201,5773.964,
2026-09-08T19:30:07.165573+00:00,201,2006.024,
2026-09-08T19:30:06.392664+00:00,201,2780.235,
2026-09-08T19:30:03.475383+00:00,201,5709.62,
2026-09-08T19:30:02.429651+00:00,201,6756.643,
2026-09-08T19:30:02.527563+00:00,201,6669.061,
2026-09-08T19:30:04.598435+00:00,201,4600.858,
2026-09-08T19:30:09.075884+00:00,201,130.554,
2026-09-08T19:30:00.969894+00:00,201,8248.631,
2026-09-08T19:29:59.079858+00:00,201,10140.942,
2026-09-08T19:30:08.948482+00:00,201,284.453,
2026-09-08T19:30:09.100796+00:00,201,134.068,
2026-09-08T19:30:04.474148+00:00,201,4774.523,
2026-09-08T19:30:04.013491+00:00,201,5250.666,
2026-09-08T19:30:00.932572+00:00,201,8338.693,
2026-09-08T19:30:09.137838+00:00,201,138.029,
2026-09-08T19:30:08.238949+00:00,201,1045.49,
2026-09-08T19:30:07.178218+00:00,201,2111.731,
2026-09-08T19:30:07.889907+00:00,201,1416.872,
2026-09-08T19:29:58.873718+00:00,201,10449.748,
2026-09-08T19:30:07.188343+00:00,201,2141.918,
2026-09-08T19:30:05.066050+00:00,201,4281.912,
2026-09-08T19:30:08.320112+00:00,201,1030.764,
2026-09-08T19:29:59.035972+00:00,201,10320.054,
2026-09-08T19:30:06.267938+00:00,201,3101.281,
2026-09-08T19:30:03.670401+00:00,201,5708.098,
2026-09-08T19:30:03.318287+00:00,201,6064.645,
2026-09-08T19:30:08.405601+00:00,201,981.247,
2026-09-08T19:30:08.573277+00:00,201,817.285,
2026-09-08T19:30:00.967594+00:00,201,8427.456,
2026-09-08T19:30:08.348672+00:00,201,1052.448,
2026-09-08T19:30:06.600474+00:00,201,2814.475,
2026-09-08T19:30:06.410013+00:00,201,3010.332,
2026-09-08T19:30:06.969245+00:00,201,2493.167,
2026-09-08T19:30:07.627347+00:00,201,1843.26,
2026-09-08T19:30:07.136161+00:00,201,2340.727,
2026-09-08T19:30:04.410942+00:00,201,5074.571,
2026-09-08T19:30:08.734143+00:00,201,756.402,
2026-09-08T19:30:01.841260+00:00,201,7652.407,
2026-09-08T19:30:07.964323+00:00,201,1530.653,
2026-09-08T19:30:05.641558+00:00,201,3862.419,
2026-09-08T19:30:06.589957+00:00,201,2915.812,
2026-09-08T19:30:09.369229+00:00,201,138.204,
2026-09-08T19:30:08.822227+00:00,201,698.318,
2026-09-08T19:29:57.399788+00:00,201,12138.361,
2026-09-08T19:30:09.249837+00:00,201,299.277,
2026-09-08T19:30:03.061396+00:00,201,6491.358,
2026-09-08T19:30:03.328794+00:00,201,6249.888,
2026-09-08T19:30:06.616501+00:00,201,2981.696,
2026-09-08T19:30:07.778456+00:00,201,1826.111,
2026-09-08T19:30:07.989258+00:00,201,1622.154,
2026-09-08T19:30:03.922409+00:00,201,5705.34,
2026-09-08T19:30:03.675810+00:00,201,5958.748,
2026-09-08T19:30:08.174842+00:00,201,1462.233,
2026-09-08T19:30:06.981425+00:00,201,2669.18,
2026-09-08T19:30:07.453870+00:00,201,2211.533,
2026-09-08T19:30:08.533332+00:00,201,1133.883,
2026-09-08T19:30:03.719792+00:00,201,5949.288,
2026-09-08T19:30:01.110666+00:00,201,8560.788,
2026-09-08T19:30:06.050310+00:00,201,3627.225,
2026-09-08T19:30:05.606074+00:00,201,4073.998,
2026-09-08T19:30:09.520553+00:00,201,163.33,
2026-09-08T19:30:06.686777+00:00,201,3004.274,
2026-09-08T19:30:03.377581+00:00,201,6319.752,
2026-09-08T19:30:08.384066+00:00,201,1321.201,
2026-09-08T19:30:02.966066+00:00,201,6742.241,
2026-09-08T19:30:07.915918+00:00,201,1794.422,
2026-09-08T19:30:01.233182+00:00,201,8529.902,
2026-09-08T19:30:00.467884+00:00,201,9327.909,
2026-09-08T19:29:59.481202+00:00,201,10339.371,
2026-09-08T19:30:07.205703+00:00,201,2620.313,
2026-09-08T19:30:07.555303+00:00,201,2272.013,
2026-09-08T19:30:07.672164+00:00,201,2164.783,
2026-09-08T19:30:04.625150+00:00,201,5222.341,
2026-09-08T19:29:56.410307+00:00,201,13464.022,
2026-09-08T19:30:08.105482+00:00,201,1770.561,
2026-09-08T19:30:07.610134+00:00,201,2282.445,
2026-09-08T19:30:08.858374+00:00,201,1042.755,
2026-09-08T19:29:53.570256+00:00,201,16335.745,
2026-09-08T19:30:07.265999+00:00,201,2647.174,
2026-09-08T19:29:56.359431+00:00,201,13559.594,
2026-09-08T19:30:09.234871+00:00,201,701.979,
2026-09-08T19:30:05.808918+00:00,201,4134.825,
2026-09-08T19:30:07.282538+00:00,201,2664.794,
2026-09-08T19:30:07.083848+00:00,201,2878.495,
2026-09-08T19:30:06.378172+00:00,201,3600.091,
2026-09-08T19:30:01.263670+00:00,201,8722.442,
2026-09-08T19:30:02.389860+00:00,201,7600.205,
2026-09-08T19:30:08.470847+00:00,201,1526.758,
2026-09-08T19:30:07.122204+00:00,201,2878.271,
2026-09-08T19:30:08.473033+00:00,201,1534.793,
2026-09-08T19:30:07.790712+00:00,201,2220.761,
2026-09-08T19:30:07.969697+00:00,201,2080.711,
2026-09-08T19:30:05.548773+00:00,201,4502.709,
2026-09-08T19:29:55.956862+00:00,201,14097.192,
2026-09-08T19:30:05.227634+00:00,201,4841.635,
2026-09-08T19:30:09.538175+00:00,201,536.09,
2026-09-08T19:30:07.933425+00:00,201,2145.079,
2026-09-08T19:30:04.729065+00:00,201,5358.997,
2026-09-08T19:30:06.421322+00:00,201,3683.981,
2026-09-08T19:30:09.652608+00:00,201,464.36,
2026-09-08T19:30:06.942942+00:00,201,3175.631,
2026-09-08T19:30:09.978274+00:00,201,144.124,
2026-09-08T19:30:06.849244+00:00,201,3288.436,
2026-09-08T19:29:56.116695+00:00,201,14023.504,
2026-09-08T19:30:08.181349+00:00,201,1965.302,
2026-09-08T19:30:07.723832+00:00,201,2423.942,
2026-09-08T19:30:07.673362+00:00,201,2478.593,
2026-09-08T19:30:07.384827+00:00,201,2768.25,
2026-09-08T19:29:59.980863+00:00,201,10176.021,
2026-09-08T19:30:08.780901+00:00,201,1378.952,
2026-09-08T19:30:07.846588+00:00,201,2317.293,
2026-09-08T19:29:54.649304+00:00,201,15517.433,
2026-09-08T19:30:00.212628+00:00,201,9962.374,
2026-09-08T19:30:06.303101+00:00,201,3882.151,
2026-09-08T19:30:08.876508+00:00,201,1315.576,
2026-09-08T19:30:09.122802+00:00,201,1073.866,
2026-09-08T19:30:10.069282+00:00,201,142.707,
2026-09-08T19:30:05.540767+00:00,201,4678.104,
2026-09-08T19:30:09.218543+00:00,201,1006.367,
2026-09-08T19:30:06.677612+00:00,201,3549.778,
2026-09-08T19:30:09.323489+00:00,201,904.957,
2026-09-08T19:30:07.177083+00:00,201,3070.216,
2026-09-08T19:30:09.378515+00:00,201,876.181,
2026-09-08T19:29:58.818406+00:00,201,11446.1,
2026-09-08T19:30:06.383040+00:00,201,3888.34,
2026-09-08T19:30:06.540734+00:00,201,3732.783,
2026-09-08T19:30:09.557438+00:00,201,731.178,
2026-09-08T19:30:05.381718+00:00,201,4911.006,
2026-09-08T19:30:06.710161+00:00,201,3583.58,
2026-09-08T19:30:03.789683+00:00,201,6507.518,
2026-09-08T19:30:09.171607+00:00,201,1129.485,
2026-09-08T19:29:55.418714+00:00,201,14907.688,
2026-09-08T19:30:09.479723+00:00,201,859.473,
2026-09-08T19:30:00.762143+00:00,201,9584.777,
2026-09-08T19:30:08.831314+00:00,201,1522.361,
2026-09-08T19:30:06.180279+00:00,201,4175.234,
2026-09-08T19:30:07.378925+00:00,201,2977.851,
2026-09-08T19:30:07.976339+00:00,201,2395.567,
2026-09-08T19:30:04.585525+00:00,201,5793.849,
2026-09-08T19:30:07.170747+00:00,201,3225.728,
2026-09-08T19:30:06.207751+00:00,201,4197.169,
2026-09-08T19:30:06.324163+00:00,201,4086.027,
2026-09-08T19:30:08.057013+00:00,201,2356.619,
2026-09-08T19:30:04.703910+00:00,201,5716.976,
2026-09-08T19:30:08.743150+00:00,201,1692.028,
2026-09-08T19:30:07.103908+00:00,201,3333.841,
2026-09-08T19:30:07.648213+00:00,201,2796.722,
2026-09-08T19:30:09.462423+00:00,201,985.08,
2026-09-08T19:30:03.135517+00:00,201,7322.737,
2026-09-08T19:30:06.998097+00:00,201,3467.284,
2026-09-08T19:30:06.828931+00:00,201,3649.318,
2026-09-08T19:29:59.885997+00:00,201,10596.961,
2026-09-08T19:30:05.002119+00:00,201,5486.38,
2026-09-08T19:30:07.617513+00:00,201,2874.607,
2026-09-08T19:30:00.447296+00:00,201,10048.354,
2026-09-08T19:30:10.355526+00:00,201,143.515,
2026-09-08T19:30:07.240152+00:00,201,3262.742,
2026-09-08T19:30:00.420809+00:00,201,10094.159,
2026-09-08T19:30:07.018889+00:00,201,3501.633,
2026-09-08T19:29:59.012118+00:00,201,11513.774,
2026-09-08T19:30:02.098675+00:00,201,8455.688,
2026-09-08T19:30:07.799746+00:00,201,2759.861,
2026-09-08T19:30:05.781836+00:00,201,4778.772,
2026-09-08T19:30:10.435190+00:00,201,129.097,
2026-09-08T19:30:01.850983+00:00,201,8715.752,
2026-09-08T19:30:01.658719+00:00,201,8910.553,
2026-09-08T19:30:09.041778+00:00,201,1532.854,
2026-09-08T19:29:59.185339+00:00,201,11396.247,
2026-09-08T19:30:06.400183+00:00,201,4187.182,
2026-09-08T19:30:08.112579+00:00,201,2481.521,
2026-09-08T19:30:05.292134+00:00,201,5305.906,
2026-09-08T19:30:09.598209+00:00,201,1001.866,
2026-09-08T19:30:06.808166+00:00,201,3792.909,
2026-09-08T19:30:09.892593+00:00,201,717.968,
2026-09-08T19:30:09.003070+00:00,201,1610.096,
2026-09-08T19:30:06.138387+00:00,201,4488.743,
2026-09-08T19:30:06.845648+00:00,201,3790.155,
2026-09-08T19:29:55.721486+00:00,201,14926.945,
2026-09-08T19:30:07.215840+00:00,201,3433.66,
2026-09-08T19:30:10.514990+00:00,201,140.538,
2026-09-08T19:30:09.697348+00:00,201,975.765,
2026-09-08T19:30:10.554382+00:00,201,129.969,
2026-09-08T19:30:07.767808+00:00,201,2924.008,
2026-09-08T19:30:07.065114+00:00,201,3628.693,
2026-09-08T19:30:07.845415+00:00,201,2862.084,
2026-09-08T19:30:07.972513+00:00,201,2736.522,
2026-09-08T19:30:10.587377+00:00,201,129.619,
2026-09-08T19:30:04.726979+00:00,201,5992.055,
2026-09-08T19:30:07.096548+00:00,201,3627.915,
2026-09-08T19:30:06.840263+00:00,201,3887.89,
2026-09-08T19:30:08.652718+00:00,201,2079.604,
2026-09-08T19:30:00.289615+00:00,201,10450.309,
2026-09-08T19:30:06.324896+00:00,201,4427.481,
2026-09-08T19:30:07.514741+00:00,201,3246.293,
2026-09-08T19:30:08.401013+00:00,201,2367.651,
2026-09-08T19:30:10.648459+00:00,201,129.075,
2026-09-08T19:30:10.140226+00:00,201,641.479,
2026-09-08T19:30:06.274233+00:00,201,4508.61,
2026-09-08T19:30:06.231736+00:00,201,4554.869,
2026-09-08T19:30:06.270466+00:00,201,4527.661,
2026-09-08T19:30:10.163891+00:00,201,635.372,
2026-09-08T19:30:06.784069+00:00,201,4017.498,
2026-09-08T19:30:04.799264+00:00,201,6005.26,
2026-09-08T19:30:09.962356+00:00,201,844.215,
2026-09-08T19:30:06.739620+00:00,201,4072.906,
2026-09-08T19:30:06.331674+00:00,201,4488.877,
2026-09-08T19:29:54.686859+00:00,201,16139.591,
2026-09-08T19:30:10.011482+00:00,201,816.027,
2026-09-08T19:29:55.044917+00:00,201,15792.022,
2026-09-08T19:30:09.291355+00:00,201,1553.767,
2026-09-08T19:30:00.637277+00:00,201,10221.466,
2026-09-08T19:30:04.281865+00:00,201,6579.909,
2026-09-08T19:30:07.829358+00:00,201,3033.868,
2026-09-08T19:30:06.757823+00:00,201,4117.176,
2026-09-08T19:30:07.080795+00:00,201,3795.916,
2026-09-08T19:30:10.584999+00:00,201,300.944,
2026-09-08T19:29:57.087837+00:00,201,13818.0,
2026-09-08T19:30:06.864751+00:00,201,4042.655,
2026-09-08T19:30:08.148832+00:00,201,2760.632,
2026-09-08T19:30:08.176815+00:00,201,2735.7,
2026-09-08T19:30:09.817723+00:00,201,1108.831,
2026-09-08T19:30:02.691436+00:00,201,8242.683,
2026-09-08T19:30:02.068259+00:00,201,8869.653,
2026-09-08T19:30:08.992079+00:00,201,1952.19,
2026-09-08T19:30:10.105316+00:00,201,847.767,
2026-09-08T19:30:03.580152+00:00,201,7374.732,
2026-09-08T19:30:10.826478+00:00,201,175.711,
2026-09-08T19:30:00.865794+00:00,201,10137.512,
2026-09-08T19:30:07.826835+00:00,201,3185.087,
2026-09-08T19:30:10.000485+00:00,201,1019.879,
2026-09-08T19:30:01.630451+00:00,201,9397.547,
2026-09-08T19:30:01.424722+00:00,201,9616.234,
2026-09-08T19:30:07.438909+00:00,201,3603.634,
2026-09-08T19:30:04.010303+00:00,201,7041.315,
2026-09-08T19:29:58.155618+00:00,201,12899.046,
2026-09-08T19:30:10.227402+00:00,201,833.661,
2026-09-08T19:30:07.949828+00:00,201,3113.55,
2026-09-08T19:30:06.129647+00:00,201,4939.41,
2026-09-08T19:30:04.698696+00:00,201,6378.226,
2026-09-08T19:30:05.208437+00:00,201,5872.015,
2026-09-08T19:30:07.959456+00:00,201,3125.468,
2026-09-08T19:30:07.104549+00:00,201,3986.264,
2026-09-08T19:30:09.591085+00:00,201,1519.254,
2026-09-08T19:30:07.315111+00:00,201,3800.081,
2026-09-08T19:29:55.300247+00:00,201,15817.172,
2026-09-08T19:30:11.018254+00:00,201,112.72,
2026-09-08T19:30:09.665414+00:00,201,1478.583,
2026-09-08T19:30:07.795047+00:00,201,3360.928,
2026-09-08T19:30:06.833199+00:00,201,4325.85,
2026-09-08T19:30:03.806809+00:00,201,7354.308,
2026-09-08T19:30:08.899365+00:00,201,2264.453,
2026-09-08T19:30:09.503989+00:00,201,1665.407,
2026-09-08T19:30:09.947344+00:00,201,1224.117,
2026-09-08T19:30:09.683890+00:00,201,1492.289,
2026-09-08T19:30:09.284449+00:00,201,1909.578,
2026-09-08T19:30:08.290623+00:00,201,2912.035,
2026-09-08T19:30:06.539952+00:00,201,4663.955,
2026-09-08T19:30:08.403251+00:00,201,2802.998,
2026-09-08T19:30:07.516501+00:00,201,3691.068,
2026-09-08T19:30:05.763051+00:00,201,5445.938,
2026-09-08T19:30:08.747477+00:00,201,2470.371,
2026-09-08T19:30:07.680969+00:00,201,3539.906,
2026-09-08T19:30:09.494983+00:00,201,1731.244,
2026-09-08T19:30:11.110351+00:00,201,127.896,
2026-09-08T19:30:09.196637+00:00,201,2044.563,
2026-09-08T19:30:07.817493+00:00,201,3426.354,
2026-09-08T19:30:11.130984+00:00,201,144.54,
2026-09-08T19:30:06.074327+00:00,201,5213.455,
2026-09-08T19:30:06.621364+00:00,201,4680.528,
2026-09-08T19:30:09.112413+00:00,201,2195.658,
2026-09-08T19:30:05.430557+00:00,201,5880.693,
2026-09-08T19:30:04.150688+00:00,201,7170.562,
2026-09-08T19:30:10.437759+00:00,201,885.159,
2026-09-08T19:30:08.685673+00:00,201,2651.104,
2026-09-08T19:30:09.507440+00:00,201,1836.462,
2026-09-08T19:30:02.551052+00:00,201,8794.949,
2026-09-08T19:30:04.308489+00:00,201,7045.271,
2026-09-08T19:29:53.273931+00:00,201,18088.786,
2026-09-08T19:30:05.472827+00:00,201,5894.91,
2026-09-08T19:30:10.555356+00:00,201,823.797,
2026-09-08T19:30:07.551803+00:00,201,3828.493,
2026-09-08T19:30:09.763106+00:00,201,1619.944,
2026-09-08T19:30:10.166765+00:00,201,1229.852,
2026-09-08T19:30:08.644704+00:00,201,2755.251,
2026-09-08T19:30:08.856481+00:00,201,2554.482,
2026-09-08T19:30:08.925001+00:00,201,2487.107,
2026-09-08T19:29:48.360823+00:00,201,23060.463,
2026-09-08T19:30:01.229118+00:00,201,10197.107,
2026-09-08T19:30:06.667984+00:00,201,4776.511,
2026-09-08T19:30:04.172737+00:00,201,7279.191,
2026-09-08T19:30:10.564295+00:00,201,893.201,
2026-09-08T19:30:01.621301+00:00,201,9845.081,
2026-09-08T19:30:10.212001+00:00,201,1259.924,
2026-09-08T19:30:06.465577+00:00,201,5008.169,
2026-09-08T19:30:10.801578+00:00,201,682.94,
2026-09-08T19:30:03.360098+00:00,201,8127.173,
2026-09-08T19:30:10.786620+00:00,201,709.624,
2026-09-08T19:30:00.972289+00:00,201,10536.044,
2026-09-08T19:30:08.485210+00:00,201,3033.913,
2026-09-08T19:30:08.298432+00:00,201,3225.934,
2026-09-08T19:30:09.906031+00:00,201,1620.228,
2026-09-08T19:29:56.177290+00:00,201,15357.2,
2026-09-08T19:30:09.289957+00:00,201,2245.932,
2026-09-08T19:30:09.168289+00:00,201,2376.013,
2026-09-08T19:30:10.629963+00:00,201,918.476,
2026-09-08T19:30:10.707510+00:00,201,847.621,
2026-09-08T19:29:59.820789+00:00,201,11743.884,
2026-09-08T19:30:06.252343+00:00,201,5314.487,
2026-09-08T19:30:11.444508+00:00,201,131.75,
2026-09-08T19:30:06.532452+00:00,201,5045.545,
2026-09-08T19:30:10.271391+00:00,201,1323.508,
2026-09-08T19:30:02.747645+00:00,201,8852.403,
2026-09-08T19:30:10.301100+00:00,201,1300.657,
2026-09-08T19:30:04.934399+00:00,201,6670.753,
2026-09-08T19:30:03.511779+00:00,201,8111.511,
2026-09-08T19:30:07.038113+00:00,201,4596.646,
2026-09-08T19:30:10.151964+00:00,201,1484.615,
2026-09-08T19:30:06.712837+00:00,201,4930.887,
2026-09-08T19:30:01.352022+00:00,201,10295.831,
2026-09-08T19:30:09.650618+00:00,201,1999.068,
2026-09-08T19:30:07.812599+00:00,201,3847.277,
2026-09-08T19:30:06.692999+00:00,201,4978.884,
2026-09-08T19:30:06.639353+00:00,201,5056.606,
2026-09-08T19:29:56.080943+00:00,201,15625.773,
2026-09-08T19:30:07.262577+00:00,201,4447.836,
2026-09-08T19:30:06.809983+00:00,201,4902.51,
2026-09-08T19:30:07.664220+00:00,201,4049.373,
2026-09-08T19:30:09.943754+00:00,201,1784.735,
2026-09-08T19:30:11.343910+00:00,201,396.108,
2026-09-08T19:30:08.881078+00:00,201,2865.198,
2026-09-08T19:30:06.514403+00:00,201,5250.339,
2026-09-08T19:30:11.241208+00:00,201,529.052,
2026-09-08T19:30:04.976535+00:00,201,6808.444,
2026-09-08T19:30:10.907420+00:00,201,880.959,
2026-09-08T19:30:08.130733+00:00,201,3659.284,
2026-09-08T19:30:10.820564+00:00,201,974.076,
2026-09-08T19:30:10.444945+00:00,201,1364.288,
2026-09-08T19:30:00.476767+00:00,201,11334.816,
2026-09-08T19:30:09.452790+00:00,201,2362.423,
2026-09-08T19:30:08.372476+00:00,201,3444.151,
2026-09-08T19:30:07.172682+00:00,201,4660.148,
2026-09-08T19:30:04.792175+00:00,201,7041.684,
2026-09-08T19:30:06.597057+00:00,201,5237.829,
2026-09-08T19:30:00.769920+00:00,201,11067.402,
2026-09-08T19:30:11.169403+00:00,201,669.504,
2026-09-08T19:30:09.953359+00:00,201,1896.473,
2026-09-08T19:30:08.284794+00:00,201,3567.019,
2026-09-08T19:30:11.159062+00:00,201,697.938,
2026-09-08T19:30:08.395265+00:00,201,3473.423,
2026-09-08T19:30:10.887153+00:00,201,985.554,
2026-09-08T19:30:11.746285+00:00,201,129.95,
2026-09-08T19:30:10.635816+00:00,201,1251.124,
2026-09-08T19:30:06.508314+00:00,201,5388.603,
2026-09-08T19:30:11.090824+00:00,201,809.066,
2026-09-08T19:30:03.571686+00:00,201,8329.398,
2026-09-08T19:30:08.114335+00:00,201,3793.124,
2026-09-08T19:30:11.020373+00:00,201,898.025,
2026-09-08T19:30:08.197139+00:00,201,3723.416,
2026-09-08T19:30:11.426243+00:00,201,502.357,
2026-09-08T19:30:10.856449+00:00,201,1089.365,
2026-09-08T19:30:04.323428+00:00,201,7633.644,
2026-09-08T19:30:08.190027+00:00,201,3768.296,
2026-09-08T19:30:09.139283+00:00,201,2852.257,
2026-09-08T19:30:08.111428+00:00,201,3881.391,
2026-09-08T19:30:05.214453+00:00,201,6781.129,
2026-09-08T19:30:01.506842+00:00,201,10490.02,
2026-09-08T19:30:10.717002+00:00,201,1282.748,
2026-09-08T19:30:11.275532+00:00,201,726.139,
2026-09-08T19:30:11.695974+00:00,201,310.904,
2026-09-08T19:30:11.487290+00:00,201,528.921,
2026-09-08T19:30:04.261298+00:00,201,7756.112,
2026-09-08T19:30:11.040975+00:00,201,978.2,
2026-09-08T19:30:07.602040+00:00,201,4434.348,
2026-09-08T19:30:06.956097+00:00,201,5082.715,
2026-09-08T19:30:11.321265+00:00,201,723.737,
2026-09-08T19:30:11.671898+00:00,201,386.647,
2026-09-08T19:30:11.336786+00:00,201,726.232,
2026-09-08T19:30:07.023322+00:00,201,5041.986,
2026-09-08T19:29:54.773429+00:00,201,17306.226,
2026-09-08T19:30:10.413641+00:00,201,1670.419,
2026-09-08T19:30:10.420899+00:00,201,1670.744,
2026-09-08T19:30:08.999022+00:00,201,3096.391,
2026-09-08T19:30:07.624157+00:00,201,4484.887,
2026-09-08T19:30:07.904214+00:00,201,4210.448,
2026-09-08T19:30:11.918406+00:00,201,205.698,
2026-09-08T19:29:56.795213+00:00,201,15348.321,
2026-09-08T19:30:09.101949+00:00,201,3043.531,
2026-09-08T19:30:08.311128+00:00,201,3848.032,
2026-09-08T19:30:11.028019+00:00,201,1137.816,
2026-09-08T19:30:04.328767+00:00,201,7841.406,
2026-09-08T19:30:11.311266+00:00,201,877.771,
2026-09-08T19:30:08.293999+00:00,201,3897.85,
2026-09-08T19:29:53.154749+00:00,201,19050.363,
2026-09-08T19:29:56.637923+00:00,201,15568.89,
2026-09-08T19:29:55.434976+00:00,201,16780.84,
2026-09-08T19:30:01.244138+00:00,201,10974.08,
2026-09-08T19:30:09.637085+00:00,201,2584.28,
2026-09-08T19:30:10.175023+00:00,201,2047.718,
2026-09-08T19:30:07.410039+00:00,201,4818.085,
2026-09-08T19:30:09.747685+00:00,201,2484.897,
2026-09-08T19:30:07.093556+00:00,201,5148.013,
2026-09-08T19:30:12.109058+00:00,201,134.068,
2026-09-08T19:30:08.366928+00:00,201,3886.038,
2026-09-08T19:30:11.855823+00:00,201,398.501,
2026-09-08T19:30:07.657080+00:00,201,4601.245,
2026-09-08T19:30:12.124112+00:00,201,136.893,
2026-09-08T19:30:10.118583+00:00,201,2146.435,
2026-09-08T19:30:01.524086+00:00,201,10746.958,
2026-09-08T19:30:01.413345+00:00,201,10858.695,
2026-09-08T19:30:10.502905+00:00,201,1780.28,
2026-09-08T19:30:08.262209+00:00,201,4027.199,
2026-09-08T19:30:12.189044+00:00,201,104.789,
2026-09-08T19:30:11.929995+00:00,201,368.46,
2026-09-08T19:30:10.569290+00:00,201,1730.112,
2026-09-08T19:30:10.649515+00:00,201,1670.277,
2026-09-08T19:30:05.921868+00:00,201,6409.335,
2026-09-08T19:30:07.144014+00:00,201,5196.815,
2026-09-08T19:30:05.868642+00:00,201,6476.115,
2026-09-08T19:30:10.915475+00:00,201,1434.38,
2026-09-08T19:30:08.798973+00:00,201,3551.979,
2026-09-08T19:30:11.566842+00:00,201,788.947,
2026-09-08T19:30:09.153358+00:00,201,3205.391,
2026-09-08T19:30:07.278521+00:00,201,5082.321,
2026-09-08T19:30:10.610571+00:00,201,1751.183,
2026-09-08T19:30:06.662947+00:00,201,5705.3,
2026-09-08T19:30:05.942773+00:00,201,6433.698,
2026-09-08T19:30:03.911990+00:00,201,8481.254,
2026-09-08T19:30:06.120230+00:00,201,6274.28,
2026-09-08T19:30:08.230861+00:00,201,4173.839,
2026-09-08T19:30:08.954823+00:00,201,3456.836,
2026-09-08T19:30:07.021377+00:00,201,5392.979,
2026-09-08T19:30:04.564990+00:00,201,7856.133,
2026-09-08T19:29:56.593124+00:00,201,15830.139,
2026-09-08T19:30:10.122405+00:00,201,2303.068,
2026-09-08T19:30:11.780065+00:00,201,648.074,
2026-09-08T19:30:08.713896+00:00,201,3718.307,
2026-09-08T19:30:09.023033+00:00,201,3410.849,
2026-09-08T19:30:12.340845+00:00,201,94.348,
2026-09-08T19:30:05.378702+00:00,201,7061.975,
2026-09-08T19:30:12.350965+00:00,201,92.732,
2026-09-08T19:30:02.601439+00:00,201,9844.931,
2026-09-08T19:30:02.641733+00:00,201,9808.762,
2026-09-08T19:30:08.784049+00:00,201,3669.296,
2026-09-08T19:30:06.596390+00:00,201,5857.98,
2026-09-08T19:30:11.207579+00:00,201,1248.925,
2026-09-08T19:30:04.333393+00:00,201,8135.524,
2026-09-08T19:30:09.221471+00:00,201,3248.257,
2026-09-08T19:30:06.850162+00:00,201,5623.713,
2026-09-08T19:30:10.155639+00:00,201,2319.191,
2026-09-08T19:29:54.652803+00:00,201,17822.994,
2026-09-08T19:30:08.865606+00:00,201,3627.572,
2026-09-08T19:30:03.814488+00:00,201,8683.194,
2026-09-08T19:30:05.705850+00:00,201,6802.905,
2026-09-08T19:29:57.571892+00:00,201,14943.435,
2026-09-08T19:30:06.852712+00:00,201,5670.263,
2026-09-08T19:30:10.777542+00:00,201,1748.167,
2026-09-08T19:30:08.075094+00:00,201,4452.463,
2026-09-08T19:30:02.770775+00:00,201,9760.637,
2026-09-08T19:30:09.493684+00:00,201,3039.321,
2026-09-08T19:30:02.507427+00:00,201,10027.862,
2026-09-08T19:30:00.564596+00:00,201,11981.906,
2026-09-08T19:30:11.064490+00:00,201,1483.264,
2026-09-08T19:30:12.473890+00:00,201,82.178,
2026-09-08T19:30:07.534162+00:00,201,5022.781,
2026-09-08T19:30:12.468935+00:00,201,92.591,
2026-09-08T19:30:07.064452+00:00,201,5502.856,
2026-09-08T19:30:02.972462+00:00,201,9595.855,
2026-09-08T19:30:10.051493+00:00,201,2528.529,
2026-09-08T19:30:08.082192+00:00,201,4503.304,
2026-09-08T19:30:10.339205+00:00,201,2249.786,
2026-09-08T19:30:03.485734+00:00,201,9110.603,
2026-09-08T19:30:11.876242+00:00,201,725.955,
2026-09-08T19:30:11.117457+00:00,201,1489.068,
2026-09-08T19:30:10.153086+00:00,201,2461.076,
2026-09-08T19:30:12.525721+00:00,201,90.47,
2026-09-08T19:30:10.905863+00:00,201,1712.864,
2026-09-08T19:30:12.544224+00:00,201,81.644,
2026-09-08T19:30:01.541920+00:00,201,11091.911,
2026-09-08T19:30:04.996187+00:00,201,7638.615,
2026-09-08T19:30:08.587514+00:00,201,4059.93,
2026-09-08T19:30:09.330269+00:00,201,3318.118,
2026-09-08T19:30:08.192917+00:00,201,4460.77,
2026-09-08T19:30:06.791898+00:00,201,5867.82,
2026-09-08T19:30:10.781711+00:00,201,1882.372,
2026-09-08T19:30:07.203705+00:00,201,5464.522,
2026-09-08T19:30:10.827515+00:00,201,1841.646,
2026-09-08T19:30:08.503126+00:00,201,4172.269,
2026-09-08T19:30:11.054688+00:00,201,1622.112,
2026-09-08T19:30:11.584818+00:00,201,1098.347,
2026-09-08T19:30:12.058555+00:00,201,628.064,
2026-09-08T19:30:08.725374+00:00,201,3978.17,
2026-09-08T19:30:10.937930+00:00,201,1771.387,
2026-09-08T19:30:08.330611+00:00,201,4382.338,
2026-09-08T19:30:10.912524+00:00,201,1802.914,
2026-09-08T19:30:08.153156+00:00,201,4574.006,
2026-09-08T19:30:11.636586+00:00,201,1099.919,
2026-09-08T19:30:10.256277+00:00,201,2490.094,
2026-09-08T19:30:08.289431+00:00,201,4462.951,
2026-09-08T19:30:09.350884+00:00,201,3402.479,
2026-09-08T19:30:08.560266+00:00,201,4196.425,
2026-09-08T19:30:07.284679+00:00,201,5473.004,
2026-09-08T19:30:11.203918+00:00,201,1558.607,
2026-09-08T19:30:01.603169+00:00,201,11167.991,
2026-09-08T19:30:01.642713+00:00,201,11142.196,
2026-09-08T19:30:03.159821+00:00,201,9626.919,
2026-09-08T19:30:06.904817+00:00,201,5883.195,
2026-09-08T19:30:07.415349+00:00,201,5380.341,
2026-09-08T19:30:06.237975+00:00,201,6562.986,
2026-09-08T19:30:02.647751+00:00,201,10155.14,
2026-09-08T19:30:02.420742+00:00,201,10384.427,
2026-09-08T19:30:06.728019+00:00,201,6079.247,
2026-09-08T19:30:12.215845+00:00,201,592.29,
2026-09-08T19:30:07.185570+00:00,201,5627.06,
2026-09-08T19:30:07.941081+00:00,201,4887.034,
2026-09-08T19:30:12.736514+00:00,201,94.647,
2026-09-08T19:30:08.963272+00:00,201,3868.994,
2026-09-08T19:30:12.152259+00:00,201,681.092,
2026-09-08T19:30:03.269307+00:00,201,9575.816,
2026-09-08T19:30:10.084587+00:00,201,2779.051,
2026-09-08T19:29:57.857836+00:00,201,15006.555,
2026-09-08T19:30:11.308083+00:00,201,1560.051,
2026-09-08T19:30:11.206258+00:00,201,1668.342,
2026-09-08T19:30:11.794646+00:00,201,1087.319,
2026-09-08T19:30:12.411669+00:00,201,473.57,
2026-09-08T19:30:03.706158+00:00,201,9182.399,
2026-09-08T19:30:09.874356+00:00,201,3016.08,
2026-09-08T19:30:07.477827+00:00,201,5413.423,
2026-09-08T19:30:08.496957+00:00,201,4397.843,
2026-09-08T19:30:07.099713+00:00,201,5801.627,
2026-09-08T19:30:11.837345+00:00,201,1076.509,
2026-09-08T19:30:12.832276+00:00,201,84.505,
2026-09-08T19:30:08.824540+00:00,201,4100.283,
2026-09-08T19:30:09.317074+00:00,201,3616.337,
2026-09-08T19:29:59.403908+00:00,201,13536.777,
2026-09-08T19:30:07.060767+00:00,201,5881.56,
2026-09-08T19:30:10.804537+00:00,201,2142.092,
2026-09-08T19:30:08.944308+00:00,201,4004.117,
2026-09-08T19:30:08.783175+00:00,201,4172.917,
2026-09-08T19:30:11.907470+00:00,201,1050.647,
2026-09-08T19:30:08.547573+00:00,201,4422.472,
2026-09-08T19:30:02.742794+00:00,201,10229.347,
2026-09-08T19:30:12.556075+00:00,201,427.526,
2026-09-08T19:30:11.466403+00:00,201,1523.759,
2026-09-08T19:30:06.775968+00:00,201,6216.23,
2026-09-08T19:30:12.006887+00:00,201,986.843,
2026-09-08T19:30:11.809244+00:00,201,1190.433,
2026-09-08T19:30:12.232599+00:00,201,771.515,
2026-09-08T19:30:04.255606+00:00,201,8749.313,
2026-09-08T19:30:12.916788+00:00,201,90.347,
2026-09-08T19:30:08.078097+00:00,201,4931.311,
2026-09-08T19:30:08.895471+00:00,201,4118.973,
2026-09-08T19:30:07.899142+00:00,201,5120.654,
2026-09-08T19:30:08.501771+00:00,201,4520.492,
2026-09-08T19:30:11.220886+00:00,201,1805.233,
2026-09-08T19:30:12.469737+00:00,201,560.117,
2026-09-08T19:30:10.560621+00:00,201,2478.941,
2026-09-08T19:29:59.254319+00:00,201,13787.867,
2026-09-08T19:30:05.950967+00:00,201,7102.417,
2026-09-08T19:30:12.970057+00:00,201,91.107,
2026-09-08T19:30:04.539077+00:00,201,8536.467,
2026-09-08T19:30:11.353774+00:00,201,1727.714,
2026-09-08T19:30:01.219595+00:00,201,11863.462,
2026-09-08T19:30:12.907154+00:00,201,179.735,
2026-09-08T19:29:53.334457+00:00,201,19762.915,
2026-09-08T19:30:10.050419+00:00,201,3049.509,
2026-09-08T19:30:06.526246+00:00,201,6575.384,
2026-09-08T19:30:12.561534+00:00,201,549.382,
2026-09-08T19:30:11.713604+00:00,201,1400.043,
2026-09-08T19:30:10.719050+00:00,201,2399.019,
2026-09-08T19:30:09.623478+00:00,201,3499.544,
2026-09-08T19:30:11.578010+00:00,201,1549.906,
2026-09-08T19:30:13.039570+00:00,201,89.65,
2026-09-08T19:30:07.863255+00:00,201,5268.126,
2026-09-08T19:30:06.426731+00:00,201,6705.725,
2026-09-08T19:30:08.541881+00:00,201,4591.33,
2026-09-08T19:30:10.876723+00:00,201,2265.635,
2026-09-08T19:30:13.053399+00:00,201,89.741,
2026-09-08T19:30:13.073866+00:00,201,77.601,
2026-09-08T19:30:10.863237+00:00,201,2292.222,
2026-09-08T19:30:09.114417+00:00,201,4042.68,
2026-09-08T19:30:12.795704+00:00,201,381.763,
2026-09-08T19:30:07.594197+00:00,201,5585.329,
2026-09-08T19:30:06.942037+00:00,201,6238.462,
2026-09-08T19:30:07.625435+00:00,201,5559.11,
2026-09-08T19:30:06.573453+00:00,201,6612.139,
2026-09-08T19:30:11.815225+00:00,201,1375.388,
2026-09-08T19:30:06.681610+00:00,201,6512.051,
2026-09-08T19:30:09.986132+00:00,201,3213.902,
2026-09-08T19:30:12.205144+00:00,201,997.877,
2026-09-08T19:30:11.080468+00:00,201,2125.082,
2026-09-08T19:30:03.696854+00:00,201,9510.492,
2026-09-08T19:30:09.414959+00:00,201,3794.025,
2026-09-08T19:30:03.541830+00:00,201,9671.14,
2026-09-08T19:30:12.254330+00:00,201,964.362,
2026-09-08T19:30:06.592293+00:00,201,6632.045,
2026-09-08T19:30:10.574639+00:00,201,2657.285,
2026-09-08T19:30:06.124966+00:00,201,7107.677,
2026-09-08T19:30:05.964097+00:00,201,7276.003,
2026-09-08T19:30:13.151476+00:00,201,91.27,
2026-09-08T19:30:12.669168+00:00,201,578.458,
2026-09-08T19:30:11.544313+00:00,201,1704.187,
2026-09-08T19:30:13.009420+00:00,201,245.142,
2026-09-08T19:30:11.410971+00:00,201,1846.224,
2026-09-08T19:30:12.493191+00:00,201,767.023,
2026-09-08T19:30:04.768958+00:00,201,8497.61,
2026-09-08T19:30:08.162655+00:00,201,5116.827,
2026-09-08T19:30:10.730239+00:00,201,2551.948,
2026-09-08T19:30:11.367752+00:00,201,1919.959,
2026-09-08T19:30:04.567055+00:00,201,8721.634,
2026-09-08T19:30:03.095099+00:00,201,10203.375,
2026-09-08T19:30:11.555141+00:00,201,1747.293,
2026-09-08T19:30:00.811182+00:00,201,12492.754,
2026-09-08T19:30:08.188705+00:00,201,5123.945,
2026-09-08T19:30:09.705277+00:00,201,3613.332,
2026-09-08T19:30:11.896930+00:00,201,1425.601,
2026-09-08T19:30:06.486346+00:00,201,6844.249,
2026-09-08T19:30:09.271283+00:00,201,4060.452,
2026-09-08T19:30:09.015854+00:00,201,4322.569,
2026-09-08T19:30:06.280815+00:00,201,7061.927,
2026-09-08T19:30:03.663969+00:00,201,9682.871,
2026-09-08T19:30:08.882453+00:00,201,4466.194,
2026-09-08T19:30:10.379389+00:00,201,2976.468,
2026-09-08T19:30:09.049579+00:00,201,4308.314,
2026-09-08T19:30:06.579137+00:00,201,6794.567,
2026-09-08T19:30:12.361760+00:00,201,1015.81,
2026-09-08T19:30:03.263248+00:00,201,10115.345,
2026-09-08T19:30:07.646679+00:00,201,5740.945,
2026-09-08T19:30:03.090683+00:00,201,10299.016,
2026-09-08T19:30:13.143148+00:00,201,249.142,
2026-09-08T19:30:07.869349+00:00,201,5526.447,
2026-09-08T19:30:13.312663+00:00,201,88.032,
2026-09-08T19:30:01.329134+00:00,201,12072.32,
2026-09-08T19:30:08.475285+00:00,201,4928.229,
2026-09-08T19:30:13.232659+00:00,201,174.567,
2026-09-08T19:30:12.416796+00:00,201,998.028,
2026-09-08T19:30:03.777525+00:00,201,9640.407,
2026-09-08T19:30:08.364756+00:00,201,5055.913,
2026-09-08T19:30:12.585507+00:00,201,836.906,
2026-09-08T19:30:08.615032+00:00,201,4816.614,
2026-09-08T19:30:12.341945+00:00,201,1091.63,
2026-09-08T19:30:10.693816+00:00,201,2741.711,
2026-09-08T19:30:13.346861+00:00,201,90.825,
2026-09-08T19:30:11.522041+00:00,201,1926.856,
2026-09-08T19:30:09.347974+00:00,201,4102.536,
2026-09-08T19:30:12.221373+00:00,201,1236.302,
2026-09-08T19:30:09.199304+00:00,201,4264.765,
2026-09-08T19:30:11.992830+00:00,201,1483.861,
2026-09-08T19:30:07.222521+00:00,201,6257.474,
2026-09-08T19:30:12.206840+00:00,201,1281.713,
2026-09-08T19:30:12.596357+00:00,201,903.369,
2026-09-08T19:30:11.115203+00:00,201,2385.859,
2026-09-08T19:30:11.958333+00:00,201,1544.905,
2026-09-08T19:30:07.268777+00:00,201,6239.947,
2026-09-08T19:30:11.899897+00:00,201,1610.042,
2026-09-08T19:30:12.901355+00:00,201,619.115,
2026-09-08T19:30:13.185610+00:00,201,340.269,
2026-09-08T19:30:06.776608+00:00,201,6758.231,
2026-09-08T19:30:07.115808+00:00,201,6425.28,
2026-09-08T19:30:06.897424+00:00,201,6647.377,
2026-09-08T19:30:11.209003+00:00,201,2336.795,
2026-09-08T19:30:12.443703+00:00,201,1111.247,
2026-09-08T19:30:11.526268+00:00,201,2029.412,
2026-09-08T19:30:13.476701+00:00,201,80.046,
2026-09-08T19:30:11.379159+00:00,201,2186.919,
2026-09-08T19:30:04.431581+00:00,201,9135.753,
2026-09-08T19:30:12.475829+00:00,201,1097.95,
2026-09-08T19:30:12.800977+00:00,201,774.715,
2026-09-08T19:30:10.739945+00:00,201,2845.229,
2026-09-08T19:30:12.845142+00:00,201,748.593,
2026-09-08T19:30:10.297217+00:00,201,3297.405,
2026-09-08T19:30:12.522990+00:00,201,1080.419,
2026-09-08T19:30:11.999759+00:00,201,1605.316,
2026-09-08T19:30:08.755497+00:00,201,4851.058,
2026-09-08T19:30:08.001145+00:00,201,5608.27,
2026-09-08T19:30:02.736155+00:00,201,10879.518,
2026-09-08T19:30:03.799702+00:00,201,9819.826,
2026-09-08T19:30:08.021745+00:00,201,5602.257,
2026-09-08T19:30:08.011292+00:00,201,5623.525,
2026-09-08T19:30:06.277844+00:00,201,7363.479,
2026-09-08T19:30:12.979603+00:00,201,662.604,
2026-09-08T19:30:13.555689+00:00,201,87.397,
2026-09-08T19:30:12.368263+00:00,201,1284.54,
2026-09-08T19:30:02.846472+00:00,201,10810.66,
2026-09-08T19:30:08.823343+00:00,201,4838.259,
2026-09-08T19:30:11.155984+00:00,201,2508.401,
2026-09-08T19:30:12.807282+00:00,201,865.548,
2026-09-08T19:30:12.454385+00:00,201,1222.644,
2026-09-08T19:30:03.952288+00:00,201,9727.496,
2026-09-08T19:30:06.381715+00:00,201,7299.296,
2026-09-08T19:30:13.097407+00:00,201,598.555,
2026-09-08T19:30:09.997613+00:00,201,3702.941,
2026-09-08T19:30:06.718461+00:00,201,6984.42,
2026-09-08T19:30:08.779138+00:00,201,4927.225,
2026-09-08T19:30:07.979247+00:00,201,5732.626,
2026-09-08T19:30:10.806582+00:00,201,2919.344,
2026-09-08T19:30:12.634819+00:00,201,1093.622,
2026-09-08T19:30:08.838202+00:00,201,4895.613,
2026-09-08T19:29:58.755522+00:00,201,14979.104,
2026-09-08T19:30:12.648400+00:00,201,1089.387,
2026-09-08T19:30:13.457682+00:00,201,298.862,
2026-09-08T19:30:13.155469+00:00,201,603.127,
2026-09-08T19:30:13.450521+00:00,201,333.031,
2026-09-08T19:30:10.182963+00:00,201,3605.901,
2026-09-08T19:30:13.501071+00:00,201,292.812,
2026-09-08T19:30:12.533014+00:00,201,1262.481,
2026-09-08T19:30:08.448064+00:00,201,5351.938,
2026-09-08T19:30:13.695972+00:00,201,106.686,
2026-09-08T19:30:12.376487+00:00,201,1442.695,
2026-09-08T19:30:11.982264+00:00,201,1844.349,
2026-09-08T19:30:13.634830+00:00,201,195.682,
2026-09-08T19:30:11.788385+00:00,201,2053.819,
2026-09-08T19:30:13.575701+00:00,201,269.582,
2026-09-08T19:30:13.266585+00:00,201,586.413,
2026-09-08T19:30:11.647877+00:00,201,2210.289,
2026-09-08T19:30:12.414369+00:00,201,1450.015,
2026-09-08T19:30:11.161132+00:00,201,2704.388,
2026-09-08T19:30:02.145894+00:00,201,11723.693,
2026-09-08T19:30:13.144026+00:00,201,726.551,
2026-09-08T19:30:10.909473+00:00,201,2967.123,
2026-09-08T19:30:06.544136+00:00,201,7339.738,
2026-09-08T19:30:11.833874+00:00,201,2051.813,
2026-09-08T19:30:09.470614+00:00,201,4416.933,
2026-09-08T19:30:10.600083+00:00,201,3289.694,
2026-09-08T19:30:06.693953+00:00,201,7197.123,
2026-09-08T19:30:12.828129+00:00,201,1068.979,
2026-09-08T19:30:09.306787+00:00,201,4597.298,
2026-09-08T19:30:12.404713+00:00,201,1501.642,
2026-09-08T19:30:04.145313+00:00,201,9762.147,
2026-09-08T19:30:11.576263+00:00,201,2340.09,
2026-09-08T19:30:03.445703+00:00,201,10473.964,
2026-09-08T19:30:08.977758+00:00,201,4945.591,
2026-09-08T19:30:01.561189+00:00,201,12365.596,
2026-09-08T19:30:12.331219+00:00,201,1597.742,
2026-09-08T19:30:10.885951+00:00,201,3045.103,
2026-09-08T19:30:06.982751+00:00,201,6966.058,
2026-09-08T19:30:12.216933+00:00,201,1740.161,
2026-09-08T19:30:11.959290+00:00,201,2003.518,
2026-09-08T19:30:11.535900+00:00,201,2427.725,
2026-09-08T19:29:52.573429+00:00,201,21392.32,
2026-09-08T19:30:13.672837+00:00,201,300.347,
2026-09-08T19:30:06.320459+00:00,201,7665.036,
2026-09-08T19:30:12.421140+00:00,201,1573.127,
2026-09-08T19:30:13.907479+00:00,201,87.916,
2026-09-08T19:30:11.600068+00:00,201,2402.701,
2026-09-08T19:30:13.725935+00:00,201,278.132,
2026-09-08T19:29:58.570926+00:00,201,15433.958,
2026-09-08T19:30:09.578700+00:00,201,4429.298,
2026-09-08T19:30:12.036400+00:00,201,1975.145,
2026-09-08T19:30:08.684609+00:00,201,5327.814,
2026-09-08T19:30:13.642215+00:00,201,373.532,
2026-09-08T19:30:13.644061+00:00,201,372.489,
2026-09-08T19:30:10.499048+00:00,201,3519.457,
2026-09-08T19:30:12.775752+00:00,201,1258.43,
2026-09-08T19:30:00.498876+00:00,201,13546.169,
2026-09-08T19:30:05.405313+00:00,201,8640.763,
2026-09-08T19:30:06.499801+00:00,201,7552.358,
2026-09-08T19:30:11.790030+00:00,201,2268.14,
2026-09-08T19:30:10.074274+00:00,201,3984.883,
2026-09-08T19:30:12.618737+00:00,201,1453.893,
2026-09-08T19:30:12.349862+00:00,201,1725.586,
2026-09-08T19:30:11.524375+00:00,201,2554.666,
2026-09-08T19:30:13.994276+00:00,201,86.23,
2026-09-08T19:30:11.643738+00:00,201,2437.559,
2026-09-08T19:30:12.874608+00:00,201,1214.062,
2026-09-08T19:30:13.499735+00:00,201,597.131,
2026-09-08T19:30:13.004936+00:00,201,1097.602,
2026-09-08T19:30:10.485574+00:00,201,3622.694,
2026-09-08T19:30:14.018518+00:00,201,92.481,
2026-09-08T19:30:11.451943+00:00,201,2671.094,
2026-09-08T19:30:12.191861+00:00,201,1932.84,
2026-09-08T19:30:11.634771+00:00,201,2491.07,
2026-09-08T19:30:13.331746+00:00,201,796.005,
2026-09-08T19:30:13.318624+00:00,201,810.86,
2026-09-08T19:29:50.664294+00:00,201,23466.425,
2026-09-08T19:30:14.041665+00:00,201,96.739,
2026-09-08T19:30:12.159171+00:00,201,1981.918,
2026-09-08T19:30:06.436457+00:00,201,7717.995,
2026-09-08T19:30:08.222681+00:00,201,5934.865,
2026-09-08T19:30:01.399787+00:00,201,12761.423,
2026-09-08T19:30:13.842215+00:00,201,340.046,
2026-09-08T19:29:51.792652+00:00,201,22390.741,
2026-09-08T19:30:12.580031+00:00,201,1614.154,
2026-09-08T19:30:05.161482+00:00,201,9034.45,
2026-09-08T19:30:09.552772+00:00,201,4649.236,
2026-09-08T19:30:05.224326+00:00,201,8980.11,
2026-09-08T19:30:13.322541+00:00,201,882.816,
2026-09-08T19:30:12.625877+00:00,201,1585.796,
2026-09-08T19:30:12.051779+00:00,201,2162.762,
2026-09-08T19:30:13.240116+00:00,201,988.759,
2026-09-08T19:30:12.943941+00:00,201,1287.168,
2026-09-08T19:30:12.474839+00:00,201,1759.817,
2026-09-08T19:30:02.063191+00:00,201,12181.575,
2026-09-08T19:30:11.991552+00:00,201,2254.907,
2026-09-08T19:30:13.844244+00:00,201,410.447,
2026-09-08T19:30:09.390570+00:00,201,4866.476,
2026-09-08T19:30:13.537831+00:00,201,720.357,
2026-09-08T19:30:01.030462+00:00,201,13241.716,
2026-09-08T19:30:12.940712+00:00,201,1333.614,
2026-09-08T19:30:10.146660+00:00,201,4131.839,
2026-09-08T19:30:11.508353+00:00,201,2775.715,
2026-09-08T19:30:09.038189+00:00,201,5250.997,
2026-09-08T19:30:11.318155+00:00,201,2977.085,
2026-09-08T19:30:12.546525+00:00,201,1760.758,
2026-09-08T19:30:13.180516+00:00,201,1136.873,
2026-09-08T19:30:10.559616+00:00,201,3759.023,
2026-09-08T19:30:13.200043+00:00,201,1121.597,
2026-09-08T19:30:07.565571+00:00,201,6757.854,
2026-09-08T19:30:06.635153+00:00,201,7697.479,
2026-09-08T19:29:57.809838+00:00,201,16524.923,
2026-09-08T19:30:13.641341+00:00,201,699.519,
2026-09-08T19:30:13.357907+00:00,201,986.496,
2026-09-08T19:30:13.372859+00:00,201,974.976,
2026-09-08T19:30:09.671474+00:00,201,4681.266,
2026-09-08T19:30:14.004911+00:00,201,353.689,
2026-09-08T19:30:06.899457+00:00,201,7462.609,
2026-09-08T19:30:08.406769+00:00,201,5971.996,
2026-09-08T19:30:08.698066+00:00,201,5683.364,
2026-09-08T19:29:57.219952+00:00,201,17184.26,
2026-09-08T19:30:11.069070+00:00,201,3336.01,
2026-09-08T19:30:11.287795+00:00,201,3121.063,
2026-09-08T19:30:13.853005+00:00,201,559.764,
2026-09-08T19:30:14.317399+00:00,201,100.124,
2026-09-08T19:30:13.442220+00:00,201,985.661,
2026-09-08T19:30:12.757695+00:00,201,1675.61,
2026-09-08T19:30:13.891091+00:00,201,548.113,
2026-09-08T19:30:05.831777+00:00,201,8611.958,
2026-09-08T19:30:12.453354+00:00,201,1993.109,
2026-09-08T19:30:01.627415+00:00,201,12830.034,
2026-09-08T19:30:13.783561+00:00,201,674.603,
2026-09-08T19:30:08.717197+00:00,201,5742.822,
2026-09-08T19:30:04.954064+00:00,201,9508.291,
2026-09-08T19:30:10.447511+00:00,201,4017.007,
2026-09-08T19:30:09.627764+00:00,201,4837.881,
2026-09-08T19:30:06.906988+00:00,201,7571.669,
2026-09-08T19:30:09.863150+00:00,201,4619.543,
2026-09-08T19:30:05.747382+00:00,201,8738.009,
2026-09-08T19:30:00.508184+00:00,201,13979.232,
2026-09-08T19:30:10.229277+00:00,201,4259.969,
2026-09-08T19:30:10.070174+00:00,201,4427.791,
2026-09-08T19:30:06.353920+00:00,201,8144.771,
2026-09-08T19:30:10.224919+00:00,201,4278.531,
2026-09-08T19:30:12.507086+00:00,201,2009.15,
2026-09-08T19:30:06.206291+00:00,201,8315.172,
2026-09-08T19:30:13.593742+00:00,201,938.49,
2026-09-08T19:30:12.890449+00:00,201,1647.0,
2026-09-08T19:30:13.004120+00:00,201,1539.919,
2026-09-08T19:30:14.148548+00:00,201,397.016,
2026-09-08T19:30:10.752389+00:00,201,3800.304,
2026-09-08T19:30:12.812646+00:00,201,1745.328,
2026-09-08T19:30:11.453103+00:00,201,3106.876,
2026-09-08T19:30:10.385538+00:00,201,4176.622,
2026-09-08T19:30:13.928972+00:00,201,638.831,
2026-09-08T19:30:13.940433+00:00,201,628.114,
2026-09-08T19:30:13.407231+00:00,201,1162.194,
2026-09-08T19:30:12.222750+00:00,201,2357.068,
2026-09-08T19:30:13.218700+00:00,201,1365.138,
2026-09-08T19:30:06.498345+00:00,201,8087.259,
2026-09-08T19:30:14.321648+00:00,201,270.388,
2026-09-08T19:30:06.624800+00:00,201,7971.043,
2026-09-08T19:30:03.780576+00:00,201,10817.892,
2026-09-08T19:30:14.088682+00:00,201,511.53,
2026-09-08T19:30:12.933423+00:00,201,1669.117,
2026-09-08T19:30:13.864393+00:00,201,741.864,
2026-09-08T19:30:10.228456+00:00,201,4386.684,
2026-09-08T19:30:13.207366+00:00,201,1410.833,
2026-09-08T19:30:02.671055+00:00,201,11951.094,
2026-09-08T19:30:06.422204+00:00,201,8202.244,
2026-09-08T19:30:14.476053+00:00,201,155.166,
2026-09-08T19:30:09.990084+00:00,201,4641.987,
2026-09-08T19:30:07.579830+00:00,201,7053.756,
2026-09-08T19:30:09.924471+00:00,201,4710.298,
2026-09-08T19:30:12.879629+00:00,201,1773.959,
2026-09-08T19:30:12.547761+00:00,201,2107.604,
2026-09-08T19:30:14.154471+00:00,201,501.636,
2026-09-08T19:30:11.385737+00:00,201,3276.684,
2026-09-08T19:30:13.885695+00:00,201,780.226,
2026-09-08T19:30:14.579827+00:00,201,87.92,
2026-09-08T19:30:11.659889+00:00,201,3021.479,
2026-09-08T19:30:12.170191+00:00,201,2513.196,
2026-09-08T19:30:12.065321+00:00,201,2623.832,
2026-09-08T19:30:06.976623+00:00,201,7713.297,
2026-09-08T19:30:13.605083+00:00,201,1094.838,
2026-09-08T19:30:10.358515+00:00,201,4343.559,
2026-09-08T19:30:13.585185+00:00,201,1117.601,
2026-09-08T19:30:10.581608+00:00,201,4131.119,
2026-09-08T19:30:12.888575+00:00,201,1826.363,
2026-09-08T19:30:13.756551+00:00,201,959.182,
2026-09-08T19:30:10.254705+00:00,201,4467.693,
2026-09-08T19:30:12.752398+00:00,201,1977.771,
2026-09-08T19:30:10.520534+00:00,201,4214.843,
2026-09-08T19:30:00.832512+00:00,201,13916.46,
2026-09-08T19:30:08.385260+00:00,201,6366.148,
2026-09-08T19:30:09.206450+00:00,201,5546.457,
2026-09-08T19:30:09.669094+00:00,201,5085.46,
2026-09-08T19:30:12.446392+00:00,201,2313.066,
2026-09-08T19:30:05.833001+00:00,201,8927.232,
2026-09-08T19:30:07.013606+00:00,201,7748.842,
2026-09-08T19:30:06.642307+00:00,201,8125.597,
2026-09-08T19:30:11.412121+00:00,201,3358.223,
2026-09-08T19:30:12.143562+00:00,201,2629.026,
2026-09-08T19:30:12.942341+00:00,201,1832.724,
2026-09-08T19:30:06.859410+00:00,201,7918.515,
2026-09-08T19:30:07.987638+00:00,201,6792.461,
2026-09-08T19:30:10.566752+00:00,201,4219.009,
2026-09-08T19:30:10.078515+00:00,201,4734.688,
2026-09-08T19:30:09.521528+00:00,201,5301.908,
2026-09-08T19:30:13.594633+00:00,201,1233.038,
2026-09-08T19:30:12.272062+00:00,201,2557.784,
2026-09-08T19:30:14.176402+00:00,201,656.214,
2026-09-08T19:30:10.495671+00:00,201,4351.411,
2026-09-08T19:30:13.448906+00:00,201,1403.441,
2026-09-08T19:30:14.585620+00:00,201,271.552,
2026-09-08T19:30:12.017426+00:00,201,2843.573,
2026-09-08T19:30:06.931017+00:00,201,7947.443,
2026-09-08T19:30:13.287719+00:00,201,1592.082,
2026-09-08T19:30:09.820593+00:00,201,5062.044,
2026-09-08T19:30:12.686628+00:00,201,2198.775,
2026-09-08T19:30:11.754117+00:00,201,3136.028,
2026-09-08T19:30:13.086896+00:00,201,1807.939,
2026-09-08T19:30:09.604580+00:00,201,5294.961,
2026-09-08T19:30:08.973998+00:00,201,5926.416,
2026-09-08T19:30:12.709330+00:00,201,2198.216,
2026-09-08T19:30:11.928606+00:00,201,2985.26,
2026-09-08T19:30:12.095426+00:00,201,2823.108,
2026-09-08T19:30:04.194507+00:00,201,10728.086,
2026-09-08T19:30:13.615694+00:00,201,1309.268,
2026-09-08T19:30:02.093832+00:00,201,12843.343,
2026-09-08T19:30:14.130758+00:00,201,821.964,
2026-09-08T19:30:07.000187+00:00,201,7958.122,
2026-09-08T19:30:10.482977+00:00,201,4480.642,
2026-09-08T19:30:12.972160+00:00,201,1996.038,
2026-09-08T19:30:14.569433+00:00,201,400.76,
2026-09-08T19:30:11.714519+00:00,201,3259.477,
2026-09-08T19:30:08.839447+00:00,201,6139.902,
2026-09-08T19:30:12.805192+00:00,201,2180.357,
2026-09-08T19:30:11.063391+00:00,201,3929.189,
2026-09-08T19:30:11.383063+00:00,201,3611.216,
2026-09-08T19:30:13.431658+00:00,201,1567.128,
2026-09-08T19:30:00.453931+00:00,201,14547.769,
2026-09-08T19:30:10.516071+00:00,201,4493.039,
2026-09-08T19:30:13.728447+00:00,201,1288.795,
2026-09-08T19:30:14.743786+00:00,201,274.455,
2026-09-08T19:30:07.032730+00:00,201,7987.911,
2026-09-08T19:30:12.165846+00:00,201,2861.913,
2026-09-08T19:30:12.218239+00:00,201,2812.558,
2026-09-08T19:30:14.521482+00:00,201,515.716,
2026-09-08T19:30:14.246470+00:00,201,793.081,
2026-09-08T19:30:08.033572+00:00,201,7008.215,
2026-09-08T19:30:09.802310+00:00,201,5244.288,
2026-09-08T19:30:08.719476+00:00,201,6330.218,
2026-09-08T19:30:13.203029+00:00,201,1854.5,
2026-09-08T19:30:11.247090+00:00,201,3812.015,
2026-09-08T19:30:06.111282+00:00,201,8956.788,
2026-09-08T19:30:09.172911+00:00,201,5895.959,
2026-09-08T19:30:06.565131+00:00,201,8504.789,
2026-09-08T19:30:09.505778+00:00,201,5573.817,
2026-09-08T19:30:06.684729+00:00,201,8403.013,
2026-09-08T19:30:03.752017+00:00,201,11336.653,
2026-09-08T19:30:13.702896+00:00,201,1391.54,
2026-09-08T19:30:08.132160+00:00,201,6970.256,
2026-09-08T19:30:06.770942+00:00,201,8339.635,
2026-09-08T19:30:13.711886+00:00,201,1410.009,
2026-09-08T19:30:08.937986+00:00,201,6190.446,
2026-09-08T19:30:13.883892+00:00,201,1246.754,
2026-09-08T19:30:14.058179+00:00,201,1073.226,
2026-09-08T19:30:11.471935+00:00,201,3660.238,
2026-09-08T19:30:11.534517+00:00,201,3599.151,
2026-09-08T19:30:14.938302+00:00,201,196.242,
2026-09-08T19:30:12.573428+00:00,201,2563.089,
2026-09-08T19:30:14.874500+00:00,201,266.196,
2026-09-08T19:30:12.535308+00:00,201,2611.638,
2026-09-08T19:30:10.782856+00:00,201,4366.001,
2026-09-08T19:29:56.293885+00:00,201,18859.68,
2026-09-08T19:30:06.582697+00:00,201,8576.435,
2026-09-08T19:30:11.886948+00:00,201,3276.634,
2026-09-08T19:30:09.485534+00:00,201,5698.858,
2026-09-08T19:30:13.342758+00:00,201,1844.94,
2026-09-08T19:30:10.768673+00:00,201,4419.834,
2026-09-08T19:30:06.734111+00:00,201,8455.879,
2026-09-08T19:30:07.581796+00:00,201,7621.197,
2026-09-08T19:30:14.194194+00:00,201,1017.363,
2026-09-08T19:30:09.383722+00:00,201,5832.404,
2026-09-08T19:30:07.691372+00:00,201,7550.078,
2026-09-08T19:30:06.600875+00:00,201,8641.259,
2026-09-08T19:30:10.845130+00:00,201,4398.722,
2026-09-08T19:30:10.356785+00:00,201,4889.185,
2026-09-08T19:30:07.266885+00:00,201,7980.774,
2026-09-08T19:30:13.869612+00:00,201,1378.843,
2026-09-08T19:30:12.913861+00:00,201,2336.791,
2026-09-08T19:30:07.031578+00:00,201,8225.262,
2026-09-08T19:30:08.107308+00:00,201,7153.238,
2026-09-08T19:30:10.798140+00:00,201,4463.437,
2026-09-08T19:30:10.861790+00:00,201,4401.687,
2026-09-08T19:30:14.598491+00:00,201,673.409,
2026-09-08T19:30:07.318608+00:00,201,7955.174,
2026-09-08T19:30:12.653700+00:00,201,2621.818,
2026-09-08T19:30:12.497701+00:00,201,2782.679,
2026-09-08T19:30:13.403526+00:00,201,1885.684,
2026-09-08T19:30:14.992590+00:00,201,300.4,
2026-09-08T19:30:12.515355+00:00,201,2779.296,
2026-09-08T19:30:10.353686+00:00,201,4946.868,
2026-09-08T19:30:06.670501+00:00,201,8633.255,
2026-09-08T19:30:02.626489+00:00,201,12693.345,
2026-09-08T19:30:15.241468+00:00,201,79.069,
2026-09-08T19:30:12.440694+00:00,201,2886.499,
2026-09-08T19:30:10.691825+00:00,201,4636.951,
2026-09-08T19:30:10.732331+00:00,201,4597.529,
2026-09-08T19:30:11.884758+00:00,201,3452.364,
2026-09-08T19:30:14.295250+00:00,201,1044.641,
2026-09-08T19:30:11.380310+00:00,201,3960.594,
2026-09-08T19:30:13.931066+00:00,201,1413.268,
2026-09-08T19:30:11.346019+00:00,201,4003.407,
2026-09-08T19:30:14.075458+00:00,201,1277.302,
2026-09-08T19:30:06.638716+00:00,201,8719.038,
2026-09-08T19:30:09.005417+00:00,201,6354.488,
2026-09-08T19:30:10.410203+00:00,201,4952.584,
2026-09-08T19:30:09.708322+00:00,201,5655.828,
2026-09-08T19:30:14.513397+00:00,201,855.825,
2026-09-08T19:30:14.195951+00:00,201,1189.225,
2026-09-08T19:30:13.876604+00:00,201,1512.666,
2026-09-08T19:30:12.948436+00:00,201,2448.823,
2026-09-08T19:30:14.770354+00:00,201,629.793,
2026-09-08T19:30:09.264170+00:00,201,6138.284,
2026-09-08T19:30:13.395809+00:00,201,2017.794,
2026-09-08T19:30:10.007835+00:00,201,5412.781,
2026-09-08T19:30:14.214551+00:00,201,1209.458,
2026-09-08T19:30:07.909892+00:00,201,7521.425,
2026-09-08T19:30:15.068884+00:00,201,367.079,
2026-09-08T19:30:12.428145+00:00,201,3014.931,
2026-09-08T19:30:13.437692+00:00,201,2011.227,
2026-09-08T19:30:13.973190+00:00,201,1477.887,
2026-09-08T19:30:13.212989+00:00,201,2246.954,
2026-09-08T19:30:12.435202+00:00,201,3026.341,
2026-09-08T19:30:13.541104+00:00,201,1922.882,
2026-09-08T19:30:13.075562+00:00,201,2390.125,
2026-09-08T19:30:10.326431+00:00,201,5148.104,
2026-09-08T19:30:13.026126+00:00,201,2451.157,
2026-09-08T19:30:14.730182+00:00,201,748.553,
2026-09-08T19:30:11.728501+00:00,201,3753.123,
2026-09-08T19:30:13.738801+00:00,201,1751.843,
2026-09-08T19:30:10.685046+00:00,201,4808.48,
2026-09-08T19:30:15.413615+00:00,201,89.145,
2026-09-08T19:30:13.007142+00:00,201,2502.349,
2026-09-08T19:30:10.147784+00:00,201,5363.835,
2026-09-08T19:30:12.262943+00:00,201,3255.859,
2026-09-08T19:30:08.259708+00:00,201,7263.686,
2026-09-08T19:30:13.906368+00:00,201,1622.65,
2026-09-08T19:30:13.083080+00:00,201,2447.409,
2026-09-08T19:30:06.811903+00:00,201,8719.344,
2026-09-08T19:30:07.501402+00:00,201,8032.896,
2026-09-08T19:30:08.086459+00:00,201,7449.659,
2026-09-08T19:30:10.814507+00:00,201,4722.849,
2026-09-08T19:30:15.451088+00:00,201,87.586,
2026-09-08T19:30:03.642294+00:00,201,11903.083,
2026-09-08T19:30:06.943638+00:00,201,8605.409,
2026-09-08T19:30:15.461553+00:00,201,89.538,
2026-09-08T19:30:05.201770+00:00,201,10351.395,
2026-09-08T19:30:08.333797+00:00,201,7227.162,
2026-09-08T19:30:14.441552+00:00,201,1122.515,
2026-09-08T19:30:14.046093+00:00,201,1521.095,
2026-09-08T19:30:13.904100+00:00,201,1673.524,
2026-09-08T19:30:07.926447+00:00,201,7654.23,
2026-09-08T19:30:13.679804+00:00,201,1909.372,
2026-09-08T19:30:06.780772+00:00,201,8812.433,
2026-09-08T19:29:57.371133+00:00,201,18226.935,
2026-09-08T19:30:13.193676+00:00,201,2407.336,
2026-09-08T19:30:14.157561+00:00,201,1450.404,
2026-09-08T19:30:13.205560+00:00,201,2410.787,
2026-09-08T19:30:06.155203+00:00,201,9462.65,
2026-09-08T19:30:13.974135+00:00,201,1649.278,
2026-09-08T19:30:00.659943+00:00,201,14964.127,
2026-09-08T19:30:15.057538+00:00,201,570.253,
2026-09-08T19:30:15.260562+00:00,201,368.641,
2026-09-08T19:30:06.795611+00:00,201,8840.328,
2026-09-08T19:30:15.136528+00:00,201,501.555,
2026-09-08T19:30:13.392295+00:00,201,2248.858,
2026-09-08T19:30:15.560976+00:00,201,85.047,
2026-09-08T19:30:14.711087+00:00,201,939.283,
2026-09-08T19:30:12.885244+00:00,201,2771.566,
2026-09-08T19:30:14.070970+00:00,201,1587.683,
2026-09-08T19:30:11.556992+00:00,201,4108.53,
2026-09-08T19:30:15.159149+00:00,201,511.453,
2026-09-08T19:30:07.892644+00:00,201,7783.786,
2026-09-08T19:30:15.337137+00:00,201,342.676,
2026-09-08T19:30:15.133678+00:00,201,548.076,
2026-09-08T19:30:13.534853+00:00,201,2154.323,
2026-09-08T19:30:00.527098+00:00,201,15164.921,
2026-09-08T19:30:06.932860+00:00,201,8767.914,
2026-09-08T19:30:15.616356+00:00,201,85.13,
2026-09-08T19:30:04.635778+00:00,201,11066.805,
2026-09-08T19:30:15.617873+00:00,201,85.787,
2026-09-08T19:30:03.231040+00:00,201,12478.265,
2026-09-08T19:30:07.606502+00:00,201,8104.005,
2026-09-08T19:30:13.175057+00:00,201,2539.009,
2026-09-08T19:30:09.634573+00:00,201,6090.88,
2026-09-08T19:30:10.156903+00:00,201,5570.604,
2026-09-08T19:30:05.517174+00:00,201,10214.919,
2026-09-08T19:30:12.394528+00:00,201,3339.949,
2026-09-08T19:30:10.126217+00:00,201,5615.152,
2026-09-08T19:30:06.972312+00:00,201,8770.889,
2026-09-08T19:30:00.735168+00:00,201,15014.603,
2026-09-08T19:30:15.068091+00:00,201,697.446,
2026-09-08T19:30:11.473758+00:00,201,4306.991,
2026-09-08T19:30:15.701495+00:00,201,80.477,
2026-09-08T19:30:14.258195+00:00,201,1532.156,
2026-09-08T19:30:14.059167+00:00,201,1732.601,
2026-09-08T19:30:13.508737+00:00,201,2283.797,
2026-09-08T19:30:14.752923+00:00,201,1040.796,
2026-09-08T19:30:08.933040+00:00,201,6861.41,
2026-09-08T19:30:15.320543+00:00,201,484.464,
2026-09-08T19:30:13.574855+00:00,201,2241.353,
2026-09-08T19:30:07.308236+00:00,201,8514.663,
2026-09-08T19:30:12.589003+00:00,201,3236.491,
2026-09-08T19:30:14.072639+00:00,201,1753.511,
2026-09-08T19:30:11.118755+00:00,201,4710.109,
2026-09-08T19:30:13.298495+00:00,201,2531.384,
2026-09-08T19:29:56.900421+00:00,201,18935.378,
2026-09-08T19:30:14.274337+00:00,201,1563.965,
2026-09-08T19:30:10.799268+00:00,201,5045.248,
2026-09-08T19:30:11.868698+00:00,201,3985.457,
2026-09-08T19:30:06.628774+00:00,201,9228.11,
2026-09-08T19:30:14.433312+00:00,201,1426.52,
2026-09-08T19:30:08.978910+00:00,201,6882.488,
2026-09-08T19:30:12.241583+00:00,201,3629.056,
2026-09-08T19:30:15.780765+00:00,201,95.026,
2026-09-08T19:30:15.313416+00:00,201,567.233,
2026-09-08T19:30:11.623309+00:00,201,4259.962,
2026-09-08T19:30:15.781981+00:00,201,104.128,
2026-09-08T19:30:09.420356+00:00,201,6476.492,
2026-09-08T19:30:14.485411+00:00,201,1413.672,
2026-09-08T19:30:13.624015+00:00,201,2286.578,
2026-09-08T19:30:13.029859+00:00,201,2881.403,
2026-09-08T19:30:07.027830+00:00,201,8886.854,
2026-09-08T19:30:10.967996+00:00,201,4947.494,
2026-09-08T19:30:09.895548+00:00,201,6028.45,
2026-09-08T19:30:14.008013+00:00,201,1941.828,
2026-09-08T19:30:15.478008+00:00,201,475.013,
2026-09-08T19:30:14.482708+00:00,201,1476.143,
2026-09-08T19:30:12.299409+00:00,201,3660.693,
2026-09-08T19:30:14.478674+00:00,201,1483.12,
2026-09-08T19:30:14.689163+00:00,201,1285.162,
2026-09-08T19:30:06.947359+00:00,201,9048.185,
2026-09-08T19:30:07.355984+00:00,201,8641.455,
2026-09-08T19:30:07.119510+00:00,201,8878.626,
2026-09-08T19:30:12.633853+00:00,201,3365.011,
2026-09-08T19:30:14.689937+00:00,201,1309.707,
2026-09-08T19:30:15.148868+00:00,201,851.641,
2026-09-08T19:30:14.183432+00:00,201,1817.925,
2026-09-08T19:30:15.030807+00:00,201,971.459,
2026-09-08T19:30:14.108278+00:00,201,1894.974,
2026-09-08T19:30:14.141097+00:00,201,1863.163,
2026-09-08T19:30:06.721831+00:00,201,9283.839,
2026-09-08T19:30:08.772492+00:00,201,7234.62,
2026-09-08T19:30:13.700566+00:00,201,2308.16,
2026-09-08T19:30:14.714946+00:00,201,1295.43,
2026-09-08T19:30:15.369232+00:00,201,642.626,
2026-09-08T19:30:07.833281+00:00,201,8180.012,
2026-09-08T19:30:14.979363+00:00,201,1035.405,
2026-09-08T19:30:12.647457+00:00,201,3374.293,
2026-09-08T19:30:13.985512+00:00,201,2037.64,
2026-09-08T19:30:15.242151+00:00,201,793.182,
2026-09-08T19:30:11.770266+00:00,201,4266.669,
2026-09-08T19:30:13.962817+00:00,201,2081.331,
2026-09-08T19:30:09.876051+00:00,201,6179.311,
2026-09-08T19:30:06.968638+00:00,201,9091.23,
2026-09-08T19:30:15.530498+00:00,201,531.505,
2026-09-08T19:30:14.034193+00:00,201,2029.268,
2026-09-08T19:30:12.531430+00:00,201,3533.643,
2026-09-08T19:30:15.001726+00:00,201,1064.984,
2026-09-08T19:30:14.234664+00:00,201,1833.693,
2026-09-08T19:30:15.389280+00:00,201,680.729,
2026-09-08T19:30:09.401129+00:00,201,6670.627,
2026-09-08T19:30:13.435536+00:00,201,2638.022,
2026-09-08T19:30:12.788026+00:00,201,3287.318,
2026-09-08T19:30:12.891264+00:00,201,3185.917,
2026-09-08T19:30:01.429580+00:00,201,14663.388,
2026-09-08T19:30:13.257204+00:00,201,2847.012,
2026-09-08T19:30:14.125851+00:00,201,1980.229,
2026-09-08T19:30:15.910602+00:00,201,216.339,
2026-09-08T19:30:14.634783+00:00,201,1499.236,
2026-09-08T19:30:14.102546+00:00,201,2037.684,
2026-09-08T19:30:13.422420+00:00,201,2755.281,
2026-09-08T19:30:11.051637+00:00,201,5135.657,
2026-09-08T19:30:12.358759+00:00,201,3839.194,
2026-09-08T19:30:10.264529+00:00,201,5936.414,
2026-09-08T19:30:13.919688+00:00,201,2286.234,
2026-09-08T19:30:10.457104+00:00,201,5757.836,
2026-09-08T19:30:13.897119+00:00,201,2330.929,
2026-09-08T19:30:14.607026+00:00,201,1632.593,
2026-09-08T19:30:04.435592+00:00,201,11814.03,
2026-09-08T19:30:12.289419+00:00,201,3962.203,
2026-09-08T19:30:15.995566+00:00,201,279.145,
2026-09-08T19:30:13.179541+00:00,201,3117.665,
2026-09-08T19:30:13.525886+00:00,201,2835.513,
2026-09-08T19:30:12.019184+00:00,201,4344.261,
2026-09-08T19:30:11.301905+00:00,201,5066.146,
2026-09-08T19:30:15.732115+00:00,201,644.996,
2026-09-08T19:30:12.802913+00:00,201,3583.639,
2026-09-08T19:30:02.035347+00:00,201,14356.745,
2026-09-08T19:30:15.915512+00:00,201,479.851,
2026-09-08T19:30:11.202668+00:00,201,5206.024,
2026-09-08T19:30:15.481637+00:00,201,941.682,
2026-09-08T19:30:13.282197+00:00,201,3148.179,
2026-09-08T19:30:14.922616+00:00,201,1510.784,
2026-09-08T19:30:15.463994+00:00,201,971.573,
2026-09-08T19:30:12.360856+00:00,201,4098.287,
2026-09-08T19:30:07.042378+00:00,201,9452.677,
2026-09-08T19:30:15.681759+00:00,201,843.634,
2026-09-08T19:30:15.998877+00:00,201,534.019,
2026-09-08T19:30:12.283194+00:00,201,4272.779,
2026-09-08T19:30:15.328793+00:00,201,1242.418,
2026-09-08T19:30:07.435825+00:00,201,9138.411,
2026-09-08T19:30:15.749800+00:00,201,832.429,
2026-09-08T19:30:14.503464+00:00,201,2086.436,
2026-09-08T19:30:14.081306+00:00,201,2523.953,
2026-09-08T19:30:08.050388+00:00,201,8565.845,
2026-09-08T19:30:16.002272+00:00,201,640.302,
2026-09-08T19:30:10.684360+00:00,201,5961.434,
2026-09-08T19:30:10.944277+00:00,201,5713.322,
2026-09-08T19:30:10.934138+00:00,201,5736.844,
2026-09-08T19:30:14.538806+00:00,201,2136.184,
2026-09-08T19:30:14.278511+00:00,201,2401.595,
2026-09-08T19:30:12.393265+00:00,201,4295.515,
2026-09-08T19:30:14.439211+00:00,201,2267.727,
2026-09-08T19:30:07.843546+00:00,201,8893.141,
2026-09-08T19:30:14.213010+00:00,201,2552.211,
2026-09-08T19:30:10.724476+00:00,201,6050.961,
2026-09-08T19:30:13.758605+00:00,201,3019.028,
2026-09-08T19:30:08.488284+00:00,201,8301.113,
2026-09-08T19:30:16.007132+00:00,201,802.456,
2026-09-08T19:30:10.728164+00:00,201,6087.466,
2026-09-08T19:30:14.759467+00:00,201,2073.499,
2026-09-08T19:30:15.046613+00:00,201,1804.109,
2026-09-08T19:30:12.608728+00:00,201,4247.777,
2026-09-08T19:30:16.642580+00:00,201,222.804,
2026-09-08T19:30:10.196675+00:00,201,6691.366,
2026-09-08T19:30:14.129493+00:00,201,2764.979,
2026-09-08T19:30:16.430387+00:00,201,489.675,
2026-09-08T19:30:07.242691+00:00,201,9700.505,
2026-09-08T19:30:07.851790+00:00,201,9101.457,
2026-09-08T19:30:15.146954+00:00,201,1815.67,
2026-09-08T19:30:15.094443+00:00,201,1878.616,
2026-09-08T19:30:13.603419+00:00,201,3383.99,
2026-09-08T19:30:14.284083+00:00,201,2717.711,
2026-09-08T19:30:13.389720+00:00,201,3614.076,
2026-09-08T19:30:15.765549+00:00,201,1266.929,
2026-09-08T19:30:15.714079+00:00,201,1322.637,
2026-09-08T19:30:13.657153+00:00,201,3393.765,
2026-09-08T19:30:15.263490+00:00,201,1830.751,
2026-09-08T19:30:14.595860+00:00,201,2501.464,
2026-09-08T19:30:02.400306+00:00,201,14706.576,
2026-09-08T19:30:11.289322+00:00,201,5831.929,
2026-09-08T19:30:14.405091+00:00,201,2723.756,
2026-09-08T19:30:13.733830+00:00,201,3399.948,
2026-09-08T19:30:08.680617+00:00,201,8463.925,
2026-09-08T19:30:05.496427+00:00,201,11652.602,
2026-09-08T19:30:15.441922+00:00,201,1744.013,
2026-09-08T19:30:11.740026+00:00,201,5450.669,
2026-09-08T19:30:16.555987+00:00,201,651.078,
2026-09-08T19:30:10.673122+00:00,201,6559.331,
2026-09-08T19:30:15.537369+00:00,201,1713.239,
2026-09-08T19:30:15.300570+00:00,201,1971.871,
2026-09-08T19:30:15.130656+00:00,201,2145.314,
2026-09-08T19:30:04.331983+00:00,201,12956.899,
2026-09-08T19:30:15.364164+00:00,201,1935.607,
2026-09-08T19:30:13.132472+00:00,201,4169.662,
2026-09-08T19:30:10.858763+00:00,201,6465.612,
2026-09-08T19:30:09.787774+00:00,201,7560.817,
2026-09-08T19:30:02.963085+00:00,201,14397.909,
2026-09-08T19:30:12.470489+00:00,201,4907.863,
2026-09-08T19:30:12.894813+00:00,201,4501.378,
2026-09-08T19:30:15.375740+00:00,201,2035.14,
2026-09-08T19:30:17.185946+00:00,201,252.203,
2026-09-08T19:30:00.826137+00:00,201,16627.267,
2026-09-08T19:30:14.007168+00:00,201,3448.38,
2026-09-08T19:30:14.667755+00:00,201,2792.271,
2026-09-08T19:30:14.498709+00:00,201,2985.79,
2026-09-08T19:30:12.881975+00:00,201,4606.453,
2026-09-08T19:30:15.518813+00:00,201,1974.458,
2026-09-08T19:30:15.280392+00:00,201,2220.281,
2026-09-08T19:30:17.272450+00:00,201,230.369,
2026-09-08T19:30:16.140243+00:00,201,1395.08,
2026-09-08T19:30:13.373722+00:00,201,4167.191,
2026-09-08T19:30:15.589185+00:00,201,1957.508,
2026-09-08T19:30:15.826158+00:00,201,1741.534,
2026-09-08T19:30:17.083094+00:00,201,499.614,
2026-09-08T19:30:10.926565+00:00,201,6669.303,
2026-09-08T19:30:11.218885+00:00,201,6408.109,
2026-09-08T19:30:13.681026+00:00,201,3985.223,
2026-09-08T19:30:14.683396+00:00,201,2989.717,
2026-09-08T19:30:09.549137+00:00,201,8141.996,
2026-09-08T19:30:16.363455+00:00,201,1331.093,
2026-09-08T19:30:12.024630+00:00,201,5675.06,
2026-09-08T19:30:15.247676+00:00,201,2454.067,
2026-09-08T19:30:08.705295+00:00,201,9033.877,
2026-09-08T19:30:17.029388+00:00,201,713.624,
2026-09-08T19:30:13.330612+00:00,201,4414.364,
2026-09-08T19:30:13.661614+00:00,201,4093.375,
2026-09-08T19:30:17.531333+00:00,201,229.963,
2026-09-08T19:30:13.488560+00:00,201,4282.442,
2026-09-08T19:30:10.953091+00:00,201,6871.901,
2026-09-08T19:30:16.011866+00:00,201,1833.673,
2026-09-08T19:30:17.036722+00:00,201,818.437,
2026-09-08T19:30:15.549064+00:00,201,2320.133,
2026-09-08T19:30:02.345732+00:00,201,15533.567,
2026-09-08T19:30:08.442458+00:00,201,9469.125,
2026-09-08T19:30:15.880659+00:00,201,2060.393,
2026-09-08T19:30:15.474552+00:00,201,2487.386,
2026-09-08T19:30:09.983265+00:00,201,7980.853,
2026-09-08T19:30:13.671441+00:00,201,4303.944,
2026-09-08T19:30:07.374202+00:00,201,10607.03,
2026-09-08T19:30:17.442333+00:00,201,543.681,
2026-09-08T19:30:14.811017+00:00,201,3178.98,
2026-09-08T19:30:14.813216+00:00,201,3188.85,
2026-09-08T19:30:15.627798+00:00,201,2387.113,
2026-09-08T19:30:12.659733+00:00,201,5368.922,
2026-09-08T19:30:14.045073+00:00,201,3989.578,
2026-09-08T19:30:17.245671+00:00,201,812.014,
2026-09-08T19:30:14.408870+00:00,201,3653.745,
2026-09-08T19:30:11.042554+00:00,201,7023.532,
2026-09-08T19:30:11.194037+00:00,201,6878.263,
2026-09-08T19:30:13.378612+00:00,201,4700.051,
2026-09-08T19:30:15.534319+00:00,201,2548.655,
2026-09-08T19:30:09.232942+00:00,201,8896.045,
2026-09-08T19:30:12.664091+00:00,201,5475.661,
2026-09-08T19:30:10.288626+00:00,201,7862.316,
2026-09-08T19:30:16.856516+00:00,201,1321.468,
2026-09-08T19:30:16.023162+00:00,201,2158.819,
2026-09-08T19:30:14.334789+00:00,201,3853.163,
2026-09-08T19:30:16.134028+00:00,201,2062.633,
2026-09-08T19:30:12.045008+00:00,201,6168.729,
2026-09-08T19:30:15.548221+00:00,201,2670.231,
2026-09-08T19:30:08.544260+00:00,201,9683.497,
2026-09-08T19:30:06.245530+00:00,201,12007.28,
2026-09-08T19:30:15.131415+00:00,201,3135.27,
2026-09-08T19:30:11.564695+00:00,201,6707.014,
2026-09-08T19:30:15.793725+00:00,201,2494.105,
2026-09-08T19:30:14.127759+00:00,201,4190.604,
2026-09-08T19:30:13.619547+00:00,201,4706.433,
2026-09-08T19:30:16.059886+00:00,201,2272.106,
2026-09-08T19:30:10.218886+00:00,201,8184.702,
2026-09-08T19:30:14.633604+00:00,201,3775.872,
2026-09-08T19:30:08.840640+00:00,201,9576.426,
2026-09-08T19:30:13.348659+00:00,201,5089.545,
2026-09-08T19:30:16.728243+00:00,201,1713.76,
2026-09-08T19:30:13.209000+00:00,201,5237.924,
2026-09-08T19:30:10.137690+00:00,201,8316.429,
2026-09-08T19:30:12.999685+00:00,201,5483.571,
2026-09-08T19:30:11.003329+00:00,201,7492.911,
2026-09-08T19:30:13.477665+00:00,201,5023.063,
2026-09-08T19:30:15.459952+00:00,201,3055.176,
2026-09-08T19:30:13.567357+00:00,201,4962.681,
2026-09-08T19:30:14.882650+00:00,201,3669.589,
2026-09-08T19:30:01.957082+00:00,201,16604.477,
2026-09-08T19:30:10.284565+00:00,201,8281.947,
2026-09-08T19:30:16.063472+00:00,201,2511.055,
2026-09-08T19:30:08.463058+00:00,201,10119.544,
2026-09-08T19:30:12.423291+00:00,201,6181.934,
2026-09-08T19:30:15.835836+00:00,201,2788.584,
2026-09-08T19:30:15.121903+00:00,201,3507.746,
2026-09-08T19:30:18.403608+00:00,201,230.447,
2026-09-08T19:30:13.081495+00:00,201,5600.926,
2026-09-08T19:30:15.958860+00:00,201,2756.527,
2026-09-08T19:30:17.694555+00:00,201,1066.351,
2026-09-08T19:30:16.645808+00:00,201,2123.362,
2026-09-08T19:30:17.192625+00:00,201,1584.679,
2026-09-08T19:30:17.743023+00:00,201,1040.379,
2026-09-08T19:30:04.235114+00:00,201,14570.032,
2026-09-08T19:30:08.187938+00:00,201,10620.27,
2026-09-08T19:30:09.901136+00:00,201,8919.311,
2026-09-08T19:30:15.235744+00:00,201,3612.269,
2026-09-08T19:30:14.052177+00:00,201,4812.829,
2026-09-08T19:30:10.761044+00:00,201,8111.408,
2026-09-08T19:30:14.465659+00:00,201,4410.51,
2026-09-08T19:29:59.984365+00:00,201,18906.551,
2026-09-08T19:30:16.605268+00:00,201,2296.25,
2026-09-08T19:30:14.123048+00:00,201,4805.062,
2026-09-08T19:30:12.924835+00:00,201,6030.548,
2026-09-08T19:30:18.715398+00:00,201,267.437,
2026-09-08T19:30:14.762467+00:00,201,4222.776,
2026-09-08T19:30:03.470343+00:00,201,15522.514,
2026-09-08T19:30:15.261588+00:00,201,3736.589,
2026-09-08T19:30:14.417531+00:00,201,4587.978,
2026-09-08T19:30:16.392117+00:00,201,2637.603,
2026-09-08T19:30:08.437781+00:00,201,10597.336,
2026-09-08T19:30:18.760913+00:00,201,278.183,
2026-09-08T19:30:15.629208+00:00,201,3414.917,
2026-09-08T19:30:15.792543+00:00,201,3255.648,
2026-09-08T19:30:12.606533+00:00,201,6465.534,
2026-09-08T19:30:14.702794+00:00,201,4375.17,
2026-09-08T19:30:14.777941+00:00,201,4306.975,
2026-09-08T19:30:16.077190+00:00,201,3032.287,
2026-09-08T19:30:16.459154+00:00,201,2664.077,
2026-09-08T19:30:16.126946+00:00,201,3000.402,
2026-09-08T19:30:06.838219+00:00,201,12291.364,
2026-09-08T19:30:12.243134+00:00,201,6923.052,
2026-09-08T19:30:00.144208+00:00,201,19055.691,
2026-09-08T19:30:16.809596+00:00,201,2396.177,
2026-09-08T19:30:09.053131+00:00,201,10158.748,
2026-09-08T19:30:12.808142+00:00,201,6418.682,
2026-09-08T19:30:18.955398+00:00,201,286.593,
2026-09-08T19:30:15.087760+00:00,201,4181.415,
2026-09-08T19:30:18.985254+00:00,201,286.228,
2026-09-08T19:30:13.948826+00:00,201,5336.729,
2026-09-08T19:30:18.769178+00:00,201,549.953,
2026-09-08T19:30:13.995401+00:00,201,5334.878,
2026-09-08T19:30:17.817691+00:00,201,1518.202,
2026-09-08T19:30:14.748998+00:00,201,4590.003,
2026-09-08T19:30:17.855166+00:00,201,1512.226,
2026-09-08T19:30:15.039559+00:00,201,4357.822,
2026-09-08T19:30:16.365065+00:00,201,3053.588,
2026-09-08T19:30:16.454927+00:00,201,2993.838,
2026-09-08T19:30:16.953268+00:00,201,2510.944,
2026-09-08T19:30:14.702086+00:00,201,4791.169,
2026-09-08T19:30:08.914161+00:00,201,10582.56,
2026-09-08T19:30:16.003261+00:00,201,3497.594,
2026-09-08T19:30:13.610535+00:00,201,5892.39,
2026-09-08T19:30:16.785284+00:00,201,2742.941,
2026-09-08T19:30:17.619027+00:00,201,1914.104,
2026-09-08T19:30:18.066103+00:00,201,1478.308,
2026-09-08T19:30:13.870584+00:00,201,5683.643,
2026-09-08T19:30:15.203010+00:00,201,4357.454,
2026-09-08T19:30:14.497976+00:00,201,5094.623,
2026-09-08T19:30:16.004268+00:00,201,3591.289,
2026-09-08T19:30:14.861009+00:00,201,4737.693,
2026-09-08T19:30:14.516247+00:00,201,5084.831,
2026-09-08T19:30:08.292098+00:00,201,11315.907,
2026-09-08T19:29:53.506287+00:00,201,26106.095,
2026-09-08T19:30:10.247314+00:00,201,9368.354,
2026-09-08T19:30:12.556958+00:00,201,7060.946,
2026-09-08T19:30:13.800018+00:00,201,5823.631,
2026-09-08T19:30:12.815186+00:00,201,6822.955,
2026-09-08T19:30:15.018248+00:00,201,4627.957,
2026-09-08T19:30:19.418663+00:00,201,239.274,
2026-09-08T19:30:18.062625+00:00,201,1604.6,
2026-09-08T19:30:06.748056+00:00,201,12928.449,
2026-09-08T19:30:14.340868+00:00,201,5356.107,
2026-09-08T19:30:17.410893+00:00,201,2314.042,
2026-09-08T19:30:15.593224+00:00,201,4182.211,
2026-09-08T19:30:14.443753+00:00,201,5348.088,
2026-09-08T19:30:15.493538+00:00,201,4313.827,
2026-09-08T19:30:11.092170+00:00,201,8740.812,
2026-09-08T19:30:11.629557+00:00,201,8208.165,
2026-09-08T19:30:14.632085+00:00,201,5252.551,
2026-09-08T19:30:17.378365+00:00,201,2515.822,
2026-09-08T19:30:14.012437+00:00,201,5888.212,
2026-09-08T19:30:13.118078+00:00,201,6785.634,
2026-09-08T19:30:00.579218+00:00,201,19356.995,
2026-09-08T19:30:18.446936+00:00,201,1497.195,
2026-09-08T19:30:10.709043+00:00,201,9237.784,
2026-09-08T19:30:17.902713+00:00,201,2048.026,
2026-09-08T19:30:15.624097+00:00,201,4343.288,
2026-09-08T19:30:11.764756+00:00,201,8214.679,
2026-09-08T19:30:14.567811+00:00,201,5413.569,
2026-09-08T19:30:06.358809+00:00,201,13646.212,
2026-09-08T19:30:06.171278+00:00,201,13847.326,
2026-09-08T19:30:17.992575+00:00,201,2031.27,
2026-09-08T19:30:16.013311+00:00,201,4025.138,
2026-09-08T19:30:07.491675+00:00,201,12554.387,
2026-09-08T19:30:16.582239+00:00,201,3493.873,
2026-09-08T19:30:17.595886+00:00,201,2528.643,
2026-09-08T19:30:11.011935+00:00,201,9115.389,
2026-09-08T19:30:06.072151+00:00,201,14066.409,
2026-09-08T19:30:18.417085+00:00,201,1723.52,
2026-09-08T19:30:07.234627+00:00,201,12921.941,
2026-09-08T19:30:06.875384+00:00,201,13283.161,
2026-09-08T19:30:17.060168+00:00,201,3100.308,
2026-09-08T19:30:09.386855+00:00,201,10778.493,
2026-09-08T19:30:19.397394+00:00,201,780.922,
2026-09-08T19:30:15.924015+00:00,201,4259.156,
2026-09-08T19:30:11.832842+00:00,201,8352.384,
2026-09-08T19:30:15.502770+00:00,201,4697.201,
2026-09-08T19:30:13.464082+00:00,201,6755.373,
2026-09-08T19:30:16.736707+00:00,201,3489.543,
2026-09-08T19:30:09.356047+00:00,201,10872.791,
2026-09-08T19:30:15.400162+00:00,201,4834.588,
2026-09-08T19:30:19.285572+00:00,201,958.6,
2026-09-08T19:30:15.700794+00:00,201,4551.644,
2026-09-08T19:30:16.200957+00:00,201,4060.532,
2026-09-08T19:30:19.339015+00:00,201,932.064,
2026-09-08T19:30:15.899091+00:00,201,4385.5,
2026-09-08T19:30:15.876859+00:00,201,4459.665,
2026-09-08T19:30:18.134378+00:00,201,2254.458,
2026-09-08T19:30:11.421324+00:00,201,8972.425,
2026-09-08T19:30:11.076937+00:00,201,9330.802,
2026-09-08T19:30:12.614170+00:00,201,7821.598,
2026-09-08T19:30:19.269188+00:00,201,1180.463,
2026-09-08T19:30:13.858173+00:00,201,6595.921,
2026-09-08T19:30:14.342096+00:00,201,6128.036,
2026-09-08T19:30:17.627007+00:00,201,2851.009,
2026-09-08T19:30:17.275978+00:00,201,3220.973,
2026-09-08T19:30:17.755001+00:00,201,2767.485,
2026-09-08T19:30:10.875011+00:00,201,9650.518,
2026-09-08T19:30:19.445755+00:00,201,1092.452,
2026-09-08T19:30:14.924974+00:00,201,5626.21,
2026-09-08T19:30:16.228058+00:00,201,4329.108,
2026-09-08T19:30:08.657708+00:00,201,11901.619,
2026-09-08T19:30:08.083324+00:00,201,12491.641,
2026-09-08T19:30:09.685246+00:00,201,10903.329,
2026-09-08T19:30:18.932575+00:00,201,1665.381,
2026-09-08T19:30:12.433894+00:00,201,8166.39,
2026-09-08T19:30:12.444479+00:00,201,8158.876,
2026-09-08T19:30:11.872714+00:00,201,8757.087,
2026-09-08T19:30:16.850729+00:00,201,3793.405,
2026-09-08T19:30:12.285577+00:00,201,8363.452,
2026-09-08T19:30:10.327412+00:00,201,10399.659,
2026-09-08T19:30:14.257058+00:00,201,6492.086,
2026-09-08T19:30:09.677550+00:00,201,11081.133,
2026-09-08T19:30:18.442012+00:00,201,2318.685,
2026-09-08T19:30:14.885413+00:00,201,5887.491,
2026-09-08T19:30:17.144563+00:00,201,3647.343,
2026-09-08T19:30:20.551199+00:00,201,248.554,
2026-09-08T19:30:13.573787+00:00,201,7242.746,
2026-09-08T19:30:12.293839+00:00,201,8533.7,
2026-09-08T19:30:18.107566+00:00,201,2723.921,
2026-09-08T19:30:13.652814+00:00,201,7184.829,
2026-09-08T19:30:12.786761+00:00,201,8054.098,
2026-09-08T19:30:15.478743+00:00,201,5369.114,
2026-09-08T19:30:17.003806+00:00,201,3849.41,
2026-09-08T19:30:16.423326+00:00,201,4444.021,
2026-09-08T19:30:14.606267+00:00,201,6300.849,
2026-09-08T19:30:12.425482+00:00,201,8511.671,
2026-09-08T19:30:14.318653+00:00,201,6627.776,
2026-09-08T19:30:17.701752+00:00,201,3256.398,
2026-09-08T19:30:15.079609+00:00,201,5890.899,
2026-09-08T19:30:15.385185+00:00,201,5591.796,
2026-09-08T19:29:59.177300+00:00,201,21840.928,
2026-09-08T19:30:11.217857+00:00,201,9805.703,
2026-09-08T19:30:12.114675+00:00,201,8910.174,
2026-09-08T19:30:14.362088+00:00,201,6669.297,
2026-09-08T19:30:15.414370+00:00,201,5620.554,
2026-09-08T19:30:16.065083+00:00,201,4975.317,
2026-09-08T19:30:12.676809+00:00,201,8368.144,
2026-09-08T19:30:15.574893+00:00,201,5481.406,
2026-09-08T19:30:15.017250+00:00,201,6040.273,
2026-09-08T19:30:15.790360+00:00,201,5270.149,
2026-09-08T19:30:13.288707+00:00,201,7789.428,
2026-09-08T19:30:19.127356+00:00,201,1952.276,
2026-09-08T19:30:19.084929+00:00,201,1996.676,
2026-09-08T19:30:11.238255+00:00,201,9852.46,
2026-09-08T19:30:13.110921+00:00,201,7983.044,
2026-09-08T19:30:11.036395+00:00,201,10060.167,
2026-09-08T19:30:12.038824+00:00,201,9058.584,
2026-09-08T19:30:19.464222+00:00,201,1635.268,
2026-09-08T19:30:18.432572+00:00,201,2671.562,
2026-09-08T19:30:18.246174+00:00,201,2860.177,
2026-09-08T19:30:16.433410+00:00,201,4682.857,
2026-09-08T19:30:08.186727+00:00,201,12952.915,
2026-09-08T19:30:11.413166+00:00,201,9727.68,
2026-09-08T19:30:16.399899+00:00,201,4745.609,
2026-09-08T19:30:18.181989+00:00,201,2969.599,
2026-09-08T19:30:14.457474+00:00,201,6703.541,
2026-09-08T19:30:19.646218+00:00,201,1517.956,
2026-09-08T19:30:09.691064+00:00,201,11481.508,
2026-09-08T19:30:16.921423+00:00,201,4252.78,
2026-09-08T19:30:13.254568+00:00,201,7931.371,
2026-09-08T19:30:20.597965+00:00,201,591.296,
2026-09-08T19:30:20.675822+00:00,201,516.013,
2026-09-08T19:30:18.189502+00:00,201,3008.198,
2026-09-08T19:30:19.631187+00:00,201,1567.664,
2026-09-08T19:30:06.606844+00:00,201,14593.808,
2026-09-08T19:30:13.520477+00:00,201,7683.387,
2026-09-08T19:30:19.981392+00:00,201,1224.031,
2026-09-08T19:30:05.029144+00:00,201,16178.287,
2026-09-08T19:30:14.913875+00:00,201,6303.044,
2026-09-08T19:30:15.911271+00:00,201,5311.251,
2026-09-08T19:30:15.397270+00:00,201,5826.858,
2026-09-08T19:30:08.360773+00:00,201,12864.105,
2026-09-08T19:30:21.139668+00:00,201,93.478,
2026-09-08T19:30:17.941060+00:00,201,3301.294,
2026-09-08T19:30:01.066536+00:00,201,20187.733,
2026-09-08T19:30:06.259508+00:00,201,14996.706,
2026-09-08T19:30:15.349438+00:00,201,5912.725,
2026-09-08T19:30:14.352753+00:00,201,6914.599,
2026-09-08T19:30:09.827324+00:00,201,11446.067,
2026-09-08T19:30:13.377577+00:00,201,7899.162,
2026-09-08T19:30:17.106908+00:00,201,4170.914,
2026-09-08T19:30:15.329872+00:00,201,5949.399,
2026-09-08T19:30:21.185962+00:00,201,96.945,
2026-09-08T19:30:10.192092+00:00,201,11093.342,
2026-09-08T19:30:18.682436+00:00,201,2612.739,
2026-09-08T19:30:21.117160+00:00,201,182.037,
2026-09-08T19:30:19.598717+00:00,201,1705.547,
2026-09-08T19:30:14.015752+00:00,201,7291.502,
2026-09-08T19:30:21.216935+00:00,201,95.907,
2026-09-08T19:30:19.005522+00:00,201,2310.134,
2026-09-08T19:30:17.232470+00:00,201,4087.878,
2026-09-08T19:30:15.953028+00:00,201,5374.138,
2026-09-08T19:30:21.024868+00:00,201,304.018,
2026-09-08T19:30:07.766213+00:00,201,13569.63,
2026-09-08T19:30:20.600301+00:00,201,740.014,
2026-09-08T19:30:21.254305+00:00,201,86.947,
2026-09-08T19:30:11.601765+00:00,201,9740.392,
2026-09-08T19:30:18.928131+00:00,201,2430.945,
2026-09-08T19:30:16.075353+00:00,201,5284.976,
2026-09-08T19:30:21.273415+00:00,201,87.803,
2026-09-08T19:30:11.061069+00:00,201,10307.769,
2026-09-08T19:30:13.788879+00:00,201,7585.487,
2026-09-08T19:30:10.414428+00:00,201,10961.647,
2026-09-08T19:30:14.254700+00:00,201,7127.525,
2026-09-08T19:30:15.275528+00:00,201,6111.822,
2026-09-08T19:30:09.343354+00:00,201,12054.305,
2026-09-08T19:30:13.911121+00:00,201,7489.963,
2026-09-08T19:30:09.248686+00:00,201,12157.899,
2026-09-08T19:30:14.600221+00:00,201,6808.596,
2026-09-08T19:30:15.211567+00:00,201,6199.549,
2026-09-08T19:30:16.312109+00:00,201,5101.801,
2026-09-08T19:30:13.965787+00:00,201,7456.607,
2026-09-08T19:30:19.530983+00:00,201,1895.202,
2026-09-08T19:30:15.340915+00:00,201,6097.112,
2026-09-08T19:30:13.420681+00:00,201,8025.973,
2026-09-08T19:30:18.830505+00:00,201,2623.984,
2026-09-08T19:30:15.988663+00:00,201,5478.141,
2026-09-08T19:30:11.243859+00:00,201,10234.952,
2026-09-08T19:30:19.587956+00:00,201,1897.041,
2026-09-08T19:30:15.580698+00:00,201,5910.664,
2026-09-08T19:30:12.145488+00:00,201,9347.924,
2026-09-08T19:30:16.297217+00:00,201,5198.626,
2026-09-08T19:30:15.088693+00:00,201,6423.653,
2026-09-08T19:30:19.615690+00:00,201,1905.157,
2026-09-08T19:30:20.525548+00:00,201,1002.049,
2026-09-08T19:30:13.008584+00:00,201,8520.968,
2026-09-08T19:30:14.622172+00:00,201,6914.238,
2026-09-08T19:30:16.789414+00:00,201,4748.405,
2026-09-08T19:30:06.687419+00:00,201,14854.709,
2026-09-08T19:30:18.578342+00:00,201,2968.783,
2026-09-08T19:30:15.184409+00:00,201,6372.275,
2026-09-08T19:30:17.112603+00:00,201,4445.014,
2026-09-08T19:30:19.967396+00:00,201,1595.824,
2026-09-08T19:30:13.865531+00:00,201,7699.399,
2026-09-08T19:30:16.073566+00:00,201,5496.795,
2026-09-08T19:30:20.252452+00:00,201,1322.255,
2026-09-08T19:30:07.802177+00:00,201,13779.909,
2026-09-08T19:30:19.048201+00:00,201,2544.622,
2026-09-08T19:30:20.178323+00:00,201,1422.948,
2026-09-08T19:30:16.920068+00:00,201,4687.287,
2026-09-08T19:30:09.010429+00:00,201,12617.697,
2026-09-08T19:30:21.233156+00:00,201,404.614,
2026-09-08T19:30:15.601021+00:00,201,6051.86,
2026-09-08T19:30:15.896864+00:00,201,5757.437,
2026-09-08T19:30:20.261500+00:00,201,1396.681,
2026-09-08T19:30:17.453433+00:00,201,4205.492,
2026-09-08T19:30:12.344775+00:00,201,9334.824,
2026-09-08T19:30:20.755726+00:00,201,935.213,
2026-09-08T19:30:19.123240+00:00,201,2568.455,
2026-09-08T19:30:17.691167+00:00,201,4004.244,
2026-09-08T19:30:13.737794+00:00,201,7959.039,
2026-09-08T19:30:18.034664+00:00,201,3667.112,
2026-09-08T19:30:14.202024+00:00,201,7502.742,
2026-09-08T19:30:20.183184+00:00,201,1530.193,
2026-09-08T19:30:14.963633+00:00,201,6750.643,
2026-09-08T19:30:20.313204+00:00,201,1404.198,
2026-09-08T19:30:21.060524+00:00,201,658.424,
2026-09-08T19:30:20.758707+00:00,201,961.034,
2026-09-08T19:30:18.297584+00:00,201,3424.973,
2026-09-08T19:30:15.531266+00:00,201,6193.51,
2026-09-08T19:30:14.899558+00:00,201,6827.204,
2026-09-08T19:30:06.737897+00:00,201,14990.654,
2026-09-08T19:30:08.515611+00:00,201,13223.734,
2026-09-08T19:30:21.637778+00:00,201,110.927,
2026-09-08T19:30:13.279496+00:00,201,8470.082,
2026-09-08T19:30:17.986020+00:00,201,3780.971,
2026-09-08T19:30:18.150960+00:00,201,3631.931,
2026-09-08T19:30:17.704534+00:00,201,4083.855,
2026-09-08T19:30:02.091913+00:00,201,19704.888,
2026-09-08T19:30:21.717408+00:00,201,85.908,
2026-09-08T19:30:09.181331+00:00,201,12625.868,
2026-09-08T19:30:21.307272+00:00,201,504.97,
2026-09-08T19:30:15.646028+00:00,201,6169.062,
2026-09-08T19:30:17.329673+00:00,201,4486.537,
2026-09-08T19:30:18.634062+00:00,201,3187.676,
2026-09-08T19:30:19.617919+00:00,201,2207.705,
2026-09-08T19:30:07.554611+00:00,201,14272.805,
2026-09-08T19:30:21.739370+00:00,201,90.664,
2026-09-08T19:30:15.805012+00:00,201,6026.563,
2026-09-08T19:30:21.547135+00:00,201,285.205,
2026-09-08T19:30:15.712546+00:00,201,6127.709,
2026-09-08T19:30:21.749597+00:00,201,91.602,
2026-09-08T19:30:19.778983+00:00,201,2072.715,
2026-09-08T19:30:18.019495+00:00,201,3836.652,
2026-09-08T19:30:07.267755+00:00,201,14599.365,
2026-09-08T19:30:10.458269+00:00,201,11413.322,
2026-09-08T19:30:20.574989+00:00,201,1311.328,
2026-09-08T19:30:13.401476+00:00,201,8494.223,
2026-09-08T19:29:55.361990+00:00,201,26537.127,
2026-09-08T19:30:10.159862+00:00,201,11742.369,
2026-09-08T19:30:21.450706+00:00,201,452.298,
2026-09-08T19:30:21.018266+00:00,201,891.066,
2026-09-08T19:30:13.609430+00:00,201,8307.584,
2026-09-08T19:30:19.500863+00:00,201,2417.618,
2026-09-08T19:30:18.161080+00:00,201,3760.25,
2026-09-08T19:30:20.102001+00:00,201,1821.284,
2026-09-08T19:30:10.054080+00:00,201,11874.434,
2026-09-08T19:30:20.435785+00:00,201,1497.224,
2026-09-08T19:30:21.849460+00:00,201,84.174,
2026-09-08T19:30:21.262175+00:00,201,677.421,
2026-09-08T19:30:12.319802+00:00,201,9621.384,
2026-09-08T19:30:20.158569+00:00,201,1787.175,
2026-09-08T19:30:15.431335+00:00,201,6516.36,
2026-09-08T19:30:15.134549+00:00,201,6823.523,
2026-09-08T19:30:21.550672+00:00,201,410.875,
2026-09-08T19:30:21.295186+00:00,201,677.664,
2026-09-08T19:30:21.207460+00:00,201,769.868,
2026-09-08T19:30:21.387363+00:00,201,593.546,
2026-09-08T19:30:21.520857+00:00,201,462.715,
2026-09-08T19:30:14.004076+00:00,201,7981.251,
2026-09-08T19:30:21.895715+00:00,201,95.115,
2026-09-08T19:30:08.860437+00:00,201,13133.713,
2026-09-08T19:30:20.791919+00:00,201,1208.728,
2026-09-08T19:30:15.961802+00:00,201,6039.623,
2026-09-08T19:30:18.552251+00:00,201,3449.902,
2026-09-08T19:30:14.968206+00:00,201,7045.645,
2026-09-08T19:30:14.011554+00:00,201,8016.183,
2026-09-08T19:30:16.408708+00:00,201,5620.577,
2026-09-08T19:30:09.836956+00:00,201,12196.607,
2026-09-08T19:30:11.399964+00:00,201,10637.276,
2026-09-08T19:30:14.016555+00:00,201,8025.555,
2026-09-08T19:30:12.616197+00:00,201,9427.589,
2026-09-08T19:30:20.621983+00:00,201,1427.954,
2026-09-08T19:30:15.607973+00:00,201,6444.371,
2026-09-08T19:30:00.680507+00:00,201,21376.19,
2026-09-08T19:30:09.490552+00:00,201,12573.464,
2026-09-08T19:30:05.237454+00:00,201,16827.484,
2026-09-08T19:30:08.990349+00:00,201,13076.965,
2026-09-08T19:30:13.819192+00:00,201,8251.703,
2026-09-08T19:29:58.160468+00:00,201,23923.363,
2026-09-08T19:30:15.503748+00:00,201,6580.855,
2026-09-08T19:30:12.956103+00:00,201,9130.403,
2026-09-08T19:30:20.784229+00:00,201,1305.02,
2026-09-08T19:30:15.294662+00:00,201,6798.057,
2026-09-08T19:30:09.680084+00:00,201,12414.637,
2026-09-08T19:30:21.767002+00:00,201,329.543,
2026-09-08T19:30:15.875803+00:00,201,6235.926,
2026-09-08T19:30:10.116975+00:00,201,12003.805,
2026-09-08T19:30:15.861413+00:00,201,6268.31,
2026-09-08T19:30:21.481281+00:00,201,661.782,
2026-09-08T19:30:16.525399+00:00,201,5621.672,
2026-09-08T19:30:15.689188+00:00,201,6466.837,
2026-09-08T19:30:16.014775+00:00,201,6150.18,
2026-09-08T19:30:14.487442+00:00,201,7679.128,
2026-09-08T19:29:59.088221+00:00,201,23079.494,
2026-09-08T19:30:14.712741+00:00,201,7457.559,
2026-09-08T19:30:21.478831+00:00,201,695.809,
2026-09-08T19:30:12.271064+00:00,201,9904.908,
2026-09-08T19:30:16.680115+00:00,201,5496.591,
2026-09-08T19:30:18.624431+00:00,201,3555.156,
2026-09-08T19:30:06.472713+00:00,201,15710.634,
2026-09-08T19:30:16.010383+00:00,201,6177.615,
2026-09-08T19:30:14.002780+00:00,201,8187.637,
2026-09-08T19:30:14.079050+00:00,201,8114.521,
2026-09-08T19:30:15.727520+00:00,201,6467.074,
2026-09-08T19:30:20.644146+00:00,201,1551.171,
2026-09-08T19:30:15.551097+00:00,201,6655.968,
2026-09-08T19:30:21.939602+00:00,201,269.183,
2026-09-08T19:30:17.488441+00:00,201,4736.534,
2026-09-08T19:30:14.832625+00:00,201,7405.078,
2026-09-08T19:30:15.638089+00:00,201,6612.32,
2026-09-08T19:30:14.970198+00:00,201,7286.326,
2026-09-08T19:30:05.068432+00:00,201,17189.536,
2026-09-08T19:30:18.865021+00:00,201,3403.371,
2026-09-08T19:30:17.981253+00:00,201,4292.491,
2026-09-08T19:30:15.339898+00:00,201,6936.469,
2026-09-08T19:30:18.998187+00:00,201,3288.916,
2026-09-08T19:30:15.838310+00:00,201,6456.618,
2026-09-08T19:30:11.144008+00:00,201,11163.303,
2026-09-08T19:30:14.722413+00:00,201,7588.01,
2026-09-08T19:30:22.190436+00:00,201,125.617,
2026-09-08T19:30:15.448929+00:00,201,6872.707,
2026-09-08T19:30:11.686071+00:00,201,10642.425,
2026-09-08T19:30:16.962631+00:00,201,5368.251,
2026-09-08T19:30:15.110597+00:00,201,7236.589,
2026-09-08T19:30:15.128448+00:00,201,7221.768,
2026-09-08T19:30:19.152220+00:00,201,3199.21,
2026-09-08T19:30:05.476771+00:00,201,16878.99,
2026-09-08T19:30:08.592890+00:00,201,13768.462,
2026-09-08T19:30:11.957090+00:00,201,10414.134,
2026-09-08T19:30:16.777643+00:00,201,5594.504,
2026-09-08T19:30:15.734490+00:00,201,6647.136,
2026-09-08T19:30:14.631229+00:00,201,7752.334,
2026-09-08T19:30:06.413130+00:00,201,15972.017,
2026-09-08T19:30:21.980919+00:00,201,405.486,
2026-09-08T19:30:19.592612+00:00,201,2794.951,
2026-09-08T19:30:20.226261+00:00,201,2162.419,
2026-09-08T19:30:15.743219+00:00,201,6646.64,
2026-09-08T19:30:11.457503+00:00,201,10933.514,
2026-09-08T19:30:15.216139+00:00,201,7176.099,
2026-09-08T19:30:12.079686+00:00,201,10313.776,
2026-09-08T19:30:07.455326+00:00,201,14939.351,
2026-09-08T19:30:18.876181+00:00,201,3527.331,
2026-09-08T19:30:14.879810+00:00,201,7530.107,
2026-09-08T19:30:22.250428+00:00,201,162.892,
2026-09-08T19:30:14.489257+00:00,201,7940.215,
2026-09-08T19:30:16.643737+00:00,201,5826.175,
2026-09-08T19:30:17.582715+00:00,201,4909.287,
2026-09-08T19:30:19.502939+00:00,201,2994.788,
2026-09-08T19:30:10.601090+00:00,201,11908.172,
2026-09-08T19:30:22.067339+00:00,201,451.213,
2026-09-08T19:30:21.376097+00:00,201,1170.59,
2026-09-08T19:30:06.689650+00:00,201,15858.383,
2026-09-08T19:30:08.345440+00:00,201,14209.105,
2026-09-08T19:30:19.595566+00:00,201,2974.977,
2026-09-08T19:30:21.023580+00:00,201,1548.307,
2026-09-08T19:30:10.627144+00:00,201,11946.29,
2026-09-08T19:30:13.190621+00:00,201,9384.534,
2026-09-08T19:30:20.840875+00:00,201,1736.105,
2026-09-08T19:30:17.207074+00:00,201,5371.924,
2026-09-08T19:30:13.887561+00:00,201,8693.281,
2026-09-08T19:30:09.936858+00:00,201,12645.704,
2026-09-08T19:30:19.118851+00:00,201,3465.418,
2026-09-08T19:30:12.602204+00:00,201,9983.752,
2026-09-08T19:30:19.226840+00:00,201,3360.974,
2026-09-08T19:30:17.128857+00:00,201,5460.829,
2026-09-08T19:30:16.706949+00:00,201,5908.262,
2026-09-08T19:30:14.231117+00:00,201,8389.061,
2026-09-08T19:30:19.077975+00:00,201,3560.76,
2026-09-08T19:30:21.886325+00:00,201,765.102,
2026-09-08T19:30:09.847509+00:00,201,12808.128,
2026-09-08T19:30:21.984001+00:00,201,673.649,
2026-09-08T19:30:18.227775+00:00,201,4431.994,
2026-09-08T19:30:19.884650+00:00,201,2777.23,
2026-09-08T19:30:21.903013+00:00,201,761.076,
2026-09-08T19:30:18.078675+00:00,201,4587.718,
2026-09-08T19:30:18.500742+00:00,201,4168.031,
2026-09-08T19:30:12.990171+00:00,201,9681.099,
2026-09-08T19:30:20.976996+00:00,201,1696.806,
2026-09-08T19:30:20.480266+00:00,201,2196.157,
2026-09-08T19:30:22.086529+00:00,201,592.419,
2026-09-08T19:30:20.454110+00:00,201,2227.566,
2026-09-08T19:30:17.564412+00:00,201,5119.84,
2026-09-08T19:30:17.305253+00:00,201,5381.896,
2026-09-08T19:30:20.559348+00:00,201,2130.546,
2026-09-08T19:30:13.248509+00:00,201,9444.271,
2026-09-08T19:30:14.857178+00:00,201,7854.559,
2026-09-08T19:30:12.784932+00:00,201,9931.545,
2026-09-08T19:30:02.371297+00:00,201,20352.012,
2026-09-08T19:30:21.104144+00:00,201,1627.54,
2026-09-08T19:30:21.164183+00:00,201,1584.001,
2026-09-08T19:30:20.650566+00:00,201,2108.172,
2026-09-08T19:30:19.166203+00:00,201,3603.725,
2026-09-08T19:30:21.172595+00:00,201,1607.605,
2026-09-08T19:30:15.190008+00:00,201,7615.964,
2026-09-08T19:30:21.691706+00:00,201,1138.362,
2026-09-08T19:30:09.185015+00:00,201,13657.983,
2026-09-08T19:30:21.563228+00:00,201,1298.644,
2026-09-08T19:30:16.135262+00:00,201,6749.897,
2026-09-08T19:30:13.706378+00:00,201,9198.779,
2026-09-08T19:30:14.907559+00:00,201,8040.892,
2026-09-08T19:30:21.928538+00:00,201,1024.617,
2026-09-08T19:30:22.070912+00:00,201,894.569,
2026-09-08T19:30:15.658664+00:00,201,7312.524,
2026-09-08T19:30:20.393767+00:00,201,2580.895,
2026-09-08T19:30:19.950747+00:00,201,3051.001,
2026-09-08T19:30:08.699398+00:00,201,14337.258,
2026-09-08T19:30:12.668241+00:00,201,10382.03,
2026-09-08T19:30:14.460032+00:00,201,8612.379,
2026-09-08T19:30:08.952381+00:00,201,14159.212,
2026-09-08T19:30:15.854168+00:00,201,7273.756,
2026-09-08T19:30:18.855411+00:00,201,4283.139,
2026-09-08T19:30:17.288906+00:00,201,5859.149,
2026-09-08T19:30:15.665534+00:00,201,7495.088,
2026-09-08T19:30:20.244180+00:00,201,2984.482,
2026-09-08T19:30:19.039103+00:00,201,4202.681,
2026-09-08T19:30:17.771016+00:00,201,5492.169,
2026-09-08T19:30:13.270576+00:00,201,10004.665,
2026-09-08T19:30:21.529569+00:00,201,1758.843,
2026-09-08T19:30:21.628151+00:00,201,1665.949,
2026-09-08T19:30:13.709293+00:00,201,9587.752,
2026-09-08T19:30:11.171471+00:00,201,12132.458,
2026-09-08T19:30:12.762531+00:00,201,10547.181,
2026-09-08T19:30:13.677036+00:00,201,9635.501,
2026-09-08T19:30:15.676447+00:00,201,7677.67,
2026-09-08T19:30:09.667222+00:00,201,13692.355,
2026-09-08T19:30:07.059585+00:00,201,16364.642,
2026-09-08T19:30:14.545572+00:00,201,8934.18,
2026-09-08T19:30:20.140613+00:00,201,3419.954,
2026-09-08T19:30:21.454499+00:00,201,2108.713,
2026-09-08T19:30:08.201640+00:00,201,15388.466,
2026-09-08T19:30:13.963633+00:00,201,9630.487,
2026-09-08T19:30:09.919051+00:00,201,13702.039,
2026-09-08T19:30:20.311991+00:00,201,3321.37,
2026-09-08T19:30:23.241795+00:00,201,394.366,
2026-09-08T19:30:17.121264+00:00,201,6537.627,
2026-09-08T19:30:16.435574+00:00,201,7235.316,
2026-09-08T19:30:20.388848+00:00,201,3308.934,
2026-09-08T19:30:13.545808+00:00,201,10155.74,
2026-09-08T19:30:15.102431+00:00,201,8605.773,
2026-09-08T19:30:21.821748+00:00,201,1930.123,
2026-09-08T19:30:12.683175+00:00,201,11084.1,
2026-09-08T19:30:22.188015+00:00,201,1583.136,
2026-09-08T19:30:21.902254+00:00,201,1898.161,
2026-09-08T19:30:18.987247+00:00,201,4820.652,
2026-09-08T19:30:22.156044+00:00,201,1705.044,
2026-09-08T19:30:21.961556+00:00,201,1911.317,
2026-09-08T19:30:23.554952+00:00,201,349.546,
2026-09-08T19:30:11.945824+00:00,201,11970.384,
2026-09-08T19:30:13.793888+00:00,201,10129.149,
2026-09-08T19:30:14.344410+00:00,201,9582.438,
2026-09-08T19:30:18.689444+00:00,201,5259.254,
2026-09-08T19:30:21.031408+00:00,201,2921.819,
2026-09-08T19:30:21.189268+00:00,201,2766.826,
2026-09-08T19:30:14.412778+00:00,201,9575.701,
2026-09-08T19:30:23.208930+00:00,201,782.133,
2026-09-08T19:30:15.435971+00:00,201,8614.648,
2026-09-08T19:30:16.044159+00:00,201,8024.611,
2026-09-08T19:30:22.148225+00:00,201,1927.295,
2026-09-08T19:30:14.937198+00:00,201,9149.889,
2026-09-08T19:30:22.383586+00:00,201,1718.453,
2026-09-08T19:30:17.647573+00:00,201,6460.905,
2026-09-08T19:30:09.220821+00:00,201,14892.961,
2026-09-08T19:30:21.406614+00:00,201,2734.408,
2026-09-08T19:30:22.207081+00:00,201,1937.996,
2026-09-08T19:30:22.393485+00:00,201,1761.054,
2026-09-08T19:30:13.177476+00:00,201,11005.508,
2026-09-08T19:30:21.413928+00:00,201,2778.364,
2026-09-08T19:30:22.287114+00:00,201,1940.874,
2026-09-08T19:30:12.868142+00:00,201,11386.73,
2026-09-08T19:30:09.710348+00:00,201,14556.51,
2026-09-08T19:30:22.554572+00:00,201,1752.302,
2026-09-08T19:30:10.492129+00:00,201,13828.6,
2026-09-08T19:30:23.228673+00:00,201,1101.986,
2026-09-08T19:30:21.696849+00:00,201,2640.617,
2026-09-08T19:30:12.456511+00:00,201,11899.719,
2026-09-08T19:30:22.175991+00:00,201,2192.884,
2026-09-08T19:30:22.027754+00:00,201,2363.718,
2026-09-08T19:30:17.879328+00:00,201,6529.936,
2026-09-08T19:30:13.544819+00:00,201,10867.878,
2026-09-08T19:30:20.946445+00:00,201,3493.817,
2026-09-08T19:30:15.674328+00:00,201,8804.806,
2026-09-08T19:30:20.958159+00:00,201,3544.152,
2026-09-08T19:30:23.294111+00:00,201,1231.149,
2026-09-08T19:30:22.948468+00:00,201,1581.285,
2026-09-08T19:30:14.559988+00:00,201,9978.585,
2026-09-08T19:30:18.252833+00:00,201,6305.583,
2026-09-08T19:30:22.147086+00:00,201,2423.384,
2026-09-08T19:30:14.715743+00:00,201,9860.553,
2026-09-08T19:30:21.714294+00:00,201,2882.591,
2026-09-08T19:30:21.359090+00:00,201,3297.951,
2026-09-08T19:30:21.695423+00:00,201,2968.41,
2026-09-08T19:30:15.825504+00:00,201,8841.443,
2026-09-08T19:30:16.062008+00:00,201,8622.654,
2026-09-08T19:30:22.330914+00:00,201,2371.816,
2026-09-08T19:30:19.868220+00:00,201,4842.275,
2026-09-08T19:30:24.306884+00:00,201,408.646,
2026-09-08T19:30:19.894198+00:00,201,4844.213,
2026-09-08T19:30:18.454137+00:00,201,6287.135,
2026-09-08T19:30:21.958093+00:00,201,2809.246,
2026-09-08T19:30:16.561654+00:00,201,8208.562,
2026-09-08T19:30:14.464529+00:00,201,10336.54,
2026-09-08T19:30:22.389876+00:00,201,2426.852,
2026-09-08T19:30:13.606569+00:00,201,11254.973,
2026-09-08T19:30:19.211899+00:00,201,5697.803,
2026-09-08T19:30:20.760705+00:00,201,4171.654,
2026-09-08T19:30:11.811605+00:00,201,13133.508,
2026-09-08T19:30:21.536427+00:00,201,3417.253,
2026-09-08T19:30:24.502323+00:00,201,479.789,
2026-09-08T19:30:17.493281+00:00,201,7515.883,
2026-09-08T19:30:13.209653+00:00,201,11821.64,
2026-09-08T19:30:17.961951+00:00,201,7077.974,
2026-09-08T19:30:09.085819+00:00,201,15986.919,
2026-09-08T19:30:19.839324+00:00,201,5250.718,
2026-09-08T19:30:21.256243+00:00,201,3845.43,
2026-09-08T19:30:15.250663+00:00,201,9878.753,
2026-09-08T19:30:23.424257+00:00,201,1709.37,
2026-09-08T19:30:21.242367+00:00,201,3930.144,
2026-09-08T19:30:22.321655+00:00,201,2860.581,
2026-09-08T19:30:13.247632+00:00,201,11942.073,
2026-09-08T19:30:15.477292+00:00,201,9719.338,
2026-09-08T19:30:20.193077+00:00,201,5006.477,
2026-09-08T19:30:14.279603+00:00,201,10945.436,
2026-09-08T19:30:21.493430+00:00,201,3734.428,
2026-09-08T19:30:20.185244+00:00,201,5088.895,
2026-09-08T19:30:14.781142+00:00,201,10508.379,
2026-09-08T19:30:17.591249+00:00,201,7709.25,
2026-09-08T19:30:18.743844+00:00,201,6581.417,
2026-09-08T19:30:21.446673+00:00,201,3881.654,
2026-09-08T19:30:21.282915+00:00,201,4063.574,
2026-09-08T19:30:22.064040+00:00,201,3298.483,
2026-09-08T19:30:07.509193+00:00,201,17869.713,
2026-09-08T19:30:16.987421+00:00,201,8401.949,
2026-09-08T19:30:22.518558+00:00,201,2879.388,
2026-09-08T19:30:22.575175+00:00,201,2836.009,
2026-09-08T19:30:19.961596+00:00,201,5526.293,
2026-09-08T19:30:12.643902+00:00,201,12853.2,
2026-09-08T19:30:12.377116+00:00,201,13154.352,
2026-09-08T19:30:10.655536+00:00,201,14891.625,
2026-09-08T19:30:24.668801+00:00,201,900.987,
2026-09-08T19:30:24.760370+00:00,201,815.125,
2026-09-08T19:30:21.312849+00:00,201,4283.247,
2026-09-08T19:30:19.564107+00:00,201,6053.207,
2026-09-08T19:30:00.948827+00:00,201,24699.35,
2026-09-08T19:30:14.772602+00:00,201,10920.561,
2026-09-08T19:30:15.289219+00:00,201,10406.805,
2026-09-08T19:30:23.263198+00:00,201,2460.497,
2026-09-08T19:30:14.080513+00:00,201,11677.477,
2026-09-08T19:30:17.744988+00:00,201,8018.571,
2026-09-08T19:30:15.049708+00:00,201,10724.841,
2026-09-08T19:30:17.958061+00:00,201,7820.81,
2026-09-08T19:30:21.382245+00:00,201,4412.0,
2026-09-08T19:30:23.312555+00:00,201,2548.92,
2026-09-08T19:30:20.831497+00:00,201,5043.203,
2026-09-08T19:30:25.569796+00:00,201,336.245,
2026-09-08T19:30:04.102066+00:00,201,21813.822,
2026-09-08T19:30:20.284605+00:00,201,5638.63,
2026-09-08T19:30:15.420632+00:00,201,10508.212,
2026-09-08T19:30:25.575504+00:00,201,376.503,
2026-09-08T19:30:08.756274+00:00,201,17211.653,
2026-09-08T19:30:18.574536+00:00,201,7401.488,
2026-09-08T19:30:09.028715+00:00,201,16973.075,
2026-09-08T19:30:16.815644+00:00,201,9216.499,
2026-09-08T19:30:23.250208+00:00,201,2788.015,
2026-09-08T19:30:23.111621+00:00,201,2949.206,
2026-09-08T19:30:14.641940+00:00,201,11441.519,
2026-09-08T19:30:04.742911+00:00,201,21362.882,
2026-09-08T19:30:09.826027+00:00,201,16290.478,
2026-09-08T19:30:24.223617+00:00,201,1908.962,
2026-09-08T19:30:07.448145+00:00,201,18704.528,
2026-09-08T19:30:20.478025+00:00,201,5698.983,
2026-09-08T19:30:15.741384+00:00,201,10454.083,
2026-09-08T19:30:21.438041+00:00,201,4765.554,
2026-09-08T19:30:19.330291+00:00,201,6897.102,
2026-09-08T19:30:15.702606+00:00,201,10530.997,
2026-09-08T19:30:15.536134+00:00,201,10708.99,
2026-09-08T19:30:13.127924+00:00,201,13121.553,
2026-09-08T19:30:25.861486+00:00,201,392.909,
2026-09-08T19:30:25.906053+00:00,201,351.45,
2026-09-08T19:30:22.388690+00:00,201,3928.291,
2026-09-08T19:30:10.185265+00:00,201,16152.089,
2026-09-08T19:30:18.582624+00:00,201,7774.483,
2026-09-08T19:30:07.954149+00:00,201,18405.739,
2026-09-08T19:30:06.880650+00:00,201,19509.247,
2026-09-08T19:30:16.765231+00:00,201,9683.6,
2026-09-08T19:30:14.894844+00:00,201,11566.028,
2026-09-08T19:30:11.995596+00:00,201,14481.172,
2026-09-08T19:30:26.116537+00:00,201,382.125,
2026-09-08T19:30:18.808228+00:00,201,7701.54,
2026-09-08T19:30:24.663842+00:00,201,1853.151,
2026-09-08T19:30:20.156595+00:00,201,6364.774,
2026-09-08T19:30:17.396202+00:00,201,9140.387,
2026-09-08T19:30:12.355795+00:00,201,14196.679,
2026-09-08T19:30:22.116026+00:00,201,4471.251,
2026-09-08T19:30:22.681685+00:00,201,3931.724,
2026-09-08T19:30:17.567698+00:00,201,9056.495,
2026-09-08T19:30:18.129008+00:00,201,8505.253,
2026-09-08T19:30:11.712505+00:00,201,14960.594,
2026-09-08T19:30:25.596109+00:00,201,1140.173,
2026-09-08T19:30:13.795502+00:00,201,12959.056,
2026-09-08T19:30:21.040412+00:00,201,5727.535,
2026-09-08T19:30:22.096555+00:00,201,4674.546,
2026-09-08T19:30:21.871613+00:00,201,4933.72,
2026-09-08T19:30:22.208792+00:00,201,4606.142,
2026-09-08T19:30:20.950174+00:00,201,5894.197,
2026-09-08T19:30:22.509285+00:00,201,4356.186,
2026-09-08T19:30:21.022777+00:00,201,5854.003,
2026-09-08T19:30:15.656820+00:00,201,11234.267,
2026-09-08T19:30:15.256859+00:00,201,11641.406,
2026-09-08T19:30:21.557628+00:00,201,5372.771,
2026-09-08T19:30:10.525913+00:00,201,16408.824,
2026-09-08T19:30:16.107660+00:00,201,10856.441,
2026-09-08T19:30:24.717715+00:00,201,2266.504,
2026-09-08T19:30:21.856158+00:00,201,5166.611,
2026-09-08T19:30:23.590135+00:00,201,3449.501,
2026-09-08T19:30:19.544418+00:00,201,7502.115,
2026-09-08T19:30:24.719410+00:00,201,2375.412,
2026-09-08T19:30:19.044134+00:00,201,8056.572,
2026-09-08T19:30:24.088454+00:00,201,3026.23,
2026-09-08T19:30:12.568337+00:00,201,14549.201,
2026-09-08T19:30:16.035340+00:00,201,11090.051,
2026-09-08T19:30:22.905176+00:00,201,4238.152,
2026-09-08T19:30:13.042211+00:00,201,14105.466,
2026-09-08T19:30:21.788400+00:00,201,5372.012,
2026-09-08T19:30:21.174213+00:00,201,5996.454,
2026-09-08T19:30:21.782900+00:00,201,5395.629,
2026-09-08T19:30:21.709686+00:00,201,5483.405,
2026-09-08T19:30:13.433583+00:00,201,13851.083,
2026-09-08T19:30:21.224146+00:00,201,6099.738,
2026-09-08T19:30:25.577807+00:00,201,1749.073,
2026-09-08T19:30:19.623665+00:00,201,7707.331,
2026-09-08T19:30:21.466823+00:00,201,5889.272,
2026-09-08T19:30:24.102052+00:00,201,3268.562,
2026-09-08T19:30:19.717913+00:00,201,7663.828,
2026-09-08T19:30:14.583850+00:00,201,12818.767,
2026-09-08T19:30:19.199939+00:00,201,8219.012,
2026-09-08T19:30:16.177712+00:00,201,11250.228,
2026-09-08T19:30:16.068368+00:00,201,11378.035,
2026-09-08T19:30:24.702752+00:00,201,2749.909,
2026-09-08T19:30:23.072428+00:00,201,4385.371,
2026-09-08T19:30:15.949853+00:00,201,11546.587,
2026-09-08T19:30:15.402472+00:00,201,12117.392,
2026-09-08T19:30:21.647094+00:00,201,5876.689,
2026-09-08T19:30:12.063026+00:00,201,15473.107,
2026-09-08T19:30:23.381214+00:00,201,4186.111,
2026-09-08T19:30:16.205934+00:00,201,11385.051,
2026-09-08T19:30:21.972858+00:00,201,5624.673,
2026-09-08T19:30:24.254896+00:00,201,3350.945,
2026-09-08T19:30:24.310791+00:00,201,3304.46,
2026-09-08T19:30:27.331012+00:00,201,297.182,
2026-09-08T19:30:22.615227+00:00,201,5030.711,
2026-09-08T19:30:22.739388+00:00,201,4908.044,
2026-09-08T19:30:27.094830+00:00,201,554.871,
2026-09-08T19:30:18.287839+00:00,201,9370.133,
2026-09-08T19:30:19.979454+00:00,201,7690.048,
2026-09-08T19:30:00.652570+00:00,201,27033.869,
2026-09-08T19:30:21.726778+00:00,201,5962.784,
2026-09-08T19:30:21.079641+00:00,201,6614.043,
2026-09-08T19:30:13.355866+00:00,201,14352.586,
2026-09-08T19:30:22.651436+00:00,201,5059.521,
2026-09-08T19:30:07.586128+00:00,201,20137.669,
2026-09-08T19:30:24.801090+00:00,201,2925.793,
2026-09-08T19:30:15.886118+00:00,201,11845.464,
2026-09-08T19:30:21.143936+00:00,201,6594.884,
2026-09-08T19:30:14.827679+00:00,201,12922.385,
2026-09-08T19:30:23.127940+00:00,201,4628.56,
2026-09-08T19:30:16.070016+00:00,201,11690.614,
2026-09-08T19:30:22.056734+00:00,201,5708.391,
2026-09-08T19:30:19.837741+00:00,201,7934.285,
2026-09-08T19:30:13.414831+00:00,201,14376.426,
2026-09-08T19:30:27.669519+00:00,201,124.421,
2026-09-08T19:30:13.786140+00:00,201,14024.051,
2026-09-08T19:30:12.508768+00:00,201,15303.62,
2026-09-08T19:30:22.689901+00:00,201,5124.413,
2026-09-08T19:30:15.009121+00:00,201,12809.453,
2026-09-08T19:30:27.326887+00:00,201,493.789,
2026-09-08T19:30:26.838919+00:00,201,986.182,
2026-09-08T19:30:14.562173+00:00,201,13269.71,
2026-09-08T19:30:21.491379+00:00,201,6355.708,
2026-09-08T19:30:25.229709+00:00,201,2620.295,
2026-09-08T19:30:17.094248+00:00,201,10758.087,
2026-09-08T19:30:20.046087+00:00,201,7825.688,
2026-09-08T19:30:14.323442+00:00,201,13553.641,
2026-09-08T19:30:22.353274+00:00,201,5533.766,
2026-09-08T19:30:14.557982+00:00,201,13336.159,
2026-09-08T19:30:18.353827+00:00,201,9550.137,
2026-09-08T19:30:27.783814+00:00,201,125.685,
2026-09-08T19:30:13.643091+00:00,201,14270.985,
2026-09-08T19:30:11.849842+00:00,201,16070.121,
2026-09-08T19:30:25.397958+00:00,201,2524.74,
2026-09-08T19:30:13.129227+00:00,201,14795.491,
2026-09-08T19:30:17.032492+00:00,201,10896.638,
2026-09-08T19:30:27.814325+00:00,201,117.327,
2026-09-08T19:30:21.947713+00:00,201,5986.564,
2026-09-08T19:30:15.153598+00:00,201,12787.97,
2026-09-08T19:30:21.909342+00:00,201,6042.197,
2026-09-08T19:30:26.125637+00:00,201,1833.472,
2026-09-08T19:30:25.227869+00:00,201,2733.237,
2026-09-08T19:30:21.285455+00:00,201,6690.234,
2026-09-08T19:30:17.460035+00:00,201,10526.232,
2026-09-08T19:30:19.504684+00:00,201,8492.718,
2026-09-08T19:30:19.608028+00:00,201,8394.357,
2026-09-08T19:30:25.954190+00:00,201,2054.369,
2026-09-08T19:30:13.123037+00:00,201,14893.654,
2026-09-08T19:30:22.748191+00:00,201,5279.287,
2026-09-08T19:30:23.085613+00:00,201,4954.266,
2026-09-08T19:30:27.726895+00:00,201,315.542,
2026-09-08T19:30:16.947461+00:00,201,11100.36,
2026-09-08T19:30:17.825007+00:00,201,10229.112,
2026-09-08T19:30:13.260225+00:00,201,14802.08,
2026-09-08T19:30:24.409279+00:00,201,3655.652,
2026-09-08T19:30:26.673127+00:00,201,1413.578,
2026-09-08T19:30:16.508107+00:00,201,11585.334,
2026-09-08T19:30:20.160485+00:00,201,7935.952,
2026-09-08T19:30:19.213538+00:00,201,8887.836,
2026-09-08T19:30:16.812495+00:00,201,11308.52,
2026-09-08T19:30:16.571218+00:00,201,11562.914,
2026-09-08T19:30:24.861566+00:00,201,3273.574,
2026-09-08T19:30:23.594140+00:00,201,4549.998,
2026-09-08T19:30:22.347206+00:00,201,5799.274,
2026-09-08T19:30:14.111004+00:00,201,14040.767,
2026-09-08T19:30:20.937170+00:00,201,7222.727,
2026-09-08T19:30:17.845548+00:00,201,10320.271,
2026-09-08T19:30:24.192302+00:00,201,3977.74,
2026-09-08T19:30:25.648219+00:00,201,2527.168,
2026-09-08T19:30:15.999649+00:00,201,12182.031,
2026-09-08T19:30:21.320361+00:00,201,6868.471,
2026-09-08T19:30:13.019809+00:00,201,15184.532,
2026-09-08T19:30:21.832344+00:00,201,6373.423,
2026-09-08T19:30:17.929991+00:00,201,10282.296,
2026-09-08T19:30:10.613175+00:00,201,17603.993,
2026-09-08T19:30:27.693698+00:00,201,524.605,
2026-09-08T19:30:14.911582+00:00,201,13311.762,
2026-09-08T19:30:04.546634+00:00,201,23683.264,
2026-09-08T19:30:15.245983+00:00,201,12985.487,
2026-09-08T19:30:25.189728+00:00,201,3042.747,
2026-09-08T19:30:16.239627+00:00,201,12021.689,
2026-09-08T19:30:14.847094+00:00,201,13425.988,
2026-09-08T19:30:18.885250+00:00,201,9404.521,
2026-09-08T19:30:20.038460+00:00,201,8271.833,
2026-09-08T19:30:22.268407+00:00,201,6052.061,
2026-09-08T19:30:27.356112+00:00,201,965.26,
2026-09-08T19:30:20.557176+00:00,201,7768.069,
2026-09-08T19:30:21.279285+00:00,201,7052.142,
2026-09-08T19:30:17.763551+00:00,201,10573.209,
2026-09-08T19:30:25.031314+00:00,201,3313.313,
2026-09-08T19:30:14.890157+00:00,201,13462.466,
2026-09-08T19:30:05.158601+00:00,201,23198.428,
2026-09-08T19:30:22.355790+00:00,201,6002.415,
2026-09-08T19:30:23.645596+00:00,201,4724.589,
2026-09-08T19:30:24.843664+00:00,201,3528.253,
2026-09-08T19:30:11.002196+00:00,201,17381.24,
2026-09-08T19:30:20.496961+00:00,201,7887.819,
2026-09-08T19:30:23.636167+00:00,201,4750.749,
2026-09-08T19:30:22.971204+00:00,201,5416.922,
2026-09-08T19:30:20.853226+00:00,201,7535.781,
2026-09-08T19:30:23.288421+00:00,201,5102.262,
2026-09-08T19:30:18.496259+00:00,201,9904.469,
2026-09-08T19:30:24.741286+00:00,201,3669.892,
2026-09-08T19:30:15.362801+00:00,201,13049.658,
2026-09-08T19:30:26.420783+00:00,201,1993.275,
2026-09-08T19:30:14.775074+00:00,201,13647.619,
2026-09-08T19:30:24.087108+00:00,201,4339.233,
2026-09-08T19:30:22.469927+00:00,201,5958.501,
2026-09-08T19:30:28.310311+00:00,201,120.607,
2026-09-08T19:30:12.983609+00:00,201,15469.007,
2026-09-08T19:30:22.874426+00:00,201,5582.628,
2026-09-08T19:30:26.517003+00:00,201,1948.737,
2026-09-08T19:30:15.709327+00:00,201,12768.562,
2026-09-08T19:30:15.490654+00:00,201,12989.744,
2026-09-08T19:30:19.335902+00:00,201,9145.327,
2026-09-08T19:30:17.149055+00:00,201,11337.153,
2026-09-08T19:30:24.050642+00:00,201,4441.196,
2026-09-08T19:30:18.800073+00:00,201,9694.852,
2026-09-08T19:30:11.226235+00:00,201,17272.388,
2026-09-08T19:30:27.125414+00:00,201,1375.315,
2026-09-08T19:30:23.633375+00:00,201,4868.721,
2026-09-08T19:30:10.465393+00:00,201,18038.152,
2026-09-08T19:30:27.676093+00:00,201,829.025,
2026-09-08T19:30:21.328892+00:00,201,7178.69,
2026-09-08T19:30:20.366787+00:00,201,8141.883,
2026-09-08T19:30:14.211682+00:00,201,14309.69,
2026-09-08T19:30:22.387572+00:00,201,6145.464,
2026-09-08T19:30:08.565571+00:00,201,19983.753,
2026-09-08T19:30:25.696048+00:00,201,2856.731,
2026-09-08T19:29:59.412694+00:00,201,29141.886,
2026-09-08T19:30:19.807380+00:00,201,8757.269,
2026-09-08T19:30:26.316992+00:00,201,2250.92,
2026-09-08T19:30:20.395352+00:00,201,8186.898,
2026-09-08T19:30:10.292736+00:00,201,18300.437,
2026-09-08T19:30:27.686483+00:00,201,913.142,
2026-09-08T19:30:08.642711+00:00,201,19961.578,
2026-09-08T19:30:21.380926+00:00,201,7228.769,
2026-09-08T19:30:25.378939+00:00,201,3240.543,
2026-09-08T19:30:26.926095+00:00,201,1694.558,
2026-09-08T19:30:24.133767+00:00,201,4490.97,
2026-09-08T19:30:22.394703+00:00,201,6236.04,
2026-09-08T19:30:11.661035+00:00,201,16976.121,
2026-09-08T19:30:28.347958+00:00,201,290.221,
2026-09-08T19:30:21.041163+00:00,201,7603.177,
2026-09-08T19:30:21.851711+00:00,201,6795.776,
2026-09-08T19:30:13.889787+00:00,201,14762.341,
2026-09-08T19:30:16.657613+00:00,201,11997.224,
2026-09-08T19:30:23.303952+00:00,201,5360.242,
2026-09-08T19:30:24.738425+00:00,201,3928.982,
2026-09-08T19:30:22.769943+00:00,201,5911.637,
2026-09-08T19:30:16.008735+00:00,201,12674.113,
2026-09-08T19:30:19.245421+00:00,201,9439.418,
2026-09-08T19:30:28.582266+00:00,201,119.045,
2026-09-08T19:30:14.571943+00:00,201,14139.338,
2026-09-08T19:30:19.271488+00:00,201,9442.0,
2026-09-08T19:30:08.392095+00:00,201,20323.077,
2026-09-08T19:30:12.675406+00:00,201,16044.01,
2026-09-08T19:30:25.300517+00:00,201,3433.171,
2026-09-08T19:30:26.865486+00:00,201,1870.219,
2026-09-08T19:30:20.799758+00:00,201,7944.689,
2026-09-08T19:30:25.547189+00:00,201,3205.863,
2026-09-08T19:30:12.673278+00:00,201,16083.273,
2026-09-08T19:30:23.821291+00:00,201,4944.948,
2026-09-08T19:30:28.664208+00:00,201,104.807,
2026-09-08T19:30:18.901530+00:00,201,9874.084,
2026-09-08T19:30:21.267370+00:00,201,7512.375,
2026-09-08T19:30:26.885301+00:00,201,1901.603,
2026-09-08T19:30:26.167189+00:00,201,2627.881,
2026-09-08T19:30:00.471815+00:00,201,28328.937,
2026-09-08T19:30:11.322924+00:00,201,17479.09,
2026-09-08T19:30:26.209037+00:00,201,2594.585,
2026-09-08T19:30:22.257998+00:00,201,6548.144,
2026-09-08T19:30:28.458900+00:00,201,352.91,
2026-09-08T19:30:21.116278+00:00,201,7696.625,
2026-09-08T19:30:12.712964+00:00,201,16102.501,
2026-09-08T19:30:14.462378+00:00,201,14357.748,
2026-09-08T19:30:28.711309+00:00,201,120.905,
2026-09-08T19:30:27.650564+00:00,201,1193.468,
2026-09-08T19:30:04.929281+00:00,201,23917.585,
2026-09-08T19:30:22.129739+00:00,201,6720.939,
2026-09-08T19:30:27.567337+00:00,201,1294.081,
2026-09-08T19:30:10.025038+00:00,201,18842.751,
2026-09-08T19:30:13.387638+00:00,201,15487.097,
2026-09-08T19:30:27.005850+00:00,201,1870.664,
2026-09-08T19:30:16.425571+00:00,201,12452.193,
2026-09-08T19:30:20.895012+00:00,201,7987.357,
2026-09-08T19:30:28.667421+00:00,201,216.762,
2026-09-08T19:30:21.411134+00:00,201,7486.92,
2026-09-08T19:30:21.807223+00:00,201,7091.717,
2026-09-08T19:30:14.204455+00:00,201,14714.415,
2026-09-08T19:30:15.545401+00:00,201,13386.11,
2026-09-08T19:30:15.424018+00:00,201,13510.586,
2026-09-08T19:30:14.124709+00:00,201,14815.227,
2026-09-08T19:30:15.770979+00:00,201,13171.059,
2026-09-08T19:30:02.509600+00:00,201,26436.705,
2026-09-08T19:30:21.923297+00:00,201,7033.237,
2026-09-08T19:30:26.498670+00:00,201,2464.568,
2026-09-08T19:30:26.883668+00:00,201,2082.119,
2026-09-08T19:30:15.998156+00:00,201,12976.558,
2026-09-08T19:30:24.391487+00:00,201,4586.293,
2026-09-08T19:30:16.104226+00:00,201,12893.195,
2026-09-08T19:30:16.973067+00:00,201,12029.165,
2026-09-08T19:30:15.359924+00:00,201,13649.707,
2026-09-08T19:30:28.205781+00:00,201,805.708,
2026-09-08T19:30:28.898071+00:00,201,115.802,
2026-09-08T19:30:13.133224+00:00,201,15883.123,
2026-09-08T19:30:22.512612+00:00,201,6521.174,
2026-09-08T19:30:25.411192+00:00,201,3624.381,
2026-09-08T19:30:13.142368+00:00,201,15900.075,
2026-09-08T19:30:28.027491+00:00,201,1016.938,
2026-09-08T19:30:10.346940+00:00,201,18701.298,
2026-09-08T19:30:24.452196+00:00,201,4604.577,
2026-09-08T19:30:28.701320+00:00,201,379.372,
2026-09-08T19:30:13.926808+00:00,201,15163.277,
2026-09-08T19:30:14.785771+00:00,201,14317.336,
2026-09-08T19:30:14.205364+00:00,201,14899.358,
2026-09-08T19:30:18.530050+00:00,201,10575.438,
2026-09-08T19:30:21.881486+00:00,201,7226.1,
2026-09-08T19:30:08.216864+00:00,201,20898.061,
2026-09-08T19:30:12.096954+00:00,201,17021.052,
2026-09-08T19:30:17.502824+00:00,201,11616.132,
2026-09-08T19:30:17.324390+00:00,201,11798.827,
2026-09-08T19:30:26.257510+00:00,201,2867.845,
2026-09-08T19:30:17.302145+00:00,201,11827.967,
2026-09-08T19:30:28.229937+00:00,201,906.68,
2026-09-08T19:30:22.195325+00:00,201,6944.299,
2026-09-08T19:30:25.617328+00:00,201,3526.675,
2026-09-08T19:30:24.320755+00:00,201,4823.999,
2026-09-08T19:30:26.844384+00:00,201,2301.855,
2026-09-08T19:30:20.772918+00:00,201,8381.909,
2026-09-08T19:30:26.876793+00:00,201,2284.249,
2026-09-08T19:30:17.964137+00:00,201,11210.385,
2026-09-08T19:30:23.603960+00:00,201,5583.404,
2026-09-08T19:30:28.028523+00:00,201,1165.222,
2026-09-08T19:30:28.922240+00:00,201,277.741,
2026-09-08T19:30:18.002077+00:00,201,11198.871,
2026-09-08T19:30:26.934766+00:00,201,2271.728,
2026-09-08T19:30:16.866714+00:00,201,12343.665,
2026-09-08T19:30:27.605854+00:00,201,1610.222,
2026-09-08T19:30:09.913183+00:00,201,19306.189,
2026-09-08T19:30:24.570480+00:00,201,4657.245,
2026-09-08T19:30:25.133637+00:00,201,4102.768,
2026-09-08T19:30:25.531494+00:00,201,3716.575,
2026-09-08T19:30:15.529027+00:00,201,13728.956,
2026-09-08T19:30:27.731606+00:00,201,1531.983,
2026-09-08T19:30:28.997447+00:00,201,267.881,
2026-09-08T19:30:19.791856+00:00,201,9477.42,
2026-09-08T19:30:27.213304+00:00,201,2062.694,
2026-09-08T19:30:01.681715+00:00,201,27604.427,
2026-09-08T19:30:20.603373+00:00,201,8687.281,
2026-09-08T19:30:15.111303+00:00,201,14182.416,
2026-09-08T19:30:13.417951+00:00,201,15882.263,
2026-09-08T19:30:29.206504+00:00,201,97.699,
2026-09-08T19:30:22.415615+00:00,201,6895.971,
2026-09-08T19:30:14.624466+00:00,201,14692.483,
2026-09-08T19:30:25.534252+00:00,201,3787.395,
2026-09-08T19:30:24.356254+00:00,201,4969.63,
2026-09-08T19:30:27.750088+00:00,201,1578.817,
2026-09-08T19:30:22.573460+00:00,201,6759.453,
2026-09-08T19:30:21.921341+00:00,201,7413.15,
2026-09-08T19:30:15.145146+00:00,201,14190.795,
2026-09-08T19:30:21.509986+00:00,201,7847.142,
2026-09-08T19:30:11.710426+00:00,201,17647.98,
2026-09-08T19:30:29.248083+00:00,201,117.202,
2026-09-08T19:30:15.623422+00:00,201,13760.84,
2026-09-08T19:30:29.002255+00:00,201,384.908,
2026-09-08T19:30:28.779763+00:00,201,608.393,
2026-09-08T19:30:14.272205+00:00,201,15125.739,
2026-09-08T19:30:26.476795+00:00,201,2922.081,
2026-09-08T19:30:18.377979+00:00,201,11022.599,
2026-09-08T19:30:29.293744+00:00,201,108.736,
2026-09-08T19:30:22.576988+00:00,201,6832.836,
2026-09-08T19:30:06.538821+00:00,201,22881.879,
2026-09-08T19:30:20.837661+00:00,201,8590.307,
2026-09-08T19:30:20.970530+00:00,201,8467.634,
2026-09-08T19:30:12.771185+00:00,201,16679.005,
2026-09-08T19:30:00.397154+00:00,201,29056.427,
2026-09-08T19:30:28.231494+00:00,201,1224.217,
2026-09-08T19:30:28.088469+00:00,201,1373.28,
2026-09-08T19:30:27.448975+00:00,201,2018.385,
2026-09-08T19:30:21.811588+00:00,201,7661.891,
2026-09-08T19:30:28.802045+00:00,201,677.694,
2026-09-08T19:30:22.638747+00:00,201,6846.942,
2026-09-08T19:30:21.527605+00:00,201,7969.455,
2026-09-08T19:30:29.397975+00:00,201,101.183,
2026-09-08T19:30:28.217199+00:00,201,1283.93,
2026-09-08T19:30:21.652896+00:00,201,7850.737,
2026-09-08T19:30:21.690947+00:00,201,7818.951,
2026-09-08T19:30:29.400600+00:00,201,111.802,
2026-09-08T19:30:15.846802+00:00,201,13670.785,
2026-09-08T19:30:13.845289+00:00,201,15682.97,
2026-09-08T19:30:15.270656+00:00,201,14268.777,
2026-09-08T19:30:28.800797+00:00,201,740.126,
2026-09-08T19:30:25.315386+00:00,201,4226.164,
2026-09-08T19:30:27.934293+00:00,201,1607.925,
2026-09-08T19:30:15.809769+00:00,201,13735.109,
2026-09-08T19:30:24.971509+00:00,201,4579.947,
2026-09-08T19:30:26.357123+00:00,201,3199.315,
2026-09-08T19:30:18.515138+00:00,201,11046.081,
2026-09-08T19:30:14.537458+00:00,201,15032.548,
2026-09-08T19:30:00.825298+00:00,201,28746.323,
2026-09-08T19:30:08.622799+00:00,201,20951.958,
2026-09-08T19:30:22.002167+00:00,201,7574.206,
2026-09-08T19:30:18.266694+00:00,201,11311.311,
2026-09-08T19:30:06.491706+00:00,201,23102.593,
2026-09-08T19:30:29.497080+00:00,201,98.035,
2026-09-08T19:30:29.499167+00:00,201,96.737,
2026-09-08T19:30:28.815496+00:00,201,781.199,
2026-09-08T19:30:28.054141+00:00,201,1546.662,
2026-09-08T19:30:22.413331+00:00,201,7194.481,
2026-09-08T19:30:28.062332+00:00,201,1548.713,
2026-09-08T19:30:15.007459+00:00,201,14609.975,
2026-09-08T19:30:15.609575+00:00,201,14015.233,
2026-09-08T19:30:22.843025+00:00,201,6786.358,
2026-09-08T19:30:06.966010+00:00,201,22664.227,
2026-09-08T19:30:10.954900+00:00,201,18676.868,
2026-09-08T19:30:18.196671+00:00,201,11465.182,
2026-09-08T19:30:21.607372+00:00,201,8059.435,
2026-09-08T19:30:04.680036+00:00,201,24990.432,
2026-09-08T19:30:08.612368+00:00,201,21062.601,
2026-09-08T19:30:21.485005+00:00,201,8197.063,
2026-09-08T19:30:29.595911+00:00,201,96.25,
2026-09-08T19:30:23.708225+00:00,201,5986.519,
2026-09-08T19:30:21.582112+00:00,201,8113.473,
2026-09-08T19:30:16.192436+00:00,201,13510.443,
2026-09-08T19:30:29.596702+00:00,201,107.047,
2026-09-08T19:30:12.715446+00:00,201,16997.97,
2026-09-08T19:30:20.727093+00:00,201,8990.43,
2026-09-08T19:30:21.224905+00:00,201,8499.3,
2026-09-08T19:30:26.891108+00:00,201,2838.157,
2026-09-08T19:30:19.554244+00:00,201,10182.393,
2026-09-08T19:30:19.676529+00:00,201,10064.39,
2026-09-08T19:30:26.227413+00:00,201,3514.548,
2026-09-08T19:30:22.310442+00:00,201,7447.261,
2026-09-08T19:30:28.555263+00:00,201,1206.012,
2026-09-08T19:30:17.388112+00:00,201,12379.836,
2026-09-08T19:30:07.204807+00:00,201,22565.46,
2026-09-08T19:30:29.044441+00:00,201,736.561,
2026-09-08T19:30:29.692166+00:00,201,93.903,
2026-09-08T19:30:13.923361+00:00,201,15865.706,
2026-09-08T19:30:10.404933+00:00,201,19384.962,
2026-09-08T19:30:16.055377+00:00,201,13735.38,
2026-09-08T19:30:27.924744+00:00,201,1886.881,
2026-09-08T19:30:27.381759+00:00,201,2431.107,
2026-09-08T19:30:29.713446+00:00,201,103.496,
2026-09-08T19:30:21.178892+00:00,201,8645.495,
2026-09-08T19:30:21.145522+00:00,201,8680.345,
2026-09-08T19:30:21.197709+00:00,201,8629.151,
2026-09-08T19:30:14.446472+00:00,201,15389.642,
2026-09-08T19:30:24.584343+00:00,201,5254.004,
2026-09-08T19:30:14.958326+00:00,201,14886.735,
2026-09-08T19:30:28.820156+00:00,201,1025.882,
2026-09-08T19:30:12.258338+00:00,201,17591.1,
2026-09-08T19:30:14.096876+00:00,201,15758.931,
2026-09-08T19:30:23.807914+00:00,201,6052.756,
2026-09-08T19:30:11.996882+00:00,201,17872.254,
2026-09-08T19:30:29.123241+00:00,201,746.69,
2026-09-08T19:30:15.641934+00:00,201,14233.781,
2026-09-08T19:30:21.140864+00:00,201,8735.586,
2026-09-08T19:30:29.781009+00:00,201,101.154,
2026-09-08T19:30:29.786077+00:00,201,99.301,
2026-09-08T19:30:21.327184+00:00,201,8563.275,
2026-09-08T19:30:27.689578+00:00,201,2204.046,
2026-09-08T19:30:22.711757+00:00,201,7185.996,
2026-09-08T19:30:17.666262+00:00,201,12233.185,
2026-09-08T19:30:15.070704+00:00,201,14833.931,
2026-09-08T19:30:28.502108+00:00,201,1405.824,
2026-09-08T19:30:28.146499+00:00,201,1763.189,
2026-09-08T19:30:21.601281+00:00,201,8318.641,
2026-09-08T19:30:21.106363+00:00,201,8820.43,
2026-09-08T19:30:22.780209+00:00,201,7149.84,
2026-09-08T19:30:11.548446+00:00,201,18384.748,
2026-09-08T19:30:28.383473+00:00,201,1551.395,
2026-09-08T19:30:12.317399+00:00,201,17629.315,
2026-09-08T19:30:26.001821+00:00,201,3953.015,
2026-09-08T19:30:15.271907+00:00,201,14686.942,
2026-09-08T19:30:25.406919+00:00,201,4556.649,
2026-09-08T19:30:22.094745+00:00,201,7871.649,
2026-09-08T19:30:15.829888+00:00,201,14140.701,
2026-09-08T19:30:19.810548+00:00,201,10160.785,
2026-09-08T19:30:28.294792+00:00,201,1680.133,
2026-09-08T19:30:28.388139+00:00,201,1588.037,
2026-09-08T19:30:25.072768+00:00,201,4904.924,
2026-09-08T19:30:22.176719+00:00,201,7803.04,
2026-09-08T19:30:26.771113+00:00,201,3209.616,
2026-09-08T19:30:29.789931+00:00,201,199.698,
2026-09-08T19:30:28.567921+00:00,201,1425.399,
2026-09-08T19:30:28.047844+00:00,201,1951.835,
2026-09-08T19:30:17.869206+00:00,201,12136.972,
2026-09-08T19:30:27.039653+00:00,201,2968.824,
2026-09-08T19:30:15.725469+00:00,201,14290.057,
2026-09-08T19:30:24.479154+00:00,201,5551.885,
2026-09-08T19:30:21.803322+00:00,201,8246.349,
2026-09-08T19:30:29.136625+00:00,201,918.61,
2026-09-08T19:30:13.108192+00:00,201,16960.935,
2026-09-08T19:30:21.841205+00:00,201,8234.119,
2026-09-08T19:30:28.508690+00:00,201,1570.707,
2026-09-08T19:30:12.746382+00:00,201,17334.719,
2026-09-08T19:30:03.253226+00:00,201,26863.858,
2026-09-08T19:30:15.960113+00:00,201,14166.189,
2026-09-08T19:30:26.506715+00:00,201,3622.058,
2026-09-08T19:30:28.719444+00:00,201,1409.953,
2026-09-08T19:30:22.585977+00:00,201,7544.289,
2026-09-08T19:30:26.132589+00:00,201,4000.65,
2026-09-08T19:30:22.620201+00:00,201,7521.241,
2026-09-08T19:30:20.407760+00:00,201,9747.293,
2026-09-08T19:30:06.273222+00:00,201,23883.3,
2026-09-08T19:30:28.867825+00:00,201,1289.707,
2026-09-08T19:30:22.237721+00:00,201,7921.14,
2026-09-08T19:30:25.346502+00:00,201,4815.107,
2026-09-08T19:30:27.615260+00:00,201,2548.721,
2026-09-08T19:30:22.885175+00:00,201,7281.155,
2026-09-08T19:30:28.212312+00:00,201,1957.95,
2026-09-08T19:30:29.717547+00:00,201,464.27,
2026-09-08T19:30:24.330667+00:00,201,5863.194,
2026-09-08T19:30:28.583910+00:00,201,1614.256,
2026-09-08T19:30:20.749161+00:00,201,9459.169,
2026-09-08T19:30:28.806157+00:00,201,1410.144,
2026-09-08T19:30:12.091651+00:00,201,18127.688,
2026-09-08T19:30:19.361537+00:00,201,10859.933,
2026-09-08T19:30:25.874712+00:00,201,4347.975,
2026-09-08T19:30:21.574717+00:00,201,8650.299,
2026-09-08T19:30:12.252981+00:00,201,17979.641,
2026-09-08T19:30:19.946846+00:00,201,10289.494,
2026-09-08T19:30:23.138561+00:00,201,7103.277,
2026-09-08T19:30:23.560577+00:00,201,6683.263,
2026-09-08T19:30:21.719747+00:00,201,8529.189,
2026-09-08T19:30:23.948712+00:00,201,6305.675,
2026-09-08T19:30:09.275875+00:00,201,20981.42,
2026-09-08T19:30:28.519869+00:00,201,1738.984,
2026-09-08T19:30:17.500681+00:00,201,12766.551,
2026-09-08T19:30:29.946749+00:00,201,321.311,
2026-09-08T19:30:25.011094+00:00,201,5258.102,
2026-09-08T19:30:13.224355+00:00,201,17045.604,
2026-09-08T19:30:26.634280+00:00,201,3636.931,
2026-09-08T19:30:29.954847+00:00,201,325.155,
2026-09-08T19:30:05.270099+00:00,201,25020.724,
2026-09-08T19:30:13.664395+00:00,201,16628.85,
2026-09-08T19:30:20.234769+00:00,201,10061.018,
2026-09-08T19:30:12.567323+00:00,201,17737.564,
2026-09-08T19:30:29.812875+00:00,201,496.814,
2026-09-08T19:30:14.552707+00:00,201,15759.299,
2026-09-08T19:30:26.767961+00:00,201,3548.875,
2026-09-08T19:30:18.072316+00:00,201,12252.444,
2026-09-08T19:30:17.348612+00:00,201,12982.27,
2026-09-08T19:30:22.913262+00:00,201,7418.931,
2026-09-08T19:30:09.152036+00:00,201,21181.235,
2026-09-08T19:30:28.942065+00:00,201,1406.087,
2026-09-08T19:30:29.193752+00:00,201,1161.392,
2026-09-08T19:30:29.723180+00:00,201,641.866,
2026-09-08T19:30:26.038232+00:00,201,4327.89,
2026-09-08T19:30:06.233506+00:00,201,24136.161,
2026-09-08T19:30:24.358736+00:00,201,6013.164,
2026-09-08T19:30:21.408834+00:00,201,8965.894,
2026-09-08T19:30:01.907272+00:00,201,28473.254,
2026-09-08T19:30:29.300243+00:00,201,1084.647,
2026-09-08T19:30:23.563222+00:00,201,6827.226,
2026-09-08T19:30:28.064943+00:00,201,2331.948,
2026-09-08T19:30:29.594338+00:00,201,806.206,
2026-09-08T19:30:22.723345+00:00,201,7678.994,
2026-09-08T19:30:22.042126+00:00,201,8362.449,
2026-09-08T19:30:28.769024+00:00,201,1646.228,
2026-09-08T19:30:22.049944+00:00,201,8370.984,
2026-09-08T19:30:29.767998+00:00,201,659.046,
2026-09-08T19:30:15.187707+00:00,201,15240.589,
2026-09-08T19:30:28.477914+00:00,201,1952.664,
2026-09-08T19:30:14.662431+00:00,201,15774.822,
2026-09-08T19:30:29.838361+00:00,201,602.022,
2026-09-08T19:30:12.958125+00:00,201,17487.221,
2026-09-08T19:30:22.548060+00:00,201,7899.512,
2026-09-08T19:30:29.818314+00:00,201,630.983,
2026-09-08T19:30:13.556756+00:00,201,16895.131,
2026-09-08T19:30:15.692047+00:00,201,14762.276,
2026-09-08T19:30:28.465750+00:00,201,2000.971,
2026-09-08T19:30:24.576316+00:00,201,5891.982,
2026-09-08T19:30:21.151597+00:00,201,9324.569,
2026-09-08T19:30:28.884191+00:00,201,1601.112,
2026-09-08T19:30:28.786913+00:00,201,1702.274,
2026-09-08T19:30:22.033587+00:00,201,8459.466,
2026-09-08T19:30:26.259255+00:00,201,4240.356,
2026-09-08T19:30:27.895546+00:00,201,2613.615,
2026-09-08T19:30:22.179599+00:00,201,8330.45,
2026-09-08T19:30:14.998796+00:00,201,15516.132,
2026-09-08T19:30:26.210705+00:00,201,4305.082,
2026-09-08T19:30:22.692799+00:00,201,7836.626,
2026-09-08T19:30:27.373105+00:00,201,3157.369,
2026-09-08T19:30:20.922251+00:00,201,9619.857,
2026-09-08T19:30:30.208351+00:00,201,338.088,
2026-09-08T19:30:15.791776+00:00,201,14762.135,
2026-09-08T19:30:29.578027+00:00,201,977.78,
2026-09-08T19:30:26.984229+00:00,201,3578.138,
2026-09-08T19:30:21.748713+00:00,201,8814.42,
2026-09-08T19:30:29.556450+00:00,201,1007.485,
2026-09-08T19:30:27.172576+00:00,201,3395.825,
2026-09-08T19:30:07.057635+00:00,201,23516.3,
2026-09-08T19:30:23.160640+00:00,201,7421.066,
2026-09-08T19:30:13.157108+00:00,201,17436.256,
2026-09-08T19:30:27.877109+00:00,201,2719.793,
2026-09-08T19:30:19.319139+00:00,201,11278.692,
2026-09-08T19:30:25.740860+00:00,201,4864.9,
2026-09-08T19:30:27.961116+00:00,201,2660.264,
2026-09-08T19:30:14.618206+00:00,201,16003.884,
2026-09-08T19:30:16.895952+00:00,201,13729.838,
2026-09-08T19:30:19.367402+00:00,201,11277.62,
2026-09-08T19:30:26.152706+00:00,201,4499.361,
2026-09-08T19:30:17.790111+00:00,201,12867.003,
2026-09-08T19:30:20.629820+00:00,201,10031.354,
2026-09-08T19:30:24.368886+00:00,201,6294.324,
2026-09-08T19:30:24.228000+00:00,201,6436.763,
2026-09-08T19:30:21.360342+00:00,201,9305.224,
2026-09-08T19:30:25.177915+00:00,201,5489.154,
2026-09-08T19:30:16.495074+00:00,201,14173.482,
2026-09-08T19:30:29.107604+00:00,201,1565.97,
2026-09-08T19:30:22.276383+00:00,201,8398.518,
2026-09-08T19:30:22.955631+00:00,201,7724.478,
2026-09-08T19:30:30.008488+00:00,201,690.544,
2026-09-08T19:30:21.200680+00:00,201,9508.452,
2026-09-08T19:30:29.409846+00:00,201,1305.257,
2026-09-08T19:30:16.888057+00:00,201,13831.518,
2026-09-08T19:30:16.005690+00:00,201,14715.232,
2026-09-08T19:30:27.022783+00:00,201,3701.231,
2026-09-08T19:30:23.359603+00:00,201,7366.954,
2026-09-08T19:30:19.528234+00:00,201,11200.0,
2026-09-08T19:30:30.621391+00:00,201,108.223,
2026-09-08T19:30:29.999688+00:00,201,735.959,
2026-09-08T19:30:24.540393+00:00,201,6198.633,
2026-09-08T19:30:23.297064+00:00,201,7443.665,
2026-09-08T19:30:27.519889+00:00,201,3227.671,
2026-09-08T19:30:15.538681+00:00,201,15211.48,
2026-09-08T19:30:28.314740+00:00,201,2440.39,
2026-09-08T19:30:20.161978+00:00,201,10597.733,
2026-09-08T19:30:28.426353+00:00,201,2334.348,
2026-09-08T19:30:30.214119+00:00,201,550.388,
2026-09-08T19:30:28.725046+00:00,201,2075.476,
2026-09-08T19:30:24.075530+00:00,201,6729.47,
2026-09-08T19:30:19.667233+00:00,201,11153.55,
2026-09-08T19:30:25.446957+00:00,201,5385.402,
2026-09-08T19:30:22.351445+00:00,201,8481.685,
2026-09-08T19:30:26.798739+00:00,201,4042.445,
2026-09-08T19:29:55.249634+00:00,201,35601.402,
2026-09-08T19:30:11.605167+00:00,201,19252.385,
2026-09-08T19:30:16.701187+00:00,201,14167.329,
2026-09-08T19:30:18.463047+00:00,201,12409.812,
2026-09-08T19:30:16.092995+00:00,201,14788.415,
2026-09-08T19:30:26.032162+00:00,201,4855.142,
2026-09-08T19:30:20.827556+00:00,201,10061.733,
2026-09-08T19:30:24.558433+00:00,201,6337.144,
2026-09-08T19:30:22.294945+00:00,201,8604.475,
2026-09-08T19:30:15.564077+00:00,201,15336.727,
2026-09-08T19:30:16.368064+00:00,201,14537.715,
2026-09-08T19:30:28.016720+00:00,201,2904.775,
2026-09-08T19:30:30.466732+00:00,201,458.51,
2026-09-08T19:30:20.129930+00:00,201,10796.499,
2026-09-08T19:30:22.696240+00:00,201,8233.919,
2026-09-08T19:30:19.302397+00:00,201,11631.337,
2026-09-08T19:30:11.784995+00:00,201,19151.167,
2026-09-08T19:30:30.415264+00:00,201,536.548,
2026-09-08T19:30:28.744463+00:00,201,2212.561,
2026-09-08T19:30:28.430924+00:00,201,2529.223,
2026-09-08T19:30:18.057695+00:00,201,12912.064,
2026-09-08T19:30:21.056315+00:00,201,9926.378,
2026-09-08T19:30:28.887840+00:00,201,2102.492,
2026-09-08T19:30:29.420740+00:00,201,1570.826,
2026-09-08T19:30:14.655373+00:00,201,16343.035,
2026-09-08T19:30:28.756579+00:00,201,2244.823,
2026-09-08T19:30:21.099499+00:00,201,9907.116,
2026-09-08T19:30:29.933225+00:00,201,1078.75,
2026-09-08T19:30:21.724789+00:00,201,9300.954,
2026-09-08T19:30:14.241841+00:00,201,16785.613,
2026-09-08T19:30:26.756709+00:00,201,4273.427,
2026-09-08T19:30:22.111746+00:00,201,8919.901,
2026-09-08T19:30:22.551345+00:00,201,8481.21,
2026-09-08T19:30:30.926450+00:00,201,111.024,
2026-09-08T19:30:10.784828+00:00,201,20255.222,
2026-09-08T19:30:29.461758+00:00,201,1580.958,
2026-09-08T19:30:29.104748+00:00,201,1961.338,
2026-09-08T19:30:30.951822+00:00,201,115.072,
2026-09-08T19:30:29.761282+00:00,201,1310.071,
2026-09-08T19:30:30.143372+00:00,201,932.308,
2026-09-08T19:30:28.270610+00:00,201,2813.619,
2026-09-08T19:30:29.200970+00:00,201,1886.134,
2026-09-08T19:30:25.101684+00:00,201,6003.433,
2026-09-08T19:30:21.222534+00:00,201,9890.014,
2026-09-08T19:30:15.059116+00:00,201,16054.912,
2026-09-08T19:30:29.631799+00:00,201,1487.271,
2026-09-08T19:30:22.758746+00:00,201,8369.301,
2026-09-08T19:30:18.332000+00:00,201,12804.266,
2026-09-08T19:30:24.178557+00:00,201,6958.621,
2026-09-08T19:30:28.939965+00:00,201,2200.824,
2026-09-08T19:30:29.509918+00:00,201,1632.815,
2026-09-08T19:30:30.312035+00:00,201,833.202,
2026-09-08T19:30:09.382947+00:00,201,21771.264,
2026-09-08T19:30:26.587293+00:00,201,4570.175,
2026-09-08T19:30:21.058640+00:00,201,10104.118,
2026-09-08T19:30:27.117564+00:00,201,4046.248,
2026-09-08T19:30:21.658939+00:00,201,9509.772,
2026-09-08T19:30:27.628202+00:00,201,3543.518,
2026-09-08T19:30:29.353847+00:00,201,1849.119,
2026-09-08T19:30:24.414995+00:00,201,6795.741,
2026-09-08T19:30:27.284692+00:00,201,3930.709,
2026-09-08T19:30:31.105133+00:00,201,112.087,
2026-09-08T19:30:22.664094+00:00,201,8559.116,
2026-09-08T19:30:30.445377+00:00,201,786.258,
2026-09-08T19:30:28.647504+00:00,201,2595.46,
2026-09-08T19:30:16.943215+00:00,201,14313.169,
2026-09-08T19:30:12.298461+00:00,201,18959.158,
2026-09-08T19:30:30.515797+00:00,201,745.795,
2026-09-08T19:30:27.114692+00:00,201,4157.378,
2026-09-08T19:30:15.273798+00:00,201,16003.194,
2026-09-08T19:30:30.933759+00:00,201,344.981,
2026-09-08T19:30:23.340967+00:00,201,7938.781,
2026-09-08T19:30:30.290864+00:00,201,995.292,
2026-09-08T19:30:24.710512+00:00,201,6589.216,
2026-09-08T19:30:13.184558+00:00,201,18117.368,
2026-09-08T19:30:24.108495+00:00,201,7199.17,
2026-09-08T19:30:15.045896+00:00,201,16272.778,
2026-09-08T19:30:30.489198+00:00,201,834.702,
2026-09-08T19:30:30.440391+00:00,201,889.64,
2026-09-08T19:30:11.481376+00:00,201,19854.558,
2026-09-08T19:30:19.242000+00:00,201,12103.24,
2026-09-08T19:30:14.568556+00:00,201,16780.508,
2026-09-08T19:30:28.766256+00:00,201,2591.52,
2026-09-08T19:30:08.668643+00:00,201,22690.959,
2026-09-08T19:30:30.455286+00:00,201,906.898,
2026-09-08T19:30:31.257653+00:00,201,114.433,
2026-09-08T19:30:30.158880+00:00,201,1217.947,
2026-09-08T19:30:30.304921+00:00,201,1073.103,
2026-09-08T19:30:10.396486+00:00,201,21003.801,
2026-09-08T19:30:29.011496+00:00,201,2392.891,
2026-09-08T19:30:29.042475+00:00,201,2365.964,
2026-09-08T19:30:16.532903+00:00,201,14878.512,
2026-09-08T19:30:29.311604+00:00,201,2110.05,
2026-09-08T19:30:16.675001+00:00,201,14748.045,
2026-09-08T19:30:12.001680+00:00,201,19424.576,
2026-09-08T19:30:08.016905+00:00,201,23418.056,
2026-09-08T19:30:25.039941+00:00,201,6396.966,
2026-09-08T19:30:29.882173+00:00,201,1559.616,
2026-09-08T19:30:11.163827+00:00,201,20291.424,
2026-09-08T19:30:21.335873+00:00,201,10124.506,
2026-09-08T19:30:19.724947+00:00,201,11743.635,
2026-09-08T19:30:28.181702+00:00,201,3298.047,
2026-09-08T19:30:21.340323+00:00,201,10145.986,
2026-09-08T19:30:20.847869+00:00,201,10656.495,
2026-09-08T19:30:24.183006+00:00,201,7325.494,
2026-09-08T19:30:30.396899+00:00,201,1115.59,
2026-09-08T19:30:28.549360+00:00,201,2973.284,
2026-09-08T19:30:29.824405+00:00,201,1700.236,
2026-09-08T19:30:29.479746+00:00,201,2045.969,
2026-09-08T19:30:17.911603+00:00,201,13630.911,
2026-09-08T19:30:10.293752+00:00,201,21252.405,
2026-09-08T19:30:28.859047+00:00,201,2696.7,
2026-09-08T19:30:23.689305+00:00,201,7876.657,
2026-09-08T19:30:14.602551+00:00,201,16966.509,
2026-09-08T19:30:30.133248+00:00,201,1439.185,
2026-09-08T19:30:25.490164+00:00,201,6089.144,
2026-09-08T19:30:15.188520+00:00,201,16393.773,
2026-09-08T19:30:31.114056+00:00,201,476.894,
2026-09-08T19:30:28.481247+00:00,201,3123.258,
2026-09-08T19:30:17.540924+00:00,201,14066.581,
2026-09-08T19:30:27.756512+00:00,201,3856.205,
2026-09-08T19:30:17.484508+00:00,201,14142.196,
2026-09-08T19:30:30.031053+00:00,201,1602.407,
2026-09-08T19:30:18.579511+00:00,201,13056.058,
2026-09-08T19:30:26.083482+00:00,201,5554.275,
2026-09-08T19:30:30.198175+00:00,201,1444.085,
2026-09-08T19:30:28.846906+00:00,201,2800.172,
2026-09-08T19:30:29.489734+00:00,201,2158.921,
2026-09-08T19:30:30.709151+00:00,201,943.144,
2026-09-08T19:30:16.249644+00:00,201,15406.385,
2026-09-08T19:30:15.598101+00:00,201,16059.547,
2026-09-08T19:30:29.555364+00:00,201,2103.262,
2026-09-08T19:30:25.497128+00:00,201,6164.881,
2026-09-08T19:30:28.876522+00:00,201,2790.723,
2026-09-08T19:30:22.210713+00:00,201,9459.184,
2026-09-08T19:30:28.877787+00:00,201,2801.155,
2026-09-08T19:30:22.782204+00:00,201,8898.519,
2026-09-08T19:30:14.592043+00:00,201,17094.74,
2026-09-08T19:30:21.592846+00:00,201,10096.049,
2026-09-08T19:30:29.629402+00:00,201,2065.326,
2026-09-08T19:30:27.831908+00:00,201,3875.499,
2026-09-08T19:30:30.868542+00:00,201,842.445,
2026-09-08T19:30:26.754584+00:00,201,4959.692,
2026-09-08T19:30:28.507599+00:00,201,3207.603,
2026-09-08T19:30:12.992214+00:00,201,18731.616,
2026-09-08T19:30:19.389610+00:00,201,12340.332,
2026-09-08T19:30:27.049630+00:00,201,4681.535,
2026-09-08T19:30:13.101647+00:00,201,18632.506,
2026-09-08T19:30:28.681596+00:00,201,3054.609,
2026-09-08T19:30:29.192963+00:00,201,2559.287,
2026-09-08T19:30:15.344342+00:00,201,16424.841,
2026-09-08T19:30:26.077770+00:00,201,5695.6,
2026-09-08T19:30:31.454455+00:00,201,324.291,
2026-09-08T19:30:28.638185+00:00,201,3143.069,
2026-09-08T19:30:22.328525+00:00,201,9464.837,
2026-09-08T19:30:23.621118+00:00,201,8181.194,
2026-09-08T19:30:23.988499+00:00,201,7814.573,
2026-09-08T19:30:22.661892+00:00,201,9148.485,
2026-09-08T19:30:22.307333+00:00,201,9503.869,
2026-09-08T19:30:02.199997+00:00,201,29615.389,
2026-09-08T19:30:30.421912+00:00,201,1394.822,
2026-09-08T19:30:17.699702+00:00,201,14130.381,
2026-09-08T19:30:28.521398+00:00,201,3311.028,
2026-09-08T19:30:23.991069+00:00,201,7847.054,
2026-09-08T19:30:17.416377+00:00,201,14427.281,
2026-09-08T19:30:31.223227+00:00,201,624.877,
2026-09-08T19:30:29.161051+00:00,201,2692.113,
2026-09-08T19:30:19.897648+00:00,201,11956.237,
2026-09-08T19:30:24.953692+00:00,201,6902.281,
2026-09-08T19:30:31.006635+00:00,201,855.056,
2026-09-08T19:30:31.752260+00:00,201,112.73,
2026-09-08T19:30:26.613419+00:00,201,5255.585,
2026-09-08T19:30:29.703754+00:00,201,2175.56,
2026-09-08T19:30:29.666828+00:00,201,2213.399,
2026-09-08T19:30:27.100723+00:00,201,4782.214,
2026-09-08T19:30:28.898955+00:00,201,2987.941,
2026-09-08T19:30:21.191843+00:00,201,10699.624,
2026-09-08T19:30:11.857006+00:00,201,20048.994,
2026-09-08T19:30:19.020929+00:00,201,12887.556,
2026-09-08T19:30:31.128067+00:00,201,787.577,
2026-09-08T19:30:29.825885+00:00,201,2095.723,
2026-09-08T19:30:30.437283+00:00,201,1485.077,
2026-09-08T19:30:31.802329+00:00,201,122.921,
2026-09-08T19:30:29.438187+00:00,201,2498.905,
2026-09-08T19:30:10.371915+00:00,201,21567.714,
2026-09-08T19:30:24.113809+00:00,201,7835.153,
2026-09-08T19:30:18.327401+00:00,201,13636.344,
2026-09-08T19:30:29.958876+00:00,201,2006.87,
2026-09-08T19:30:31.345266+00:00,201,632.798,
2026-09-08T19:30:28.918899+00:00,201,3062.607,
2026-09-08T19:30:30.371914+00:00,201,1616.312,
2026-09-08T19:30:29.304222+00:00,201,2688.759,
2026-09-08T19:30:28.321379+00:00,201,3675.637,
2026-09-08T19:30:31.886906+00:00,201,114.767,
2026-09-08T19:30:31.364559+00:00,201,637.827,
2026-09-08T19:30:28.135152+00:00,201,3867.967,
2026-09-08T19:30:10.478265+00:00,201,21542.541,
2026-09-08T19:30:24.068787+00:00,201,7954.321,
2026-09-08T19:30:25.448603+00:00,201,6579.824,
2026-09-08T19:30:21.941208+00:00,201,10090.422,
2026-09-08T19:30:29.990512+00:00,201,2045.998,
2026-09-08T19:30:21.994177+00:00,201,10043.057,
2026-09-08T19:30:31.202980+00:00,201,835.41,
2026-09-08T19:30:16.574256+00:00,201,15468.526,
2026-09-08T19:30:28.684860+00:00,201,3360.523,
2026-09-08T19:30:27.975707+00:00,201,4074.996,
2026-09-08T19:30:22.668787+00:00,201,9383.826,
2026-09-08T19:30:30.161625+00:00,201,1893.18,
2026-09-08T19:30:04.244452+00:00,201,27826.475,
2026-09-08T19:30:16.754766+00:00,201,15323.658,
2026-09-08T19:30:28.129919+00:00,201,3955.404,
2026-09-08T19:30:22.047645+00:00,201,10045.922,
2026-09-08T19:29:59.617508+00:00,201,32478.415,
2026-09-08T19:30:30.486004+00:00,201,1615.894,
2026-09-08T19:30:27.710972+00:00,201,4393.077,
2026-09-08T19:30:15.140703+00:00,201,16965.538,
2026-09-08T19:30:14.665928+00:00,201,17443.62,
2026-09-08T19:30:28.958518+00:00,201,3156.237,
2026-09-08T19:30:31.891489+00:00,201,232.036,
2026-09-08T19:30:29.948005+00:00,201,2176.964,
2026-09-08T19:30:28.832222+00:00,201,3301.211,
2026-09-08T19:30:22.570552+00:00,201,9568.625,
2026-09-08T19:30:31.001412+00:00,201,1148.755,
2026-09-08T19:30:21.246437+00:00,201,10913.727,
2026-09-08T19:30:30.485311+00:00,201,1678.271,
2026-09-08T19:30:23.041143+00:00,201,9123.562,
2026-09-08T19:30:05.729535+00:00,201,26443.067,
2026-09-08T19:30:31.546193+00:00,201,632.737,
2026-09-08T19:30:29.276005+00:00,201,2904.364,
2026-09-08T19:30:31.088334+00:00,201,1113.568,
2026-09-08T19:30:14.109906+00:00,201,18094.066,
2026-09-08T19:30:27.410931+00:00,201,4811.906,
2026-09-08T19:30:13.400701+00:00,201,18830.733,
2026-09-08T19:30:29.522560+00:00,201,2710.537,
2026-09-08T19:30:18.082983+00:00,201,14153.688,
2026-09-08T19:30:28.390697+00:00,201,3852.975,
2026-09-08T19:30:30.652080+00:00,201,1594.471,
2026-09-08T19:30:31.435001+00:00,201,817.517,
2026-09-08T19:30:23.863375+00:00,201,8394.176,
2026-09-08T19:30:31.479762+00:00,201,780.79,
2026-09-08T19:30:28.411189+00:00,201,3850.178,
2026-09-08T19:30:32.139197+00:00,201,123.007,
2026-09-08T19:30:27.085635+00:00,201,5185.684,
2026-09-08T19:30:14.823449+00:00,201,17451.821,
2026-09-08T19:30:30.982715+00:00,201,1305.367,
2026-09-08T19:30:21.917031+00:00,201,10385.087,
2026-09-08T19:30:21.679628+00:00,201,10624.64,
2026-09-08T19:30:28.654861+00:00,201,3650.279,
2026-09-08T19:30:30.255048+00:00,201,2060.025,
2026-09-08T19:30:23.427361+00:00,201,8890.452,
2026-09-08T19:30:31.250050+00:00,201,1076.8,
2026-09-08T19:30:17.535329+00:00,201,14792.864,
2026-09-08T19:30:24.493037+00:00,201,7840.342,
2026-09-08T19:30:11.396625+00:00,201,20951.556,
2026-09-08T19:30:28.412484+00:00,201,3943.184,
2026-09-08T19:30:22.064966+00:00,201,10295.681,
2026-09-08T19:30:14.544047+00:00,201,17827.693,
2026-09-08T19:30:28.821455+00:00,201,3557.669,
2026-09-08T19:30:22.386411+00:00,201,9999.077,
2026-09-08T19:30:30.156562+00:00,201,2232.249,
2026-09-08T19:30:22.193589+00:00,201,10199.38,
2026-09-08T19:30:20.533538+00:00,201,11866.007,
2026-09-08T19:30:27.871796+00:00,201,4529.077,
2026-09-08T19:30:23.953238+00:00,201,8449.354,
2026-09-08T19:30:13.099940+00:00,201,19303.825,
2026-09-08T19:30:22.143073+00:00,201,10267.277,
2026-09-08T19:30:28.690201+00:00,201,3725.928,
2026-09-08T19:30:25.739299+00:00,201,6679.377,
2026-09-08T19:30:29.826877+00:00,201,2593.996,
2026-09-08T19:30:08.451918+00:00,201,23976.317,
2026-09-08T19:30:14.994289+00:00,201,17440.154,
2026-09-08T19:30:21.217837+00:00,201,11223.306,
2026-09-08T19:30:30.269209+00:00,201,2181.221,
2026-09-08T19:30:23.701568+00:00,201,8749.69,
2026-09-08T19:30:16.617824+00:00,201,15840.857,
2026-09-08T19:30:25.289542+00:00,201,7173.627,
2026-09-08T19:30:32.355681+00:00,201,114.381,
2026-09-08T19:30:29.846048+00:00,201,2656.881,
2026-09-08T19:30:32.392990+00:00,201,113.973,
2026-09-08T19:30:22.546696+00:00,201,9965.819,
2026-09-08T19:30:28.974738+00:00,201,3542.359,
2026-09-08T19:30:14.852355+00:00,201,17675.989,
2026-09-08T19:30:29.869937+00:00,201,2662.379,
2026-09-08T19:30:21.654316+00:00,201,10879.856,
2026-09-08T19:30:15.844529+00:00,201,16692.769,
2026-09-08T19:30:30.889307+00:00,201,1660.358,
2026-09-08T19:30:22.915071+00:00,201,9637.971,
2026-09-08T19:30:18.218461+00:00,201,14344.585,
2026-09-08T19:30:14.289199+00:00,201,18276.585,
2026-09-08T19:30:26.968916+00:00,201,5601.572,
2026-09-08T19:30:13.113654+00:00,201,19458.813,
2026-09-08T19:30:12.125274+00:00,201,20449.142,
2026-09-08T19:30:09.146174+00:00,201,23431.597,
2026-09-08T19:30:31.997030+00:00,201,589.239,
2026-09-08T19:30:25.264887+00:00,201,7327.39,
2026-09-08T19:30:29.611056+00:00,201,2987.352,
2026-09-08T19:30:14.347843+00:00,201,18256.556,
2026-09-08T19:30:15.856904+00:00,201,16748.801,
2026-09-08T19:30:28.564669+00:00,201,4042.262,
2026-09-08T19:30:29.904662+00:00,201,2716.746,
2026-09-08T19:30:22.341873+00:00,201,10291.792,
2026-09-08T19:30:09.425560+00:00,201,23210.424,
2026-09-08T19:30:21.341261+00:00,201,11297.151,
2026-09-08T19:30:28.093465+00:00,201,4552.715,
2026-09-08T19:30:29.561242+00:00,201,3087.836,
2026-09-08T19:30:28.423587+00:00,201,4227.427,
2026-09-08T19:30:29.542227+00:00,201,3113.055,
2026-09-08T19:30:28.682871+00:00,201,3981.996,
2026-09-08T19:30:27.909510+00:00,201,4756.163,
2026-09-08T19:30:21.977335+00:00,201,10690.21,
2026-09-08T19:30:14.699929+00:00,201,17968.875,
2026-09-08T19:30:03.993601+00:00,201,28676.128,
2026-09-08T19:30:30.857586+00:00,201,1820.544,
2026-09-08T19:30:31.011983+00:00,201,1675.09,
2026-09-08T19:30:15.163593+00:00,201,17526.544,
2026-09-08T19:30:17.438154+00:00,201,15286.715,
2026-09-08T19:30:15.650378+00:00,201,17076.262,
2026-09-08T19:30:31.906036+00:00,201,822.724,
2026-09-08T19:30:18.982843+00:00,201,13746.812,
2026-09-08T19:30:22.861884+00:00,201,9869.097,
2026-09-08T19:30:22.659781+00:00,201,10073.13,
2026-09-08T19:30:31.662023+00:00,201,1075.453,
2026-09-08T19:30:32.275303+00:00,201,469.631,
2026-09-08T19:30:15.828876+00:00,201,16916.914,
2026-09-08T19:30:20.565444+00:00,201,12182.432,
2026-09-08T19:30:15.248467+00:00,201,17520.603,
2026-09-08T19:30:26.898287+00:00,201,5872.722,
2026-09-08T19:30:29.398890+00:00,201,3416.115,
2026-09-08T19:30:24.804975+00:00,201,8034.646,
2026-09-08T19:30:25.774570+00:00,201,7070.831,
2026-09-08T19:30:23.734044+00:00,201,9112.708,
2026-09-08T19:30:26.964121+00:00,201,5887.292,
2026-09-08T19:30:21.556702+00:00,201,11315.796,
2026-09-08T19:30:30.728254+00:00,201,2145.205,
2026-09-08T19:30:26.249503+00:00,201,6640.256,
2026-09-08T19:30:28.715208+00:00,201,4179.106,
2026-09-08T19:30:29.114963+00:00,201,3781.115,
2026-09-08T19:30:30.960155+00:00,201,1936.888,
2026-09-08T19:30:29.485708+00:00,201,3417.277,
2026-09-08T19:30:12.703558+00:00,201,20204.213,
2026-09-08T19:30:29.384291+00:00,201,3526.822,
2026-09-08T19:30:22.731691+00:00,201,10181.713,
2026-09-08T19:30:26.554247+00:00,201,6373.387,
2026-09-08T19:30:15.567195+00:00,201,17372.48,
2026-09-08T19:30:27.791284+00:00,201,5153.96,
2026-09-08T19:30:32.002393+00:00,201,945.891,
2026-09-08T19:30:30.715114+00:00,201,2242.348,
2026-09-08T19:30:15.710525+00:00,201,17248.831,
2026-09-08T19:30:13.014457+00:00,201,19953.841,
2026-09-08T19:30:27.657992+00:00,201,5317.111,
2026-09-08T19:30:20.271087+00:00,201,12710.566,
2026-09-08T19:30:31.231643+00:00,201,1753.91,
2026-09-08T19:30:22.580861+00:00,201,10425.036,
2026-09-08T19:30:27.929151+00:00,201,5081.674,
2026-09-08T19:30:32.045394+00:00,201,969.122,
2026-09-08T19:30:22.076888+00:00,201,10951.186,
2026-09-08T19:30:31.307681+00:00,201,1724.899,
2026-09-08T19:30:25.657786+00:00,201,7379.525,
2026-09-08T19:30:22.052359+00:00,201,10989.785,
2026-09-08T19:30:24.525268+00:00,201,8527.505,
2026-09-08T19:30:16.865395+00:00,201,16188.437,
2026-09-08T19:30:31.723862+00:00,201,1331.143,
2026-09-08T19:30:24.440274+00:00,201,8616.553,
2026-09-08T19:30:31.119078+00:00,201,1939.687,
2026-09-08T19:30:29.682086+00:00,201,3378.796,
2026-09-08T19:30:31.301958+00:00,201,1767.18,
2026-09-08T19:30:30.740744+00:00,201,2342.726,
2026-09-08T19:30:32.095975+00:00,201,990.148,
2026-09-08T19:30:22.084619+00:00,201,11014.136,
2026-09-08T19:30:32.885138+00:00,201,217.212,
2026-09-08T19:30:29.869168+00:00,201,3245.941,
2026-09-08T19:30:19.638157+00:00,201,13479.042,
2026-09-08T19:30:25.274154+00:00,201,7857.252,
2026-09-08T19:30:27.725226+00:00,201,5411.073,
2026-09-08T19:30:29.586298+00:00,201,3550.903,
2026-09-08T19:30:19.035141+00:00,201,14104.638,
2026-09-08T19:30:32.565817+00:00,201,577.347,
2026-09-08T19:30:30.451916+00:00,201,2692.548,
2026-09-08T19:30:27.941592+00:00,201,5206.911,
2026-09-08T19:30:29.512407+00:00,201,3651.175,
2026-09-08T19:30:29.130134+00:00,201,4034.157,
2026-09-08T19:30:21.057537+00:00,201,12115.631,
2026-09-08T19:30:33.055011+00:00,201,122.265,
2026-09-08T19:30:30.355151+00:00,201,2823.017,
2026-09-08T19:30:28.794117+00:00,201,4386.778,
2026-09-08T19:30:31.939667+00:00,201,1244.385,
2026-09-08T19:30:23.299373+00:00,201,9909.576,
2026-09-08T19:30:27.370627+00:00,201,5841.681,
2026-09-08T19:30:11.649697+00:00,201,21570.158,
2026-09-08T19:30:22.392253+00:00,201,10832.407,
2026-09-08T19:30:27.951555+00:00,201,5274.636,
2026-09-08T19:30:19.533142+00:00,201,13695.234,
2026-09-08T19:30:33.005919+00:00,201,231.517,
2026-09-08T19:30:33.117225+00:00,201,121.8,
2026-09-08T19:30:16.482054+00:00,201,16757.758,
2026-09-08T19:30:30.720949+00:00,201,2521.481,
2026-09-08T19:30:21.315664+00:00,201,11930.891,
2026-09-08T19:30:27.857785+00:00,201,5391.591,
2026-09-08T19:30:29.694758+00:00,201,3570.201,
2026-09-08T19:30:30.404593+00:00,201,2863.53,
2026-09-08T19:30:23.687535+00:00,201,9581.453,
2026-09-08T19:30:29.980739+00:00,201,3289.183,
2026-09-08T19:30:32.717071+00:00,201,562.733,
2026-09-08T19:30:28.963250+00:00,201,4331.169,
2026-09-08T19:30:27.723831+00:00,201,5583.145,
2026-09-08T19:30:21.658189+00:00,201,11653.281,
2026-09-08T19:30:32.828278+00:00,201,486.618,
2026-09-08T19:30:32.304300+00:00,201,1014.184,
2026-09-08T19:30:12.831172+00:00,201,20501.051,
2026-09-08T19:30:21.034938+00:00,201,12299.429,
2026-09-08T19:30:30.499622+00:00,201,2836.822,
2026-09-08T19:30:16.106087+00:00,201,17237.247,
2026-09-08T19:30:30.155073+00:00,201,3190.631,
2026-09-08T19:30:11.496250+00:00,201,21861.026,
2026-09-08T19:30:29.316975+00:00,201,4042.458,
2026-09-08T19:30:27.760653+00:00,201,5599.567,
2026-09-08T19:30:13.242754+00:00,201,20119.227,
2026-09-08T19:30:30.454351+00:00,201,2908.485,
2026-09-08T19:30:30.285246+00:00,201,3084.557,
2026-09-08T19:30:30.719605+00:00,201,2652.758,
2026-09-08T19:30:32.586275+00:00,201,787.481,
2026-09-08T19:30:21.512363+00:00,201,11866.918,
2026-09-08T19:30:33.264972+00:00,201,123.263,
2026-09-08T19:30:32.638435+00:00,201,756.128,
2026-09-08T19:30:32.470070+00:00,201,928.694,
2026-09-08T19:30:30.509170+00:00,201,2892.604,
2026-09-08T19:30:29.855838+00:00,201,3547.978,
2026-09-08T19:30:33.290398+00:00,201,121.196,
2026-09-08T19:30:14.767922+00:00,201,18646.533,
2026-09-08T19:30:25.992708+00:00,201,7423.934,
2026-09-08T19:30:27.821599+00:00,201,5613.725,
2026-09-08T19:30:33.164303+00:00,201,288.241,
2026-09-08T19:30:17.739191+00:00,201,15717.551,
2026-09-08T19:30:31.227312+00:00,201,2230.57,
2026-09-08T19:30:27.629804+00:00,201,5833.69,
2026-09-08T19:30:33.357313+00:00,201,109.785,
2026-09-08T19:30:28.400751+00:00,201,5067.117,
2026-09-08T19:30:30.546449+00:00,201,2922.241,
2026-09-08T19:30:31.963770+00:00,201,1505.747,
2026-09-08T19:30:27.812415+00:00,201,5657.976,
2026-09-08T19:30:15.041805+00:00,201,18431.932,
2026-09-08T19:30:33.362017+00:00,201,120.137,
2026-09-08T19:30:23.382761+00:00,201,10101.887,
2026-09-08T19:30:30.596919+00:00,201,2890.295,
2026-09-08T19:30:11.851825+00:00,201,21642.85,
2026-09-08T19:30:31.978074+00:00,201,1522.026,
2026-09-08T19:30:29.103134+00:00,201,4404.249,
2026-09-08T19:30:25.955727+00:00,201,7553.361,
2026-09-08T19:30:21.985345+00:00,201,11530.784,
2026-09-08T19:30:25.054662+00:00,201,8476.697,
2026-09-08T19:30:30.739041+00:00,201,2801.057,
2026-09-08T19:30:18.661938+00:00,201,14879.689,
2026-09-08T19:30:32.403798+00:00,201,1140.665,
2026-09-08T19:30:27.997420+00:00,201,5549.071,
2026-09-08T19:30:20.810577+00:00,201,12742.825,
2026-09-08T19:30:29.786658+00:00,201,3779.08,
2026-09-08T19:30:21.313799+00:00,201,12254.202,
2026-09-08T19:30:31.815437+00:00,201,1780.542,
2026-09-08T19:30:24.932369+00:00,201,8667.85,
2026-09-08T19:30:32.512540+00:00,201,1094.461,
2026-09-08T19:30:32.502940+00:00,201,1111.147,
2026-09-08T19:30:26.337383+00:00,201,7279.448,
2026-09-08T19:30:28.165840+00:00,201,5457.794,
2026-09-08T19:30:28.175398+00:00,201,5451.184,
2026-09-08T19:30:12.863649+00:00,201,20767.049,
2026-09-08T19:30:07.781996+00:00,201,25856.732,
2026-09-08T19:30:28.934630+00:00,201,4704.979,
2026-09-08T19:30:20.867359+00:00,201,12773.819,
2026-09-08T19:30:19.900663+00:00,201,13752.278,
2026-09-08T19:30:19.696988+00:00,201,13963.509,
2026-09-08T19:30:33.359445+00:00,201,307.282,
2026-09-08T19:30:31.707419+00:00,201,1964.223,
2026-09-08T19:30:32.410375+00:00,201,1272.45,
2026-09-08T19:30:31.865000+00:00,201,1819.922,
2026-09-08T19:30:30.887316+00:00,201,2810.107,
2026-09-08T19:30:29.849469+00:00,201,3857.541,
2026-09-08T19:30:11.594909+00:00,201,22116.332,
2026-09-08T19:30:22.676430+00:00,201,11041.032,
2026-09-08T19:30:25.389389+00:00,201,8332.503,
2026-09-08T19:30:08.010047+00:00,201,25721.834,
2026-09-08T19:30:28.273109+00:00,201,5468.818,
2026-09-08T19:30:31.215413+00:00,201,2530.603,
2026-09-08T19:30:32.737484+00:00,201,1012.318,
2026-09-08T19:30:33.060892+00:00,201,690.795,
2026-09-08T19:30:31.261598+00:00,201,2515.713,
2026-09-08T19:30:30.047177+00:00,201,3731.999,
2026-09-08T19:30:11.834898+00:00,201,21946.169,
2026-09-08T19:30:25.785148+00:00,201,7998.9,
2026-09-08T19:30:22.224989+00:00,201,11561.374,
2026-09-08T19:30:14.829855+00:00,201,18961.324,
2026-09-08T19:30:33.184059+00:00,201,612.261,
2026-09-08T19:30:32.592297+00:00,201,1205.099,
2026-09-08T19:30:33.239844+00:00,201,558.943,
2026-09-08T19:30:33.389772+00:00,201,410.47,
2026-09-08T19:30:12.084069+00:00,201,21717.595,
2026-09-08T19:30:15.822919+00:00,201,17981.446,
2026-09-08T19:30:29.740940+00:00,201,4064.479,
2026-09-08T19:30:29.217383+00:00,201,4592.789,
2026-09-08T19:30:33.173190+00:00,201,640.31,
2026-09-08T19:30:31.400325+00:00,201,2414.979,
2026-09-08T19:30:19.029729+00:00,201,14800.202,
2026-09-08T19:30:30.271221+00:00,201,3561.085,
2026-09-08T19:30:27.903985+00:00,201,5929.493,
2026-09-08T19:30:25.693184+00:00,201,8149.291,
2026-09-08T19:30:23.001758+00:00,201,10846.267,
2026-09-08T19:30:28.861427+00:00,201,4998.199,
2026-09-08T19:30:32.385509+00:00,201,1482.323,
2026-09-08T19:30:33.269931+00:00,201,611.124,
2026-09-08T19:30:19.560478+00:00,201,14326.86,
2026-09-08T19:30:15.859840+00:00,201,18033.265,
2026-09-08T19:30:28.159913+00:00,201,5738.572,
2026-09-08T19:30:06.406788+00:00,201,27495.813,
2026-09-08T19:30:29.926811+00:00,201,3977.779,
2026-09-08T19:30:24.982119+00:00,201,8940.886,
2026-09-08T19:30:28.733701+00:00,201,5205.303,
2026-09-08T19:30:23.771160+00:00,201,10172.547,
2026-09-08T19:30:33.269006+00:00,201,683.051,
2026-09-08T19:30:31.071360+00:00,201,2886.565,
2026-09-08T19:30:33.098777+00:00,201,861.787,
2026-09-08T19:30:29.600814+00:00,201,4363.194,
2026-09-08T19:30:29.675005+00:00,201,4291.714,
2026-09-08T19:30:28.652158+00:00,201,5317.413,
2026-09-08T19:30:28.194408+00:00,201,5782.05,
2026-09-08T19:30:14.182272+00:00,201,19807.841,
2026-09-08T19:30:11.706744+00:00,201,22284.499,
2026-09-08T19:30:32.577811+00:00,201,1416.525,
2026-09-08T19:30:24.657054+00:00,201,9342.495,
2026-09-08T19:30:31.642268+00:00,201,2359.787,
2026-09-08T19:30:29.684216+00:00,201,4328.469,
2026-09-08T19:30:21.750368+00:00,201,12265.178,
2026-09-08T19:30:32.271334+00:00,201,1748.466,
2026-09-08T19:30:32.042809+00:00,201,1978.853,
2026-09-08T19:30:21.713384+00:00,201,12309.133,
2026-09-08T19:30:31.171733+00:00,201,2852.058,
2026-09-08T19:30:31.658637+00:00,201,2372.956,
2026-09-08T19:30:14.900429+00:00,201,19132.973,
2026-09-08T19:30:32.665688+00:00,201,1370.467,
2026-09-08T19:30:25.313874+00:00,201,8726.741,
2026-09-08T19:30:25.182257+00:00,201,8869.509,
2026-09-08T19:30:33.943726+00:00,201,114.755,
2026-09-08T19:30:31.084241+00:00,201,2982.037,
2026-09-08T19:30:30.293274+00:00,201,3779.193,
2026-09-08T19:30:22.164970+00:00,201,11919.463,
2026-09-08T19:30:33.531378+00:00,201,565.277,
2026-09-08T19:30:15.703665+00:00,201,18397.457,
2026-09-08T19:30:09.186310+00:00,201,24919.1,
2026-09-08T19:30:30.449305+00:00,201,3658.003,
2026-09-08T19:30:21.081618+00:00,201,13029.385,
2026-09-08T19:30:31.988235+00:00,201,2128.885,
2026-09-08T19:30:29.332929+00:00,201,4786.389,
2026-09-08T19:30:31.803088+00:00,201,2320.998,
2026-09-08T19:30:28.599632+00:00,201,5527.494,
2026-09-08T19:30:29.993328+00:00,201,4134.645,
2026-09-08T19:30:24.337476+00:00,201,9797.929,
2026-09-08T19:30:34.012697+00:00,201,126.481,
2026-09-08T19:30:30.129404+00:00,201,4020.214,
2026-09-08T19:30:15.069938+00:00,201,19082.673,
2026-09-08T19:30:29.875741+00:00,201,4279.945,
2026-09-08T19:30:33.652968+00:00,201,508.071,
2026-09-08T19:30:13.734655+00:00,201,20431.004,
2026-09-08T19:30:32.263294+00:00,201,1910.215,
2026-09-08T19:30:29.571667+00:00,201,4610.981,
2026-09-08T19:30:27.894167+00:00,201,6290.297,
2026-09-08T19:30:33.881061+00:00,201,308.651,
2026-09-08T19:30:31.832436+00:00,201,2360.306,
2026-09-08T19:30:30.510066+00:00,201,3700.463,
2026-09-08T19:30:30.083146+00:00,201,4136.76,
2026-09-08T19:30:31.657678+00:00,201,2571.293,
2026-09-08T19:30:23.906474+00:00,201,10323.377,
2026-09-08T19:30:33.777320+00:00,201,453.809,
2026-09-08T19:30:32.726670+00:00,201,1508.339,
2026-09-08T19:30:16.021761+00:00,201,18228.29,
2026-09-08T19:30:32.747899+00:00,201,1510.424,
2026-09-08T19:30:24.225220+00:00,201,10044.773,
2026-09-08T19:30:27.452674+00:00,201,6823.935,
2026-09-08T19:30:22.687162+00:00,201,11592.856,
2026-09-08T19:30:29.539461+00:00,201,4749.215,
2026-09-08T19:30:32.855935+00:00,201,1434.849,
2026-09-08T19:30:33.717482+00:00,201,578.835,
2026-09-08T19:30:32.553061+00:00,201,1750.796,
2026-09-08T19:30:31.042726+00:00,201,3265.925,
2026-09-08T19:30:29.144765+00:00,201,5165.271,
2026-09-08T19:30:29.661876+00:00,201,4654.46,
2026-09-08T19:30:07.181434+00:00,201,27140.888,
2026-09-08T19:30:32.001679+00:00,201,2331.509,
2026-09-08T19:30:33.660525+00:00,201,675.454,
2026-09-08T19:30:21.422411+00:00,201,12927.0,
2026-09-08T19:30:33.801700+00:00,201,550.569,
2026-09-08T19:30:19.181206+00:00,201,15176.458,
2026-09-08T19:30:20.816550+00:00,201,13547.085,
2026-09-08T19:30:21.812250+00:00,201,12569.269,
2026-09-08T19:30:30.922066+00:00,201,3463.042,
2026-09-08T19:30:33.226207+00:00,201,1163.921,
2026-09-08T19:30:31.408448+00:00,201,2991.955,
2026-09-08T19:30:31.154249+00:00,201,3259.298,
2026-09-08T19:30:31.773386+00:00,201,2643.215,
2026-09-08T19:30:30.756482+00:00,201,3667.769,
2026-09-08T19:30:25.923251+00:00,201,8512.252,
2026-09-08T19:30:33.568024+00:00,201,872.268,
2026-09-08T19:30:15.883286+00:00,201,18567.571,
2026-09-08T19:30:31.622235+00:00,201,2833.167,
2026-09-08T19:30:16.253213+00:00,201,18210.442,
2026-09-08T19:30:22.684267+00:00,201,11785.057,
2026-09-08T19:30:34.335988+00:00,201,135.487,
2026-09-08T19:30:34.349439+00:00,201,123.095,
2026-09-08T19:30:15.357771+00:00,201,19118.524,
2026-09-08T19:30:29.540929+00:00,201,4943.332,
2026-09-08T19:30:12.713583+00:00,201,21777.284,
2026-09-08T19:30:30.055242+00:00,201,4444.042,
2026-09-08T19:30:33.544471+00:00,201,965.675,
2026-09-08T19:30:31.378033+00:00,201,3133.199,
2026-09-08T19:30:29.528289+00:00,201,4984.007,
2026-09-08T19:30:34.152644+00:00,201,365.211,
2026-09-08T19:30:08.264774+00:00,201,26255.091,
2026-09-08T19:30:10.594108+00:00,201,23933.749,
2026-09-08T19:30:33.507398+00:00,201,1022.646,
2026-09-08T19:30:12.432218+00:00,201,22100.521,
2026-09-08T19:30:30.186105+00:00,201,4350.851,
2026-09-08T19:30:31.426290+00:00,201,3115.751,
2026-09-08T19:30:16.688796+00:00,201,17859.068,
2026-09-08T19:30:13.338435+00:00,201,21211.122,
2026-09-08T19:30:32.506969+00:00,201,2056.635,
2026-09-08T19:30:26.521388+00:00,201,8056.417,
2026-09-08T19:30:29.146247+00:00,201,5436.515,
2026-09-08T19:30:13.044081+00:00,201,21542.49,
2026-09-08T19:30:22.587829+00:00,201,12004.081,
2026-09-08T19:30:28.352650+00:00,201,6251.01,
2026-09-08T19:30:25.579381+00:00,201,9025.919,
2026-09-08T19:30:28.370199+00:00,201,6257.758,
2026-09-08T19:30:23.036683+00:00,201,11598.533,
2026-09-08T19:30:30.832374+00:00,201,3808.281,
2026-09-08T19:30:27.702574+00:00,201,6959.867,
2026-09-08T19:30:15.352767+00:00,201,19313.022,
2026-09-08T19:30:32.687081+00:00,201,1984.072,
2026-09-08T19:30:32.846769+00:00,201,1831.865,
2026-09-08T19:30:32.532326+00:00,201,2157.433,
2026-09-08T19:30:31.066901+00:00,201,3632.367,
2026-09-08T19:30:15.553190+00:00,201,19149.819,
2026-09-08T19:30:23.148071+00:00,201,11569.71,
2026-09-08T19:30:26.736288+00:00,201,7988.109,
2026-09-08T19:30:29.930069+00:00,201,4810.226,
2026-09-08T19:30:26.359921+00:00,201,8382.643,
2026-09-08T19:30:33.294435+00:00,201,1453.661,
2026-09-08T19:30:32.379135+00:00,201,2383.292,
2026-09-08T19:30:31.637770+00:00,201,3125.924,
2026-09-08T19:30:31.460401+00:00,201,3308.487,
2026-09-08T19:30:33.904601+00:00,201,867.574,
2026-09-08T19:30:31.323906+00:00,201,3460.52,
2026-09-08T19:30:31.030146+00:00,201,3760.595,
2026-09-08T19:30:26.624214+00:00,201,8174.093,
2026-09-08T19:30:27.649705+00:00,201,7151.937,
2026-09-08T19:30:07.150581+00:00,201,27652.04,
2026-09-08T19:30:29.056785+00:00,201,5750.74,
2026-09-08T19:30:21.161036+00:00,201,13652.214,
2026-09-08T19:30:24.269831+00:00,201,10546.592,
2026-09-08T19:30:08.580976+00:00,201,26251.751,
2026-09-08T19:30:30.668586+00:00,201,4166.09,
2026-09-08T19:30:24.453588+00:00,201,10384.348,
2026-09-08T19:30:33.388244+00:00,201,1467.692,
2026-09-08T19:30:27.581440+00:00,201,7287.254,
2026-09-08T19:30:32.315082+00:00,201,2558.369,
2026-09-08T19:30:33.030953+00:00,201,1843.497,
2026-09-08T19:30:26.297482+00:00,201,8577.962,
2026-09-08T19:30:33.131426+00:00,201,1748.681,
2026-09-08T19:30:33.156795+00:00,201,1724.858,
2026-09-08T19:30:31.256411+00:00,201,3630.009,
2026-09-08T19:30:20.982685+00:00,201,13917.988,
2026-09-08T19:30:29.081851+00:00,201,5821.423,
2026-09-08T19:30:28.086717+00:00,201,6823.372,
2026-09-08T19:30:22.403523+00:00,201,12519.797,
2026-09-08T19:30:33.786390+00:00,201,1159.137,
2026-09-08T19:30:19.944139+00:00,201,15004.66,
2026-09-08T19:30:30.241856+00:00,201,4719.765,
2026-09-08T19:30:11.357261+00:00,201,23606.8,
2026-09-08T19:30:18.318376+00:00,201,16660.023,
2026-09-08T19:30:17.504193+00:00,201,17477.246,
2026-09-08T19:30:16.386563+00:00,201,18603.543,
2026-09-08T19:30:34.717803+00:00,201,283.368,
2026-09-08T19:30:28.552788+00:00,201,6452.194,
2026-09-08T19:30:27.914103+00:00,201,7095.315,
2026-09-08T19:30:32.729683+00:00,201,2281.116,
2026-09-08T19:30:31.926992+00:00,201,3087.931,
2026-09-08T19:30:17.001806+00:00,201,18015.071,
2026-09-08T19:30:32.085339+00:00,201,2932.982,
2026-09-08T19:30:30.295809+00:00,201,4728.33,
2026-09-08T19:30:13.554958+00:00,201,21481.795,
2026-09-08T19:30:23.207065+00:00,201,11830.591,
2026-09-08T19:30:31.882948+00:00,201,3162.977,
2026-09-08T19:30:32.939705+00:00,201,2116.53,
2026-09-08T19:30:27.825108+00:00,201,7235.444,
2026-09-08T19:30:25.487903+00:00,201,9573.522,
2026-09-08T19:30:32.420881+00:00,201,2643.731,
2026-09-08T19:30:31.729968+00:00,201,3335.896,
2026-09-08T19:30:28.753064+00:00,201,6322.831,
2026-09-08T19:30:32.262210+00:00,201,2814.876,
2026-09-08T19:30:26.675917+00:00,201,8427.259,
2026-09-08T19:30:32.924375+00:00,201,2179.802,
2026-09-08T19:30:30.661194+00:00,201,4444.414,
2026-09-08T19:30:32.732930+00:00,201,2385.37,
2026-09-08T19:30:30.280009+00:00,201,4839.255,
2026-09-08T19:30:35.004998+00:00,201,117.737,
2026-09-08T19:30:23.354134+00:00,201,11772.036,
2026-09-08T19:30:29.770306+00:00,201,5371.899,
2026-09-08T19:30:31.163823+00:00,201,3983.925,
2026-09-08T19:30:19.927558+00:00,201,15234.428,
2026-09-08T19:30:32.163592+00:00,201,3003.784,
2026-09-08T19:30:15.132183+00:00,201,20036.172,
2026-09-08T19:30:32.872521+00:00,201,2303.024,
2026-09-08T19:30:31.635592+00:00,201,3546.656,
2026-09-08T19:30:28.101393+00:00,201,7081.947,
2026-09-08T19:30:32.302138+00:00,201,2891.505,
2026-09-08T19:30:23.861102+00:00,201,11334.891,
2026-09-08T19:30:32.178936+00:00,201,3019.558,
2026-09-08T19:30:31.981520+00:00,201,3223.896,
2026-09-08T19:30:16.197964+00:00,201,19010.964,
2026-09-08T19:30:34.605316+00:00,201,606.576,
2026-09-08T19:30:31.418539+00:00,201,3796.492,
2026-09-08T19:30:34.101153+00:00,201,1115.476,
2026-09-08T19:30:32.441166+00:00,201,2790.938,
2026-09-08T19:30:14.394945+00:00,201,20841.672,
2026-09-08T19:30:30.645044+00:00,201,4600.575,
2026-09-08T19:30:35.118310+00:00,201,135.058,
2026-09-08T19:30:35.142218+00:00,201,124.006,
2026-09-08T19:30:28.965796+00:00,201,6312.903,
2026-09-08T19:30:29.402494+00:00,201,5879.658,
2026-09-08T19:30:31.908511+00:00,201,3376.519,
2026-09-08T19:30:33.952064+00:00,201,1367.017,
2026-09-08T19:30:30.805015+00:00,201,4520.053,
2026-09-08T19:30:27.332867+00:00,201,7996.022,
2026-09-08T19:30:33.473768+00:00,201,1866.302,
2026-09-08T19:30:28.384798+00:00,201,6959.752,
2026-09-08T19:30:14.161234+00:00,201,21185.446,
2026-09-08T19:30:32.731005+00:00,201,2617.156,
2026-09-08T19:30:20.005046+00:00,201,15358.161,
2026-09-08T19:30:23.004080+00:00,201,12368.447,
2026-09-08T19:30:28.735713+00:00,201,6645.224,
2026-09-08T19:30:21.078153+00:00,201,14308.26,
2026-09-08T19:30:33.994342+00:00,201,1405.351,
2026-09-08T19:30:29.248897+00:00,201,6152.23,
2026-09-08T19:30:29.741971+00:00,201,5669.621,
2026-09-08T19:30:15.974335+00:00,201,19438.25,
2026-09-08T19:30:35.278714+00:00,201,136.54,
2026-09-08T19:30:31.769214+00:00,201,3652.969,
2026-09-08T19:30:29.899470+00:00,201,5527.298,
2026-09-08T19:30:33.541656+00:00,201,1891.061,
2026-09-08T19:30:29.450224+00:00,201,5984.134,
2026-09-08T19:30:15.319857+00:00,201,20117.409,
2026-09-08T19:30:34.961634+00:00,201,493.297,
2026-09-08T19:30:35.319091+00:00,201,138.66,
2026-09-08T19:30:35.092823+00:00,201,372.578,
2026-09-08T19:30:30.841196+00:00,201,4637.238,
2026-09-08T19:30:35.344564+00:00,201,139.92,
2026-09-08T19:30:28.289792+00:00,201,7203.01,
2026-09-08T19:30:17.975399+00:00,201,17519.934,
2026-09-08T19:30:31.277020+00:00,201,4228.681,
2026-09-08T19:30:30.900832+00:00,201,4615.988,
2026-09-08T19:30:09.611421+00:00,201,25910.923,
2026-09-08T19:30:32.517108+00:00,201,3011.442,
2026-09-08T19:30:31.626732+00:00,201,3904.025,
2026-09-08T19:30:34.303864+00:00,201,1243.491,
2026-09-08T19:30:33.137214+00:00,201,2411.179,
2026-09-08T19:30:19.109487+00:00,201,16441.826,
2026-09-08T19:30:23.275261+00:00,201,12277.052,
2026-09-08T19:30:28.803632+00:00,201,6749.671,
2026-09-08T19:30:18.629661+00:00,201,16936.866,
2026-09-08T19:30:33.804397+00:00,201,1764.902,
2026-09-08T19:30:21.778416+00:00,201,13803.499,
2026-09-08T19:30:29.263597+00:00,201,6320.19,
2026-09-08T19:30:31.880237+00:00,201,3706.931,
2026-09-08T19:30:31.455286+00:00,201,4132.731,
2026-09-08T19:30:30.833148+00:00,201,4773.125,
2026-09-08T19:30:35.193654+00:00,201,416.829,
2026-09-08T19:30:10.756217+00:00,201,24860.066,
2026-09-08T19:30:34.336785+00:00,201,1284.801,
2026-09-08T19:30:21.815104+00:00,201,13807.329,
2026-09-08T19:30:15.738307+00:00,201,19901.977,
2026-09-08T19:30:29.357148+00:00,201,6289.325,
2026-09-08T19:30:33.010842+00:00,201,2637.231,
2026-09-08T19:30:32.201910+00:00,201,3449.026,
2026-09-08T19:30:33.014523+00:00,201,2637.319,
2026-09-08T19:30:33.332259+00:00,201,2324.288,
2026-09-08T19:30:13.802665+00:00,201,21870.499,
2026-09-08T19:30:34.036162+00:00,201,1639.912,
2026-09-08T19:30:31.647088+00:00,201,4030.637,
2026-09-08T19:30:27.772043+00:00,201,7912.513,
2026-09-08T19:30:31.793385+00:00,201,3901.418,
2026-09-08T19:30:33.682835+00:00,201,2012.919,
2026-09-08T19:30:22.381644+00:00,201,13327.817,
2026-09-08T19:30:27.818598+00:00,201,7898.686,
2026-09-08T19:30:33.779188+00:00,201,1939.663,
2026-09-08T19:30:34.166675+00:00,201,1569.117,
2026-09-08T19:30:21.361227+00:00,201,14380.85,
2026-09-08T19:30:29.473498+00:00,201,6273.672,
2026-09-08T19:30:20.221009+00:00,201,15527.178,
2026-09-08T19:30:31.037480+00:00,201,4713.001,
2026-09-08T19:30:33.639622+00:00,201,2112.705,
2026-09-08T19:30:22.584284+00:00,201,13175.843,
2026-09-08T19:30:23.800424+00:00,201,11963.642,
2026-09-08T19:30:31.025762+00:00,201,4740.517,
2026-09-08T19:30:33.455693+00:00,201,2311.546,
2026-09-08T19:30:34.772181+00:00,201,999.076,
2026-09-08T19:30:35.547364+00:00,201,241.244,
2026-09-08T19:30:32.598419+00:00,201,3196.922,
2026-09-08T19:30:28.261350+00:00,201,7537.646,
2026-09-08T19:30:32.549673+00:00,201,3250.545,
2026-09-08T19:30:30.428323+00:00,201,5383.076,
2026-09-08T19:30:35.255080+00:00,201,560.608,
2026-09-08T19:30:31.522657+00:00,201,4297.173,
2026-09-08T19:30:33.960572+00:00,201,1863.914,
2026-09-08T19:30:25.138543+00:00,201,10692.966,
2026-09-08T19:30:30.268071+00:00,201,5564.721,
2026-09-08T19:30:26.105829+00:00,201,9728.378,
2026-09-08T19:30:33.707021+00:00,201,2134.213,
2026-09-08T19:30:31.850901+00:00,201,3991.947,
2026-09-08T19:30:29.269299+00:00,201,6580.163,
2026-09-08T19:30:27.143342+00:00,201,8721.401,
2026-09-08T19:30:27.647443+00:00,201,8219.5,
2026-09-08T19:30:31.492422+00:00,201,4376.058,
2026-09-08T19:30:15.509502+00:00,201,20361.404,
2026-09-08T19:30:22.092735+00:00,201,13791.611,
2026-09-08T19:30:30.069158+00:00,201,5819.814,
2026-09-08T19:30:28.811817+00:00,201,7086.711,
2026-09-08T19:30:32.322551+00:00,201,3588.252,
2026-09-08T19:30:35.788616+00:00,201,128.338,
2026-09-08T19:30:33.728094+00:00,201,2215.889,
2026-09-08T19:30:31.949975+00:00,201,3996.083,
2026-09-08T19:30:31.810395+00:00,201,4137.368,
2026-09-08T19:30:34.525829+00:00,201,1433.122,
2026-09-08T19:30:20.018631+00:00,201,15944.418,
2026-09-08T19:30:32.101908+00:00,201,3882.409,
2026-09-08T19:30:32.036518+00:00,201,3950.348,
2026-09-08T19:30:31.579322+00:00,201,4408.298,
2026-09-08T19:30:26.636027+00:00,201,9356.433,
2026-09-08T19:30:12.727174+00:00,201,23274.468,
2026-09-08T19:30:34.900698+00:00,201,1104.914,
2026-09-08T19:30:23.916234+00:00,201,12090.518,
2026-09-08T19:30:30.157542+00:00,201,5850.048,
2026-09-08T19:30:22.350233+00:00,201,13659.736,
2026-09-08T19:30:31.031669+00:00,201,4983.187,
2026-09-08T19:30:28.533052+00:00,201,7486.08,
2026-09-08T19:30:15.914702+00:00,201,20105.219,
2026-09-08T19:30:16.000514+00:00,201,20022.8,
2026-09-08T19:30:33.177283+00:00,201,2857.159,
2026-09-08T19:30:27.214825+00:00,201,8822.116,
2026-09-08T19:30:25.821237+00:00,201,10222.181,
2026-09-08T19:30:35.943993+00:00,201,105.624,
2026-09-08T19:30:32.745820+00:00,201,3317.903,
2026-09-08T19:30:18.213751+00:00,201,17852.095,
2026-09-08T19:30:31.278746+00:00,201,4794.278,
2026-09-08T19:30:31.965756+00:00,201,4108.417,
2026-09-08T19:30:33.522953+00:00,201,2554.71,
2026-09-08T19:30:27.850015+00:00,201,8232.684,
2026-09-08T19:30:33.249388+00:00,201,2843.296,
2026-09-08T19:30:34.886433+00:00,201,1209.739,
2026-09-08T19:30:27.402646+00:00,201,8697.124,
2026-09-08T19:30:32.399568+00:00,201,3705.127,
2026-09-08T19:30:31.137192+00:00,201,4968.351,
2026-09-08T19:30:17.358985+00:00,201,18749.369,
2026-09-08T19:30:12.450516+00:00,201,23663.982,
2026-09-08T19:30:34.512309+00:00,201,1610.915,
2026-09-08T19:30:34.381544+00:00,201,1745.928,
2026-09-08T19:30:34.678642+00:00,201,1454.29,
2026-09-08T19:30:08.558846+00:00,201,27582.451,
2026-09-08T19:30:34.763702+00:00,201,1382.792,
2026-09-08T19:30:23.469721+00:00,201,12679.774,
2026-09-08T19:30:34.517861+00:00,201,1646.637,
2026-09-08T19:30:36.049627+00:00,201,115.783,
2026-09-08T19:30:30.936196+00:00,201,5231.088,
2026-09-08T19:30:25.863566+00:00,201,10312.331,
2026-09-08T19:30:30.468315+00:00,201,5709.103,
2026-09-08T19:30:11.838913+00:00,201,24341.422,
2026-09-08T19:30:34.591932+00:00,201,1590.141,
2026-09-08T19:30:29.860686+00:00,201,6322.41,
2026-09-08T19:30:33.343363+00:00,201,2840.775,
2026-09-08T19:30:30.961535+00:00,201,5229.907,
2026-09-08T19:30:11.145240+00:00,201,25056.776,
2026-09-08T19:30:32.357722+00:00,201,3859.289,
2026-09-08T19:30:31.843683+00:00,201,4391.398,
2026-09-08T19:30:34.948826+00:00,201,1290.89,
2026-09-08T19:30:35.103194+00:00,201,1139.276,
2026-09-08T19:30:33.069146+00:00,201,3175.535,
2026-09-08T19:30:16.163571+00:00,201,20096.668,
2026-09-08T19:30:08.528520+00:00,201,27733.004,
2026-09-08T19:30:31.853907+00:00,201,4409.422,
2026-09-08T19:30:32.621418+00:00,201,3643.367,
2026-09-08T19:30:27.645954+00:00,201,8630.465,
2026-09-08T19:30:14.760251+00:00,201,21521.844,
2026-09-08T19:30:16.775452+00:00,201,19514.305,
2026-09-08T19:30:21.304271+00:00,201,14991.237,
2026-09-08T19:30:34.422546+00:00,201,1883.347,
2026-09-08T19:30:31.210750+00:00,201,5097.23,
2026-09-08T19:30:35.001178+00:00,201,1307.934,
2026-09-08T19:30:33.999570+00:00,201,2315.316,
2026-09-08T19:30:10.836970+00:00,201,25480.095,
2026-09-08T19:30:35.684573+00:00,201,638.62,
2026-09-08T19:30:30.820806+00:00,201,5503.901,
2026-09-08T19:30:36.202058+00:00,201,128.864,
2026-09-08T19:30:14.138412+00:00,201,22206.433,
2026-09-08T19:30:34.127140+00:00,201,2235.41,
2026-09-08T19:30:33.398776+00:00,201,2965.52,
2026-09-08T19:30:35.282166+00:00,201,1087.817,
2026-09-08T19:30:14.244792+00:00,201,22132.336,
2026-09-08T19:30:29.724221+00:00,201,6656.494,
2026-09-08T19:30:35.232116+00:00,201,1171.996,
2026-09-08T19:30:29.013881+00:00,201,7391.932,
2026-09-08T19:30:35.199067+00:00,201,1207.874,
2026-09-08T19:30:35.587178+00:00,201,831.796,
2026-09-08T19:30:21.827442+00:00,201,14592.7,
2026-09-08T19:30:01.711173+00:00,201,34710.11,
2026-09-08T19:30:35.426782+00:00,201,1000.412,
2026-09-08T19:30:34.127984+00:00,201,2315.984,
2026-09-08T19:30:34.276623+00:00,201,2169.99,
2026-09-08T19:30:35.685311+00:00,201,762.691,
2026-09-08T19:30:31.686814+00:00,201,4764.853,
2026-09-08T19:30:29.848453+00:00,201,6607.743,
2026-09-08T19:30:06.882511+00:00,201,29580.255,
2026-09-08T19:30:27.193106+00:00,201,9272.233,
2026-09-08T19:30:34.868715+00:00,201,1598.871,
2026-09-08T19:30:31.861699+00:00,201,4611.66,
2026-09-08T19:30:36.146500+00:00,201,335.239,
2026-09-08T19:30:32.246559+00:00,201,4235.991,
2026-09-08T19:30:35.528561+00:00,201,963.071,
2026-09-08T19:30:31.112567+00:00,201,5381.444,
2026-09-08T19:30:16.395369+00:00,201,20104.085,
2026-09-08T19:30:32.104061+00:00,201,4400.522,
2026-09-08T19:30:20.255869+00:00,201,16249.604,
2026-09-08T19:30:13.566088+00:00,201,22940.713,
2026-09-08T19:30:35.870942+00:00,201,640.184,
2026-09-08T19:30:08.619824+00:00,201,27901.02,
2026-09-08T19:30:35.760150+00:00,201,774.133,
2026-09-08T19:30:34.582775+00:00,201,1953.232,
2026-09-08T19:30:33.469526+00:00,201,3070.523,
2026-09-08T19:30:24.770232+00:00,201,11773.728,
2026-09-08T19:30:29.607831+00:00,201,6938.131,
2026-09-08T19:30:28.481979+00:00,201,8067.554,
2026-09-08T19:30:34.139185+00:00,201,2416.43,
2026-09-08T19:30:13.504296+00:00,201,23056.159,
2026-09-08T19:30:35.182259+00:00,201,1380.219,
2026-09-08T19:30:29.315690+00:00,201,7252.417,
2026-09-08T19:30:22.166587+00:00,201,14402.682,
2026-09-08T19:30:30.930177+00:00,201,5642.978,
2026-09-08T19:30:14.307291+00:00,201,22273.813,
2026-09-08T19:30:29.154846+00:00,201,7427.045,
2026-09-08T19:30:35.933545+00:00,201,654.601,
2026-09-08T19:30:36.481746+00:00,201,123.806,
2026-09-08T19:30:36.165418+00:00,201,442.214,
2026-09-08T19:30:29.325900+00:00,201,7284.987,
2026-09-08T19:30:29.118977+00:00,201,7518.457,
2026-09-08T19:30:33.178178+00:00,201,3463.573,
2026-09-08T19:30:35.411605+00:00,201,1233.545,
2026-09-08T19:30:30.991577+00:00,201,5658.129,
2026-09-08T19:30:30.447589+00:00,201,6205.218,
2026-09-08T19:30:30.258864+00:00,201,6399.949,
2026-09-08T19:30:14.653599+00:00,201,22006.205,
2026-09-08T19:30:32.911128+00:00,201,3765.715,
2026-09-08T19:30:25.698944+00:00,201,10981.815,
2026-09-08T19:30:31.325228+00:00,201,5360.219,
2026-09-08T19:30:33.848049+00:00,201,2839.437,
2026-09-08T19:30:29.624834+00:00,201,7069.241,
2026-09-08T19:30:29.695603+00:00,201,7005.477,
2026-09-08T19:30:29.216084+00:00,201,7494.896,
2026-09-08T19:30:36.596671+00:00,201,121.717,
2026-09-08T19:30:25.967957+00:00,201,10760.411,
2026-09-08T19:30:25.196650+00:00,201,11535.862,
2026-09-08T19:30:33.887365+00:00,201,2846.873,
2026-09-08T19:30:35.075913+00:00,201,1664.72,
2026-09-08T19:30:36.621368+00:00,201,123.611,
2026-09-08T19:30:31.372092+00:00,201,5374.32,
2026-09-08T19:30:27.496467+00:00,201,9258.699,
2026-09-08T19:30:21.401103+00:00,201,15360.995,
2026-09-08T19:30:16.071772+00:00,201,20695.156,
2026-09-08T19:30:35.401142+00:00,201,1372.86,
2026-09-08T19:30:34.880117+00:00,201,1895.122,
2026-09-08T19:30:36.676855+00:00,201,110.267,
2026-09-08T19:30:30.430588+00:00,201,6357.373,
2026-09-08T19:30:31.066095+00:00,201,5736.667,
2026-09-08T19:30:03.681378+00:00,201,33136.658,
2026-09-08T19:30:15.870650+00:00,201,20953.047,
2026-09-08T19:30:36.180374+00:00,201,646.634,
2026-09-08T19:30:32.633690+00:00,201,4195.074,
2026-09-08T19:30:34.296323+00:00,201,2534.404,
2026-09-08T19:30:33.516151+00:00,201,3321.278,
2026-09-08T19:30:35.566556+00:00,201,1273.944,
2026-09-08T19:30:21.342176+00:00,201,15501.608,
2026-09-08T19:30:36.093990+00:00,201,761.011,
2026-09-08T19:30:25.952013+00:00,201,10907.185,
2026-09-08T19:30:33.638773+00:00,201,3223.404,
2026-09-08T19:30:33.457890+00:00,201,3405.053,
2026-09-08T19:30:13.830521+00:00,201,23034.792,
2026-09-08T19:30:27.887054+00:00,201,8983.539,
2026-09-08T19:30:27.986289+00:00,201,8894.769,
2026-09-08T19:30:17.299782+00:00,201,19584.108,
2026-09-08T19:30:32.418692+00:00,201,4472.43,
2026-09-08T19:30:23.872885+00:00,201,13021.603,
2026-09-08T19:30:30.568411+00:00,201,6327.598,
2026-09-08T19:30:30.079404+00:00,201,6822.918,
2026-09-08T19:30:19.991292+00:00,201,16913.188,
2026-09-08T19:30:24.309377+00:00,201,12600.611,
2026-09-08T19:30:36.228797+00:00,201,694.293,
2026-09-08T19:30:30.886229+00:00,201,6045.079,
2026-09-08T19:30:22.252164+00:00,201,14680.259,
2026-09-08T19:30:35.196016+00:00,201,1756.242,
2026-09-08T19:30:29.387171+00:00,201,7572.122,
2026-09-08T19:30:07.179514+00:00,201,29780.743,
2026-09-08T19:30:31.404395+00:00,201,5557.618,
2026-09-08T19:30:34.981469+00:00,201,1984.527,
2026-09-08T19:30:33.697432+00:00,201,3273.958,
2026-09-08T19:30:36.605559+00:00,201,368.766,
2026-09-08T19:30:21.918490+00:00,201,15064.687,
2026-09-08T19:30:28.357070+00:00,201,8627.42,
2026-09-08T19:30:35.505713+00:00,201,1480.632,
2026-09-08T19:30:28.505126+00:00,201,8484.222,
2026-09-08T19:30:31.289762+00:00,201,5700.325,
2026-09-08T19:30:18.139765+00:00,201,18852.371,
2026-09-08T19:30:29.934877+00:00,201,7059.469,
2026-09-08T19:30:32.416142+00:00,201,4593.797,
2026-09-08T19:30:33.813508+00:00,201,3197.809,
2026-09-08T19:30:22.673810+00:00,201,14339.825,
2026-09-08T19:30:34.217895+00:00,201,2796.979,
2026-09-08T19:30:22.429490+00:00,201,14592.119,
2026-09-08T19:30:34.310049+00:00,201,2712.421,
2026-09-08T19:30:34.385118+00:00,201,2650.053,
2026-09-08T19:30:13.340365+00:00,201,23712.897,
2026-09-08T19:30:36.511132+00:00,201,550.993,
2026-09-08T19:30:30.366132+00:00,201,6696.907,
2026-09-08T19:30:36.952269+00:00,201,112.539,
2026-09-08T19:30:34.463685+00:00,201,2605.276,
2026-09-08T19:30:35.588953+00:00,201,1494.87,
2026-09-08T19:30:32.028442+00:00,201,5057.223,
2026-09-08T19:30:29.971354+00:00,201,7118.072,
2026-09-08T19:30:33.467105+00:00,201,3624.177,
2026-09-08T19:30:36.984506+00:00,201,112.629,
2026-09-08T19:30:19.415664+00:00,201,17694.145,
2026-09-08T19:30:16.283103+00:00,201,20827.575,
2026-09-08T19:30:21.830041+00:00,201,15285.726,
2026-09-08T19:30:30.049688+00:00,201,7067.977,
2026-09-08T19:30:33.042167+00:00,201,4077.053,
2026-09-08T19:30:30.969783+00:00,201,6151.454,
2026-09-08T19:30:09.795815+00:00,201,27327.154,
2026-09-08T19:30:27.738836+00:00,201,9396.388,
2026-09-08T19:30:28.385344+00:00,201,8751.301,
2026-09-08T19:30:33.500109+00:00,201,3643.013,
2026-09-08T19:30:11.186821+00:00,201,25962.333,
2026-09-08T19:30:25.362535+00:00,201,11791.001,
2026-09-08T19:30:36.404121+00:00,201,757.241,
2026-09-08T19:30:35.168389+00:00,201,2001.567,
2026-09-08T19:30:37.068971+00:00,201,105.532,
2026-09-08T19:30:21.374383+00:00,201,15802.17,
2026-09-08T19:30:28.134156+00:00,201,9046.136,
2026-09-08T19:30:35.205426+00:00,201,1977.514,
2026-09-08T19:30:30.254405+00:00,201,6933.658,
2026-09-08T19:30:28.320492+00:00,201,8868.752,
2026-09-08T19:30:13.306021+00:00,201,23896.386,
2026-09-08T19:30:17.728195+00:00,201,19480.52,
2026-09-08T19:30:22.013870+00:00,201,15196.851,
2026-09-08T19:30:34.662459+00:00,201,2553.522,
2026-09-08T19:30:29.630278+00:00,201,7587.185,
2026-09-08T19:30:30.332210+00:00,201,6886.073,
2026-09-08T19:30:32.052634+00:00,201,5167.948,
2026-09-08T19:30:34.051785+00:00,201,3184.579,
2026-09-08T19:30:33.923023+00:00,201,3316.839,
2026-09-08T19:30:07.659155+00:00,201,29582.534,
2026-09-08T19:30:36.330930+00:00,201,912.883,
2026-09-08T19:30:09.164262+00:00,201,28094.433,
2026-09-08T19:30:25.328339+00:00,201,11936.789,
2026-09-08T19:30:36.123232+00:00,201,1146.872,
2026-09-08T19:30:36.685460+00:00,201,591.17,
2026-09-08T19:30:29.453628+00:00,201,7826.33,
2026-09-08T19:30:32.992906+00:00,201,4293.336,
2026-09-08T19:30:36.694093+00:00,201,600.029,
2026-09-08T19:30:12.737731+00:00,201,24558.874,
2026-09-08T19:30:30.333307+00:00,201,6964.097,
2026-09-08T19:30:32.078454+00:00,201,5220.036,
2026-09-08T19:30:34.965547+00:00,201,2344.572,
2026-09-08T19:30:29.595122+00:00,201,7715.755,
2026-09-08T19:30:24.684680+00:00,201,12635.914,
2026-09-08T19:30:36.732533+00:00,201,590.446,
2026-09-08T19:30:30.657138+00:00,201,6667.763,
2026-09-08T19:30:21.397685+00:00,201,15929.343,
2026-09-08T19:30:33.546506+00:00,201,3788.549,
2026-09-08T19:30:27.160427+00:00,201,10193.163,
2026-09-08T19:30:35.525075+00:00,201,1835.311,
2026-09-08T19:30:07.440202+00:00,201,29921.203,
2026-09-08T19:30:29.622785+00:00,201,7746.042,
2026-09-08T19:30:31.388834+00:00,201,5984.76,
2026-09-08T19:30:34.015569+00:00,201,3359.354,
2026-09-08T19:30:25.094795+00:00,201,12283.78,
2026-09-08T19:30:36.077673+00:00,201,1304.641,
2026-09-08T19:30:31.136290+00:00,201,6247.775,
2026-09-08T19:30:30.530483+00:00,201,6861.394,
2026-09-08T19:30:29.541560+00:00,201,7851.349,
2026-09-08T19:30:27.793946+00:00,201,9601.586,
2026-09-08T19:30:25.009179+00:00,201,12392.225,
2026-09-08T19:30:22.409932+00:00,201,14993.335,
2026-09-08T19:30:34.549592+00:00,201,2868.437,
2026-09-08T19:30:36.555624+00:00,201,865.972,
2026-09-08T19:30:37.310129+00:00,201,114.331,
2026-09-08T19:30:35.024151+00:00,201,2404.115,
2026-09-08T19:30:21.933639+00:00,201,15503.718,
2026-09-08T19:30:37.310894+00:00,201,128.476,
2026-09-08T19:30:35.747186+00:00,201,1700.757,
2026-09-08T19:30:37.320621+00:00,201,130.275,
2026-09-08T19:30:34.022541+00:00,201,3429.951,
2026-09-08T19:30:21.990838+00:00,201,15466.548,
2026-09-08T19:30:32.664880+00:00,201,4795.155,
2026-09-08T19:30:25.172526+00:00,201,12305.033,
2026-09-08T19:30:34.235018+00:00,201,3261.079,
2026-09-08T19:30:29.080702+00:00,201,8419.143,
2026-09-08T19:30:31.659594+00:00,201,5842.293,
2026-09-08T19:30:14.228886+00:00,201,23275.107,
2026-09-08T19:30:31.140798+00:00,201,6370.517,
2026-09-08T19:30:22.372162+00:00,201,15162.822,
2026-09-08T19:30:35.434377+00:00,201,2113.014,
2026-09-08T19:30:33.463508+00:00,201,4087.36,
2026-09-08T19:30:22.666405+00:00,201,14895.771,
2026-09-08T19:30:33.219894+00:00,201,4345.124,
2026-09-08T19:30:30.622119+00:00,201,6947.553,
2026-09-08T19:30:06.371064+00:00,201,31202.048,
2026-09-08T19:30:30.581723+00:00,201,6993.068,
2026-09-08T19:30:36.923101+00:00,201,653.853,
2026-09-08T19:30:33.237446+00:00,201,4341.238,
2026-09-08T19:30:36.465360+00:00,201,1116.97,
2026-09-08T19:30:28.500735+00:00,201,9088.436,
2026-09-08T19:30:31.607532+00:00,201,5995.548,
2026-09-08T19:30:36.167298+00:00,201,1436.616,
2026-09-08T19:30:32.190361+00:00,201,5414.366,
2026-09-08T19:30:29.501138+00:00,201,8104.408,
2026-09-08T19:30:27.536168+00:00,201,10070.333,
2026-09-08T19:30:33.369814+00:00,201,4237.75,
2026-09-08T19:30:36.710998+00:00,201,897.679,
2026-09-08T19:30:34.891302+00:00,201,2718.516,
2026-09-08T19:30:30.664778+00:00,201,6946.169,
2026-09-08T19:30:35.403353+00:00,201,2208.714,
2026-09-08T19:30:26.460896+00:00,201,11152.308,
2026-09-08T19:30:31.811225+00:00,201,5809.248,
2026-09-08T19:30:31.652304+00:00,201,5969.483,
2026-09-08T19:30:33.136313+00:00,201,4490.313,
2026-09-08T19:30:18.483271+00:00,201,19166.204,
2026-09-08T19:30:35.122742+00:00,201,2550.148,
2026-09-08T19:30:35.767250+00:00,201,1907.496,
2026-09-08T19:30:34.497831+00:00,201,3188.837,
2026-09-08T19:30:31.572439+00:00,201,6115.461,
2026-09-08T19:30:36.992168+00:00,201,699.714,
2026-09-08T19:30:37.276639+00:00,201,435.875,
2026-09-08T19:30:36.840506+00:00,201,875.323,
2026-09-08T19:30:33.826228+00:00,201,3896.782,
2026-09-08T19:30:29.966411+00:00,201,7758.916,
2026-09-08T19:30:30.514956+00:00,201,7222.176,
2026-09-08T19:30:22.784395+00:00,201,14979.953,
2026-09-08T19:30:32.897051+00:00,201,4868.751,
2026-09-08T19:30:34.762438+00:00,201,3015.398,
2026-09-08T19:30:29.358437+00:00,201,8422.874,
2026-09-08T19:30:36.307994+00:00,201,1480.087,
2026-09-08T19:30:33.373765+00:00,201,4427.324,
2026-09-08T19:30:36.362559+00:00,201,1439.84,
2026-09-08T19:30:29.292613+00:00,201,8519.404,
2026-09-08T19:30:33.893138+00:00,201,3944.891,
2026-09-08T19:30:36.217025+00:00,201,1625.137,
2026-09-08T19:30:21.537831+00:00,201,16309.655,
2026-09-08T19:30:37.672900+00:00,201,185.019,
2026-09-08T19:30:37.064820+00:00,201,797.567,
2026-09-08T19:30:14.952730+00:00,201,22916.249,
2026-09-08T19:30:32.528377+00:00,201,5347.07,
2026-09-08T19:30:26.034168+00:00,201,11846.371,
2026-09-08T19:30:32.162430+00:00,201,5736.142,
2026-09-08T19:30:33.144475+00:00,201,4760.398,
2026-09-08T19:30:30.563154+00:00,201,7352.582,
2026-09-08T19:30:37.062133+00:00,201,859.966,
2026-09-08T19:30:36.183113+00:00,201,1753.347,
2026-09-08T19:30:33.215466+00:00,201,4723.395,
2026-09-08T19:30:24.586150+00:00,201,13368.193,
2026-09-08T19:30:18.409486+00:00,201,19553.77,
2026-09-08T19:30:37.608684+00:00,201,371.923,
2026-09-08T19:30:28.389022+00:00,201,9598.325,
2026-09-08T19:30:36.289794+00:00,201,1701.835,
2026-09-08T19:30:37.838042+00:00,201,164.15,
2026-09-08T19:30:33.268132+00:00,201,4744.398,
2026-09-08T19:30:36.005620+00:00,201,2008.977,
2026-09-08T19:30:36.960304+00:00,201,1056.756,
2026-09-08T19:30:30.181824+00:00,201,7841.1,
2026-09-08T19:30:37.136661+00:00,201,889.509,
2026-09-08T19:30:28.218309+00:00,201,9812.928,
2026-09-08T19:30:36.260275+00:00,201,1775.571,
2026-09-08T19:30:31.992992+00:00,201,6051.091,
2026-09-08T19:30:36.994362+00:00,201,1067.873,
2026-09-08T19:30:35.588027+00:00,201,2493.266,
2026-09-08T19:30:35.849479+00:00,201,2238.174,
2026-09-08T19:30:25.090055+00:00,201,13010.183,
2026-09-08T19:30:20.199986+00:00,201,17914.615,
2026-09-08T19:30:37.963291+00:00,201,168.215,
2026-09-08T19:30:22.120808+00:00,201,16015.15,
2026-09-08T19:30:26.930412+00:00,201,11215.622,
2026-09-08T19:30:32.555231+00:00,201,5594.269,
2026-09-08T19:30:16.251634+00:00,201,21955.853,
2026-09-08T19:30:33.334390+00:00,201,4889.779,
2026-09-08T19:30:13.480014+00:00,201,24745.465,
2026-09-08T19:30:30.881437+00:00,201,7350.555,
2026-09-08T19:30:30.170272+00:00,201,8066.687,
2026-09-08T19:30:34.640666+00:00,201,3602.62,
2026-09-08T19:30:31.150789+00:00,201,7094.809,
2026-09-08T19:30:36.175919+00:00,201,2084.533,
2026-09-08T19:30:36.263340+00:00,201,2014.699,
2026-09-08T19:30:36.060565+00:00,201,2223.384,
2026-09-08T19:30:03.863116+00:00,201,34432.829,
2026-09-08T19:30:38.081302+00:00,201,220.931,
2026-09-08T19:30:35.694815+00:00,201,2613.282,
2026-09-08T19:30:35.828541+00:00,201,2501.293,
2026-09-08T19:30:34.058487+00:00,201,4274.584,
2026-09-08T19:30:11.825309+00:00,201,26508.944,
2026-09-08T19:30:37.176582+00:00,201,1166.334,
2026-09-08T19:30:28.486230+00:00,201,9873.585,
2026-09-08T19:30:18.716729+00:00,201,19653.983,
2026-09-08T19:30:34.469346+00:00,201,3904.409,
2026-09-08T19:30:30.895595+00:00,201,7480.428,
2026-09-08T19:30:35.864761+00:00,201,2512.732,
2026-09-08T19:30:33.484666+00:00,201,4905.029,
2026-09-08T19:30:30.232655+00:00,201,8169.138,
2026-09-08T19:30:33.058774+00:00,201,5360.449,
2026-09-08T19:30:37.547402+00:00,201,881.092,
2026-09-08T19:30:11.816640+00:00,201,26623.059,
2026-09-08T19:30:37.403298+00:00,201,1043.605,
2026-09-08T19:30:18.486696+00:00,201,19968.122,
2026-09-08T19:30:18.438217+00:00,201,20020.244,
2026-09-08T19:30:34.519907+00:00,201,3952.563,
2026-09-08T19:30:29.789098+00:00,201,8701.414,
2026-09-08T19:30:36.494024+00:00,201,1998.291,
2026-09-08T19:30:30.081134+00:00,201,8418.473,
2026-09-08T19:30:36.007603+00:00,201,2504.343,
2026-09-08T19:30:33.832317+00:00,201,4684.485,
2026-09-08T19:30:37.361453+00:00,201,1167.197,
2026-09-08T19:30:32.261379+00:00,201,6280.01,
2026-09-08T19:30:36.141343+00:00,201,2403.142,
2026-09-08T19:30:27.923305+00:00,201,10628.628,
2026-09-08T19:30:36.108387+00:00,201,2449.126,
2026-09-08T19:30:33.394569+00:00,201,5186.135,
2026-09-08T19:30:32.678139+00:00,201,5921.578,
2026-09-08T19:30:37.174512+00:00,201,1430.222,
2026-09-08T19:30:36.177431+00:00,201,2441.273,
2026-09-08T19:30:36.428607+00:00,201,2201.819,
2026-09-08T19:30:31.411444+00:00,201,7234.361,
2026-09-08T19:30:37.279978+00:00,201,1371.55,
2026-09-08T19:30:37.477585+00:00,201,1190.338,
2026-09-08T19:30:37.265150+00:00,201,1421.487,
2026-09-08T19:30:34.040632+00:00,201,4658.715,
2026-09-08T19:30:35.018332+00:00,201,3683.403,
2026-09-08T19:30:36.092694+00:00,201,2611.57,
2026-09-08T19:30:36.658828+00:00,201,2048.161,
2026-09-08T19:30:36.826223+00:00,201,1893.233,
2026-09-08T19:30:22.805991+00:00,201,15933.051,
2026-09-08T19:30:31.922369+00:00,201,6824.69,
2026-09-08T19:30:08.522544+00:00,201,30227.644,
2026-09-08T19:30:08.296564+00:00,201,30460.058,
2026-09-08T19:30:30.690508+00:00,201,8075.236,
2026-09-08T19:30:36.456211+00:00,201,2342.472,
2026-09-08T19:30:30.990343+00:00,201,7810.596,
2026-09-08T19:30:32.090306+00:00,201,6719.737,
2026-09-08T19:30:36.129927+00:00,201,2685.917,
2026-09-08T19:30:37.022479+00:00,201,1804.435,
2026-09-08T19:30:33.671654+00:00,201,5159.587,
2026-09-08T19:30:37.297419+00:00,201,1546.988,
2026-09-08T19:30:37.188080+00:00,201,1658.769,
2026-09-08T19:30:12.753375+00:00,201,26094.735,
2026-09-08T19:30:35.492823+00:00,201,3361.568,
2026-09-08T19:30:16.894481+00:00,201,21962.984,
2026-09-08T19:30:14.974006+00:00,201,23888.96,
2026-09-08T19:30:32.696899+00:00,201,6171.203,
2026-09-08T19:30:33.032589+00:00,201,5845.979,
2026-09-08T19:30:30.163991+00:00,201,8727.634,
2026-09-08T19:30:33.898498+00:00,201,4995.108,
2026-09-08T19:30:37.373610+00:00,201,1522.996,
2026-09-08T19:30:33.253188+00:00,201,5657.193,
2026-09-08T19:30:33.372374+00:00,201,5572.866,
2026-09-08T19:30:22.037260+00:00,201,16909.294,
2026-09-08T19:30:38.604749+00:00,201,359.557,
2026-09-08T19:30:19.129608+00:00,201,19837.29,
2026-09-08T19:30:35.014935+00:00,201,3954.689,
2026-09-08T19:30:29.976184+00:00,201,8997.011,
2026-09-08T19:30:35.963079+00:00,201,3011.561,
2026-09-08T19:30:37.720796+00:00,201,1264.324,
2026-09-08T19:30:14.754567+00:00,201,24249.091,
2026-09-08T19:30:22.029299+00:00,201,16981.912,
2026-09-08T19:30:22.167753+00:00,201,16859.49,
2026-09-08T19:30:38.288638+00:00,201,740.703,
2026-09-08T19:30:16.361411+00:00,201,22677.013,
2026-09-08T19:30:37.875464+00:00,201,1204.333,
2026-09-08T19:30:33.037327+00:00,201,6045.221,
2026-09-08T19:30:34.603675+00:00,201,4495.46,
2026-09-08T19:30:28.371932+00:00,201,10730.621,
2026-09-08T19:30:36.931323+00:00,201,2179.236,
2026-09-08T19:30:38.945255+00:00,201,184.722,
2026-09-08T19:30:36.420168+00:00,201,2721.88,
2026-09-08T19:30:21.907622+00:00,201,17236.6,
2026-09-08T19:30:36.462817+00:00,201,2686.736,
2026-09-08T19:30:28.232486+00:00,201,10934.327,
2026-09-08T19:30:29.963579+00:00,201,9205.773,
2026-09-08T19:30:36.261571+00:00,201,2910.787,
2026-09-08T19:30:39.011242+00:00,201,180.84,
2026-09-08T19:30:25.619241+00:00,201,13577.373,
2026-09-08T19:30:36.264795+00:00,201,2950.769,
2026-09-08T19:30:39.054134+00:00,201,179.582,
2026-09-08T19:30:15.327204+00:00,201,23912.509,
2026-09-08T19:30:17.761305+00:00,201,21511.168,
2026-09-08T19:30:34.790751+00:00,201,4487.721,
2026-09-08T19:30:22.371250+00:00,201,16911.902,
2026-09-08T19:30:26.677545+00:00,201,12607.691,
2026-09-08T19:30:29.026115+00:00,201,10261.281,
2026-09-08T19:30:30.216309+00:00,201,9078.013,
2026-09-08T19:30:33.328844+00:00,201,5966.881,
2026-09-08T19:30:38.516814+00:00,201,792.561,
2026-09-08T19:30:35.056245+00:00,201,4255.808,
2026-09-08T19:30:29.009658+00:00,201,10310.037,
2026-09-08T19:30:32.851427+00:00,201,6501.01,
2026-09-08T19:30:36.766963+00:00,201,2605.462,
2026-09-08T19:30:29.811636+00:00,201,9580.039,
2026-09-08T19:30:35.061448+00:00,201,4339.787,
2026-09-08T19:30:14.358616+00:00,201,25053.737,
2026-09-08T19:30:37.153558+00:00,201,2263.378,
2026-09-08T19:30:32.360667+00:00,201,7058.085,
2026-09-08T19:30:29.365296+00:00,201,10074.524,
2026-09-08T19:30:35.947777+00:00,201,3509.992,
2026-09-08T19:30:33.086131+00:00,201,6374.636,
2026-09-08T19:30:30.126327+00:00,201,9337.749,
2026-09-08T19:30:33.565749+00:00,201,5900.428,
2026-09-08T19:30:23.309732+00:00,201,16157.926,
2026-09-08T19:30:27.931658+00:00,201,11540.476,
2026-09-08T19:30:29.049299+00:00,201,10432.854,
2026-09-08T19:30:37.258742+00:00,201,2228.202,
2026-09-08T19:30:35.650949+00:00,201,3842.877,
2026-09-08T19:30:37.182948+00:00,201,2315.295,
2026-09-08T19:30:29.388166+00:00,201,10128.648,
2026-09-08T19:30:35.325081+00:00,201,4210.161,
2026-09-08T19:30:39.352453+00:00,201,188.713,
2026-09-08T19:30:26.254406+00:00,201,13324.456,
2026-09-08T19:30:36.588158+00:00,201,2996.932,
2026-09-08T19:30:33.869579+00:00,201,5722.305,
2026-09-08T19:30:35.245633+00:00,201,4355.86,
2026-09-08T19:30:37.606523+00:00,201,2007.887,
2026-09-08T19:30:31.512498+00:00,201,8105.185,
2026-09-08T19:30:36.096179+00:00,201,3525.639,
2026-09-08T19:30:33.964020+00:00,201,5666.61,
2026-09-08T19:30:36.001687+00:00,201,3645.282,
2026-09-08T19:30:29.836142+00:00,201,9822.079,
2026-09-08T19:30:34.794639+00:00,201,4873.467,
2026-09-08T19:30:32.164722+00:00,201,7513.453,
2026-09-08T19:30:32.180378+00:00,201,7508.377,
2026-09-08T19:30:36.989365+00:00,201,2706.516,
2026-09-08T19:30:38.798693+00:00,201,903.765,
2026-09-08T19:30:31.696493+00:00,201,8017.103,
2026-09-08T19:30:38.236976+00:00,201,1487.711,
2026-09-08T19:30:38.651535+00:00,201,1074.977,
2026-09-08T19:30:21.205429+00:00,201,18532.862,
2026-09-08T19:30:37.788088+00:00,201,1955.433,
2026-09-08T19:30:38.243298+00:00,201,1501.653,
2026-09-08T19:30:35.752334+00:00,201,4003.091,
2026-09-08T19:30:26.552501+00:00,201,13207.916,
2026-09-08T19:30:30.236359+00:00,201,9531.764,
2026-09-08T19:30:18.872468+00:00,201,20912.59,
2026-09-08T19:30:28.620663+00:00,201,11183.005,
2026-09-08T19:30:22.824490+00:00,201,16990.69,
2026-09-08T19:30:18.521450+00:00,201,21297.81,
2026-09-08T19:30:31.508516+00:00,201,8322.152,
2026-09-08T19:30:12.265026+00:00,201,27583.523,
2026-09-08T19:30:30.381639+00:00,201,9497.59,
2026-09-08T19:30:35.766291+00:00,201,4127.899,
2026-09-08T19:30:33.401783+00:00,201,6505.815,
2026-09-08T19:30:31.217228+00:00,201,8693.385,
2026-09-08T19:30:32.288090+00:00,201,7632.281,
2026-09-08T19:30:26.381234+00:00,201,13547.712,
2026-09-08T19:30:38.947859+00:00,201,994.732,
2026-09-08T19:30:30.663228+00:00,201,9281.072,
2026-09-08T19:30:37.135247+00:00,201,2821.65,
2026-09-08T19:30:21.299202+00:00,201,18662.3,
2026-09-08T19:30:21.276757+00:00,201,18692.331,
2026-09-08T19:30:21.899164+00:00,201,18078.236,
2026-09-08T19:30:31.586529+00:00,201,8404.675,
2026-09-08T19:30:37.457415+00:00,201,2535.169,
2026-09-08T19:30:34.665821+00:00,201,5335.718,
2026-09-08T19:30:37.603094+00:00,201,2422.709,
2026-09-08T19:30:22.043805+00:00,201,17988.934,
2026-09-08T19:30:28.480425+00:00,201,11561.503,
2026-09-08T19:30:23.904509+00:00,201,16140.201,
2026-09-08T19:30:39.374135+00:00,201,681.038,
2026-09-08T19:30:33.859644+00:00,201,6219.004,
2026-09-08T19:30:32.570501+00:00,201,7514.692,
2026-09-08T19:30:38.283960+00:00,201,1811.822,
2026-09-08T19:30:35.824495+00:00,201,4290.161,
2026-09-08T19:30:32.020844+00:00,201,8098.678,
2026-09-08T19:30:32.054814+00:00,201,8065.966,
2026-09-08T19:30:27.252059+00:00,201,12891.794,
2026-09-08T19:30:17.847390+00:00,201,22308.386,
2026-09-08T19:30:27.446423+00:00,201,12714.524,
2026-09-08T19:30:37.083832+00:00,201,3079.513,
2026-09-08T19:30:34.563614+00:00,201,5605.254,
2026-09-08T19:30:37.712524+00:00,201,2461.317,
2026-09-08T19:30:37.723020+00:00,201,2452.192,
2026-09-08T19:30:37.123017+00:00,201,3070.54,
2026-09-08T19:30:20.522497+00:00,201,19674.681,
2026-09-08T19:30:35.719557+00:00,201,4491.086,
2026-09-08T19:30:33.654363+00:00,201,6559.334,
2026-09-08T19:30:27.919994+00:00,201,12307.014,
2026-09-08T19:30:36.910012+00:00,201,3320.19,
2026-09-08T19:30:36.904510+00:00,201,3334.835,
2026-09-08T19:30:34.440298+00:00,201,5817.069,
2026-09-08T19:30:19.273392+00:00,201,20993.229,
2026-09-08T19:30:33.336455+00:00,201,6946.146,
2026-09-08T19:30:34.019809+00:00,201,6264.144,
2026-09-08T19:30:38.260461+00:00,201,2039.983,
2026-09-08T19:30:24.266887+00:00,201,16048.293,
2026-09-08T19:30:31.830108+00:00,201,8487.49,
2026-09-08T19:30:31.362191+00:00,201,8961.658,
2026-09-08T19:30:37.839620+00:00,201,2491.381,
2026-09-08T19:30:32.126839+00:00,201,8221.689,
2026-09-08T19:30:25.763575+00:00,201,14588.504,
2026-09-08T19:30:38.334298+00:00,201,2037.451,
2026-09-08T19:30:25.915926+00:00,201,14474.42,
2026-09-08T19:30:32.845416+00:00,201,7560.63,
2026-09-08T19:30:27.170680+00:00,201,13240.265,
2026-09-08T19:30:36.581908+00:00,201,3832.78,
2026-09-08T19:30:21.613373+00:00,201,18811.01,
2026-09-08T19:30:39.683511+00:00,201,753.431,
2026-09-08T19:30:28.042443+00:00,201,12396.267,
2026-09-08T19:30:34.527898+00:00,201,5924.132,
2026-09-08T19:30:22.089256+00:00,201,18367.71,
2026-09-08T19:30:15.641161+00:00,201,24817.568,
2026-09-08T19:30:30.519300+00:00,201,9949.416,
2026-09-08T19:30:33.102360+00:00,201,7371.614,
2026-09-08T19:30:19.448775+00:00,201,21033.364,
2026-09-08T19:30:22.438769+00:00,201,18051.019,
2026-09-08T19:30:39.724694+00:00,201,778.977,
2026-09-08T19:30:20.076124+00:00,201,20457.501,
2026-09-08T19:30:24.767358+00:00,201,15784.253,
2026-09-08T19:30:34.945534+00:00,201,5611.842,
2026-09-08T19:30:33.589571+00:00,201,6973.963,
2026-09-08T19:30:35.346716+00:00,201,5219.104,
2026-09-08T19:29:57.916026+00:00,201,42664.817,
2026-09-08T19:30:23.050291+00:00,201,17547.726,
2026-09-08T19:30:38.351414+00:00,201,2260.54,
2026-09-08T19:30:37.425419+00:00,201,3194.188,
2026-09-08T19:30:35.530768+00:00,201,5096.492,
2026-09-08T19:30:40.058168+00:00,201,590.0,
2026-09-08T19:30:28.795079+00:00,201,11855.168,
2026-09-08T19:30:27.553110+00:00,201,13101.369,
2026-09-08T19:30:12.527573+00:00,201,28136.303,
2026-09-08T19:30:32.286329+00:00,201,8384.597,
2026-09-08T19:30:32.690170+00:00,201,7987.54,
2026-09-08T19:30:31.468607+00:00,201,9216.55,
2026-09-08T19:30:26.805347+00:00,201,13894.235,
2026-09-08T19:30:36.746425+00:00,201,3971.032,
2026-09-08T19:30:31.948979+00:00,201,8772.505,
2026-09-08T19:30:37.573162+00:00,201,3153.134,
2026-09-08T19:30:24.928195+00:00,201,15807.326,
2026-09-08T19:30:37.202447+00:00,201,3539.782,
2026-09-08T19:30:23.822732+00:00,201,16939.313,
2026-09-08T19:30:27.323899+00:00,201,13444.209,
2026-09-08T19:30:37.360393+00:00,201,3410.355,
2026-09-08T19:30:39.099149+00:00,201,1678.062,
2026-09-08T19:30:36.755186+00:00,201,4050.458,
2026-09-08T19:30:35.651852+00:00,201,5172.255,
2026-09-08T19:30:34.873463+00:00,201,5955.355,
2026-09-08T19:30:40.648175+00:00,201,183.494,
2026-09-08T19:30:36.104706+00:00,201,4728.586,
2026-09-08T19:30:37.189264+00:00,201,3674.659,
2026-09-08T19:30:36.295538+00:00,201,4572.275,
2026-09-08T19:30:10.658909+00:00,201,30220.007,
2026-09-08T19:30:40.315211+00:00,201,565.785,
2026-09-08T19:30:33.553426+00:00,201,7329.66,
2026-09-08T19:30:14.656117+00:00,201,26245.32,
2026-09-08T19:30:34.322369+00:00,201,6593.379,
2026-09-08T19:30:20.451128+00:00,201,20477.389,
2026-09-08T19:30:33.741941+00:00,201,7227.709,
2026-09-08T19:30:37.499865+00:00,201,3471.192,
2026-09-08T19:30:34.484273+00:00,201,6499.721,
2026-09-08T19:30:30.476185+00:00,201,10523.799,
2026-09-08T19:30:40.654507+00:00,201,362.678,
2026-09-08T19:30:33.242439+00:00,201,7801.171,
2026-09-08T19:30:31.604514+00:00,201,9459.232,
2026-09-08T19:30:03.336932+00:00,201,37734.317,
2026-09-08T19:30:34.586609+00:00,201,6487.306,
2026-09-08T19:30:21.087020+00:00,201,19990.119,
2026-09-08T19:30:25.758011+00:00,201,15334.941,
2026-09-08T19:30:40.458769+00:00,201,642.132,
2026-09-08T19:30:36.006777+00:00,201,5104.624,
2026-09-08T19:30:27.418972+00:00,201,13698.83,
2026-09-08T19:30:36.775247+00:00,201,4349.3,
2026-09-08T19:30:39.786245+00:00,201,1354.225,
2026-09-08T19:30:21.203882+00:00,201,19952.075,
2026-09-08T19:30:37.322985+00:00,201,3839.724,
2026-09-08T19:30:39.969120+00:00,201,1203.888,
2026-09-08T19:30:34.194570+00:00,201,6980.592,
2026-09-08T19:30:34.280039+00:00,201,6909.11,
2026-09-08T19:30:34.988804+00:00,201,6210.448,
2026-09-08T19:30:36.192582+00:00,201,5028.473,
2026-09-08T19:30:29.199990+00:00,201,12027.355,
2026-09-08T19:30:15.443086+00:00,201,25787.73,
2026-09-08T19:30:39.815220+00:00,201,1426.483,
2026-09-08T19:30:35.236657+00:00,201,6013.462,
2026-09-08T19:30:33.028101+00:00,201,8228.369,
2026-09-08T19:30:35.357682+00:00,201,5908.976,
2026-09-08T19:30:30.193877+00:00,201,11088.851,
2026-09-08T19:30:36.506840+00:00,201,4796.596,
2026-09-08T19:30:30.563941+00:00,201,10748.075,
2026-09-08T19:30:15.292998+00:00,201,26020.381,
2026-09-08T19:30:33.623647+00:00,201,7698.644,
2026-09-08T19:30:32.968332+00:00,201,8368.391,
2026-09-08T19:30:35.028954+00:00,201,6316.689,
2026-09-08T19:30:24.145088+00:00,201,17205.888,
2026-09-08T19:30:35.119278+00:00,201,6241.678,
2026-09-08T19:30:38.248494+00:00,201,3120.495,
2026-09-08T19:30:40.807331+00:00,201,571.861,
2026-09-08T19:30:11.484524+00:00,201,29903.78,
2026-09-08T19:30:31.524650+00:00,201,9874.443,
2026-09-08T19:30:37.358796+00:00,201,4046.895,
2026-09-08T19:30:29.754009+00:00,201,11660.905,
2026-09-08T19:30:41.043633+00:00,201,394.427,
2026-09-08T19:30:38.377503+00:00,201,3078.68,
2026-09-08T19:30:33.988767+00:00,201,7470.805,
2026-09-08T19:30:38.492323+00:00,201,2995.628,
2026-09-08T19:30:36.865355+00:00,201,4631.131,
2026-09-08T19:30:30.420946+00:00,201,11082.246,
2026-09-08T19:30:41.189165+00:00,201,324.876,
2026-09-08T19:30:35.648082+00:00,201,5883.89,
2026-09-08T19:30:33.628862+00:00,201,7918.107,
2026-09-08T19:30:36.317109+00:00,201,5239.171,
2026-09-08T19:30:38.646825+00:00,201,2919.014,
2026-09-08T19:30:31.612728+00:00,201,9971.426,
2026-09-08T19:30:37.149199+00:00,201,4451.538,
2026-09-08T19:30:31.145243+00:00,201,10463.232,
2026-09-08T19:30:40.663923+00:00,201,947.558,
2026-09-08T19:30:26.079263+00:00,201,15535.255,
2026-09-08T19:30:37.657377+00:00,201,3958.476,
2026-09-08T19:30:34.126229+00:00,201,7499.641,
2026-09-08T19:30:36.659843+00:00,201,4972.339,
2026-09-08T19:30:36.182081+00:00,201,5463.271,
2026-09-08T19:30:20.470146+00:00,201,21182.315,
2026-09-08T19:30:34.033434+00:00,201,7628.6,
2026-09-08T19:30:36.827014+00:00,201,4838.113,
2026-09-08T19:30:22.582588+00:00,201,19091.39,
2026-09-08T19:30:37.614293+00:00,201,4084.675,
2026-09-08T19:30:40.173853+00:00,201,1527.744,
2026-09-08T19:30:12.228138+00:00,201,29494.786,
2026-09-08T19:30:32.728771+00:00,201,8996.185,
2026-09-08T19:30:39.169371+00:00,201,2578.568,
2026-09-08T19:30:37.781329+00:00,201,3970.669,
2026-09-08T19:30:38.630436+00:00,201,3124.198,
2026-09-08T19:30:34.784437+00:00,201,6996.11,
2026-09-08T19:30:40.119539+00:00,201,1696.254,
2026-09-08T19:30:37.353611+00:00,201,4477.722,
2026-09-08T19:30:28.812922+00:00,201,13029.023,
2026-09-08T19:30:38.706998+00:00,201,3138.062,
2026-09-08T19:30:36.427203+00:00,201,5423.378,
2026-09-08T19:30:32.023126+00:00,201,9832.828,
2026-09-08T19:30:35.285041+00:00,201,6575.676,
2026-09-08T19:30:31.168729+00:00,201,10708.811,
2026-09-08T19:30:33.791213+00:00,201,8091.042,
2026-09-08T19:30:41.724974+00:00,201,179.502,
2026-09-08T19:30:37.421604+00:00,201,4484.336,
2026-09-08T19:30:33.750834+00:00,201,8161.615,
2026-09-08T19:30:39.535255+00:00,201,2383.363,
2026-09-08T19:30:32.913423+00:00,201,9013.373,
2026-09-08T19:30:32.070975+00:00,201,9860.623,
2026-09-08T19:30:30.622787+00:00,201,11319.382,
2026-09-08T19:30:14.414359+00:00,201,27544.393,
2026-09-08T19:30:35.842858+00:00,201,6121.023,
2026-09-08T19:30:32.172649+00:00,201,9795.694,
2026-09-08T19:30:33.595988+00:00,201,8373.566,
2026-09-08T19:30:12.016217+00:00,201,29968.605,
2026-09-08T19:30:41.815804+00:00,201,188.303,
2026-09-08T19:30:36.843811+00:00,201,5169.549,
2026-09-08T19:30:21.495857+00:00,201,20528.084,
2026-09-08T19:30:32.233107+00:00,201,9805.885,
2026-09-08T19:30:37.021639+00:00,201,5039.348,
2026-09-08T19:30:41.250134+00:00,201,817.98,
2026-09-08T19:30:37.374934+00:00,201,4722.76,
2026-09-08T19:30:41.674010+00:00,201,433.852,
2026-09-08T19:30:18.848029+00:00,201,23271.454,
2026-09-08T19:30:30.219371+00:00,201,11902.54,
2026-09-08T19:30:29.335967+00:00,201,12788.74,
2026-09-08T19:30:29.876467+00:00,201,12250.001,
2026-09-08T19:30:40.642817+00:00,201,1495.088,
2026-09-08T19:30:39.239752+00:00,201,2904.208,
2026-09-08T19:30:31.752903+00:00,201,10396.361,
2026-09-08T19:30:36.235095+00:00,201,5927.998,
2026-09-08T19:30:29.187380+00:00,201,12990.405,
2026-09-08T19:30:41.368999+00:00,201,811.435,
2026-09-08T19:30:34.165694+00:00,201,8019.507,
2026-09-08T19:30:37.208748+00:00,201,4989.355,
2026-09-08T19:30:41.124559+00:00,201,1086.747,
2026-09-08T19:30:39.658243+00:00,201,2571.21,
2026-09-08T19:30:40.452044+00:00,201,1791.751,
2026-09-08T19:30:28.221006+00:00,201,14023.995,
2026-09-08T19:30:38.439742+00:00,201,3814.721,
2026-09-08T19:30:15.465697+00:00,201,26791.292,
2026-09-08T19:30:37.215993+00:00,201,5048.69,
2026-09-08T19:30:36.959315+00:00,201,5312.347,
2026-09-08T19:30:30.248953+00:00,201,12031.196,
2026-09-08T19:30:18.566532+00:00,201,23739.25,
2026-09-08T19:30:21.564949+00:00,201,20750.843,
2026-09-08T19:30:37.802408+00:00,201,4520.955,
2026-09-08T19:30:33.053859+00:00,201,9288.896,
2026-09-08T19:30:22.624213+00:00,201,19721.214,
2026-09-08T19:30:37.575587+00:00,201,4779.018,
2026-09-08T19:30:32.656474+00:00,201,9700.367,
2026-09-08T19:30:42.211315+00:00,201,176.903,
2026-09-08T19:30:36.323200+00:00,201,6072.34,
2026-09-08T19:30:21.570374+00:00,201,20826.269,
2026-09-08T19:30:38.964319+00:00,201,3443.155,
2026-09-08T19:30:36.449385+00:00,201,5963.105,
2026-09-08T19:30:33.810184+00:00,201,8606.004,
2026-09-08T19:30:35.569306+00:00,201,6850.946,
2026-09-08T19:30:30.998437+00:00,201,11423.525,
2026-09-08T19:30:40.160971+00:00,201,2267.126,
2026-09-08T19:30:40.706156+00:00,201,1727.512,
2026-09-08T19:30:38.719464+00:00,201,3732.369,
2026-09-08T19:30:35.755186+00:00,201,6698.919,
2026-09-08T19:30:39.027272+00:00,201,3438.724,
2026-09-08T19:30:30.562377+00:00,201,11906.325,
2026-09-08T19:30:38.990326+00:00,201,3490.306,
2026-09-08T19:30:30.555813+00:00,201,11928.553,
2026-09-08T19:30:38.756671+00:00,201,3736.813,
2026-09-08T19:30:22.010564+00:00,201,20497.887,
2026-09-08T19:30:34.499296+00:00,201,8017.689,
2026-09-08T19:30:40.489822+00:00,201,2028.354,
2026-09-08T19:30:40.116396+00:00,201,2414.912,
2026-09-08T19:30:33.919226+00:00,201,8615.033,
2026-09-08T19:30:37.378598+00:00,201,5174.332,
2026-09-08T19:30:11.084935+00:00,201,31472.964,
2026-09-08T19:30:34.250082+00:00,201,8314.801,
2026-09-08T19:30:39.029351+00:00,201,3548.453,
2026-09-08T19:30:40.889600+00:00,201,1692.155,
2026-09-08T19:30:27.147701+00:00,201,15440.566,
2026-09-08T19:30:38.582776+00:00,201,4010.067,
2026-09-08T19:30:28.757681+00:00,201,13849.579,
2026-09-08T19:30:31.736217+00:00,201,10878.621,
2026-09-08T19:30:34.107319+00:00,201,8512.134,
2026-09-08T19:30:37.287240+00:00,201,5332.974,
2026-09-08T19:30:35.834228+00:00,201,6787.183,
2026-09-08T19:30:38.389708+00:00,201,4232.539,
2026-09-08T19:30:37.938875+00:00,201,4689.54,
2026-09-08T19:30:42.493496+00:00,201,160.281,
2026-09-08T19:30:36.802776+00:00,201,5858.709,
2026-09-08T19:30:34.874464+00:00,201,7800.501,
2026-09-08T19:30:28.055397+00:00,201,14622.47,
2026-09-08T19:30:34.927165+00:00,201,7753.694,
2026-09-08T19:30:14.681379+00:00,201,28006.411,
2026-09-08T19:30:37.161372+00:00,201,5532.018,
2026-09-08T19:30:40.621902+00:00,201,2072.6,
2026-09-08T19:30:39.541176+00:00,201,3163.473,
2026-09-08T19:30:41.904483+00:00,201,808.667,
2026-09-08T19:30:33.163592+00:00,201,9552.764,
2026-09-08T19:30:37.847516+00:00,201,4875.135,
2026-09-08T19:30:34.742581+00:00,201,7989.652,
2026-09-08T19:30:30.625815+00:00,201,12109.836,
2026-09-08T19:30:35.646489+00:00,201,7089.991,
2026-09-08T19:30:38.100267+00:00,201,4639.15,
2026-09-08T19:30:41.117828+00:00,201,1630.902,
2026-09-08T19:30:37.504035+00:00,201,5251.97,
2026-09-08T19:30:30.724024+00:00,201,12035.995,
2026-09-08T19:30:28.002409+00:00,201,14760.59,
2026-09-08T19:30:31.784775+00:00,201,10996.603,
2026-09-08T19:30:35.764090+00:00,201,7018.083,
2026-09-08T19:30:42.674982+00:00,201,109.975,
2026-09-08T19:30:35.742102+00:00,201,7057.649,
2026-09-08T19:30:36.734249+00:00,201,6068.834,
2026-09-08T19:30:36.377168+00:00,201,6427.336,
2026-09-08T19:30:38.035852+00:00,201,4775.537,
2026-09-08T19:30:23.996666+00:00,201,18820.276,
2026-09-08T19:30:40.650270+00:00,201,2167.808,
2026-09-08T19:30:10.273527+00:00,201,32548.093,
2026-09-08T19:30:29.887356+00:00,201,12942.572,
2026-09-08T19:30:20.907133+00:00,201,21926.469,
2026-09-08T19:30:38.373768+00:00,201,4465.07,
2026-09-08T19:30:37.609830+00:00,201,5235.32,
2026-09-08T19:30:31.242974+00:00,201,11603.052,
2026-09-08T19:30:38.302242+00:00,201,4550.096,
2026-09-08T19:30:21.090735+00:00,201,21763.391,
2026-09-08T19:30:17.219572+00:00,201,25638.332,
2026-09-08T19:30:39.391698+00:00,201,3470.371,
2026-09-08T19:30:25.723704+00:00,201,17150.768,
2026-09-08T19:30:42.229462+00:00,201,651.604,
2026-09-08T19:30:36.114539+00:00,201,6773.069,
2026-09-08T19:30:32.326859+00:00,201,10561.999,
2026-09-08T19:30:36.774010+00:00,201,6115.75,
2026-09-08T19:30:40.291421+00:00,201,2601.705,
2026-09-08T19:30:31.714288+00:00,201,11190.089,
2026-09-08T19:30:30.015556+00:00,201,12909.454,
2026-09-08T19:30:37.180312+00:00,201,5754.824,
2026-09-08T19:30:42.833640+00:00,201,107.761,
2026-09-08T19:30:21.704783+00:00,201,21245.323,
2026-09-08T19:30:37.447952+00:00,201,5503.563,
2026-09-08T19:30:31.569089+00:00,201,11391.781,
2026-09-08T19:30:29.427986+00:00,201,13535.18,
2026-09-08T19:30:38.245614+00:00,201,4719.908,
2026-09-08T19:30:35.789411+00:00,201,7179.201,
2026-09-08T19:30:33.957935+00:00,201,9012.767,
2026-09-08T19:30:38.863006+00:00,201,4120.108,
2026-09-08T19:30:22.391038+00:00,201,20598.696,
2026-09-08T19:30:32.667570+00:00,201,10323.007,
2026-09-08T19:30:36.881081+00:00,201,6113.036,
2026-09-08T19:30:08.611157+00:00,201,34385.465,
2026-09-08T19:30:33.239031+00:00,201,9766.373,
2026-09-08T19:30:38.878584+00:00,201,4132.862,
2026-09-08T19:30:39.079805+00:00,201,3933.766,
2026-09-08T19:30:40.317617+00:00,201,2697.403,
2026-09-08T19:30:38.844414+00:00,201,4190.021,
2026-09-08T19:30:42.508488+00:00,201,531.621,
2026-09-08T19:30:19.687742+00:00,201,23360.207,
2026-09-08T19:30:26.716187+00:00,201,16345.9,
2026-09-08T19:30:38.459625+00:00,201,4604.549,
2026-09-08T19:30:37.091294+00:00,201,5983.958,
2026-09-08T19:30:41.389594+00:00,201,1686.978,
2026-09-08T19:30:14.780114+00:00,201,28302.094,
2026-09-08T19:30:33.180910+00:00,201,9914.447,
2026-09-08T19:30:33.246577+00:00,201,9860.71,
2026-09-08T19:30:40.406064+00:00,201,2702.5,
2026-09-08T19:30:22.183377+00:00,201,20930.875,
2026-09-08T19:30:37.428276+00:00,201,5699.938,
2026-09-08T19:30:31.781263+00:00,201,11348.052,
2026-09-08T19:30:19.657943+00:00,201,23480.099,
2026-09-08T19:30:36.793133+00:00,201,6347.903,
2026-09-08T19:30:13.302445+00:00,201,29840.032,
2026-09-08T19:30:34.229870+00:00,201,8918.013,
2026-09-08T19:30:35.661525+00:00,201,7490.257,
2026-09-08T19:30:42.760042+00:00,201,401.492,
2026-09-08T19:30:17.361020+00:00,201,25808.25,
2026-09-08T19:30:42.396678+00:00,201,779.774,
2026-09-08T19:30:37.220595+00:00,201,5957.394,
2026-09-08T19:30:39.738322+00:00,201,3440.572,
2026-09-08T19:30:10.488513+00:00,201,32696.44,
2026-09-08T19:30:37.612077+00:00,201,5574.494,
2026-09-08T19:30:22.170316+00:00,201,21020.992,
2026-09-08T19:30:34.333196+00:00,201,8863.027,
2026-09-08T19:30:22.316085+00:00,201,20892.429,
2026-09-08T19:30:14.458176+00:00,201,28752.331,
2026-09-08T19:30:35.898545+00:00,201,7314.864,
2026-09-08T19:30:42.177813+00:00,201,1041.315,
2026-09-08T19:30:38.110970+00:00,201,5109.023,
2026-09-08T19:30:19.331570+00:00,201,23901.013,
2026-09-08T19:30:34.119333+00:00,201,9114.063,
2026-09-08T19:30:41.119017+00:00,201,2118.608,
2026-09-08T19:30:40.283968+00:00,201,2962.698,
2026-09-08T19:30:39.894202+00:00,201,3358.5,
2026-09-08T19:30:28.331441+00:00,201,14925.111,
2026-09-08T19:30:41.388353+00:00,201,1873.64,
2026-09-08T19:30:41.675860+00:00,201,1587.037,
2026-09-08T19:30:35.709493+00:00,201,7575.468,
2026-09-08T19:30:25.176368+00:00,201,18109.27,
2026-09-08T19:30:36.744987+00:00,201,6562.463,
2026-09-08T19:30:32.305151+00:00,201,11003.674,
2026-09-08T19:30:33.902647+00:00,201,9408.214,
2026-09-08T19:30:37.686680+00:00,201,5625.831,
2026-09-08T19:30:37.725343+00:00,201,5594.467,
2026-09-08T19:30:39.747816+00:00,201,3574.992,
2026-09-08T19:30:38.891643+00:00,201,4440.78,
2026-09-08T19:30:32.896089+00:00,201,10445.423,
2026-09-08T19:30:31.562590+00:00,201,11779.755,
2026-09-08T19:30:37.324914+00:00,201,6019.374,
2026-09-08T19:30:43.232625+00:00,201,112.474,
2026-09-08T19:30:42.013373+00:00,201,1336.767,
2026-09-08T19:30:40.735552+00:00,201,2620.606,
2026-09-08T19:30:32.534193+00:00,201,10827.791,
2026-09-08T19:30:43.233416+00:00,201,141.748,
2026-09-08T19:30:33.607012+00:00,201,9781.616,
2026-09-08T19:30:33.403827+00:00,201,9986.985,
2026-09-08T19:30:24.889373+00:00,201,18514.707,
2026-09-08T19:30:41.698979+00:00,201,1709.944,
2026-09-08T19:30:20.422415+00:00,201,22992.265,
2026-09-08T19:30:38.044098+00:00,201,5374.727,
2026-09-08T19:30:42.143970+00:00,201,1277.942,
2026-09-08T19:30:38.687764+00:00,201,4738.023,
2026-09-08T19:30:34.565029+00:00,201,8868.822,
2026-09-08T19:30:33.939021+00:00,201,9501.399,
2026-09-08T19:30:32.619742+00:00,201,10822.669,
2026-09-08T19:30:36.309121+00:00,201,7134.774,
2026-09-08T19:30:43.308847+00:00,201,141.033,
2026-09-08T19:30:23.042633+00:00,201,20408.811,
2026-09-08T19:30:40.143877+00:00,201,3317.366,
2026-09-08T19:30:40.410968+00:00,201,3059.214,
2026-09-08T19:30:34.231137+00:00,201,9251.698,
2026-09-08T19:30:35.868493+00:00,201,7620.139,
2026-09-08T19:30:42.305822+00:00,201,1183.898,
2026-09-08T19:30:40.168883+00:00,201,3333.431,
2026-09-08T19:30:43.114288+00:00,201,400.85,
2026-09-08T19:30:32.106270+00:00,201,11409.976,
2026-09-08T19:30:37.298506+00:00,201,6232.818,
2026-09-08T19:30:39.617700+00:00,201,3929.286,
2026-09-08T19:30:32.037255+00:00,201,11539.992,
2026-09-08T19:30:43.418838+00:00,201,174.315,
2026-09-08T19:30:42.739433+00:00,201,863.056,
2026-09-08T19:30:40.230213+00:00,201,3373.494,
2026-09-08T19:30:28.619494+00:00,201,14988.11,
2026-09-08T19:30:37.603920+00:00,201,6019.603,
2026-09-08T19:30:11.519134+00:00,201,32106.874,
2026-09-08T19:30:35.348169+00:00,201,8282.141,
2026-09-08T19:30:10.812537+00:00,201,32818.857,
2026-09-08T19:30:13.874722+00:00,201,29757.939,
2026-09-08T19:30:34.450890+00:00,201,9183.014,
2026-09-08T19:30:40.248752+00:00,201,3386.455,
2026-09-08T19:30:20.869737+00:00,201,22766.711,
2026-09-08T19:30:33.496776+00:00,201,10140.997,
2026-09-08T19:30:32.594346+00:00,201,11044.754,
2026-09-08T19:30:42.577815+00:00,201,1062.663,
2026-09-08T19:30:21.096586+00:00,201,22545.287,
2026-09-08T19:30:41.057090+00:00,201,2586.331,
2026-09-08T19:30:41.487960+00:00,201,2157.005,
2026-09-08T19:30:37.687913+00:00,201,5958.631,
2026-09-08T19:30:37.013663+00:00,201,6634.546,
2026-09-08T19:30:37.535013+00:00,201,6114.851,
2026-09-08T19:30:28.344637+00:00,201,15306.917,
2026-09-08T19:30:42.950144+00:00,201,703.19,
2026-09-08T19:30:27.597547+00:00,201,16076.821,
2026-09-08T19:30:14.878479+00:00,201,28804.679,
2026-09-08T19:30:34.910107+00:00,201,8776.821,
2026-09-08T19:30:29.334506+00:00,201,14354.36,
2026-09-08T19:30:35.478448+00:00,201,8212.396,
2026-09-08T19:30:39.944318+00:00,201,3748.601,
2026-09-08T19:30:26.389933+00:00,201,17305.064,
2026-09-08T19:30:30.597856+00:00,201,13099.279,
2026-09-08T19:30:28.630756+00:00,201,15069.043,
2026-09-08T19:30:35.253378+00:00,201,8449.069,
2026-09-08T19:30:36.132938+00:00,201,7571.987,
2026-09-08T19:30:27.046550+00:00,201,16660.674,
2026-09-08T19:30:34.072478+00:00,201,9637.12,
2026-09-08T19:30:36.405828+00:00,201,7306.159,
2026-09-08T19:30:32.133446+00:00,201,11580.899,
2026-09-08T19:30:38.849110+00:00,201,4867.677,
2026-09-08T19:30:36.473373+00:00,201,7250.704,
2026-09-08T19:30:28.121047+00:00,201,15608.142,
2026-09-08T19:30:42.990597+00:00,201,747.72,
2026-09-08T19:30:35.431131+00:00,201,8365.852,
2026-09-08T19:30:43.208560+00:00,201,668.695,
2026-09-08T19:30:38.401811+00:00,201,5498.644,
2026-09-08T19:30:22.830074+00:00,201,21094.406,
2026-09-08T19:30:39.578888+00:00,201,4351.734,
2026-09-08T19:30:36.451680+00:00,201,7491.899,
2026-09-08T19:30:31.436922+00:00,201,12550.366,
2026-09-08T19:30:27.178542+00:00,201,16831.956,
2026-09-08T19:30:42.619473+00:00,201,1395.049,
2026-09-08T19:30:43.128230+00:00,201,912.764,
2026-09-08T19:30:42.254477+00:00,201,1816.527,
2026-09-08T19:30:37.842174+00:00,201,6250.451,
2026-09-08T19:30:36.855009+00:00,201,7262.087,
2026-09-08T19:30:36.740645+00:00,201,7378.874,
2026-09-08T19:30:33.894992+00:00,201,10273.28,
2026-09-08T19:30:33.842494+00:00,201,10330.805,
2026-09-08T19:30:42.935150+00:00,201,1240.657,
2026-09-08T19:30:43.797001+00:00,201,385.616,
2026-09-08T19:30:41.514047+00:00,201,2687.221,
2026-09-08T19:30:24.412719+00:00,201,19800.25,
2026-09-08T19:30:30.309697+00:00,201,13931.375,
2026-09-08T19:30:40.863934+00:00,201,3381.47,
2026-09-08T19:30:31.937103+00:00,201,12319.687,
2026-09-08T19:30:42.821673+00:00,201,1460.158,
2026-09-08T19:30:33.052797+00:00,201,11234.03,
2026-09-08T19:30:30.006204+00:00,201,14300.451,
2026-09-08T19:30:36.894513+00:00,201,7452.613,
2026-09-08T19:30:41.409836+00:00,201,2952.321,
2026-09-08T19:30:43.972019+00:00,201,396.1,
2026-09-08T19:30:39.464096+00:00,201,4923.359,
2026-09-08T19:30:30.591304+00:00,201,13812.129,
2026-09-08T19:30:43.031590+00:00,201,1399.408,
2026-09-08T19:30:29.979775+00:00,201,14472.352,
2026-09-08T19:30:43.220008+00:00,201,1280.961,
2026-09-08T19:30:34.536969+00:00,201,9970.626,
2026-09-08T19:30:41.816688+00:00,201,2708.226,
2026-09-08T19:30:38.149513+00:00,201,6430.981,
2026-09-08T19:30:42.816973+00:00,201,1768.585,
2026-09-08T19:30:37.054341+00:00,201,7552.547,
2026-09-08T19:30:31.855989+00:00,201,12782.529,
2026-09-08T19:30:38.868117+00:00,201,5775.175,
2026-09-08T19:30:27.482301+00:00,201,17171.881,
2026-09-08T19:30:34.031603+00:00,201,10632.405,
2026-09-08T19:30:33.746025+00:00,201,10932.261,
2026-09-08T19:30:41.077174+00:00,201,3612.043,
2026-09-08T19:30:44.347143+00:00,201,357.479,
2026-09-08T19:30:35.800231+00:00,201,8924.731,
2026-09-08T19:30:33.969585+00:00,201,10780.934,
2026-09-08T19:30:38.014606+00:00,201,6746.704,
2026-09-08T19:30:40.969667+00:00,201,3826.239,
2026-09-08T19:30:37.196114+00:00,201,7605.617,
2026-09-08T19:30:37.217479+00:00,201,7607.486,
2026-09-08T19:30:38.511955+00:00,201,6328.237,
2026-09-08T19:30:41.625886+00:00,201,3225.769,
2026-09-08T19:30:37.121250+00:00,201,7734.807,
2026-09-08T19:30:35.677735+00:00,201,9195.575,
2026-09-08T19:30:44.168296+00:00,201,710.653,
2026-09-08T19:30:44.500977+00:00,201,398.685,
2026-09-08T19:30:29.517612+00:00,201,15404.245,
2026-09-08T19:30:44.580507+00:00,201,351.133,
2026-09-08T19:30:42.531317+00:00,201,2412.967,
2026-09-08T19:30:43.443910+00:00,201,1515.373,
2026-09-08T19:30:36.127485+00:00,201,8850.02,
2026-09-08T19:30:40.197214+00:00,201,4794.018,
2026-09-08T19:30:42.376506+00:00,201,2626.778,
2026-09-08T19:30:40.323868+00:00,201,4690.64,
2026-09-08T19:30:30.243854+00:00,201,14773.723,
2026-09-08T19:30:31.330038+00:00,201,13694.09,
2026-09-08T19:30:38.490529+00:00,201,6544.252,
2026-09-08T19:30:41.100908+00:00,201,3941.463,
2026-09-08T19:30:32.003131+00:00,201,13049.963,
2026-09-08T19:30:33.781103+00:00,201,11319.522,
2026-09-08T19:30:37.565031+00:00,201,7544.926,
2026-09-08T19:30:39.713613+00:00,201,5420.283,
2026-09-08T19:30:44.840208+00:00,201,334.159,
2026-09-08T19:30:40.354382+00:00,201,4831.324,
2026-09-08T19:30:35.884374+00:00,201,9349.669,
2026-09-08T19:30:38.831256+00:00,201,6411.04,
2026-09-08T19:30:42.869667+00:00,201,2380.267,
2026-09-08T19:30:37.450905+00:00,201,7805.245,
2026-09-08T19:30:36.324720+00:00,201,8968.349,
2026-09-08T19:30:22.671290+00:00,201,22726.071,
2026-09-08T19:30:26.462847+00:00,201,18944.026,
2026-09-08T19:30:37.401429+00:00,201,8052.829,
2026-09-08T19:30:29.977706+00:00,201,15490.316,
2026-09-08T19:30:37.158615+00:00,201,8364.489,
2026-09-08T19:30:42.637130+00:00,201,2921.038,
2026-09-08T19:30:32.231469+00:00,201,13335.978,
2026-09-08T19:30:41.322308+00:00,201,4251.776,
2026-09-08T19:30:38.295999+00:00,201,7297.621,
2026-09-08T19:30:36.719998+00:00,201,8951.519,
2026-09-08T19:30:33.487224+00:00,201,12188.327,
2026-09-08T19:30:42.480642+00:00,201,3209.598,
2026-09-08T19:30:41.780565+00:00,201,3914.02,
2026-09-08T19:30:29.918309+00:00,201,15800.1,
2026-09-08T19:30:28.008567+00:00,201,17716.734,
2026-09-08T19:30:14.971980+00:00,201,30796.379,
2026-09-08T19:30:15.670610+00:00,201,30108.092,
2026-09-08T19:30:27.131849+00:00,201,18676.45,
2026-09-08T19:30:44.859599+00:00,201,953.0,
2026-09-08T19:30:35.855647+00:00,201,9977.274,
2026-09-08T19:30:16.001365+00:00,201,29873.655,
2026-09-08T19:30:19.936251+00:00,201,25969.075,
2026-09-08T19:30:17.990010+00:00,201,27920.192,
2026-09-08T19:30:35.363235+00:00,201,10552.418,
2026-09-08T19:30:43.433869+00:00,201,2489.298,
2026-09-08T19:30:39.806735+00:00,201,6132.566,
2026-09-08T19:30:45.223461+00:00,201,721.548,
2026-09-08T19:30:21.796834+00:00,201,24157.068,
2026-09-08T19:30:26.203611+00:00,201,19760.419,
2026-09-08T19:30:38.478664+00:00,201,7495.72,
2026-09-08T19:30:32.150174+00:00,201,13863.135,
2026-09-08T19:30:43.461252+00:00,201,2607.47,
2026-09-08T19:30:42.694510+00:00,201,3382.765,
2026-09-08T19:30:23.777417+00:00,201,22319.504,
2026-09-08T19:30:45.454278+00:00,201,691.058,
2026-09-08T19:30:42.968627+00:00,201,3181.558,
2026-09-08T19:30:43.390830+00:00,201,2761.82,
2026-09-08T19:30:33.990149+00:00,201,12201.845,
2026-09-08T19:30:07.362853+00:00,201,38835.61,
2026-09-08T19:30:36.364307+00:00,201,9859.103,
2026-09-08T19:30:33.314903+00:00,201,12929.213,
2026-09-08T19:30:20.588596+00:00,201,25672.791,
2026-09-08T19:30:30.699039+00:00,201,15566.183,
2026-09-08T19:30:43.614516+00:00,201,2685.233,
2026-09-08T19:30:15.511632+00:00,201,30797.409,
2026-09-08T19:30:32.572500+00:00,201,13744.182,
2026-09-08T19:30:31.318704+00:00,201,15029.76,
2026-09-08T19:30:36.932452+00:00,201,9422.695,
2026-09-08T19:30:43.237634+00:00,201,3121.519,
2026-09-08T19:30:44.959290+00:00,201,1412.359,
2026-09-08T19:30:39.585101+00:00,201,6800.363,
2026-09-08T19:30:46.013336+00:00,201,380.514,
2026-09-08T19:30:44.245416+00:00,201,2226.4,
2026-09-08T19:30:42.124730+00:00,201,4352.211,
2026-09-08T19:30:42.024969+00:00,201,4467.616,
2026-09-08T19:30:22.953163+00:00,201,23544.464,
2026-09-08T19:30:14.918545+00:00,201,31601.003,
2026-09-08T19:30:33.952790+00:00,201,12616.822,
2026-09-08T19:30:34.255176+00:00,201,12338.913,
2026-09-08T19:30:38.062243+00:00,201,8562.682,
2026-09-08T19:30:34.308662+00:00,201,12349.939,
2026-09-08T19:30:35.228867+00:00,201,11451.711,
2026-09-08T19:30:42.748738+00:00,201,3964.139,
2026-09-08T19:30:29.389245+00:00,201,17333.79,
2026-09-08T19:30:12.993736+00:00,201,33753.96,
2026-09-08T19:30:32.769102+00:00,201,13999.503,
2026-09-08T19:30:40.627272+00:00,201,6147.838,
2026-09-08T19:30:37.035183+00:00,201,9742.555,
2026-09-08T19:30:42.963191+00:00,201,3830.504,
2026-09-08T19:30:26.245145+00:00,201,20557.052,
2026-09-08T19:30:30.800533+00:00,201,16022.681,
2026-09-08T19:30:43.516268+00:00,201,3356.209,
2026-09-08T19:30:39.581287+00:00,201,7293.971,
2026-09-08T19:30:33.279817+00:00,201,13608.236,
2026-09-08T19:30:39.457781+00:00,201,7435.615,
2026-09-08T19:30:43.540602+00:00,201,3360.767,
2026-09-08T19:30:30.493072+00:00,201,16429.015,
2026-09-08T19:30:42.994134+00:00,201,3964.641,
2026-09-08T19:30:44.856073+00:00,201,2108.117,
2026-09-08T19:30:31.694739+00:00,201,15291.553,
2026-09-08T19:30:46.624952+00:00,201,385.951,
2026-09-08T19:30:42.592856+00:00,201,4442.284,
2026-09-08T19:30:34.834687+00:00,201,12208.678,
2026-09-08T19:30:42.677896+00:00,201,4416.711,
2026-09-08T19:30:38.739076+00:00,201,8358.195,
2026-09-08T19:30:43.466826+00:00,201,3645.401,
2026-09-08T19:30:35.412623+00:00,201,11704.885,
2026-09-08T19:30:35.126192+00:00,201,11994.02,
2026-09-08T19:30:30.348159+00:00,201,16868.313,
2026-09-08T19:30:21.411983+00:00,201,25811.019,
2026-09-08T19:30:45.293087+00:00,201,1957.594,
2026-09-08T19:30:45.242312+00:00,201,2021.633,
2026-09-08T19:30:39.283184+00:00,201,7992.757,
2026-09-08T19:30:35.522390+00:00,201,11773.321,
2026-09-08T19:30:18.805174+00:00,201,28557.002,
2026-09-08T19:30:18.605241+00:00,201,28772.238,
2026-09-08T19:30:34.135425+00:00,201,13253.383,
2026-09-08T19:30:37.022970+00:00,201,10381.107,
2026-09-08T19:30:42.388228+00:00,201,5030.96,
2026-09-08T19:30:38.232009+00:00,201,9200.877,
2026-09-08T19:30:27.820681+00:00,201,19637.616,
2026-09-08T19:30:33.212321+00:00,201,14249.878,
2026-09-08T19:30:32.050718+00:00,201,15416.665,
2026-09-08T19:30:47.094620+00:00,201,418.185,
2026-09-08T19:30:36.491639+00:00,201,11028.915,
2026-09-08T19:30:41.600749+00:00,201,5933.438,
2026-09-08T19:30:40.611964+00:00,201,6926.259,
2026-09-08T19:30:35.621593+00:00,201,11927.065,
2026-09-08T19:30:47.216507+00:00,201,348.443,
2026-09-08T19:30:43.404115+00:00,201,4178.783,
2026-09-08T19:30:35.457762+00:00,201,12160.711,
2026-09-08T19:30:28.850700+00:00,201,18788.53,
2026-09-08T19:30:44.201276+00:00,201,3494.954,
2026-09-08T19:30:31.590955+00:00,201,16129.786,
2026-09-08T19:30:34.671162+00:00,201,13083.326,
2026-09-08T19:30:13.410925+00:00,201,34359.431,
2026-09-08T19:30:35.380954+00:00,201,12393.285,
2026-09-08T19:30:28.604324+00:00,201,19179.443,
2026-09-08T19:30:44.071013+00:00,201,3773.334,
2026-09-08T19:30:33.800249+00:00,201,14053.0,
2026-09-08T19:30:35.819841+00:00,201,12055.347,
2026-09-08T19:30:43.191346+00:00,201,4689.144,
2026-09-08T19:30:38.966935+00:00,201,8920.377,
2026-09-08T19:30:45.832944+00:00,201,2067.521,
2026-09-08T19:30:42.271675+00:00,201,5631.534,
2026-09-08T19:30:34.964099+00:00,201,12994.78,
2026-09-08T19:30:38.031255+00:00,201,9935.312,
2026-09-08T19:30:13.509947+00:00,201,34479.962,
2026-09-08T19:30:35.498927+00:00,201,12522.034,
2026-09-08T19:30:37.396002+00:00,201,10647.751,
2026-09-08T19:30:18.014921+00:00,201,30045.413,
2026-09-08T19:30:44.418663+00:00,201,3662.621,
2026-09-08T19:30:37.439375+00:00,201,10652.675,
2026-09-08T19:30:47.218970+00:00,201,878.667,
2026-09-08T19:30:32.646196+00:00,201,15473.66,
2026-09-08T19:30:42.061002+00:00,201,6071.828,
2026-09-08T19:30:28.977796+00:00,201,19169.427,
2026-09-08T19:30:21.542154+00:00,201,26607.711,
2026-09-08T19:30:30.166349+00:00,201,17997.652,
2026-09-08T19:30:37.954368+00:00,201,10212.41,
2026-09-08T19:30:43.064187+00:00,201,5105.422,
2026-09-08T19:30:28.554628+00:00,201,19623.614,
2026-09-08T19:30:14.735388+00:00,201,33460.439,
2026-09-08T19:30:30.764516+00:00,201,17484.689,
2026-09-08T19:30:34.084462+00:00,201,14211.401,
2026-09-08T19:30:41.312037+00:00,201,7006.315,
2026-09-08T19:30:47.941341+00:00,201,379.884,
2026-09-08T19:30:39.956910+00:00,201,8430.626,
2026-09-08T19:30:45.143213+00:00,201,3281.247,
2026-09-08T19:30:43.594129+00:00,201,4867.318,
2026-09-08T19:30:38.810060+00:00,201,9672.669,
2026-09-08T19:30:31.020628+00:00,201,17480.493,
2026-09-08T19:30:45.915672+00:00,201,2601.546,
2026-09-08T19:30:46.068736+00:00,201,2461.906,
2026-09-08T19:30:45.187858+00:00,201,3351.697,
2026-09-08T19:30:37.991637+00:00,201,10594.779,
2026-09-08T19:30:46.888080+00:00,201,1702.037,
2026-09-08T19:30:38.087663+00:00,201,10535.765,
2026-09-08T19:30:29.757723+00:00,201,18890.233,
2026-09-08T19:30:19.612428+00:00,201,29049.61,
2026-09-08T19:30:46.118081+00:00,201,2547.432,
2026-09-08T19:30:42.941406+00:00,201,5725.783,
2026-09-08T19:30:31.715211+00:00,201,16954.113,
2026-09-08T19:30:39.412398+00:00,201,9267.959,
2026-09-08T19:30:39.082563+00:00,201,9602.578,
2026-09-08T19:30:34.093213+00:00,201,14606.735,
2026-09-08T19:30:41.556293+00:00,201,7160.026,
2026-09-08T19:30:41.882273+00:00,201,6842.093,
2026-09-08T19:30:20.219473+00:00,201,28510.424,
2026-09-08T19:30:37.812036+00:00,201,10939.111,
2026-09-08T19:30:40.563552+00:00,201,8193.843,
2026-09-08T19:30:21.816221+00:00,201,26944.977,
2026-09-08T19:30:30.542129+00:00,201,18223.82,
2026-09-08T19:30:42.110310+00:00,201,6657.685,
2026-09-08T19:30:40.078665+00:00,201,8706.698,
2026-09-08T19:30:36.787130+00:00,201,12006.624,
2026-09-08T19:30:36.610904+00:00,201,12185.219,
2026-09-08T19:30:42.704663+00:00,201,6093.236,
2026-09-08T19:30:36.009998+00:00,201,12793.355,
2026-09-08T19:30:38.333083+00:00,201,10481.128,
2026-09-08T19:30:39.153590+00:00,201,9663.397,
2026-09-08T19:30:20.538218+00:00,201,28281.549,
2026-09-08T19:30:38.551952+00:00,201,10272.31,
2026-09-08T19:30:43.440441+00:00,201,5388.982,
2026-09-08T19:30:30.390463+00:00,201,18449.273,
2026-09-08T19:30:35.795351+00:00,201,13046.49,
2026-09-08T19:30:28.931541+00:00,201,19912.973,
2026-09-08T19:30:37.589190+00:00,201,11271.124,
2026-09-08T19:30:37.511330+00:00,201,11358.676,
2026-09-08T19:30:32.927648+00:00,201,15945.311,
2026-09-08T19:30:17.190710+00:00,201,31686.848,
2026-09-08T19:30:42.395558+00:00,201,6504.523,
2026-09-08T19:30:48.785382+00:00,201,116.972,
2026-09-08T19:30:38.748261+00:00,201,10159.167,
2026-09-08T19:30:39.646983+00:00,201,9261.729,
2026-09-08T19:30:40.456998+00:00,201,8464.204,
2026-09-08T19:30:36.543984+00:00,201,12402.96,
2026-09-08T19:30:35.037682+00:00,201,13910.734,
2026-09-08T19:30:28.039893+00:00,201,20924.574,
2026-09-08T19:30:33.797405+00:00,201,15170.668,
2026-09-08T19:30:41.336742+00:00,201,7633.427,
2026-09-08T19:30:48.860336+00:00,201,119.024,
2026-09-08T19:30:41.111414+00:00,201,7871.022,
2026-09-08T19:30:46.723066+00:00,201,2260.596,
2026-09-08T19:30:34.357698+00:00,201,14628.368,
2026-09-08T19:30:44.387469+00:00,201,4603.897,
2026-09-08T19:30:34.635242+00:00,201,14358.176,
2026-09-08T19:30:46.927963+00:00,201,2066.839,
2026-09-08T19:30:47.117530+00:00,201,1881.918,
2026-09-08T19:30:30.222699+00:00,201,18786.483,
2026-09-08T19:30:36.534291+00:00,201,12478.064,
2026-09-08T19:30:46.119480+00:00,201,2902.369,
2026-09-08T19:30:12.864418+00:00,201,36161.393,
2026-09-08T19:30:45.249943+00:00,201,3780.165,
2026-09-08T19:30:30.028618+00:00,201,19003.261,
2026-09-08T19:30:48.323203+00:00,201,717.772,
2026-09-08T19:30:44.991245+00:00,201,4051.064,
2026-09-08T19:30:48.921219+00:00,201,123.364,
2026-09-08T19:30:44.980689+00:00,201,4075.465,
2026-09-08T19:30:32.400891+00:00,201,16659.404,
2026-09-08T19:30:45.538347+00:00,201,3523.813,
2026-09-08T19:30:37.014885+00:00,201,12060.865,
2026-09-08T19:30:44.015942+00:00,201,5066.975,
2026-09-08T19:30:41.845070+00:00,201,7244.6,
2026-09-08T19:30:33.095301+00:00,201,15999.123,
2026-09-08T19:30:08.883204+00:00,201,40217.248,
2026-09-08T19:30:29.467368+00:00,201,19634.223,
2026-09-08T19:30:33.083479+00:00,201,16019.322,
2026-09-08T19:30:44.899669+00:00,201,4208.909,
2026-09-08T19:30:22.000656+00:00,201,27112.363,
2026-09-08T19:30:21.044971+00:00,201,28069.814,
2026-09-08T19:30:46.497667+00:00,201,2622.989,
2026-09-08T19:30:44.982094+00:00,201,4145.127,
2026-09-08T19:30:37.169965+00:00,201,11974.621,
2026-09-08T19:30:41.968362+00:00,201,7184.095,
2026-09-08T19:30:38.342923+00:00,201,10817.739,
2026-09-08T19:30:42.830624+00:00,201,6331.95,
2026-09-08T19:30:32.651025+00:00,201,16512.34,
2026-09-08T19:30:43.147901+00:00,201,6023.352,
2026-09-08T19:30:38.446909+00:00,201,10730.666,
2026-09-08T19:30:32.771022+00:00,201,16408.569,
2026-09-08T19:30:44.320864+00:00,201,4871.487,
2026-09-08T19:30:29.236418+00:00,201,19966.204,
2026-09-08T19:30:44.550078+00:00,201,4657.277,
2026-09-08T19:30:44.921884+00:00,201,4289.634,
2026-09-08T19:30:39.401246+00:00,201,9815.785,
2026-09-08T19:30:22.974672+00:00,201,26248.601,
2026-09-08T19:30:40.878966+00:00,201,8350.461,
2026-09-08T19:30:41.221068+00:00,201,8014.779,
2026-09-08T19:30:47.348735+00:00,201,1889.186,
2026-09-08T19:30:36.482562+00:00,201,12758.684,
2026-09-08T19:30:30.075342+00:00,201,19177.723,
2026-09-08T19:30:14.615151+00:00,201,34647.386,
2026-09-08T19:30:40.015647+00:00,201,9248.847,
2026-09-08T19:30:42.769491+00:00,201,6495.736,
2026-09-08T19:30:42.552944+00:00,201,6717.33,
2026-09-08T19:30:30.794094+00:00,201,18490.644,
2026-09-08T19:30:40.972261+00:00,201,8315.093,
2026-09-08T19:30:06.750408+00:00,201,42537.688,
2026-09-08T19:30:33.318492+00:00,201,15971.488,
2026-09-08T19:30:32.975115+00:00,201,16317.713,
2026-09-08T19:30:47.307627+00:00,201,1986.411,
2026-09-08T19:30:43.331056+00:00,201,5976.209,
2026-09-08T19:30:40.412887+00:00,201,8896.006,
2026-09-08T19:30:39.688770+00:00,201,9622.131,
2026-09-08T19:30:34.111028+00:00,201,15204.491,
2026-09-08T19:30:37.691887+00:00,201,11629.228,
2026-09-08T19:30:41.438070+00:00,201,7890.917,
2026-09-08T19:30:47.309334+00:00,201,2022.812,
2026-09-08T19:30:32.724900+00:00,201,16618.156,
2026-09-08T19:30:34.530052+00:00,201,14814.949,
2026-09-08T19:30:39.149564+00:00,201,10207.952,
2026-09-08T19:30:44.431010+00:00,201,4930.283,
2026-09-08T19:30:38.911179+00:00,201,10460.215,
2026-09-08T19:30:32.907810+00:00,201,16469.848,
2026-09-08T19:30:35.946069+00:00,201,13438.723,
2026-09-08T19:30:47.112238+00:00,201,2275.005,
2026-09-08T19:30:35.832804+00:00,201,13555.645,
2026-09-08T19:30:23.923056+00:00,201,25468.777,
2026-09-08T19:30:37.089442+00:00,201,12317.222,
2026-09-08T19:30:46.581746+00:00,201,2830.793,
2026-09-08T19:30:44.213003+00:00,201,5202.114,
2026-09-08T19:30:42.763030+00:00,201,6656.95,
2026-09-08T19:30:49.307278+00:00,201,114.535,
2026-09-08T19:30:11.176186+00:00,201,38246.941,
2026-09-08T19:30:31.162778+00:00,201,18271.294,
2026-09-08T19:30:43.256580+00:00,201,6179.135,
2026-09-08T19:30:41.880604+00:00,201,7570.89,
2026-09-08T19:30:48.792540+00:00,201,679.517,
2026-09-08T19:30:38.969637+00:00,201,10512.999,
2026-09-08T19:30:37.460049+00:00,201,12027.411,
2026-09-08T19:30:42.620227+00:00,201,6883.342,
2026-09-08T19:30:34.923347+00:00,201,14588.936,
2026-09-08T19:30:49.387254+00:00,201,126.388,
2026-09-08T19:30:28.624749+00:00,201,20893.496,
2026-09-08T19:30:43.648224+00:00,201,5875.897,
2026-09-08T19:30:48.761243+00:00,201,769.528,
2026-09-08T19:30:48.119884+00:00,201,1423.635,
2026-09-08T19:30:39.630643+00:00,201,9917.444,
2026-09-08T19:30:45.579644+00:00,201,3973.031,
2026-09-08T19:30:15.020659+00:00,201,34532.948,
2026-09-08T19:30:36.082717+00:00,201,13471.884,
2026-09-08T19:30:38.204657+00:00,201,11350.931,
2026-09-08T19:30:20.728739+00:00,201,28827.893,
2026-09-08T19:30:48.716336+00:00,201,841.48,
2026-09-08T19:30:45.523123+00:00,201,4035.798,
2026-09-08T19:30:42.180442+00:00,201,7379.617,
2026-09-08T19:30:29.890480+00:00,201,19670.801,
2026-09-08T19:30:36.652821+00:00,201,12909.714,
2026-09-08T19:30:27.514863+00:00,201,22048.945,
2026-09-08T19:30:26.509783+00:00,201,23063.092,
2026-09-08T19:30:48.647987+00:00,201,930.834,
2026-09-08T19:30:39.910630+00:00,201,9670.485,
2026-09-08T19:30:36.149522+00:00,201,13458.348,
2026-09-08T19:30:43.252714+00:00,201,6386.434,
2026-09-08T19:30:45.581138+00:00,201,4078.101,
2026-09-08T19:30:23.907854+00:00,201,25755.027,
2026-09-08T19:30:30.324785+00:00,201,19340.12,
2026-09-08T19:30:20.051454+00:00,201,29614.765,
2026-09-08T19:30:43.210553+00:00,201,6458.475,
2026-09-08T19:30:35.606286+00:00,201,14067.87,
2026-09-08T19:30:21.701786+00:00,201,27976.637,
2026-09-08T19:30:13.503245+00:00,201,36176.686,
2026-09-08T19:30:42.736497+00:00,201,6958.185,
2026-09-08T19:30:32.160189+00:00,201,17537.775,
2026-09-08T19:30:35.799023+00:00,201,13928.517,
2026-09-08T19:30:34.978432+00:00,201,14785.401,
2026-09-08T19:30:34.881661+00:00,201,14887.771,
2026-09-08T19:30:43.259879+00:00,201,6578.052,
2026-09-08T19:30:25.794258+00:00,201,24053.671,
2026-09-08T19:30:49.113065+00:00,201,741.484,
2026-09-08T19:30:29.570035+00:00,201,20297.578,
2026-09-08T19:30:30.983929+00:00,201,18893.553,
2026-09-08T19:30:42.607286+00:00,201,7308.746,
2026-09-08T19:30:21.198858+00:00,201,28723.913,
2026-09-08T19:30:46.416708+00:00,201,3508.181,
2026-09-08T19:30:36.282130+00:00,201,13666.656,
2026-09-08T19:30:43.425800+00:00,201,6527.803,
2026-09-08T19:30:16.274721+00:00,201,33680.134,
2026-09-08T19:30:35.987631+00:00,201,13968.581,
2026-09-08T19:30:34.875464+00:00,201,15090.833,
2026-09-08T19:30:39.909407+00:00,201,10065.322,
2026-09-08T19:30:33.991284+00:00,201,15988.491,
2026-09-08T19:30:47.419202+00:00,201,2572.418,
2026-09-08T19:30:39.294341+00:00,201,10701.504,
2026-09-08T19:30:27.523799+00:00,201,22478.538,
2026-09-08T19:30:43.293889+00:00,201,6711.512,
2026-09-08T19:30:33.614098+00:00,201,16410.963,
2026-09-08T19:30:36.446623+00:00,201,13583.915,
2026-09-08T19:30:21.728578+00:00,201,28315.673,
2026-09-08T19:30:44.761325+00:00,201,5303.221,
2026-09-08T19:30:43.502325+00:00,201,6564.324,
2026-09-08T19:30:42.282567+00:00,201,7795.868,
2026-09-08T19:30:40.473989+00:00,201,9619.191,
2026-09-08T19:30:34.837955+00:00,201,15256.571,
2026-09-08T19:30:48.169621+00:00,201,1936.24,
2026-09-08T19:30:49.916050+00:00,201,194.381,
2026-09-08T19:30:35.036792+00:00,201,15081.982,
2026-09-08T19:30:39.012532+00:00,201,11116.946,
2026-09-08T19:30:49.722781+00:00,201,426.264,
2026-09-08T19:30:43.488648+00:00,201,6673.05,
2026-09-08T19:30:38.249249+00:00,201,11954.393,
2026-09-08T19:30:37.086486+00:00,201,13142.887,
2026-09-08T19:30:37.011327+00:00,201,13221.342,
2026-09-08T19:30:47.618497+00:00,201,2630.554,
2026-09-08T19:30:50.093202+00:00,201,163.276,
2026-09-08T19:30:40.598051+00:00,201,9663.147,
2026-09-08T19:30:29.033801+00:00,201,21230.627,
2026-09-08T19:30:46.456745+00:00,201,3830.388,
2026-09-08T19:30:31.272081+00:00,201,19017.325,
2026-09-08T19:30:37.210748+00:00,201,13079.845,
2026-09-08T19:30:43.319823+00:00,201,6971.994,
2026-09-08T19:30:16.377118+00:00,201,33943.337,
2026-09-08T19:30:46.704907+00:00,201,3619.126,
2026-09-08T19:30:43.712002+00:00,201,6634.987,
2026-09-08T19:30:46.925804+00:00,201,3422.922,
2026-09-08T19:30:37.437385+00:00,201,12914.229,
2026-09-08T19:30:40.468737+00:00,201,9892.203,
2026-09-08T19:30:20.591796+00:00,201,29773.083,
2026-09-08T19:30:42.989769+00:00,201,7383.093,
2026-09-08T19:30:38.542559+00:00,201,11845.663,
2026-09-08T19:30:50.229398+00:00,201,166.505,
2026-09-08T19:30:32.537330+00:00,201,17863.03,
2026-09-08T19:30:39.278485+00:00,201,11123.299,
2026-09-08T19:30:42.097707+00:00,201,8315.196,
2026-09-08T19:30:44.931646+00:00,201,5491.737,
2026-09-08T19:30:07.077649+00:00,201,43353.148,
2026-09-08T19:30:45.397400+00:00,201,5043.031,
2026-09-08T19:30:17.673121+00:00,201,32787.857,
2026-09-08T19:30:37.270113+00:00,201,13192.71,
2026-09-08T19:30:26.339492+00:00,201,24126.097,
2026-09-08T19:30:28.844039+00:00,201,21624.459,
2026-09-08T19:30:43.442435+00:00,201,7031.892,
2026-09-08T19:30:47.754513+00:00,201,2722.064,
2026-09-08T19:30:43.262004+00:00,201,7220.364,
2026-09-08T19:30:46.958787+00:00,201,3526.297,
2026-09-08T19:30:43.034451+00:00,201,7466.018,
2026-09-08T19:30:50.312883+00:00,201,193.063,
2026-09-08T19:30:27.427963+00:00,201,23085.085,
2026-09-08T19:30:27.007622+00:00,201,23508.04,
2026-09-08T19:30:48.586440+00:00,201,1939.095,
2026-09-08T19:30:40.805656+00:00,201,9753.089,
2026-09-08T19:30:28.498654+00:00,201,22070.059,
2026-09-08T19:30:18.561588+00:00,201,32038.652,
2026-09-08T19:30:36.043440+00:00,201,14563.044,
2026-09-08T19:30:48.765983+00:00,201,1860.59,
2026-09-08T19:30:44.368127+00:00,201,6269.02,
2026-09-08T19:30:39.614419+00:00,201,11035.317,
2026-09-08T19:30:21.277833+00:00,201,29376.202,
2026-09-08T19:30:32.038402+00:00,201,18651.13,
2026-09-08T19:30:46.373228+00:00,201,4324.88,
2026-09-08T19:30:38.152351+00:00,201,12547.49,
2026-09-08T19:30:42.852352+00:00,201,7852.335,
2026-09-08T19:30:30.384896+00:00,201,20322.954,
2026-09-08T19:30:41.509574+00:00,201,9207.232,
2026-09-08T19:30:32.236696+00:00,201,18486.369,
2026-09-08T19:30:39.110569+00:00,201,11614.075,
2026-09-08T19:30:37.496107+00:00,201,13239.807,
2026-09-08T19:30:32.957472+00:00,201,17785.497,
2026-09-08T19:30:47.783808+00:00,201,2970.185,
2026-09-08T19:30:36.549550+00:00,201,14217.981,
2026-09-08T19:30:37.085679+00:00,201,13683.222,
2026-09-08T19:30:16.036946+00:00,201,34738.829,
2026-09-08T19:30:41.282754+00:00,201,9511.021,
2026-09-08T19:30:48.153163+00:00,201,2657.707,
2026-09-08T19:30:40.438736+00:00,201,10380.125,
2026-09-08T19:30:29.790783+00:00,201,21049.776,
2026-09-08T19:30:43.285669+00:00,201,7556.071,
2026-09-08T19:30:40.557394+00:00,201,10288.222,
2026-09-08T19:30:48.877610+00:00,201,1977.642,
2026-09-08T19:30:33.467882+00:00,201,17403.276,
2026-09-08T19:30:38.454853+00:00,201,12423.384,
2026-09-08T19:30:49.100514+00:00,201,1781.091,
2026-09-08T19:30:45.034798+00:00,201,5859.971,
2026-09-08T19:30:28.882387+00:00,201,22019.872,
2026-09-08T19:30:45.824652+00:00,201,5088.021,
2026-09-08T19:30:34.756429+00:00,201,16174.339,
2026-09-08T19:30:41.313424+00:00,201,9628.666,
2026-09-08T19:30:30.141468+00:00,201,20810.344,
2026-09-08T19:30:40.193569+00:00,201,10761.292,
2026-09-08T19:30:32.959385+00:00,201,17998.493,
2026-09-08T19:30:49.294047+00:00,201,1688.733,
2026-09-08T19:30:44.322324+00:00,201,6663.439,
2026-09-08T19:30:49.310920+00:00,201,1678.498,
2026-09-08T19:30:14.676504+00:00,201,36320.583,
2026-09-08T19:30:42.964347+00:00,201,8035.782,
2026-09-08T19:30:38.701745+00:00,201,12306.509,
2026-09-08T19:30:50.133039+00:00,201,877.809,
2026-09-08T19:30:36.637450+00:00,201,14386.212,
2026-09-08T19:30:43.005424+00:00,201,8021.003,
2026-09-08T19:30:48.724383+00:00,201,2322.276,
2026-09-08T19:30:40.239357+00:00,201,10814.822,
2026-09-08T19:30:34.228980+00:00,201,16859.15,
2026-09-08T19:30:39.486954+00:00,201,11608.166,
2026-09-08T19:30:43.185005+00:00,201,7912.082,
2026-09-08T19:30:36.520891+00:00,201,14577.594,
2026-09-08T19:30:37.392925+00:00,201,13727.83,
2026-09-08T19:30:48.982456+00:00,201,2159.311,
2026-09-08T19:30:47.966587+00:00,201,3183.379,
2026-09-08T19:30:43.129337+00:00,201,8031.447,
2026-09-08T19:30:43.724093+00:00,201,7439.554,
2026-09-08T19:30:36.830735+00:00,201,14334.704,
2026-09-08T19:30:39.948791+00:00,201,11219.513,
2026-09-08T19:30:43.900467+00:00,201,7273.679,
2026-09-08T19:30:47.520576+00:00,201,3670.953,
2026-09-08T19:30:15.243866+00:00,201,35953.397,
2026-09-08T19:30:34.416609+00:00,201,16787.242,
2026-09-08T19:30:47.648033+00:00,201,3580.004,
2026-09-08T19:30:30.128784+00:00,201,21102.129,
2026-09-08T19:30:31.441798+00:00,201,19793.19,
2026-09-08T19:30:34.511241+00:00,201,16749.4,
2026-09-08T19:30:32.317830+00:00,201,18950.581,
2026-09-08T19:30:51.088162+00:00,201,192.049,
2026-09-08T19:30:37.936468+00:00,201,13346.013,
2026-09-08T19:30:31.925255+00:00,201,19373.471,
2026-09-08T19:30:32.463188+00:00,201,18848.565,
2026-09-08T19:30:47.696242+00:00,201,3624.176,
2026-09-08T19:30:51.141776+00:00,201,191.826,
2026-09-08T19:30:43.932393+00:00,201,7403.108,
2026-09-08T19:30:49.959934+00:00,201,1376.9,
2026-09-08T19:30:41.199267+00:00,201,10149.815,
2026-09-08T19:30:41.496497+00:00,201,9857.295,
2026-09-08T19:30:34.066290+00:00,201,17309.579,
2026-09-08T19:30:36.154252+00:00,201,15233.492,
2026-09-08T19:30:43.738323+00:00,201,7653.845,
2026-09-08T19:30:22.194610+00:00,201,29202.376,
2026-09-08T19:30:13.022275+00:00,201,38385.662,
2026-09-08T19:30:47.057863+00:00,201,4357.756,
2026-09-08T19:30:39.480082+00:00,201,11943.872,
2026-09-08T19:30:43.489727+00:00,201,7936.233,
2026-09-08T19:30:43.697159+00:00,201,7730.074,
2026-09-08T19:30:49.021858+00:00,201,2410.819,
2026-09-08T19:30:32.257570+00:00,201,19214.089,
2026-09-08T19:30:48.278776+00:00,201,3197.254,
2026-09-08T19:30:34.002064+00:00,201,17479.947,
2026-09-08T19:30:33.350657+00:00,201,18147.476,
2026-09-08T19:30:22.497736+00:00,201,29009.523,
2026-09-08T19:30:34.290791+00:00,201,17228.325,
2026-09-08T19:30:41.589195+00:00,201,9955.238,
2026-09-08T19:30:50.840596+00:00,201,705.406,
2026-09-08T19:30:23.125149+00:00,201,28466.159,
2026-09-08T19:30:35.208961+00:00,201,16390.822,
2026-09-08T19:30:23.479771+00:00,201,28121.338,
2026-09-08T19:30:37.109843+00:00,201,14499.104,
2026-09-08T19:30:40.883102+00:00,201,10735.101,
2026-09-08T19:30:37.368847+00:00,201,14251.505,
2026-09-08T19:30:05.938795+00:00,201,45697.43,
2026-09-08T19:30:27.748811+00:00,201,23890.001,
2026-09-08T19:30:28.452648+00:00,201,23196.921,
2026-09-08T19:30:27.765139+00:00,201,23888.97,
2026-09-08T19:30:46.280723+00:00,201,5384.598,
2026-09-08T19:30:44.873327+00:00,201,6794.926,
2026-09-08T19:30:50.500485+00:00,201,1175.369,
2026-09-08T19:30:35.053449+00:00,201,16627.003,
2026-09-08T19:30:38.310947+00:00,201,13378.601,
2026-09-08T19:30:48.814233+00:00,201,2890.243,
2026-09-08T19:30:51.160801+00:00,201,553.727,
2026-09-08T19:30:39.319718+00:00,201,12400.272,
2026-09-08T19:30:51.151060+00:00,201,585.247,
2026-09-08T19:30:51.544455+00:00,201,198.325,
2026-09-08T19:30:50.152735+00:00,201,1604.878,
2026-09-08T19:30:15.213804+00:00,201,36549.93,
2026-09-08T19:30:51.589493+00:00,201,175.618,
2026-09-08T19:30:31.648663+00:00,201,20125.098,
2026-09-08T19:30:48.235068+00:00,201,3546.267,
2026-09-08T19:30:13.303959+00:00,201,38499.236,
2026-09-08T19:30:40.901480+00:00,201,10905.971,
2026-09-08T19:30:46.096959+00:00,201,5716.493,
2026-09-08T19:30:23.697793+00:00,201,28142.389,
2026-09-08T19:30:49.114831+00:00,201,2732.157,
2026-09-08T19:30:15.679818+00:00,201,36179.768,
2026-09-08T19:30:32.123531+00:00,201,19744.698,
2026-09-08T19:30:46.875274+00:00,201,4994.769,
2026-09-08T19:30:46.265250+00:00,201,5609.227,
2026-09-08T19:30:37.241736+00:00,201,14638.394,
2026-09-08T19:30:41.182501+00:00,201,10700.59,
2026-09-08T19:30:47.220437+00:00,201,4673.349,
2026-09-08T19:30:31.525729+00:00,201,20375.175,
2026-09-08T19:30:36.418983+00:00,201,15496.894,
2026-09-08T19:30:00.231591+00:00,201,51700.409,
2026-09-08T19:30:04.241017+00:00,201,47692.462,
2026-09-08T19:30:43.699826+00:00,201,8236.306,
2026-09-08T19:30:30.665585+00:00,201,21275.24,
2026-09-08T19:30:44.306682+00:00,201,7659.502,
2026-09-08T19:30:39.287416+00:00,201,12687.617,
2026-09-08T19:30:37.490290+00:00,201,14498.08,
2026-09-08T19:30:40.685177+00:00,201,11316.424,
2026-09-08T19:30:51.613245+00:00,201,399.79,
2026-09-08T19:30:33.751692+00:00,201,18263.458,
2026-09-08T19:30:38.846859+00:00,201,13171.675,
2026-09-08T19:30:48.435757+00:00,201,3614.815,
2026-09-08T19:30:46.471825+00:00,201,5605.027,
2026-09-08T19:30:33.509102+00:00,201,18585.681,
2026-09-08T19:30:51.216406+00:00,201,919.098,
2026-09-08T19:30:21.942085+00:00,201,30200.581,
2026-09-08T19:30:42.621425+00:00,201,9524.754,
2026-09-08T19:30:50.129500+00:00,201,2035.79,
2026-09-08T19:30:15.338890+00:00,201,36840.642,
2026-09-08T19:30:28.223368+00:00,201,23966.508,
2026-09-08T19:30:38.413191+00:00,201,13780.731,
2026-09-08T19:30:51.335515+00:00,201,873.08,
2026-09-08T19:30:31.542540+00:00,201,20671.766,
2026-09-08T19:30:40.768135+00:00,201,11455.255,
2026-09-08T19:30:49.371415+00:00,201,2862.393,
2026-09-08T19:30:49.556678+00:00,201,2682.035,
2026-09-08T19:30:21.722567+00:00,201,30522.4,
2026-09-08T19:30:48.020985+00:00,201,4244.085,
2026-09-08T19:30:45.961138+00:00,201,6316.125,
2026-09-08T19:30:33.798793+00:00,201,18483.459,
2026-09-08T19:30:33.692528+00:00,201,18594.014,
2026-09-08T19:30:35.216636+00:00,201,17073.07,
2026-09-08T19:30:34.373048+00:00,201,17929.732,
2026-09-08T19:30:41.414938+00:00,201,10895.474,
2026-09-08T19:30:50.944304+00:00,201,1367.483,
2026-09-08T19:30:34.720194+00:00,201,17602.978,
2026-09-08T19:30:32.458708+00:00,201,19878.33,
2026-09-08T19:30:42.735673+00:00,201,9602.712,
2026-09-08T19:30:40.911097+00:00,201,11450.294,
2026-09-08T19:30:50.942108+00:00,201,1424.342,
2026-09-08T19:30:45.675573+00:00,201,6694.314,
2026-09-08T19:30:34.694602+00:00,201,17676.673,
2026-09-08T19:30:21.867147+00:00,201,30508.823,
2026-09-08T19:30:28.096453+00:00,201,24288.267,
2026-09-08T19:30:40.032769+00:00,201,12372.62,
2026-09-08T19:30:35.211898+00:00,201,17199.469,
2026-09-08T19:30:51.008276+00:00,201,1411.794,
2026-09-08T19:30:36.645159+00:00,201,15787.269,
2026-09-08T19:30:47.905093+00:00,201,4560.649,
2026-09-08T19:30:40.686408+00:00,201,11800.364,
2026-09-08T19:30:46.768631+00:00,201,5722.183,
2026-09-08T19:30:50.005418+00:00,201,2489.554,
2026-09-08T19:30:27.847107+00:00,201,24651.228,
2026-09-08T19:30:52.311794+00:00,201,197.438,
2026-09-08T19:30:43.690864+00:00,201,8836.368,
2026-09-08T19:30:26.195487+00:00,201,26344.971,
2026-09-08T19:30:50.256483+00:00,201,2288.264,
2026-09-08T19:30:35.495365+00:00,201,17081.999,
2026-09-08T19:30:50.023205+00:00,201,2560.58,
2026-09-08T19:30:45.014520+00:00,201,7585.896,
2026-09-08T19:30:41.256489+00:00,201,11351.503,
2026-09-08T19:30:45.066106+00:00,201,7544.879,
2026-09-08T19:30:41.140479+00:00,201,11480.322,
2026-09-08T19:30:45.301162+00:00,201,7322.464,
2026-09-08T19:30:49.217052+00:00,201,3423.694,
2026-09-08T19:30:40.717468+00:00,201,11944.87,
2026-09-08T19:30:30.851093+00:00,201,21815.627,
2026-09-08T19:30:42.416206+00:00,201,10275.146,
2026-09-08T19:30:34.363663+00:00,201,18331.141,
2026-09-08T19:30:50.066664+00:00,201,2634.216,
2026-09-08T19:30:35.866959+00:00,201,16839.875,
2026-09-08T19:30:26.341315+00:00,201,26385.52,
2026-09-08T19:30:36.290879+00:00,201,16446.302,
2026-09-08T19:30:50.094553+00:00,201,2643.906,
2026-09-08T19:30:19.053555+00:00,201,33686.08,
2026-09-08T19:30:50.064559+00:00,201,2697.151,
2026-09-08T19:30:48.474180+00:00,201,4296.652,
2026-09-08T19:30:44.878957+00:00,201,7908.716,
2026-09-08T19:30:34.990138+00:00,201,17833.67,
2026-09-08T19:30:38.394903+00:00,201,14430.04,
2026-09-08T19:30:52.456530+00:00,201,374.068,
2026-09-08T19:30:50.793798+00:00,201,2041.938,
2026-09-08T19:30:51.392183+00:00,201,1447.471,
2026-09-08T19:30:38.376038+00:00,201,14477.814,
2026-09-08T19:30:52.662363+00:00,201,192.845,
2026-09-08T19:30:33.626599+00:00,201,19266.144,
2026-09-08T19:30:12.178410+00:00,201,40715.461,
2026-09-08T19:30:44.143317+00:00,201,8760.648,
2026-09-08T19:30:13.231933+00:00,201,39688.27,
2026-09-08T19:30:48.249235+00:00,201,4673.17,
2026-09-08T19:30:33.360233+00:00,201,19564.417,
2026-09-08T19:30:49.082930+00:00,201,3849.971,
2026-09-08T19:30:43.651583+00:00,201,9285.777,
2026-09-08T19:30:39.309381+00:00,201,13631.179,
2026-09-08T19:30:52.214342+00:00,201,730.148,
2026-09-08T19:30:43.058610+00:00,201,9892.616,
2026-09-08T19:30:13.957104+00:00,201,38996.28,
2026-09-08T19:30:47.404096+00:00,201,5586.072,
2026-09-08T19:30:29.016374+00:00,201,23980.77,
2026-09-08T19:30:50.704704+00:00,201,2307.135,
2026-09-08T19:30:45.964062+00:00,201,7074.868,
2026-09-08T19:30:44.092643+00:00,201,8947.94,
2026-09-08T19:30:49.163393+00:00,201,3878.359,
2026-09-08T19:30:07.288638+00:00,201,45767.341,
2026-09-08T19:30:45.053117+00:00,201,8006.353,
2026-09-08T19:30:48.530653+00:00,201,4530.83,
2026-09-08T19:30:33.641202+00:00,201,19424.729,
2026-09-08T19:30:48.730716+00:00,201,4350.513,
2026-09-08T19:30:40.424419+00:00,201,12659.492,
2026-09-08T19:30:51.620377+00:00,201,1465.429,
2026-09-08T19:30:36.990100+00:00,201,16096.989,
2026-09-08T19:30:28.422718+00:00,201,24673.791,
2026-09-08T19:30:41.850595+00:00,201,11249.3,
2026-09-08T19:30:44.590600+00:00,201,8528.707,
2026-09-08T19:30:22.678956+00:00,201,30453.057,
2026-09-08T19:30:47.770413+00:00,201,5364.917,
2026-09-08T19:30:50.568753+00:00,201,2582.13,
2026-09-08T19:30:35.065876+00:00,201,18094.693,
2026-09-08T19:30:36.862187+00:00,201,16302.822,
2026-09-08T19:30:43.714368+00:00,201,9458.785,
2026-09-08T19:30:30.605771+00:00,201,22573.695,
2026-09-08T19:30:49.223317+00:00,201,3960.885,
2026-09-08T19:30:32.124977+00:00,201,21064.991,
2026-09-08T19:30:14.404245+00:00,201,38791.614,
2026-09-08T19:30:53.040602+00:00,201,170.961,
2026-09-08T19:30:51.280221+00:00,201,1933.824,
2026-09-08T19:30:42.323376+00:00,201,10897.726,
2026-09-08T19:30:51.165464+00:00,201,2074.762,
2026-09-08T19:30:35.465408+00:00,201,17784.424,
2026-09-08T19:30:44.175815+00:00,201,9076.14,
2026-09-08T19:30:38.419236+00:00,201,14842.657,
2026-09-08T19:30:52.644224+00:00,201,628.208,
2026-09-08T19:30:38.499624+00:00,201,14774.837,
2026-09-08T19:30:37.321719+00:00,201,15971.877,
2026-09-08T19:30:46.309091+00:00,201,7036.082,
2026-09-08T19:30:34.823163+00:00,201,18528.332,
2026-09-08T19:30:51.163662+00:00,201,2191.312,
2026-09-08T19:30:15.997456+00:00,201,37373.841,
2026-09-08T19:30:41.360970+00:00,201,12023.501,
2026-09-08T19:30:17.546703+00:00,201,35840.148,
2026-09-08T19:30:48.424472+00:00,201,4969.577,
2026-09-08T19:30:51.168325+00:00,201,2233.018,
2026-09-08T19:30:44.689228+00:00,201,8719.324,
2026-09-08T19:30:30.402356+00:00,201,23022.095,
2026-09-08T19:30:33.411602+00:00,201,20021.129,
2026-09-08T19:30:43.157928+00:00,201,10276.737,
2026-09-08T19:30:34.117131+00:00,201,19328.974,
2026-09-08T19:30:42.983125+00:00,201,10478.511,
2026-09-08T19:30:50.878264+00:00,201,2588.735,
2026-09-08T19:30:49.262596+00:00,201,4220.121,
2026-09-08T19:30:16.832975+00:00,201,36655.243,
2026-09-08T19:30:32.434474+00:00,201,21072.951,
2026-09-08T19:30:49.880269+00:00,201,3635.444,
2026-09-08T19:30:32.093589+00:00,201,21423.924,
2026-09-08T19:30:51.955292+00:00,201,1568.123,
2026-09-08T19:30:53.354982+00:00,201,173.787,
2026-09-08T19:30:49.102831+00:00,201,4436.961,
2026-09-08T19:30:41.345658+00:00,201,12197.843,
2026-09-08T19:30:46.747751+00:00,201,6797.165,
2026-09-08T19:30:50.528216+00:00,201,3021.12,
2026-09-08T19:30:20.228859+00:00,201,33330.188,
2026-09-08T19:30:31.848110+00:00,201,21714.737,
2026-09-08T19:30:39.768142+00:00,201,13798.414,
2026-09-08T19:30:16.976823+00:00,201,36598.142,
2026-09-08T19:30:41.459589+00:00,201,12132.538,
2026-09-08T19:30:52.282285+00:00,201,1318.075,
2026-09-08T19:30:42.951529+00:00,201,10650.832,
2026-09-08T19:30:49.120666+00:00,201,4492.514,
2026-09-08T19:30:41.244130+00:00,201,12393.795,
2026-09-08T19:30:49.867649+00:00,201,3791.72,
2026-09-08T19:30:30.921508+00:00,201,22742.921,
2026-09-08T19:30:33.456770+00:00,201,20223.241,
2026-09-08T19:30:42.068123+00:00,201,11613.773,
2026-09-08T19:30:29.425555+00:00,201,24267.525,
2026-09-08T19:30:27.810220+00:00,201,25885.425,
2026-09-08T19:30:42.176064+00:00,201,11523.182,
2026-09-08T19:30:49.518280+00:00,201,4202.02,
2026-09-08T19:30:41.662052+00:00,201,12060.87,
2026-09-08T19:30:50.699864+00:00,201,3029.866,
2026-09-08T19:30:21.831590+00:00,201,31910.208,
2026-09-08T19:30:52.265083+00:00,201,1482.157,
2026-09-08T19:30:32.391029+00:00,201,21365.058,
2026-09-08T19:30:50.372879+00:00,201,3395.195,
2026-09-08T19:30:51.498165+00:00,201,2271.616,
2026-09-08T19:30:46.970710+00:00,201,6828.735,
2026-09-08T19:30:30.674921+00:00,201,23137.986,
2026-09-08T19:30:44.585566+00:00,201,9243.463,
2026-09-08T19:30:42.004116+00:00,201,11835.285,
2026-09-08T19:30:35.616326+00:00,201,18228.259,
2026-09-08T19:30:33.470403+00:00,201,20375.579,
2026-09-08T19:30:41.943941+00:00,201,11926.247,
2026-09-08T19:30:28.503577+00:00,201,25372.112,
2026-09-08T19:30:41.877563+00:00,201,12011.381,
2026-09-08T19:30:49.561315+00:00,201,4337.295,
2026-09-08T19:30:50.984069+00:00,201,2924.437,
2026-09-08T19:30:36.421338+00:00,201,17504.158,
2026-09-08T19:30:34.689769+00:00,201,19242.198,
2026-09-08T19:30:46.079110+00:00,201,7872.598,
2026-09-08T19:30:46.385480+00:00,201,7569.612,
2026-09-08T19:30:44.654211+00:00,201,9306.23,
2026-09-08T19:30:35.553320+00:00,201,18410.078,
2026-09-08T19:30:53.119324+00:00,201,848.821,
2026-09-08T19:30:43.161542+00:00,201,10814.266,
2026-09-08T19:30:39.493838+00:00,201,14517.335,
2026-09-08T19:30:49.290009+00:00,201,4735.658,
2026-09-08T19:30:51.608976+00:00,201,2419.303,
2026-09-08T19:30:17.166002+00:00,201,36875.62,
2026-09-08T19:30:39.785095+00:00,201,14266.605,
2026-09-08T19:30:47.099232+00:00,201,6961.641,
2026-09-08T19:30:46.751274+00:00,201,7322.507,
2026-09-08T19:30:50.881613+00:00,201,3216.023,
2026-09-08T19:30:43.178003+00:00,201,10924.138,
2026-09-08T19:30:42.926446+00:00,201,11179.737,
2026-09-08T19:30:36.354908+00:00,201,17757.687,
2026-09-08T19:30:30.154009+00:00,201,23966.067,
2026-09-08T19:30:50.261222+00:00,201,3864.216,
2026-09-08T19:30:51.599817+00:00,201,2531.514,
2026-09-08T19:30:50.714688+00:00,201,3426.092,
2026-09-08T19:30:49.270291+00:00,201,4885.592,
2026-09-08T19:30:51.547551+00:00,201,2614.261,
2026-09-08T19:30:49.462118+00:00,201,4709.224,
2026-09-08T19:30:47.362225+00:00,201,6819.354,
2026-09-08T19:30:15.635959+00:00,201,38554.986,
2026-09-08T19:30:37.607577+00:00,201,16600.923,
2026-09-08T19:30:40.867826+00:00,201,13346.395,
2026-09-08T19:30:44.767134+00:00,201,9451.061,
2026-09-08T19:30:41.841968+00:00,201,12382.055,
2026-09-08T19:30:48.986097+00:00,201,5268.323,
2026-09-08T19:30:51.387771+00:00,201,2876.785,
2026-09-08T19:30:51.353812+00:00,201,2915.4,
2026-09-08T19:30:35.583803+00:00,201,18697.232,
2026-09-08T19:30:37.335068+00:00,201,16954.396,
2026-09-08T19:30:36.390112+00:00,201,17911.84,
2026-09-08T19:30:48.833000+00:00,201,5478.356,
2026-09-08T19:30:34.124094+00:00,201,20192.656,
2026-09-08T19:30:42.421983+00:00,201,11896.229,
2026-09-08T19:30:52.997184+00:00,201,1331.51,
2026-09-08T19:30:25.359628+00:00,201,28976.024,
2026-09-08T19:30:42.829951+00:00,201,11508.794,
2026-09-08T19:30:40.984010+00:00,201,13358.742,
2026-09-08T19:30:35.372551+00:00,201,18988.2,
2026-09-08T19:30:49.202659+00:00,201,5169.056,
2026-09-08T19:30:36.014869+00:00,201,18360.104,
2026-09-08T19:30:37.869019+00:00,201,16580.199,
2026-09-08T19:30:43.803462+00:00,201,10647.922,
2026-09-08T19:30:51.526174+00:00,201,2952.976,
2026-09-08T19:30:48.627721+00:00,201,5857.321,
2026-09-08T19:30:21.579851+00:00,201,32913.576,
2026-09-08T19:30:41.701604+00:00,201,12848.4,
2026-09-08T19:30:41.584176+00:00,201,12979.194,
2026-09-08T19:30:35.673202+00:00,201,18892.987,
2026-09-08T19:30:53.680045+00:00,201,898.591,
2026-09-08T19:30:34.699279+00:00,201,19882.741,
2026-09-08T19:30:36.859218+00:00,201,17724.323,
2026-09-08T19:30:50.203664+00:00,201,4385.841,
2026-09-08T19:30:53.747248+00:00,201,843.967,
2026-09-08T19:30:52.666758+00:00,201,1925.825,
2026-09-08T19:30:35.045935+00:00,201,19560.204,
2026-09-08T19:30:35.009434+00:00,201,19600.663,
2026-09-08T19:30:49.530780+00:00,201,5080.25,
2026-09-08T19:30:40.824121+00:00,201,13792.372,
2026-09-08T19:30:46.359163+00:00,201,8258.318,
2026-09-08T19:30:35.432725+00:00,201,19191.201,
2026-09-08T19:30:36.966003+00:00,201,17661.675,
2026-09-08T19:30:51.010855+00:00,201,3617.771,
2026-09-08T19:30:41.752009+00:00,201,12900.588,
2026-09-08T19:30:38.088554+00:00,201,16570.5,
2026-09-08T19:30:35.564920+00:00,201,19100.628,
2026-09-08T19:30:40.180302+00:00,201,14486.468,
2026-09-08T19:30:42.546427+00:00,201,12129.154,
2026-09-08T19:30:37.009954+00:00,201,17671.208,
2026-09-08T19:30:19.493269+00:00,201,35189.477,
2026-09-08T19:30:43.095379+00:00,201,11589.842,
2026-09-08T19:30:29.457113+00:00,201,25242.144,
2026-09-08T19:30:30.552227+00:00,201,24153.646,
2026-09-08T19:30:34.547895+00:00,201,20167.245,
2026-09-08T19:30:33.616847+00:00,201,21101.489,
2026-09-08T19:30:42.338463+00:00,201,12383.858,
2026-09-08T19:30:52.685676+00:00,201,2040.742,
2026-09-08T19:30:50.985776+00:00,201,3741.507,
2026-09-08T19:30:41.912466+00:00,201,12817.462,
2026-09-08T19:30:38.826922+00:00,201,15906.655,
2026-09-08T19:30:35.841243+00:00,201,18905.972,
2026-09-08T19:30:42.121934+00:00,201,12630.204,
2026-09-08T19:30:31.357789+00:00,201,23406.08,
2026-09-08T19:30:39.173274+00:00,201,15593.08,
2026-09-08T19:30:29.219409+00:00,201,25560.219,
2026-09-08T19:30:43.729227+00:00,201,11054.32,
2026-09-08T19:30:49.662922+00:00,201,5123.013,
2026-09-08T19:30:51.763794+00:00,201,3023.084,
2026-09-08T19:30:49.956236+00:00,201,4844.013,
2026-09-08T19:30:41.614544+00:00,201,13186.518,
2026-09-08T19:30:35.459235+00:00,201,19357.335,
2026-09-08T19:30:39.467686+00:00,201,15357.899,
2026-09-08T19:30:33.829958+00:00,201,21000.234,
2026-09-08T19:30:51.427248+00:00,201,3417.251,
2026-09-08T19:30:50.324043+00:00,201,4521.276,
2026-09-08T19:30:54.041680+00:00,201,804.782,
2026-09-08T19:30:36.191456+00:00,201,18659.37,
2026-09-08T19:30:38.428507+00:00,201,16424.66,
2026-09-08T19:30:52.691373+00:00,201,2163.332,
2026-09-08T19:30:40.580911+00:00,201,14279.461,
2026-09-08T19:30:43.040118+00:00,201,11823.685,
2026-09-08T19:30:51.765120+00:00,201,3117.284,
2026-09-08T19:30:49.878601+00:00,201,5008.38,
2026-09-08T19:30:49.129054+00:00,201,5762.057,
2026-09-08T19:30:53.592153+00:00,201,1301.021,
2026-09-08T19:30:37.821013+00:00,201,17087.286,
2026-09-08T19:30:28.336781+00:00,201,26576.926,
2026-09-08T19:30:53.424489+00:00,201,1503.273,
2026-09-08T19:30:35.215044+00:00,201,19713.445,
2026-09-08T19:30:33.540108+00:00,201,21396.208,
2026-09-08T19:30:31.838139+00:00,201,23119.099,
2026-09-08T19:30:36.718395+00:00,201,18244.046,
2026-09-08T19:30:40.699606+00:00,201,14274.546,
2026-09-08T19:30:15.794466+00:00,201,39183.498,
2026-09-08T19:30:42.874502+00:00,201,12105.942,
2026-09-08T19:30:45.997985+00:00,201,8985.615,
2026-09-08T19:30:43.546999+00:00,201,11441.075,
2026-09-08T19:30:42.319383+00:00,201,12673.962,
2026-09-08T19:30:48.796146+00:00,201,6200.216,
2026-09-08T19:30:31.734185+00:00,201,23277.396,
2026-09-08T19:30:48.662085+00:00,201,6354.984,
2026-09-08T19:30:53.293625+00:00,201,1726.3,
2026-09-08T19:30:41.831350+00:00,201,13210.829,
2026-09-08T19:30:42.857947+00:00,201,12187.179,
2026-09-08T19:30:16.616256+00:00,201,38432.02,
2026-09-08T19:30:51.194882+00:00,201,3859.562,
2026-09-08T19:30:36.099788+00:00,201,18957.785,
2026-09-08T19:30:43.577271+00:00,201,11486.285,
2026-09-08T19:30:45.875067+00:00,201,9190.303,
2026-09-08T19:30:32.945259+00:00,201,22122.147,
2026-09-08T19:30:30.130280+00:00,201,24945.981,
2026-09-08T19:30:24.037054+00:00,201,31043.504,
2026-09-08T19:30:47.816445+00:00,201,7267.703,
2026-09-08T19:30:38.974650+00:00,201,16112.045,
2026-09-08T19:30:33.784963+00:00,201,21302.516,
2026-09-08T19:30:52.165299+00:00,201,2923.436,
2026-09-08T19:30:48.793782+00:00,201,6315.158,
2026-09-08T19:30:40.331012+00:00,201,14784.303,
2026-09-08T19:30:36.105555+00:00,201,19012.094,
2026-09-08T19:30:43.686946+00:00,201,11432.035,
2026-09-08T19:30:38.606298+00:00,201,16522.893,
2026-09-08T19:30:54.028289+00:00,201,1112.376,
2026-09-08T19:30:32.605736+00:00,201,22539.278,
2026-09-08T19:30:51.874489+00:00,201,3278.271,
2026-09-08T19:30:15.816217+00:00,201,39349.352,
2026-09-08T19:30:36.505501+00:00,201,18660.829,
2026-09-08T19:30:53.434685+00:00,201,1734.125,
2026-09-08T19:30:35.548401+00:00,201,19625.62,
2026-09-08T19:30:42.846047+00:00,201,12341.903,
2026-09-08T19:30:35.695764+00:00,201,19492.891,
2026-09-08T19:30:38.131511+00:00,201,17077.975,
2026-09-08T19:30:36.891136+00:00,201,18319.12,
2026-09-08T19:30:53.659381+00:00,201,1560.457,
2026-09-08T19:30:50.982788+00:00,201,4240.479,
2026-09-08T19:30:50.862617+00:00,201,4367.192,
2026-09-08T19:30:46.161540+00:00,201,9085.692,
2026-09-08T19:30:49.287371+00:00,201,5968.01,
2026-09-08T19:30:30.729621+00:00,201,24529.774,
2026-09-08T19:30:51.665332+00:00,201,3604.032,
2026-09-08T19:30:54.747247+00:00,201,540.554,
2026-09-08T19:30:53.768089+00:00,201,1524.369,
2026-09-08T19:30:50.232696+00:00,201,5062.606,
2026-09-08T19:30:36.862952+00:00,201,18450.267,
2026-09-08T19:30:37.943451+00:00,201,17379.221,
2026-09-08T19:30:44.824982+00:00,201,10500.36,
2026-09-08T19:30:40.055181+00:00,201,15271.019,
2026-09-08T19:30:36.019956+00:00,201,19307.209,
2026-09-08T19:30:41.173016+00:00,201,14155.39,
2026-09-08T19:30:48.768848+00:00,201,6560.811,
2026-09-08T19:30:44.189722+00:00,201,11141.352,
2026-09-08T19:30:51.636303+00:00,201,3696.364,
2026-09-08T19:30:35.771264+00:00,201,19562.946,
2026-09-08T19:30:20.449658+00:00,201,34890.478,
2026-09-08T19:30:50.161715+00:00,201,5184.28,
2026-09-08T19:30:15.037206+00:00,201,40320.121,
2026-09-08T19:30:36.762126+00:00,201,18596.42,
2026-09-08T19:30:36.239725+00:00,201,19120.07,
2026-09-08T19:30:17.455559+00:00,201,37905.473,
2026-09-08T19:30:51.095141+00:00,201,4267.274,
2026-09-08T19:30:34.748105+00:00,201,20615.598,
2026-09-08T19:30:49.557827+00:00,201,5807.639,
2026-09-08T19:30:19.496743+00:00,201,35870.51,
2026-09-08T19:30:32.839639+00:00,201,22529.297,
2026-09-08T19:30:46.749832+00:00,201,8620.763,
2026-09-08T19:30:32.451275+00:00,201,22920.934,
2026-09-08T19:30:51.932083+00:00,201,3441.896,
2026-09-08T19:30:31.421665+00:00,201,23965.186,
2026-09-08T19:30:50.600293+00:00,201,4800.044,
2026-09-08T19:30:51.682843+00:00,201,3746.287,
2026-09-08T19:30:51.638855+00:00,201,3792.634,
2026-09-08T19:30:55.011620+00:00,201,425.756,
2026-09-08T19:30:39.272509+00:00,201,16172.551,
2026-09-08T19:30:29.265337+00:00,201,26185.49,
2026-09-08T19:30:54.449249+00:00,201,1005.357,
2026-09-08T19:30:32.016358+00:00,201,23445.76,
2026-09-08T19:30:52.498378+00:00,201,2972.295,
2026-09-08T19:30:49.207370+00:00,201,6277.265,
2026-09-08T19:30:34.627975+00:00,201,20909.342,
2026-09-08T19:30:55.292468+00:00,201,258.053,
2026-09-08T19:30:23.658905+00:00,201,31927.821,
2026-09-08T19:30:30.380573+00:00,201,25216.832,
2026-09-08T19:30:46.658625+00:00,201,8940.636,
2026-09-08T19:30:32.873466+00:00,201,22729.974,
2026-09-08T19:30:40.371759+00:00,201,15262.106,
2026-09-08T19:30:44.256815+00:00,201,11390.854,
2026-09-08T19:30:39.454160+00:00,201,16204.038,
2026-09-08T19:30:39.819299+00:00,201,15857.648,
2026-09-08T19:30:28.609713+00:00,201,27074.493,
2026-09-08T19:30:42.412504+00:00,201,13273.454,
2026-09-08T19:30:53.729739+00:00,201,1961.428,
2026-09-08T19:30:31.816741+00:00,201,23876.161,
2026-09-08T19:30:50.476589+00:00,201,5247.206,
2026-09-08T19:30:49.388473+00:00,201,6338.051,
2026-09-08T19:30:28.491849+00:00,201,27250.362,
2026-09-08T19:30:51.704490+00:00,201,4057.739,
2026-09-08T19:30:26.060841+00:00,201,29729.717,
2026-09-08T19:30:55.513653+00:00,201,294.271,
2026-09-08T19:30:35.676081+00:00,201,20137.063,
2026-09-08T19:30:53.044365+00:00,201,2795.209,
2026-09-08T19:30:39.726518+00:00,201,16128.278,
2026-09-08T19:30:20.649048+00:00,201,35214.012,
2026-09-08T19:30:49.646261+00:00,201,6227.703,
2026-09-08T19:30:32.948291+00:00,201,22930.079,
2026-09-08T19:30:54.578644+00:00,201,1304.16,
2026-09-08T19:30:44.524923+00:00,201,11372.427,
2026-09-08T19:30:40.120797+00:00,201,15785.972,
2026-09-08T19:30:38.686649+00:00,201,17261.301,
2026-09-08T19:30:52.876126+00:00,201,3124.284,
2026-09-08T19:30:49.854556+00:00,201,6148.505,
2026-09-08T19:30:36.641762+00:00,201,19366.712,
2026-09-08T19:30:39.333496+00:00,201,16677.556,
2026-09-08T19:30:34.173518+00:00,201,21847.861,
2026-09-08T19:30:50.997145+00:00,201,5026.198,
2026-09-08T19:30:39.623645+00:00,201,16427.426,
2026-09-08T19:30:53.839428+00:00,201,2213.36,
2026-09-08T19:30:32.243682+00:00,201,23818.468,
2026-09-08T19:30:52.794887+00:00,201,3297.811,
2026-09-08T19:30:49.763864+00:00,201,6330.529,
2026-09-08T19:30:49.299106+00:00,201,6799.645,
2026-09-08T19:30:45.017604+00:00,201,11083.622,
2026-09-08T19:30:29.139638+00:00,201,26964.913,
2026-09-08T19:30:35.989332+00:00,201,20125.657,
2026-09-08T19:30:53.087117+00:00,201,3038.711,
2026-09-08T19:30:52.286575+00:00,201,3860.507,
2026-09-08T19:30:34.352275+00:00,201,21807.271,
2026-09-08T19:30:32.636023+00:00,201,23534.866,
2026-09-08T19:30:54.574947+00:00,201,1602.933,
2026-09-08T19:30:36.680779+00:00,201,19511.105,
2026-09-08T19:30:17.097332+00:00,201,39124.068,
2026-09-08T19:30:53.408570+00:00,201,2816.441,
2026-09-08T19:30:46.200563+00:00,201,10038.898,
2026-09-08T19:30:39.643524+00:00,201,16604.357,
2026-09-08T19:30:52.922419+00:00,201,3353.581,
2026-09-08T19:30:43.764067+00:00,201,12524.802,
2026-09-08T19:30:53.528773+00:00,201,2766.971,
2026-09-08T19:30:24.909717+00:00,201,31404.309,
2026-09-08T19:30:48.681593+00:00,201,7652.223,
2026-09-08T19:30:13.815672+00:00,201,42523.734,
2026-09-08T19:30:53.741848+00:00,201,2599.418,
2026-09-08T19:30:34.210539+00:00,201,22151.747,
2026-09-08T19:30:48.897329+00:00,201,7490.348,
2026-09-08T19:30:42.156648+00:00,201,14238.382,
2026-09-08T19:30:38.857502+00:00,201,17540.006,
2026-09-08T19:30:22.177649+00:00,201,34246.114,
2026-09-08T19:30:34.408258+00:00,201,22020.661,
2026-09-08T19:30:48.482748+00:00,201,7970.655,
2026-09-08T19:30:55.229822+00:00,201,1232.876,
2026-09-08T19:30:50.758340+00:00,201,5711.683,
2026-09-08T19:30:28.358221+00:00,201,28129.233,
2026-09-08T19:30:49.373821+00:00,201,7128.169,
2026-09-08T19:30:41.078728+00:00,201,15436.294,
2026-09-08T19:30:29.816951+00:00,201,26702.448,
2026-09-08T19:30:55.997496+00:00,201,529.868,
2026-09-08T19:30:55.863116+00:00,201,679.618,
2026-09-08T19:30:33.561945+00:00,201,23011.185,
2026-09-08T19:30:35.183358+00:00,201,21414.513,
2026-09-08T19:30:50.989426+00:00,201,5621.124,
2026-09-08T19:30:44.191068+00:00,201,12441.291,
2026-09-08T19:30:35.147759+00:00,201,21503.985,
2026-09-08T19:30:49.421818+00:00,201,7248.701,
2026-09-08T19:30:43.593162+00:00,201,13089.802,
2026-09-08T19:30:50.912685+00:00,201,5781.692,
2026-09-08T19:30:37.384080+00:00,201,19340.901,
2026-09-08T19:30:39.418767+00:00,201,17313.66,
2026-09-08T19:30:48.757412+00:00,201,7987.583,
2026-09-08T19:30:24.849146+00:00,201,31913.293,
2026-09-08T19:30:50.320510+00:00,201,6460.125,
2026-09-08T19:30:35.060567+00:00,201,21730.967,
2026-09-08T19:30:42.417796+00:00,201,14375.689,
2026-09-08T19:30:51.893797+00:00,201,4925.855,
2026-09-08T19:30:49.487484+00:00,201,7334.185,
2026-09-08T19:30:50.855262+00:00,201,5968.358,
2026-09-08T19:30:38.012544+00:00,201,18829.989,
2026-09-08T19:30:41.503214+00:00,201,15362.903,
2026-09-08T19:30:41.963895+00:00,201,14918.777,
2026-09-08T19:30:30.735653+00:00,201,26173.373,
2026-09-08T19:30:36.581141+00:00,201,20332.572,
2026-09-08T19:30:49.835443+00:00,201,7101.941,
2026-09-08T19:30:34.807540+00:00,201,22131.747,
2026-09-08T19:30:52.892777+00:00,201,4060.497,
2026-09-08T19:30:31.075688+00:00,201,25900.763,
2026-09-08T19:30:54.830229+00:00,201,2168.878,
2026-09-08T19:30:53.011848+00:00,201,4005.501,
2026-09-08T19:30:55.117682+00:00,201,1909.769,
2026-09-08T19:30:43.062119+00:00,201,13970.35,
2026-09-08T19:30:46.666879+00:00,201,10373.344,
2026-09-08T19:30:28.494943+00:00,201,28547.254,
2026-09-08T19:30:48.397519+00:00,201,8646.843,
2026-09-08T19:30:27.852356+00:00,201,29227.08,
2026-09-08T19:30:56.288894+00:00,201,798.934,
2026-09-08T19:30:38.472481+00:00,201,18622.827,
2026-09-08T19:30:47.388833+00:00,201,9753.532,
2026-09-08T19:30:40.414698+00:00,201,16733.789,
2026-09-08T19:30:47.265964+00:00,201,9887.188,
2026-09-08T19:30:32.744944+00:00,201,24423.903,
2026-09-08T19:30:35.010807+00:00,201,22162.946,
2026-09-08T19:30:35.717301+00:00,201,21475.126,
2026-09-08T19:30:46.964199+00:00,201,10272.744,
2026-09-08T19:30:54.886994+00:00,201,2353.77,
2026-09-08T19:30:40.747647+00:00,201,16497.102,
2026-09-08T19:30:56.976495+00:00,201,289.65,
2026-09-08T19:30:54.844509+00:00,201,2427.076,
2026-09-08T19:30:43.178904+00:00,201,14113.862,
2026-09-08T19:30:36.255112+00:00,201,21077.998,
2026-09-08T19:30:44.119536+00:00,201,13225.347,
2026-09-08T19:30:56.978516+00:00,201,381.009,
2026-09-08T19:30:52.078319+00:00,201,5284.19,
2026-09-08T19:30:56.297843+00:00,201,1107.478,
2026-09-08T19:30:54.993371+00:00,201,2414.633,
2026-09-08T19:30:50.047780+00:00,201,7373.371,
2026-09-08T19:30:57.134801+00:00,201,290.139,
2026-09-08T19:30:34.149629+00:00,201,23281.92,
2026-09-08T19:30:50.637168+00:00,201,6819.765,
2026-09-08T19:30:44.173322+00:00,201,13290.003,
2026-09-08T19:30:53.126720+00:00,201,4352.29,
2026-09-08T19:30:24.154546+00:00,201,33354.016,
2026-09-08T19:30:50.894783+00:00,201,6637.765,
2026-09-08T19:30:46.198527+00:00,201,11350.749,
2026-09-08T19:30:43.219134+00:00,201,14343.563,
2026-09-08T19:30:54.289496+00:00,201,3285.871,
2026-09-08T19:30:51.203879+00:00,201,6384.465,
2026-09-08T19:30:49.954909+00:00,201,7654.29,
2026-09-08T19:30:50.105869+00:00,201,7516.872,
2026-09-08T19:30:54.800262+00:00,201,2842.69,
2026-09-08T19:30:56.232685+00:00,201,1414.519,
2026-09-08T19:30:31.555761+00:00,201,26117.909,
2026-09-08T19:30:43.702465+00:00,201,13974.383,
2026-09-08T19:30:39.252920+00:00,201,18427.726,
2026-09-08T19:30:34.855946+00:00,201,22862.126,
2026-09-08T19:30:38.308107+00:00,201,19414.126,
2026-09-08T19:30:45.974401+00:00,201,11754.371,
2026-09-08T19:30:53.637950+00:00,201,4112.591,
2026-09-08T19:30:55.365479+00:00,201,2427.489,
2026-09-08T19:30:24.945138+00:00,201,32850.911,
2026-09-08T19:30:38.541406+00:00,201,19258.273,
2026-09-08T19:30:47.548683+00:00,201,10274.669,
2026-09-08T19:30:49.879536+00:00,201,7946.726,
2026-09-08T19:30:37.857928+00:00,201,19984.668,
2026-09-08T19:30:57.327274+00:00,201,520.899,
2026-09-08T19:30:51.744389+00:00,201,6130.589,
2026-09-08T19:30:55.685982+00:00,201,2193.313,
2026-09-08T19:30:36.369992+00:00,201,21528.371,
2026-09-08T19:30:55.878408+00:00,201,2038.042,
2026-09-08T19:30:55.947981+00:00,201,1983.071,
2026-09-08T19:30:42.862084+00:00,201,15092.55,
2026-09-08T19:30:55.219847+00:00,201,2741.865,
2026-09-08T19:30:43.047987+00:00,201,14921.786,
2026-09-08T19:30:43.704941+00:00,201,14273.827,
2026-09-08T19:30:55.358578+00:00,201,2622.18,
2026-09-08T19:30:57.712049+00:00,201,270.736,
2026-09-08T19:30:48.321233+00:00,201,9684.462,
2026-09-08T19:30:54.606174+00:00,201,3401.462,
2026-09-08T19:30:46.775124+00:00,201,11247.78,
2026-09-08T19:30:13.131394+00:00,201,44918.753,
2026-09-08T19:30:12.756704+00:00,201,45295.464,
2026-09-08T19:30:55.327197+00:00,201,2727.026,
2026-09-08T19:30:53.081241+00:00,201,4987.552,
2026-09-08T19:30:41.984872+00:00,201,16087.57,
2026-09-08T19:30:32.902997+00:00,201,25185.671,
2026-09-08T19:30:47.010915+00:00,201,11172.01,
2026-09-08T19:30:39.744960+00:00,201,18444.348,
2026-09-08T19:30:39.314431+00:00,201,18885.732,
2026-09-08T19:30:50.743004+00:00,201,7459.08,
2026-09-08T19:30:39.142057+00:00,201,19088.075,
2026-09-08T19:30:43.641911+00:00,201,14630.051,
2026-09-08T19:30:50.251732+00:00,201,8026.296,
2026-09-08T19:30:22.299254+00:00,201,36010.603,
2026-09-08T19:30:44.278037+00:00,201,14041.416,
2026-09-08T19:30:34.316350+00:00,201,24033.73,
2026-09-08T19:30:40.554959+00:00,201,17823.051,
2026-09-08T19:30:56.470037+00:00,201,1911.868,
2026-09-08T19:30:34.472542+00:00,201,23917.626,
2026-09-08T19:30:53.065965+00:00,201,5354.928,
2026-09-08T19:30:32.225799+00:00,201,26208.509,
2026-09-08T19:30:56.425846+00:00,201,2022.41,
2026-09-08T19:30:39.196638+00:00,201,19255.366,
2026-09-08T19:30:47.817963+00:00,201,10648.845,
2026-09-08T19:30:42.342773+00:00,201,16139.652,
2026-09-08T19:30:35.340080+00:00,201,23149.0,
2026-09-08T19:30:33.143170+00:00,201,25354.401,
2026-09-08T19:30:42.581763+00:00,201,15921.409,
2026-09-08T19:30:29.227739+00:00,201,29299.397,
2026-09-08T19:30:55.550528+00:00,201,2988.67,
2026-09-08T19:30:49.669042+00:00,201,8875.935,
2026-09-08T19:30:52.830606+00:00,201,5718.344,
2026-09-08T19:30:41.230861+00:00,201,17353.65,
2026-09-08T19:30:46.541505+00:00,201,12084.775,
2026-09-08T19:30:53.419522+00:00,201,5215.979,
2026-09-08T19:30:54.627709+00:00,201,4016.348,
2026-09-08T19:30:35.454939+00:00,201,23197.459,
2026-09-08T19:30:13.916366+00:00,201,44746.795,
2026-09-08T19:30:19.205785+00:00,201,39492.873,
2026-09-08T19:30:30.221493+00:00,201,28480.038,
2026-09-08T19:30:37.582337+00:00,201,21147.703,
2026-09-08T19:30:56.247910+00:00,201,2514.166,
2026-09-08T19:30:27.708480+00:00,201,31077.808,
2026-09-08T19:30:44.606904+00:00,201,14192.314,
2026-09-08T19:30:54.281068+00:00,201,4526.425,
2026-09-08T19:30:35.437301+00:00,201,23374.422,
2026-09-08T19:30:49.472063+00:00,201,9342.7,
2026-09-08T19:30:57.796102+00:00,201,1039.92,
2026-09-08T19:30:49.161456+00:00,201,9735.777,
2026-09-08T19:30:48.092070+00:00,201,10819.067,
2026-09-08T19:30:31.087113+00:00,201,27833.735,
2026-09-08T19:30:41.286205+00:00,201,17642.741,
2026-09-08T19:30:52.581098+00:00,201,6349.792,
2026-09-08T19:30:16.066717+00:00,201,42875.058,
2026-09-08T19:30:54.290809+00:00,201,4675.232,
2026-09-08T19:30:54.974181+00:00,201,3995.605,
2026-09-08T19:30:40.136959+00:00,201,18842.747,
2026-09-08T19:30:57.431588+00:00,201,1562.652,
2026-09-08T19:30:48.933314+00:00,201,10071.166,
2026-09-08T19:30:37.125079+00:00,201,21885.014,
2026-09-08T19:30:56.276010+00:00,201,2736.111,
2026-09-08T19:30:52.561196+00:00,201,6480.935,
2026-09-08T19:30:43.234106+00:00,201,15813.783,
2026-09-08T19:30:47.958904+00:00,201,11121.224,
2026-09-08T19:30:33.494712+00:00,201,25591.251,
2026-09-08T19:30:43.284983+00:00,201,15804.035,
2026-09-08T19:30:09.395067+00:00,201,49699.245,
2026-09-08T19:30:33.119350+00:00,201,25983.097,
2026-09-08T19:30:55.168818+00:00,201,3945.505,
2026-09-08T19:30:57.344907+00:00,201,1774.917,
2026-09-08T19:30:32.606947+00:00,201,26528.04,
2026-09-08T19:30:43.342371+00:00,201,15844.894,
2026-09-08T19:30:56.062189+00:00,201,3134.44,
2026-09-08T19:30:54.786887+00:00,201,4444.084,
2026-09-08T19:30:58.309917+00:00,201,927.77,
2026-09-08T19:30:44.643305+00:00,201,14603.722,
2026-09-08T19:30:42.722663+00:00,201,16528.339,
2026-09-08T19:30:49.674184+00:00,201,9587.467,
2026-09-08T19:30:39.172367+00:00,201,20093.42,
2026-09-08T19:30:36.557976+00:00,201,22725.288,
2026-09-08T19:30:49.572914+00:00,201,9730.66,
2026-09-08T19:30:52.733304+00:00,201,6596.829,
2026-09-08T19:30:53.960459+00:00,201,5372.186,
2026-09-08T19:30:33.966731+00:00,201,25442.553,
2026-09-08T19:30:51.742788+00:00,201,7671.299,
2026-09-08T19:30:51.546009+00:00,201,7879.55,
2026-09-08T19:30:59.187293+00:00,201,253.3,
2026-09-08T19:30:41.922783+00:00,201,17524.675,
2026-09-08T19:30:37.904885+00:00,201,21557.366,
2026-09-08T19:30:55.295316+00:00,201,4190.577,
2026-09-08T19:30:34.656071+00:00,201,24835.731,
2026-09-08T19:30:44.241099+00:00,201,15278.568,
2026-09-08T19:30:20.138588+00:00,201,39391.415,
2026-09-08T19:30:30.269992+00:00,201,29277.883,
2026-09-08T19:30:57.359533+00:00,201,2200.114,
2026-09-08T19:30:43.924516+00:00,201,15640.096,
2026-09-08T19:30:46.879313+00:00,201,12694.086,
2026-09-08T19:30:22.385180+00:00,201,37195.235,
2026-09-08T19:30:29.617463+00:00,201,29967.192,
2026-09-08T19:30:54.051729+00:00,201,5535.153,
2026-09-08T19:30:40.348546+00:00,201,19245.194,
2026-09-08T19:30:36.448007+00:00,201,23150.21,
2026-09-08T19:30:53.211569+00:00,201,6449.333,
2026-09-08T19:30:42.854163+00:00,201,16870.096,
2026-09-08T19:30:40.025815+00:00,201,19705.323,
2026-09-08T19:30:53.824737+00:00,201,5909.404,
2026-09-08T19:30:42.784966+00:00,201,16969.625,
2026-09-08T19:30:52.223413+00:00,201,7539.636,
2026-09-08T19:30:34.724413+00:00,201,25087.827,
2026-09-08T19:30:30.667082+00:00,201,29201.946,
2026-09-08T19:30:51.757623+00:00,201,8130.053,
2026-09-08T19:30:56.423819+00:00,201,3484.874,
2026-09-08T19:30:51.333611+00:00,201,8600.097,
2026-09-08T19:30:23.670905+00:00,201,36264.805,
2026-09-08T19:30:31.678951+00:00,201,28279.375,
2026-09-08T19:30:58.409740+00:00,201,1553.036,
2026-09-08T19:30:37.901686+00:00,201,22066.037,
2026-09-08T19:30:46.455192+00:00,201,13574.606,
2026-09-08T19:30:49.847968+00:00,201,10183.808,
2026-09-08T19:30:40.762075+00:00,201,19271.569,
2026-09-08T19:30:48.107665+00:00,201,11931.967,
2026-09-08T19:30:55.579336+00:00,201,4471.49,
2026-09-08T19:30:57.916458+00:00,201,2144.494,
2026-09-08T19:30:37.677512+00:00,201,22401.937,
2026-09-08T19:30:51.507307+00:00,201,8574.27,
2026-09-08T19:30:53.462827+00:00,201,6639.085,
2026-09-08T19:30:50.400390+00:00,201,9722.871,
2026-09-08T19:30:54.927770+00:00,201,5206.754,
2026-09-08T19:30:41.073931+00:00,201,19068.627,
2026-09-08T19:30:55.205401+00:00,201,4950.203,
2026-09-08T19:30:52.839662+00:00,201,7339.414,
2026-09-08T19:30:57.456957+00:00,201,2728.705,
2026-09-08T19:30:55.145052+00:00,201,5045.207,
2026-09-08T19:30:42.889774+00:00,201,17309.127,
2026-09-08T19:30:32.493831+00:00,201,27718.573,
2026-09-08T19:30:41.777717+00:00,201,18478.775,
2026-09-08T19:30:44.704632+00:00,201,15561.099,
2026-09-08T19:30:40.475097+00:00,201,19792.577,
2026-09-08T19:30:53.160600+00:00,201,7118.158,
2026-09-08T19:30:54.479162+00:00,201,5802.578,
2026-09-08T19:30:33.416657+00:00,201,26920.924,
2026-09-08T19:30:34.021669+00:00,201,26334.713,
2026-09-08T19:30:58.911158+00:00,201,1448.092,
2026-09-08T19:30:56.823637+00:00,201,3542.023,
2026-09-08T19:30:38.359836+00:00,201,22012.421,
2026-09-08T19:30:37.526289+00:00,201,22850.707,
2026-09-08T19:30:40.670946+00:00,201,19715.619,
2026-09-08T19:30:51.803259+00:00,201,8584.233,
2026-09-08T19:30:50.468536+00:00,201,9922.027,
2026-09-08T19:30:46.348493+00:00,201,14045.908,
2026-09-08T19:30:35.656556+00:00,201,24744.307,
2026-09-08T19:30:37.576960+00:00,201,22831.519,
2026-09-08T19:30:49.030119+00:00,201,11383.047,
2026-09-08T19:30:57.421167+00:00,201,3003.08,
2026-09-08T19:30:55.163921+00:00,201,5263.917,
2026-09-08T19:30:49.264514+00:00,201,11174.399,
2026-09-08T19:30:37.296645+00:00,201,23149.697,
2026-09-08T19:30:16.041108+00:00,201,44412.485,
2026-09-08T19:30:38.910395+00:00,201,21546.078,
2026-09-08T19:30:48.318372+00:00,201,12139.165,
2026-09-08T19:30:41.608495+00:00,201,18853.689,
2026-09-08T19:30:52.964297+00:00,201,7500.91,
2026-09-08T19:30:58.635517+00:00,201,1843.186,
2026-09-08T19:30:51.654149+00:00,201,8838.766,
2026-09-08T19:30:57.095341+00:00,201,3420.65,
2026-09-08T19:30:54.264566+00:00,201,6275.687,
2026-09-08T19:30:55.057605+00:00,201,5487.242,
2026-09-08T19:30:51.023692+00:00,201,9522.312,
2026-09-08T19:30:54.845332+00:00,201,5705.412,
2026-09-08T19:30:49.412548+00:00,201,11148.136,
2026-09-08T19:30:29.035582+00:00,201,31526.441,
2026-09-08T19:30:48.872989+00:00,201,11695.108,
2026-09-08T19:30:32.348220+00:00,201,28226.073,
2026-09-08T19:30:44.679843+00:00,201,15895.716,
2026-09-08T19:30:35.640319+00:00,201,24936.149,
2026-09-08T19:30:34.184480+00:00,201,26398.142,
2026-09-08T19:30:20.124540+00:00,201,40464.526,
2026-09-08T19:30:32.668836+00:00,201,27925.023,
2026-09-08T19:30:58.644069+00:00,201,1954.948,
2026-09-08T19:30:36.649721+00:00,201,23962.099,
2026-09-08T19:30:34.219917+00:00,201,26393.117,
2026-09-08T19:30:58.202099+00:00,201,2417.482,
2026-09-08T19:31:00.492933+00:00,201,135.118,
2026-09-08T19:30:58.757355+00:00,201,1872.302,
2026-09-08T19:30:37.883169+00:00,201,22747.913,
2026-09-08T19:30:50.364927+00:00,201,10267.754,
2026-09-08T19:30:41.942191+00:00,201,18723.109,
2026-09-08T19:30:49.332154+00:00,201,11334.704,
2026-09-08T19:30:42.609682+00:00,201,18059.996,
2026-09-08T19:30:30.726573+00:00,201,29952.951,
2026-09-08T19:30:42.243804+00:00,201,18440.46,
2026-09-08T19:30:59.773577+00:00,201,918.101,
2026-09-08T19:30:56.502009+00:00,201,4200.636,
2026-09-08T19:30:52.018557+00:00,201,8688.205,
2026-09-08T19:30:45.718438+00:00,201,14995.189,
2026-09-08T19:30:51.720014+00:00,201,8998.9,
2026-09-08T19:30:49.560076+00:00,201,11165.373,
2026-09-08T19:30:58.979739+00:00,201,1747.395,
2026-09-08T19:30:02.842542+00:00,201,57886.888,
2026-09-08T19:30:25.778889+00:00,201,34952.235,
2026-09-08T19:30:54.493483+00:00,201,6240.698,
2026-09-08T19:30:50.388245+00:00,201,10348.22,
2026-09-08T19:30:49.333073+00:00,201,11405.67,
2026-09-08T19:30:56.021417+00:00,201,4738.524,
2026-09-08T19:30:54.120121+00:00,201,6647.33,
2026-09-08T19:30:45.338101+00:00,201,15430.733,
2026-09-08T19:30:42.238699+00:00,201,18531.15,
2026-09-08T19:30:40.677729+00:00,201,20095.924,
2026-09-08T19:30:39.977431+00:00,201,20799.276,
2026-09-08T19:30:35.610494+00:00,201,25174.398,
2026-09-08T19:30:58.897254+00:00,201,1899.859,
2026-09-08T19:30:57.649518+00:00,201,3149.021,
2026-09-08T19:30:44.507615+00:00,201,16301.601,
2026-09-08T19:30:44.017771+00:00,201,16816.228,
2026-09-08T19:30:54.112627+00:00,201,6722.937,
2026-09-08T19:30:32.450439+00:00,201,28388.897,
2026-09-08T19:30:36.467595+00:00,201,24377.884,
2026-09-08T19:30:52.544755+00:00,201,8335.405,
2026-09-08T19:30:56.487500+00:00,201,4394.303,
2026-09-08T19:30:52.361416+00:00,201,8523.078,
2026-09-08T19:30:44.812690+00:00,201,16077.71,
2026-09-08T19:30:51.807477+00:00,201,9084.779,
2026-09-08T19:30:50.723098+00:00,201,10183.75,
2026-09-08T19:30:54.682804+00:00,201,6224.973,
2026-09-08T19:31:00.798548+00:00,201,126.976,
2026-09-08T19:30:58.007646+00:00,201,2921.096,
2026-09-08T19:30:24.624574+00:00,201,36310.57,
2026-09-08T19:30:57.363981+00:00,201,3572.288,
2026-09-08T19:30:16.670996+00:00,201,44270.885,
2026-09-08T19:30:54.335700+00:00,201,6609.669,
2026-09-08T19:30:37.286258+00:00,201,23660.116,
2026-09-08T19:30:42.023975+00:00,201,18929.285,
2026-09-08T19:30:43.636486+00:00,201,17321.827,
2026-09-08T19:31:00.613077+00:00,201,347.16,
2026-09-08T19:30:36.728389+00:00,201,24234.049,
2026-09-08T19:30:47.512814+00:00,201,13453.08,
2026-09-08T19:30:37.862395+00:00,201,23111.423,
2026-09-08T19:30:40.831677+00:00,201,20148.351,
2026-09-08T19:30:38.278046+00:00,201,22712.944,
2026-09-08T19:30:48.819814+00:00,201,12174.331,
2026-09-08T19:30:59.648420+00:00,201,1347.592,
2026-09-08T19:30:57.680680+00:00,201,3332.837,
2026-09-08T19:30:16.222853+00:00,201,44791.402,
2026-09-08T19:30:49.563846+00:00,201,11463.245,
2026-09-08T19:30:49.918453+00:00,201,11123.896,
2026-09-08T19:30:51.714534+00:00,201,9335.697,
2026-09-08T19:30:59.042147+00:00,201,2009.129,
2026-09-08T19:30:35.386443+00:00,201,25672.018,
2026-09-08T19:30:46.503230+00:00,201,14559.075,
2026-09-08T19:30:36.818092+00:00,201,24265.548,
2026-09-08T19:30:43.388652+00:00,201,17706.051,
2026-09-08T19:30:46.569634+00:00,201,14526.785,
2026-09-08T19:30:47.649477+00:00,201,13448.074,
2026-09-08T19:30:52.384762+00:00,201,8714.681,
2026-09-08T19:30:49.434104+00:00,201,11666.299,
2026-09-08T19:30:43.640484+00:00,201,17464.178,
2026-09-08T19:30:51.054202+00:00,201,10059.051,
2026-09-08T19:30:46.594112+00:00,201,14523.05,
2026-09-08T19:30:37.777847+00:00,201,23341.259,
2026-09-08T19:30:31.504386+00:00,201,29617.761,
2026-09-08T19:30:49.922818+00:00,201,11200.254,
2026-09-08T19:30:54.485055+00:00,201,6640.926,
2026-09-08T19:30:38.807636+00:00,201,22329.956,
2026-09-08T19:30:43.141051+00:00,201,18010.75,
2026-09-08T19:30:59.935766+00:00,201,1217.922,
2026-09-08T19:30:55.448224+00:00,201,5710.564,
2026-09-08T19:30:22.694757+00:00,201,38467.023,
2026-09-08T19:30:55.462159+00:00,201,5704.625,
2026-09-08T19:30:48.861125+00:00,201,12322.0,
2026-09-08T19:30:52.338405+00:00,201,8857.549,
2026-09-08T19:30:49.543526+00:00,201,11660.642,
2026-09-08T19:30:58.420907+00:00,201,2784.22,
2026-09-08T19:30:54.988098+00:00,201,6217.934,
2026-09-08T19:30:33.055799+00:00,201,28151.157,
2026-09-08T19:30:22.589699+00:00,201,38621.788,
2026-09-08T19:30:46.355167+00:00,201,14860.854,
2026-09-08T19:30:40.041951+00:00,201,21179.055,
2026-09-08T19:30:51.618223+00:00,201,9607.85,
2026-09-08T19:30:32.518234+00:00,201,28718.258,
2026-09-08T19:30:29.974935+00:00,201,31275.108,
2026-09-08T19:30:43.133602+00:00,201,18127.488,
2026-09-08T19:30:41.611490+00:00,201,19726.44,
2026-09-08T19:30:48.797914+00:00,201,12542.396,
2026-09-08T19:30:58.189339+00:00,201,3161.637,
2026-09-08T19:30:51.936148+00:00,201,9441.002,
2026-09-08T19:30:42.119523+00:00,201,19261.18,
2026-09-08T19:30:51.384247+00:00,201,9999.134,
2026-09-08T19:30:30.330907+00:00,201,31062.038,
2026-09-08T19:30:54.357798+00:00,201,7038.747,
2026-09-08T19:30:56.573170+00:00,201,4830.523,
2026-09-08T19:30:51.892394+00:00,201,9521.706,
2026-09-08T19:30:41.175178+00:00,201,20253.375,
2026-09-08T19:30:32.431892+00:00,201,28999.551,
2026-09-08T19:30:36.276438+00:00,201,25162.076,
2026-09-08T19:30:54.699300+00:00,201,6754.632,
2026-09-08T19:30:55.004404+00:00,201,6451.843,
2026-09-08T19:30:59.487006+00:00,201,1979.529,
2026-09-08T19:30:43.451477+00:00,201,18027.828,
2026-09-08T19:30:49.419995+00:00,201,12070.903,
2026-09-08T19:30:43.635222+00:00,201,17860.008,
2026-09-08T19:31:01.364731+00:00,201,138.042,
2026-09-08T19:30:49.284775+00:00,201,12220.718,
2026-09-08T19:30:54.617497+00:00,201,6891.459,
2026-09-08T19:30:53.756123+00:00,201,7756.738,
2026-09-08T19:30:53.544934+00:00,201,7972.347,
2026-09-08T19:30:43.846660+00:00,201,17680.01,
2026-09-08T19:30:53.846017+00:00,201,7683.986,
2026-09-08T19:30:36.073037+00:00,201,25466.815,
2026-09-08T19:30:57.408014+00:00,201,4134.598,
2026-09-08T19:30:43.692930+00:00,201,17852.681,
2026-09-08T19:30:51.098512+00:00,201,10450.459,
2026-09-08T19:30:43.312525+00:00,201,18240.233,
2026-09-08T19:30:52.142715+00:00,201,9411.341,
2026-09-08T19:30:54.125448+00:00,201,7436.792,
2026-09-08T19:30:56.745013+00:00,201,4821.802,
2026-09-08T19:30:59.080150+00:00,201,2491.883,
2026-09-08T19:31:00.365670+00:00,201,1225.596,
2026-09-08T19:30:55.599283+00:00,201,5994.568,
2026-09-08T19:30:46.901383+00:00,201,14693.279,
2026-09-08T19:30:54.163598+00:00,201,7433.157,
2026-09-08T19:30:58.170160+00:00,201,3434.376,
2026-09-08T19:30:54.715177+00:00,201,6899.724,
2026-09-08T19:30:11.901105+00:00,201,49717.44,
2026-09-08T19:30:41.931620+00:00,201,19695.032,
2026-09-08T19:30:49.581134+00:00,201,12049.719,
2026-09-08T19:30:49.042319+00:00,201,12591.096,
2026-09-08T19:30:57.027459+00:00,201,4611.43,
2026-09-08T19:30:51.668267+00:00,201,9983.937,
2026-09-08T19:30:54.705918+00:00,201,6949.284,
2026-09-08T19:30:22.489840+00:00,201,39168.456,
2026-09-08T19:30:30.352290+00:00,201,31320.887,
2026-09-08T19:30:31.359643+00:00,201,30316.768,
2026-09-08T19:30:59.933728+00:00,201,1747.327,
2026-09-08T19:30:53.274491+00:00,201,8410.985,
2026-09-08T19:30:42.433677+00:00,201,19256.466,
2026-09-08T19:30:57.549299+00:00,201,4142.585,
2026-09-08T19:30:50.902295+00:00,201,10792.073,
2026-09-08T19:30:57.842634+00:00,201,3866.547,
2026-09-08T19:31:00.965920+00:00,201,759.75,
2026-09-08T19:30:37.880560+00:00,201,23847.132,
2026-09-08T19:30:51.090809+00:00,201,10641.78,
2026-09-08T19:30:37.620485+00:00,201,24113.491,
2026-09-08T19:31:00.729519+00:00,201,1006.277,
2026-09-08T19:30:34.542051+00:00,201,27221.248,
2026-09-08T19:30:53.786103+00:00,201,7988.636,
2026-09-08T19:31:00.134538+00:00,201,1644.467,
2026-09-08T19:30:52.726879+00:00,201,9058.725,
2026-09-08T19:30:53.928398+00:00,201,7858.461,
2026-09-08T19:30:46.986321+00:00,201,14821.847,
2026-09-08T19:30:59.516581+00:00,201,2295.818,
2026-09-08T19:30:12.842878+00:00,201,48970.255,
2026-09-08T19:30:59.741590+00:00,201,2079.632,
2026-09-08T19:30:54.837537+00:00,201,6989.437,
2026-09-08T19:30:52.376022+00:00,201,9455.438,
2026-09-08T19:30:39.472157+00:00,201,22377.356,
2026-09-08T19:30:42.818088+00:00,201,19032.528,
2026-09-08T19:30:32.252525+00:00,201,29616.672,
2026-09-08T19:30:30.872881+00:00,201,30998.23,
2026-09-08T19:30:42.484388+00:00,201,19388.4,
2026-09-08T19:30:51.149975+00:00,201,10733.901,
2026-09-08T19:30:41.347125+00:00,201,20539.609,
2026-09-08T19:30:35.910815+00:00,201,25977.445,
2026-09-08T19:30:52.369901+00:00,201,9521.123,
2026-09-08T19:30:51.029259+00:00,201,10862.647,
2026-09-08T19:30:54.763910+00:00,201,7140.408,
2026-09-08T19:30:34.182659+00:00,201,27722.608,
2026-09-08T19:30:52.415763+00:00,201,9494.617,
2026-09-08T19:30:24.715540+00:00,201,37212.549,
2026-09-08T19:31:00.665334+00:00,201,1276.109,
2026-09-08T19:30:55.445088+00:00,201,6526.256,
2026-09-08T19:30:45.133912+00:00,201,16840.344,
2026-09-08T19:30:36.063734+00:00,201,25913.468,
2026-09-08T19:30:48.043773+00:00,201,13935.646,
2026-09-08T19:30:34.413557+00:00,201,27574.146,
2026-09-08T19:30:34.155700+00:00,201,27835.243,
2026-09-08T19:30:54.550028+00:00,201,7450.272,
2026-09-08T19:30:45.953944+00:00,201,16047.444,
2026-09-08T19:31:01.706821+00:00,201,295.672,
2026-09-08T19:30:58.920895+00:00,201,3089.196,
2026-09-08T19:30:31.688920+00:00,201,30325.808,
2026-09-08T19:30:34.832774+00:00,201,27183.473,
2026-09-08T19:30:36.896023+00:00,201,25125.68,
2026-09-08T19:30:58.200195+00:00,201,3822.699,
2026-09-08T19:30:53.295027+00:00,201,8729.033,
2026-09-08T19:30:35.735801+00:00,201,26289.368,
2026-09-08T19:30:40.155814+00:00,201,21870.64,
2026-09-08T19:30:58.930904+00:00,201,3096.887,
2026-09-08T19:30:53.693122+00:00,201,8343.185,
2026-09-08T19:30:21.825632+00:00,201,40224.749,
2026-09-08T19:30:43.644975+00:00,201,18407.796,
2026-09-08T19:31:00.646781+00:00,201,1407.643,
2026-09-08T19:30:34.293360+00:00,201,27762.761,
2026-09-08T19:30:54.131340+00:00,201,7926.601,
2026-09-08T19:31:01.042372+00:00,201,1017.395,
2026-09-08T19:30:59.261671+00:00,201,2799.732,
2026-09-08T19:30:48.983671+00:00,201,13079.365,
2026-09-08T19:30:31.335967+00:00,201,30728.626,
2026-09-08T19:30:49.031002+00:00,201,13035.316,
2026-09-08T19:30:29.544903+00:00,201,32523.031,
2026-09-08T19:30:16.589910+00:00,201,45492.56,
2026-09-08T19:30:54.056504+00:00,201,8038.618,
2026-09-08T19:30:43.307465+00:00,201,18793.084,
2026-09-08T19:30:32.758153+00:00,201,29351.601,
2026-09-08T19:30:53.526883+00:00,201,8606.682,
2026-09-08T19:30:45.406907+00:00,201,16770.939,
2026-09-08T19:30:58.626305+00:00,201,3558.023,
2026-09-08T19:30:50.264464+00:00,201,11923.251,
2026-09-08T19:30:52.280426+00:00,201,9948.047,
2026-09-08T19:30:58.141675+00:00,201,4094.641,
2026-09-08T19:30:47.534200+00:00,201,14731.361,
2026-09-08T19:30:37.143132+00:00,201,25130.877,
2026-09-08T19:30:16.214956+00:00,201,46072.823,
2026-09-08T19:30:39.702465+00:00,201,22587.331,
2026-09-08T19:30:50.002375+00:00,201,12307.115,
2026-09-08T19:30:31.486332+00:00,201,30827.231,
2026-09-08T19:30:45.102740+00:00,201,17225.091,
2026-09-08T19:30:57.584107+00:00,201,4759.244,
2026-09-08T19:30:58.507426+00:00,201,3843.207,
2026-09-08T19:30:32.222851+00:00,201,30155.718,
2026-09-08T19:30:37.063053+00:00,201,25323.798,
2026-09-08T19:30:56.913747+00:00,201,5474.858,
2026-09-08T19:31:01.337963+00:00,201,1079.729,
2026-09-08T19:30:35.167386+00:00,201,27284.991,
2026-09-08T19:30:43.805092+00:00,201,18648.955,
2026-09-08T19:30:49.503586+00:00,201,12962.429,
2026-09-08T19:30:35.622457+00:00,201,26864.783,
2026-09-08T19:30:40.436948+00:00,201,22055.306,
2026-09-08T19:30:30.267259+00:00,201,32228.67,
2026-09-08T19:30:58.786339+00:00,201,3711.574,
2026-09-08T19:30:49.253099+00:00,201,13294.435,
2026-09-08T19:31:01.099461+00:00,201,1450.377,
2026-09-08T19:30:36.443976+00:00,201,26115.119,
2026-09-08T19:30:53.593318+00:00,201,8971.567,
2026-09-08T19:30:45.468049+00:00,201,17111.25,
2026-09-08T19:30:37.110719+00:00,201,25482.325,
2026-09-08T19:30:49.192362+00:00,201,13415.575,
2026-09-08T19:30:32.985561+00:00,201,29625.595,
2026-09-08T19:30:51.912787+00:00,201,10702.318,
2026-09-08T19:31:00.771082+00:00,201,1851.878,
2026-09-08T19:31:01.027113+00:00,201,1600.054,
2026-09-08T19:30:56.265087+00:00,201,6366.096,
2026-09-08T19:30:53.399404+00:00,201,9233.481,
2026-09-08T19:31:02.386894+00:00,201,250.174,
2026-09-08T19:31:00.773688+00:00,201,1865.203,
2026-09-08T19:30:30.427051+00:00,201,32260.504,
2026-09-08T19:30:53.461661+00:00,201,9229.263,
2026-09-08T19:30:40.266657+00:00,201,22432.295,
2026-09-08T19:30:46.476952+00:00,201,16231.919,
2026-09-08T19:30:28.637187+00:00,201,34081.288,
2026-09-08T19:30:14.532241+00:00,201,48232.371,
2026-09-08T19:30:59.196644+00:00,201,3580.375,
2026-09-08T19:30:29.286187+00:00,201,33506.429,
2026-09-08T19:30:34.189718+00:00,201,28617.87,
2026-09-08T19:30:45.910246+00:00,201,16912.754,
2026-09-08T19:30:22.174650+00:00,201,40672.003,
2026-09-08T19:30:53.041763+00:00,201,9807.976,
2026-09-08T19:31:02.059779+00:00,201,803.068,
2026-09-08T19:30:58.489121+00:00,201,4379.344,
2026-09-08T19:30:35.104190+00:00,201,27778.358,
2026-09-08T19:30:28.188849+00:00,201,34700.142,
2026-09-08T19:30:31.731175+00:00,201,31169.152,
2026-09-08T19:31:00.571102+00:00,201,2333.066,
2026-09-08T19:30:57.479024+00:00,201,5436.888,
2026-09-08T19:30:53.061495+00:00,201,9856.453,
2026-09-08T19:30:41.759959+00:00,201,21219.241,
2026-09-08T19:30:54.316784+00:00,201,8667.986,
2026-09-08T19:31:01.831478+00:00,201,1168.306,
2026-09-08T19:31:02.067985+00:00,201,948.932,
2026-09-08T19:30:35.831529+00:00,201,27197.327,
2026-09-08T19:30:33.482160+00:00,201,29559.858,
2026-09-08T19:31:02.777031+00:00,201,277.185,
2026-09-08T19:30:52.245015+00:00,201,10832.01,
2026-09-08T19:30:36.486046+00:00,201,26597.221,
2026-09-08T19:30:54.718373+00:00,201,8433.145,
2026-09-08T19:30:46.239166+00:00,201,16914.835,
2026-09-08T19:30:59.462287+00:00,201,3699.751,
2026-09-08T19:30:34.630850+00:00,201,28535.119,
2026-09-08T19:30:44.750539+00:00,201,18420.529,
2026-09-08T19:30:39.992594+00:00,201,23197.635,
2026-09-08T19:30:39.961534+00:00,201,23232.799,
2026-09-08T19:30:41.450437+00:00,201,21754.09,
2026-09-08T19:30:34.026900+00:00,201,29190.048,
2026-09-08T19:31:01.207001+00:00,201,2012.615,
2026-09-08T19:30:59.519693+00:00,201,3703.398,
2026-09-08T19:30:49.512311+00:00,201,13738.579,
2026-09-08T19:30:59.240231+00:00,201,4043.233,
2026-09-08T19:30:52.625164+00:00,201,10663.426,
2026-09-08T19:31:00.890430+00:00,201,2414.048,
2026-09-08T19:30:38.114632+00:00,201,25192.315,
2026-09-08T19:30:58.088713+00:00,201,5240.863,
2026-09-08T19:30:52.858336+00:00,201,10477.094,
2026-09-08T19:31:01.204192+00:00,201,2142.061,
2026-09-08T19:30:38.704275+00:00,201,24646.581,
2026-09-08T19:30:31.027485+00:00,201,32332.295,
2026-09-08T19:30:23.767299+00:00,201,39597.977,
2026-09-08T19:30:11.920565+00:00,201,51465.232,
2026-09-08T19:31:00.283406+00:00,201,3107.843,
2026-09-08T19:30:59.265820+00:00,201,4131.716,
2026-09-08T19:30:54.360785+00:00,201,9038.516,
2026-09-08T19:30:51.787251+00:00,201,11625.932,
2026-09-08T19:30:49.031916+00:00,201,14399.253,
2026-09-08T19:30:37.621800+00:00,201,25825.218,
2026-09-08T19:30:21.285954+00:00,201,42168.992,
2026-09-08T19:30:49.329005+00:00,201,14142.488,
2026-09-08T19:30:51.966204+00:00,201,11507.946,
2026-09-08T19:30:34.105454+00:00,201,29396.011,
2026-09-08T19:31:01.211549+00:00,201,2291.856,
2026-09-08T19:30:39.102575+00:00,201,24408.657,
2026-09-08T19:30:49.966324+00:00,201,13547.594,
2026-09-08T19:30:56.395058+00:00,201,7123.023,
2026-09-08T19:30:49.769459+00:00,201,13794.237,
2026-09-08T19:31:00.478713+00:00,201,3086.76,
2026-09-08T19:31:00.619590+00:00,201,2955.234,
2026-09-08T19:30:48.060381+00:00,201,15518.037,
2026-09-08T19:30:55.586777+00:00,201,8016.384,
2026-09-08T19:30:55.809643+00:00,201,7798.865,
2026-09-08T19:30:42.564900+00:00,201,21048.197,
2026-09-08T19:30:42.517001+00:00,201,21123.295,
2026-09-08T19:30:42.356859+00:00,201,21286.805,
2026-09-08T19:31:03.042067+00:00,201,615.851,
2026-09-08T19:31:03.113862+00:00,201,552.105,
2026-09-08T19:30:39.920387+00:00,201,23753.801,
2026-09-08T19:30:54.482468+00:00,201,9219.887,
2026-09-08T19:30:19.903727+00:00,201,43841.312,
2026-09-08T19:31:01.383403+00:00,201,2364.857,
2026-09-08T19:30:56.159584+00:00,201,7602.779,
2026-09-08T19:30:49.075773+00:00,201,14698.04,
2026-09-08T19:31:00.731178+00:00,201,3066.708,
2026-09-08T19:30:55.873977+00:00,201,7928.671,
2026-09-08T19:30:42.614859+00:00,201,21201.66,
2026-09-08T19:30:55.136667+00:00,201,8682.261,
2026-09-08T19:30:43.142525+00:00,201,20688.504,
2026-09-08T19:30:49.040984+00:00,201,14796.024,
2026-09-08T19:30:38.896614+00:00,201,24960.773,
2026-09-08T19:31:03.608525+00:00,201,276.863,
2026-09-08T19:30:28.946348+00:00,201,34982.124,
2026-09-08T19:30:37.987365+00:00,201,25945.655,
2026-09-08T19:30:58.015618+00:00,201,5924.052,
2026-09-08T19:30:48.359503+00:00,201,15607.983,
2026-09-08T19:30:48.908730+00:00,201,15064.053,
2026-09-08T19:30:54.882414+00:00,201,9097.41,
2026-09-08T19:31:03.702378+00:00,201,279.07,
2026-09-08T19:30:50.689565+00:00,201,13331.857,
2026-09-08T19:30:40.282617+00:00,201,23747.399,
2026-09-08T19:30:54.669101+00:00,201,9374.286,
2026-09-08T19:30:15.905991+00:00,201,48146.919,
2026-09-08T19:31:02.964837+00:00,201,1095.43,
2026-09-08T19:30:52.611001+00:00,201,11455.695,
2026-09-08T19:30:43.213425+00:00,201,20854.96,
2026-09-08T19:30:36.568123+00:00,201,27507.452,
2026-09-08T19:30:56.527373+00:00,201,7560.338,
2026-09-08T19:30:53.083937+00:00,201,11018.396,
2026-09-08T19:30:55.259441+00:00,201,8846.045,
2026-09-08T19:30:47.582912+00:00,201,16572.83,
2026-09-08T19:31:00.123280+00:00,201,4039.242,
2026-09-08T19:30:55.165632+00:00,201,9002.625,
2026-09-08T19:30:52.179591+00:00,201,11997.081,
2026-09-08T19:30:54.929502+00:00,201,9258.689,
2026-09-08T19:30:49.288163+00:00,201,14912.015,
2026-09-08T19:30:43.414717+00:00,201,20787.889,
2026-09-08T19:30:48.839768+00:00,201,15376.832,
2026-09-08T19:30:56.651780+00:00,201,7571.823,
2026-09-08T19:30:56.725014+00:00,201,7516.022,
2026-09-08T19:31:00.029826+00:00,201,4234.764,
2026-09-08T19:30:42.420269+00:00,201,21860.594,
2026-09-08T19:31:04.010896+00:00,201,288.623,
2026-09-08T19:30:52.823838+00:00,201,11481.298,
2026-09-08T19:30:56.620095+00:00,201,7698.601,
2026-09-08T19:30:30.673581+00:00,201,33648.2,
2026-09-08T19:30:53.056050+00:00,201,11269.045,
2026-09-08T19:30:56.793510+00:00,201,7548.639,
2026-09-08T19:30:51.235022+00:00,201,13110.386,
2026-09-08T19:30:54.623962+00:00,201,9723.973,
2026-09-08T19:30:36.756848+00:00,201,27609.505,
2026-09-08T19:30:37.119232+00:00,201,27266.913,
2026-09-08T19:30:37.243820+00:00,201,27162.608,
2026-09-08T19:30:32.062428+00:00,201,32359.974,
2026-09-08T19:31:02.000316+00:00,201,2431.824,
2026-09-08T19:30:39.869180+00:00,201,24565.527,
2026-09-08T19:31:00.415049+00:00,201,4047.638,
2026-09-08T19:30:54.722344+00:00,201,9769.029,
2026-09-08T19:30:30.680126+00:00,201,33819.752,
2026-09-08T19:31:02.698990+00:00,201,1802.784,
2026-09-08T19:30:48.991380+00:00,201,15517.673,
2026-09-08T19:30:34.458757+00:00,201,30064.999,
2026-09-08T19:30:28.655413+00:00,201,35898.446,
2026-09-08T19:31:03.928529+00:00,201,635.678,
2026-09-08T19:30:47.275958+00:00,201,17305.993,
2026-09-08T19:30:54.583570+00:00,201,10008.739,
2026-09-08T19:30:29.893633+00:00,201,34722.608,
2026-09-08T19:31:01.655219+00:00,201,2978.783,
2026-09-08T19:30:29.118036+00:00,201,35522.25,
2026-09-08T19:30:34.532778+00:00,201,30163.056,
2026-09-08T19:31:00.945385+00:00,201,3755.192,
2026-09-08T19:30:35.064621+00:00,201,29642.66,
2026-09-08T19:30:41.351005+00:00,201,23364.129,
2026-09-08T19:31:01.431491+00:00,201,3300.293,
2026-09-08T19:30:47.097293+00:00,201,17637.564,
2026-09-08T19:30:54.563399+00:00,201,10178.289,
2026-09-08T19:30:44.014529+00:00,201,20747.896,
2026-09-08T19:31:03.077046+00:00,201,1691.827,
2026-09-08T19:30:52.494982+00:00,201,12277.448,
2026-09-08T19:31:02.097275+00:00,201,2677.72,
2026-09-08T19:30:43.421920+00:00,201,21357.675,
2026-09-08T19:30:57.782538+00:00,201,6998.968,
2026-09-08T19:30:43.246679+00:00,201,21556.376,
2026-09-08T19:30:53.681917+00:00,201,11126.863,
2026-09-08T19:30:49.548108+00:00,201,15282.982,
2026-09-08T19:30:44.858121+00:00,201,19989.137,
2026-09-08T19:30:35.132356+00:00,201,29723.102,
2026-09-08T19:30:31.669916+00:00,201,33203.295,
2026-09-08T19:30:41.615866+00:00,201,23288.201,
2026-09-08T19:31:01.505518+00:00,201,3402.067,
2026-09-08T19:30:32.109580+00:00,201,32801.904,
2026-09-08T19:30:47.903222+00:00,201,17013.156,
2026-09-08T19:31:01.250095+00:00,201,3679.704,
2026-09-08T19:30:43.632711+00:00,201,21314.694,
2026-09-08T19:30:42.893136+00:00,201,22056.118,
2026-09-08T19:30:22.273756+00:00,201,42685.585,
2026-09-08T19:30:39.668118+00:00,201,25342.109,
2026-09-08T19:30:54.102163+00:00,201,10910.454,
2026-09-08T19:30:54.652624+00:00,201,10370.931,
2026-09-08T19:30:51.258891+00:00,201,13782.702,
2026-09-08T19:30:40.516030+00:00,201,24528.325,
2026-09-08T19:30:46.328426+00:00,201,18732.681,
2026-09-08T19:31:02.054437+00:00,201,3011.791,
2026-09-08T19:30:22.655664+00:00,201,42421.662,
2026-09-08T19:30:55.340193+00:00,201,9741.227,
2026-09-08T19:30:46.872488+00:00,201,18214.343,
2026-09-08T19:30:54.592590+00:00,201,10536.422,
2026-09-08T19:31:01.673229+00:00,201,3465.891,
2026-09-08T19:30:56.392552+00:00,201,8795.156,
2026-09-08T19:30:57.405329+00:00,201,7793.166,
2026-09-08T19:30:47.887332+00:00,201,17315.225,
2026-09-08T19:30:44.057632+00:00,201,21158.386,
2026-09-08T19:31:01.785625+00:00,201,3435.675,
2026-09-08T19:30:29.909698+00:00,201,35314.139,
2026-09-08T19:30:49.995867+00:00,201,15261.808,
2026-09-08T19:30:51.428355+00:00,201,13834.121,
2026-09-08T19:31:00.427854+00:00,201,4862.98,
2026-09-08T19:30:55.017085+00:00,201,10275.42,
2026-09-08T19:30:49.357535+00:00,201,15959.025,
2026-09-08T19:30:49.211531+00:00,201,16117.448,
2026-09-08T19:30:29.290672+00:00,201,36050.334,
2026-09-08T19:31:04.491393+00:00,201,852.234,
2026-09-08T19:30:37.053303+00:00,201,28297.138,
2026-09-08T19:31:01.158803+00:00,201,4196.772,
2026-09-08T19:31:03.614324+00:00,201,1762.668,
2026-09-08T19:31:00.797123+00:00,201,4600.209,
2026-09-08T19:30:27.604141+00:00,201,37813.912,
2026-09-08T19:30:49.308911+00:00,201,16126.989,
2026-09-08T19:31:04.624444+00:00,201,822.904,
2026-09-08T19:31:03.802664+00:00,201,1688.68,
2026-09-08T19:30:56.065202+00:00,201,9440.275,
2026-09-08T19:30:47.056373+00:00,201,18466.789,
2026-09-08T19:31:04.678833+00:00,201,853.992,
2026-09-08T19:30:21.093982+00:00,201,44441.873,
2026-09-08T19:30:58.072472+00:00,201,7465.115,
2026-09-08T19:31:03.553369+00:00,201,1992.03,
2026-09-08T19:30:56.882702+00:00,201,8664.517,
2026-09-08T19:31:03.329592+00:00,201,2228.015,
2026-09-08T19:31:01.512878+00:00,201,4048.384,
2026-09-08T19:30:56.747330+00:00,201,8845.974,
2026-09-08T19:30:58.054231+00:00,201,7550.682,
2026-09-08T19:30:29.970614+00:00,201,35723.361,
2026-09-08T19:31:03.982767+00:00,201,1713.392,
2026-09-08T19:30:29.048274+00:00,201,36653.692,
2026-09-08T19:30:31.299746+00:00,201,34409.552,
2026-09-08T19:31:01.626686+00:00,201,4107.218,
2026-09-08T19:30:40.482176+00:00,201,25266.89,
2026-09-08T19:30:32.204003+00:00,201,33554.288,
2026-09-08T19:30:52.953458+00:00,201,12878.16,
2026-09-08T19:30:52.787691+00:00,201,13076.426,
2026-09-08T19:31:00.776743+00:00,201,5096.016,
2026-09-08T19:30:54.155897+00:00,201,11719.12,
2026-09-08T19:30:47.043389+00:00,201,18839.209,
2026-09-08T19:30:54.269221+00:00,201,11619.161,
2026-09-08T19:30:34.798326+00:00,201,31107.232,
2026-09-08T19:30:41.155993+00:00,201,24751.327,
2026-09-08T19:30:58.544995+00:00,201,7374.264,
2026-09-08T19:30:56.428961+00:00,201,9491.891,
2026-09-08T19:30:54.073795+00:00,201,11855.711,
2026-09-08T19:30:50.487996+00:00,201,15444.807,
2026-09-08T19:30:55.174057+00:00,201,10763.103,
2026-09-08T19:30:49.765664+00:00,201,16226.77,
2026-09-08T19:30:57.954660+00:00,201,8044.049,
2026-09-08T19:31:00.809244+00:00,201,5214.021,
2026-09-08T19:31:04.634014+00:00,201,1396.644,
2026-09-08T19:31:05.766772+00:00,201,272.896,
2026-09-08T19:30:45.109974+00:00,201,20940.225,
2026-09-08T19:30:52.700889+00:00,201,13363.158,
2026-09-08T19:30:52.015181+00:00,201,14050.49,
2026-09-08T19:30:31.710993+00:00,201,34357.87,
2026-09-08T19:30:53.432766+00:00,201,12652.8,
2026-09-08T19:31:05.825578+00:00,201,276.601,
2026-09-08T19:30:49.953619+00:00,201,16161.077,
2026-09-08T19:30:15.577637+00:00,201,50553.703,
2026-09-08T19:30:43.630326+00:00,201,22509.8,
2026-09-08T19:30:41.905951+00:00,201,24238.168,
2026-09-08T19:31:03.565484+00:00,201,2582.072,
2026-09-08T19:30:56.341275+00:00,201,9812.803,
2026-09-08T19:30:50.515700+00:00,201,15649.195,
2026-09-08T19:31:02.228491+00:00,201,3940.758,
2026-09-08T19:31:00.039658+00:00,201,6141.943,
2026-09-08T19:30:58.994247+00:00,201,7196.238,
2026-09-08T19:30:38.024699+00:00,201,28172.179,
2026-09-08T19:30:43.709618+00:00,201,22489.117,
2026-09-08T19:30:19.601092+00:00,201,46643.951,
2026-09-08T19:30:51.349104+00:00,201,14898.874,
2026-09-08T19:30:45.267532+00:00,201,21017.822,
2026-09-08T19:31:00.341237+00:00,201,5945.776,
2026-09-08T19:30:48.994810+00:00,201,17304.637,
2026-09-08T19:30:20.019962+00:00,201,46282.623,
2026-09-08T19:30:28.956549+00:00,201,37360.409,
2026-09-08T19:30:54.121091+00:00,201,12197.694,
2026-09-08T19:30:28.428447+00:00,201,37897.845,
2026-09-08T19:30:41.071308+00:00,201,25295.243,
2026-09-08T19:30:51.000145+00:00,201,15368.033,
2026-09-08T19:30:19.686643+00:00,201,46683.843,
2026-09-08T19:31:00.632701+00:00,201,5750.888,
2026-09-08T19:31:03.674228+00:00,201,2719.547,
2026-09-08T19:30:42.466007+00:00,201,23938.053,
2026-09-08T19:31:06.131421+00:00,201,277.086,
2026-09-08T19:31:02.590923+00:00,201,3902.208,
2026-09-08T19:30:24.141034+00:00,201,42359.046,
2026-09-08T19:30:52.940586+00:00,201,13563.675,
2026-09-08T19:30:49.436504+00:00,201,17075.585,
2026-09-08T19:30:40.726308+00:00,201,25790.688,
2026-09-08T19:30:58.203741+00:00,201,8319.117,
2026-09-08T19:31:02.236329+00:00,201,4293.32,
2026-09-08T19:31:06.285392+00:00,201,245.992,
2026-09-08T19:30:42.680875+00:00,201,23854.863,
2026-09-08T19:30:52.405414+00:00,201,14144.633,
2026-09-08T19:31:06.287027+00:00,201,274.873,
2026-09-08T19:31:03.503414+00:00,201,3067.549,
2026-09-08T19:30:59.119834+00:00,201,7460.691,
2026-09-08T19:30:50.419127+00:00,201,16173.639,
2026-09-08T19:30:53.543529+00:00,201,13062.286,
2026-09-08T19:30:56.780650+00:00,201,9829.703,
2026-09-08T19:31:04.593677+00:00,201,2027.823,
2026-09-08T19:30:58.969799+00:00,201,7654.72,
2026-09-08T19:30:30.730438+00:00,201,35920.12,
2026-09-08T19:31:01.206047+00:00,201,5486.82,
2026-09-08T19:30:49.068320+00:00,201,17638.95,
2026-09-08T19:31:03.675659+00:00,201,3033.588,
2026-09-08T19:31:02.350643+00:00,201,4379.63,
2026-09-08T19:30:50.465629+00:00,201,16282.209,
2026-09-08T19:30:54.957277+00:00,201,11817.714,
2026-09-08T19:30:55.072812+00:00,201,11712.595,
2026-09-08T19:30:59.958372+00:00,201,6850.113,
2026-09-08T19:30:43.607631+00:00,201,23204.816,
2026-09-08T19:30:53.173173+00:00,201,13656.675,
2026-09-08T19:30:42.315827+00:00,201,24537.202,
2026-09-08T19:30:50.558769+00:00,201,16315.39,
2026-09-08T19:30:58.730075+00:00,201,8146.667,
2026-09-08T19:30:14.381444+00:00,201,52503.763,
2026-09-08T19:30:55.065388+00:00,201,11829.317,
2026-09-08T19:30:42.838852+00:00,201,24059.399,
2026-09-08T19:30:25.013196+00:00,201,41918.262,
2026-09-08T19:31:00.568122+00:00,201,6375.976,
2026-09-08T19:31:00.669710+00:00,201,6276.889,
2026-09-08T19:30:53.515723+00:00,201,13432.587,
2026-09-08T19:30:43.341533+00:00,201,23611.079,
2026-09-08T19:30:56.939324+00:00,201,10016.245,
2026-09-08T19:30:41.000006+00:00,201,25966.34,
2026-09-08T19:30:28.151796+00:00,201,38833.344,
2026-09-08T19:30:49.664938+00:00,201,17329.748,
2026-09-08T19:30:51.397034+00:00,201,15618.666,
2026-09-08T19:30:41.092982+00:00,201,25929.364,
2026-09-08T19:30:52.600434+00:00,201,14434.732,
2026-09-08T19:31:04.345431+00:00,201,2721.398,
2026-09-08T19:30:34.813275+00:00,201,32259.781,
2026-09-08T19:30:57.914490+00:00,201,9162.072,
2026-09-08T19:31:04.442725+00:00,201,2643.499,
2026-09-08T19:31:00.962478+00:00,201,6127.446,
2026-09-08T19:30:54.311368+00:00,201,12781.779,
2026-09-08T19:30:50.044298+00:00,201,17052.226,
2026-09-08T19:31:06.135981+00:00,201,964.048,
2026-09-08T19:31:01.872822+00:00,201,5228.817,
2026-09-08T19:30:35.162017+00:00,201,31956.716,
2026-09-08T19:31:04.267103+00:00,201,2856.483,
2026-09-08T19:30:30.225036+00:00,201,36916.321,
2026-09-08T19:31:01.453947+00:00,201,5690.404,
2026-09-08T19:30:33.056848+00:00,201,34091.468,
2026-09-08T19:31:01.593865+00:00,201,5570.485,
2026-09-08T19:30:21.426193+00:00,201,45740.244,
2026-09-08T19:30:45.865518+00:00,201,21310.143,
2026-09-08T19:30:44.182626+00:00,201,22996.55,
2026-09-08T19:30:43.987312+00:00,201,23206.28,
2026-09-08T19:30:55.537357+00:00,201,11662.846,
2026-09-08T19:30:56.191916+00:00,201,11018.632,
2026-09-08T19:30:32.655291+00:00,201,34558.506,
2026-09-08T19:30:49.265244+00:00,201,17957.911,
2026-09-08T19:31:00.575586+00:00,201,6650.239,
2026-09-08T19:30:36.034452+00:00,201,31193.979,
2026-09-08T19:30:53.575021+00:00,201,13656.795,
2026-09-08T19:31:04.162533+00:00,201,3079.513,
2026-09-08T19:31:06.442365+00:00,201,802.422,
2026-09-08T19:30:42.732248+00:00,201,24513.64,
2026-09-08T19:30:48.717320+00:00,201,18530.483,
2026-09-08T19:30:36.828780+00:00,201,30423.228,
2026-09-08T19:30:36.823735+00:00,201,30430.516,
2026-09-08T19:30:48.803377+00:00,201,18457.865,
2026-09-08T19:30:56.397537+00:00,201,10867.991,
2026-09-08T19:31:07.123596+00:00,201,145.173,
2026-09-08T19:31:07.141418+00:00,201,130.974,
2026-09-08T19:31:00.394427+00:00,201,6897.684,
2026-09-08T19:31:05.290846+00:00,201,2002.559,
2026-09-08T19:30:29.174546+00:00,201,38120.826,
2026-09-08T19:30:34.096662+00:00,201,33215.873,
2026-09-08T19:30:50.485098+00:00,201,16828.349,
2026-09-08T19:30:54.816603+00:00,201,12505.064,
2026-09-08T19:30:48.829435+00:00,201,18493.202,
2026-09-08T19:31:05.129032+00:00,201,2211.103,
2026-09-08T19:30:54.436223+00:00,201,12904.766,
2026-09-08T19:31:02.010104+00:00,201,5340.52,
2026-09-08T19:31:02.889048+00:00,201,4472.368,
2026-09-08T19:31:00.994171+00:00,201,6369.802,
2026-09-08T19:31:02.052801+00:00,201,5318.267,
2026-09-08T19:30:29.105509+00:00,201,38269.717,
2026-09-08T19:30:43.013583+00:00,201,24372.708,
2026-09-08T19:30:52.706863+00:00,201,14685.24,
2026-09-08T19:30:41.969572+00:00,201,25424.91,
2026-09-08T19:30:56.519445+00:00,201,10878.816,
2026-09-08T19:30:59.414104+00:00,201,7994.644,
2026-09-08T19:31:02.157898+00:00,201,5253.576,
2026-09-08T19:30:50.923961+00:00,201,16492.614,
2026-09-08T19:31:04.321837+00:00,201,3104.185,
2026-09-08T19:31:00.991033+00:00,201,6436.256,
2026-09-08T19:30:24.816737+00:00,201,42627.28,
2026-09-08T19:30:45.702197+00:00,201,21745.456,
2026-09-08T19:30:57.552636+00:00,201,9903.958,
2026-09-08T19:31:01.050253+00:00,201,6408.925,
2026-09-08T19:31:03.283477+00:00,201,4184.717,
2026-09-08T19:30:47.844358+00:00,201,19628.154,
2026-09-08T19:30:39.072427+00:00,201,28402.764,
2026-09-08T19:31:05.992467+00:00,201,1503.35,
2026-09-08T19:31:07.179215+00:00,201,317.928,
2026-09-08T19:30:50.401806+00:00,201,17101.475,
2026-09-08T19:30:35.105621+00:00,201,32402.858,
2026-09-08T19:30:30.899442+00:00,201,36620.338,
2026-09-08T19:30:55.643467+00:00,201,11888.501,
2026-09-08T19:30:39.466191+00:00,201,28068.677,
2026-09-08T19:30:18.992885+00:00,201,48545.88,
2026-09-08T19:31:04.075619+00:00,201,3468.901,
2026-09-08T19:31:06.775018+00:00,201,777.799,
2026-09-08T19:30:37.613227+00:00,201,29951.289,
2026-09-08T19:31:01.365259+00:00,201,6202.735,
2026-09-08T19:30:53.562883+00:00,201,14013.891,
2026-09-08T19:31:03.399319+00:00,201,4180.306,
2026-09-08T19:30:39.621827+00:00,201,27961.446,
2026-09-08T19:30:55.373991+00:00,201,12224.703,
2026-09-08T19:30:17.133788+00:00,201,50467.469,
2026-09-08T19:31:03.773842+00:00,201,3828.875,
2026-09-08T19:31:03.643700+00:00,201,3960.036,
2026-09-08T19:30:53.539804+00:00,201,14065.27,
2026-09-08T19:31:01.100427+00:00,201,6506.613,
2026-09-08T19:30:50.287146+00:00,201,17336.005,
2026-09-08T19:31:04.831119+00:00,201,2795.116,
2026-09-08T19:30:54.566224+00:00,201,13060.939,
2026-09-08T19:30:54.106203+00:00,201,13521.955,
2026-09-08T19:30:47.639266+00:00,201,20009.432,
2026-09-08T19:30:53.240233+00:00,201,14418.558,
2026-09-08T19:30:55.386892+00:00,201,12291.701,
2026-09-08T19:31:06.030668+00:00,201,1650.011,
2026-09-08T19:30:37.294132+00:00,201,30393.615,
2026-09-08T19:30:59.959851+00:00,201,7738.591,
2026-09-08T19:31:02.128689+00:00,201,5572.697,
2026-09-08T19:30:55.223282+00:00,201,12482.083,
2026-09-08T19:30:41.652497+00:00,201,26055.497,
2026-09-08T19:31:04.709098+00:00,201,3000.763,
2026-09-08T19:31:02.031217+00:00,201,5688.549,
2026-09-08T19:31:04.241051+00:00,201,3480.43,
2026-09-08T19:30:57.880870+00:00,201,9842.391,
2026-09-08T19:30:43.719019+00:00,201,24011.214,
2026-09-08T19:30:51.298758+00:00,201,16444.841,
2026-09-08T19:31:01.725679+00:00,201,6019.942,
2026-09-08T19:31:01.007189+00:00,201,6750.582,
2026-09-08T19:30:37.466206+00:00,201,30305.513,
2026-09-08T19:31:02.221459+00:00,201,5551.879,
2026-09-08T19:30:56.816756+00:00,201,10959.45,
2026-09-08T19:31:06.517039+00:00,201,1261.871,
2026-09-08T19:30:34.593007+00:00,201,33190.622,
2026-09-08T19:30:56.225020+00:00,201,11569.94,
2026-09-08T19:30:53.992236+00:00,201,13806.035,
2026-09-08T19:30:51.933552+00:00,201,15867.343,
2026-09-08T19:30:30.925248+00:00,201,36885.297,
2026-09-08T19:31:04.223619+00:00,201,3605.195,
2026-09-08T19:30:46.035613+00:00,201,21806.937,
2026-09-08T19:30:49.980877+00:00,201,17864.535,
2026-09-08T19:30:36.986352+00:00,201,30860.86,
2026-09-08T19:31:06.621509+00:00,201,1238.585,
2026-09-08T19:31:05.795347+00:00,201,2068.915,
2026-09-08T19:31:07.193633+00:00,201,673.184,
2026-09-08T19:30:59.580478+00:00,201,8292.655,
2026-09-08T19:30:53.467008+00:00,201,14417.194,
2026-09-08T19:30:57.575380+00:00,201,10309.964,
2026-09-08T19:31:07.314407+00:00,201,572.12,
2026-09-08T19:31:00.516001+00:00,201,7379.02,
2026-09-08T19:30:54.853197+00:00,201,13049.086,
2026-09-08T19:30:51.915909+00:00,201,15989.614,
2026-09-08T19:30:52.640757+00:00,201,15265.903,
2026-09-08T19:30:31.921617+00:00,201,36006.25,
2026-09-08T19:31:00.408517+00:00,201,7524.358,
2026-09-08T19:30:55.290986+00:00,201,12643.647,
2026-09-08T19:30:53.723681+00:00,201,14216.014,
2026-09-08T19:30:59.425576+00:00,201,8519.292,
2026-09-08T19:30:51.447620+00:00,201,16503.585,
2026-09-08T19:31:02.345011+00:00,201,5607.895,
2026-09-08T19:31:07.375286+00:00,201,582.973,
2026-09-08T19:30:52.855215+00:00,201,15121.673,
2026-09-08T19:30:48.166798+00:00,201,19822.415,
2026-09-08T19:30:49.552684+00:00,201,18455.338,
2026-09-08T19:30:56.542741+00:00,201,11466.218,
2026-09-08T19:30:49.991631+00:00,201,18034.082,
2026-09-08T19:30:57.984509+00:00,201,10043.664,
2026-09-08T19:31:07.175699+00:00,201,856.842,
2026-09-08T19:30:25.908013+00:00,201,42125.32,
2026-09-08T19:30:36.962026+00:00,201,31102.589,
2026-09-08T19:30:58.852939+00:00,201,9221.206,
2026-09-08T19:30:54.312869+00:00,201,13781.558,
2026-09-08T19:31:04.808801+00:00,201,3287.098,
2026-09-08T19:30:59.365499+00:00,201,8731.713,
2026-09-08T19:31:01.786877+00:00,201,6320.036,
2026-09-08T19:30:35.516834+00:00,201,32595.788,
2026-09-08T19:30:30.653461+00:00,201,37461.671,
2026-09-08T19:30:21.097425+00:00,201,47029.464,
2026-09-08T19:30:41.456194+00:00,201,26671.605,
2026-09-08T19:30:48.097645+00:00,201,20033.607,
2026-09-08T19:30:55.484651+00:00,201,12650.627,
2026-09-08T19:30:32.260560+00:00,201,35880.444,
2026-09-08T19:30:40.257383+00:00,201,27886.343,
2026-09-08T19:30:54.936354+00:00,201,13208.994,
2026-09-08T19:30:47.989963+00:00,201,20156.497,
2026-09-08T19:31:01.888304+00:00,201,6259.331,
2026-09-08T19:31:00.702658+00:00,201,7446.196,
2026-09-08T19:30:28.325265+00:00,201,39824.832,
2026-09-08T19:30:42.695703+00:00,201,25455.689,
2026-09-08T19:30:50.348737+00:00,201,17803.978,
2026-09-08T19:30:55.691175+00:00,201,12462.896,
2026-09-08T19:31:07.322670+00:00,201,832.822,
2026-09-08T19:30:53.352485+00:00,201,14804.397,
2026-09-08T19:30:39.850673+00:00,201,28307.654,
2026-09-08T19:30:35.984329+00:00,201,32175.524,
2026-09-08T19:30:36.019150+00:00,201,32142.305,
2026-09-08T19:30:45.574096+00:00,201,22613.659,
2026-09-08T19:30:37.239873+00:00,201,30949.264,
2026-09-08T19:30:24.538594+00:00,201,43651.935,
2026-09-08T19:30:41.241714+00:00,201,26950.26,
2026-09-08T19:30:36.787976+00:00,201,31405.465,
2026-09-08T19:30:59.337366+00:00,201,8870.075,
2026-09-08T19:31:01.350989+00:00,201,6872.784,
2026-09-08T19:30:57.826278+00:00,201,10403.121,
2026-09-08T19:31:07.883136+00:00,201,371.462,
2026-09-08T19:30:42.468727+00:00,201,25795.631,
2026-09-08T19:30:55.311491+00:00,201,12967.354,
2026-09-08T19:30:57.519691+00:00,201,10762.952,
2026-09-08T19:30:55.431500+00:00,201,12852.749,
2026-09-08T19:30:21.368859+00:00,201,46917.782,
2026-09-08T19:30:54.371734+00:00,201,13930.591,
2026-09-08T19:31:00.179096+00:00,201,8130.437,
2026-09-08T19:30:53.600367+00:00,201,14717.31,
2026-09-08T19:30:43.531339+00:00,201,24810.225,
2026-09-08T19:30:36.985135+00:00,201,31378.017,
2026-09-08T19:30:38.017066+00:00,201,30369.844,
2026-09-08T19:31:06.955588+00:00,201,1439.823,
2026-09-08T19:30:31.993641+00:00,201,36404.848,
2026-09-08T19:30:33.684931+00:00,201,34722.725,
2026-09-08T19:31:05.758347+00:00,201,2657.645,
2026-09-08T19:30:50.691323+00:00,201,17729.21,
2026-09-08T19:30:55.332679+00:00,201,13102.918,
2026-09-08T19:30:58.482454+00:00,201,9956.424,
2026-09-08T19:30:35.748214+00:00,201,32703.947,
2026-09-08T19:30:47.687900+00:00,201,20773.486,
2026-09-08T19:31:00.976877+00:00,201,7496.12,
2026-09-08T19:31:08.193492+00:00,201,292.489,
2026-09-08T19:30:26.536609+00:00,201,41956.341,
2026-09-08T19:30:34.192751+00:00,201,34303.677,
2026-09-08T19:30:51.675863+00:00,201,16897.854,
2026-09-08T19:31:07.411488+00:00,201,1163.911,
2026-09-08T19:30:53.886892+00:00,201,14691.63,
2026-09-08T19:30:54.181596+00:00,201,14413.848,
2026-09-08T19:31:01.475736+00:00,201,7127.386,
2026-09-08T19:30:33.139806+00:00,201,35500.777,
2026-09-08T19:31:03.239015+00:00,201,5426.697,
2026-09-08T19:31:04.731794+00:00,201,3941.243,
2026-09-08T19:30:22.083873+00:00,201,46594.329,
2026-09-08T19:30:55.328435+00:00,201,13360.175,
2026-09-08T19:31:06.023280+00:00,201,2669.02,
2026-09-08T19:30:55.658230+00:00,201,13055.595,
2026-09-08T19:31:00.611862+00:00,201,8109.961,
2026-09-08T19:30:47.776436+00:00,201,20972.86,
2026-09-08T19:31:07.951235+00:00,201,805.539,
2026-09-08T19:30:55.140671+00:00,201,13631.393,
2026-09-08T19:30:53.549346+00:00,201,15247.056,
2026-09-08T19:30:56.946449+00:00,201,11872.49,
2026-09-08T19:30:19.775450+00:00,201,49047.318,
2026-09-08T19:30:45.905374+00:00,201,22954.529,
2026-09-08T19:30:48.699977+00:00,201,20174.182,
2026-09-08T19:30:50.626582+00:00,201,18255.178,
2026-09-08T19:30:37.741818+00:00,201,31146.549,
2026-09-08T19:30:57.299858+00:00,201,11591.998,
2026-09-08T19:30:41.855974+00:00,201,27042.097,
2026-09-08T19:31:06.570973+00:00,201,2356.913,
2026-09-08T19:31:00.768862+00:00,201,8168.998,
2026-09-08T19:31:08.033399+00:00,201,914.221,
2026-09-08T19:30:32.457169+00:00,201,36502.213,
2026-09-08T19:31:07.182000+00:00,201,1785.735,
2026-09-08T19:31:02.764689+00:00,201,6205.501,
2026-09-08T19:30:53.394061+00:00,201,15589.522,
2026-09-08T19:30:40.619619+00:00,201,28369.929,
2026-09-08T19:30:56.493780+00:00,201,12504.029,
2026-09-08T19:31:07.709871+00:00,201,1343.329,
2026-09-08T19:30:31.286163+00:00,201,37797.41,
2026-09-08T19:30:42.219020+00:00,201,26906.245,
2026-09-08T19:30:52.277277+00:00,201,16850.626,
2026-09-08T19:30:34.023801+00:00,201,35106.068,
2026-09-08T19:31:06.874191+00:00,201,2269.867,
2026-09-08T19:31:01.850648+00:00,201,7300.215,
2026-09-08T19:31:06.966390+00:00,201,2187.128,
2026-09-08T19:30:30.957033+00:00,201,38198.245,
2026-09-08T19:30:43.107305+00:00,201,26072.357,
2026-09-08T19:31:03.304488+00:00,201,5891.354,
2026-09-08T19:30:42.534279+00:00,201,26687.162,
2026-09-08T19:30:54.218214+00:00,201,15031.201,
2026-09-08T19:30:45.939316+00:00,201,23322.973,
2026-09-08T19:30:21.983581+00:00,201,47284.373,
2026-09-08T19:30:53.955109+00:00,201,15332.465,
2026-09-08T19:30:58.434353+00:00,201,10868.443,
2026-09-08T19:31:05.855516+00:00,201,3449.4,
2026-09-08T19:30:57.042243+00:00,201,12269.175,
2026-09-08T19:30:51.781346+00:00,201,17562.656,
2026-09-08T19:31:08.578549+00:00,201,775.906,
2026-09-08T19:31:00.936279+00:00,201,8439.911,
2026-09-08T19:31:02.193243+00:00,201,7197.082,
2026-09-08T19:30:09.089273+00:00,201,60329.553,
2026-09-08T19:30:42.482614+00:00,201,26940.107,
2026-09-08T19:31:07.958265+00:00,201,1479.842,
2026-09-08T19:30:51.773795+00:00,201,17671.748,
2026-09-08T19:31:07.089939+00:00,201,2357.396,
2026-09-08T19:30:24.596895+00:00,201,44864.72,
2026-09-08T19:31:07.166508+00:00,201,2305.037,
2026-09-08T19:31:03.204564+00:00,201,6273.396,
2026-09-08T19:30:29.702904+00:00,201,39786.805,
2026-09-08T19:30:57.588358+00:00,201,11903.317,
2026-09-08T19:31:05.109759+00:00,201,4395.327,
2026-09-08T19:30:33.976471+00:00,201,35551.183,
2026-09-08T19:31:07.708037+00:00,201,1821.263,
2026-09-08T19:30:56.791570+00:00,201,12778.853,
2026-09-08T19:31:09.179706+00:00,201,404.218,
2026-09-08T19:30:43.262904+00:00,201,26332.015,
2026-09-08T19:30:39.414594+00:00,201,30217.56,
2026-09-08T19:30:59.303593+00:00,201,10338.87,
2026-09-08T19:31:01.941457+00:00,201,7703.572,
2026-09-08T19:31:05.537603+00:00,201,4109.876,
2026-09-08T19:30:34.471481+00:00,201,35195.574,
2026-09-08T19:30:52.738467+00:00,201,16954.383,
2026-09-08T19:30:47.900472+00:00,201,21797.396,
2026-09-08T19:30:57.424947+00:00,201,12276.232,
2026-09-08T19:30:44.851667+00:00,201,24862.159,
2026-09-08T19:30:44.463191+00:00,201,25307.137,
2026-09-08T19:30:16.591818+00:00,201,53185.497,
2026-09-08T19:31:00.267706+00:00,201,9513.461,
2026-09-08T19:31:02.708900+00:00,201,7078.001,
2026-09-08T19:30:58.282325+00:00,201,11516.126,
2026-09-08T19:30:48.665525+00:00,201,21139.003,
2026-09-08T19:30:54.097644+00:00,201,15722.985,
2026-09-08T19:30:15.027767+00:00,201,54800.74,
2026-09-08T19:30:50.290616+00:00,201,19556.76,
2026-09-08T19:30:56.589114+00:00,201,13292.728,
2026-09-08T19:31:00.767467+00:00,201,9129.043,
2026-09-08T19:30:54.616519+00:00,201,15311.636,
2026-09-08T19:30:54.395853+00:00,201,15550.599,
2026-09-08T19:30:42.090746+00:00,201,27865.261,
2026-09-08T19:30:48.132847+00:00,201,21832.069,
2026-09-08T19:30:59.660919+00:00,201,10321.826,
2026-09-08T19:30:45.458717+00:00,201,24540.05,
2026-09-08T19:30:57.426833+00:00,201,12597.344,
2026-09-08T19:30:30.553937+00:00,201,39472.068,
2026-09-08T19:31:07.927926+00:00,201,2103.217,
2026-09-08T19:31:03.190268+00:00,201,6846.217,
2026-09-08T19:31:04.082014+00:00,201,5957.21,
2026-09-08T19:31:08.575406+00:00,201,1479.173,
2026-09-08T19:30:50.716823+00:00,201,19343.057,
2026-09-08T19:31:01.414123+00:00,201,8677.347,
2026-09-08T19:31:05.593321+00:00,201,4503.354,
2026-09-08T19:31:08.127841+00:00,201,1976.056,
2026-09-08T19:31:07.350642+00:00,201,2755.983,
2026-09-08T19:30:54.025679+00:00,201,16125.526,
2026-09-08T19:30:55.745415+00:00,201,14417.92,
2026-09-08T19:31:02.452421+00:00,201,7717.899,
2026-09-08T19:31:05.864144+00:00,201,4326.344,
2026-09-08T19:30:36.332035+00:00,201,33892.045,
2026-09-08T19:30:31.853174+00:00,201,38378.07,
2026-09-08T19:30:49.415129+00:00,201,20827.111,
2026-09-08T19:30:44.041002+00:00,201,26235.079,
2026-09-08T19:30:49.361307+00:00,201,20933.409,
2026-09-08T19:30:05.564946+00:00,201,64740.774,
2026-09-08T19:30:34.903288+00:00,201,35411.234,
2026-09-08T19:30:33.749810+00:00,201,36575.255,
2026-09-08T19:30:50.505955+00:00,201,19823.024,
2026-09-08T19:30:36.883924+00:00,201,33453.143,
2026-09-08T19:30:55.255399+00:00,201,15102.086,
2026-09-08T19:30:50.395912+00:00,201,19994.852,
2026-09-08T19:31:02.917968+00:00,201,7497.966,
2026-09-08T19:30:51.230948+00:00,201,19186.94,
2026-09-08T19:30:55.108954+00:00,201,15314.005,
2026-09-08T19:31:00.544861+00:00,201,9896.464,
2026-09-08T19:30:40.533664+00:00,201,29909.63,
2026-09-08T19:31:00.150228+00:00,201,10303.911,
2026-09-08T19:30:49.062171+00:00,201,21393.784,
2026-09-08T19:30:40.114669+00:00,201,30345.164,
2026-09-08T19:30:31.778753+00:00,201,38691.686,
2026-09-08T19:30:55.187974+00:00,201,15326.33,
2026-09-08T19:31:05.392531+00:00,201,5128.21,
2026-09-08T19:30:49.700040+00:00,201,20823.87,
2026-09-08T19:30:50.462848+00:00,201,20070.587,
2026-09-08T19:31:04.536748+00:00,201,6004.829,
2026-09-08T19:31:02.036327+00:00,201,8523.204,
2026-09-08T19:31:07.853535+00:00,201,2713.037,
2026-09-08T19:30:33.867842+00:00,201,36713.298,
2026-09-08T19:31:06.522875+00:00,201,4070.923,
2026-09-08T19:30:53.272438+00:00,201,17351.926,
2026-09-08T19:30:49.263504+00:00,201,21369.955,
2026-09-08T19:30:52.189916+00:00,201,18448.924,
2026-09-08T19:30:36.870614+00:00,201,33778.614,
2026-09-08T19:30:56.610564+00:00,201,14053.104,
2026-09-08T19:31:02.016292+00:00,201,8654.48,
2026-09-08T19:30:18.215465+00:00,201,52459.302,
2026-09-08T19:31:04.334869+00:00,201,6375.7,
2026-09-08T19:31:05.223893+00:00,201,5494.289,
2026-09-08T19:30:57.961723+00:00,201,12800.316,
2026-09-08T19:31:01.241583+00:00,201,9536.484,
2026-09-08T19:31:05.257703+00:00,201,5522.381,
2026-09-08T19:30:36.573168+00:00,201,34256.739,
2026-09-08T19:30:47.250693+00:00,201,23618.512,
2026-09-08T19:30:35.422199+00:00,201,35454.847,
2026-09-08T19:30:55.080609+00:00,201,15802.851,
2026-09-08T19:31:03.166018+00:00,201,7720.932,
2026-09-08T19:31:01.544470+00:00,201,9345.871,
2026-09-08T19:30:37.117679+00:00,201,33790.003,
2026-09-08T19:31:01.883899+00:00,201,9029.924,
2026-09-08T19:31:00.576511+00:00,201,10355.242,
2026-09-08T19:31:10.026067+00:00,201,953.006,
2026-09-08T19:30:40.220516+00:00,201,30763.625,
2026-09-08T19:31:01.119146+00:00,201,9879.665,
2026-09-08T19:31:00.560706+00:00,201,10450.566,
2026-09-08T19:31:02.014777+00:00,201,9002.406,
2026-09-08T19:30:53.799460+00:00,201,17223.186,
2026-09-08T19:31:08.416003+00:00,201,2610.222,
2026-09-08T19:30:43.151798+00:00,201,27912.155,
2026-09-08T19:31:10.808817+00:00,201,280.578,
2026-09-08T19:31:04.734888+00:00,201,6361.974,
2026-09-08T19:30:48.178278+00:00,201,22923.432,
2026-09-08T19:30:56.866146+00:00,201,14246.436,
2026-09-08T19:30:59.409325+00:00,201,11711.512,
2026-09-08T19:31:07.954104+00:00,201,3171.972,
2026-09-08T19:31:10.869248+00:00,201,287.169,
2026-09-08T19:31:01.821230+00:00,201,9343.521,
2026-09-08T19:31:00.465226+00:00,201,10715.497,
2026-09-08T19:31:01.508972+00:00,201,9690.085,
2026-09-08T19:30:59.895533+00:00,201,11306.541,
2026-09-08T19:31:09.570449+00:00,201,1641.411,
2026-09-08T19:30:57.017363+00:00,201,14202.227,
2026-09-08T19:31:01.236538+00:00,201,10003.179,
2026-09-08T19:30:40.373393+00:00,201,30887.41,
2026-09-08T19:30:41.160709+00:00,201,30109.492,
2026-09-08T19:30:48.979368+00:00,201,22292.718,
2026-09-08T19:30:58.727217+00:00,201,12549.543,
2026-09-08T19:31:04.406472+00:00,201,6879.701,
2026-09-08T19:31:07.730272+00:00,201,3568.744,
2026-09-08T19:31:00.181919+00:00,201,11124.751,
2026-09-08T19:30:58.914426+00:00,201,12401.091,
2026-09-08T19:30:58.350121+00:00,201,12976.174,
2026-09-08T19:30:30.374747+00:00,201,40966.352,
2026-09-08T19:30:39.519589+00:00,201,31826.497,
2026-09-08T19:31:09.642483+00:00,201,1709.662,
2026-09-08T19:30:04.839151+00:00,201,66529.717,
2026-09-08T19:31:08.363201+00:00,201,3019.377,
2026-09-08T19:30:39.601509+00:00,201,31785.862,
2026-09-08T19:30:35.293122+00:00,201,36102.789,
2026-09-08T19:31:04.741713+00:00,201,6680.141,
2026-09-08T19:30:45.234064+00:00,201,26216.682,
2026-09-08T19:30:30.750188+00:00,201,40712.381,
2026-09-08T19:30:48.900097+00:00,201,22590.074,
2026-09-08T19:30:29.574793+00:00,201,41935.812,
2026-09-08T19:30:55.647693+00:00,201,15866.313,
2026-09-08T19:31:00.574341+00:00,201,10952.882,
2026-09-08T19:31:08.151433+00:00,201,3393.497,
2026-09-08T19:31:06.905766+00:00,201,4668.14,
2026-09-08T19:30:50.654082+00:00,201,20923.984,
2026-09-08T19:31:10.984190+00:00,201,608.112,
2026-09-08T19:31:10.515753+00:00,201,1105.514,
2026-09-08T19:30:46.795173+00:00,201,24862.129,
2026-09-08T19:31:10.533470+00:00,201,1138.976,
2026-09-08T19:31:07.096558+00:00,201,4597.625,
2026-09-08T19:30:31.349094+00:00,201,40351.801,
2026-09-08T19:31:08.324114+00:00,201,3381.894,
2026-09-08T19:31:03.526319+00:00,201,8192.282,
2026-09-08T19:30:40.742242+00:00,201,30995.77,
2026-09-08T19:31:06.074480+00:00,201,5678.334,
2026-09-08T19:30:56.295754+00:00,201,15462.021,
2026-09-08T19:31:09.529310+00:00,201,2270.124,
2026-09-08T19:30:32.328219+00:00,201,39480.21,
2026-09-08T19:30:52.623641+00:00,201,19188.308,
2026-09-08T19:30:38.207525+00:00,201,33610.44,
2026-09-08T19:31:01.905313+00:00,201,9917.01,
2026-09-08T19:31:02.999792+00:00,201,8829.647,
2026-09-08T19:30:43.482853+00:00,201,28349.307,
2026-09-08T19:30:40.787161+00:00,201,31057.955,
2026-09-08T19:31:03.794804+00:00,201,8054.241,
2026-09-08T19:31:01.985001+00:00,201,9921.151,
2026-09-08T19:31:04.052986+00:00,201,7864.296,
2026-09-08T19:30:48.970671+00:00,201,22950.306,
2026-09-08T19:31:02.900376+00:00,201,9029.429,
2026-09-08T19:30:55.790606+00:00,201,16142.927,
2026-09-08T19:31:08.461423+00:00,201,3480.343,
2026-09-08T19:31:04.700588+00:00,201,7268.645,
2026-09-08T19:30:49.315549+00:00,201,22655.429,
2026-09-08T19:30:42.045896+00:00,201,29937.141,
2026-09-08T19:31:09.527714+00:00,201,2467.186,
2026-09-08T19:30:27.922709+00:00,201,44092.946,
2026-09-08T19:30:52.238722+00:00,201,19802.011,
2026-09-08T19:31:00.946413+00:00,201,11098.281,
2026-09-08T19:30:29.144013+00:00,201,42902.533,
2026-09-08T19:31:06.140165+00:00,201,5908.372,
2026-09-08T19:31:04.581980+00:00,201,7478.342,
2026-09-08T19:30:59.559661+00:00,201,12510.402,
2026-09-08T19:30:37.782793+00:00,201,34315.518,
2026-09-08T19:31:02.082540+00:00,201,10022.655,
2026-09-08T19:30:51.375899+00:00,201,20739.893,
2026-09-08T19:31:04.325117+00:00,201,7823.961,
2026-09-08T19:31:11.906172+00:00,201,253.703,
2026-09-08T19:31:07.254305+00:00,201,4910.31,
2026-09-08T19:31:01.630875+00:00,201,10537.794,
2026-09-08T19:30:49.659249+00:00,201,22512.594,
2026-09-08T19:30:43.075266+00:00,201,29116.411,
2026-09-08T19:30:19.072085+00:00,201,53137.526,
2026-09-08T19:31:02.022905+00:00,201,10188.691,
2026-09-08T19:30:28.713507+00:00,201,43531.133,
2026-09-08T19:30:44.724979+00:00,201,27537.684,
2026-09-08T19:31:00.155621+00:00,201,12111.176,
2026-09-08T19:30:50.354356+00:00,201,21931.533,
2026-09-08T19:30:55.367310+00:00,201,16967.734,
2026-09-08T19:31:12.070088+00:00,201,282.166,
2026-09-08T19:30:54.208529+00:00,201,18170.907,
2026-09-08T19:30:53.099916+00:00,201,19283.309,
2026-09-08T19:30:40.833305+00:00,201,31560.056,
2026-09-08T19:31:01.096445+00:00,201,11298.879,
2026-09-08T19:31:09.445575+00:00,201,2964.28,
2026-09-08T19:30:36.837442+00:00,201,35584.978,
2026-09-08T19:31:11.276785+00:00,201,1157.227,
2026-09-08T19:30:52.233819+00:00,201,20215.036,
2026-09-08T19:30:56.125839+00:00,201,16329.906,
2026-09-08T19:30:57.087835+00:00,201,15379.209,
2026-09-08T19:31:07.783682+00:00,201,4693.013,
2026-09-08T19:30:56.528778+00:00,201,15972.534,
2026-09-08T19:31:09.249442+00:00,201,3265.736,
2026-09-08T19:31:10.106639+00:00,201,2424.728,
2026-09-08T19:31:01.438558+00:00,201,11097.962,
2026-09-08T19:30:21.840270+00:00,201,50763.248,
2026-09-08T19:30:32.964743+00:00,201,39650.925,
2026-09-08T19:30:04.501094+00:00,201,68126.235,
2026-09-08T19:31:05.341067+00:00,201,7288.277,
2026-09-08T19:31:05.216052+00:00,201,7426.777,
2026-09-08T19:30:48.501153+00:00,201,24168.269,
2026-09-08T19:30:26.177021+00:00,201,46503.584,
2026-09-08T19:30:31.890165+00:00,201,40794.983,
2026-09-08T19:30:39.372435+00:00,201,33333.841,
2026-09-08T19:31:06.414585+00:00,201,6301.173,
2026-09-08T19:31:06.104572+00:00,201,6648.243,
2026-09-08T19:30:58.452037+00:00,201,14312.254,
2026-09-08T19:31:03.640332+00:00,201,9131.154,
2026-09-08T19:30:43.434956+00:00,201,29341.392,
2026-09-08T19:30:33.379305+00:00,201,39409.575,
2026-09-08T19:31:02.846717+00:00,201,9945.132,
2026-09-08T19:30:57.153171+00:00,201,15675.572,
2026-09-08T19:31:11.592309+00:00,201,1240.119,
2026-09-08T19:30:59.800738+00:00,201,13053.156,
2026-09-08T19:31:11.462636+00:00,201,1394.173,
2026-09-08T19:31:08.665725+00:00,201,4216.32,
2026-09-08T19:31:02.547560+00:00,201,10344.643,
2026-09-08T19:30:47.432904+00:00,201,25470.22,
2026-09-08T19:31:07.746991+00:00,201,5174.199,
2026-09-08T19:30:14.305973+00:00,201,58623.072,
2026-09-08T19:30:49.837945+00:00,201,23116.58,
2026-09-08T19:31:10.663694+00:00,201,2314.928,
2026-09-08T19:31:11.929824+00:00,201,1063.782,
2026-09-08T19:31:02.265591+00:00,201,10729.977,
2026-09-08T19:31:02.622967+00:00,201,10377.501,
2026-09-08T19:30:31.032573+00:00,201,41970.66,
2026-09-08T19:31:02.690945+00:00,201,10332.606,
2026-09-08T19:30:53.870209+00:00,201,19170.316,
2026-09-08T19:30:55.723809+00:00,201,17343.633,
2026-09-08T19:31:08.161506+00:00,201,4909.205,
2026-09-08T19:30:43.633923+00:00,201,29444.138,
2026-09-08T19:30:51.336841+00:00,201,21758.311,
2026-09-08T19:30:44.801751+00:00,201,28309.409,
2026-09-08T19:31:07.719779+00:00,201,5406.215,
2026-09-08T19:30:39.991222+00:00,201,33145.452,
2026-09-08T19:31:01.075027+00:00,201,12064.966,
2026-09-08T19:31:07.648733+00:00,201,5494.438,
2026-09-08T19:30:48.275374+00:00,201,24903.929,
2026-09-08T19:30:18.635463+00:00,201,54550.671,
2026-09-08T19:31:12.330711+00:00,201,860.441,
2026-09-08T19:31:08.970204+00:00,201,4240.197,
2026-09-08T19:30:29.653035+00:00,201,43559.806,
2026-09-08T19:31:06.707302+00:00,201,6514.179,
2026-09-08T19:31:11.092254+00:00,201,2145.388,
2026-09-08T19:31:01.113273+00:00,201,12131.992,
2026-09-08T19:30:54.522025+00:00,201,18724.705,
2026-09-08T19:30:46.583248+00:00,201,26664.549,
2026-09-08T19:30:18.783409+00:00,201,54467.34,
2026-09-08T19:31:07.148372+00:00,201,6105.309,
2026-09-08T19:31:08.398546+00:00,201,4870.531,
2026-09-08T19:30:48.387555+00:00,201,24889.307,
2026-09-08T19:30:06.266524+00:00,201,67093.335,
2026-09-08T19:31:10.043936+00:00,201,3321.296,
2026-09-08T19:31:08.881792+00:00,201,4515.777,
2026-09-08T19:31:13.179344+00:00,201,224.474,
2026-09-08T19:30:55.807931+00:00,201,17626.058,
2026-09-08T19:31:05.424383+00:00,201,8013.544,
2026-09-08T19:30:41.162720+00:00,201,32280.176,
2026-09-08T19:30:40.163359+00:00,201,33288.869,
2026-09-08T19:31:11.164769+00:00,201,2288.905,
2026-09-08T19:30:56.051099+00:00,201,17406.761,
2026-09-08T19:31:08.051604+00:00,201,5412.065,
2026-09-08T19:31:06.531391+00:00,201,6934.61,
2026-09-08T19:31:07.497151+00:00,201,5969.864,
2026-09-08T19:30:36.504596+00:00,201,36969.12,
2026-09-08T19:30:44.720923+00:00,201,28759.857,
2026-09-08T19:30:25.225061+00:00,201,48276.536,
2026-09-08T19:30:44.977523+00:00,201,28528.316,
2026-09-08T19:30:58.788621+00:00,201,14719.911,
2026-09-08T19:31:10.520758+00:00,201,2995.762,
2026-09-08T19:30:52.620826+00:00,201,20898.011,
2026-09-08T19:30:55.269377+00:00,201,18258.753,
2026-09-08T19:31:02.063060+00:00,201,11468.282,
2026-09-08T19:31:11.157845+00:00,201,2376.759,
2026-09-08T19:31:12.013221+00:00,201,1523.678,
2026-09-08T19:31:04.237978+00:00,201,9300.376,
2026-09-08T19:30:56.819663+00:00,201,16731.878,
2026-09-08T19:30:51.113207+00:00,201,22442.275,
2026-09-08T19:30:30.316846+00:00,201,43252.359,
2026-09-08T19:30:44.101337+00:00,201,29471.248,
2026-09-08T19:30:58.811764+00:00,201,14762.37,
2026-09-08T19:31:08.032548+00:00,201,5576.949,
2026-09-08T19:31:05.882632+00:00,201,7736.382,
2026-09-08T19:30:57.562723+00:00,201,16060.102,
2026-09-08T19:31:02.979236+00:00,201,10651.894,
2026-09-08T19:30:45.144978+00:00,201,28489.982,
2026-09-08T19:31:03.933063+00:00,201,9703.256,
2026-09-08T19:31:07.680691+00:00,201,5959.845,
2026-09-08T19:30:51.883112+00:00,201,21761.11,
2026-09-08T19:31:10.171794+00:00,201,3486.204,
2026-09-08T19:31:12.892223+00:00,201,779.902,
2026-09-08T19:30:56.177890+00:00,201,17495.383,
2026-09-08T19:31:03.513943+00:00,201,10168.48,
2026-09-08T19:30:55.676978+00:00,201,18010.469,
2026-09-08T19:30:58.381915+00:00,201,15320.95,
2026-09-08T19:30:49.292857+00:00,201,24413.257,
2026-09-08T19:31:08.106931+00:00,201,5607.108,
2026-09-08T19:31:01.097575+00:00,201,12626.308,
2026-09-08T19:30:49.044590+00:00,201,24680.142,
2026-09-08T19:31:02.792670+00:00,201,10936.573,
2026-09-08T19:30:52.737209+00:00,201,20997.32,
2026-09-08T19:31:02.627176+00:00,201,11109.59,
2026-09-08T19:30:44.722356+00:00,201,29017.042,
2026-09-08T19:29:55.629849+00:00,201,78110.904,
2026-09-08T19:31:04.318713+00:00,201,9423.276,
2026-09-08T19:30:49.508996+00:00,201,24242.914,
2026-09-08T19:31:00.784937+00:00,201,12985.509,
2026-09-08T19:30:28.144152+00:00,201,45636.194,
2026-09-08T19:31:12.776395+00:00,201,1011.004,
2026-09-08T19:30:52.527249+00:00,201,21264.576,
2026-09-08T19:31:11.718620+00:00,201,2074.568,
2026-09-08T19:30:44.281837+00:00,201,29515.27,
2026-09-08T19:30:21.945751+00:00,201,51855.204,
2026-09-08T19:31:03.056360+00:00,201,10746.737,
2026-09-08T19:30:53.602382+00:00,201,20205.536,
2026-09-08T19:31:13.673304+00:00,201,138.725,
2026-09-08T19:31:05.998727+00:00,201,7818.286,
2026-09-08T19:30:29.210401+00:00,201,44618.921,
2026-09-08T19:30:47.566723+00:00,201,26268.192,
2026-09-08T19:30:33.630738+00:00,201,40211.644,
2026-09-08T19:30:39.707306+00:00,201,34141.782,
2026-09-08T19:30:57.750556+00:00,201,16106.162,
2026-09-08T19:30:48.065844+00:00,201,25803.503,
2026-09-08T19:31:05.694033+00:00,201,8183.285,
2026-09-08T19:31:06.408514+00:00,201,7475.78,
2026-09-08T19:30:48.729946+00:00,201,25157.567,
2026-09-08T19:30:54.451406+00:00,201,19440.534,
2026-09-08T19:31:12.810801+00:00,201,1086.582,
2026-09-08T19:30:38.528661+00:00,201,35373.459,
2026-09-08T19:30:35.155767+00:00,201,38751.216,
2026-09-08T19:31:04.409347+00:00,201,9502.395,
2026-09-08T19:30:41.012471+00:00,201,32909.607,
2026-09-08T19:31:02.184342+00:00,201,11742.631,
2026-09-08T19:31:11.059829+00:00,201,2873.719,
2026-09-08T19:30:52.116449+00:00,201,21834.691,
2026-09-08T19:31:11.983086+00:00,201,1970.659,
2026-09-08T19:30:20.165368+00:00,201,53802.45,
2026-09-08T19:31:13.250834+00:00,201,724.683,
2026-09-08T19:30:54.254434+00:00,201,19722.579,
2026-09-08T19:30:27.964330+00:00,201,46027.484,
2026-09-08T19:30:48.200713+00:00,201,25794.799,
2026-09-08T19:30:28.157737+00:00,201,45838.789,
2026-09-08T19:30:15.523415+00:00,201,58476.517,
2026-09-08T19:30:53.059486+00:00,201,20956.977,
2026-09-08T19:31:01.618621+00:00,201,12411.81,
2026-09-08T19:30:57.362521+00:00,201,16676.417,
2026-09-08T19:30:45.778752+00:00,201,28278.233,
2026-09-08T19:31:07.321693+00:00,201,6753.134,
2026-09-08T19:30:39.038467+00:00,201,35055.682,
2026-09-08T19:31:01.906525+00:00,201,12188.674,
2026-09-08T19:31:11.272124+00:00,201,2847.041,
2026-09-08T19:31:08.064667+00:00,201,6057.919,
2026-09-08T19:30:12.833358+00:00,201,61295.123,
2026-09-08T19:31:10.674847+00:00,201,3456.934,
2026-09-08T19:31:11.971018+00:00,201,2177.239,
2026-09-08T19:31:01.216050+00:00,201,12939.704,
2026-09-08T19:30:56.003077+00:00,201,18159.79,
2026-09-08T19:31:05.262500+00:00,201,8905.004,
2026-09-08T19:31:01.562257+00:00,201,12614.583,
2026-09-08T19:31:13.547982+00:00,201,630.509,
2026-09-08T19:30:58.375244+00:00,201,15804.799,
2026-09-08T19:31:13.736786+00:00,201,457.398,
2026-09-08T19:30:50.707883+00:00,201,23493.341,
2026-09-08T19:30:33.815315+00:00,201,40388.678,
2026-09-08T19:31:13.771729+00:00,201,440.553,
2026-09-08T19:31:08.496483+00:00,201,5719.327,
2026-09-08T19:31:05.020932+00:00,201,9208.11,
2026-09-08T19:30:37.218298+00:00,201,37012.354,
2026-09-08T19:30:33.345714+00:00,201,40887.751,
2026-09-08T19:30:44.461631+00:00,201,29773.126,
2026-09-08T19:31:05.886743+00:00,201,8363.861,
2026-09-08T19:31:00.738764+00:00,201,13513.674,
2026-09-08T19:30:36.074185+00:00,201,38179.868,
2026-09-08T19:30:53.523424+00:00,201,20754.479,
2026-09-08T19:30:28.457072+00:00,201,45821.756,
2026-09-08T19:30:59.146991+00:00,201,15134.893,
2026-09-08T19:31:06.042058+00:00,201,8242.194,
2026-09-08T19:30:33.784065+00:00,201,40501.101,
2026-09-08T19:31:03.837039+00:00,201,10452.883,
2026-09-08T19:30:57.682374+00:00,201,16613.232,
2026-09-08T19:31:06.985204+00:00,201,7321.881,
2026-09-08T19:31:00.090546+00:00,201,14217.402,
2026-09-08T19:31:13.887557+00:00,201,429.023,
2026-09-08T19:31:11.211870+00:00,201,3120.427,
2026-09-08T19:30:31.526219+00:00,201,42808.288,
2026-09-08T19:31:02.611204+00:00,201,11724.176,
2026-09-08T19:31:13.434024+00:00,201,908.767,
2026-09-08T19:30:38.800957+00:00,201,35549.22,
2026-09-08T19:31:13.070723+00:00,201,1294.952,
2026-09-08T19:31:10.996141+00:00,201,3395.484,
2026-09-08T19:31:04.060277+00:00,201,10335.156,
2026-09-08T19:31:00.359259+00:00,201,14038.055,
2026-09-08T19:30:57.169960+00:00,201,17232.233,
2026-09-08T19:30:55.329674+00:00,201,19081.05,
2026-09-08T19:31:13.702894+00:00,201,711.977,
2026-09-08T19:31:09.781186+00:00,201,4641.097,
2026-09-08T19:31:00.387512+00:00,201,14036.114,
2026-09-08T19:31:04.949291+00:00,201,9478.754,
2026-09-08T19:31:08.773848+00:00,201,5655.175,
2026-09-08T19:30:21.699448+00:00,201,52731.848,
2026-09-08T19:31:05.023579+00:00,201,9424.518,
2026-09-08T19:31:05.066242+00:00,201,9382.658,
2026-09-08T19:30:43.076579+00:00,201,31378.632,
2026-09-08T19:31:11.657342+00:00,201,2807.313,
2026-09-08T19:31:12.176416+00:00,201,2291.595,
2026-09-08T19:30:50.954881+00:00,201,23522.276,
2026-09-08T19:31:14.332310+00:00,201,145.799,
2026-09-08T19:31:12.396950+00:00,201,2089.217,
2026-09-08T19:31:13.269090+00:00,201,1235.548,
2026-09-08T19:31:13.276903+00:00,201,1229.662,
2026-09-08T19:30:37.674753+00:00,201,36846.35,
2026-09-08T19:30:12.946635+00:00,201,61588.287,
2026-09-08T19:30:52.608014+00:00,201,21932.509,
2026-09-08T19:30:55.546664+00:00,201,19000.65,
2026-09-08T19:31:08.028192+00:00,201,6525.876,
2026-09-08T19:30:29.736659+00:00,201,44818.912,
2026-09-08T19:30:17.050930+00:00,201,57506.092,
2026-09-08T19:30:50.698118+00:00,201,23877.009,
2026-09-08T19:31:10.593808+00:00,201,3989.245,
2026-09-08T19:30:54.140792+00:00,201,20447.041,
2026-09-08T19:30:56.164161+00:00,201,18436.627,
2026-09-08T19:30:27.290516+00:00,201,47319.097,
2026-09-08T19:31:14.486176+00:00,201,131.835,
2026-09-08T19:30:50.652776+00:00,201,23973.895,
2026-09-08T19:30:41.986105+00:00,201,32655.026,
2026-09-08T19:30:57.898401+00:00,201,16752.613,
2026-09-08T19:30:49.555613+00:00,201,25100.916,
2026-09-08T19:30:53.829048+00:00,201,20830.232,
2026-09-08T19:31:11.299027+00:00,201,3364.85,
2026-09-08T19:30:37.418039+00:00,201,37249.499,
2026-09-08T19:31:12.996707+00:00,201,1672.24,
2026-09-08T19:31:01.502780+00:00,201,13177.629,
2026-09-08T19:30:50.930798+00:00,201,23755.416,
2026-09-08T19:30:42.149286+00:00,201,32542.884,
2026-09-08T19:30:52.983389+00:00,201,21717.832,
2026-09-08T19:30:35.750494+00:00,201,38955.91,
2026-09-08T19:31:14.415929+00:00,201,304.103,
2026-09-08T19:30:54.328703+00:00,201,20394.89,
2026-09-08T19:30:37.562205+00:00,201,37164.389,
2026-09-08T19:30:59.593774+00:00,201,15134.285,
2026-09-08T19:31:08.678277+00:00,201,6060.57,
2026-09-08T19:31:06.778605+00:00,201,7972.17,
2026-09-08T19:30:58.448265+00:00,201,16305.416,
2026-09-08T19:30:34.703041+00:00,201,40053.603,
2026-09-08T19:31:01.614922+00:00,201,13155.886,
2026-09-08T19:30:58.548963+00:00,201,16225.256,
2026-09-08T19:31:12.363242+00:00,201,2412.984,
2026-09-08T19:31:03.603181+00:00,201,11176.609,
2026-09-08T19:31:11.955251+00:00,201,2841.243,
2026-09-08T19:30:52.135510+00:00,201,22663.423,
2026-09-08T19:30:51.724503+00:00,201,23083.129,
2026-09-08T19:30:57.271595+00:00,201,17536.972,
2026-09-08T19:30:57.848183+00:00,201,16966.625,
2026-09-08T19:30:54.854714+00:00,201,19961.035,
2026-09-08T19:30:33.306992+00:00,201,41510.507,
2026-09-08T19:30:29.885388+00:00,201,44938.588,
2026-09-08T19:30:51.046674+00:00,201,23778.35,
2026-09-08T19:31:05.140595+00:00,201,9695.21,
2026-09-08T19:31:13.714055+00:00,201,1138.317,
2026-09-08T19:31:14.720040+00:00,201,139.875,
2026-09-08T19:31:11.857224+00:00,201,3012.017,
2026-09-08T19:30:21.351478+00:00,201,53521.01,
2026-09-08T19:30:54.611043+00:00,201,20286.834,
2026-09-08T19:30:53.695691+00:00,201,21204.148,
2026-09-08T19:31:11.219615+00:00,201,3687.828,
2026-09-08T19:30:53.844619+00:00,201,21064.62,
2026-09-08T19:30:55.437383+00:00,201,19499.405,
2026-09-08T19:30:33.224681+00:00,201,41723.899,
2026-09-08T19:30:46.802231+00:00,201,28147.353,
2026-09-08T19:31:14.281911+00:00,201,677.671,
2026-09-08T19:31:13.884311+00:00,201,1079.039,
2026-09-08T19:31:01.122194+00:00,201,13844.338,
2026-09-08T19:31:07.456615+00:00,201,7511.591,
2026-09-08T19:31:13.078108+00:00,201,1895.354,
2026-09-08T19:31:06.785430+00:00,201,8192.067,
2026-09-08T19:30:54.214245+00:00,201,20764.402,
2026-09-08T19:31:07.564564+00:00,201,7419.761,
2026-09-08T19:31:07.601336+00:00,201,7397.39,
2026-09-08T19:30:49.451510+00:00,201,25549.427,
2026-09-08T19:30:53.664469+00:00,201,21339.108,
2026-09-08T19:31:10.778087+00:00,201,4229.019,
2026-09-08T19:30:55.287813+00:00,201,19738.193,
2026-09-08T19:30:54.632624+00:00,201,20399.368,
2026-09-08T19:31:07.678618+00:00,201,7359.432,
2026-09-08T19:31:03.365340+00:00,201,11697.854,
2026-09-08T19:31:02.823031+00:00,201,12246.344,
2026-09-08T19:30:49.160685+00:00,201,25911.594,
2026-09-08T19:30:42.257034+00:00,201,32818.824,
2026-09-08T19:31:05.702024+00:00,201,9380.563,
2026-09-08T19:30:52.893936+00:00,201,22197.242,
2026-09-08T19:31:14.959589+00:00,201,137.173,
2026-09-08T19:30:54.589519+00:00,201,20523.015,
2026-09-08T19:31:07.495829+00:00,201,7618.399,
2026-09-08T19:30:54.685246+00:00,201,20434.502,
2026-09-08T19:31:02.274051+00:00,201,12851.905,
2026-09-08T19:30:37.424467+00:00,201,37713.823,
2026-09-08T19:31:08.454473+00:00,201,6688.68,
2026-09-08T19:30:51.281047+00:00,201,23873.377,
2026-09-08T19:31:14.859921+00:00,201,295.333,
2026-09-08T19:31:13.143185+00:00,201,2015.605,
2026-09-08T19:30:52.393851+00:00,201,22768.631,
2026-09-08T19:31:05.907363+00:00,201,9257.084,
2026-09-08T19:31:05.044396+00:00,201,10122.025,
2026-09-08T19:31:14.656570+00:00,201,528.707,
2026-09-08T19:31:03.266595+00:00,201,11922.124,
2026-09-08T19:31:06.561907+00:00,201,8656.103,
2026-09-08T19:31:13.536907+00:00,201,1687.643,
2026-09-08T19:31:05.491351+00:00,201,9738.533,
2026-09-08T19:31:01.727733+00:00,201,13504.555,
2026-09-08T19:30:48.591596+00:00,201,26641.644,
2026-09-08T19:30:53.482734+00:00,201,21767.97,
2026-09-08T19:31:14.659315+00:00,201,593.368,
2026-09-08T19:31:06.384785+00:00,201,8874.432,
2026-09-08T19:31:10.653160+00:00,201,4610.475,
2026-09-08T19:31:06.684223+00:00,201,8582.584,
2026-09-08T19:30:38.458496+00:00,201,36813.461,
2026-09-08T19:30:41.918629+00:00,201,33356.581,
2026-09-08T19:30:14.985557+00:00,201,60302.75,
2026-09-08T19:31:14.095223+00:00,201,1216.381,
2026-09-08T19:30:47.515094+00:00,201,27801.465,
2026-09-08T19:30:58.569567+00:00,201,16752.269,
2026-09-08T19:30:51.228046+00:00,201,24104.964,
2026-09-08T19:31:12.978632+00:00,201,2355.449,
2026-09-08T19:31:07.208675+00:00,201,8132.125,
2026-09-08T19:31:12.335074+00:00,201,3024.045,
2026-09-08T19:30:42.960894+00:00,201,32399.19,
2026-09-08T19:30:51.591355+00:00,201,23775.831,
2026-09-08T19:31:13.653541+00:00,201,1719.606,
2026-09-08T19:31:12.713404+00:00,201,2668.049,
2026-09-08T19:30:31.142743+00:00,201,44242.435,
2026-09-08T19:30:57.532565+00:00,201,17858.677,
2026-09-08T19:31:01.977245+00:00,201,13432.289,
2026-09-08T19:30:45.741555+00:00,201,29678.084,
2026-09-08T19:30:38.699360+00:00,201,36725.394,
2026-09-08T19:30:33.796328+00:00,201,41629.53,
2026-09-08T19:31:07.845443+00:00,201,7601.215,
2026-09-08T19:31:03.346263+00:00,201,12108.628,
2026-09-08T19:30:18.820466+00:00,201,56637.39,
2026-09-08T19:30:55.726537+00:00,201,19757.008,
2026-09-08T19:30:57.616667+00:00,201,17880.598,
2026-09-08T19:30:55.372247+00:00,201,20135.18,
2026-09-08T19:31:09.896533+00:00,201,5626.395,
2026-09-08T19:30:30.573979+00:00,201,44965.661,
2026-09-08T19:31:14.814838+00:00,201,729.707,
2026-09-08T19:31:12.262708+00:00,201,3284.163,
2026-09-08T19:31:03.447061+00:00,201,12102.972,
2026-09-08T19:31:08.983611+00:00,201,6569.275,
2026-09-08T19:31:13.945729+00:00,201,1617.31,
2026-09-08T19:30:35.581944+00:00,201,39983.78,
2026-09-08T19:31:08.549147+00:00,201,7039.824,
2026-09-08T19:31:03.455013+00:00,201,12135.323,
2026-09-08T19:31:01.013527+00:00,201,14578.158,
2026-09-08T19:31:15.182192+00:00,201,410.932,
2026-09-08T19:31:11.706019+00:00,201,3888.527,
2026-09-08T19:30:34.390138+00:00,201,41205.821,
2026-09-08T19:31:05.198514+00:00,201,10399.104,
2026-09-08T19:31:14.618018+00:00,201,993.238,
2026-09-08T19:30:50.025091+00:00,201,25588.576,
2026-09-08T19:31:15.373155+00:00,201,267.181,
2026-09-08T19:31:04.264603+00:00,201,11397.392,
2026-09-08T19:30:54.318242+00:00,201,21345.462,
2026-09-08T19:30:12.261014+00:00,201,63404.343,
2026-09-08T19:30:36.696822+00:00,201,38970.317,
2026-09-08T19:31:06.196923+00:00,201,9472.056,
2026-09-08T19:31:05.083428+00:00,201,10587.581,
2026-09-08T19:31:14.391638+00:00,201,1281.379,
2026-09-08T19:31:00.531657+00:00,201,15143.419,
2026-09-08T19:30:45.923178+00:00,201,29753.936,
2026-09-08T19:30:56.221462+00:00,201,19457.72,
2026-09-08T19:31:02.454079+00:00,201,13227.196,
2026-09-08T19:30:54.768225+00:00,201,20915.251,
2026-09-08T19:31:01.212515+00:00,201,14473.185,
2026-09-08T19:31:00.759954+00:00,201,14927.989,
2026-09-08T19:31:00.684297+00:00,201,15006.12,
2026-09-08T19:30:44.632647+00:00,201,31060.244,
2026-09-08T19:30:34.861154+00:00,201,40834.257,
2026-09-08T19:30:19.833000+00:00,201,55864.957,
2026-09-08T19:30:34.816443+00:00,201,40884.173,
2026-09-08T19:31:13.911761+00:00,201,1791.609,
2026-09-08T19:31:15.209244+00:00,201,496.835,
2026-09-08T19:30:50.735942+00:00,201,24972.87,
2026-09-08T19:31:11.890714+00:00,201,3875.046,
2026-09-08T19:30:55.429143+00:00,201,20339.616,
2026-09-08T19:31:02.842334+00:00,201,12929.353,
2026-09-08T19:31:09.770373+00:00,201,6004.434,
2026-09-08T19:30:28.170053+00:00,201,47607.754,
2026-09-08T19:31:08.126028+00:00,201,7654.913,
2026-09-08T19:30:32.114766+00:00,201,43669.276,
2026-09-08T19:31:14.750793+00:00,201,1036.5,
2026-09-08T19:30:56.147095+00:00,201,19643.348,
2026-09-08T19:31:04.441505+00:00,201,11352.213,
2026-09-08T19:31:11.254839+00:00,201,4542.256,
2026-09-08T19:31:03.171099+00:00,201,12629.507,
2026-09-08T19:30:47.144651+00:00,201,28659.441,
2026-09-08T19:31:15.114248+00:00,201,693.35,
2026-09-08T19:31:03.151537+00:00,201,12659.602,
2026-09-08T19:31:08.582134+00:00,201,7232.766,
2026-09-08T19:30:55.088745+00:00,201,20730.011,
2026-09-08T19:31:14.335401+00:00,201,1487.222,
2026-09-08T19:31:15.000982+00:00,201,825.622,
2026-09-08T19:30:55.042208+00:00,201,20788.274,
2026-09-08T19:31:02.343367+00:00,201,13491.227,
2026-09-08T19:31:11.346138+00:00,201,4492.487,
2026-09-08T19:30:48.461459+00:00,201,27402.441,
2026-09-08T19:31:05.236354+00:00,201,10666.455,
2026-09-08T19:31:00.050842+00:00,201,15898.112,
2026-09-08T19:30:34.435521+00:00,201,41519.701,
2026-09-08T19:30:48.948441+00:00,201,27066.78,
2026-09-08T19:31:14.756707+00:00,201,1264.87,
2026-09-08T19:30:06.535942+00:00,201,69543.481,
2026-09-08T19:31:14.961265+00:00,201,1131.711,
2026-09-08T19:31:12.993617+00:00,201,3147.93,
2026-09-08T19:31:00.219010+00:00,201,15930.777,
2026-09-08T19:30:59.305197+00:00,201,16857.396,
2026-09-08T19:30:47.263952+00:00,201,28942.689,
2026-09-08T19:31:13.403824+00:00,201,2821.302,
2026-09-08T19:31:08.749330+00:00,201,7515.127,
2026-09-08T19:30:49.639162+00:00,201,26680.655,
2026-09-08T19:30:53.384497+00:00,201,22954.897,
2026-09-08T19:30:39.907614+00:00,201,36440.442,
2026-09-08T19:30:42.804519+00:00,201,33573.879,
2026-09-08T19:31:09.505096+00:00,201,6879.876,
2026-09-08T19:30:56.092711+00:00,201,20344.298,
2026-09-08T19:30:47.223045+00:00,201,29222.42,
2026-09-08T19:31:14.423651+00:00,201,2030.37,
2026-09-08T19:31:12.685213+00:00,201,3832.034,
2026-09-08T19:31:15.765776+00:00,201,799.949,
2026-09-08T19:31:13.111207+00:00,201,3550.398,
2026-09-08T19:31:07.074491+00:00,201,9612.465,
2026-09-08T19:31:11.969247+00:00,201,4789.026,
2026-09-08T19:31:03.194371+00:00,201,13624.175,
2026-09-08T19:30:50.547029+00:00,201,26275.868,
2026-09-08T19:31:13.710665+00:00,201,3219.549,
2026-09-08T19:31:06.383603+00:00,201,10567.826,
2026-09-08T19:30:54.850858+00:00,201,22106.992,
2026-09-08T19:30:37.578700+00:00,201,39383.309,
2026-09-08T19:31:07.721491+00:00,201,9260.661,
2026-09-08T19:31:15.594556+00:00,201,1449.496,
2026-09-08T19:31:13.579658+00:00,201,3487.581,
2026-09-08T19:31:04.509082+00:00,201,12564.35,
2026-09-08T19:30:37.626639+00:00,201,39482.521,
2026-09-08T19:31:14.979367+00:00,201,2149.21,
2026-09-08T19:30:54.338766+00:00,201,22903.672,
2026-09-08T19:31:11.575526+00:00,201,5673.717,
2026-09-08T19:30:56.880566+00:00,201,20401.759,
2026-09-08T19:31:15.787299+00:00,201,1513.486,
2026-09-08T19:31:12.556674+00:00,201,4839.508,
2026-09-08T19:31:02.849758+00:00,201,14558.175,
2026-09-08T19:30:54.681195+00:00,201,22794.691,
2026-09-08T19:30:30.905805+00:00,201,46594.434,
2026-09-08T19:31:08.135304+00:00,201,9371.324,
2026-09-08T19:30:55.362426+00:00,201,22199.883,
2026-09-08T19:31:15.497307+00:00,201,2111.693,
2026-09-08T19:30:59.530067+00:00,201,18117.258,
2026-09-08T19:30:59.549173+00:00,201,18142.486,
2026-09-08T19:30:52.814558+00:00,201,24907.979,
2026-09-08T19:31:08.097232+00:00,201,9671.703,
2026-09-08T19:31:10.297394+00:00,201,7514.243,
2026-09-08T19:30:43.362007+00:00,201,34467.639,
2026-09-08T19:31:07.873150+00:00,201,9985.47,
2026-09-08T19:31:14.651048+00:00,201,3239.946,
2026-09-08T19:31:00.666879+00:00,201,17234.035,
2026-09-08T19:31:13.531364+00:00,201,4375.595,
2026-09-08T19:31:15.811165+00:00,201,2137.417,
2026-09-08T19:31:15.011644+00:00,201,2950.61,
2026-09-08T19:31:13.287807+00:00,201,4740.238,
2026-09-08T19:30:53.313583+00:00,201,24722.772,
2026-09-08T19:30:43.603717+00:00,201,34451.85,
2026-09-08T19:30:51.488655+00:00,201,26591.181,
2026-09-08T19:30:55.854826+00:00,201,22245.644,
2026-09-08T19:31:15.814917+00:00,201,2295.684,
2026-09-08T19:31:17.374517+00:00,201,742.333,
2026-09-08T19:30:38.521081+00:00,201,39634.441,
2026-09-08T19:31:07.111158+00:00,201,11048.915,
2026-09-08T19:30:46.244139+00:00,201,31950.657,
2026-09-08T19:31:15.252688+00:00,201,2964.666,
2026-09-08T19:31:16.661616+00:00,201,1560.16,
2026-09-08T19:31:10.877105+00:00,201,7428.785,
2026-09-08T19:30:54.983619+00:00,201,23340.516,
2026-09-08T19:31:17.609031+00:00,201,735.278,
2026-09-08T19:31:14.815784+00:00,201,3545.849,
2026-09-08T19:31:07.603746+00:00,201,10892.336,
2026-09-08T19:30:45.808330+00:00,201,32778.332,
2026-09-08T19:30:35.894251+00:00,201,42723.718,
2026-09-08T19:30:37.898586+00:00,201,40742.829,
2026-09-08T19:30:53.096550+00:00,201,25572.599,
2026-09-08T19:31:13.801036+00:00,201,4889.004,
2026-09-08T19:31:04.911538+00:00,201,13814.667,
2026-09-08T19:30:58.664971+00:00,201,20077.481,
2026-09-08T19:30:37.737147+00:00,201,41009.449,
2026-09-08T19:31:10.441346+00:00,201,8329.865,
2026-09-08T19:31:07.798297+00:00,201,10981.825,
2026-09-08T19:30:50.293612+00:00,201,28560.394,
2026-09-08T19:31:04.770788+00:00,201,14159.244,
2026-09-08T19:30:47.730763+00:00,201,31207.977,
2026-09-08T19:31:04.216628+00:00,201,14726.771,
2026-09-08T19:31:08.898116+00:00,201,10074.824,
2026-09-08T19:31:17.214064+00:00,201,1769.383,
2026-09-08T19:30:44.902185+00:00,201,34094.802,
2026-09-08T19:31:03.981454+00:00,201,15020.072,
2026-09-08T19:30:52.583797+00:00,201,26434.828,
2026-09-08T19:31:02.133582+00:00,201,16911.661,
2026-09-08T19:30:43.500537+00:00,201,35653.238,
2026-09-08T19:31:14.111478+00:00,201,5196.716,
2026-09-08T19:31:18.589901+00:00,201,728.19,
2026-09-08T19:31:01.667578+00:00,201,17749.992,
2026-09-08T19:30:49.554626+00:00,201,29892.798,
2026-09-08T19:31:00.446383+00:00,201,19022.756,
2026-09-08T19:31:00.337625+00:00,201,19135.56,
2026-09-08T19:31:15.768797+00:00,201,3721.339,
2026-09-08T19:30:59.731172+00:00,201,19769.128,
2026-09-08T19:30:39.848595+00:00,201,39707.397,
2026-09-08T19:31:07.392130+00:00,201,12195.674,
2026-09-08T19:31:15.838636+00:00,201,3786.261,
2026-09-08T19:31:17.044059+00:00,201,2660.918,
2026-09-08T19:31:09.956059+00:00,201,9770.1,
2026-09-08T19:30:57.333147+00:00,201,22420.438,
2026-09-08T19:30:48.993444+00:00,201,30764.5,
2026-09-08T19:31:14.504649+00:00,201,5359.042,
2026-09-08T19:31:09.647489+00:00,201,10247.083,
2026-09-08T19:31:14.131792+00:00,201,5773.302,
2026-09-08T19:30:52.058297+00:00,201,27853.23,
2026-09-08T19:31:05.875041+00:00,201,14049.481,
2026-09-08T19:30:43.169312+00:00,201,36772.382,
2026-09-08T19:31:10.541589+00:00,201,9461.714,
2026-09-08T19:30:50.459209+00:00,201,29574.975,
2026-09-08T19:31:01.530019+00:00,201,18591.038,
2026-09-08T19:30:48.517226+00:00,201,31608.023,
2026-09-08T19:30:53.135344+00:00,201,26994.218,
2026-09-08T19:30:40.213712+00:00,201,39924.011,
2026-09-08T19:31:07.952919+00:00,201,12205.676,
2026-09-08T19:31:12.777652+00:00,201,7409.746,
2026-09-08T19:30:59.962793+00:00,201,20242.775,
2026-09-08T19:30:08.228669+00:00,201,72000.632,
2026-09-08T19:31:18.618036+00:00,201,1683.486,
2026-09-08T19:31:15.790479+00:00,201,4520.968,
2026-09-08T19:31:14.429037+00:00,201,5962.331,
2026-09-08T19:30:59.275452+00:00,201,21123.869,
2026-09-08T19:30:50.871190+00:00,201,29553.952,
2026-09-08T19:30:47.012591+00:00,201,33489.351,
2026-09-08T19:31:14.212288+00:00,201,6293.63,
2026-09-08T19:31:05.557619+00:00,201,14952.193,
2026-09-08T19:31:06.164921+00:00,201,14350.875,
2026-09-08T19:31:15.263648+00:00,201,5276.576,
2026-09-08T19:30:53.951724+00:00,201,26613.441,
2026-09-08T19:30:45.907435+00:00,201,34751.607,
2026-09-08T19:31:15.218031+00:00,201,5443.013,
2026-09-08T19:31:01.479335+00:00,201,19219.751,
2026-09-08T19:31:08.473012+00:00,201,12241.722,
2026-09-08T19:31:15.679218+00:00,201,5040.298,
2026-09-08T19:30:43.186584+00:00,201,37557.006,
2026-09-08T19:31:08.292689+00:00,201,12465.369,
2026-09-08T19:31:09.268027+00:00,201,11491.915,
2026-09-08T19:31:14.428063+00:00,201,6351.765,
2026-09-08T19:31:06.605840+00:00,201,14187.548,
2026-09-08T19:31:06.198773+00:00,201,14599.732,
2026-09-08T19:31:09.354460+00:00,201,11451.135,
2026-09-08T19:30:40.390377+00:00,201,40446.442,
2026-09-08T19:31:17.870928+00:00,201,2967.878,
2026-09-08T19:30:50.149055+00:00,201,30691.076,
2026-09-08T19:30:56.776904+00:00,201,24065.209,
2026-09-08T19:31:00.190271+00:00,201,20652.716,
2026-09-08T19:31:03.162048+00:00,201,17683.587,
2026-09-08T19:31:02.607963+00:00,201,18251.976,
2026-09-08T19:31:06.894727+00:00,201,13972.449,
2026-09-08T19:30:42.653786+00:00,201,38217.759,
2026-09-08T19:31:19.390768+00:00,201,1481.751,
2026-09-08T19:30:50.440447+00:00,201,30440.371,
2026-09-08T19:30:37.382321+00:00,201,43502.117,
2026-09-08T19:31:01.117189+00:00,201,19776.719,
2026-09-08T19:30:42.126490+00:00,201,38777.291,
2026-09-08T19:30:59.763066+00:00,201,21159.039,
2026-09-08T19:30:53.517551+00:00,201,27406.636,
2026-09-08T19:31:10.455991+00:00,201,10478.718,
2026-09-08T19:30:59.908705+00:00,201,21033.804,
2026-09-08T19:31:00.845519+00:00,201,20098.509,
2026-09-08T19:30:32.574450+00:00,201,48379.777,
2026-09-08T19:31:14.753708+00:00,201,6203.369,
2026-09-08T19:30:47.458331+00:00,201,33500.553,
2026-09-08T19:30:29.670511+00:00,201,51293.679,
2026-09-08T19:30:56.011081+00:00,201,24966.949,
2026-09-08T19:31:06.050234+00:00,201,14928.641,
2026-09-08T19:31:20.121088+00:00,201,873.127,
2026-09-08T19:31:15.708854+00:00,201,5286.879,
2026-09-08T19:30:59.724289+00:00,201,21274.826,
2026-09-08T19:31:01.094738+00:00,201,19907.511,
2026-09-08T19:31:07.939721+00:00,201,13074.755,
2026-09-08T19:31:07.627187+00:00,201,13400.615,
2026-09-08T19:31:06.747868+00:00,201,14293.304,
2026-09-08T19:31:11.515227+00:00,201,9527.09,
2026-09-08T19:31:20.110832+00:00,201,935.669,
2026-09-08T19:31:04.873264+00:00,201,16174.417,
2026-09-08T19:31:14.284269+00:00,201,6770.036,
2026-09-08T19:30:39.482173+00:00,201,41589.311,
2026-09-08T19:30:39.003701+00:00,201,42077.387,
2026-09-08T19:31:05.350491+00:00,201,15731.888,
2026-09-08T19:31:11.788297+00:00,201,9302.049,
2026-09-08T19:30:59.619790+00:00,201,21477.184,
2026-09-08T19:30:54.675606+00:00,201,26431.606,
2026-09-08T19:30:56.842567+00:00,201,24270.866,
2026-09-08T19:31:20.978072+00:00,201,136.277,
2026-09-08T19:31:01.875319+00:00,201,19239.947,
2026-09-08T19:31:15.340820+00:00,201,5776.536,
2026-09-08T19:31:14.250621+00:00,201,6877.212,
2026-09-08T19:30:37.327056+00:00,201,43824.76,
2026-09-08T19:30:57.799713+00:00,201,23361.008,
2026-09-08T19:30:58.762086+00:00,201,22402.862,
2026-09-08T19:31:07.076583+00:00,201,14091.58,
2026-09-08T19:30:10.598054+00:00,201,70582.456,
2026-09-08T19:31:13.003298+00:00,201,8181.288,
2026-09-08T19:31:13.203674+00:00,201,7984.425,
2026-09-08T19:31:03.427873+00:00,201,17771.14,
2026-09-08T19:31:05.418113+00:00,201,15798.488,
2026-09-08T19:30:56.456677+00:00,201,24762.236,
2026-09-08T19:31:07.866826+00:00,201,13355.521,
2026-09-08T19:30:54.733608+00:00,201,26494.828,
2026-09-08T19:31:15.386854+00:00,201,5852.462,
2026-09-08T19:31:18.586716+00:00,201,2655.217,
2026-09-08T19:31:17.868818+00:00,201,3374.185,
2026-09-08T19:30:34.490904+00:00,201,46754.801,
2026-09-08T19:30:59.547923+00:00,201,21711.314,
2026-09-08T19:30:58.503200+00:00,201,22762.733,
2026-09-08T19:31:18.036400+00:00,201,3239.953,
2026-09-08T19:31:02.026491+00:00,201,19250.774,
2026-09-08T19:31:07.906687+00:00,201,13378.871,
2026-09-08T19:30:39.144253+00:00,201,42147.041,
2026-09-08T19:31:14.194191+00:00,201,7098.3,
2026-09-08T19:30:57.266157+00:00,201,24032.56,
2026-09-08T19:30:58.085250+00:00,201,23226.524,
2026-09-08T19:31:06.504284+00:00,201,14809.457,
2026-09-08T19:30:59.102489+00:00,201,22226.109,
2026-09-08T19:31:13.953754+00:00,201,7391.851,
2026-09-08T19:30:51.174162+00:00,201,30173.472,
2026-09-08T19:31:10.979080+00:00,201,10380.564,
2026-09-08T19:31:20.830720+00:00,201,531.072,
2026-09-08T19:31:01.526701+00:00,201,19837.971,
2026-09-08T19:31:00.372295+00:00,201,20998.793,
2026-09-08T19:31:02.466043+00:00,201,18916.707,
2026-09-08T19:30:36.305903+00:00,201,45079.896,
2026-09-08T19:31:14.464666+00:00,201,6943.899,
2026-09-08T19:30:30.759732+00:00,201,50662.364,
2026-09-08T19:31:17.463786+00:00,201,3970.557,
2026-09-08T19:31:05.749127+00:00,201,15690.936,
2026-09-08T19:31:10.870417+00:00,201,10577.093,
2026-09-08T19:30:54.785946+00:00,201,26665.287,
2026-09-08T19:30:10.088075+00:00,201,71368.75,
2026-09-08T19:31:09.344034+00:00,201,12117.49,
2026-09-08T19:31:03.219624+00:00,201,18247.287,
2026-09-08T19:31:03.288610+00:00,201,18182.988,
2026-09-08T19:30:38.985126+00:00,201,42504.32,
2026-09-08T19:31:11.752826+00:00,201,9751.391,
2026-09-08T19:30:47.393471+00:00,201,34121.678,
2026-09-08T19:31:11.022677+00:00,201,10505.305,
2026-09-08T19:31:07.701400+00:00,201,13828.924,
2026-09-08T19:30:45.375982+00:00,201,36163.223,
2026-09-08T19:30:53.088308+00:00,201,28452.539,
2026-09-08T19:31:02.557072+00:00,201,18990.404,
2026-09-08T19:31:00.844236+00:00,201,20708.804,
2026-09-08T19:31:13.397581+00:00,201,8158.372,
2026-09-08T19:31:11.128099+00:00,201,10437.845,
2026-09-08T19:31:21.216633+00:00,201,351.165,
2026-09-08T19:30:56.052797+00:00,201,25520.347,
2026-09-08T19:30:55.633897+00:00,201,25950.489,
2026-09-08T19:31:10.829963+00:00,201,10758.106,
2026-09-08T19:31:05.051527+00:00,201,16538.592,
2026-09-08T19:31:15.385246+00:00,201,6230.727,
2026-09-08T19:30:55.115343+00:00,201,26520.238,
2026-09-08T19:31:12.681805+00:00,201,8954.911,
2026-09-08T19:31:07.745638+00:00,201,13900.233,
2026-09-08T19:31:20.994222+00:00,201,662.545,
2026-09-08T19:31:15.454913+00:00,201,6211.506,
2026-09-08T19:30:34.510156+00:00,201,47157.249,
2026-09-08T19:30:52.917118+00:00,201,28762.98,
2026-09-08T19:31:20.958942+00:00,201,749.778,
2026-09-08T19:31:20.399356+00:00,201,1311.871,
2026-09-08T19:31:03.208303+00:00,201,18519.271,
2026-09-08T19:31:13.856746+00:00,201,7890.739,
2026-09-08T19:30:34.577821+00:00,201,47178.098,
2026-09-08T19:31:12.209692+00:00,201,9554.06,
2026-09-08T19:31:21.615990+00:00,201,148.692,
2026-09-08T19:31:21.636733+00:00,201,146.54,
2026-09-08T19:30:55.108028+00:00,201,26680.379,
2026-09-08T19:31:21.645897+00:00,201,146.519,
2026-09-08T19:30:57.292793+00:00,201,24500.548,
2026-09-08T19:31:20.979804+00:00,201,823.659,
2026-09-08T19:30:36.242480+00:00,201,45572.683,
2026-09-08T19:31:15.774823+00:00,201,6048.858,
2026-09-08T19:31:12.409864+00:00,201,9421.556,
2026-09-08T19:31:10.551496+00:00,201,11280.763,
2026-09-08T19:30:48.817009+00:00,201,33019.459,
2026-09-08T19:31:14.852381+00:00,201,6988.586,
2026-09-08T19:30:49.162587+00:00,201,32688.47,
2026-09-08T19:31:17.900944+00:00,201,3951.932,
2026-09-08T19:31:00.198931+00:00,201,21664.27,
2026-09-08T19:31:12.393412+00:00,201,9471.098,
2026-09-08T19:30:22.492014+00:00,201,59378.809,
2026-09-08T19:31:18.110608+00:00,201,3771.461,
2026-09-08T19:31:15.429921+00:00,201,6458.301,
2026-09-08T19:30:37.219361+00:00,201,44681.289,
2026-09-08T19:30:40.777220+00:00,201,41128.433,
2026-09-08T19:30:42.845162+00:00,201,39063.003,
2026-09-08T19:31:12.771506+00:00,201,9141.104,
2026-09-08T19:31:14.477197+00:00,201,7441.739,
2026-09-08T19:31:07.118789+00:00,201,14802.275,
2026-09-08T19:31:08.756782+00:00,201,13170.135,
2026-09-08T19:31:20.884506+00:00,201,1045.441,
2026-09-08T19:30:38.946585+00:00,201,42990.022,
2026-09-08T19:31:03.501518+00:00,201,18437.39,
2026-09-08T19:31:16.225136+00:00,201,5716.395,
2026-09-08T19:31:08.573748+00:00,201,13373.982,
2026-09-08T19:30:18.187962+00:00,201,63764.176,
2026-09-08T19:31:09.616816+00:00,201,12339.689,
2026-09-08T19:31:16.970910+00:00,201,4993.721,
2026-09-08T19:31:00.769882+00:00,201,21202.727,
2026-09-08T19:31:15.698045+00:00,201,6292.842,
2026-09-08T19:31:14.397338+00:00,201,7594.876,
2026-09-08T19:31:17.461603+00:00,201,4550.543,
2026-09-08T19:30:48.999457+00:00,201,33014.068,
2026-09-08T19:30:20.336538+00:00,201,61696.785,
2026-09-08T19:30:40.311421+00:00,201,41722.895,
2026-09-08T19:30:45.959411+00:00,201,36077.107,
2026-09-08T19:30:46.393855+00:00,201,35647.056,
2026-09-08T19:31:13.136728+00:00,201,8919.725,
2026-09-08T19:31:13.658007+00:00,201,8413.017,
2026-09-08T19:31:13.791861+00:00,201,8284.85,
2026-09-08T19:30:45.558178+00:00,201,36521.696,
2026-09-08T19:31:12.764317+00:00,201,9318.521,
2026-09-08T19:30:53.947406+00:00,201,28147.465,
2026-09-08T19:31:13.518873+00:00,201,8579.885,
2026-09-08T19:30:36.536015+00:00,201,45563.645,
2026-09-08T19:30:44.403463+00:00,201,37706.773,
2026-09-08T19:31:12.159882+00:00,201,9967.318,
2026-09-08T19:30:55.054456+00:00,201,27082.403,
2026-09-08T19:31:12.921203+00:00,201,9216.734,
2026-09-08T19:31:09.002448+00:00,201,13153.14,
2026-09-08T19:31:02.656766+00:00,201,19501.091,
2026-09-08T19:31:14.932065+00:00,201,7232.872,
2026-09-08T19:31:19.757996+00:00,201,2409.296,
2026-09-08T19:31:03.474175+00:00,201,18694.044,
2026-09-08T19:31:22.033420+00:00,201,136.725,
2026-09-08T19:30:59.831811+00:00,201,22342.592,
2026-09-08T19:30:53.345191+00:00,201,28836.337,
2026-09-08T19:30:42.264698+00:00,201,39925.875,
2026-09-08T19:31:02.497924+00:00,201,19700.409,
2026-09-08T19:30:29.258012+00:00,201,52988.515,
2026-09-08T19:31:01.910400+00:00,201,20337.331,
2026-09-08T19:30:50.461030+00:00,201,31788.021,
2026-09-08T19:31:14.295635+00:00,201,7961.59,
2026-09-08T19:31:21.177189+00:00,201,1091.051,
2026-09-08T19:31:01.891926+00:00,201,20379.574,
2026-09-08T19:31:07.580151+00:00,201,14694.331,
2026-09-08T19:31:07.426033+00:00,201,14851.877,
2026-09-08T19:30:51.880155+00:00,201,30401.99,
2026-09-08T19:31:19.001552+00:00,201,3283.147,
2026-09-08T19:30:34.476328+00:00,201,47823.849,
2026-09-08T19:31:05.523195+00:00,201,16784.989,
2026-09-08T19:31:16.079530+00:00,201,6237.012,
2026-09-08T19:31:14.936823+00:00,201,7382.605,
2026-09-08T19:30:46.893412+00:00,201,35431.131,
2026-09-08T19:31:11.544940+00:00,201,10792.256,
2026-09-08T19:30:36.244692+00:00,201,46108.024,
2026-09-08T19:31:17.305650+00:00,201,5053.631,
2026-09-08T19:30:58.814784+00:00,201,23547.631,
2026-09-08T19:31:13.922135+00:00,201,8448.084,
2026-09-08T19:31:21.115299+00:00,201,1262.771,
2026-09-08T19:31:19.624907+00:00,201,2768.908,
2026-09-08T19:31:12.434020+00:00,201,9960.626,
2026-09-08T19:31:21.168188+00:00,201,1235.246,
2026-09-08T19:31:13.807953+00:00,201,8600.71,
2026-09-08T19:31:00.947120+00:00,201,21482.352,
2026-09-08T19:31:05.872771+00:00,201,16571.808,
2026-09-08T19:30:59.013648+00:00,201,23431.788,
2026-09-08T19:30:43.310879+00:00,201,39135.413,
2026-09-08T19:31:16.494025+00:00,201,5953.626,
2026-09-08T19:31:13.095189+00:00,201,9354.815,
2026-09-08T19:30:50.818882+00:00,201,31635.569,
2026-09-08T19:31:19.153833+00:00,201,3310.947,
2026-09-08T19:30:42.557950+00:00,201,39911.312,
2026-09-08T19:31:14.122603+00:00,201,8350.038,
2026-09-08T19:30:37.764376+00:00,201,44711.556,
2026-09-08T19:31:14.774247+00:00,201,7706.309,
2026-09-08T19:31:18.116859+00:00,201,4365.048,
2026-09-08T19:30:52.944499+00:00,201,29541.637,
2026-09-08T19:31:19.796625+00:00,201,2698.754,
2026-09-08T19:30:04.896323+00:00,201,77601.755,
2026-09-08T19:30:32.889773+00:00,201,49609.172,
2026-09-08T19:30:42.354616+00:00,201,40164.457,
2026-09-08T19:31:22.393825+00:00,201,131.521,
2026-09-08T19:31:19.500335+00:00,201,3037.614,
2026-09-08T19:31:14.663888+00:00,201,7877.29,
2026-09-08T19:31:22.394666+00:00,201,148.333,
2026-09-08T19:30:54.060887+00:00,201,28485.651,
2026-09-08T19:30:29.729274+00:00,201,52827.76,
2026-09-08T19:30:54.013234+00:00,201,28564.564,
2026-09-08T19:31:22.429508+00:00,201,151.396,
2026-09-08T19:31:07.934658+00:00,201,14669.292,
2026-09-08T19:31:10.314577+00:00,201,12291.698,
2026-09-08T19:31:10.361585+00:00,201,12257.264,
2026-09-08T19:31:03.703865+00:00,201,18921.004,
2026-09-08T19:31:21.784049+00:00,201,850.554,
2026-09-08T19:31:05.329009+00:00,201,17320.171,
2026-09-08T19:30:51.260670+00:00,201,31389.772,
2026-09-08T19:31:00.925530+00:00,201,21734.181,
2026-09-08T19:31:10.762066+00:00,201,11903.977,
2026-09-08T19:31:08.989599+00:00,201,13678.925,
2026-09-08T19:30:52.076869+00:00,201,30601.532,
2026-09-08T19:30:38.022943+00:00,201,44658.145,
2026-09-08T19:30:56.134166+00:00,201,26548.536,
2026-09-08T19:31:04.553917+00:00,201,18133.019,
2026-09-08T19:30:39.760441+00:00,201,42947.155,
2026-09-08T19:30:41.632194+00:00,201,41080.73,
2026-09-08T19:31:11.823335+00:00,201,10898.125,
2026-09-08T19:31:13.706154+00:00,201,9019.239,
2026-09-08T19:31:07.932893+00:00,201,14794.043,
2026-09-08T19:31:20.922142+00:00,201,1824.77,
2026-09-08T19:31:08.438896+00:00,201,14311.87,
2026-09-08T19:31:07.895040+00:00,201,14856.665,
2026-09-08T19:31:06.366595+00:00,201,16388.017,
2026-09-08T19:30:52.176755+00:00,201,30616.199,
2026-09-08T19:30:26.233624+00:00,201,56570.386,
2026-09-08T19:31:05.579914+00:00,201,17234.823,
2026-09-08T19:31:03.216996+00:00,201,19606.541,
2026-09-08T19:31:10.454161+00:00,201,12406.427,
2026-09-08T19:31:08.131286+00:00,201,14730.739,
2026-09-08T19:30:49.587329+00:00,201,33287.078,
2026-09-08T19:31:09.423999+00:00,201,13451.597,
2026-09-08T19:31:15.294823+00:00,201,7581.907,
2026-09-08T19:31:09.461686+00:00,201,13416.287,
2026-09-08T19:30:58.230165+00:00,201,24648.983,
2026-09-08T19:31:01.641897+00:00,201,21238.478,
2026-09-08T19:30:58.928976+00:00,201,23952.701,
2026-09-08T19:30:55.087514+00:00,201,27795.499,
2026-09-08T19:30:53.184214+00:00,201,29700.205,
2026-09-08T19:31:21.359664+00:00,201,1527.601,
2026-09-08T19:30:52.001624+00:00,201,30889.478,
2026-09-08T19:30:54.867392+00:00,201,28027.725,
2026-09-08T19:30:49.697996+00:00,201,33200.584,
2026-09-08T19:31:16.930225+00:00,201,5975.996,
2026-09-08T19:30:57.982794+00:00,201,24926.758,
2026-09-08T19:30:55.234661+00:00,201,27680.637,
2026-09-08T19:30:43.345105+00:00,201,39576.408,
2026-09-08T19:31:22.681157+00:00,201,263.121,
2026-09-08T19:30:43.643434+00:00,201,39304.013,
2026-09-08T19:30:33.148520+00:00,201,49811.269,
2026-09-08T19:30:50.110441+00:00,201,32863.787,
2026-09-08T19:31:09.302821+00:00,201,13678.2,
2026-09-08T19:31:15.668998+00:00,201,7313.814,
2026-09-08T19:31:05.139132+00:00,201,17845.549,
2026-09-08T19:30:36.888794+00:00,201,46097.745,
2026-09-08T19:30:50.780666+00:00,201,32207.875,
2026-09-08T19:31:04.188210+00:00,201,18802.335,
2026-09-08T19:30:44.678307+00:00,201,38314.173,
2026-09-08T19:30:46.712891+00:00,201,36281.625,
2026-09-08T19:30:36.026723+00:00,201,46969.917,
2026-09-08T19:31:08.008059+00:00,201,14998.457,
2026-09-08T19:31:00.390581+00:00,201,22643.833,
2026-09-08T19:30:42.345461+00:00,201,40696.482,
2026-09-08T19:30:56.670534+00:00,201,26373.933,
2026-09-08T19:31:07.658820+00:00,201,15388.108,
2026-09-08T19:30:52.739689+00:00,201,30309.591,
2026-09-08T19:31:05.343635+00:00,201,17708.147,
2026-09-08T19:30:54.011199+00:00,201,29043.124,
2026-09-08T19:31:06.808501+00:00,201,16248.414,
2026-09-08T19:31:15.096772+00:00,201,7962.838,
2026-09-08T19:30:27.991456+00:00,201,55093.424,
2026-09-08T19:31:21.783279+00:00,201,1332.964,
2026-09-08T19:31:13.452279+00:00,201,9666.818,
2026-09-08T19:31:04.174128+00:00,201,18947.718,
2026-09-08T19:31:20.840182+00:00,201,2284.463,
2026-09-08T19:30:51.736315+00:00,201,31391.392,
2026-09-08T19:31:08.487959+00:00,201,14651.896,
2026-09-08T19:30:57.009100+00:00,201,26136.46,
2026-09-08T19:31:22.793010+00:00,201,368.448,
2026-09-08T19:31:13.977049+00:00,201,9206.159,
2026-09-08T19:31:10.151236+00:00,201,13120.207,
2026-09-08T19:30:58.698726+00:00,201,24581.352,
2026-09-08T19:31:22.862050+00:00,201,465.52,
2026-09-08T19:31:12.715774+00:00,201,10670.546,
2026-09-08T19:31:17.282361+00:00,201,6137.533,
2026-09-08T19:30:44.452154+00:00,201,39018.317,
2026-09-08T19:30:58.628211+00:00,201,24856.09,
2026-09-08T19:31:13.237651+00:00,201,10249.667,
2026-09-08T19:31:07.598719+00:00,201,15906.594,
2026-09-08T19:30:53.191763+00:00,201,30370.207,
2026-09-08T19:31:19.161051+00:00,201,4434.697,
2026-09-08T19:31:21.408582+00:00,201,2219.706,
2026-09-08T19:30:43.889439+00:00,201,39771.163,
2026-09-08T19:31:12.536543+00:00,201,11130.191,
2026-09-08T19:31:14.701260+00:00,201,8970.185,
2026-09-08T19:31:07.228482+00:00,201,16449.199,
2026-09-08T19:31:15.822630+00:00,201,7858.332,
2026-09-08T19:30:43.683206+00:00,201,40066.008,
2026-09-08T19:31:01.151835+00:00,201,22621.019,
2026-09-08T19:30:57.044379+00:00,201,26731.821,
2026-09-08T19:30:51.859643+00:00,201,31919.638,
2026-09-08T19:31:17.135850+00:00,201,6646.672,
2026-09-08T19:31:08.615059+00:00,201,15170.693,
2026-09-08T19:31:18.516451+00:00,201,5272.79,
2026-09-08T19:31:21.656775+00:00,201,2135.726,
2026-09-08T19:31:13.569273+00:00,201,10226.621,
2026-09-08T19:31:01.566830+00:00,201,22232.396,
2026-09-08T19:31:14.554084+00:00,201,9248.6,
2026-09-08T19:31:14.907453+00:00,201,8898.737,
2026-09-08T19:31:04.202643+00:00,201,19607.128,
2026-09-08T19:31:06.709259+00:00,201,17104.06,
2026-09-08T19:30:58.882260+00:00,201,24934.685,
2026-09-08T19:31:21.803470+00:00,201,2017.198,
2026-09-08T19:31:21.900720+00:00,201,1923.706,
2026-09-08T19:30:55.375342+00:00,201,28470.878,
2026-09-08T19:30:57.032497+00:00,201,26843.96,
2026-09-08T19:31:08.640642+00:00,201,15261.845,
2026-09-08T19:31:11.845167+00:00,201,12091.987,
2026-09-08T19:31:21.292508+00:00,201,2705.506,
2026-09-08T19:30:52.924684+00:00,201,31123.469,
2026-09-08T19:30:54.752161+00:00,201,29309.897,
2026-09-08T19:30:50.841756+00:00,201,33257.363,
2026-09-08T19:31:21.046510+00:00,201,3056.674,
2026-09-08T19:31:00.367500+00:00,201,23773.857,
2026-09-08T19:30:52.420077+00:00,201,31757.39,
2026-09-08T19:31:12.383256+00:00,201,11867.094,
2026-09-08T19:30:43.004443+00:00,201,41265.823,
2026-09-08T19:31:13.128362+00:00,201,11153.622,
2026-09-08T19:31:05.041622+00:00,201,19278.646,
2026-09-08T19:30:38.667933+00:00,201,45683.487,
2026-09-08T19:30:42.454120+00:00,201,41901.422,
2026-09-08T19:31:22.271533+00:00,201,2116.56,
2026-09-08T19:31:23.119115+00:00,201,1276.213,
2026-09-08T19:31:22.167299+00:00,201,2245.069,
2026-09-08T19:31:07.408765+00:00,201,17014.639,
2026-09-08T19:30:54.224047+00:00,201,30346.876,
2026-09-08T19:31:03.917924+00:00,201,20679.591,
2026-09-08T19:31:12.615732+00:00,201,12012.219,
2026-09-08T19:31:05.905609+00:00,201,18747.644,
2026-09-08T19:31:16.167594+00:00,201,8489.864,
2026-09-08T19:30:36.687497+00:00,201,48036.414,
2026-09-08T19:31:21.882079+00:00,201,2849.929,
2026-09-08T19:30:38.893618+00:00,201,45869.371,
2026-09-08T19:31:07.505035+00:00,201,17277.685,
2026-09-08T19:31:01.849552+00:00,201,23014.874,
2026-09-08T19:31:07.459197+00:00,201,17464.563,
2026-09-08T19:31:09.594962+00:00,201,15403.699,
2026-09-08T19:30:32.669776+00:00,201,52403.815,
2026-09-08T19:31:22.215344+00:00,201,2872.259,
2026-09-08T19:31:24.250375+00:00,201,853.712,
2026-09-08T19:31:21.727607+00:00,201,3418.553,
2026-09-08T19:31:15.593132+00:00,201,9595.496,
2026-09-08T19:31:09.331777+00:00,201,15920.184,
2026-09-08T19:30:48.164031+00:00,201,37212.319,
2026-09-08T19:30:52.302817+00:00,201,33106.908,
2026-09-08T19:31:20.978903+00:00,201,4462.04,
2026-09-08T19:30:42.687835+00:00,201,42813.108,
2026-09-08T19:31:22.650493+00:00,201,2867.989,
2026-09-08T19:31:10.039241+00:00,201,15486.815,
2026-09-08T19:30:41.399112+00:00,201,44132.587,
2026-09-08T19:30:44.117114+00:00,201,41418.492,
2026-09-08T19:31:06.952654+00:00,201,18604.778,
2026-09-08T19:31:11.390461+00:00,201,14203.55,
2026-09-08T19:31:15.948984+00:00,201,9655.067,
2026-09-08T19:31:17.377093+00:00,201,8270.055,
2026-09-08T19:30:14.840531+00:00,201,70826.88,
2026-09-08T19:30:46.519599+00:00,201,39151.842,
2026-09-08T19:31:07.902307+00:00,201,17833.834,
2026-09-08T19:31:04.959411+00:00,201,20813.404,
2026-09-08T19:31:04.105513+00:00,201,21696.638,
2026-09-08T19:31:07.628182+00:00,201,18200.435,
2026-09-08T19:30:57.168887+00:00,201,28691.801,
2026-09-08T19:31:06.841667+00:00,201,19028.911,
2026-09-08T19:30:39.498253+00:00,201,46441.8,
2026-09-08T19:30:42.799766+00:00,201,43220.649,
2026-09-08T19:31:09.804563+00:00,201,16229.52,
2026-09-08T19:31:10.096688+00:00,201,15943.484,
2026-09-08T19:31:21.635625+00:00,201,4471.677,
2026-09-08T19:30:38.747074+00:00,201,47371.482,
2026-09-08T19:30:49.877514+00:00,201,36245.122,
2026-09-08T19:31:14.162898+00:00,201,12034.742,
2026-09-08T19:31:21.434354+00:00,201,4770.674,
2026-09-08T19:30:23.926867+00:00,201,62303.775,
2026-09-08T19:30:45.656863+00:00,201,40604.456,
2026-09-08T19:31:22.243839+00:00,201,4046.014,
2026-09-08T19:31:22.880410+00:00,201,3413.523,
2026-09-08T19:31:25.647167+00:00,201,697.799,
2026-09-08T19:31:02.314824+00:00,201,24057.489,
2026-09-08T19:31:05.977650+00:00,201,20400.628,
2026-09-08T19:30:43.408933+00:00,201,42987.191,
2026-09-08T19:31:22.408680+00:00,201,4027.629,
2026-09-08T19:30:50.360961+00:00,201,36131.382,
2026-09-08T19:31:14.038968+00:00,201,12470.159,
2026-09-08T19:30:45.781957+00:00,201,40754.473,
2026-09-08T19:31:19.726178+00:00,201,6820.368,
2026-09-08T19:31:02.024077+00:00,201,24604.802,
2026-09-08T19:31:24.103192+00:00,201,2537.409,
2026-09-08T19:31:26.034115+00:00,201,610.316,
2026-09-08T19:31:12.079594+00:00,201,14584.325,
2026-09-08T19:31:07.983482+00:00,201,18684.356,
2026-09-08T19:30:45.042384+00:00,201,41639.969,
2026-09-08T19:31:07.705390+00:00,201,19012.084,
2026-09-08T19:31:08.008982+00:00,201,18742.241,
2026-09-08T19:31:15.771711+00:00,201,10985.936,
2026-09-08T19:30:14.378783+00:00,201,72414.045,
2026-09-08T19:31:13.751951+00:00,201,13105.127,
2026-09-08T19:31:15.671029+00:00,201,11243.697,
2026-09-08T19:30:49.924902+00:00,201,37027.688,
2026-09-08T19:30:40.210656+00:00,201,46751.871,
2026-09-08T19:30:53.446140+00:00,201,33580.972,
2026-09-08T19:31:03.359831+00:00,201,23711.171,
2026-09-08T19:31:21.371129+00:00,201,5762.042,
2026-09-08T19:30:50.030563+00:00,201,37133.183,
2026-09-08T19:30:52.146197+00:00,201,35021.435,
2026-09-08T19:30:54.665583+00:00,201,32509.817,
2026-09-08T19:31:06.368205+00:00,201,20821.635,
2026-09-08T19:30:59.887697+00:00,201,27312.716,
2026-09-08T19:31:22.984713+00:00,201,4248.366,
2026-09-08T19:31:00.907791+00:00,201,26343.411,
2026-09-08T19:31:22.974281+00:00,201,4396.093,
2026-09-08T19:31:07.613804+00:00,201,19840.894,
2026-09-08T19:31:09.262329+00:00,201,18261.147,
2026-09-08T19:30:58.022926+00:00,201,29628.795,
2026-09-08T19:30:36.902337+00:00,201,50757.075,
2026-09-08T19:31:24.099173+00:00,201,3566.081,
2026-09-08T19:30:28.980957+00:00,201,58705.828,
2026-09-08T19:31:01.676460+00:00,201,26032.365,
2026-09-08T19:31:15.807603+00:00,201,11909.051,
2026-09-08T19:31:10.276127+00:00,201,17483.602,
2026-09-08T19:31:13.631155+00:00,201,14144.83,
2026-09-08T19:30:39.213655+00:00,201,48603.827,
2026-09-08T19:31:04.299531+00:00,201,23550.002,
2026-09-08T19:30:48.751170+00:00,201,39187.501,
2026-09-08T19:30:49.108592+00:00,201,38855.059,
2026-09-08T19:30:53.254412+00:00,201,34723.218,
2026-09-08T19:31:05.483294+00:00,201,22532.361,
2026-09-08T19:31:10.715656+00:00,201,17305.367,
2026-09-08T19:31:13.212912+00:00,201,14814.004,
2026-09-08T19:31:06.594227+00:00,201,21443.995,
2026-09-08T19:30:54.928523+00:00,201,33131.685,
2026-09-08T19:31:13.780421+00:00,201,14282.947,
2026-09-08T19:31:00.725472+00:00,201,27352.853,
2026-09-08T19:31:25.376412+00:00,201,2708.912,
2026-09-08T19:30:59.330149+00:00,201,28777.731,
2026-09-08T19:31:15.185284+00:00,201,12931.559,
2026-09-08T19:30:50.820886+00:00,201,37314.516,
2026-09-08T19:31:06.245115+00:00,201,21893.072,
2026-09-08T19:30:54.801085+00:00,201,33348.606,
2026-09-08T19:31:04.501783+00:00,201,23683.013,
2026-09-08T19:31:08.143774+00:00,201,20049.866,
2026-09-08T19:30:49.231024+00:00,201,38969.409,
2026-09-08T19:30:57.849791+00:00,201,30371.566,
2026-09-08T19:31:21.285583+00:00,201,6960.583,
2026-09-08T19:30:27.412358+00:00,201,60857.649,
2026-09-08T19:31:14.334574+00:00,201,13951.939,
2026-09-08T19:31:08.741707+00:00,201,19556.051,
2026-09-08T19:31:01.503538+00:00,201,26799.674,
2026-09-08T19:30:54.727292+00:00,201,33578.932,
2026-09-08T19:30:39.803691+00:00,201,48507.547,
2026-09-08T19:31:14.278899+00:00,201,14036.702,
2026-09-08T19:30:48.870031+00:00,201,39457.033,
2026-09-08T19:31:07.777216+00:00,201,20595.776,
2026-09-08T19:30:36.562484+00:00,201,51830.178,
2026-09-08T19:31:14.555642+00:00,201,13873.657,
2026-09-08T19:31:14.091375+00:00,201,14341.127,
2026-09-08T19:30:14.427888+00:00,201,74026.42,
2026-09-08T19:31:08.259846+00:00,201,20215.258,
2026-09-08T19:31:16.326912+00:00,201,12161.092,
2026-09-08T19:31:13.739444+00:00,201,14764.073,
2026-09-08T19:30:33.731924+00:00,201,54791.694,
2026-09-08T19:31:17.629330+00:00,201,10906.031,
2026-09-08T19:31:17.858642+00:00,201,10683.726,
2026-09-08T19:30:59.564640+00:00,201,28979.593,
2026-09-08T19:31:17.506647+00:00,201,11043.685,
2026-09-08T19:31:16.957887+00:00,201,11635.009,
2026-09-08T19:31:06.370558+00:00,201,22232.663,
2026-09-08T19:31:06.147565+00:00,201,22476.245,
2026-09-08T19:31:23.595760+00:00,201,5046.381,
2026-09-08T19:30:43.695029+00:00,201,44948.816,
2026-09-08T19:31:16.412009+00:00,201,12242.208,
2026-09-08T19:31:23.913367+00:00,201,4743.547,
2026-09-08T19:30:48.680375+00:00,201,39980.659,
2026-09-08T19:31:15.685726+00:00,201,12977.324,
2026-09-08T19:31:07.101653+00:00,201,21587.187,
2026-09-08T19:30:29.919943+00:00,201,58780.913,
2026-09-08T19:31:23.792509+00:00,201,4928.046,
2026-09-08T19:31:05.205121+00:00,201,23521.273,
2026-09-08T19:30:54.659083+00:00,201,34069.084,
2026-09-08T19:30:40.551641+00:00,201,48181.943,
2026-09-08T19:31:14.899875+00:00,201,13836.526,
2026-09-08T19:31:01.125995+00:00,201,27614.807,
2026-09-08T19:30:57.823377+00:00,201,30933.993,
2026-09-08T19:31:00.631119+00:00,201,28152.834,
2026-09-08T19:31:06.931523+00:00,201,21871.079,
2026-09-08T19:30:59.589274+00:00,201,29218.412,
2026-09-08T19:31:03.154029+00:00,201,25658.572,
2026-09-08T19:31:05.937183+00:00,201,22888.922,
2026-09-08T19:31:04.616297+00:00,201,24222.721,
2026-09-08T19:30:35.077094+00:00,201,53765.467,
2026-09-08T19:30:36.521771+00:00,201,52324.104,
2026-09-08T19:30:29.551474+00:00,201,59296.104,
2026-09-08T19:30:49.056165+00:00,201,39794.066,
2026-09-08T19:31:23.116253+00:00,201,5751.489,
2026-09-08T19:30:39.114969+00:00,201,49754.11,
2026-09-08T19:30:31.126600+00:00,201,57753.018,
2026-09-08T19:30:54.860399+00:00,201,34028.478,
2026-09-08T19:31:07.884229+00:00,201,21018.458,
2026-09-08T19:31:23.577779+00:00,201,5334.153,
2026-09-08T19:31:02.868476+00:00,201,26054.905,
2026-09-08T19:31:08.435622+00:00,201,20504.99,
2026-09-08T19:30:49.060324+00:00,201,39883.771,
2026-09-08T19:30:50.249065+00:00,201,38701.12,
2026-09-08T19:31:05.696168+00:00,201,23259.414,
2026-09-08T19:31:08.152745+00:00,201,20820.134,
2026-09-08T19:30:42.881074+00:00,201,46095.431,
2026-09-08T19:30:56.094412+00:00,201,32883.387,
2026-09-08T19:30:57.508614+00:00,201,31482.73,
2026-09-08T19:31:07.828826+00:00,201,21164.464,
2026-09-08T19:30:55.897373+00:00,201,33098.662,
2026-09-08T19:31:19.080992+00:00,201,9916.996,
2026-09-08T19:30:54.301984+00:00,201,34698.125,
2026-09-08T19:30:57.879302+00:00,201,31140.522,
2026-09-08T19:31:02.057962+00:00,201,26965.553,
2026-09-08T19:31:09.359900+00:00,201,19665.479,
2026-09-08T19:31:03.471519+00:00,201,25559.063,
2026-09-08T19:31:13.926995+00:00,201,15113.825,
2026-09-08T19:30:37.765815+00:00,201,51285.08,
2026-09-08T19:31:04.931209+00:00,201,24133.834,
2026-09-08T19:31:11.190010+00:00,201,17881.817,
2026-09-08T19:30:38.224183+00:00,201,50850.09,
2026-09-08T19:31:28.940651+00:00,201,140.267,
2026-09-08T19:31:13.869389+00:00,201,15226.648,
2026-09-08T19:31:21.555971+00:00,201,7544.724,
2026-09-08T19:30:34.400412+00:00,201,54712.928,
2026-09-08T19:30:49.513648+00:00,201,39602.698,
2026-09-08T19:31:00.880180+00:00,201,28239.486,
2026-09-08T19:31:15.003613+00:00,201,14120.294,
2026-09-08T19:31:26.717507+00:00,201,2407.55,
2026-09-08T19:31:27.189875+00:00,201,2044.93,
2026-09-08T19:31:05.316597+00:00,201,23940.458,
2026-09-08T19:31:08.189189+00:00,201,21084.696,
2026-09-08T19:30:54.171356+00:00,201,35105.697,
2026-09-08T19:31:13.967902+00:00,201,15313.487,
2026-09-08T19:31:11.738063+00:00,201,17556.651,
2026-09-08T19:31:03.860709+00:00,201,25436.583,
2026-09-08T19:30:15.175070+00:00,201,74143.186,
2026-09-08T19:30:46.627141+00:00,201,42707.775,
2026-09-08T19:30:28.204369+00:00,201,61137.499,
2026-09-08T19:30:43.322821+00:00,201,46031.227,
2026-09-08T19:30:47.467411+00:00,201,41893.201,
2026-09-08T19:31:25.518492+00:00,201,3844.661,
2026-09-08T19:31:08.141061+00:00,201,21262.605,
2026-09-08T19:30:52.577395+00:00,201,36836.592,
2026-09-08T19:31:14.872573+00:00,201,14545.552,
2026-09-08T19:31:07.920235+00:00,201,21500.353,
2026-09-08T19:31:15.321869+00:00,201,14100.227,
2026-09-08T19:31:03.831064+00:00,201,25598.344,
2026-09-08T19:30:52.486793+00:00,201,36949.565,
2026-09-08T19:30:54.247944+00:00,201,35193.739,
2026-09-08T19:31:21.054320+00:00,201,8404.533,
2026-09-08T19:31:11.101748+00:00,201,18357.996,
2026-09-08T19:31:16.249185+00:00,201,13211.926,
2026-09-08T19:30:46.371656+00:00,201,43090.366,
2026-09-08T19:31:00.960243+00:00,201,28522.674,
2026-09-08T19:31:12.046613+00:00,201,17449.947,
2026-09-08T19:30:46.223432+00:00,201,43274.045,
2026-09-08T19:31:22.257244+00:00,201,7245.512,
2026-09-08T19:31:04.990008+00:00,201,24517.452,
2026-09-08T19:30:53.195923+00:00,201,36315.843,
2026-09-08T19:30:43.844973+00:00,201,45669.393,
2026-09-08T19:31:16.246986+00:00,201,13270.096,
2026-09-08T19:31:02.882595+00:00,201,26636.767,
2026-09-08T19:31:17.712477+00:00,201,11814.276,
2026-09-08T19:31:14.000022+00:00,201,15533.297,
2026-09-08T19:31:13.907045+00:00,201,15627.266,
2026-09-08T19:31:08.187793+00:00,201,21356.031,
2026-09-08T19:31:28.550357+00:00,201,1010.149,
2026-09-08T19:30:47.462226+00:00,201,42106.862,
2026-09-08T19:30:55.361091+00:00,201,34222.84,
2026-09-08T19:31:04.021450+00:00,201,25567.901,
2026-09-08T19:31:18.930056+00:00,201,10662.89,
2026-09-08T19:30:34.066793+00:00,201,55534.771,
2026-09-08T19:30:44.939724+00:00,201,44664.117,
2026-09-08T19:31:22.951039+00:00,201,6654.667,
2026-09-08T19:31:23.909097+00:00,201,5703.334,
2026-09-08T19:31:00.386599+00:00,201,29231.705,
2026-09-08T19:31:21.515204+00:00,201,8121.745,
2026-09-08T19:31:11.984278+00:00,201,17656.464,
2026-09-08T19:31:22.084407+00:00,201,7577.154,
2026-09-08T19:31:12.105214+00:00,201,17558.788,
2026-09-08T19:30:42.888877+00:00,201,46778.302,
2026-09-08T19:31:20.520237+00:00,201,9148.01,
2026-09-08T19:31:16.141558+00:00,201,13528.89,
2026-09-08T19:31:00.506524+00:00,201,29193.168,
2026-09-08T19:31:02.064644+00:00,201,27650.078,
2026-09-08T19:30:13.826623+00:00,201,75895.907,
2026-09-08T19:30:54.229171+00:00,201,35494.772,
2026-09-08T19:30:51.423980+00:00,201,38307.337,
2026-09-08T19:30:51.680481+00:00,201,38063.859,
2026-09-08T19:31:14.380335+00:00,201,15368.889,
2026-09-08T19:31:22.577844+00:00,201,7182.935,
2026-09-08T19:31:15.550059+00:00,201,14215.731,
2026-09-08T19:31:13.442947+00:00,201,16347.315,
2026-09-08T19:31:13.386666+00:00,201,16409.212,
2026-09-08T19:31:12.963256+00:00,201,16833.619,
2026-09-08T19:30:34.270013+00:00,201,55529.943,
2026-09-08T19:30:57.747723+00:00,201,32053.21,
2026-09-08T19:31:29.257098+00:00,201,574.871,
2026-09-08T19:31:15.333049+00:00,201,14502.098,
2026-09-08T19:31:24.388104+00:00,201,5454.305,
2026-09-08T19:31:00.457562+00:00,201,29387.457,
2026-09-08T19:31:03.797895+00:00,201,26049.741,
2026-09-08T19:31:08.148869+00:00,201,21713.345,
2026-09-08T19:31:14.422298+00:00,201,15442.084,
2026-09-08T19:31:15.367228+00:00,201,14499.613,
2026-09-08T19:31:07.066841+00:00,201,22817.46,
2026-09-08T19:31:09.881869+00:00,201,20019.071,
2026-09-08T19:31:02.719735+00:00,201,27211.976,
2026-09-08T19:31:02.579329+00:00,201,27365.221,
2026-09-08T19:30:48.081298+00:00,201,41876.011,
2026-09-08T19:31:00.839385+00:00,201,29126.455,
2026-09-08T19:31:23.911212+00:00,201,6085.773,
2026-09-08T19:31:09.783601+00:00,201,20217.777,
2026-09-08T19:30:48.623448+00:00,201,41381.042,
2026-09-08T19:31:19.320202+00:00,201,10694.212,
2026-09-08T19:31:23.327577+00:00,201,6694.919,
2026-09-08T19:31:15.265387+00:00,201,14771.207,
2026-09-08T19:30:37.982133+00:00,201,52073.708,
2026-09-08T19:31:09.667110+00:00,201,20408.957,
2026-09-08T19:31:01.180274+00:00,201,28896.804,
2026-09-08T19:31:17.407958+00:00,201,12688.916,
2026-09-08T19:31:23.271472+00:00,201,6839.078,
2026-09-08T19:30:34.768899+00:00,201,55342.69,
2026-09-08T19:30:43.108576+00:00,201,47004.151,
2026-09-08T19:31:28.286538+00:00,201,1827.498,
2026-09-08T19:31:04.779631+00:00,201,25335.717,
2026-09-08T19:30:52.366459+00:00,201,37750.43,
2026-09-08T19:31:25.526084+00:00,201,4592.399,
2026-09-08T19:30:36.499491+00:00,201,53620.549,
2026-09-08T19:31:06.944114+00:00,201,23177.539,
2026-09-08T19:31:11.341168+00:00,201,18782.025,
2026-09-08T19:31:21.936674+00:00,201,8188.146,
2026-09-08T19:31:29.065083+00:00,201,1061.342,
2026-09-08T19:30:47.377529+00:00,201,42750.537,
2026-09-08T19:31:10.031152+00:00,201,20098.724,
2026-09-08T19:30:41.222352+00:00,201,48909.354,
2026-09-08T19:31:13.996598+00:00,201,16137.028,
2026-09-08T19:31:22.410487+00:00,201,7725.131,
2026-09-08T19:30:45.026151+00:00,201,45111.459,
2026-09-08T19:31:03.574834+00:00,201,26564.929,
2026-09-08T19:31:21.992230+00:00,201,8149.744,
2026-09-08T19:31:14.446973+00:00,201,15697.219,
2026-09-08T19:31:00.424259+00:00,201,29722.204,
2026-09-08T19:31:00.903934+00:00,201,29244.875,
2026-09-08T19:31:15.026043+00:00,201,15125.25,
2026-09-08T19:31:21.276362+00:00,201,8877.45,
2026-09-08T19:31:07.605100+00:00,201,22551.2,
2026-09-08T19:31:01.734673+00:00,201,28424.185,
2026-09-08T19:31:13.528166+00:00,201,16647.851,
2026-09-08T19:30:43.096997+00:00,201,47121.337,
2026-09-08T19:31:15.565791+00:00,201,14655.611,
2026-09-08T19:30:34.258331+00:00,201,55965.966,
2026-09-08T19:30:48.907449+00:00,201,41319.865,
2026-09-08T19:30:38.765760+00:00,201,51464.613,
2026-09-08T19:30:54.913751+00:00,201,35319.765,
2026-09-08T19:30:53.386909+00:00,201,36849.7,
2026-09-08T19:31:08.485986+00:00,201,21753.908,
2026-09-08T19:30:57.728794+00:00,201,32514.455,
2026-09-08T19:31:21.071550+00:00,201,9175.127,
2026-09-08T19:31:22.157891+00:00,201,8092.275,
2026-09-08T19:31:23.846265+00:00,201,6407.498,
2026-09-08T19:31:23.062849+00:00,201,7205.795,
2026-09-08T19:31:04.422453+00:00,201,25858.878,
2026-09-08T19:31:21.010659+00:00,201,9311.228,
2026-09-08T19:31:15.677163+00:00,201,14721.514,
2026-09-08T19:31:09.521114+00:00,201,20943.902,
2026-09-08T19:31:22.763486+00:00,201,7709.629,
2026-09-08T19:30:54.891125+00:00,201,35601.635,
2026-09-08T19:30:53.165037+00:00,201,37345.715,
2026-09-08T19:31:11.811981+00:00,201,18704.418,
2026-09-08T19:31:20.924231+00:00,201,9609.466,
2026-09-08T19:30:41.837752+00:00,201,48712.339,
2026-09-08T19:31:02.904181+00:00,201,27664.225,
2026-09-08T19:31:12.049948+00:00,201,18604.684,
2026-09-08T19:31:01.166798+00:00,201,29506.044,
2026-09-08T19:31:01.104693+00:00,201,29571.809,
2026-09-08T19:30:41.747948+00:00,201,48932.234,
2026-09-08T19:31:05.709353+00:00,201,24974.526,
2026-09-08T19:30:36.863787+00:00,201,53823.777,
2026-09-08T19:30:18.028671+00:00,201,72662.714,
2026-09-08T19:31:22.499026+00:00,201,8196.421,
2026-09-08T19:30:50.089433+00:00,201,40609.956,
2026-09-08T19:30:58.344615+00:00,201,32358.841,
2026-09-08T19:31:13.834957+00:00,201,16872.65,
2026-09-08T19:30:45.003302+00:00,201,45708.352,
2026-09-08T19:31:14.856092+00:00,201,15859.882,
2026-09-08T19:30:45.725334+00:00,201,44994.757,
2026-09-08T19:30:33.228399+00:00,201,57496.066,
2026-09-08T19:31:21.483423+00:00,201,9245.573,
2026-09-08T19:31:29.116409+00:00,201,1617.125,
2026-09-08T19:30:32.604433+00:00,201,58133.56,
2026-09-08T19:31:21.588091+00:00,201,9154.615,
2026-09-08T19:31:14.547352+00:00,201,16200.008,
2026-09-08T19:31:08.644224+00:00,201,22107.816,
2026-09-08T19:31:09.720428+00:00,201,21036.46,
2026-09-08T19:30:55.152772+00:00,201,35609.037,
2026-09-08T19:31:29.497548+00:00,201,1269.327,
2026-09-08T19:30:36.971400+00:00,201,53800.416,
2026-09-08T19:30:58.497613+00:00,201,32279.382,
2026-09-08T19:31:10.389039+00:00,201,20393.25,
2026-09-08T19:30:48.902365+00:00,201,41885.09,
2026-09-08T19:31:17.379380+00:00,201,13413.462,
2026-09-08T19:31:04.803092+00:00,201,25995.14,
2026-09-08T19:31:13.505887+00:00,201,17297.847,
2026-09-08T19:31:05.447357+00:00,201,25361.972,
2026-09-08T19:30:50.210655+00:00,201,40604.214,
2026-09-08T19:31:24.169450+00:00,201,6651.219,
2026-09-08T19:31:00.691687+00:00,201,30134.667,
2026-09-08T19:31:21.667478+00:00,201,9164.728,
2026-09-08T19:31:13.724772+00:00,201,17113.172,
2026-09-08T19:31:26.667870+00:00,201,4176.059,
2026-09-08T19:31:01.685495+00:00,201,29164.356,
2026-09-08T19:31:13.951178+00:00,201,17014.405,
2026-09-08T19:30:38.645822+00:00,201,52479.87,
2026-09-08T19:30:51.940861+00:00,201,39214.316,
2026-09-08T19:30:55.839585+00:00,201,35414.599,
2026-09-08T19:30:34.740309+00:00,201,56544.504,
2026-09-08T19:31:15.119783+00:00,201,16180.387,
2026-09-08T19:31:07.810604+00:00,201,23502.336,
2026-09-08T19:30:55.692940+00:00,201,35652.221,
2026-09-08T19:31:10.781633+00:00,201,20580.43,
2026-09-08T19:30:37.649510+00:00,201,53734.659,
2026-09-08T19:31:16.646992+00:00,201,14769.364,
2026-09-08T19:30:52.019944+00:00,201,39434.468,
2026-09-08T19:30:52.259361+00:00,201,39251.745,
2026-09-08T19:31:09.928184+00:00,201,21683.386,
2026-09-08T19:31:01.161841+00:00,201,30551.491,
2026-09-08T19:31:05.550445+00:00,201,26268.22,
2026-09-08T19:31:19.894592+00:00,201,11958.419,
2026-09-08T19:31:15.446677+00:00,201,16421.7,
2026-09-08T19:31:03.967516+00:00,201,28096.913,
2026-09-08T19:31:13.023573+00:00,201,19047.043,
2026-09-08T19:31:22.170152+00:00,201,9919.699,
2026-09-08T19:30:57.609215+00:00,201,34515.177,
2026-09-08T19:31:22.071042+00:00,201,10069.122,
2026-09-08T19:31:15.109779+00:00,201,17052.731,
2026-09-08T19:31:13.467030+00:00,201,18702.066,
2026-09-08T19:30:57.458585+00:00,201,34733.615,
2026-09-08T19:31:02.492294+00:00,201,29729.937,
2026-09-08T19:31:07.468211+00:00,201,24760.523,
2026-09-08T19:31:02.407780+00:00,201,29976.563,
2026-09-08T19:31:19.083234+00:00,201,13341.486,
2026-09-08T19:30:56.198758+00:00,201,36469.353,
2026-09-08T19:30:52.937378+00:00,201,39818.281,
2026-09-08T19:31:24.351493+00:00,201,8489.528,
2026-09-08T19:31:31.713384+00:00,201,1139.934,
2026-09-08T19:31:14.668954+00:00,201,18265.622,
2026-09-08T19:30:37.391892+00:00,201,55627.485,
2026-09-08T19:31:02.631198+00:00,201,30483.102,
2026-09-08T19:31:21.840985+00:00,201,11300.933,
2026-09-08T19:30:55.966166+00:00,201,37206.17,
2026-09-08T19:31:00.562073+00:00,201,32644.087,
2026-09-08T19:31:11.994907+00:00,201,21220.504,
2026-09-08T19:31:03.490489+00:00,201,29756.285,
2026-09-08T19:30:52.310432+00:00,201,40955.939,
2026-09-08T19:30:16.187310+00:00,201,77110.082,
2026-09-08T19:31:29.074355+00:00,201,4246.976,
2026-09-08T19:30:37.604744+00:00,201,55725.603,
2026-09-08T19:31:10.931773+00:00,201,22442.689,
2026-09-08T19:30:39.312064+00:00,201,54087.483,
2026-09-08T19:31:06.529659+00:00,201,26977.042,
2026-09-08T19:30:40.721503+00:00,201,52885.214,
2026-09-08T19:31:06.348377+00:00,201,27292.116,
2026-09-08T19:31:05.397348+00:00,201,28261.877,
2026-09-08T19:31:21.832280+00:00,201,11855.605,
2026-09-08T19:30:23.170623+00:00,201,70664.467,
2026-09-08T19:31:08.207460+00:00,201,25727.245,
2026-09-08T19:31:09.850881+00:00,201,24140.504,
2026-09-08T19:30:39.995840+00:00,201,54010.662,
2026-09-08T19:31:07.643385+00:00,201,26372.012,
2026-09-08T19:30:38.135989+00:00,201,55921.191,
2026-09-08T19:31:21.817545+00:00,201,12277.368,
2026-09-08T19:31:05.202586+00:00,201,28938.324,
2026-09-08T19:30:51.850104+00:00,201,42299.991,
2026-09-08T19:31:17.948591+00:00,201,16296.396,
2026-09-08T19:31:23.902517+00:00,201,10348.861,
2026-09-08T19:31:21.489513+00:00,201,12774.211,
2026-09-08T19:31:07.544530+00:00,201,26759.14,
2026-09-08T19:31:11.306690+00:00,201,23142.833,
2026-09-08T19:31:28.015696+00:00,201,6448.365,
2026-09-08T19:31:22.316557+00:00,201,12252.705,
2026-09-08T19:31:30.224383+00:00,201,4395.916,
2026-09-08T19:31:00.246394+00:00,201,34431.672,
2026-09-08T19:30:20.127344+00:00,201,74563.295,
2026-09-08T19:31:26.205042+00:00,201,8509.917,
2026-09-08T19:31:14.638919+00:00,201,20156.386,
2026-09-08T19:30:52.156933+00:00,201,42644.366,
2026-09-08T19:30:50.513087+00:00,201,44327.304,
2026-09-08T19:31:29.123932+00:00,201,5740.86,
2026-09-08T19:31:17.303443+00:00,201,17567.604,
2026-09-08T19:31:22.754643+00:00,201,12144.154,
2026-09-08T19:30:41.722972+00:00,201,53181.923,
2026-09-08T19:31:11.758958+00:00,201,23170.859,
2026-09-08T19:31:13.030608+00:00,201,21923.753,
2026-09-08T19:30:38.889072+00:00,201,56084.485,
2026-09-08T19:31:13.246765+00:00,201,21874.302,
2026-09-08T19:31:34.015443+00:00,201,1165.56,
2026-09-08T19:31:13.975523+00:00,201,21234.621,
2026-09-08T19:31:26.492404+00:00,201,8766.577,
2026-09-08T19:31:23.772895+00:00,201,11489.241,
2026-09-08T19:31:21.711234+00:00,201,13584.331,
2026-09-08T19:31:16.962070+00:00,201,18381.04,
2026-09-08T19:31:23.816990+00:00,201,11586.018,
2026-09-08T19:30:52.990181+00:00,201,42428.899,
2026-09-08T19:31:14.726656+00:00,201,20714.05,
2026-09-08T19:31:30.233574+00:00,201,5230.653,
2026-09-08T19:31:12.211616+00:00,201,23297.181,
2026-09-08T19:31:13.210412+00:00,201,22322.026,
2026-09-08T19:31:08.156909+00:00,201,27401.058,
2026-09-08T19:30:53.875731+00:00,201,41709.676,
2026-09-08T19:31:09.584913+00:00,201,26009.633,
2026-09-08T19:31:30.253777+00:00,201,5381.275,
2026-09-08T19:31:33.835199+00:00,201,1804.746,
2026-09-08T19:31:19.794381+00:00,201,15871.84,
2026-09-08T19:30:44.795920+00:00,201,50882.591,
2026-09-08T19:31:02.495983+00:00,201,33246.448,
2026-09-08T19:30:59.447488+00:00,201,36302.354,
2026-09-08T19:31:10.633494+00:00,201,25124.054,
2026-09-08T19:31:12.903167+00:00,201,22860.303,
2026-09-08T19:31:29.125066+00:00,201,6675.256,
2026-09-08T19:31:07.015728+00:00,201,28792.53,
2026-09-08T19:31:04.865454+00:00,201,30953.704,
2026-09-08T19:30:25.325277+00:00,201,70495.025,
2026-09-08T19:30:40.085209+00:00,201,55736.979,
2026-09-08T19:31:16.000726+00:00,201,19829.589,
2026-09-08T19:31:22.190638+00:00,201,13643.192,
2026-09-08T19:31:14.557114+00:00,201,21285.482,
2026-09-08T19:31:09.748450+00:00,201,26097.062,
2026-09-08T19:31:09.304930+00:00,201,26543.849,
2026-09-08T19:30:56.694390+00:00,201,39157.891,
2026-09-08T19:31:02.021743+00:00,201,33834.221,
2026-09-08T19:31:16.888634+00:00,201,18975.592,
2026-09-08T19:30:51.482042+00:00,201,44384.545,
2026-09-08T19:31:29.462091+00:00,201,6405.562,
2026-09-08T19:30:49.343091+00:00,201,46528.631,
2026-09-08T19:31:09.292689+00:00,201,26601.429,
2026-09-08T19:30:43.707252+00:00,201,52201.476,
2026-09-08T19:30:36.660739+00:00,201,59251.194,
2026-09-08T19:31:12.642847+00:00,201,23274.999,
2026-09-08T19:31:29.418153+00:00,201,6520.255,
2026-09-08T19:30:48.590125+00:00,201,47351.5,
2026-09-08T19:30:32.388819+00:00,201,63562.174,
2026-09-08T19:31:00.996024+00:00,201,34965.765,
2026-09-08T19:31:10.710587+00:00,201,25254.167,
2026-09-08T19:31:12.379470+00:00,201,23590.02,
2026-09-08T19:31:22.668551+00:00,201,13302.905,
2026-09-08T19:31:27.163805+00:00,201,8815.166,
2026-09-08T19:31:01.545641+00:00,201,34437.697,
2026-09-08T19:30:32.031650+00:00,201,63960.509,
2026-09-08T19:31:15.681299+00:00,201,20332.843,
2026-09-08T19:31:03.979844+00:00,201,32038.865,
2026-09-08T19:31:18.221783+00:00,201,17823.946,
2026-09-08T19:31:30.218408+00:00,201,5828.746,
2026-09-08T19:30:48.841867+00:00,201,47208.937,
2026-09-08T19:31:22.181577+00:00,201,13871.633,
2026-09-08T19:31:19.158913+00:00,201,16896.946,
2026-09-08T19:31:15.166441+00:00,201,20891.904,
2026-09-08T19:31:26.644437+00:00,201,9425.901,
2026-09-08T19:31:30.236666+00:00,201,5855.223,
2026-09-08T19:30:54.965604+00:00,201,41131.348,
2026-09-08T19:31:00.033679+00:00,201,36067.443,
2026-09-08T19:30:52.490828+00:00,201,43617.894,
2026-09-08T19:30:31.157479+00:00,201,64959.17,
2026-09-08T19:31:02.252790+00:00,201,33872.297,
2026-09-08T19:31:35.666249+00:00,201,471.319,
2026-09-08T19:31:24.270332+00:00,201,11870.434,
2026-09-08T19:30:26.448852+00:00,201,69692.859,
2026-09-08T19:31:15.597640+00:00,201,20545.657,
2026-09-08T19:30:57.240781+00:00,201,38910.637,
2026-09-08T19:30:48.702359+00:00,201,47466.135,
2026-09-08T19:31:18.079879+00:00,201,18099.668,
2026-09-08T19:30:41.665139+00:00,201,54520.995,
2026-09-08T19:30:33.115123+00:00,201,63076.452,
2026-09-08T19:31:06.885289+00:00,201,29313.058,
2026-09-08T19:31:07.242059+00:00,201,28957.852,
2026-09-08T19:30:55.247251+00:00,201,40958.11,
2026-09-08T19:31:14.887039+00:00,201,21319.967,
2026-09-08T19:30:54.541518+00:00,201,41666.573,
2026-09-08T19:30:56.999116+00:00,201,39233.888,
2026-09-08T19:31:29.664033+00:00,201,6597.306,
2026-09-08T19:30:35.888989+00:00,201,60374.347,
2026-09-08T19:31:19.243312+00:00,201,17039.507,
2026-09-08T19:30:54.095718+00:00,201,42188.494,
2026-09-08T19:31:14.575167+00:00,201,21711.724,
2026-09-08T19:31:29.360678+00:00,201,6945.754,
2026-09-08T19:31:14.747812+00:00,201,21560.123,
2026-09-08T19:31:29.847677+00:00,201,6465.025,
2026-09-08T19:31:01.456261+00:00,201,34857.512,
2026-09-08T19:31:22.823571+00:00,201,13499.659,
2026-09-08T19:30:35.175556+00:00,201,61153.108,
2026-09-08T19:31:10.170340+00:00,201,26161.743,
2026-09-08T19:31:29.900979+00:00,201,6454.479,
2026-09-08T19:30:41.266673+00:00,201,55092.595,
2026-09-08T19:31:07.213853+00:00,201,29165.339,
2026-09-08T19:31:32.140185+00:00,201,4251.932,
2026-09-08T19:31:02.417699+00:00,201,33991.905,
2026-09-08T19:31:08.254606+00:00,201,28163.05,
2026-09-08T19:31:01.396563+00:00,201,35027.733,
2026-09-08T19:30:36.983204+00:00,201,59442.698,
2026-09-08T19:31:30.124837+00:00,201,6314.62,
2026-09-08T19:31:18.155585+00:00,201,18290.578,
2026-09-08T19:31:13.902177+00:00,201,22545.027,
2026-09-08T19:31:12.932145+00:00,201,23529.865,
2026-09-08T19:31:10.108255+00:00,201,26358.933,
2026-09-08T19:31:34.690751+00:00,201,1783.031,
2026-09-08T19:31:01.826993+00:00,201,34649.089,
2026-09-08T19:31:13.803117+00:00,201,22691.787,
2026-09-08T19:31:14.410758+00:00,201,22096.93,
2026-09-08T19:31:03.394634+00:00,201,33134.591,
2026-09-08T19:31:07.886532+00:00,201,28643.763,
2026-09-08T19:31:23.579647+00:00,201,12964.899,
2026-09-08T19:30:51.846997+00:00,201,44699.273,
2026-09-08T19:31:19.558294+00:00,201,16990.724,
2026-09-08T19:31:21.870916+00:00,201,14686.711,
2026-09-08T19:31:24.923798+00:00,201,11640.99,
2026-09-08T19:31:25.772853+00:00,201,10795.425,
2026-09-08T19:31:07.885364+00:00,201,28686.608,
2026-09-08T19:30:36.922110+00:00,201,59669.581,
2026-09-08T19:31:30.729015+00:00,201,5873.96,
2026-09-08T19:31:21.815236+00:00,201,14800.719,
2026-09-08T19:31:09.260517+00:00,201,27359.905,
2026-09-08T19:31:22.541195+00:00,201,14083.195,
2026-09-08T19:31:35.757589+00:00,201,871.279,
2026-09-08T19:31:12.873513+00:00,201,23777.102,
2026-09-08T19:31:07.200228+00:00,201,29460.128,
2026-09-08T19:31:21.851109+00:00,201,14810.3,
2026-09-08T19:31:24.653287+00:00,201,12030.047,
2026-09-08T19:31:36.529281+00:00,201,164.852,
2026-09-08T19:31:23.124654+00:00,201,13575.461,
2026-09-08T19:31:15.232313+00:00,201,21475.679,
2026-09-08T19:30:51.988400+00:00,201,44722.41,
2026-09-08T19:30:47.984231+00:00,201,48742.793,
2026-09-08T19:31:00.058260+00:00,201,36671.063,
2026-09-08T19:31:32.853327+00:00,201,3877.054,
2026-09-08T19:30:55.346009+00:00,201,41387.513,
2026-09-08T19:31:19.322242+00:00,201,17413.926,
2026-09-08T19:31:03.816556+00:00,201,32923.957,
2026-09-08T19:31:13.254684+00:00,201,23495.459,
2026-09-08T19:31:07.341017+00:00,201,29413.415,
2026-09-08T19:31:05.704204+00:00,201,31054.271,
2026-09-08T19:31:18.305906+00:00,201,18463.017,
2026-09-08T19:30:49.235866+00:00,201,47544.363,
2026-09-08T19:31:10.913845+00:00,201,25873.118,
2026-09-08T19:31:16.414433+00:00,201,20399.471,
2026-09-08T19:31:11.031901+00:00,201,25785.494,
2026-09-08T19:31:05.831652+00:00,201,30996.38,
2026-09-08T19:31:30.849902+00:00,201,5984.472,
2026-09-08T19:30:59.237696+00:00,201,37601.088,
2026-09-08T19:31:36.050878+00:00,201,806.728,
2026-09-08T19:31:08.302355+00:00,201,28562.951,
2026-09-08T19:31:23.006545+00:00,201,13868.268,
2026-09-08T19:31:11.452559+00:00,201,25430.804,
2026-09-08T19:31:32.755721+00:00,201,4133.386,
2026-09-08T19:31:29.040847+00:00,201,7859.86,
2026-09-08T19:30:58.378041+00:00,201,38524.561,
2026-09-08T19:31:21.218953+00:00,201,15689.493,
2026-09-08T19:31:17.768957+00:00,201,19159.994,
2026-09-08T19:31:02.637074+00:00,201,34324.769,
2026-09-08T19:31:10.907736+00:00,201,26057.208,
2026-09-08T19:31:14.949629+00:00,201,22040.116,
2026-09-08T19:31:22.883057+00:00,201,14113.847,
2026-09-08T19:31:08.888417+00:00,201,28124.184,
2026-09-08T19:30:21.718954+00:00,201,75294.688,
2026-09-08T19:31:15.311612+00:00,201,21712.262,
2026-09-08T19:31:36.857613+00:00,201,178.847,
2026-09-08T19:31:08.796431+00:00,201,28248.798,
2026-09-08T19:30:49.127232+00:00,201,47921.035,
2026-09-08T19:31:23.427850+00:00,201,13629.472,
2026-09-08T19:31:14.142313+00:00,201,22917.782,
2026-09-08T19:31:02.559139+00:00,201,34525.059,
2026-09-08T19:31:06.994718+00:00,201,30090.54,
2026-09-08T19:31:11.202096+00:00,201,25884.68,
2026-09-08T19:30:40.578987+00:00,201,56514.583,
2026-09-08T19:31:30.843939+00:00,201,6250.912,
2026-09-08T19:30:52.476608+00:00,201,44621.446,
2026-09-08T19:31:22.751732+00:00,201,14357.388,
2026-09-08T19:31:04.087726+00:00,201,33024.399,
2026-09-08T19:31:05.604930+00:00,201,31532.89,
2026-09-08T19:30:55.613241+00:00,201,41530.625,
2026-09-08T19:31:20.211647+00:00,201,16956.317,
2026-09-08T19:31:03.085162+00:00,201,34088.439,
2026-09-08T19:31:15.780959+00:00,201,21397.069,
2026-09-08T19:30:47.880503+00:00,201,49300.227,
2026-09-08T19:31:19.018669+00:00,201,18186.942,
2026-09-08T19:31:15.793740+00:00,201,21413.578,
2026-09-08T19:30:55.334243+00:00,201,41874.861,
2026-09-08T19:31:13.253698+00:00,201,23956.399,
2026-09-08T19:30:55.048337+00:00,201,42182.242,
2026-09-08T19:30:56.387695+00:00,201,40844.642,
2026-09-08T19:31:22.118285+00:00,201,15131.986,
2026-09-08T19:31:22.127220+00:00,201,15125.023,
2026-09-08T19:31:30.676549+00:00,201,6576.604,
2026-09-08T19:31:12.841420+00:00,201,24428.498,
2026-09-08T19:31:01.734017+00:00,201,35538.798,
2026-09-08T19:30:33.666735+00:00,201,63612.288,
2026-09-08T19:30:39.542862+00:00,201,57742.181,
2026-09-08T19:31:18.916023+00:00,201,18372.215,
2026-09-08T19:31:18.760431+00:00,201,18531.876,
2026-09-08T19:31:30.510813+00:00,201,6785.708,
2026-09-08T19:31:10.074026+00:00,201,27235.743,
2026-09-08T19:30:39.439845+00:00,201,57886.182,
2026-09-08T19:31:16.982171+00:00,201,20348.727,
2026-09-08T19:31:19.962083+00:00,201,17371.741,
2026-09-08T19:31:28.078373+00:00,201,9266.191,
2026-09-08T19:31:22.454502+00:00,201,14892.907,
2026-09-08T19:31:09.489775+00:00,201,27860.597,
2026-09-08T19:31:14.587869+00:00,201,22771.501,
2026-09-08T19:31:12.791868+00:00,201,24572.205,
2026-09-08T19:31:15.084380+00:00,201,22283.369,
2026-09-08T19:31:12.111449+00:00,201,25270.71,
2026-09-08T19:31:13.742011+00:00,201,23641.396,
2026-09-08T19:30:38.599735+00:00,201,58791.418,
2026-09-08T19:31:37.230646+00:00,201,162.386,
2026-09-08T19:30:53.888970+00:00,201,43504.997,
2026-09-08T19:31:15.272018+00:00,201,22135.358,
2026-09-08T19:31:15.818790+00:00,201,21591.231,
2026-09-08T19:31:26.378315+00:00,201,11037.156,
2026-09-08T19:31:02.287850+00:00,201,35128.763,
2026-09-08T19:31:12.455776+00:00,201,24964.245,
2026-09-08T19:30:29.503652+00:00,201,67917.509,
2026-09-08T19:31:15.425925+00:00,201,22009.255,
2026-09-08T19:31:00.713656+00:00,201,36724.144,
2026-09-08T19:31:28.475140+00:00,201,8990.673,
2026-09-08T19:31:05.733918+00:00,201,31734.979,
2026-09-08T19:30:42.887626+00:00,201,54611.968,
2026-09-08T19:31:16.644679+00:00,201,20856.322,
2026-09-08T19:30:42.904402+00:00,201,54602.51,
2026-09-08T19:31:00.377037+00:00,201,37131.99,
2026-09-08T19:31:26.118630+00:00,201,11398.993,
2026-09-08T19:31:36.018760+00:00,201,1526.398,
2026-09-08T19:30:50.775830+00:00,201,46773.091,
2026-09-08T19:31:31.312979+00:00,201,6237.749,
2026-09-08T19:31:29.661578+00:00,201,7904.407,
2026-09-08T19:31:23.992066+00:00,201,13576.966,
2026-09-08T19:31:10.091487+00:00,201,27483.529,
2026-09-08T19:30:46.922117+00:00,201,50660.004,
2026-09-08T19:30:42.901985+00:00,201,54686.987,
2026-09-08T19:31:20.934730+00:00,201,16657.99,
2026-09-08T19:31:35.800342+00:00,201,1797.46,
2026-09-08T19:31:18.030425+00:00,201,19568.376,
2026-09-08T19:31:24.177519+00:00,201,13430.347,
2026-09-08T19:31:21.590148+00:00,201,16020.455,
2026-09-08T19:31:04.715173+00:00,201,32896.408,
2026-09-08T19:31:22.659750+00:00,201,14953.433,
2026-09-08T19:31:01.812407+00:00,201,35806.417,
2026-09-08T19:31:29.842428+00:00,201,7781.449,
2026-09-08T19:30:29.328911+00:00,201,68304.792,
2026-09-08T19:31:24.062106+00:00,201,13575.063,
2026-09-08T19:31:36.439474+00:00,201,1207.075,
2026-09-08T19:31:15.863945+00:00,201,21787.378,
2026-09-08T19:31:21.354836+00:00,201,16299.166,
2026-09-08T19:31:17.792182+00:00,201,19867.533,
2026-09-08T19:31:36.261357+00:00,201,1407.715,
2026-09-08T19:31:16.802701+00:00,201,20887.923,
2026-09-08T19:30:56.632382+00:00,201,41069.464,
2026-09-08T19:31:30.129910+00:00,201,7582.185,
2026-09-08T19:31:11.112610+00:00,201,26612.134,
2026-09-08T19:31:11.941777+00:00,201,25790.215,
2026-09-08T19:30:55.713367+00:00,201,42047.886,
2026-09-08T19:30:45.812605+00:00,201,51963.222,
2026-09-08T19:31:14.178499+00:00,201,23598.82,
2026-09-08T19:31:37.437859+00:00,201,355.281,
2026-09-08T19:30:41.958798+00:00,201,55853.892,
2026-09-08T19:31:01.601790+00:00,201,36214.154,
2026-09-08T19:31:01.183149+00:00,201,36647.49,
2026-09-08T19:30:55.325362+00:00,201,42516.388,
2026-09-08T19:31:20.719528+00:00,201,17123.767,
2026-09-08T19:31:22.537959+00:00,201,15313.865,
2026-09-08T19:30:51.840228+00:00,201,46012.634,
2026-09-08T19:31:23.802702+00:00,201,14052.914,
2026-09-08T19:31:03.888712+00:00,201,33976.212,
2026-09-08T19:31:37.690659+00:00,201,178.448,
2026-09-08T19:30:47.564961+00:00,201,50315.044,
2026-09-08T19:31:37.435218+00:00,201,453.748,
2026-09-08T19:31:01.051286+00:00,201,36838.812,
2026-09-08T19:30:35.328905+00:00,201,62581.899,
2026-09-08T19:31:28.429325+00:00,201,9484.105,
2026-09-08T19:30:55.209519+00:00,201,42723.152,
2026-09-08T19:31:17.128586+00:00,201,20811.237,
2026-09-08T19:31:18.344316+00:00,201,19599.372,
2026-09-08T19:30:49.391875+00:00,201,48554.882,
2026-09-08T19:31:37.777358+00:00,201,183.546,
2026-09-08T19:31:22.519138+00:00,201,15446.162,
2026-09-08T19:30:52.903983+00:00,201,45077.792,
2026-09-08T19:30:50.412921+00:00,201,47581.163,
2026-09-08T19:31:23.305329+00:00,201,14694.528,
2026-09-08T19:31:05.888404+00:00,201,32115.182,
2026-09-08T19:30:59.457458+00:00,201,38577.937,
2026-09-08T19:30:53.968153+00:00,201,44068.917,
2026-09-08T19:31:28.656925+00:00,201,9388.306,
2026-09-08T19:31:21.260279+00:00,201,16791.699,
2026-09-08T19:31:30.158911+00:00,201,7896.296,
2026-09-08T19:30:56.101247+00:00,201,41959.861,
2026-09-08T19:30:33.192942+00:00,201,64886.303,
2026-09-08T19:31:12.115828+00:00,201,25975.794,
2026-09-08T19:31:03.223101+00:00,201,34870.008,
2026-09-08T19:30:50.351640+00:00,201,47743.035,
2026-09-08T19:31:00.278774+00:00,201,37865.422,
2026-09-08T19:31:18.361644+00:00,201,19786.46,
2026-09-08T19:31:29.511823+00:00,201,8637.766,
2026-09-08T19:31:08.192019+00:00,201,29959.032,
2026-09-08T19:31:35.917885+00:00,201,2234.279,
2026-09-08T19:30:49.539193+00:00,201,48614.772,
2026-09-08T19:31:03.885398+00:00,201,34277.552,
2026-09-08T19:30:50.810879+00:00,201,47384.707,
2026-09-08T19:31:00.384128+00:00,201,37814.418,
2026-09-08T19:31:23.785780+00:00,201,14419.408,
2026-09-08T19:30:53.148603+00:00,201,45077.04,
2026-09-08T19:30:54.461058+00:00,201,43774.458,
2026-09-08T19:31:18.997042+00:00,201,19244.671,
2026-09-08T19:31:38.055223+00:00,201,189.288,
2026-09-08T19:31:29.667253+00:00,201,8581.571,
2026-09-08T19:30:49.558932+00:00,201,48706.676,
2026-09-08T19:31:31.454473+00:00,201,6833.36,
2026-09-08T19:31:29.422121+00:00,201,8869.137,
2026-09-08T19:31:23.419908+00:00,201,14875.47,
2026-09-08T19:30:54.191007+00:00,201,44107.291,
2026-09-08T19:31:31.345216+00:00,201,6956.201,
2026-09-08T19:30:56.333833+00:00,201,41973.624,
2026-09-08T19:31:06.181618+00:00,201,32128.655,
2026-09-08T19:31:07.607055+00:00,201,30712.699,
2026-09-08T19:31:37.501040+00:00,201,829.068,
2026-09-08T19:31:37.086820+00:00,201,1256.561,
2026-09-08T19:30:53.261921+00:00,201,45085.625,
2026-09-08T19:31:02.905191+00:00,201,35443.62,
2026-09-08T19:31:36.306450+00:00,201,2044.016,
2026-09-08T19:31:24.998690+00:00,201,13353.493,
2026-09-08T19:31:28.911953+00:00,201,9441.169,
2026-09-08T19:31:30.096899+00:00,201,8263.892,
2026-09-08T19:31:37.816003+00:00,201,548.182,
2026-09-08T19:30:41.653455+00:00,201,56717.993,
2026-09-08T19:31:07.842589+00:00,201,30533.679,
2026-09-08T19:30:57.173789+00:00,201,41216.278,
2026-09-08T19:31:20.759966+00:00,201,17638.27,
2026-09-08T19:31:06.946613+00:00,201,31466.364,
2026-09-08T19:30:31.633468+00:00,201,66785.216,
2026-09-08T19:30:37.801102+00:00,201,60627.481,
2026-09-08T19:31:23.366772+00:00,201,15076.321,
2026-09-08T19:30:17.250616+00:00,201,81203.29,
2026-09-08T19:30:22.716497+00:00,201,75741.287,
2026-09-08T19:31:28.193674+00:00,201,10266.265,
2026-09-08T19:31:26.536493+00:00,201,11926.699,
2026-09-08T19:31:07.247834+00:00,201,31220.527,
2026-09-08T19:31:25.251992+00:00,201,13225.856,
2026-09-08T19:31:36.263429+00:00,201,2237.178,
2026-09-08T19:31:10.649284+00:00,201,27853.719,
2026-09-08T19:30:51.829387+00:00,201,46688.257,
2026-09-08T19:31:17.211470+00:00,201,21312.2,
2026-09-08T19:31:30.568453+00:00,201,7956.199,
2026-09-08T19:31:09.198543+00:00,201,29336.055,
2026-09-08T19:31:23.824436+00:00,201,14713.264,
2026-09-08T19:31:33.640539+00:00,201,4902.978,
2026-09-08T19:31:16.454028+00:00,201,22096.636,
2026-09-08T19:30:42.407488+00:00,201,56150.337,
2026-09-08T19:30:32.563073+00:00,201,66001.834,
2026-09-08T19:31:21.553077+00:00,201,17016.385,
2026-09-08T19:31:21.164986+00:00,201,17420.77,
2026-09-08T19:31:28.643914+00:00,201,9957.634,
2026-09-08T19:31:06.550074+00:00,201,32053.619,
2026-09-08T19:31:12.301966+00:00,201,26312.018,
2026-09-08T19:30:42.039013+00:00,201,56594.752,
2026-09-08T19:31:22.017541+00:00,201,16625.76,
2026-09-08T19:31:37.506997+00:00,201,1137.764,
2026-09-08T19:31:11.450793+00:00,201,27196.189,
2026-09-08T19:31:22.155614+00:00,201,16494.652,
2026-09-08T19:30:14.751422+00:00,201,83906.915,
2026-09-08T19:30:56.821689+00:00,201,41838.896,
2026-09-08T19:31:14.609686+00:00,201,24052.084,
2026-09-08T19:30:29.576389+00:00,201,69101.046,
2026-09-08T19:31:08.147649+00:00,201,30534.508,
2026-09-08T19:30:53.507463+00:00,201,45179.45,
2026-09-08T19:31:15.233282+00:00,201,23461.124,
2026-09-08T19:30:45.567472+00:00,201,53135.665,
2026-09-08T19:30:56.462707+00:00,201,42253.858,
2026-09-08T19:30:44.591922+00:00,201,54131.654,
2026-09-08T19:31:13.449022+00:00,201,25282.264,
2026-09-08T19:30:51.996394+00:00,201,46741.527,
2026-09-08T19:31:22.185014+00:00,201,16560.13,
2026-09-08T19:31:08.452213+00:00,201,30298.962,
2026-09-08T19:31:02.187737+00:00,201,36568.702,
2026-09-08T19:30:58.050218+00:00,201,40711.441,
2026-09-08T19:31:14.277942+00:00,201,24492.46,
2026-09-08T19:31:03.972809+00:00,201,34827.8,
2026-09-08T19:31:24.864471+00:00,201,13952.329,
2026-09-08T19:31:26.914749+00:00,201,11907.05,
2026-09-08T19:30:51.321592+00:00,201,47513.749,
2026-09-08T19:30:22.361379+00:00,201,76476.995,
2026-09-08T19:31:20.391382+00:00,201,18465.548,
2026-09-08T19:31:01.652224+00:00,201,37212.439,
2026-09-08T19:30:47.516615+00:00,201,51370.527,
2026-09-08T19:31:29.519407+00:00,201,9380.006,
2026-09-08T19:31:37.060134+00:00,201,1840.729,
2026-09-08T19:31:23.715375+00:00,201,15195.601,
2026-09-08T19:31:22.875621+00:00,201,16038.381,
2026-09-08T19:31:29.234814+00:00,201,9696.789,
2026-09-08T19:31:00.020578+00:00,201,38918.698,
2026-09-08T19:31:04.462701+00:00,201,34482.599,
2026-09-08T19:30:43.716799+00:00,201,55236.163,
2026-09-08T19:31:22.895164+00:00,201,16059.667,
2026-09-08T19:31:17.562346+00:00,201,21402.746,
2026-09-08T19:31:35.181010+00:00,201,3790.988,
2026-09-08T19:31:37.465835+00:00,201,1515.528,
2026-09-08T19:31:30.533716+00:00,201,8456.695,
2026-09-08T19:31:28.149743+00:00,201,10843.653,
2026-09-08T19:31:22.994574+00:00,201,16002.954,
2026-09-08T19:30:06.114336+00:00,201,92903.325,
2026-09-08T19:31:10.294754+00:00,201,28723.996,
2026-09-08T19:31:21.708727+00:00,201,17311.016,
2026-09-08T19:30:22.571895+00:00,201,76450.514,
2026-09-08T19:31:08.721847+00:00,201,30304.305,
2026-09-08T19:31:36.141818+00:00,201,2889.682,
2026-09-08T19:31:23.809804+00:00,201,15237.21,
2026-09-08T19:31:14.155778+00:00,201,24901.745,
2026-09-08T19:31:15.675107+00:00,201,23388.837,
2026-09-08T19:31:38.899432+00:00,201,165.623,
2026-09-08T19:30:35.718859+00:00,201,63369.98,
2026-09-08T19:31:10.886966+00:00,201,28220.166,
2026-09-08T19:31:21.027826+00:00,201,18089.785,
2026-09-08T19:30:43.405463+00:00,201,55713.934,
2026-09-08T19:30:31.188002+00:00,201,67934.826,
2026-09-08T19:31:20.859975+00:00,201,18270.441,
2026-09-08T19:31:20.872527+00:00,201,18265.847,
2026-09-08T19:31:07.552825+00:00,201,31592.464,
2026-09-08T19:30:53.251973+00:00,201,45899.174,
2026-09-08T19:31:21.042335+00:00,201,18110.589,
2026-09-08T19:31:01.153697+00:00,201,38019.356,
2026-09-08T19:30:42.185219+00:00,201,56988.971,
2026-09-08T19:31:15.557348+00:00,201,23618.527,
2026-09-08T19:30:55.485992+00:00,201,43695.498,
2026-09-08T19:30:59.573425+00:00,201,39611.557,
2026-09-08T19:31:23.641141+00:00,201,15556.236,
2026-09-08T19:31:13.551569+00:00,201,25649.952,
2026-09-08T19:31:01.014324+00:00,201,38199.922,
2026-09-08T19:31:11.729911+00:00,201,27505.39,
2026-09-08T19:31:04.347956+00:00,201,34890.46,
2026-09-08T19:31:29.517106+00:00,201,9727.159,
2026-09-08T19:31:15.588989+00:00,201,23671.646,
2026-09-08T19:31:07.371081+00:00,201,31890.444,
2026-09-08T19:31:20.909392+00:00,201,18360.465,
2026-09-08T19:31:19.469173+00:00,201,19802.549,
2026-09-08T19:30:54.582055+00:00,201,44693.109,
2026-09-08T19:30:37.395550+00:00,201,61886.521,
2026-09-08T19:30:40.828831+00:00,201,58466.573,
2026-09-08T19:31:21.014502+00:00,201,18287.66,
2026-09-08T19:30:50.768925+00:00,201,48540.033,
2026-09-08T19:31:00.980063+00:00,201,38332.794,
2026-09-08T19:31:28.063396+00:00,201,11252.155,
2026-09-08T19:31:14.600821+00:00,201,24716.322,
2026-09-08T19:31:36.572018+00:00,201,2749.14,
2026-09-08T19:31:22.246611+00:00,201,17075.598,
2026-09-08T19:31:28.993330+00:00,201,10331.75,
2026-09-08T19:31:35.678593+00:00,201,3655.348,
2026-09-08T19:31:28.720568+00:00,201,10619.396,
2026-09-08T19:31:37.012648+00:00,201,2328.355,
2026-09-08T19:31:17.073455+00:00,201,22273.098,
2026-09-08T19:31:22.324599+00:00,201,17026.656,
2026-09-08T19:31:13.466015+00:00,201,25900.155,
2026-09-08T19:31:07.576799+00:00,201,31791.354,
2026-09-08T19:31:13.991887+00:00,201,25384.154,
2026-09-08T19:31:10.890360+00:00,201,28489.34,
2026-09-08T19:31:01.808202+00:00,201,37573.529,
2026-09-08T19:31:21.225113+00:00,201,18160.052,
2026-09-08T19:31:13.680782+00:00,201,25706.624,
2026-09-08T19:31:11.421870+00:00,201,27984.12,
2026-09-08T19:30:58.440071+00:00,201,40969.088,
2026-09-08T19:31:38.298369+00:00,201,1139.073,
2026-09-08T19:31:07.238485+00:00,201,32201.157,
2026-09-08T19:31:39.261578+00:00,201,187.874,
2026-09-08T19:31:08.159907+00:00,201,31302.766,
2026-09-08T19:31:20.518107+00:00,201,18964.133,
2026-09-08T19:31:13.636338+00:00,201,25853.556,
2026-09-08T19:31:21.465439+00:00,201,18028.875,
2026-09-08T19:30:31.667254+00:00,201,67840.976,
2026-09-08T19:31:02.468350+00:00,201,37052.217,
2026-09-08T19:31:03.054221+00:00,201,36468.015,
2026-09-08T19:31:20.845670+00:00,201,18682.51,
2026-09-08T19:30:55.678443+00:00,201,43852.531,
2026-09-08T19:31:17.691690+00:00,201,21848.329,
2026-09-08T19:31:07.343165+00:00,201,32198.21,
2026-09-08T19:31:06.009119+00:00,201,33533.593,
2026-09-08T19:30:36.974334+00:00,201,62575.504,
2026-09-08T19:31:01.638902+00:00,201,37944.831,
2026-09-08T19:30:51.197320+00:00,201,48393.897,
2026-09-08T19:31:11.829459+00:00,201,27794.395,
2026-09-08T19:30:51.432689+00:00,201,48193.805,
2026-09-08T19:31:00.834029+00:00,201,38797.668,
2026-09-08T19:30:55.603477+00:00,201,44051.684,
2026-09-08T19:30:58.584542+00:00,201,41071.798,
2026-09-08T19:31:23.129736+00:00,201,16544.966,
2026-09-08T19:31:37.623896+00:00,201,2053.217,
2026-09-08T19:30:31.279764+00:00,201,68414.664,
2026-09-08T19:31:30.837972+00:00,201,8860.46,
2026-09-08T19:31:24.320303+00:00,201,15380.371,
2026-09-08T19:31:38.035457+00:00,201,1669.529,
2026-09-08T19:31:29.800986+00:00,201,9908.243,
2026-09-08T19:31:00.734198+00:00,201,38989.093,
2026-09-08T19:31:18.277564+00:00,201,21478.415,
2026-09-08T19:31:21.956531+00:00,201,17840.965,
2026-09-08T19:31:31.284901+00:00,201,8522.304,
2026-09-08T19:31:20.814464+00:00,201,19000.031,
2026-09-08T19:31:18.324175+00:00,201,21498.505,
2026-09-08T19:31:29.636970+00:00,201,10196.385,
2026-09-08T19:31:35.820408+00:00,201,4031.547,
2026-09-08T19:30:37.452501+00:00,201,62401.711,
2026-09-08T19:31:35.403030+00:00,201,4458.541,
2026-09-08T19:31:22.701062+00:00,201,17168.045,
2026-09-08T19:31:19.635753+00:00,201,20245.724,
2026-09-08T19:31:16.021584+00:00,201,23861.257,
2026-09-08T19:31:15.596028+00:00,201,24295.255,
2026-09-08T19:31:16.570601+00:00,201,23335.057,
2026-09-08T19:31:37.143935+00:00,201,2765.499,
2026-09-08T19:31:23.127759+00:00,201,16789.033,
2026-09-08T19:30:50.588286+00:00,201,49334.466,
2026-09-08T19:31:21.114355+00:00,201,18809.836,
2026-09-08T19:31:27.977686+00:00,201,11987.774,
2026-09-08T19:30:50.430866+00:00,201,49543.159,
2026-09-08T19:31:03.732428+00:00,201,36244.527,
2026-09-08T19:30:54.342780+00:00,201,45655.016,
2026-09-08T19:30:43.674396+00:00,201,56343.985,
2026-09-08T19:31:15.359131+00:00,201,24664.419,
2026-09-08T19:31:14.641183+00:00,201,25387.413,
2026-09-08T19:30:40.503678+00:00,201,59545.624,
2026-09-08T19:31:00.727142+00:00,201,39326.077,
2026-09-08T19:31:21.793388+00:00,201,18267.43,
2026-09-08T19:31:08.711080+00:00,201,31357.476,
2026-09-08T19:31:14.448920+00:00,201,25626.755,
2026-09-08T19:30:51.649610+00:00,201,48448.273,
2026-09-08T19:31:00.265759+00:00,201,39850.534,
2026-09-08T19:31:12.882057+00:00,201,27237.432,
2026-09-08T19:30:43.688893+00:00,201,56433.604,
2026-09-08T19:31:02.915930+00:00,201,37220.299,
2026-09-08T19:31:08.420565+00:00,201,31718.859,
2026-09-08T19:31:12.352260+00:00,201,27805.105,
2026-09-08T19:31:21.245777+00:00,201,18943.169,
2026-09-08T19:31:39.295495+00:00,201,898.86,
2026-09-08T19:31:02.593088+00:00,201,37604.926,
2026-09-08T19:31:38.931626+00:00,201,1270.289,
2026-09-08T19:31:09.127933+00:00,201,31077.999,
2026-09-08T19:30:33.805430+00:00,201,66417.181,
2026-09-08T19:31:25.531769+00:00,201,14697.285,
2026-09-08T19:31:30.699457+00:00,201,9554.574,
2026-09-08T19:31:37.582200+00:00,201,2674.913,
2026-09-08T19:30:55.908344+00:00,201,44352.366,
2026-09-08T19:31:01.971361+00:00,201,38309.54,
2026-09-08T19:31:09.229385+00:00,201,31058.375,
2026-09-08T19:31:37.509086+00:00,201,2797.958,
2026-09-08T19:31:36.928986+00:00,201,3386.156,
2026-09-08T19:31:14.909277+00:00,201,25419.08,
2026-09-08T19:31:00.884514+00:00,201,39476.034,
2026-09-08T19:31:36.557657+00:00,201,3807.887,
2026-09-08T19:31:01.774760+00:00,201,38599.562,
2026-09-08T19:31:24.657477+00:00,201,15718.327,
2026-09-08T19:30:18.890949+00:00,201,81499.116,
2026-09-08T19:31:14.279972+00:00,201,26111.767,
2026-09-08T19:31:37.045278+00:00,201,3354.619,
2026-09-08T19:31:12.669462+00:00,201,27747.942,
2026-09-08T19:30:52.050583+00:00,201,48368.245,
2026-09-08T19:31:36.199957+00:00,201,4236.638,
2026-09-08T19:31:01.681065+00:00,201,38770.22,
2026-09-08T19:30:28.386929+00:00,201,72081.465,
2026-09-08T19:31:38.643332+00:00,201,1826.516,
2026-09-08T19:31:07.283995+00:00,201,33187.681,
2026-09-08T19:31:13.850178+00:00,201,26629.812,
2026-09-08T19:31:35.763509+00:00,201,4731.701,
2026-09-08T19:30:54.962473+00:00,201,45538.695,
2026-09-08T19:31:20.779844+00:00,201,19722.759,
2026-09-08T19:31:28.116869+00:00,201,12394.806,
2026-09-08T19:31:16.726122+00:00,201,23795.313,
2026-09-08T19:31:25.604071+00:00,201,14950.429,
2026-09-08T19:31:37.852934+00:00,201,2715.378,
2026-09-08T19:31:17.209134+00:00,201,23367.67,
2026-09-08T19:31:30.014436+00:00,201,10601.591,
2026-09-08T19:30:57.722268+00:00,201,42902.26,
2026-09-08T19:31:04.523806+00:00,201,36106.485,
2026-09-08T19:31:29.965889+00:00,201,10684.563,
2026-09-08T19:31:30.137680+00:00,201,10517.087,
2026-09-08T19:31:30.227379+00:00,201,10428.805,
2026-09-08T19:30:33.468700+00:00,201,67193.836,
2026-09-08T19:30:30.755140+00:00,201,69912.962,
2026-09-08T19:30:42.198118+00:00,201,58497.696,
2026-09-08T19:31:06.853071+00:00,201,33869.652,
2026-09-08T19:31:28.432529+00:00,201,12306.109,
2026-09-08T19:31:13.480827+00:00,201,27261.375,
2026-09-08T19:31:04.652104+00:00,201,36101.722,
2026-09-08T19:31:09.946484+00:00,201,30809.211,
2026-09-08T19:31:36.834389+00:00,201,3930.641,
2026-09-08T19:31:36.530341+00:00,201,4251.939,
2026-09-08T19:31:00.079486+00:00,201,40706.115,
2026-09-08T19:31:40.576849+00:00,201,214.281,
2026-09-08T19:31:06.968075+00:00,201,33828.36,
2026-09-08T19:31:39.047042+00:00,201,1751.853,
2026-09-08T19:31:21.908227+00:00,201,18897.713,
2026-09-08T19:31:10.330179+00:00,201,30477.183,
2026-09-08T19:31:38.052006+00:00,201,2761.399,
2026-09-08T19:31:08.422305+00:00,201,32402.106,
2026-09-08T19:30:58.112967+00:00,201,42724.913,
2026-09-08T19:31:38.557910+00:00,201,2289.937,
2026-09-08T19:31:28.950248+00:00,201,11901.366,
2026-09-08T19:30:41.017192+00:00,201,59837.494,
2026-09-08T19:31:08.688637+00:00,201,32171.853,
2026-09-08T19:31:10.443345+00:00,201,30419.78,
2026-09-08T19:30:48.824286+00:00,201,52042.166,
2026-09-08T19:31:30.022515+00:00,201,10881.129,
2026-09-08T19:31:05.292526+00:00,201,35644.855,
2026-09-08T19:31:39.854306+00:00,201,1087.363,
2026-09-08T19:31:22.628161+00:00,201,18316.34,
2026-09-08T19:30:56.327903+00:00,201,44618.737,
2026-09-08T19:31:37.607890+00:00,201,3345.586,
2026-09-08T19:31:35.822273+00:00,201,5148.081,
2026-09-08T19:31:35.867666+00:00,201,5109.488,
2026-09-08T19:31:28.021054+00:00,201,12965.213,
2026-09-08T19:30:24.529763+00:00,201,76458.517,
2026-09-08T19:31:35.978990+00:00,201,5015.289,
2026-09-08T19:31:25.409781+00:00,201,15585.946,
2026-09-08T19:31:20.951486+00:00,201,20046.505,
2026-09-08T19:31:15.804139+00:00,201,25208.471,
2026-09-08T19:31:38.093164+00:00,201,2922.884,
2026-09-08T19:31:23.776243+00:00,201,17243.257,
2026-09-08T19:31:11.933562+00:00,201,29092.354,
2026-09-08T19:30:53.401353+00:00,201,47630.897,
2026-09-08T19:31:29.699742+00:00,201,11341.824,
2026-09-08T19:30:55.597450+00:00,201,45447.333,
2026-09-08T19:30:55.400355+00:00,201,45650.796,
2026-09-08T19:31:19.480305+00:00,201,21591.459,
2026-09-08T19:31:22.624901+00:00,201,18467.754,
2026-09-08T19:31:37.210137+00:00,201,3887.739,
2026-09-08T19:31:38.457899+00:00,201,2646.686,
2026-09-08T19:30:45.671535+00:00,201,55443.129,
2026-09-08T19:31:40.097958+00:00,201,1018.308,
2026-09-08T19:30:25.199567+00:00,201,75928.569,
2026-09-08T19:31:38.856963+00:00,201,2280.423,
2026-09-08T19:30:33.435339+00:00,201,67703.977,
2026-09-08T19:31:00.928750+00:00,201,40233.474,
2026-09-08T19:31:36.883405+00:00,201,4281.664,
2026-09-08T19:31:10.780101+00:00,201,30415.815,
2026-09-08T19:31:23.492213+00:00,201,17713.62,
2026-09-08T19:31:21.941546+00:00,201,19267.717,
2026-09-08T19:31:14.016498+00:00,201,27195.344,
2026-09-08T19:31:00.081597+00:00,201,41133.064,
2026-09-08T19:30:41.063769+00:00,201,60170.839,
2026-09-08T19:31:19.009013+00:00,201,22246.556,
2026-09-08T19:31:36.507728+00:00,201,4752.044,
2026-09-08T19:31:32.668171+00:00,201,8605.397,
2026-09-08T19:31:05.435931+00:00,201,35840.797,
2026-09-08T19:31:14.817566+00:00,201,26462.67,
2026-09-08T19:31:03.397547+00:00,201,37900.761,
2026-09-08T19:31:01.466542+00:00,201,39842.024,
2026-09-08T19:31:06.320457+00:00,201,34997.163,
2026-09-08T19:31:22.686971+00:00,201,18641.994,
2026-09-08T19:31:41.114750+00:00,201,224.986,
2026-09-08T19:31:33.215446+00:00,201,8145.773,
2026-09-08T19:31:41.162287+00:00,201,227.43,
2026-09-08T19:31:21.081159+00:00,201,20338.358,
2026-09-08T19:31:37.932741+00:00,201,3488.884,
2026-09-08T19:31:25.802188+00:00,201,15622.944,
2026-09-08T19:30:49.666268+00:00,201,51795.06,
2026-09-08T19:31:03.762380+00:00,201,37714.257,
2026-09-08T19:31:14.395457+00:00,201,27082.831,
2026-09-08T19:31:11.260851+00:00,201,30242.903,
2026-09-08T19:31:09.998806+00:00,201,31514.769,
2026-09-08T19:30:25.928866+00:00,201,75597.943,
2026-09-08T19:31:00.185674+00:00,201,41344.317,
2026-09-08T19:31:01.633439+00:00,201,39909.318,
2026-09-08T19:31:16.329079+00:00,201,25219.11,
2026-09-08T19:31:28.270099+00:00,201,13282.687,
2026-09-08T19:31:07.272402+00:00,201,34284.364,
2026-09-08T19:31:08.190599+00:00,201,33368.25,
2026-09-08T19:31:29.569153+00:00,201,11993.912,
2026-09-08T19:31:18.972960+00:00,201,22598.688,
2026-09-08T19:31:01.604552+00:00,201,39970.659,
2026-09-08T19:31:28.311317+00:00,201,13293.724,
2026-09-08T19:31:13.640551+00:00,201,27968.823,
2026-09-08T19:31:33.659272+00:00,201,7986.058,
2026-09-08T19:30:59.089048+00:00,201,42558.503,
2026-09-08T19:31:21.530349+00:00,201,20135.68,
2026-09-08T19:31:11.694199+00:00,201,29984.526,
2026-09-08T19:31:12.060337+00:00,201,29637.521,
2026-09-08T19:31:36.730392+00:00,201,4972.38,
2026-09-08T19:30:49.009216+00:00,201,52709.293,
2026-09-08T19:30:49.094456+00:00,201,52631.884,
2026-09-08T19:30:53.483821+00:00,201,48253.812,
2026-09-08T19:30:53.488275+00:00,201,48253.292,
2026-09-08T19:31:06.692880+00:00,201,35055.931,
2026-09-08T19:31:36.179578+00:00,201,5579.718,
2026-09-08T19:30:27.591006+00:00,201,74173.702,
2026-09-08T19:30:29.149510+00:00,201,72619.781,
2026-09-08T19:30:59.598255+00:00,201,42173.93,
2026-09-08T19:31:06.898291+00:00,201,34885.013,
2026-09-08T19:31:09.645050+00:00,201,32140.359,
2026-09-08T19:30:49.179620+00:00,201,52610.491,
2026-09-08T19:31:22.814768+00:00,201,18984.853,
2026-09-08T19:31:37.669082+00:00,201,4133.238,
2026-09-08T19:30:45.620184+00:00,201,56184.866,
2026-09-08T19:31:39.138409+00:00,201,2687.869,
2026-09-08T19:31:37.279122+00:00,201,4549.342,
2026-09-08T19:30:35.484491+00:00,201,66348.419,
2026-09-08T19:31:21.823695+00:00,201,20022.472,
2026-09-08T19:31:22.247765+00:00,201,19609.813,
2026-09-08T19:31:01.407730+00:00,201,40451.433,
2026-09-08T19:31:22.999672+00:00,201,18872.694,
2026-09-08T19:31:07.144370+00:00,201,34784.937,
2026-09-08T19:30:50.482383+00:00,201,51463.377,
2026-09-08T19:30:58.005713+00:00,201,43960.8,
2026-09-08T19:31:28.842644+00:00,201,13126.214,
2026-09-08T19:31:29.603911+00:00,201,12377.972,
2026-09-08T19:31:22.879187+00:00,201,19111.186,
2026-09-08T19:31:21.345623+00:00,201,20646.779,
2026-09-08T19:31:21.456932+00:00,201,20547.377,
2026-09-08T19:31:09.311440+00:00,201,32694.287,
2026-09-08T19:31:07.503315+00:00,201,34511.04,
2026-09-08T19:30:43.943593+00:00,201,58080.353,
2026-09-08T19:30:53.697244+00:00,201,48335.265,
2026-09-08T19:31:38.761723+00:00,201,3292.938,
2026-09-08T19:30:44.664028+00:00,201,57403.557,
2026-09-08T19:31:09.131529+00:00,201,32944.191,
2026-09-08T19:31:21.243013+00:00,201,20839.698,
2026-09-08T19:31:00.480320+00:00,201,41605.766,
2026-09-08T19:31:11.637788+00:00,201,30449.838,
2026-09-08T19:31:07.723280+00:00,201,34379.974,
2026-09-08T19:31:34.714975+00:00,201,7414.291,
2026-09-08T19:31:14.233529+00:00,201,27905.002,
2026-09-08T19:31:21.516080+00:00,201,20623.966,
2026-09-08T19:31:37.499679+00:00,201,4643.171,
2026-09-08T19:31:00.874176+00:00,201,41275.093,
2026-09-08T19:30:54.766381+00:00,201,47384.448,
2026-09-08T19:31:04.695884+00:00,201,37470.381,
2026-09-08T19:31:40.328399+00:00,201,1853.116,
2026-09-08T19:31:41.461409+00:00,201,757.309,
2026-09-08T19:31:22.990577+00:00,201,19267.997,
2026-09-08T19:31:38.660650+00:00,201,3617.341,
2026-09-08T19:31:39.583796+00:00,201,2696.143,
2026-09-08T19:31:07.698458+00:00,201,34603.588,
2026-09-08T19:31:38.364191+00:00,201,3942.79,
2026-09-08T19:31:39.381795+00:00,201,2931.419,
2026-09-08T19:30:52.432456+00:00,201,49890.793,
2026-09-08T19:31:37.048342+00:00,201,5277.217,
2026-09-08T19:30:59.047917+00:00,201,43289.256,
2026-09-08T19:30:45.690251+00:00,201,56651.363,
2026-09-08T19:31:39.656405+00:00,201,2686.64,
2026-09-08T19:31:08.354757+00:00,201,34005.698,
2026-09-08T19:31:39.974102+00:00,201,2392.13,
2026-09-08T19:31:02.109802+00:00,201,40272.499,
2026-09-08T19:31:39.462726+00:00,201,2926.023,
2026-09-08T19:31:41.165080+00:00,201,1264.87,
2026-09-08T19:31:41.116276+00:00,201,1321.512,
2026-09-08T19:31:29.944595+00:00,201,12516.421,
2026-09-08T19:30:44.286848+00:00,201,58176.614,
2026-09-08T19:31:27.963714+00:00,201,14510.257,
2026-09-08T19:30:51.282507+00:00,201,51200.44,
2026-09-08T19:30:55.470682+00:00,201,47014.378,
2026-09-08T19:31:14.966557+00:00,201,27526.611,
2026-09-08T19:31:37.712112+00:00,201,4799.761,
2026-09-08T19:31:37.137873+00:00,201,5405.579,
2026-09-08T19:30:54.591224+00:00,201,47955.947,
2026-09-08T19:31:30.250183+00:00,201,12299.645,
2026-09-08T19:31:38.716632+00:00,201,3839.198,
2026-09-08T19:31:37.611635+00:00,201,4951.019,
2026-09-08T19:31:10.357515+00:00,201,32235.736,
2026-09-08T19:31:21.082406+00:00,201,21520.498,
2026-09-08T19:30:58.271998+00:00,201,44340.152,
2026-09-08T19:31:01.572043+00:00,201,41054.493,
2026-09-08T19:31:37.209169+00:00,201,5422.006,
2026-09-08T19:30:32.649089+00:00,201,69986.129,
2026-09-08T19:30:55.936051+00:00,201,46715.915,
2026-09-08T19:31:01.942217+00:00,201,40712.022,
2026-09-08T19:31:42.461044+00:00,201,202.158,
2026-09-08T19:31:19.417604+00:00,201,23246.925,
2026-09-08T19:31:00.117795+00:00,201,42561.483,
2026-09-08T19:31:35.964798+00:00,201,6725.306,
2026-09-08T19:30:53.190002+00:00,201,49505.978,
2026-09-08T19:31:29.420630+00:00,201,13288.739,
2026-09-08T19:30:56.453421+00:00,201,46274.338,
2026-09-08T19:31:06.870063+00:00,201,35877.257,
2026-09-08T19:31:22.034382+00:00,201,20726.619,
2026-09-08T19:31:00.550757+00:00,201,42211.602,
2026-09-08T19:31:19.911572+00:00,201,22863.734,
2026-09-08T19:31:27.454734+00:00,201,15327.416,
2026-09-08T19:31:11.026235+00:00,201,31762.901,
2026-09-08T19:31:10.470501+00:00,201,32341.727,
2026-09-08T19:31:15.075912+00:00,201,27745.057,
2026-09-08T19:31:14.723627+00:00,201,28109.02,
2026-09-08T19:31:17.396198+00:00,201,25438.77,
2026-09-08T19:31:04.102356+00:00,201,38743.963,
2026-09-08T19:31:10.718195+00:00,201,32129.574,
2026-09-08T19:30:59.012132+00:00,201,43840.705,
2026-09-08T19:31:28.184838+00:00,201,14674.143,
2026-09-08T19:31:30.680259+00:00,201,12181.745,
2026-09-08T19:31:41.255607+00:00,201,1630.125,
2026-09-08T19:31:08.223792+00:00,201,34664.348,
2026-09-08T19:31:19.318099+00:00,201,23585.504,
2026-09-08T19:31:37.830699+00:00,201,5076.875,
2026-09-08T19:31:36.865353+00:00,201,6051.078,
2026-09-08T19:31:38.225718+00:00,201,4713.184,
2026-09-08T19:30:58.052239+00:00,201,44912.603,
2026-09-08T19:31:21.952235+00:00,201,21015.356,
2026-09-08T19:31:28.138224+00:00,201,14839.441,
2026-09-08T19:31:28.306276+00:00,201,14723.032,
2026-09-08T19:31:32.934608+00:00,201,10096.171,
2026-09-08T19:31:00.413189+00:00,201,42619.655,
2026-09-08T19:30:39.166834+00:00,201,63891.591,
2026-09-08T19:30:34.288691+00:00,201,68773.487,
2026-09-08T19:31:39.173116+00:00,201,3923.896,
2026-09-08T19:31:30.116950+00:00,201,12982.172,
2026-09-08T19:31:39.302195+00:00,201,3804.289,
2026-09-08T19:31:21.396357+00:00,201,21712.151,
2026-09-08T19:31:09.552684+00:00,201,33565.977,
2026-09-08T19:31:41.139421+00:00,201,1981.76,
2026-09-08T19:30:59.004503+00:00,201,44122.432,
2026-09-08T19:30:53.559100+00:00,201,49570.924,
2026-09-08T19:30:56.239481+00:00,201,46897.992,
2026-09-08T19:31:30.133655+00:00,201,13023.292,
2026-09-08T19:31:36.446195+00:00,201,6712.226,
2026-09-08T19:31:14.402221+00:00,201,28762.274,
2026-09-08T19:30:55.119003+00:00,201,48048.128,
2026-09-08T19:31:10.998830+00:00,201,32186.753,
2026-09-08T19:31:01.709195+00:00,201,41502.195,
2026-09-08T19:31:33.114350+00:00,201,10103.19,
2026-09-08T19:31:40.188981+00:00,201,3038.409,
2026-09-08T19:31:40.722779+00:00,201,2518.944,
2026-09-08T19:31:22.403441+00:00,201,20850.063,
2026-09-08T19:31:22.359293+00:00,201,20901.577,
2026-09-08T19:31:39.019776+00:00,201,4251.178,
2026-09-08T19:31:37.393041+00:00,201,5912.634,
2026-09-08T19:30:51.689574+00:00,201,51630.559,
2026-09-08T19:31:41.846202+00:00,201,1478.143,
2026-09-08T19:31:13.682443+00:00,201,29654.471,
2026-09-08T19:31:14.431377+00:00,201,28917.384,
2026-09-08T19:30:30.400552+00:00,201,72950.84,
2026-09-08T19:31:04.768881+00:00,201,38586.646,
2026-09-08T19:31:43.164540+00:00,201,199.69,
2026-09-08T19:31:42.938918+00:00,201,440.785,
2026-09-08T19:31:02.378622+00:00,201,41002.393,
2026-09-08T19:31:22.282194+00:00,201,21102.426,
2026-09-08T19:31:29.334988+00:00,201,14068.629,
2026-09-08T19:30:54.741094+00:00,201,48669.068,
2026-09-08T19:30:48.514504+00:00,201,54900.686,
2026-09-08T19:31:02.177877+00:00,201,41239.44,
2026-09-08T19:31:02.862855+00:00,201,40559.978,
2026-09-08T19:31:12.752831+00:00,201,30675.431,
2026-09-08T19:31:01.690178+00:00,201,41745.661,
2026-09-08T19:30:48.964506+00:00,201,54484.459,
2026-09-08T19:31:38.614030+00:00,201,4842.108,
2026-09-08T19:31:29.502774+00:00,201,13959.25,
2026-09-08T19:30:51.026443+00:00,201,52450.973,
2026-09-08T19:31:41.092689+00:00,201,2396.579,
2026-09-08T19:31:15.082604+00:00,201,28425.214,
2026-09-08T19:31:07.626248+00:00,201,35898.291,
2026-09-08T19:30:57.106870+00:00,201,46430.02,
2026-09-08T19:31:36.186219+00:00,201,7365.277,
2026-09-08T19:31:42.218729+00:00,201,1342.244,
2026-09-08T19:31:08.713853+00:00,201,34849.409,
2026-09-08T19:31:12.015724+00:00,201,31551.13,
2026-09-08T19:31:27.938737+00:00,201,15641.295,
2026-09-08T19:30:45.185720+00:00,201,58400.021,
2026-09-08T19:31:23.049328+00:00,201,20540.748,
2026-09-08T19:30:41.717032+00:00,201,61903.136,
2026-09-08T19:31:13.508559+00:00,201,30125.359,
2026-09-08T19:31:13.186217+00:00,201,30477.992,
2026-09-08T19:30:48.669353+00:00,201,55031.071,
2026-09-08T19:30:36.953182+00:00,201,66764.836,
2026-09-08T19:30:29.090112+00:00,201,74635.476,
2026-09-08T19:31:32.162541+00:00,201,11572.027,
2026-09-08T19:31:42.888197+00:00,201,855.694,
2026-09-08T19:31:23.280119+00:00,201,20467.717,
2026-09-08T19:31:01.539895+00:00,201,42209.559,
2026-09-08T19:31:21.184603+00:00,201,22591.442,
2026-09-08T19:31:39.977014+00:00,201,3804.814,
2026-09-08T19:31:21.680147+00:00,201,22106.015,
2026-09-08T19:31:38.524669+00:00,201,5268.59,
2026-09-08T19:31:25.671503+00:00,201,18131.707,
2026-09-08T19:31:41.205862+00:00,201,2600.487,
2026-09-08T19:31:07.416606+00:00,201,36393.207,
2026-09-08T19:31:22.725411+00:00,201,21094.673,
2026-09-08T19:31:05.609632+00:00,201,38221.996,
2026-09-08T19:31:09.477975+00:00,201,34355.83,
2026-09-08T19:31:40.568324+00:00,201,3267.197,
2026-09-08T19:30:30.257331+00:00,201,73585.971,
2026-09-08T19:31:09.915576+00:00,201,33938.121,
2026-09-08T19:30:57.874994+00:00,201,46007.487,
2026-09-08T19:31:37.296536+00:00,201,6588.679,
2026-09-08T19:31:31.853037+00:00,201,12044.113,
2026-09-08T19:30:54.825613+00:00,201,49079.824,
2026-09-08T19:31:20.515823+00:00,201,23416.112,
2026-09-08T19:30:47.875211+00:00,201,56058.025,
2026-09-08T19:31:21.466942+00:00,201,22474.964,
2026-09-08T19:31:39.122933+00:00,201,4834.269,
2026-09-08T19:31:02.873678+00:00,201,41099.96,
2026-09-08T19:31:28.847674+00:00,201,15135.544,
2026-09-08T19:30:43.176460+00:00,201,60818.181,
2026-09-08T19:31:27.817562+00:00,201,16196.905,
2026-09-08T19:31:08.112677+00:00,201,35918.691,
2026-09-08T19:31:23.243213+00:00,201,20804.273,
2026-09-08T19:31:38.517717+00:00,201,5532.406,
2026-09-08T19:31:43.305689+00:00,201,747.195,
2026-09-08T19:30:29.907939+00:00,201,74152.38,
2026-09-08T19:31:10.054585+00:00,201,34017.497,
2026-09-08T19:31:23.677710+00:00,201,20424.797,
2026-09-08T19:31:01.990990+00:00,201,42118.863,
2026-09-08T19:31:43.931974+00:00,201,207.052,
2026-09-08T19:31:01.340332+00:00,201,42805.429,
2026-09-08T19:31:11.832206+00:00,201,32316.278,
2026-09-08T19:31:03.585353+00:00,201,40569.746,
2026-09-08T19:31:20.714757+00:00,201,23447.486,
2026-09-08T19:31:43.933322+00:00,201,234.846,
2026-09-08T19:30:42.782188+00:00,201,61393.959,
2026-09-08T19:31:29.441741+00:00,201,14739.428,
2026-09-08T19:31:10.325123+00:00,201,33864.859,
2026-09-08T19:31:25.073674+00:00,201,19137.027,
2026-09-08T19:31:42.054676+00:00,201,2175.822,
2026-09-08T19:31:40.049398+00:00,201,4207.039,
2026-09-08T19:31:15.505891+00:00,201,28759.739,
2026-09-08T19:30:57.045725+00:00,201,47229.808,
2026-09-08T19:31:35.833855+00:00,201,8452.241,
2026-09-08T19:31:37.359408+00:00,201,6932.354,
2026-09-08T19:30:56.762493+00:00,201,47542.751,
2026-09-08T19:31:21.084121+00:00,201,23223.175,
2026-09-08T19:31:13.817030+00:00,201,30494.337,
2026-09-08T19:31:34.057267+00:00,201,10258.684,
2026-09-08T19:31:15.112567+00:00,201,29218.102,
2026-09-08T19:31:15.188742+00:00,201,29143.481,
2026-09-08T19:30:36.314896+00:00,201,68023.799,
2026-09-08T19:30:56.937405+00:00,201,47415.792,
2026-09-08T19:30:57.816175+00:00,201,46543.265,
2026-09-08T19:31:15.539714+00:00,201,28821.14,
2026-09-08T19:31:23.303581+00:00,201,21099.728,
2026-09-08T19:31:43.217563+00:00,201,1187.85,
2026-09-08T19:31:43.270965+00:00,201,1151.116,
2026-09-08T19:31:33.991424+00:00,201,10443.795,
2026-09-08T19:30:42.524620+00:00,201,61915.102,
2026-09-08T19:31:13.607493+00:00,201,30866.656,
2026-09-08T19:30:59.010129+00:00,201,45473.44,
2026-09-08T19:31:29.845067+00:00,201,14640.838,
2026-09-08T19:31:43.030800+00:00,201,1457.48,
2026-09-08T19:31:38.301433+00:00,201,6232.862,
2026-09-08T19:31:43.882556+00:00,201,657.03,
2026-09-08T19:31:44.109922+00:00,201,443.392,
2026-09-08T19:31:30.756923+00:00,201,13798.033,
2026-09-08T19:30:52.835746+00:00,201,51723.435,
2026-09-08T19:31:08.595473+00:00,201,35979.466,
2026-09-08T19:30:52.324875+00:00,201,52263.329,
2026-09-08T19:30:51.364510+00:00,201,53225.721,
2026-09-08T19:31:20.879615+00:00,201,23718.399,
2026-09-08T19:31:12.448890+00:00,201,32156.923,
2026-09-08T19:31:26.372352+00:00,201,18241.979,
2026-09-08T19:31:02.436825+00:00,201,42186.003,
2026-09-08T19:31:08.947625+00:00,201,35677.963,
2026-09-08T19:31:43.167206+00:00,201,1473.281,
2026-09-08T19:31:01.380736+00:00,201,43263.227,
2026-09-08T19:30:53.132062+00:00,201,51516.124,
2026-09-08T19:31:15.631359+00:00,201,29021.986,
2026-09-08T19:31:44.474205+00:00,201,181.897,
2026-09-08T19:31:26.640609+00:00,201,18020.212,
2026-09-08T19:31:00.736486+00:00,201,43928.346,
2026-09-08T19:31:36.070356+00:00,201,8604.787,
2026-09-08T19:30:52.540503+00:00,201,52139.47,
2026-09-08T19:31:27.686874+00:00,201,17010.858,
2026-09-08T19:31:43.507867+00:00,201,1201.077,
2026-09-08T19:31:22.249101+00:00,201,22464.153,
2026-09-08T19:31:44.559260+00:00,201,157.59,
2026-09-08T19:31:06.500147+00:00,201,38246.341,
2026-09-08T19:30:55.363739+00:00,201,49397.029,
2026-09-08T19:31:01.904334+00:00,201,42858.865,
2026-09-08T19:31:04.907595+00:00,201,39860.536,
2026-09-08T19:31:11.387423+00:00,201,33397.682,
2026-09-08T19:31:39.439695+00:00,201,5350.157,
2026-09-08T19:31:19.753624+00:00,201,25049.677,
2026-09-08T19:31:21.504237+00:00,201,23307.984,
2026-09-08T19:31:18.771231+00:00,201,26043.775,
2026-09-08T19:31:17.544536+00:00,201,27280.213,
2026-09-08T19:31:43.158437+00:00,201,1667.48,
2026-09-08T19:30:57.718112+00:00,201,47110.616,
2026-09-08T19:30:49.384818+00:00,201,55462.204,
2026-09-08T19:31:22.040967+00:00,201,22808.263,
2026-09-08T19:31:39.368208+00:00,201,5487.517,
2026-09-08T19:31:14.968225+00:00,201,29892.684,
2026-09-08T19:30:45.768407+00:00,201,59096.311,
2026-09-08T19:31:29.533350+00:00,201,15348.872,
2026-09-08T19:30:50.525543+00:00,201,54366.544,
2026-09-08T19:31:28.038258+00:00,201,16858.181,
2026-09-08T19:30:37.501901+00:00,201,67429.162,
2026-09-08T19:30:49.727567+00:00,201,55208.961,
2026-09-08T19:31:30.691495+00:00,201,14246.731,
2026-09-08T19:31:24.085647+00:00,201,20854.663,
2026-09-08T19:30:53.566581+00:00,201,51376.008,
2026-09-08T19:31:01.987748+00:00,201,42955.861,
2026-09-08T19:31:35.938425+00:00,201,9013.288,
2026-09-08T19:31:39.185045+00:00,201,5768.689,
2026-09-08T19:31:33.297508+00:00,201,11673.328,
2026-09-08T19:31:22.726967+00:00,201,22249.959,
2026-09-08T19:30:52.289734+00:00,201,52689.783,
2026-09-08T19:30:37.605563+00:00,201,67381.049,
2026-09-08T19:31:22.906236+00:00,201,22082.278,
2026-09-08T19:30:57.236964+00:00,201,47757.323,
2026-09-08T19:31:36.208159+00:00,201,8787.379,
2026-09-08T19:31:40.287813+00:00,201,4708.906,
2026-09-08T19:31:40.391781+00:00,201,4619.708,
2026-09-08T19:31:27.071046+00:00,201,17949.653,
2026-09-08T19:31:15.830521+00:00,201,29194.375,
2026-09-08T19:31:44.405422+00:00,201,627.538,
2026-09-08T19:31:14.343627+00:00,201,30691.994,
2026-09-08T19:31:42.543470+00:00,201,2493.908,
2026-09-08T19:31:04.305161+00:00,201,40748.161,
2026-09-08T19:31:29.096067+00:00,201,15972.248,
2026-09-08T19:31:21.792424+00:00,201,23278.105,
2026-09-08T19:31:09.978693+00:00,201,35115.789,
2026-09-08T19:31:10.337122+00:00,201,34759.454,
2026-09-08T19:31:01.058505+00:00,201,44052.039,
2026-09-08T19:31:38.585787+00:00,201,6533.034,
2026-09-08T19:31:15.138351+00:00,201,29986.513,
2026-09-08T19:30:39.285258+00:00,201,65841.731,
2026-09-08T19:31:19.163248+00:00,201,25971.553,
2026-09-08T19:30:56.558724+00:00,201,48589.093,
2026-09-08T19:31:11.607096+00:00,201,33550.702,
2026-09-08T19:31:14.204055+00:00,201,30966.705,
2026-09-08T19:30:29.989635+00:00,201,75186.38,
2026-09-08T19:30:35.992477+00:00,201,69199.163,
2026-09-08T19:30:33.452551+00:00,201,71746.115,
2026-09-08T19:31:06.190504+00:00,201,39009.352,
2026-09-08T19:31:12.706333+00:00,201,32495.119,
2026-09-08T19:31:16.804870+00:00,201,28401.033,
2026-09-08T19:30:57.463349+00:00,201,47755.028,
2026-09-08T19:31:38.569492+00:00,201,6652.72,
2026-09-08T19:31:42.181527+00:00,201,3055.651,
2026-09-08T19:31:25.146172+00:00,201,20107.49,
2026-09-08T19:31:00.456510+00:00,201,44812.623,
2026-09-08T19:31:08.282664+00:00,201,36991.744,
2026-09-08T19:31:15.703378+00:00,201,29575.742,
2026-09-08T19:30:41.405704+00:00,201,63912.372,
2026-09-08T19:31:12.044718+00:00,201,33274.608,
2026-09-08T19:31:07.035192+00:00,201,38296.509,
2026-09-08T19:31:42.679343+00:00,201,2676.016,
2026-09-08T19:31:22.094916+00:00,201,23262.643,
2026-09-08T19:30:31.656058+00:00,201,73715.823,
2026-09-08T19:30:57.647212+00:00,201,47727.691,
2026-09-08T19:31:15.125979+00:00,201,30253.715,
2026-09-08T19:31:42.337241+00:00,201,3043.739,
2026-09-08T19:31:36.091902+00:00,201,9301.798,
2026-09-08T19:31:36.729381+00:00,201,8673.309,
2026-09-08T19:30:44.370910+00:00,201,61035.793,
2026-09-08T19:31:38.945359+00:00,201,6470.028,
2026-09-08T19:31:38.163009+00:00,201,7253.814,
2026-09-08T19:31:21.918957+00:00,201,23498.864,
2026-09-08T19:31:15.546890+00:00,201,29873.009,
2026-09-08T19:31:37.888975+00:00,201,7539.238,
2026-09-08T19:31:39.309034+00:00,201,6121.954,
2026-09-08T19:31:20.208875+00:00,201,25235.017,
2026-09-08T19:31:23.139880+00:00,201,22322.479,
2026-09-08T19:30:52.761722+00:00,201,52703.589,
2026-09-08T19:31:39.891322+00:00,201,5589.976,
2026-09-08T19:31:39.540058+00:00,201,5947.565,
2026-09-08T19:31:16.348115+00:00,201,29165.37,
2026-09-08T19:30:50.377150+00:00,201,55146.251,
2026-09-08T19:31:18.202294+00:00,201,27336.638,
2026-09-08T19:31:11.239738+00:00,201,34301.626,
2026-09-08T19:31:39.325100+00:00,201,6221.507,
2026-09-08T19:31:38.398266+00:00,201,7156.898,
2026-09-08T19:30:58.231777+00:00,201,47336.913,
2026-09-08T19:31:37.415492+00:00,201,8158.205,
2026-09-08T19:30:56.597907+00:00,201,48982.789,
2026-09-08T19:31:15.673028+00:00,201,29913.047,
2026-09-08T19:31:41.012651+00:00,201,4590.079,
2026-09-08T19:31:41.802333+00:00,201,3802.547,
2026-09-08T19:31:29.731378+00:00,201,15877.513,
2026-09-08T19:31:41.857613+00:00,201,3752.831,
2026-09-08T19:31:21.881208+00:00,201,23736.339,
2026-09-08T19:31:37.167995+00:00,201,8457.574,
2026-09-08T19:31:15.038067+00:00,201,30596.883,
2026-09-08T19:30:53.975831+00:00,201,51661.95,
2026-09-08T19:31:44.664902+00:00,201,979.572,
2026-09-08T19:31:00.613948+00:00,201,45031.845,
2026-09-08T19:31:35.908809+00:00,201,9742.742,
2026-09-08T19:30:38.848154+00:00,201,66806.491,
2026-09-08T19:31:36.591786+00:00,201,9065.273,
2026-09-08T19:31:32.192256+00:00,201,13472.732,
2026-09-08T19:31:45.538975+00:00,201,136.668,
2026-09-08T19:31:16.951454+00:00,201,28732.909,
2026-09-08T19:31:08.014310+00:00,201,37683.224,
2026-09-08T19:31:10.305819+00:00,201,35405.818,
2026-09-08T19:31:21.964648+00:00,201,23748.81,
2026-09-08T19:31:37.592750+00:00,201,8121.725,
2026-09-08T19:31:38.205214+00:00,201,7518.587,
2026-09-08T19:31:20.158619+00:00,201,25591.59,
2026-09-08T19:31:30.110567+00:00,201,15654.776,
2026-09-08T19:31:38.198606+00:00,201,7583.835,
2026-09-08T19:31:13.513244+00:00,201,32270.112,
2026-09-08T19:31:45.604891+00:00,201,179.455,
2026-09-08T19:30:39.942597+00:00,201,65846.293,
2026-09-08T19:31:38.149607+00:00,201,7654.146,
2026-09-08T19:30:37.980615+00:00,201,67829.725,
2026-09-08T19:31:42.382364+00:00,201,3429.486,
2026-09-08T19:31:10.638872+00:00,201,35182.841,
2026-09-08T19:30:56.104594+00:00,201,49719.513,
2026-09-08T19:31:08.341610+00:00,201,37490.859,
2026-09-08T19:31:45.675652+00:00,201,158.622,
2026-09-08T19:31:18.281852+00:00,201,27553.876,
2026-09-08T19:30:47.295734+00:00,201,58561.182,
2026-09-08T19:31:07.672281+00:00,201,38188.579,
2026-09-08T19:31:38.350477+00:00,201,7518.016,
2026-09-08T19:31:36.125143+00:00,201,9751.049,
2026-09-08T19:31:15.715663+00:00,201,30163.82,
2026-09-08T19:31:13.534613+00:00,201,32349.452,
2026-09-08T19:31:42.032583+00:00,201,3857.274,
2026-09-08T19:31:19.241166+00:00,201,26651.602,
2026-09-08T19:31:43.524597+00:00,201,2372.298,
2026-09-08T19:30:50.957910+00:00,201,54940.417,
2026-09-08T19:31:29.864411+00:00,201,16035.917,
2026-09-08T19:31:35.585472+00:00,201,10319.499,
2026-09-08T19:31:44.148535+00:00,201,1769.488,
2026-09-08T19:31:37.545168+00:00,201,8382.036,
2026-09-08T19:31:29.281416+00:00,201,16651.935,
2026-09-08T19:31:14.984343+00:00,201,30965.023,
2026-09-08T19:31:00.973858+00:00,201,44988.589,
2026-09-08T19:31:22.580911+00:00,201,23389.152,
2026-09-08T19:31:06.493144+00:00,201,39487.327,
2026-09-08T19:31:44.168173+00:00,201,1820.853,
2026-09-08T19:30:58.182948+00:00,201,47811.471,
2026-09-08T19:31:21.688378+00:00,201,24308.294,
2026-09-08T19:31:44.422090+00:00,201,1579.866,
2026-09-08T19:31:40.807411+00:00,201,5196.784,
2026-09-08T19:30:36.023346+00:00,201,69982.138,
2026-09-08T19:31:19.011821+00:00,201,26996.131,
2026-09-08T19:31:07.447688+00:00,201,38571.354,
2026-09-08T19:31:36.740567+00:00,201,9294.096,
2026-09-08T19:31:38.371535+00:00,201,7667.726,
2026-09-08T19:31:29.318374+00:00,201,16728.799,
2026-09-08T19:30:40.077009+00:00,201,65973.765,
2026-09-08T19:30:57.142386+00:00,201,48917.867,
2026-09-08T19:31:34.245017+00:00,201,11818.172,
2026-09-08T19:31:01.886769+00:00,201,44186.082,
2026-09-08T19:31:09.820657+00:00,201,36270.339,
2026-09-08T19:31:20.442474+00:00,201,25650.165,
2026-09-08T19:31:06.085592+00:00,201,40012.423,
2026-09-08T19:31:38.723659+00:00,201,7375.733,
2026-09-08T19:31:04.432149+00:00,201,41675.025,
2026-09-08T19:31:10.514336+00:00,201,35605.89,
2026-09-08T19:31:29.640773+00:00,201,16496.478,
2026-09-08T19:31:44.660853+00:00,201,1488.899,
2026-09-08T19:31:28.488027+00:00,201,17662.931,
2026-09-08T19:31:06.512120+00:00,201,39643.635,
2026-09-08T19:31:35.871797+00:00,201,10291.196,
2026-09-08T19:31:46.034685+00:00,201,136.391,
2026-09-08T19:31:00.356425+00:00,201,45818.408,
2026-09-08T19:30:48.149911+00:00,201,58025.746,
2026-09-08T19:31:14.249790+00:00,201,31946.347,
2026-09-08T19:31:07.534915+00:00,201,38662.624,
2026-09-08T19:31:41.361237+00:00,201,4846.681,
2026-09-08T19:30:56.714119+00:00,201,49502.628,
2026-09-08T19:31:37.651359+00:00,201,8571.934,
2026-09-08T19:31:28.923423+00:00,201,17301.966,
2026-09-08T19:30:35.815694+00:00,201,70413.848,
2026-09-08T19:31:42.967626+00:00,201,3274.421,
2026-09-08T19:31:45.617587+00:00,201,631.612,
2026-09-08T19:30:58.799244+00:00,201,47451.185,
2026-09-08T19:31:23.806208+00:00,201,22448.014,
2026-09-08T19:31:34.303713+00:00,201,11972.599,
2026-09-08T19:31:16.206689+00:00,201,30082.422,
2026-09-08T19:30:51.519145+00:00,201,54774.407,
2026-09-08T19:31:06.998006+00:00,201,39299.06,
2026-09-08T19:31:18.217363+00:00,201,28092.972,
2026-09-08T19:30:40.352105+00:00,201,65959.126,
2026-09-08T19:31:13.609510+00:00,201,32715.609,
2026-09-08T19:31:43.590110+00:00,201,2738.583,
2026-09-08T19:30:49.626392+00:00,201,56704.148,
2026-09-08T19:31:40.136290+00:00,201,6204.102,
2026-09-08T19:31:01.574448+00:00,201,44767.74,
2026-09-08T19:30:42.451844+00:00,201,63903.213,
2026-09-08T19:31:15.259235+00:00,201,31109.775,
2026-09-08T19:30:45.256166+00:00,201,61116.743,
2026-09-08T19:30:46.837629+00:00,201,59539.886,
2026-09-08T19:31:19.640147+00:00,201,26744.357,
2026-09-08T19:31:28.392742+00:00,201,18002.145,
2026-09-08T19:31:14.285228+00:00,201,32112.887,
2026-09-08T19:31:15.229905+00:00,201,31171.37,
2026-09-08T19:30:31.423072+00:00,201,74986.043,
2026-09-08T19:30:35.016908+00:00,201,71396.332,
2026-09-08T19:31:11.126086+00:00,201,35299.793,
2026-09-08T19:31:28.807732+00:00,201,17621.165,
2026-09-08T19:31:46.276335+00:00,201,155.837,
2026-09-08T19:31:11.225592+00:00,201,35217.248,
2026-09-08T19:30:43.626060+00:00,201,62841.778,
2026-09-08T19:31:41.647618+00:00,201,4825.085,
2026-09-08T19:31:36.053236+00:00,201,10428.582,
2026-09-08T19:31:12.040768+00:00,201,34442.105,
2026-09-08T19:30:41.549807+00:00,201,64935.254,
2026-09-08T19:31:14.254112+00:00,201,32234.455,
2026-09-08T19:31:04.386192+00:00,201,42103.502,
2026-09-08T19:30:30.529441+00:00,201,75975.789,
2026-09-08T19:31:37.250300+00:00,201,9266.593,
2026-09-08T19:31:41.530057+00:00,201,5000.134,
2026-09-08T19:31:09.697905+00:00,201,36842.893,
2026-09-08T19:31:44.291780+00:00,201,2251.86,
2026-09-08T19:31:38.821826+00:00,201,7722.893,
2026-09-08T19:31:00.256526+00:00,201,46289.28,
2026-09-08T19:30:31.680741+00:00,201,74866.234,
2026-09-08T19:31:41.025964+00:00,201,5522.426,
2026-09-08T19:31:21.752129+00:00,201,24797.556,
2026-09-08T19:31:20.954301+00:00,201,25596.703,
2026-09-08T19:30:59.174384+00:00,201,47378.008,
2026-09-08T19:31:23.244786+00:00,201,23309.054,
2026-09-08T19:31:42.654304+00:00,201,3900.981,
2026-09-08T19:31:45.625590+00:00,201,931.209,
2026-09-08T19:31:45.949420+00:00,201,608.891,
2026-09-08T19:31:12.098364+00:00,201,34461.448,
2026-09-08T19:30:57.079484+00:00,201,49481.935,
2026-09-08T19:31:38.330114+00:00,201,8233.059,
2026-09-08T19:31:39.508335+00:00,201,7056.579,
2026-09-08T19:31:36.233069+00:00,201,10361.7,
2026-09-08T19:31:11.326319+00:00,201,35274.367,
2026-09-08T19:31:20.353511+00:00,201,26274.326,
2026-09-08T19:31:36.417706+00:00,201,10221.855,
2026-09-08T19:31:10.163360+00:00,201,36490.135,
2026-09-08T19:31:39.379747+00:00,201,7278.154,
2026-09-08T19:31:36.108789+00:00,201,10560.939,
2026-09-08T19:31:12.587767+00:00,201,34086.522,
2026-09-08T19:31:45.610457+00:00,201,1065.844,
2026-09-08T19:31:22.891153+00:00,201,23787.04,
2026-09-08T19:31:19.308213+00:00,201,27377.324,
2026-09-08T19:31:00.671893+00:00,201,46040.559,
2026-09-08T19:31:35.343141+00:00,201,11372.094,
2026-09-08T19:30:43.930635+00:00,201,62801.47,
2026-09-08T19:31:15.998500+00:00,201,30742.195,
2026-09-08T19:31:20.964269+00:00,201,25811.642,
2026-09-08T19:31:20.758080+00:00,201,26030.897,
2026-09-08T19:31:40.630349+00:00,201,6188.409,
2026-09-08T19:31:38.914031+00:00,201,7913.642,
2026-09-08T19:31:14.180074+00:00,201,32655.511,
2026-09-08T19:31:45.253700+00:00,201,1584.489,
2026-09-08T19:31:30.777050+00:00,201,16086.233,
2026-09-08T19:31:41.273593+00:00,201,5595.256,
2026-09-08T19:31:45.032967+00:00,201,1850.471,
2026-09-08T19:30:39.416945+00:00,201,67479.506,
2026-09-08T19:30:40.044739+00:00,201,66865.654,
2026-09-08T19:30:33.414486+00:00,201,73517.781,
2026-09-08T19:31:22.098776+00:00,201,24840.86,
2026-09-08T19:31:37.613208+00:00,201,9333.778,
2026-09-08T19:31:36.355480+00:00,201,10607.237,
2026-09-08T19:30:37.115795+00:00,201,69870.264,
2026-09-08T19:31:15.663739+00:00,201,31357.043,
2026-09-08T19:31:02.984787+00:00,201,44046.452,
2026-09-08T19:31:46.732203+00:00,201,303.303,
2026-09-08T19:31:40.998026+00:00,201,6057.198,
2026-09-08T19:31:36.323257+00:00,201,10767.902,
2026-09-08T19:31:36.615983+00:00,201,10477.447,
2026-09-08T19:30:58.692719+00:00,201,48418.468,
2026-09-08T19:31:22.333295+00:00,201,24796.675,
2026-09-08T19:31:41.785461+00:00,201,5371.83,
2026-09-08T19:31:39.531043+00:00,201,7649.956,
2026-09-08T19:31:44.812260+00:00,201,2423.696,
2026-09-08T19:31:07.847262+00:00,201,39402.38,
2026-09-08T19:31:45.147898+00:00,201,2108.662,
2026-09-08T19:31:41.476698+00:00,201,5809.221,
2026-09-08T19:31:00.142591+00:00,201,47161.248,
2026-09-08T19:31:37.013755+00:00,201,10316.23,
2026-09-08T19:30:32.402610+00:00,201,74933.318,
2026-09-08T19:31:18.690054+00:00,201,28651.183,
2026-09-08T19:31:41.945846+00:00,201,5400.299,
2026-09-08T19:30:48.151554+00:00,201,59213.479,
2026-09-08T19:31:21.090371+00:00,201,26297.76,
2026-09-08T19:31:30.126434+00:00,201,17273.592,
2026-09-08T19:31:10.686197+00:00,201,36718.861,
2026-09-08T19:31:40.053281+00:00,201,7362.548,
2026-09-08T19:31:44.976964+00:00,201,2440.975,
2026-09-08T19:31:47.093451+00:00,201,335.161,
2026-09-08T19:31:35.295591+00:00,201,12146.94,
2026-09-08T19:31:36.476138+00:00,201,10981.685,
2026-09-08T19:31:20.276449+00:00,201,27183.574,
2026-09-08T19:31:38.348868+00:00,201,9120.612,
2026-09-08T19:31:42.005781+00:00,201,5494.658,
2026-09-08T19:31:43.749520+00:00,201,3754.015,
2026-09-08T19:31:20.357687+00:00,201,27150.093,
2026-09-08T19:31:21.298763+00:00,201,26228.807,
2026-09-08T19:31:19.560587+00:00,201,27989.023,
2026-09-08T19:31:40.824464+00:00,201,6750.5,
2026-09-08T19:31:43.718121+00:00,201,3858.973,
2026-09-08T19:31:21.755995+00:00,201,25824.849,
2026-09-08T19:31:36.014176+00:00,201,11594.346,
2026-09-08T19:31:13.740870+00:00,201,33870.871,
2026-09-08T19:31:15.072323+00:00,201,32583.39,
2026-09-08T19:31:12.680676+00:00,201,34984.137,
2026-09-08T19:31:46.099408+00:00,201,1588.178,
2026-09-08T19:31:46.149759+00:00,201,1548.349,
2026-09-08T19:31:45.860924+00:00,201,1847.476,
2026-09-08T19:31:19.704989+00:00,201,28024.548,
2026-09-08T19:31:16.890895+00:00,201,30853.464,
2026-09-08T19:31:17.300793+00:00,201,30445.652,
2026-09-08T19:31:29.458873+00:00,201,18305.126,
2026-09-08T19:30:46.077285+00:00,201,61690.352,
2026-09-08T19:31:00.629667+00:00,201,47169.92,
2026-09-08T19:31:15.687974+00:00,201,32127.353,
2026-09-08T19:31:10.417920+00:00,201,37458.405,
2026-09-08T19:30:43.356171+00:00,201,64549.236,
2026-09-08T19:31:40.122583+00:00,201,7851.237,
2026-09-08T19:31:44.102544+00:00,201,3903.091,
2026-09-08T19:31:18.742486+00:00,201,29285.416,
2026-09-08T19:31:46.712525+00:00,201,1333.768,
2026-09-08T19:31:22.378076+00:00,201,25704.537,
2026-09-08T19:30:33.711282+00:00,201,74376.03,
2026-09-08T19:31:40.805971+00:00,201,7288.159,
2026-09-08T19:31:38.800664+00:00,201,9303.423,
2026-09-08T19:31:36.768954+00:00,201,11340.357,
2026-09-08T19:31:47.799662+00:00,201,325.547,
2026-09-08T19:31:46.225424+00:00,201,1909.452,
2026-09-08T19:30:46.823245+00:00,201,61323.4,
2026-09-08T19:31:30.492818+00:00,201,17670.2,
2026-09-08T19:30:31.815943+00:00,201,76355.193,
2026-09-08T19:31:07.292128+00:00,201,40907.53,
2026-09-08T19:31:16.496313+00:00,201,31720.989,
2026-09-08T19:30:48.685159+00:00,201,59536.956,
2026-09-08T19:31:25.667519+00:00,201,22561.851,
2026-09-08T19:31:40.837950+00:00,201,7400.616,
2026-09-08T19:31:13.000487+00:00,201,35272.446,
2026-09-08T19:31:09.153527+00:00,201,39144.083,
2026-09-08T19:31:38.443124+00:00,201,9858.317,
2026-09-08T19:31:44.675160+00:00,201,3652.221,
2026-09-08T19:30:22.965489+00:00,201,85364.665,
2026-09-08T19:31:43.620265+00:00,201,4713.846,
2026-09-08T19:30:53.908514+00:00,201,54434.267,
2026-09-08T19:30:43.653343+00:00,201,64714.012,
2026-09-08T19:31:35.951095+00:00,201,12421.003,
2026-09-08T19:31:18.592268+00:00,201,29787.152,
2026-09-08T19:31:38.954861+00:00,201,9437.25,
2026-09-08T19:31:13.245289+00:00,201,35155.037,
2026-09-08T19:31:04.155773+00:00,201,44254.766,
2026-09-08T19:31:28.654241+00:00,201,19764.505,
2026-09-08T19:31:22.168253+00:00,201,26259.006,
2026-09-08T19:31:33.206211+00:00,201,15240.392,
2026-09-08T19:31:00.599026+00:00,201,47855.463,
2026-09-08T19:31:43.253541+00:00,201,5203.585,
2026-09-08T19:31:45.933380+00:00,201,2528.117,
2026-09-08T19:31:45.989035+00:00,201,2484.847,
2026-09-08T19:31:28.221406+00:00,201,20254.651,
2026-09-08T19:31:23.487338+00:00,201,25020.79,
2026-09-08T19:30:23.513593+00:00,201,85019.271,
2026-09-08T19:31:39.315573+00:00,201,9245.501,
2026-09-08T19:31:07.602731+00:00,201,40963.28,
2026-09-08T19:30:52.824969+00:00,201,55772.973,
2026-09-08T19:31:27.776014+00:00,201,20864.105,
2026-09-08T19:30:43.877265+00:00,201,64786.166,
2026-09-08T19:31:44.713291+00:00,201,3956.832,
2026-09-08T19:31:09.418920+00:00,201,39253.21,
2026-09-08T19:31:09.777398+00:00,201,38905.417,
2026-09-08T19:31:46.394919+00:00,201,2315.665,
2026-09-08T19:31:08.927894+00:00,201,39786.983,
2026-09-08T19:31:38.677539+00:00,201,10039.614,
2026-09-08T19:31:06.404099+00:00,201,42349.559,
2026-09-08T19:31:38.291276+00:00,201,10504.13,
2026-09-08T19:31:13.849143+00:00,201,34966.003,
2026-09-08T19:31:31.300198+00:00,201,17525.93,
2026-09-08T19:31:13.437950+00:00,201,35394.115,
2026-09-08T19:31:42.313223+00:00,201,6522.725,
2026-09-08T19:31:14.540563+00:00,201,34314.016,
2026-09-08T19:31:22.986612+00:00,201,25870.218,
2026-09-08T19:31:44.828802+00:00,201,4030.208,
2026-09-08T19:31:37.793149+00:00,201,11113.558,
2026-09-08T19:31:37.382202+00:00,201,11536.003,
2026-09-08T19:31:48.640156+00:00,201,293.131,
2026-09-08T19:31:18.364629+00:00,201,30600.406,
2026-09-08T19:30:48.667204+00:00,201,60321.381,
2026-09-08T19:31:42.761036+00:00,201,6239.961,
2026-09-08T19:30:53.925529+00:00,201,55087.638,
2026-09-08T19:30:38.544495+00:00,201,70472.544,
2026-09-08T19:31:38.459961+00:00,201,10605.793,
2026-09-08T19:31:36.624418+00:00,201,12446.044,
2026-09-08T19:31:08.692314+00:00,201,40382.01,
2026-09-08T19:31:30.707639+00:00,201,18369.669,
2026-09-08T19:31:43.137546+00:00,201,5972.752,
2026-09-08T19:31:42.709394+00:00,201,6405.814,
2026-09-08T19:31:20.942544+00:00,201,28189.771,
2026-09-08T19:31:25.557464+00:00,201,23583.631,
2026-09-08T19:31:01.658363+00:00,201,47518.659,
2026-09-08T19:31:41.071800+00:00,201,8120.148,
2026-09-08T19:30:50.078451+00:00,201,59115.588,
2026-09-08T19:31:45.274467+00:00,201,3952.755,
2026-09-08T19:30:59.247053+00:00,201,49983.706,
2026-09-08T19:31:14.468020+00:00,201,34766.103,
2026-09-08T19:31:13.159436+00:00,201,36076.759,
2026-09-08T19:30:35.552336+00:00,201,73686.28,
2026-09-08T19:31:07.386332+00:00,201,41856.036,
2026-09-08T19:31:07.806856+00:00,201,41467.2,
2026-09-08T19:31:04.847294+00:00,201,44431.363,
2026-09-08T19:31:36.425995+00:00,201,12866.818,
2026-09-08T19:31:18.780142+00:00,201,30517.857,
2026-09-08T19:31:45.462398+00:00,201,3857.733,
2026-09-08T19:31:38.997556+00:00,201,10342.261,
2026-09-08T19:31:23.054371+00:00,201,26303.803,
2026-09-08T19:31:39.723355+00:00,201,9654.772,
2026-09-08T19:30:31.720700+00:00,201,77663.241,
2026-09-08T19:31:40.375831+00:00,201,9061.077,
2026-09-08T19:31:30.144220+00:00,201,19306.14,
2026-09-08T19:31:38.154040+00:00,201,11300.451,
2026-09-08T19:31:19.872926+00:00,201,29583.658,
2026-09-08T19:30:42.693403+00:00,201,66800.567,
2026-09-08T19:31:12.995590+00:00,201,36503.063,
2026-09-08T19:30:55.359830+00:00,201,54158.637,
2026-09-08T19:30:24.038840+00:00,201,85501.646,
2026-09-08T19:31:10.747384+00:00,201,38802.813,
2026-09-08T19:31:37.981848+00:00,201,11580.117,
2026-09-08T19:31:08.675596+00:00,201,40901.568,
2026-09-08T19:30:57.622759+00:00,201,51985.238,
2026-09-08T19:31:26.344975+00:00,201,23303.069,
2026-09-08T19:31:21.539262+00:00,201,28112.045,
2026-09-08T19:31:09.391741+00:00,201,40261.81,
2026-09-08T19:31:29.605721+00:00,201,20092.711,
2026-09-08T19:31:43.551512+00:00,201,6158.737,
2026-09-08T19:31:45.834281+00:00,201,3881.266,
2026-09-08T19:31:36.694142+00:00,201,13048.209,
2026-09-08T19:31:20.665055+00:00,201,29083.265,
2026-09-08T19:31:47.035512+00:00,201,2723.541,
2026-09-08T19:31:46.883447+00:00,201,2900.455,
2026-09-08T19:31:36.787003+00:00,201,13028.34,
2026-09-08T19:31:01.378765+00:00,201,48440.332,
2026-09-08T19:31:44.979598+00:00,201,4848.261,
2026-09-08T19:31:10.242275+00:00,201,39596.8,
2026-09-08T19:31:37.330932+00:00,201,12561.099,
2026-09-08T19:31:39.922830+00:00,201,9975.139,
2026-09-08T19:31:09.067435+00:00,201,40834.517,
2026-09-08T19:31:44.789865+00:00,201,5136.397,
2026-09-08T19:31:40.436607+00:00,201,9499.196,
2026-09-08T19:31:17.627227+00:00,201,32324.556,
2026-09-08T19:31:01.552791+00:00,201,48411.572,
2026-09-08T19:31:01.428589+00:00,201,48556.634,
2026-09-08T19:31:43.776087+00:00,201,6215.1,
2026-09-08T19:31:14.506574+00:00,201,35487.928,
2026-09-08T19:31:39.698449+00:00,201,10305.661,
2026-09-08T19:31:37.410056+00:00,201,12613.067,
2026-09-08T19:31:29.835175+00:00,201,20235.982,
2026-09-08T19:31:40.260778+00:00,201,9817.589,
2026-09-08T19:31:43.536965+00:00,201,6552.069,
2026-09-08T19:31:39.869137+00:00,201,10229.325,
2026-09-08T19:31:13.365243+00:00,201,36785.715,
2026-09-08T19:31:13.572632+00:00,201,36589.148,
2026-09-08T19:31:49.819172+00:00,201,345.73,
2026-09-08T19:31:08.937877+00:00,201,41262.051,
2026-09-08T19:31:40.469859+00:00,201,9736.039,
2026-09-08T19:30:50.474342+00:00,201,59764.103,
2026-09-08T19:31:07.864272+00:00,201,42408.896,
2026-09-08T19:31:37.098124+00:00,201,13200.136,
2026-09-08T19:31:13.897395+00:00,201,36423.679,
2026-09-08T19:31:47.708409+00:00,201,2622.565,
2026-09-08T19:31:14.798972+00:00,201,35541.449,
2026-09-08T19:30:34.801656+00:00,201,75542.773,
2026-09-08T19:31:48.670133+00:00,201,1681.565,
2026-09-08T19:31:30.151320+00:00,201,20210.545,
2026-09-08T19:31:37.994159+00:00,201,12400.373,
2026-09-08T19:31:07.488471+00:00,201,42939.772,
2026-09-08T19:31:22.446356+00:00,201,27988.159,
2026-09-08T19:31:22.464789+00:00,201,27984.245,
2026-09-08T19:31:41.425162+00:00,201,9027.093,
2026-09-08T19:31:21.145269+00:00,201,29309.173,
2026-09-08T19:31:30.230451+00:00,201,20238.542,
2026-09-08T19:30:39.295742+00:00,201,71198.09,
2026-09-08T19:30:51.191540+00:00,201,59310.553,
2026-09-08T19:31:47.336040+00:00,201,3176.84,
2026-09-08T19:31:21.347686+00:00,201,29183.627,
2026-09-08T19:31:13.793196+00:00,201,36746.259,
2026-09-08T19:31:17.710370+00:00,201,32831.239,
2026-09-08T19:31:40.068608+00:00,201,10489.007,
2026-09-08T19:31:47.905505+00:00,201,2694.069,
2026-09-08T19:31:12.491584+00:00,201,38160.596,
2026-09-08T19:31:11.514040+00:00,201,39141.978,
2026-09-08T19:31:37.939858+00:00,201,12736.754,
2026-09-08T19:31:36.620468+00:00,201,14063.218,
2026-09-08T19:31:36.568301+00:00,201,14129.813,
2026-09-08T19:31:43.260907+00:00,201,7454.115,
2026-09-08T19:31:22.603979+00:00,201,28125.672,
2026-09-08T19:30:45.174374+00:00,201,65575.574,
2026-09-08T19:31:07.427305+00:00,201,43362.126,
2026-09-08T19:31:27.523510+00:00,201,23305.594,
2026-09-08T19:30:53.550053+00:00,201,57285.781,
2026-09-08T19:31:21.127847+00:00,201,29730.128,
2026-09-08T19:30:49.012380+00:00,201,61849.174,
2026-09-08T19:31:48.832122+00:00,201,2038.738,
2026-09-08T19:31:38.658463+00:00,201,12214.753,
2026-09-08T19:31:18.028059+00:00,201,32851.478,
2026-09-08T19:31:35.639956+00:00,201,15252.453,
2026-09-08T19:31:40.656205+00:00,201,10250.149,
2026-09-08T19:31:39.088937+00:00,201,11834.487,
2026-09-08T19:31:42.325572+00:00,201,8647.183,
2026-09-08T19:31:30.321905+00:00,201,20653.979,
2026-09-08T19:31:29.957375+00:00,201,21042.671,
2026-09-08T19:31:40.863173+00:00,201,10144.315,
2026-09-08T19:31:40.254051+00:00,201,10755.501,
2026-09-08T19:31:42.835010+00:00,201,8191.035,
2026-09-08T19:31:29.459775+00:00,201,21607.16,
2026-09-08T19:31:28.603258+00:00,201,22490.711,
2026-09-08T19:30:50.347004+00:00,201,60750.934,
2026-09-08T19:31:29.080927+00:00,201,22038.563,
2026-09-08T19:30:40.950580+00:00,201,70181.285,
2026-09-08T19:30:54.846470+00:00,201,56317.398,
2026-09-08T19:31:39.322238+00:00,201,11850.162,
2026-09-08T19:31:08.074169+00:00,201,43105.796,
2026-09-08T19:31:33.687908+00:00,201,17532.069,
2026-09-08T19:30:46.261429+00:00,201,64966.553,
2026-09-08T19:31:03.950941+00:00,201,47301.404,
2026-09-08T19:31:21.160761+00:00,201,30107.033,
2026-09-08T19:30:53.654694+00:00,201,57633.205,
2026-09-08T19:31:06.626751+00:00,201,44666.056,
2026-09-08T19:31:29.722647+00:00,201,21587.097,
2026-09-08T19:31:42.150901+00:00,201,9161.021,
2026-09-08T19:31:46.516915+00:00,201,4816.333,
2026-09-08T19:31:07.549735+00:00,201,43801.501,
2026-09-08T19:31:45.379745+00:00,201,5992.13,
2026-09-08T19:30:47.476779+00:00,201,63899.86,
2026-09-08T19:31:13.933557+00:00,201,37465.34,
2026-09-08T19:31:16.822942+00:00,201,34662.042,
2026-09-08T19:31:40.257125+00:00,201,11241.028,
2026-09-08T19:31:39.709251+00:00,201,11811.842,
2026-09-08T19:31:41.968883+00:00,201,9555.298,
2026-09-08T19:31:42.907589+00:00,201,8623.334,
2026-09-08T19:31:43.422897+00:00,201,8147.217,
2026-09-08T19:31:05.325481+00:00,201,46247.404,
2026-09-08T19:30:38.146055+00:00,201,73427.859,
2026-09-08T19:30:42.518185+00:00,201,69057.342,
2026-09-08T19:31:07.086234+00:00,201,44504.963,
2026-09-08T19:31:05.638035+00:00,201,45959.073,
2026-09-08T19:31:41.556822+00:00,201,10062.573,
2026-09-08T19:31:46.242058+00:00,201,5392.219,
2026-09-08T19:31:11.315540+00:00,201,40320.385,
2026-09-08T19:31:30.112799+00:00,201,21531.176,
2026-09-08T19:30:41.926812+00:00,201,69719.71,
2026-09-08T19:31:51.066972+00:00,201,582.231,
2026-09-08T19:31:10.883490+00:00,201,40777.286,
2026-09-08T19:30:55.776316+00:00,201,55885.626,
2026-09-08T19:31:36.332127+00:00,201,15339.554,
2026-09-08T19:31:38.418786+00:00,201,13261.605,
2026-09-08T19:31:04.929812+00:00,201,46767.76,
2026-09-08T19:30:37.569688+00:00,201,74132.878,
2026-09-08T19:31:11.180745+00:00,201,40526.424,
2026-09-08T19:30:31.376834+00:00,201,80338.62,
2026-09-08T19:30:51.049363+00:00,201,60677.702,
2026-09-08T19:31:36.424351+00:00,201,15304.059,
2026-09-08T19:31:46.505349+00:00,201,5232.005,
2026-09-08T19:31:35.866657+00:00,201,15873.118,
2026-09-08T19:31:51.572960+00:00,201,170.069,
2026-09-08T19:31:18.679924+00:00,201,33066.06,
2026-09-08T19:31:34.678122+00:00,201,17075.452,
2026-09-08T19:31:24.167335+00:00,201,27601.579,
2026-09-08T19:31:29.023559+00:00,201,22749.733,
2026-09-08T19:31:29.000165+00:00,201,22778.766,
2026-09-08T19:31:41.741642+00:00,201,10053.601,
2026-09-08T19:30:31.062177+00:00,201,80746.414,
2026-09-08T19:30:45.783442+00:00,201,66030.33,
2026-09-08T19:31:08.818963+00:00,201,43004.134,
2026-09-08T19:31:30.239934+00:00,201,21595.501,
2026-09-08T19:31:30.766882+00:00,201,21090.077,
2026-09-08T19:30:53.085816+00:00,201,58777.581,
2026-09-08T19:31:08.804484+00:00,201,43064.034,
2026-09-08T19:31:01.928154+00:00,201,49948.43,
2026-09-08T19:31:41.718593+00:00,201,10181.905,
2026-09-08T19:31:25.828649+00:00,201,26086.024,
2026-09-08T19:31:45.415404+00:00,201,6501.258,
2026-09-08T19:31:24.079396+00:00,201,27849.536,
2026-09-08T19:30:35.266230+00:00,201,76695.33,
2026-09-08T19:31:45.068347+00:00,201,6899.211,
2026-09-08T19:31:51.813871+00:00,201,155.768,
2026-09-08T19:31:03.025767+00:00,201,48946.995,
2026-09-08T19:31:37.654032+00:00,201,14338.203,
2026-09-08T19:31:09.786918+00:00,201,42206.429,
2026-09-08T19:31:45.428233+00:00,201,6571.798,
2026-09-08T19:30:52.694843+00:00,201,59316.659,
2026-09-08T19:31:37.910899+00:00,201,14101.801,
2026-09-08T19:31:13.516529+00:00,201,38497.397,
2026-09-08T19:31:33.330432+00:00,201,18688.274,
2026-09-08T19:31:45.750253+00:00,201,6273.259,
2026-09-08T19:31:26.952649+00:00,201,25072.488,
2026-09-08T19:31:40.139477+00:00,201,11895.083,
2026-09-08T19:30:45.498481+00:00,201,66542.823,
2026-09-08T19:31:11.573920+00:00,201,40484.435,
2026-09-08T19:31:20.944062+00:00,201,31136.348,
2026-09-08T19:31:38.091665+00:00,201,14001.645,
2026-09-08T19:31:48.473894+00:00,201,3624.898,
2026-09-08T19:31:34.954397+00:00,201,17146.442,
2026-09-08T19:31:37.253168+00:00,201,14851.492,
2026-09-08T19:30:55.063582+00:00,201,57043.039,
2026-09-08T19:31:03.939685+00:00,201,48177.295,
2026-09-08T19:31:36.359353+00:00,201,15777.058,
2026-09-08T19:30:46.492596+00:00,201,65652.575,
2026-09-08T19:31:22.944285+00:00,201,29212.697,
2026-09-08T19:30:48.555501+00:00,201,63604.247,
2026-09-08T19:31:51.993415+00:00,201,175.359,
2026-09-08T19:30:57.391935+00:00,201,54785.778,
2026-09-08T19:30:56.909070+00:00,201,55276.206,
2026-09-08T19:31:05.561273+00:00,201,46653.388,
2026-09-08T19:31:46.639583+00:00,201,5581.15,
2026-09-08T19:31:35.594589+00:00,201,16629.674,
2026-09-08T19:30:58.319485+00:00,201,53909.771,
2026-09-08T19:30:22.657656+00:00,201,89581.224,
2026-09-08T19:31:39.704997+00:00,201,12540.602,
2026-09-08T19:31:46.676308+00:00,201,5579.885,
2026-09-08T19:31:17.500314+00:00,201,34762.107,
2026-09-08T19:31:21.863240+00:00,201,30400.201,
2026-09-08T19:31:50.879589+00:00,201,1387.393,
2026-09-08T19:31:26.757668+00:00,201,25518.844,
2026-09-08T19:30:49.152474+00:00,201,63125.1,
2026-09-08T19:31:45.651573+00:00,201,6631.462,
2026-09-08T19:30:54.811732+00:00,201,57486.825,
2026-09-08T19:31:51.961678+00:00,201,351.98,
2026-09-08T19:31:00.593905+00:00,201,51725.583,
2026-09-08T19:31:06.102187+00:00,201,46218.322,
2026-09-08T19:31:20.659098+00:00,201,31663.493,
2026-09-08T19:31:09.447345+00:00,201,42880.372,
2026-09-08T19:31:38.265682+00:00,201,14065.176,
2026-09-08T19:31:48.815205+00:00,201,3531.297,
2026-09-08T19:31:19.868437+00:00,201,32480.243,
2026-09-08T19:30:43.449887+00:00,201,68908.831,
2026-09-08T19:31:17.052739+00:00,201,35311.02,
2026-09-08T19:31:29.526775+00:00,201,22852.439,
2026-09-08T19:31:10.670790+00:00,201,41710.371,
2026-09-08T19:31:36.045761+00:00,201,16338.131,
2026-09-08T19:31:04.200205+00:00,201,48185.439,
2026-09-08T19:31:22.013579+00:00,201,30375.098,
2026-09-08T19:30:32.842341+00:00,201,79612.804,
2026-09-08T19:30:47.538243+00:00,201,64927.266,
2026-09-08T19:31:45.892814+00:00,201,6575.015,
2026-09-08T19:31:06.259871+00:00,201,46210.121,
2026-09-08T19:31:17.789991+00:00,201,34688.719,
2026-09-08T19:31:49.902019+00:00,201,2592.593,
2026-09-08T19:31:44.190035+00:00,201,8316.875,
2026-09-08T19:31:23.470534+00:00,201,29037.593,
2026-09-08T19:31:39.130449+00:00,201,13382.023,
2026-09-08T19:31:40.018468+00:00,201,12495.302,
2026-09-08T19:31:44.155165+00:00,201,8363.71,
2026-09-08T19:31:19.393365+00:00,201,33128.207,
2026-09-08T19:31:18.100508+00:00,201,34428.562,
2026-09-08T19:31:40.977166+00:00,201,11567.297,
2026-09-08T19:31:48.682880+00:00,201,3868.283,
2026-09-08T19:31:19.863705+00:00,201,32690.371,
2026-09-08T19:31:51.026062+00:00,201,1539.533,
2026-09-08T19:30:59.812282+00:00,201,52756.517,
2026-09-08T19:31:49.236252+00:00,201,3426.32,
2026-09-08T19:31:14.011364+00:00,201,38658.832,
2026-09-08T19:31:38.550700+00:00,201,14134.17,
2026-09-08T19:31:50.344542+00:00,201,2342.583,
2026-09-08T19:31:52.455269+00:00,201,251.972,
2026-09-08T19:31:35.842631+00:00,201,16865.949,
2026-09-08T19:31:37.965331+00:00,201,14745.003,
2026-09-08T19:30:52.371306+00:00,201,60341.443,
2026-09-08T19:31:02.527584+00:00,201,50186.18,
2026-09-08T19:31:03.385876+00:00,201,49331.386,
2026-09-08T19:31:45.331761+00:00,201,7404.824,
2026-09-08T19:31:51.591269+00:00,201,1156.166,
2026-09-08T19:31:23.429550+00:00,201,29324.824,
2026-09-08T19:30:42.731056+00:00,201,70029.744,
2026-09-08T19:31:36.286930+00:00,201,16476.187,
2026-09-08T19:30:43.637791+00:00,201,69136.608,
2026-09-08T19:31:33.374498+00:00,201,19409.124,
2026-09-08T19:31:14.167522+00:00,201,38630.705,
2026-09-08T19:31:42.129282+00:00,201,10671.058,
2026-09-08T19:30:41.754647+00:00,201,71046.88,
2026-09-08T19:31:15.069403+00:00,201,37733.454,
2026-09-08T19:30:54.375006+00:00,201,58430.191,
2026-09-08T19:31:11.757803+00:00,201,41050.298,
2026-09-08T19:31:50.330987+00:00,201,2481.357,
2026-09-08T19:30:58.836029+00:00,201,53978.428,
2026-09-08T19:31:23.562021+00:00,201,29262.888,
2026-09-08T19:31:52.684897+00:00,201,150.911,
2026-09-08T19:31:47.973838+00:00,201,4877.594,
2026-09-08T19:31:44.986713+00:00,201,7867.171,
2026-09-08T19:30:48.539566+00:00,201,64320.378,
2026-09-08T19:30:39.755436+00:00,201,73106.273,
2026-09-08T19:30:51.097104+00:00,201,61778.819,
2026-09-08T19:31:29.050976+00:00,201,23839.507,
2026-09-08T19:31:51.094007+00:00,201,1844.441,
2026-09-08T19:31:49.384063+00:00,201,3556.462,
2026-09-08T19:31:36.101179+00:00,201,16854.671,
2026-09-08T19:31:42.004345+00:00,201,10954.756,
2026-09-08T19:30:41.227370+00:00,201,71737.803,
2026-09-08T19:30:55.368979+00:00,201,57599.665,
2026-09-08T19:30:28.414070+00:00,201,84569.771,
2026-09-08T19:31:29.760797+00:00,201,23227.082,
2026-09-08T19:31:17.549032+00:00,201,35441.635,
2026-09-08T19:31:52.012729+00:00,201,981.298,
2026-09-08T19:31:30.965614+00:00,201,22039.821,
2026-09-08T19:31:51.635990+00:00,201,1382.198,
2026-09-08T19:30:47.347376+00:00,201,65676.04,
2026-09-08T19:31:10.422987+00:00,201,42601.46,
2026-09-08T19:31:04.176695+00:00,201,48851.367,
2026-09-08T19:31:37.517647+00:00,201,15518.441,
2026-09-08T19:31:45.541423+00:00,201,7515.23,
2026-09-08T19:31:21.097013+00:00,201,31970.162,
2026-09-08T19:31:51.823169+00:00,201,1245.091,
2026-09-08T19:31:50.340478+00:00,201,2728.855,
2026-09-08T19:31:07.363988+00:00,201,45706.336,
2026-09-08T19:31:45.898411+00:00,201,7174.158,
2026-09-08T19:31:51.098033+00:00,201,1975.733,
2026-09-08T19:31:40.813414+00:00,201,12261.713,
2026-09-08T19:31:04.781524+00:00,201,48294.897,
2026-09-08T19:31:45.096635+00:00,201,7981.186,
2026-09-08T19:31:21.222372+00:00,201,31856.682,
2026-09-08T19:31:44.014496+00:00,201,9072.1,
2026-09-08T19:31:43.831688+00:00,201,9256.291,
2026-09-08T19:31:17.872986+00:00,201,35230.961,
2026-09-08T19:31:52.890526+00:00,201,215.959,
2026-09-08T19:31:48.400383+00:00,201,4707.884,
2026-09-08T19:31:17.829705+00:00,201,35285.299,
2026-09-08T19:31:42.789186+00:00,201,10333.906,
2026-09-08T19:31:51.900523+00:00,201,1232.245,
2026-09-08T19:31:43.211459+00:00,201,9949.795,
2026-09-08T19:31:16.244726+00:00,201,36930.635,
2026-09-08T19:31:44.256453+00:00,201,8929.726,
2026-09-08T19:31:04.743136+00:00,201,48445.927,
2026-09-08T19:31:13.812034+00:00,201,39382.876,
2026-09-08T19:31:42.429959+00:00,201,10800.858,
2026-09-08T19:31:29.744401+00:00,201,23490.879,
2026-09-08T19:31:40.201924+00:00,201,13054.639,
2026-09-08T19:31:35.864260+00:00,201,17397.292,
2026-09-08T19:31:47.469499+00:00,201,5802.984,
2026-09-08T19:31:50.161839+00:00,201,3124.306,
2026-09-08T19:31:36.494942+00:00,201,16792.675,
2026-09-08T19:31:13.877342+00:00,201,39412.58,
2026-09-08T19:31:38.682206+00:00,201,14624.215,
2026-09-08T19:31:50.238539+00:00,201,3070.069,
2026-09-08T19:30:39.678190+00:00,201,73633.885,
2026-09-08T19:30:37.253341+00:00,201,76067.506,
2026-09-08T19:31:43.097027+00:00,201,10235.677,
2026-09-08T19:30:55.882810+00:00,201,57453.791,
2026-09-08T19:31:41.645350+00:00,201,11695.963,
2026-09-08T19:30:47.853273+00:00,201,65497.089,
2026-09-08T19:31:15.921683+00:00,201,37431.221,
2026-09-08T19:31:10.036503+00:00,201,43344.006,
2026-09-08T19:31:07.794983+00:00,201,45588.561,
2026-09-08T19:31:47.608549+00:00,201,5780.072,
2026-09-08T19:31:47.181020+00:00,201,6225.519,
2026-09-08T19:31:15.630382+00:00,201,37786.064,
2026-09-08T19:31:08.959441+00:00,201,44476.12,
2026-09-08T19:31:22.137957+00:00,201,31299.855,
2026-09-08T19:31:47.417946+00:00,201,6026.092,
2026-09-08T19:31:26.628921+00:00,201,26847.071,
2026-09-08T19:31:49.577228+00:00,201,3909.195,
2026-09-08T19:31:41.548228+00:00,201,11956.75,
2026-09-08T19:31:36.889119+00:00,201,16618.59,
2026-09-08T19:31:45.713498+00:00,201,7798.941,
2026-09-08T19:31:49.839137+00:00,201,3678.562,
2026-09-08T19:31:04.499932+00:00,201,49038.232,
2026-09-08T19:31:44.275606+00:00,201,9268.868,
2026-09-08T19:31:35.121104+00:00,201,18429.699,
2026-09-08T19:31:51.739804+00:00,201,1839.119,
2026-09-08T19:31:23.189770+00:00,201,30391.857,
2026-09-08T19:31:48.125217+00:00,201,5467.592,
2026-09-08T19:30:49.321138+00:00,201,64273.701,
2026-09-08T19:31:41.389726+00:00,201,12209.196,
2026-09-08T19:30:36.545981+00:00,201,77059.054,
2026-09-08T19:31:46.098077+00:00,201,7511.03,
2026-09-08T19:31:22.618872+00:00,201,30996.806,
2026-09-08T19:31:43.106498+00:00,201,10512.781,
2026-09-08T19:31:23.789253+00:00,201,29832.301,
2026-09-08T19:31:43.897174+00:00,201,9761.128,
2026-09-08T19:31:14.057032+00:00,201,39602.606,
2026-09-08T19:31:52.467844+00:00,201,1202.809,
2026-09-08T19:31:48.859021+00:00,201,4828.343,
2026-09-08T19:30:29.455720+00:00,201,84235.72,
2026-09-08T19:30:49.406687+00:00,201,64291.153,
2026-09-08T19:31:16.800573+00:00,201,36911.526,
2026-09-08T19:30:54.185713+00:00,201,59546.401,
2026-09-08T19:31:43.320214+00:00,201,10440.37,
2026-09-08T19:30:44.944294+00:00,201,68820.279,
2026-09-08T19:31:28.996087+00:00,201,24802.445,
2026-09-08T19:31:46.325171+00:00,201,7501.127,
2026-09-08T19:31:46.207933+00:00,201,7621.09,
2026-09-08T19:31:21.929953+00:00,201,31912.523,
2026-09-08T19:31:44.936611+00:00,201,8915.34,
2026-09-08T19:30:49.101628+00:00,201,64776.613,
2026-09-08T19:31:04.168276+00:00,201,49711.922,
2026-09-08T19:30:59.043266+00:00,201,54849.226,
2026-09-08T19:31:22.472659+00:00,201,31424.195,
2026-09-08T19:31:10.617790+00:00,201,43281.82,
2026-09-08T19:30:48.995349+00:00,201,64912.31,
2026-09-08T19:31:39.031510+00:00,201,14884.166,
2026-09-08T19:30:43.375172+00:00,201,70549.465,
2026-09-08T19:31:39.376086+00:00,201,14566.963,
2026-09-08T19:31:00.958341+00:00,201,52990.175,
2026-09-08T19:31:15.154463+00:00,201,38795.683,
2026-09-08T19:30:23.751879+00:00,201,90205.88,
2026-09-08T19:31:30.036631+00:00,201,23927.184,
2026-09-08T19:31:30.516431+00:00,201,23477.434,
2026-09-08T19:31:38.343388+00:00,201,15654.596,
2026-09-08T19:31:47.729584+00:00,201,6293.71,
2026-09-08T19:31:29.273921+00:00,201,24760.13,
2026-09-08T19:31:08.284275+00:00,201,45769.012,
2026-09-08T19:30:45.339560+00:00,201,68719.312,
2026-09-08T19:31:52.876018+00:00,201,1188.314,
2026-09-08T19:31:45.380990+00:00,201,8685.833,
2026-09-08T19:31:18.200095+00:00,201,35868.62,
2026-09-08T19:31:52.185363+00:00,201,1889.84,
2026-09-08T19:31:01.691898+00:00,201,52384.719,
2026-09-08T19:31:45.602743+00:00,201,8480.837,
2026-09-08T19:31:23.680977+00:00,201,30408.657,
2026-09-08T19:31:28.544283+00:00,201,25558.768,
2026-09-08T19:30:48.295892+00:00,201,65809.38,
2026-09-08T19:31:19.085457+00:00,201,35023.882,
2026-09-08T19:31:07.538841+00:00,201,46601.227,
2026-09-08T19:31:15.591712+00:00,201,38557.81,
2026-09-08T19:31:01.813211+00:00,201,52337.888,
2026-09-08T19:30:11.362751+00:00,201,102811.258,
2026-09-08T19:31:36.379242+00:00,201,17798.518,
2026-09-08T19:31:40.495224+00:00,201,13685.59,
2026-09-08T19:31:46.549725+00:00,201,7644.873,
2026-09-08T19:31:52.358824+00:00,201,1851.991,
2026-09-08T19:31:49.320147+00:00,201,4895.769,
2026-09-08T19:31:43.118720+00:00,201,11131.194,
2026-09-08T19:30:58.390209+00:00,201,55865.075,
2026-09-08T19:31:36.447241+00:00,201,17821.624,
2026-09-08T19:31:39.909445+00:00,201,14377.509,
2026-09-08T19:31:00.582665+00:00,201,53715.957,
2026-09-08T19:31:42.964912+00:00,201,11341.929,
2026-09-08T19:31:04.592328+00:00,201,49726.142,
2026-09-08T19:31:37.383447+00:00,201,16942.256,
2026-09-08T19:31:41.328998+00:00,201,12998.814,
2026-09-08T19:31:46.556806+00:00,201,7795.393,
2026-09-08T19:30:42.622258+00:00,201,71747.024,
2026-09-08T19:30:52.323204+00:00,201,62069.681,
2026-09-08T19:31:30.176048+00:00,201,24219.583,
2026-09-08T19:31:13.891975+00:00,201,40512.531,
2026-09-08T19:31:30.683920+00:00,201,23730.131,
2026-09-08T19:31:46.063213+00:00,201,8354.854,
2026-09-08T19:31:07.905551+00:00,201,46522.144,
2026-09-08T19:31:52.313668+00:00,201,2115.737,
2026-09-08T19:31:39.235347+00:00,201,15205.709,
2026-09-08T19:31:14.148265+00:00,201,40316.146,
2026-09-08T19:31:52.717339+00:00,201,1748.97,
2026-09-08T19:30:28.874766+00:00,201,85595.044,
2026-09-08T19:31:52.245623+00:00,201,2250.94,
2026-09-08T19:31:22.898634+00:00,201,31605.722,
2026-09-08T19:31:09.053209+00:00,201,45474.973,
2026-09-08T19:31:42.555843+00:00,201,12004.491,
2026-09-08T19:31:37.468950+00:00,201,17103.136,
2026-09-08T19:31:18.835063+00:00,201,35743.777,
2026-09-08T19:31:22.277937+00:00,201,32307.138,
2026-09-08T19:31:15.683512+00:00,201,38919.801,
2026-09-08T19:31:39.366215+00:00,201,15251.279,
2026-09-08T19:30:53.722944+00:00,201,60896.048,
2026-09-08T19:31:45.465391+00:00,201,9156.488,
2026-09-08T19:31:19.870701+00:00,201,34754.085,
2026-09-08T19:31:41.790192+00:00,201,12840.332,
2026-09-08T19:31:05.086864+00:00,201,49556.826,
2026-09-08T19:31:15.700679+00:00,201,38965.141,
2026-09-08T19:31:27.175455+00:00,201,27519.78,
2026-09-08T19:31:16.339438+00:00,201,38358.137,
2026-09-08T19:31:45.580772+00:00,201,9124.274,
2026-09-08T19:30:43.639120+00:00,201,71067.319,
2026-09-08T19:30:35.551346+00:00,201,79169.052,
2026-09-08T19:31:51.252422+00:00,201,3474.263,
2026-09-08T19:31:52.214735+00:00,201,2525.715,
2026-09-08T19:31:14.201262+00:00,201,40547.019,
2026-09-08T19:31:45.832532+00:00,201,8955.235,
2026-09-08T19:30:57.040245+00:00,201,57755.813,
2026-09-08T19:31:48.663534+00:00,201,6153.467,
2026-09-08T19:31:03.431195+00:00,201,51388.48,
2026-09-08T19:31:54.414089+00:00,201,429.038,
2026-09-08T19:31:52.470065+00:00,201,2380.956,
2026-09-08T19:31:53.235320+00:00,201,1617.9,
2026-09-08T19:30:53.898621+00:00,201,60968.02,
2026-09-08T19:31:11.921016+00:00,201,42966.113,
2026-09-08T19:31:30.787521+00:00,201,24109.318,
2026-09-08T19:30:35.986879+00:00,201,78928.337,
2026-09-08T19:31:40.222713+00:00,201,14718.577,
2026-09-08T19:31:48.327393+00:00,201,6617.091,
2026-09-08T19:31:35.845556+00:00,201,19131.424,
2026-09-08T19:30:39.879249+00:00,201,75108.515,
2026-09-08T19:31:43.348808+00:00,201,11640.612,
2026-09-08T19:31:03.578445+00:00,201,51419.171,
2026-09-08T19:30:51.900937+00:00,201,63108.936,
2026-09-08T19:31:40.157413+00:00,201,14855.536,
2026-09-08T19:31:39.065064+00:00,201,15974.946,
2026-09-08T19:31:42.903643+00:00,201,12145.931,
2026-09-08T19:31:49.298047+00:00,201,5764.408,
2026-09-08T19:31:38.390132+00:00,201,16682.293,
2026-09-08T19:31:02.002503+00:00,201,53080.317,
2026-09-08T19:30:51.268445+00:00,201,63824.805,
2026-09-08T19:31:28.700946+00:00,201,26403.474,
2026-09-08T19:31:43.566904+00:00,201,11539.901,
2026-09-08T19:31:44.483642+00:00,201,10629.277,
2026-09-08T19:31:45.157852+00:00,201,9967.034,
2026-09-08T19:31:01.780544+00:00,201,53361.979,
2026-09-08T19:31:53.760607+00:00,201,1388.505,
2026-09-08T19:30:33.833496+00:00,201,81325.769,
2026-09-08T19:31:49.994559+00:00,201,5176.598,
2026-09-08T19:31:21.382784+00:00,201,33799.514,
2026-09-08T19:31:48.146740+00:00,201,7041.76,
2026-09-08T19:31:00.031798+00:00,201,55170.692,
2026-09-08T19:31:12.171884+00:00,201,43035.918,
2026-09-08T19:31:55.009970+00:00,201,239.194,
2026-09-08T19:31:33.934748+00:00,201,21317.468,
2026-09-08T19:31:30.055923+00:00,201,25214.369,
2026-09-08T19:30:36.065876+00:00,201,79209.674,
2026-09-08T19:31:08.395419+00:00,201,46889.239,
2026-09-08T19:31:36.137575+00:00,201,19153.437,
2026-09-08T19:30:36.701096+00:00,201,78596.989,
2026-09-08T19:31:40.360612+00:00,201,14943.622,
2026-09-08T19:30:40.001552+00:00,201,75346.506,
2026-09-08T19:31:54.429415+00:00,201,946.544,
2026-09-08T19:31:14.414881+00:00,201,40984.311,
2026-09-08T19:31:44.825926+00:00,201,10578.607,
2026-09-08T19:30:53.615447+00:00,201,61791.493,
2026-09-08T19:31:12.832436+00:00,201,42582.774,
2026-09-08T19:31:40.028637+00:00,201,15388.257,
2026-09-08T19:31:22.300251+00:00,201,33129.692,
2026-09-08T19:31:40.753884+00:00,201,14688.575,
2026-09-08T19:31:38.463215+00:00,201,16997.088,
2026-09-08T19:31:23.084969+00:00,201,32380.64,
2026-09-08T19:31:52.508174+00:00,201,2959.229,
2026-09-08T19:31:52.551174+00:00,201,2921.946,
2026-09-08T19:31:04.473988+00:00,201,51006.903,
2026-09-08T19:31:39.341014+00:00,201,16171.445,
2026-09-08T19:31:45.205948+00:00,201,10309.943,
2026-09-08T19:31:03.818946+00:00,201,51733.439,
2026-09-08T19:30:48.657680+00:00,201,66905.728,
2026-09-08T19:31:53.764679+00:00,201,1809.937,
2026-09-08T19:31:40.860543+00:00,201,14722.683,
2026-09-08T19:31:53.194972+00:00,201,2395.146,
2026-09-08T19:31:46.563191+00:00,201,9029.75,
2026-09-08T19:31:21.565963+00:00,201,34032.393,
2026-09-08T19:31:39.333951+00:00,201,16266.112,
2026-09-08T19:30:33.362846+00:00,201,82253.282,
2026-09-08T19:30:59.709326+00:00,201,55946.551,
2026-09-08T19:31:22.469325+00:00,201,33193.804,
2026-09-08T19:31:15.330312+00:00,201,40351.444,
2026-09-08T19:31:55.473130+00:00,201,215.62,
2026-09-08T19:31:02.632903+00:00,201,53080.165,
2026-09-08T19:31:52.506928+00:00,201,3253.403,
2026-09-08T19:31:51.728437+00:00,201,4040.81,
2026-09-08T19:31:13.538373+00:00,201,42235.616,
2026-09-08T19:31:06.749534+00:00,201,49028.654,
2026-09-08T19:31:14.550214+00:00,201,41232.866,
2026-09-08T19:31:43.994735+00:00,201,11790.106,
2026-09-08T19:31:39.321171+00:00,201,16506.528,
2026-09-08T19:30:53.932002+00:00,201,61904.102,
2026-09-08T19:31:18.055622+00:00,201,37811.882,
2026-09-08T19:31:43.633966+00:00,201,12243.883,
2026-09-08T19:31:53.899678+00:00,201,1988.102,
2026-09-08T19:31:01.083684+00:00,201,54812.628,
2026-09-08T19:31:54.180841+00:00,201,1734.614,
2026-09-08T19:31:53.076497+00:00,201,2873.375,
2026-09-08T19:31:29.461134+00:00,201,26508.128,
2026-09-08T19:31:45.555182+00:00,201,10422.774,
2026-09-08T19:31:13.622853+00:00,201,42356.665,
2026-09-08T19:31:47.744408+00:00,201,8236.787,
2026-09-08T19:31:50.531361+00:00,201,5453.164,
2026-09-08T19:31:39.822717+00:00,201,16165.154,
2026-09-08T19:31:29.543862+00:00,201,26475.081,
2026-09-08T19:30:30.852069+00:00,201,85176.403,
2026-09-08T19:31:43.734590+00:00,201,12295.443,
2026-09-08T19:31:44.590313+00:00,201,11442.748,
2026-09-08T19:31:14.580771+00:00,201,41456.513,
2026-09-08T19:31:53.619299+00:00,201,2435.013,
2026-09-08T19:31:44.938251+00:00,201,11118.565,
2026-09-08T19:31:03.748271+00:00,201,52310.359,
2026-09-08T19:31:23.034450+00:00,201,33037.228,
2026-09-08T19:31:37.589060+00:00,201,18488.706,
2026-09-08T19:30:22.256541+00:00,201,93828.633,
2026-09-08T19:31:47.655768+00:00,201,8438.302,
2026-09-08T19:31:37.416671+00:00,201,18681.186,
2026-09-08T19:31:02.687608+00:00,201,53424.054,
2026-09-08T19:30:39.233726+00:00,201,76901.276,
2026-09-08T19:31:09.982765+00:00,201,46169.472,
2026-09-08T19:30:45.593635+00:00,201,70567.304,
2026-09-08T19:31:16.973210+00:00,201,39199.921,
2026-09-08T19:31:38.045249+00:00,201,18130.072,
2026-09-08T19:31:13.473775+00:00,201,42721.15,
2026-09-08T19:31:25.940130+00:00,201,30278.799,
2026-09-08T19:30:45.694595+00:00,201,70536.673,
2026-09-08T19:30:38.709489+00:00,201,77538.051,
2026-09-08T19:31:49.926279+00:00,201,6327.209,
2026-09-08T19:30:31.869018+00:00,201,84403.21,
2026-09-08T19:31:16.002929+00:00,201,40286.819,
2026-09-08T19:31:51.916677+00:00,201,4388.066,
2026-09-08T19:31:05.767736+00:00,201,50565.753,
2026-09-08T19:30:57.074066+00:00,201,59261.049,
2026-09-08T19:31:48.532996+00:00,201,7822.635,
2026-09-08T19:31:43.725701+00:00,201,12642.903,
2026-09-08T19:31:36.467231+00:00,201,19913.014,
2026-09-08T19:31:54.796145+00:00,201,1594.22,
2026-09-08T19:31:18.671886+00:00,201,37721.198,
2026-09-08T19:30:47.857526+00:00,201,68538.713,
2026-09-08T19:31:07.378640+00:00,201,49020.292,
2026-09-08T19:30:39.215575+00:00,201,77199.07,
2026-09-08T19:30:43.392107+00:00,201,73035.87,
2026-09-08T19:31:28.902725+00:00,201,27531.027,
2026-09-08T19:31:16.517257+00:00,201,39924.586,
2026-09-08T19:31:12.467072+00:00,201,43976.235,
2026-09-08T19:31:56.218982+00:00,201,240.302,
2026-09-08T19:31:22.901192+00:00,201,33567.733,
2026-09-08T19:30:58.823074+00:00,201,57650.763,
2026-09-08T19:31:51.863488+00:00,201,4621.209,
2026-09-08T19:30:38.557522+00:00,201,77930.858,
2026-09-08T19:31:21.364709+00:00,201,35125.474,
2026-09-08T19:31:53.073774+00:00,201,3424.033,
2026-09-08T19:31:30.803766+00:00,201,25699.508,
2026-09-08T19:31:40.941678+00:00,201,15591.512,
2026-09-08T19:31:54.418086+00:00,201,2121.486,
2026-09-08T19:31:52.256206+00:00,201,4288.495,
2026-09-08T19:31:45.884116+00:00,201,10681.694,
2026-09-08T19:31:41.737708+00:00,201,14886.117,
2026-09-08T19:31:28.327126+00:00,201,28298.337,
2026-09-08T19:31:39.260679+00:00,201,17400.524,
2026-09-08T19:31:36.544571+00:00,201,20119.775,
2026-09-08T19:31:52.763147+00:00,201,3909.523,
2026-09-08T19:31:39.881511+00:00,201,16806.554,
2026-09-08T19:31:54.177797+00:00,201,2517.709,
2026-09-08T19:31:37.633805+00:00,201,19063.058,
2026-09-08T19:31:52.800363+00:00,201,3904.782,
2026-09-08T19:31:51.485040+00:00,201,5223.42,
2026-09-08T19:31:28.661097+00:00,201,28050.963,
2026-09-08T19:31:35.992259+00:00,201,20723.693,
2026-09-08T19:30:54.610131+00:00,201,62112.288,
2026-09-08T19:30:22.579013+00:00,201,94154.197,
2026-09-08T19:31:11.696549+00:00,201,45046.984,
2026-09-08T19:31:22.887273+00:00,201,33863.122,
2026-09-08T19:31:15.155261+00:00,201,41601.476,
2026-09-08T19:31:13.126008+00:00,201,43636.953,
2026-09-08T19:31:49.608077+00:00,201,7158.006,
2026-09-08T19:31:53.880275+00:00,201,2890.105,
2026-09-08T19:30:52.013041+00:00,201,64806.407,
2026-09-08T19:31:55.252256+00:00,201,1579.492,
2026-09-08T19:31:38.037138+00:00,201,18802.009,
2026-09-08T19:31:56.623856+00:00,201,217.62,
2026-09-08T19:31:35.848823+00:00,201,20999.489,
2026-09-08T19:31:40.501242+00:00,201,16386.137,
2026-09-08T19:31:37.843324+00:00,201,19062.087,
2026-09-08T19:30:38.002198+00:00,201,78913.224,
2026-09-08T19:31:53.175420+00:00,201,3759.926,
2026-09-08T19:31:43.700511+00:00,201,13238.957,
2026-09-08T19:31:09.150881+00:00,201,47803.552,
2026-09-08T19:31:46.485160+00:00,201,10479.636,
2026-09-08T19:31:14.963357+00:00,201,42003.556,
2026-09-08T19:31:51.163953+00:00,201,5828.045,
2026-09-08T19:31:20.129605+00:00,201,36872.084,
2026-09-08T19:31:44.708955+00:00,201,12302.155,
2026-09-08T19:31:54.268898+00:00,201,2758.537,
2026-09-08T19:31:48.566076+00:00,201,8463.608,
2026-09-08T19:31:46.092682+00:00,201,10939.594,
2026-09-08T19:31:04.947442+00:00,201,52095.423,
2026-09-08T19:31:44.648267+00:00,201,12403.21,
2026-09-08T19:31:01.548992+00:00,201,55504.133,
2026-09-08T19:31:37.093663+00:00,201,19974.649,
2026-09-08T19:31:41.280279+00:00,201,15791.745,
2026-09-08T19:30:43.344301+00:00,201,73736.044,
2026-09-08T19:31:52.320582+00:00,201,4772.563,
2026-09-08T19:31:41.748869+00:00,201,15348.379,
2026-09-08T19:31:52.861819+00:00,201,4252.168,
2026-09-08T19:31:54.149582+00:00,201,2970.09,
2026-09-08T19:31:45.788990+00:00,201,11336.145,
2026-09-08T19:31:14.728086+00:00,201,42409.821,
2026-09-08T19:31:02.778291+00:00,201,54380.05,
2026-09-08T19:30:37.097141+00:00,201,80063.994,
2026-09-08T19:31:13.770472+00:00,201,43418.012,
2026-09-08T19:31:25.870612+00:00,201,31328.698,
2026-09-08T19:31:41.214727+00:00,201,15994.719,
2026-09-08T19:31:46.540857+00:00,201,10677.588,
2026-09-08T19:31:30.141990+00:00,201,27078.748,
2026-09-08T19:31:34.620310+00:00,201,22614.236,
2026-09-08T19:31:48.410610+00:00,201,8827.875,
2026-09-08T19:31:49.013254+00:00,201,8233.806,
2026-09-08T19:31:13.060107+00:00,201,44204.663,
2026-09-08T19:31:48.104108+00:00,201,9172.063,
2026-09-08T19:31:29.618351+00:00,201,27677.148,
2026-09-08T19:31:36.754479+00:00,201,20542.846,
2026-09-08T19:31:22.480572+00:00,201,34819.328,
2026-09-08T19:31:44.760844+00:00,201,12558.747,
2026-09-08T19:30:56.653551+00:00,201,60684.502,
2026-09-08T19:31:14.706466+00:00,201,42635.671,
2026-09-08T19:30:57.192464+00:00,201,60172.164,
2026-09-08T19:31:20.713566+00:00,201,36668.174,
2026-09-08T19:31:48.446631+00:00,201,8954.37,
2026-09-08T19:30:13.243865+00:00,201,104168.002,
2026-09-08T19:31:46.328702+00:00,201,11091.562,
2026-09-08T19:31:45.053391+00:00,201,12411.727,
2026-09-08T19:30:55.684252+00:00,201,61782.389,
2026-09-08T19:31:57.234588+00:00,201,243.361,
2026-09-08T19:31:22.284708+00:00,201,35219.992,
2026-09-08T19:31:09.287603+00:00,201,48228.766,
2026-09-08T19:31:39.175919+00:00,201,18344.952,
2026-09-08T19:31:22.198366+00:00,201,35329.107,
2026-09-08T19:31:46.311332+00:00,201,11218.969,
2026-09-08T19:31:43.185634+00:00,201,14353.955,
2026-09-08T19:31:54.665880+00:00,201,2881.573,
2026-09-08T19:31:46.377608+00:00,201,11188.56,
2026-09-08T19:31:01.542623+00:00,201,56043.726,
2026-09-08T19:31:14.776238+00:00,201,42825.681,
2026-09-08T19:31:37.637193+00:00,201,19985.481,
2026-09-08T19:31:54.395670+00:00,201,3236.453,
2026-09-08T19:30:53.221123+00:00,201,64414.711,
2026-09-08T19:31:20.597161+00:00,201,37054.103,
2026-09-08T19:31:54.174164+00:00,201,3488.311,
2026-09-08T19:30:38.789611+00:00,201,78877.986,
2026-09-08T19:31:14.869251+00:00,201,42815.487,
2026-09-08T19:31:15.424814+00:00,201,42270.083,
2026-09-08T19:30:53.699269+00:00,201,64014.589,
2026-09-08T19:31:43.983249+00:00,201,13736.29,
2026-09-08T19:31:37.269958+00:00,201,20456.264,
2026-09-08T19:31:57.516445+00:00,201,218.806,
2026-09-08T19:31:01.032459+00:00,201,56709.621,
2026-09-08T19:31:57.504756+00:00,201,247.555,
2026-09-08T19:31:37.880083+00:00,201,19881.119,
2026-09-08T19:30:34.802667+00:00,201,82960.442,
2026-09-08T19:31:06.715702+00:00,201,51087.497,
2026-09-08T19:31:35.259001+00:00,201,22550.153,
2026-09-08T19:31:30.733542+00:00,201,27084.074,
2026-09-08T19:31:38.477875+00:00,201,19364.822,
2026-09-08T19:31:49.339839+00:00,201,8514.604,
2026-09-08T19:31:29.277108+00:00,201,28579.078,
2026-09-08T19:31:40.198073+00:00,201,17663.879,
2026-09-08T19:31:38.061174+00:00,201,19802.458,
2026-09-08T19:31:20.849073+00:00,201,37016.955,
2026-09-08T19:31:53.851970+00:00,201,4017.459,
2026-09-08T19:31:40.755749+00:00,201,17161.071,
2026-09-08T19:31:37.272872+00:00,201,20661.596,
2026-09-08T19:31:20.843024+00:00,201,37094.729,
2026-09-08T19:31:44.716858+00:00,201,13222.674,
2026-09-08T19:31:43.941945+00:00,201,14014.246,
2026-09-08T19:31:06.068918+00:00,201,51892.273,
2026-09-08T19:31:02.025213+00:00,201,55941.342,
2026-09-08T19:31:20.787257+00:00,201,37182.703,
2026-09-08T19:31:02.056165+00:00,201,55915.528,
2026-09-08T19:30:23.956104+00:00,201,94039.019,
2026-09-08T19:31:38.503051+00:00,201,19496.104,
2026-09-08T19:31:45.035672+00:00,201,12975.95,
2026-09-08T19:31:07.340146+00:00,201,50675.199,
2026-09-08T19:31:56.992014+00:00,201,1062.101,
2026-09-08T19:31:49.378151+00:00,201,8677.932,
2026-09-08T19:31:37.610630+00:00,201,20454.065,
2026-09-08T19:31:57.854464+00:00,201,230.47,
2026-09-08T19:31:33.172394+00:00,201,24915.624,
2026-09-08T19:31:50.652240+00:00,201,7450.491,
2026-09-08T19:31:05.061143+00:00,201,53045.355,
2026-09-08T19:31:14.507601+00:00,201,43603.862,
2026-09-08T19:31:37.252272+00:00,201,20878.425,
2026-09-08T19:31:44.943675+00:00,201,13190.692,
2026-09-08T19:30:54.695708+00:00,201,63439.864,
2026-09-08T19:31:09.098496+00:00,201,49052.979,
2026-09-08T19:31:53.615730+00:00,201,4550.09,
2026-09-08T19:31:52.383924+00:00,201,5818.538,
2026-09-08T19:31:46.413348+00:00,201,11792.224,
2026-09-08T19:31:09.493528+00:00,201,48713.223,
2026-09-08T19:31:22.012163+00:00,201,36199.232,
2026-09-08T19:30:27.457811+00:00,201,90769.758,
2026-09-08T19:31:57.719565+00:00,201,509.897,
2026-09-08T19:31:40.995759+00:00,201,17236.043,
2026-09-08T19:31:52.034585+00:00,201,6199.671,
2026-09-08T19:31:42.474001+00:00,201,15767.42,
2026-09-08T19:31:28.879710+00:00,201,29368.907,
2026-09-08T19:30:36.380730+00:00,201,81869.035,
2026-09-08T19:31:45.393724+00:00,201,12865.502,
2026-09-08T19:31:28.135461+00:00,201,30135.69,
2026-09-08T19:31:56.696896+00:00,201,1602.057,
2026-09-08T19:31:39.152955+00:00,201,19147.573,
2026-09-08T19:31:58.134391+00:00,201,177.611,
2026-09-08T19:31:06.169260+00:00,201,52154.348,
2026-09-08T19:31:00.953296+00:00,201,57374.398,
2026-09-08T19:31:38.295405+00:00,201,20051.679,
2026-09-08T19:31:44.996735+00:00,201,13354.739,
2026-09-08T19:31:37.913452+00:00,201,20439.164,
2026-09-08T19:31:38.148139+00:00,201,20205.649,
2026-09-08T19:31:52.157032+00:00,201,6198.002,
2026-09-08T19:31:52.145272+00:00,201,6234.88,
2026-09-08T19:31:02.289835+00:00,201,56104.861,
2026-09-08T19:31:42.360514+00:00,201,16036.424,
2026-09-08T19:31:45.371993+00:00,201,13035.095,
2026-09-08T19:30:26.555791+00:00,201,91877.986,
2026-09-08T19:30:54.726427+00:00,201,63709.574,
2026-09-08T19:31:38.079346+00:00,201,20361.698,
2026-09-08T19:31:45.889870+00:00,201,12554.654,
2026-09-08T19:31:39.017802+00:00,201,19432.152,
2026-09-08T19:30:36.344884+00:00,201,82106.941,
2026-09-08T19:31:49.991203+00:00,201,8470.81,
2026-09-08T19:31:17.811653+00:00,201,40660.025,
2026-09-08T19:31:22.649211+00:00,201,35823.767,
2026-09-08T19:30:55.906798+00:00,201,62567.943,
2026-09-08T19:31:41.833013+00:00,201,16651.388,
2026-09-08T19:31:48.753726+00:00,201,9733.887,
2026-09-08T19:31:29.601650+00:00,201,28912.63,
2026-09-08T19:31:57.364722+00:00,201,1152.412,
2026-09-08T19:31:54.740462+00:00,201,3785.462,
2026-09-08T19:31:52.385720+00:00,201,6146.077,
2026-09-08T19:31:11.543236+00:00,201,46992.683,
2026-09-08T19:31:07.776230+00:00,201,50765.108,
2026-09-08T19:31:52.938461+00:00,201,5635.055,
2026-09-08T19:31:29.612443+00:00,201,28967.33,
2026-09-08T19:31:58.130733+00:00,201,480.118,
2026-09-08T19:31:44.995555+00:00,201,13616.61,
2026-09-08T19:31:49.653614+00:00,201,8960.977,
2026-09-08T19:31:23.484342+00:00,201,35134.581,
2026-09-08T19:31:46.107244+00:00,201,12528.341,
2026-09-08T19:31:19.556059+00:00,201,39088.537,
2026-09-08T19:30:54.161821+00:00,201,64484.05,
2026-09-08T19:31:38.816830+00:00,201,19831.577,
2026-09-08T19:31:56.708475+00:00,201,1947.391,
2026-09-08T19:31:40.854776+00:00,201,17805.868,
2026-09-08T19:31:48.856871+00:00,201,9810.737,
2026-09-08T19:31:57.297359+00:00,201,1372.813,
2026-09-08T19:31:56.077799+00:00,201,2600.873,
2026-09-08T19:31:46.293636+00:00,201,12390.987,
2026-09-08T19:31:26.040202+00:00,201,32651.813,
2026-09-08T19:31:44.575000+00:00,201,14123.726,
2026-09-08T19:31:24.412380+00:00,201,34287.501,
2026-09-08T19:30:52.208602+00:00,201,66495.391,
2026-09-08T19:31:56.231377+00:00,201,2480.648,
2026-09-08T19:31:50.729697+00:00,201,7991.777,
2026-09-08T19:31:13.463688+00:00,201,45265.284,
2026-09-08T19:31:53.272502+00:00,201,5458.259,
2026-09-08T19:31:58.573536+00:00,201,168.962,
2026-09-08T19:31:46.155817+00:00,201,12605.098,
2026-09-08T19:31:58.610859+00:00,201,154.438,
2026-09-08T19:31:53.087997+00:00,201,5682.711,
2026-09-08T19:31:07.052951+00:00,201,51719.999,
2026-09-08T19:31:13.387252+00:00,201,45407.435,
2026-09-08T19:31:42.626601+00:00,201,16176.221,
2026-09-08T19:31:18.674069+00:00,201,40131.636,
2026-09-08T19:31:14.535018+00:00,201,44271.835,
2026-09-08T19:31:54.076699+00:00,201,4739.215,
2026-09-08T19:31:41.666065+00:00,201,17152.708,
2026-09-08T19:31:44.847108+00:00,201,13996.587,
2026-09-08T19:31:39.489938+00:00,201,19355.849,
2026-09-08T19:31:58.351497+00:00,201,512.735,
2026-09-08T19:31:07.568008+00:00,201,51302.279,
2026-09-08T19:31:16.417137+00:00,201,42456.725,
2026-09-08T19:31:58.730776+00:00,201,145.125,
2026-09-08T19:30:58.068809+00:00,201,60810.021,
2026-09-08T19:30:54.978025+00:00,201,63909.236,
2026-09-08T19:31:50.858023+00:00,201,8031.039,
2026-09-08T19:30:39.591898+00:00,201,79305.306,
2026-09-08T19:31:55.415278+00:00,201,3493.751,
2026-09-08T19:31:43.820122+00:00,201,15095.385,
2026-09-08T19:31:23.666755+00:00,201,35280.981,
2026-09-08T19:31:28.642157+00:00,201,30314.138,
2026-09-08T19:31:58.794758+00:00,201,165.526,
2026-09-08T19:31:55.590126+00:00,201,3371.389,
2026-09-08T19:31:50.512890+00:00,201,8453.267,
2026-09-08T19:31:41.799654+00:00,201,17168.98,
2026-09-08T19:31:13.644260+00:00,201,45351.836,
2026-09-08T19:31:34.464081+00:00,201,24535.055,
2026-09-08T19:30:43.631447+00:00,201,75369.142,
2026-09-08T19:31:18.119413+00:00,201,40890.927,
2026-09-08T19:31:42.511887+00:00,201,16502.773,
2026-09-08T19:31:46.548405+00:00,201,12481.304,
2026-09-08T19:31:08.229419+00:00,201,50802.964,
2026-09-08T19:31:42.862027+00:00,201,16182.327,
2026-09-08T19:31:52.959122+00:00,201,6103.052,
2026-09-08T19:31:46.674347+00:00,201,12393.097,
2026-09-08T19:30:45.024153+00:00,201,74046.259,
2026-09-08T19:31:16.092984+00:00,201,42981.814,
2026-09-08T19:31:13.687482+00:00,201,45400.601,
2026-09-08T19:31:15.349292+00:00,201,43741.078,
2026-09-08T19:31:04.141341+00:00,201,54950.424,
2026-09-08T19:31:51.570132+00:00,201,7526.894,
2026-09-08T19:31:48.046301+00:00,201,11053.626,
2026-09-08T19:31:46.297129+00:00,201,12820.529,
2026-09-08T19:31:46.467937+00:00,201,12656.74,
2026-09-08T19:31:40.417450+00:00,201,18713.095,
2026-09-08T19:31:31.362098+00:00,201,27769.546,
2026-09-08T19:31:58.054124+00:00,201,1092.576,
2026-09-08T19:31:57.029701+00:00,201,2118.14,
2026-09-08T19:31:47.664868+00:00,201,11489.672,
2026-09-08T19:30:18.049632+00:00,201,101110.483,
2026-09-08T19:31:23.490381+00:00,201,35674.784,
2026-09-08T19:31:26.962601+00:00,201,32208.235,
2026-09-08T19:30:30.369706+00:00,201,88807.025,
2026-09-08T19:31:59.032461+00:00,201,162.772,
2026-09-08T19:30:48.946970+00:00,201,70252.573,
2026-09-08T19:31:07.225840+00:00,201,51978.022,
2026-09-08T19:31:58.353823+00:00,201,868.27,
2026-09-08T19:31:56.459292+00:00,201,2766.802,
2026-09-08T19:31:50.321132+00:00,201,8911.561,
2026-09-08T19:31:43.121190+00:00,201,16114.661,
2026-09-08T19:31:52.041408+00:00,201,7211.695,
2026-09-08T19:31:14.583063+00:00,201,44672.064,
2026-09-08T19:31:54.286982+00:00,201,4969.561,
2026-09-08T19:31:39.916822+00:00,201,19343.815,
2026-09-08T19:31:56.368629+00:00,201,2897.736,
2026-09-08T19:31:55.106829+00:00,201,4174.881,
2026-09-08T19:31:49.274123+00:00,201,10011.122,
2026-09-08T19:31:07.409619+00:00,201,51877.64,
2026-09-08T19:31:18.279720+00:00,201,41010.612,
2026-09-08T19:31:01.221043+00:00,201,58075.49,
2026-09-08T19:31:06.326351+00:00,201,52974.985,
2026-09-08T19:31:04.434749+00:00,201,54871.532,
2026-09-08T19:31:41.859227+00:00,201,17450.762,
2026-09-08T19:31:39.107180+00:00,201,20203.873,
2026-09-08T19:31:54.066840+00:00,201,5261.864,
2026-09-08T19:31:12.422479+00:00,201,46911.416,
2026-09-08T19:30:57.230788+00:00,201,62118.885,
2026-09-08T19:30:49.025868+00:00,201,70325.316,
2026-09-08T19:31:47.574982+00:00,201,11783.092,
2026-09-08T19:31:57.999189+00:00,201,1367.984,
2026-09-08T19:31:30.268659+00:00,201,29103.124,
2026-09-08T19:31:05.187727+00:00,201,54188.865,
2026-09-08T19:31:01.205136+00:00,201,58188.308,
2026-09-08T19:31:07.773354+00:00,201,51635.321,
2026-09-08T19:31:03.142196+00:00,201,56268.964,
2026-09-08T19:31:38.319803+00:00,201,21096.297,
2026-09-08T19:31:46.827689+00:00,201,12600.209,
2026-09-08T19:31:22.447665+00:00,201,36981.255,
2026-09-08T19:31:56.915542+00:00,201,2519.918,
2026-09-08T19:31:45.962520+00:00,201,13485.834,
2026-09-08T19:31:55.915462+00:00,201,3544.361,
2026-09-08T19:31:03.518096+00:00,201,55946.178,
2026-09-08T19:31:22.876748+00:00,201,36601.427,
2026-09-08T19:31:25.440955+00:00,201,34039.715,
2026-09-08T19:31:54.441088+00:00,201,5045.352,
2026-09-08T19:31:35.262159+00:00,201,24231.873,
2026-09-08T19:31:53.079105+00:00,201,6424.027,
2026-09-08T19:31:28.085336+00:00,201,31421.904,
2026-09-08T19:31:28.315626+00:00,201,31193.82,
2026-09-08T19:30:41.609464+00:00,201,77915.035,
2026-09-08T19:31:52.381225+00:00,201,7145.749,
2026-09-08T19:31:36.205428+00:00,201,23325.578,
2026-09-08T19:31:22.301238+00:00,201,37247.217,
2026-09-08T19:31:23.989964+00:00,201,35562.903,
2026-09-08T19:31:08.094453+00:00,201,51474.816,
2026-09-08T19:31:15.662019+00:00,201,43925.8,
2026-09-08T19:31:54.427769+00:00,201,5161.792,
2026-09-08T19:31:50.454492+00:00,201,9156.265,
2026-09-08T19:31:54.989442+00:00,201,4625.711,
2026-09-08T19:31:47.341283+00:00,201,12279.158,
2026-09-08T19:31:19.473221+00:00,201,40152.592,
2026-09-08T19:31:54.977012+00:00,201,4650.82,
2026-09-08T19:31:20.867205+00:00,201,38763.639,
2026-09-08T19:31:40.554527+00:00,201,19084.518,
2026-09-08T19:31:37.775908+00:00,201,21906.537,
2026-09-08T19:31:43.324355+00:00,201,16378.863,
2026-09-08T19:31:42.775344+00:00,201,16930.545,
2026-09-08T19:31:46.355154+00:00,201,13355.12,
2026-09-08T19:31:53.924749+00:00,201,5787.125,
2026-09-08T19:31:18.758081+00:00,201,40960.036,
2026-09-08T19:31:44.598052+00:00,201,15125.166,
2026-09-08T19:31:09.681199+00:00,201,50052.62,
2026-09-08T19:30:42.588294+00:00,201,77148.037,
2026-09-08T19:31:04.963499+00:00,201,54777.787,
2026-09-08T19:30:31.879323+00:00,201,87866.428,
2026-09-08T19:31:54.306868+00:00,201,5441.374,
2026-09-08T19:31:19.478147+00:00,201,40276.627,
2026-09-08T19:31:07.022390+00:00,201,52764.282,
2026-09-08T19:31:44.746551+00:00,201,15041.868,
2026-09-08T19:31:06.202878+00:00,201,53613.049,
2026-09-08T19:31:59.548517+00:00,201,270.062,
2026-09-08T19:31:14.824047+00:00,201,45000.1,
2026-09-08T19:31:20.599439+00:00,201,39255.686,
2026-09-08T19:31:02.718531+00:00,201,57142.169,
2026-09-08T19:31:12.461087+00:00,201,47405.205,
2026-09-08T19:31:07.860105+00:00,201,52015.179,
2026-09-08T19:31:15.381463+00:00,201,44501.466,
2026-09-08T19:31:44.815048+00:00,201,15070.552,
2026-09-08T19:31:00.802614+00:00,201,59083.979,
2026-09-08T19:31:04.112918+00:00,201,55776.317,
2026-09-08T19:31:19.045274+00:00,201,40850.987,
2026-09-08T19:31:28.728221+00:00,201,31180.81,
2026-09-08T19:31:08.264400+00:00,201,51660.492,
2026-09-08T19:31:05.951389+00:00,201,53975.384,
2026-09-08T19:31:09.883134+00:00,201,50046.172,
2026-09-08T19:31:57.530323+00:00,201,2401.974,
2026-09-08T19:31:53.915704+00:00,201,6018.795,
2026-09-08T19:31:22.347926+00:00,201,37613.097,
2026-09-08T19:31:37.960910+00:00,201,22002.542,
2026-09-08T19:31:05.545410+00:00,201,54428.991,
2026-09-08T19:31:25.594038+00:00,201,34381.571,
2026-09-08T19:31:04.048187+00:00,201,55942.02,
2026-09-08T19:31:58.660675+00:00,201,1332.168,
2026-09-08T19:31:00.628062+00:00,201,59379.523,
2026-09-08T19:31:57.080455+00:00,201,2937.256,
2026-09-08T19:31:51.180035+00:00,201,8841.107,
2026-09-08T19:31:36.307973+00:00,201,23719.981,
2026-09-08T19:31:50.873240+00:00,201,9156.074,
2026-09-08T19:31:42.635323+00:00,201,17396.181,
2026-09-08T19:31:45.994495+00:00,201,14039.34,
2026-09-08T19:31:46.910495+00:00,201,13137.053,
2026-09-08T19:31:43.853755+00:00,201,16237.573,
2026-09-08T19:31:50.449080+00:00,201,9643.49,
2026-09-08T19:31:15.162520+00:00,201,44939.444,
2026-09-08T19:31:51.856995+00:00,201,8252.925,
2026-09-08T19:31:39.694532+00:00,201,20423.48,
2026-09-08T19:31:52.494620+00:00,201,7624.893,
2026-09-08T19:31:02.549844+00:00,201,57571.12,
2026-09-08T19:31:56.484712+00:00,201,3639.359,
2026-09-08T19:31:40.616054+00:00,201,19509.643,
2026-09-08T19:31:13.787407+00:00,201,46342.102,
2026-09-08T19:31:57.547462+00:00,201,2587.461,
2026-09-08T19:31:47.020834+00:00,201,13128.095,
2026-09-08T19:31:37.391246+00:00,201,22769.448,
2026-09-08T19:31:35.819208+00:00,201,24346.122,
2026-09-08T19:31:38.152172+00:00,201,22014.356,
2026-09-08T19:31:08.225390+00:00,201,51947.756,
2026-09-08T19:31:12.603597+00:00,201,47614.483,
2026-09-08T19:31:49.358217+00:00,201,10875.047,
2026-09-08T19:31:56.625509+00:00,201,3609.449,
2026-09-08T19:31:36.780302+00:00,201,23458.706,
2026-09-08T19:31:20.229410+00:00,201,40022.574,
2026-09-08T19:31:39.541427+00:00,201,20713.072,
2026-09-08T19:31:34.904979+00:00,201,25353.331,
2026-09-08T19:31:46.197600+00:00,201,14065.108,
2026-09-08T19:31:06.318807+00:00,201,53945.336,
2026-09-08T19:30:42.811401+00:00,201,77473.229,
2026-09-08T19:31:50.599587+00:00,201,9694.686,
2026-09-08T19:31:28.503543+00:00,201,31809.82,
2026-09-08T19:31:55.460332+00:00,201,4859.97,
2026-09-08T19:30:49.177595+00:00,201,71153.999,
2026-09-08T19:31:38.428679+00:00,201,21907.985,
2026-09-08T19:31:36.284283+00:00,201,24053.961,
2026-09-08T19:30:35.811413+00:00,201,84528.272,
2026-09-08T19:31:40.315154+00:00,201,20050.698,
2026-09-08T19:31:45.269204+00:00,201,15103.545,
2026-09-08T19:31:04.904106+00:00,201,55479.237,
2026-09-08T19:30:53.038947+00:00,201,67352.454,
2026-09-08T19:31:59.428977+00:00,201,965.432,
2026-09-08T19:31:46.216826+00:00,201,14202.832,
2026-09-08T19:31:42.087676+00:00,201,18337.198,
2026-09-08T19:31:43.793272+00:00,201,16633.208,
2026-09-08T19:31:23.749279+00:00,201,36678.912,
2026-09-08T19:30:42.794187+00:00,201,77639.161,
2026-09-08T19:31:05.456264+00:00,201,54986.998,
2026-09-08T19:31:58.380171+00:00,201,2064.839,
2026-09-08T19:31:22.476004+00:00,201,37970.176,
2026-09-08T19:30:36.540058+00:00,201,83909.422,
2026-09-08T19:31:10.459884+00:00,201,49998.778,
2026-09-08T19:31:54.109392+00:00,201,6366.245,
2026-09-08T19:31:39.151222+00:00,201,21328.066,
2026-09-08T19:31:04.564217+00:00,201,55920.753,
2026-09-08T19:31:57.465144+00:00,201,3022.608,
2026-09-08T19:31:57.632135+00:00,201,2868.975,
2026-09-08T19:31:52.687134+00:00,201,7815.036,
2026-09-08T19:31:48.933299+00:00,201,11574.514,
2026-09-08T19:31:56.712105+00:00,201,3799.461,
2026-09-08T19:31:16.086611+00:00,201,44445.201,
2026-09-08T19:31:43.664261+00:00,201,16868.616,
2026-09-08T19:31:58.966173+00:00,201,1572.389,
2026-09-08T19:31:45.319380+00:00,201,15233.542,
2026-09-08T19:31:54.705065+00:00,201,5854.389,
2026-09-08T19:31:56.468979+00:00,201,4093.689,
2026-09-08T19:30:49.694698+00:00,201,70868.934,
2026-09-08T19:31:49.070486+00:00,201,11499.058,
2026-09-08T19:31:58.947794+00:00,201,1628.193,
2026-09-08T19:31:52.159843+00:00,201,8421.411,
2026-09-08T19:31:19.490147+00:00,201,41093.016,
2026-09-08T19:31:55.592958+00:00,201,4997.886,
2026-09-08T19:31:21.921094+00:00,201,38673.118,
2026-09-08T19:31:11.578100+00:00,201,49031.402,
2026-09-08T19:31:59.788450+00:00,201,830.993,
2026-09-08T19:30:36.164507+00:00,201,84457.713,
2026-09-08T19:31:53.067227+00:00,201,7562.556,
2026-09-08T19:31:32.089870+00:00,201,28553.142,
2026-09-08T19:31:41.783359+00:00,201,18865.843,
2026-09-08T19:30:57.229725+00:00,201,63424.558,
2026-09-08T19:31:54.140142+00:00,201,6517.869,
2026-09-08T19:30:49.562558+00:00,201,71099.824,
2026-09-08T19:31:59.199650+00:00,201,1464.916,
2026-09-08T19:31:46.174906+00:00,201,14506.29,
2026-09-08T19:31:56.441905+00:00,201,4261.568,
2026-09-08T19:31:51.634293+00:00,201,9081.661,
2026-09-08T19:30:47.982714+00:00,201,72736.609,
2026-09-08T19:31:46.060331+00:00,201,14661.184,
2026-09-08T19:31:48.457140+00:00,201,12283.877,
2026-09-08T19:31:40.944534+00:00,201,19806.085,
2026-09-08T19:31:44.332269+00:00,201,16420.722,
2026-09-08T19:31:57.299956+00:00,201,3469.451,
2026-09-08T19:31:13.040557+00:00,201,47733.515,
2026-09-08T19:31:40.791140+00:00,201,19990.745,
2026-09-08T19:31:58.909043+00:00,201,1877.199,
2026-09-08T19:31:52.177801+00:00,201,8609.983,
2026-09-08T19:31:22.981049+00:00,201,37809.123,
2026-09-08T19:31:36.047171+00:00,201,24759.152,
2026-09-08T19:31:21.547509+00:00,201,39282.843,
2026-09-08T19:31:39.882880+00:00,201,20961.825,
2026-09-08T19:31:36.650657+00:00,201,24196.084,
2026-09-08T19:32:00.703489+00:00,201,153.873,
2026-09-08T19:31:05.514903+00:00,201,55366.51,
2026-09-08T19:31:00.698738+00:00,201,60183.616,
2026-09-08T19:31:56.966979+00:00,201,3918.756,
2026-09-08T19:31:20.501997+00:00,201,40388.164,
2026-09-08T19:31:06.144160+00:00,201,54747.132,
2026-09-08T19:31:07.771770+00:00,201,53124.024,
2026-09-08T19:31:39.406042+00:00,201,21508.126,
2026-09-08T19:31:12.476710+00:00,201,48438.414,
2026-09-08T19:31:59.526990+00:00,201,1391.589,
2026-09-08T19:31:39.119484+00:00,201,21801.335,
2026-09-08T19:32:00.769418+00:00,201,153.357,
2026-09-08T19:31:14.796506+00:00,201,46139.13,
2026-09-08T19:31:16.686975+00:00,201,44252.923,
2026-09-08T19:31:21.107259+00:00,201,39834.934,
2026-09-08T19:31:57.295543+00:00,201,3664.156,
2026-09-08T19:31:46.425935+00:00,201,14535.126,
2026-09-08T19:31:40.502636+00:00,201,20478.9,
2026-09-08T19:31:52.662583+00:00,201,8334.666,
2026-09-08T19:30:55.357393+00:00,201,65641.483,
2026-09-08T19:31:38.737998+00:00,201,22265.54,
2026-09-08T19:31:03.613134+00:00,201,57393.623,
2026-09-08T19:30:52.932913+00:00,201,68075.435,
2026-09-08T19:31:49.456630+00:00,201,11556.114,
2026-09-08T19:31:29.354120+00:00,201,31662.528,
2026-09-08T19:31:29.436417+00:00,201,31585.823,
2026-09-08T19:31:49.234178+00:00,201,11791.234,
2026-09-08T19:31:30.550167+00:00,201,30481.323,
2026-09-08T19:30:58.966052+00:00,201,62071.927,
2026-09-08T19:31:54.369394+00:00,201,6673.623,
2026-09-08T19:31:56.071730+00:00,201,4981.195,
2026-09-08T19:31:54.194613+00:00,201,6869.099,
2026-09-08T19:31:35.558010+00:00,201,25508.913,
2026-09-08T19:31:43.456153+00:00,201,17622.093,
2026-09-08T19:31:58.648444+00:00,201,2431.099,
2026-09-08T19:31:37.084254+00:00,201,23996.644,
2026-09-08T19:32:00.252049+00:00,201,831.988,
2026-09-08T19:31:11.156430+00:00,201,49938.874,
2026-09-08T19:31:20.798531+00:00,201,40300.91,
2026-09-08T19:31:34.150161+00:00,201,26965.417,
2026-09-08T19:31:09.471556+00:00,201,51645.152,
2026-09-08T19:31:14.897912+00:00,201,46220.378,
2026-09-08T19:31:52.262475+00:00,201,8857.993,
2026-09-08T19:31:29.414048+00:00,201,31714.843,
2026-09-08T19:31:16.384986+00:00,201,44753.401,
2026-09-08T19:31:42.485134+00:00,201,18661.574,
2026-09-08T19:31:51.333263+00:00,201,9829.351,
2026-09-08T19:30:32.815017+00:00,201,88364.201,
2026-09-08T19:31:34.449564+00:00,201,26731.006,
2026-09-08T19:31:55.760345+00:00,201,5425.551,
2026-09-08T19:31:46.685587+00:00,201,14506.485,
2026-09-08T19:31:55.783145+00:00,201,5410.446,
2026-09-08T19:30:14.332648+00:00,201,106874.89,
2026-09-08T19:31:33.321344+00:00,201,27887.704,
2026-09-08T19:31:36.191675+00:00,201,25033.63,
2026-09-08T19:31:09.817676+00:00,201,51410.655,
2026-09-08T19:30:49.398426+00:00,201,71845.69,
2026-09-08T19:31:17.067249+00:00,201,44194.314,
2026-09-08T19:31:59.464360+00:00,201,1810.471,
2026-09-08T19:31:18.032487+00:00,201,43246.408,
2026-09-08T19:31:53.550835+00:00,201,7741.204,
2026-09-08T19:31:08.025751+00:00,201,53268.017,
2026-09-08T19:31:51.498175+00:00,201,9797.101,
2026-09-08T19:31:35.852342+00:00,201,25455.49,
2026-09-08T19:31:40.782292+00:00,201,20528.709,
2026-09-08T19:31:38.413028+00:00,201,22906.821,
2026-09-08T19:31:37.659748+00:00,201,23663.159,
2026-09-08T19:32:00.233288+00:00,201,1097.088,
2026-09-08T19:31:42.852906+00:00,201,18480.786,
2026-09-08T19:31:39.542767+00:00,201,21802.772,
2026-09-08T19:30:33.208971+00:00,201,88141.2,
2026-09-08T19:32:00.134931+00:00,201,1230.938,
2026-09-08T19:31:22.337216+00:00,201,39041.739,
2026-09-08T19:31:52.544486+00:00,201,8838.257,
2026-09-08T19:31:53.086614+00:00,201,8297.234,
2026-09-08T19:31:07.394523+00:00,201,54004.101,
2026-09-08T19:32:01.228414+00:00,201,171.864,
2026-09-08T19:31:43.384654+00:00,201,18023.982,
2026-09-08T19:31:06.302657+00:00,201,55112.388,
2026-09-08T19:31:52.000050+00:00,201,9419.653,
2026-09-08T19:31:42.341700+00:00,201,19079.102,
2026-09-08T19:31:37.364113+00:00,201,24064.182,
2026-09-08T19:31:58.770730+00:00,201,2668.602,
2026-09-08T19:32:01.063732+00:00,201,388.191,
2026-09-08T19:31:44.824794+00:00,201,16633.781,
2026-09-08T19:30:46.145348+00:00,201,75331.456,
2026-09-08T19:31:54.619086+00:00,201,6869.181,
2026-09-08T19:31:58.011646+00:00,201,3483.732,
2026-09-08T19:31:28.812643+00:00,201,32684.496,
2026-09-08T19:31:20.115153+00:00,201,41383.016,
2026-09-08T19:31:43.905517+00:00,201,17599.284,
2026-09-08T19:31:45.665011+00:00,201,15847.013,
2026-09-08T19:31:46.175746+00:00,201,15337.36,
2026-09-08T19:31:53.069343+00:00,201,8452.218,
2026-09-08T19:32:01.382766+00:00,201,152.172,
2026-09-08T19:31:51.009578+00:00,201,10530.73,
2026-09-08T19:30:59.440600+00:00,201,62105.525,
2026-09-08T19:30:57.673713+00:00,201,63877.144,
2026-09-08T19:31:06.610372+00:00,201,54941.629,
2026-09-08T19:31:14.074846+00:00,201,47479.648,
2026-09-08T19:31:39.387450+00:00,201,22183.259,
2026-09-08T19:31:49.074388+00:00,201,12515.859,
2026-09-08T19:31:26.289867+00:00,201,35303.777,
2026-09-08T19:31:13.978245+00:00,201,47617.891,
2026-09-08T19:32:01.451931+00:00,201,153.639,
2026-09-08T19:31:29.862251+00:00,201,31751.977,
2026-09-08T19:31:44.951736+00:00,201,16675.789,
2026-09-08T19:31:34.569288+00:00,201,27060.344,
2026-09-08T19:31:46.007995+00:00,201,15629.004,
2026-09-08T19:31:41.805139+00:00,201,19848.764,
2026-09-08T19:31:48.272990+00:00,201,13396.802,
2026-09-08T19:31:46.558318+00:00,201,15117.395,
2026-09-08T19:31:42.549850+00:00,201,19129.583,
2026-09-08T19:31:09.155339+00:00,201,52534.968,
2026-09-08T19:32:00.846785+00:00,201,873.323,
2026-09-08T19:31:38.347617+00:00,201,23374.087,
2026-09-08T19:30:59.485905+00:00,201,62239.152,
2026-09-08T19:31:22.915347+00:00,201,38810.843,
2026-09-08T19:31:39.449459+00:00,201,22281.645,
2026-09-08T19:31:53.544493+00:00,201,8195.833,
2026-09-08T19:32:01.593700+00:00,201,154.718,
2026-09-08T19:31:34.251399+00:00,201,27498.985,
2026-09-08T19:31:33.266435+00:00,201,28492.709,
2026-09-08T19:31:50.656079+00:00,201,11104.866,
2026-09-08T19:31:51.746038+00:00,201,10027.07,
2026-09-08T19:31:52.168783+00:00,201,9612.383,
2026-09-08T19:32:00.774146+00:00,201,1014.89,
2026-09-08T19:31:32.064481+00:00,201,29746.782,
2026-09-08T19:31:41.259785+00:00,201,20554.528,
2026-09-08T19:30:59.491844+00:00,201,62329.637,
2026-09-08T19:31:23.386342+00:00,201,38442.947,
2026-09-08T19:31:38.751223+00:00,201,23083.07,
2026-09-08T19:30:35.958960+00:00,201,85877.899,
2026-09-08T19:31:57.218469+00:00,201,4637.372,
2026-09-08T19:31:22.459038+00:00,201,39398.159,
2026-09-08T19:31:15.316604+00:00,201,46549.454,
2026-09-08T19:31:38.287848+00:00,201,23584.523,
2026-09-08T19:32:00.891376+00:00,201,982.062,
2026-09-08T19:31:22.370237+00:00,201,39504.236,
2026-09-08T19:31:29.592968+00:00,201,32303.714,
2026-09-08T19:31:53.320963+00:00,201,8583.367,
2026-09-08T19:31:08.091446+00:00,201,53814.857,
2026-09-08T19:31:37.178065+00:00,201,24741.685,
2026-09-08T19:31:53.028137+00:00,201,8923.478,
2026-09-08T19:31:38.534646+00:00,201,23422.984,
2026-09-08T19:32:01.811315+00:00,201,148.008,
2026-09-08T19:31:58.271202+00:00,201,3693.057,
2026-09-08T19:31:53.670661+00:00,201,8297.03,
2026-09-08T19:31:42.483026+00:00,201,19493.123,
2026-09-08T19:31:54.726696+00:00,201,7263.161,
2026-09-08T19:31:36.908474+00:00,201,25089.55,
2026-09-08T19:31:46.551046+00:00,201,15449.066,
2026-09-08T19:31:38.911004+00:00,201,23091.436,
2026-09-08T19:32:01.590272+00:00,201,414.577,
2026-09-08T19:30:15.303775+00:00,201,106707.766,
2026-09-08T19:30:53.179502+00:00,201,68839.458,
2026-09-08T19:31:53.697939+00:00,201,8339.584,
2026-09-08T19:31:43.449053+00:00,201,18589.453,
2026-09-08T19:31:40.654788+00:00,201,21385.153,
2026-09-08T19:31:42.279952+00:00,201,19779.625,
2026-09-08T19:31:57.694964+00:00,201,4368.106,
2026-09-08T19:31:54.053360+00:00,201,8017.503,
2026-09-08T19:31:18.124072+00:00,201,43956.144,
2026-09-08T19:31:21.461548+00:00,201,40620.014,
2026-09-08T19:31:38.633855+00:00,201,23449.983,
2026-09-08T19:31:59.975662+00:00,201,2114.31,
2026-09-08T19:31:20.113037+00:00,201,41987.699,
2026-09-08T19:32:00.391506+00:00,201,1726.034,
2026-09-08T19:31:45.094539+00:00,201,17040.8,
2026-09-08T19:31:54.105372+00:00,201,8042.569,
2026-09-08T19:31:37.646561+00:00,201,24509.261,
2026-09-08T19:31:22.546585+00:00,201,39616.479,
2026-09-08T19:31:47.388176+00:00,201,14778.933,
2026-09-08T19:30:47.720770+00:00,201,74451.76,
2026-09-08T19:31:53.104003+00:00,201,9071.067,
2026-09-08T19:31:39.238471+00:00,201,22937.909,
2026-09-08T19:31:20.436725+00:00,201,41748.143,
2026-09-08T19:31:51.228080+00:00,201,10962.111,
2026-09-08T19:30:52.094815+00:00,201,70096.428,
2026-09-08T19:31:20.565210+00:00,201,41632.432,
2026-09-08T19:31:29.294745+00:00,201,32913.383,
2026-09-08T19:32:00.781921+00:00,201,1432.639,
2026-09-08T19:31:30.077127+00:00,201,32138.983,
2026-09-08T19:31:56.715989+00:00,201,5504.176,
2026-09-08T19:31:53.106494+00:00,201,9115.716,
2026-09-08T19:31:25.860735+00:00,201,36364.976,
2026-09-08T19:31:48.163048+00:00,201,14065.86,
2026-09-08T19:31:01.591276+00:00,201,60643.124,
2026-09-08T19:31:45.697597+00:00,201,16540.575,
2026-09-08T19:31:52.512499+00:00,201,9730.58,
2026-09-08T19:30:52.465754+00:00,201,69786.352,
2026-09-08T19:31:53.075151+00:00,201,9179.921,
2026-09-08T19:31:07.757792+00:00,201,54499.088,
2026-09-08T19:31:20.038931+00:00,201,42220.089,
2026-09-08T19:32:02.117552+00:00,201,154.303,
2026-09-08T19:31:30.720161+00:00,201,31556.78,
2026-09-08T19:31:12.244709+00:00,201,50056.955,
2026-09-08T19:31:45.487641+00:00,201,16815.533,
2026-09-08T19:31:37.232401+00:00,201,25076.311,
2026-09-08T19:30:59.869077+00:00,201,62449.051,
2026-09-08T19:31:56.750451+00:00,201,5581.115,
2026-09-08T19:31:44.488288+00:00,201,17881.386,
2026-09-08T19:31:55.375967+00:00,201,7003.456,
2026-09-08T19:31:53.598949+00:00,201,8784.612,
2026-09-08T19:30:21.933019+00:00,201,100452.919,
2026-09-08T19:31:55.142606+00:00,201,7249.915,
2026-09-08T19:31:07.531996+00:00,201,54868.672,
2026-09-08T19:31:13.819904+00:00,201,48583.499,
2026-09-08T19:31:53.950206+00:00,201,8457.465,
2026-09-08T19:30:41.531987+00:00,201,80881.704,
2026-09-08T19:31:23.191503+00:00,201,39227.496,
2026-09-08T19:31:17.722582+00:00,201,44697.654,
2026-09-08T19:31:42.103309+00:00,201,20319.827,
2026-09-08T19:31:37.550741+00:00,201,24873.863,
2026-09-08T19:31:38.523707+00:00,201,23904.174,
2026-09-08T19:31:59.733896+00:00,201,2702.076,
2026-09-08T19:31:57.068348+00:00,201,5369.5,
2026-09-08T19:32:02.301743+00:00,201,138.075,
2026-09-08T19:31:40.205984+00:00,201,22239.299,
2026-09-08T19:31:05.355589+00:00,201,57091.5,
2026-09-08T19:32:02.303206+00:00,201,155.0,
2026-09-08T19:31:41.421640+00:00,201,21047.703,
2026-09-08T19:31:54.851029+00:00,201,7634.903,
2026-09-08T19:31:38.756498+00:00,201,23740.979,
2026-09-08T19:31:21.912629+00:00,201,40591.19,
2026-09-08T19:32:02.081625+00:00,201,425.603,
2026-09-08T19:31:51.351305+00:00,201,11158.251,
2026-09-08T19:31:14.316587+00:00,201,48195.414,
2026-09-08T19:31:42.149338+00:00,201,20376.27,
2026-09-08T19:31:15.480410+00:00,201,47053.254,
2026-09-08T19:32:02.386088+00:00,201,150.093,
2026-09-08T19:31:23.044510+00:00,201,39510.349,
2026-09-08T19:31:10.559548+00:00,201,51996.76,
2026-09-08T19:31:59.929382+00:00,201,2632.909,
2026-09-08T19:31:48.342865+00:00,201,14226.87,
2026-09-08T19:31:39.833380+00:00,201,22751.662,
2026-09-08T19:31:23.713484+00:00,201,38881.325,
2026-09-08T19:32:00.881498+00:00,201,1719.337,
2026-09-08T19:31:45.134842+00:00,201,17473.376,
2026-09-08T19:31:59.256560+00:00,201,3352.715,
2026-09-08T19:32:00.383432+00:00,201,2242.848,
2026-09-08T19:30:37.610962+00:00,201,85017.495,
2026-09-08T19:31:41.575274+00:00,201,21062.531,
2026-09-08T19:31:21.666435+00:00,201,40972.861,
2026-09-08T19:32:00.538571+00:00,201,2101.842,
2026-09-08T19:31:57.477956+00:00,201,5172.174,
2026-09-08T19:31:38.310326+00:00,201,24353.0,
2026-09-08T19:31:03.298332+00:00,201,59385.584,
2026-09-08T19:30:38.026176+00:00,201,84669.288,
2026-09-08T19:31:55.124905+00:00,201,7573.449,
2026-09-08T19:31:10.457165+00:00,201,52244.116,
2026-09-08T19:31:52.747441+00:00,201,9960.219,
2026-09-08T19:31:58.298961+00:00,201,4428.966,
2026-09-08T19:31:52.025183+00:00,201,10708.326,
2026-09-08T19:31:48.854636+00:00,201,13883.628,
2026-09-08T19:31:56.056837+00:00,201,6703.404,
2026-09-08T19:31:42.847819+00:00,201,19921.882,
2026-09-08T19:31:56.355650+00:00,201,6418.518,
2026-09-08T19:31:56.766100+00:00,201,6010.457,
2026-09-08T19:31:39.591292+00:00,201,23190.882,
2026-09-08T19:31:45.118840+00:00,201,17665.241,
2026-09-08T19:32:02.628585+00:00,201,158.17,
2026-09-08T19:31:59.067466+00:00,201,3721.204,
2026-09-08T19:31:02.638900+00:00,201,60161.284,
2026-09-08T19:31:38.703218+00:00,201,24099.519,
2026-09-08T19:31:37.851852+00:00,201,24962.017,
2026-09-08T19:31:49.191968+00:00,201,13623.316,
2026-09-08T19:30:53.847008+00:00,201,68975.804,
2026-09-08T19:31:20.278499+00:00,201,42550.358,
2026-09-08T19:30:50.649758+00:00,201,72181.216,
2026-09-08T19:31:45.127088+00:00,201,17707.498,
2026-09-08T19:31:15.797105+00:00,201,47040.708,
2026-09-08T19:31:15.667201+00:00,201,47193.548,
2026-09-08T19:31:47.285934+00:00,201,15576.396,
2026-09-08T19:31:52.276554+00:00,201,10591.167,
2026-09-08T19:31:51.768961+00:00,201,11106.221,
2026-09-08T19:31:14.448117+00:00,201,48434.799,
2026-09-08T19:32:01.904348+00:00,201,985.99,
2026-09-08T19:31:34.140957+00:00,201,28756.674,
2026-09-08T19:31:35.894164+00:00,201,27006.913,
2026-09-08T19:30:55.084165+00:00,201,67840.936,
2026-09-08T19:31:00.060960+00:00,201,62865.705,
2026-09-08T19:30:42.803097+00:00,201,80125.143,
2026-09-08T19:32:01.855855+00:00,201,1077.307,
2026-09-08T19:31:51.743035+00:00,201,11197.247,
2026-09-08T19:31:50.199993+00:00,201,12751.147,
2026-09-08T19:31:57.209474+00:00,201,5743.667,
2026-09-08T19:31:07.210569+00:00,201,55744.045,
2026-09-08T19:31:51.649214+00:00,201,11314.832,
2026-09-08T19:31:29.019876+00:00,201,33950.297,
2026-09-08T19:30:55.166362+00:00,201,67810.819,
2026-09-08T19:31:48.454564+00:00,201,14523.792,
2026-09-08T19:31:43.381079+00:00,201,19610.344,
2026-09-08T19:31:37.864979+00:00,201,25136.728,
2026-09-08T19:31:21.721202+00:00,201,41292.491,
2026-09-08T19:31:46.553879+00:00,201,16464.402,
2026-09-08T19:31:00.313737+00:00,201,62734.787,
2026-09-08T19:31:36.708029+00:00,201,26344.255,
2026-09-08T19:31:13.140020+00:00,201,49913.351,
2026-09-08T19:31:54.255371+00:00,201,8816.344,
2026-09-08T19:31:52.707253+00:00,201,10373.578,
2026-09-08T19:31:54.617524+00:00,201,8468.448,
2026-09-08T19:31:23.876502+00:00,201,39214.16,
2026-09-08T19:30:51.415632+00:00,201,71691.064,
2026-09-08T19:31:34.801365+00:00,201,28319.416,
2026-09-08T19:31:56.304755+00:00,201,6817.141,
2026-09-08T19:32:00.118050+00:00,201,3004.947,
2026-09-08T19:31:21.585731+00:00,201,41553.506,
2026-09-08T19:32:00.619451+00:00,201,2523.258,
2026-09-08T19:31:59.160266+00:00,201,3985.48,
2026-09-08T19:31:48.598030+00:00,201,14560.248,
2026-09-08T19:31:29.714767+00:00,201,33450.232,
2026-09-08T19:31:51.007508+00:00,201,12159.77,
2026-09-08T19:31:06.948336+00:00,201,56222.132,
2026-09-08T19:31:36.328757+00:00,201,26855.553,
2026-09-08T19:31:59.416139+00:00,201,3769.438,
2026-09-08T19:31:57.866087+00:00,201,5328.152,
2026-09-08T19:31:15.007120+00:00,201,48195.079,
2026-09-08T19:31:22.362454+00:00,201,40841.664,
2026-09-08T19:31:41.097887+00:00,201,22121.819,
2026-09-08T19:31:00.281757+00:00,201,62939.301,
2026-09-08T19:31:39.814530+00:00,201,23411.351,
2026-09-08T19:32:03.080855+00:00,201,150.82,
2026-09-08T19:31:57.995264+00:00,201,5241.49,
2026-09-08T19:31:58.484431+00:00,201,4764.609,
2026-09-08T19:30:51.870056+00:00,201,71390.368,
2026-09-08T19:31:39.057566+00:00,201,24224.106,
2026-09-08T19:31:07.027526+00:00,201,56258.228,
2026-09-08T19:31:58.818805+00:00,201,4478.756,
2026-09-08T19:32:02.038540+00:00,201,1260.45,
2026-09-08T19:31:47.365123+00:00,201,15937.568,
2026-09-08T19:31:50.892436+00:00,201,12411.361,
2026-09-08T19:31:10.265962+00:00,201,53052.306,
2026-09-08T19:31:37.109144+00:00,201,26213.434,
2026-09-08T19:31:41.317675+00:00,201,22010.588,
2026-09-08T19:31:46.150990+00:00,201,17188.218,
2026-09-08T19:31:15.063217+00:00,201,48276.991,
2026-09-08T19:31:58.915535+00:00,201,4450.074,
2026-09-08T19:30:30.593394+00:00,201,92774.366,
2026-09-08T19:31:14.252462+00:00,201,49127.479,
2026-09-08T19:30:49.974748+00:00,201,73423.854,
2026-09-08T19:31:10.523945+00:00,201,52882.062,
2026-09-08T19:31:44.139039+00:00,201,19274.017,
2026-09-08T19:31:15.158797+00:00,201,48256.465,
2026-09-08T19:31:50.870869+00:00,201,12553.181,
2026-09-08T19:31:01.974288+00:00,201,61450.757,
2026-09-08T19:32:03.281719+00:00,201,151.557,
2026-09-08T19:31:25.535670+00:00,201,37900.324,
2026-09-08T19:31:59.290395+00:00,201,4155.29,
2026-09-08T19:32:01.333726+00:00,201,2116.594,
2026-09-08T19:31:10.190501+00:00,201,53264.881,
2026-09-08T19:30:59.086008+00:00,201,64374.485,
2026-09-08T19:31:49.077339+00:00,201,14387.578,
2026-09-08T19:32:02.701360+00:00,201,764.726,
2026-09-08T19:31:51.131977+00:00,201,12338.308,
2026-09-08T19:32:00.662488+00:00,201,2819.258,
2026-09-08T19:31:59.524617+00:00,201,3961.569,
2026-09-08T19:31:28.977851+00:00,201,34509.45,
2026-09-08T19:31:46.196192+00:00,201,17308.371,
2026-09-08T19:31:00.462219+00:00,201,63044.018,
2026-09-08T19:31:44.953748+00:00,201,18556.19,
2026-09-08T19:30:49.553661+00:00,201,73958.46,
2026-09-08T19:31:58.248670+00:00,201,5286.042,
2026-09-08T19:31:29.482965+00:00,201,34059.599,
2026-09-08T19:31:23.056946+00:00,201,40487.071,
2026-09-08T19:31:26.857106+00:00,201,36704.868,
2026-09-08T19:31:21.528004+00:00,201,42045.234,
2026-09-08T19:30:48.768010+00:00,201,74809.0,
2026-09-08T19:31:12.235170+00:00,201,51346.204,
2026-09-08T19:30:57.978792+00:00,201,65603.514,
2026-09-08T19:31:30.115389+00:00,201,33481.908,
2026-09-08T19:31:59.818587+00:00,201,3792.125,
2026-09-08T19:32:01.350308+00:00,201,2274.242,
2026-09-08T19:31:46.488619+00:00,201,17143.173,
2026-09-08T19:31:55.688759+00:00,201,7951.757,
2026-09-08T19:31:21.471629+00:00,201,42175.853,
2026-09-08T19:31:40.229081+00:00,201,23420.648,
2026-09-08T19:32:00.166563+00:00,201,3489.728,
2026-09-08T19:32:01.896737+00:00,201,1761.315,
2026-09-08T19:32:02.760258+00:00,201,908.065,
2026-09-08T19:30:57.969799+00:00,201,65705.76,
2026-09-08T19:31:10.390799+00:00,201,53287.398,
2026-09-08T19:30:47.035154+00:00,201,76652.115,
2026-09-08T19:32:00.590856+00:00,201,3100.814,
2026-09-08T19:31:36.312716+00:00,201,27380.039,
2026-09-08T19:32:02.953157+00:00,201,742.838,
2026-09-08T19:31:53.308620+00:00,201,10392.842,
2026-09-08T19:31:46.120284+00:00,201,17596.449,
2026-09-08T19:31:37.812777+00:00,201,25912.341,
2026-09-08T19:31:23.121879+00:00,201,40611.606,
2026-09-08T19:30:53.613193+00:00,201,70122.805,
2026-09-08T19:31:09.947437+00:00,201,53791.33,
2026-09-08T19:31:36.313828+00:00,201,27442.494,
2026-09-08T19:31:30.004556+00:00,201,33758.323,
2026-09-08T19:31:58.525935+00:00,201,5244.239,
2026-09-08T19:31:27.759762+00:00,201,36011.452,
2026-09-08T19:31:58.873927+00:00,201,4899.916,
2026-09-08T19:32:00.922781+00:00,201,2852.21,
2026-09-08T19:31:41.128250+00:00,201,22649.552,
2026-09-08T19:31:39.271759+00:00,201,24509.807,
2026-09-08T19:31:29.790292+00:00,201,34006.93,
2026-09-08T19:31:04.866420+00:00,201,58944.315,
2026-09-08T19:31:39.214308+00:00,201,24606.578,
2026-09-08T19:32:02.458213+00:00,201,1374.875,
2026-09-08T19:31:07.245928+00:00,201,56609.426,
2026-09-08T19:32:00.830415+00:00,201,3036.588,
2026-09-08T19:31:52.835816+00:00,201,11045.421,
2026-09-08T19:30:29.125364+00:00,201,94761.542,
2026-09-08T19:31:37.421265+00:00,201,26470.476,
2026-09-08T19:31:44.849267+00:00,201,19046.75,
2026-09-08T19:31:44.176241+00:00,201,19722.147,
2026-09-08T19:32:00.419687+00:00,201,3489.809,
2026-09-08T19:30:55.313251+00:00,201,68604.767,
2026-09-08T19:32:03.756367+00:00,201,167.889,
2026-09-08T19:31:51.000086+00:00,201,12925.943,
2026-09-08T19:31:08.772090+00:00,201,55157.773,
2026-09-08T19:31:41.726422+00:00,201,22212.272,
2026-09-08T19:30:40.915766+00:00,201,83024.472,
2026-09-08T19:31:56.028600+00:00,201,7914.973,
2026-09-08T19:31:58.897323+00:00,201,5064.702,
2026-09-08T19:31:41.032323+00:00,201,22934.015,
2026-09-08T19:32:00.935711+00:00,201,3038.418,
2026-09-08T19:31:24.570979+00:00,201,39420.039,
2026-09-08T19:30:39.928971+00:00,201,84074.283,
2026-09-08T19:31:55.987900+00:00,201,8017.421,
2026-09-08T19:31:53.892576+00:00,201,10144.168,
2026-09-08T19:31:49.648083+00:00,201,14398.95,
2026-09-08T19:32:00.239049+00:00,201,3809.481,
2026-09-08T19:31:22.860612+00:00,201,41189.767,
2026-09-08T19:31:28.757420+00:00,201,35296.22,
2026-09-08T19:31:39.181559+00:00,201,24873.138,
2026-09-08T19:31:21.055847+00:00,201,43000.945,
2026-09-08T19:31:59.974488+00:00,201,4087.382,
2026-09-08T19:31:53.659704+00:00,201,10406.168,
2026-09-08T19:30:33.425457+00:00,201,90646.687,
2026-09-08T19:31:47.091183+00:00,201,17005.173,
2026-09-08T19:31:46.223312+00:00,201,17880.949,
2026-09-08T19:31:35.210181+00:00,201,28902.39,
2026-09-08T19:31:08.154095+00:00,201,55965.603,
2026-09-08T19:31:40.060850+00:00,201,24063.672,
2026-09-08T19:30:49.229446+00:00,201,74907.895,
2026-09-08T19:31:45.711698+00:00,201,18431.284,
2026-09-08T19:31:26.230736+00:00,201,37918.746,
2026-09-08T19:31:47.698117+00:00,201,16453.744,
2026-09-08T19:32:03.415336+00:00,201,740.745,
2026-09-08T19:32:00.124085+00:00,201,4051.217,
2026-09-08T19:31:12.524064+00:00,201,51658.55,
2026-09-08T19:31:47.577106+00:00,201,16609.06,
2026-09-08T19:32:04.036769+00:00,201,160.345,
2026-09-08T19:31:59.333968+00:00,201,4864.236,
2026-09-08T19:30:59.754621+00:00,201,64455.165,
2026-09-08T19:31:10.172774+00:00,201,54055.871,
2026-09-08T19:31:54.466316+00:00,201,9763.351,
2026-09-08T19:31:59.552930+00:00,201,4688.74,
2026-09-08T19:31:28.998007+00:00,201,35249.256,
2026-09-08T19:31:27.251245+00:00,201,37008.753,
2026-09-08T19:31:08.126961+00:00,201,56153.264,
2026-09-08T19:30:52.951248+00:00,201,71332.959,
2026-09-08T19:31:51.172422+00:00,201,13114.639,
2026-09-08T19:31:10.424783+00:00,201,53868.707,
2026-09-08T19:31:59.710301+00:00,201,4593.497,
2026-09-08T19:31:43.563317+00:00,201,20742.228,
2026-09-08T19:31:38.835417+00:00,201,25475.541,
2026-09-08T19:31:13.221496+00:00,201,51097.645,
2026-09-08T19:31:51.371888+00:00,201,12957.071,
2026-09-08T19:31:47.346161+00:00,201,16995.557,
2026-09-08T19:31:36.902662+00:00,201,27447.328,
2026-09-08T19:31:56.194994+00:00,201,8169.211,
2026-09-08T19:31:52.322644+00:00,201,12056.281,
2026-09-08T19:32:04.229687+00:00,201,161.314,
2026-09-08T19:31:30.792866+00:00,201,33604.129,
2026-09-08T19:31:36.750183+00:00,201,27656.468,
2026-09-08T19:31:46.001968+00:00,201,18435.256,
2026-09-08T19:32:00.254535+00:00,201,4184.444,
2026-09-08T19:31:52.670257+00:00,201,11775.233,
2026-09-08T19:32:03.631822+00:00,201,814.789,
2026-09-08T19:31:40.480035+00:00,201,23973.591,
2026-09-08T19:31:58.802852+00:00,201,5658.853,
2026-09-08T19:31:55.149123+00:00,201,9313.948,
2026-09-08T19:31:55.049597+00:00,201,9414.93,
2026-09-08T19:31:51.292878+00:00,201,13176.893,
2026-09-08T19:31:03.745110+00:00,201,60729.063,
2026-09-08T19:31:44.539596+00:00,201,19939.573,
2026-09-08T19:31:30.771899+00:00,201,33710.247,
2026-09-08T19:31:57.869440+00:00,201,6632.407,
2026-09-08T19:31:26.751256+00:00,201,37756.541,
2026-09-08T19:31:46.289161+00:00,201,18225.582,
2026-09-08T19:31:46.947004+00:00,201,17569.181,
2026-09-08T19:31:17.475927+00:00,201,47058.514,
2026-09-08T19:31:35.808308+00:00,201,28728.1,
2026-09-08T19:31:56.033083+00:00,201,8505.415,
2026-09-08T19:32:03.398713+00:00,201,1140.772,
2026-09-08T19:31:52.798288+00:00,201,11743.112,
2026-09-08T19:31:49.227238+00:00,201,15315.682,
2026-09-08T19:31:36.733586+00:00,201,27810.372,
2026-09-08T19:31:42.142868+00:00,201,22442.359,
2026-09-08T19:32:02.197708+00:00,201,2396.045,
2026-09-08T19:31:55.979584+00:00,201,8625.389,
2026-09-08T19:31:58.864239+00:00,201,5743.696,
2026-09-08T19:31:40.521480+00:00,201,24098.248,
2026-09-08T19:31:59.062190+00:00,201,5568.997,
2026-09-08T19:32:01.760965+00:00,201,2874.636,
2026-09-08T19:31:36.989787+00:00,201,27648.293,
2026-09-08T19:31:22.596152+00:00,201,42069.316,
2026-09-08T19:32:03.123006+00:00,201,1570.188,
2026-09-08T19:31:38.770448+00:00,201,25925.504,
2026-09-08T19:31:13.995554+00:00,201,50702.465,
2026-09-08T19:31:34.871076+00:00,201,29830.442,
2026-09-08T19:32:03.966378+00:00,201,740.189,
2026-09-08T19:31:39.655229+00:00,201,25052.545,
2026-09-08T19:32:02.637840+00:00,201,2073.397,
2026-09-08T19:31:43.435908+00:00,201,21286.052,
2026-09-08T19:31:45.608922+00:00,201,19127.501,
2026-09-08T19:31:38.900872+00:00,201,25838.195,
2026-09-08T19:32:00.915198+00:00,201,3837.993,
2026-09-08T19:31:45.918032+00:00,201,18848.687,
2026-09-08T19:30:58.539209+00:00,201,66235.208,
2026-09-08T19:31:11.510672+00:00,201,53266.046,
2026-09-08T19:31:22.036576+00:00,201,42749.853,
2026-09-08T19:31:13.635006+00:00,201,51162.161,
2026-09-08T19:31:13.729263+00:00,201,51068.854,
2026-09-08T19:31:37.943723+00:00,201,26869.2,
2026-09-08T19:31:01.392997+00:00,201,63428.368,
2026-09-08T19:31:57.586434+00:00,201,7236.572,
2026-09-08T19:31:06.299477+00:00,201,58550.864,
2026-09-08T19:31:31.868411+00:00,201,32986.076,
2026-09-08T19:31:22.746924+00:00,201,42113.986,
2026-09-08T19:31:18.983457+00:00,201,45902.437,
2026-09-08T19:32:03.678278+00:00,201,1214.635,
2026-09-08T19:31:35.532474+00:00,201,29375.543,
2026-09-08T19:31:25.087614+00:00,201,39846.549,
2026-09-08T19:31:29.534338+00:00,201,35419.768,
2026-09-08T19:32:02.019064+00:00,201,2944.974,
2026-09-08T19:30:55.841204+00:00,201,69124.213,
2026-09-08T19:31:58.249888+00:00,201,6716.656,
2026-09-08T19:31:24.395336+00:00,201,40572.253,
2026-09-08T19:31:46.564932+00:00,201,18403.856,
2026-09-08T19:31:42.082748+00:00,201,22887.27,
2026-09-08T19:31:38.151098+00:00,201,26820.176,
2026-09-08T19:30:35.399704+00:00,201,89573.035,
2026-09-08T19:31:59.478235+00:00,201,5496.316,
2026-09-08T19:31:47.457843+00:00,201,17518.394,
2026-09-08T19:31:57.667718+00:00,201,7310.234,
2026-09-08T19:32:02.562301+00:00,201,2417.318,
2026-09-08T19:30:42.628427+00:00,201,82352.763,
2026-09-08T19:31:08.145373+00:00,201,56837.539,
2026-09-08T19:32:03.106804+00:00,201,1877.924,
2026-09-08T19:31:38.144258+00:00,201,26842.204,
2026-09-08T19:31:08.286715+00:00,201,56701.558,
2026-09-08T19:31:45.970101+00:00,201,19020.158,
2026-09-08T19:31:52.104687+00:00,201,12887.538,
2026-09-08T19:31:49.017145+00:00,201,15979.643,
2026-09-08T19:32:02.786761+00:00,201,2234.665,
2026-09-08T19:30:59.230985+00:00,201,65804.3,
2026-09-08T19:31:38.241747+00:00,201,26795.706,
2026-09-08T19:32:00.920856+00:00,201,4118.738,
2026-09-08T19:30:48.147255+00:00,201,76894.344,
2026-09-08T19:31:43.032911+00:00,201,22011.014,
2026-09-08T19:31:48.217354+00:00,201,16828.847,
2026-09-08T19:31:21.990901+00:00,201,43068.662,
2026-09-08T19:32:02.037544+00:00,201,3031.144,
2026-09-08T19:31:46.555296+00:00,201,18522.924,
2026-09-08T19:31:43.885229+00:00,201,21195.515,
2026-09-08T19:31:04.640341+00:00,201,60448.492,
2026-09-08T19:31:59.909082+00:00,201,5186.399,
2026-09-08T19:32:03.687388+00:00,201,1417.034,
2026-09-08T19:31:39.626569+00:00,201,25480.485,
2026-09-08T19:32:04.228727+00:00,201,881.072,
2026-09-08T19:31:14.128574+00:00,201,50983.954,
2026-09-08T19:31:42.562666+00:00,201,22552.804,
2026-09-08T19:31:07.231842+00:00,201,57886.483,
2026-09-08T19:31:46.250502+00:00,201,18870.861,
2026-09-08T19:30:38.973213+00:00,201,86151.13,
2026-09-08T19:31:03.362855+00:00,201,61764.55,
2026-09-08T19:31:55.284734+00:00,201,9845.853,
2026-09-08T19:31:22.444609+00:00,201,42689.08,
2026-09-08T19:31:59.896325+00:00,201,5240.733,
2026-09-08T19:31:29.723998+00:00,201,35416.254,
2026-09-08T19:31:21.422175+00:00,201,43721.357,
2026-09-08T19:32:01.857259+00:00,201,3289.727,
2026-09-08T19:31:53.798574+00:00,201,11351.82,
2026-09-08T19:31:32.070649+00:00,201,33083.237,
2026-09-08T19:31:29.514436+00:00,201,35642.915,
2026-09-08T19:31:28.850299+00:00,201,36310.571,
2026-09-08T19:31:58.704095+00:00,201,6460.561,
2026-09-08T19:30:46.150194+00:00,201,79018.068,
2026-09-08T19:32:03.365623+00:00,201,1806.547,
2026-09-08T19:31:02.100584+00:00,201,63075.257,
2026-09-08T19:31:20.661060+00:00,201,44518.75,
2026-09-08T19:31:28.663074+00:00,201,36520.631,
2026-09-08T19:31:38.972013+00:00,201,26215.662,
2026-09-08T19:31:45.821769+00:00,201,19370.007,
2026-09-08T19:31:52.565605+00:00,201,12685.448,
2026-09-08T19:32:03.577124+00:00,201,1736.072,
2026-09-08T19:31:46.489764+00:00,201,18851.615,
2026-09-08T19:31:49.935826+00:00,201,15449.592,
2026-09-08T19:31:11.382588+00:00,201,54058.276,
2026-09-08T19:31:02.309518+00:00,201,63178.727,
2026-09-08T19:30:40.300455+00:00,201,85199.777,
2026-09-08T19:31:17.109222+00:00,201,48406.395,
2026-09-08T19:32:02.991455+00:00,201,2532.148,
2026-09-08T19:30:52.193948+00:00,201,73382.678,
2026-09-08T19:31:58.956347+00:00,201,6666.434,
2026-09-08T19:32:04.693204+00:00,201,991.104,
2026-09-08T19:31:52.011593+00:00,201,13712.13,
2026-09-08T19:32:00.501123+00:00,201,5271.103,
2026-09-08T19:31:09.713871+00:00,201,56064.232,
2026-09-08T19:31:12.168693+00:00,201,53615.979,
2026-09-08T19:32:03.487356+00:00,201,2311.938,
2026-09-08T19:31:52.478766+00:00,201,13335.356,
2026-09-08T19:31:54.327837+00:00,201,11507.337,
2026-09-08T19:31:01.979446+00:00,201,63901.784,
2026-09-08T19:31:39.022523+00:00,201,26896.504,
2026-09-08T19:32:02.525644+00:00,201,3463.597,
2026-09-08T19:31:56.443376+00:00,201,9568.27,
2026-09-08T19:31:30.695463+00:00,201,35356.962,
2026-09-08T19:31:30.281373+00:00,201,35777.084,
2026-09-08T19:31:45.723818+00:00,201,20345.425,
2026-09-08T19:30:15.957880+00:00,201,110132.31,
2026-09-08T19:30:53.812945+00:00,201,72299.709,
2026-09-08T19:31:40.418906+00:00,201,25712.616,
2026-09-08T19:31:14.807669+00:00,201,51334.413,
2026-09-08T19:30:46.680603+00:00,201,79507.089,
2026-09-08T19:31:57.970017+00:00,201,8244.027,
2026-09-08T19:32:01.504832+00:00,201,4771.849,
2026-09-08T19:30:34.424262+00:00,201,91917.638,
2026-09-08T19:32:03.052330+00:00,201,3320.782,
2026-09-08T19:31:59.222100+00:00,201,7155.084,
2026-09-08T19:30:30.818471+00:00,201,95604.015,
2026-09-08T19:31:22.606299+00:00,201,43985.866,
2026-09-08T19:31:20.355604+00:00,201,46240.461,
2026-09-08T19:32:03.896050+00:00,201,2710.286,
2026-09-08T19:31:11.286193+00:00,201,55373.475,
2026-09-08T19:31:56.887408+00:00,201,9778.32,
2026-09-08T19:32:02.882990+00:00,201,3814.179,
2026-09-08T19:31:44.050139+00:00,201,22710.733,
2026-09-08T19:31:52.106708+00:00,201,14668.049,
2026-09-08T19:32:02.059611+00:00,201,4732.721,
2026-09-08T19:31:15.483580+00:00,201,51388.701,
2026-09-08T19:30:55.067444+00:00,201,71818.448,
2026-09-08T19:31:36.838844+00:00,201,30059.359,
2026-09-08T19:30:31.040084+00:00,201,95877.868,
2026-09-08T19:31:56.695514+00:00,201,10263.222,
2026-09-08T19:31:36.660407+00:00,201,30322.201,
2026-09-08T19:31:18.514375+00:00,201,48552.537,
2026-09-08T19:31:08.867123+00:00,201,58205.359,
2026-09-08T19:31:08.493016+00:00,201,58613.937,
2026-09-08T19:31:55.404556+00:00,201,11712.221,
2026-09-08T19:32:00.719432+00:00,201,6411.154,
2026-09-08T19:30:57.948493+00:00,201,69237.505,
2026-09-08T19:31:42.612229+00:00,201,24581.257,
2026-09-08T19:32:00.443349+00:00,201,6823.833,
2026-09-08T19:31:55.681820+00:00,201,11649.967,
2026-09-08T19:31:59.509495+00:00,201,7829.254,
2026-09-08T19:31:23.660667+00:00,201,43731.405,
2026-09-08T19:30:56.098768+00:00,201,71312.621,
2026-09-08T19:31:20.743650+00:00,201,46703.083,
2026-09-08T19:32:01.209093+00:00,201,6261.628,
2026-09-08T19:31:53.230842+00:00,201,14247.834,
2026-09-08T19:31:39.997871+00:00,201,27487.033,
2026-09-08T19:32:06.886001+00:00,201,605.16,
2026-09-08T19:31:30.738082+00:00,201,36805.562,
2026-09-08T19:32:02.784112+00:00,201,4767.903,
2026-09-08T19:32:02.427926+00:00,201,5176.384,
2026-09-08T19:31:05.535924+00:00,201,62081.124,
2026-09-08T19:31:40.668208+00:00,201,26969.318,
2026-09-08T19:31:01.834622+00:00,201,65832.418,
2026-09-08T19:31:02.050445+00:00,201,65620.783,
2026-09-08T19:31:57.247077+00:00,201,10430.625,
2026-09-08T19:31:57.412022+00:00,201,10283.276,
2026-09-08T19:32:03.658062+00:00,201,4082.651,
2026-09-08T19:31:42.024034+00:00,201,25725.526,
2026-09-08T19:31:56.111744+00:00,201,11673.742,
2026-09-08T19:31:20.003322+00:00,201,47825.068,
2026-09-08T19:32:04.464547+00:00,201,3372.331,
2026-09-08T19:31:32.228781+00:00,201,35629.842,
2026-09-08T19:31:59.503146+00:00,201,8426.508,
2026-09-08T19:31:52.229343+00:00,201,15728.957,
2026-09-08T19:32:00.487767+00:00,201,7532.247,
2026-09-08T19:32:03.581453+00:00,201,4499.789,
2026-09-08T19:31:54.089682+00:00,201,14036.073,
2026-09-08T19:31:49.194131+00:00,201,18957.591,
2026-09-08T19:31:59.253123+00:00,201,8902.993,
2026-09-08T19:31:07.138117+00:00,201,61035.482,
2026-09-08T19:31:55.249171+00:00,201,13002.734,
2026-09-08T19:31:57.939557+00:00,201,10325.499,
2026-09-08T19:31:57.937812+00:00,201,10362.35,
2026-09-08T19:31:59.703248+00:00,201,8620.616,
2026-09-08T19:32:01.016702+00:00,201,7337.844,
2026-09-08T19:31:40.847857+00:00,201,27523.78,
2026-09-08T19:31:14.478119+00:00,201,54030.775,
2026-09-08T19:31:55.887788+00:00,201,12637.692,
2026-09-08T19:30:48.513014+00:00,201,80045.821,
2026-09-08T19:31:38.731328+00:00,201,29848.686,
2026-09-08T19:31:23.813350+00:00,201,44807.379,
2026-09-08T19:31:17.953833+00:00,201,50681.835,
2026-09-08T19:31:55.442488+00:00,201,13227.542,
2026-09-08T19:32:04.964049+00:00,201,3727.46,
2026-09-08T19:31:50.835920+00:00,201,17910.713,
2026-09-08T19:31:57.053209+00:00,201,11739.545,
2026-09-08T19:32:06.606347+00:00,201,2206.444,
2026-09-08T19:30:49.578831+00:00,201,79280.538,
2026-09-08T19:31:59.260674+00:00,201,9657.684,
2026-09-08T19:32:00.284749+00:00,201,8656.329,
2026-09-08T19:31:47.687595+00:00,201,21266.804,
2026-09-08T19:31:48.717172+00:00,201,20260.305,
2026-09-08T19:31:54.572116+00:00,201,14442.838,
2026-09-08T19:31:48.330281+00:00,201,20811.648,
2026-09-08T19:31:46.868862+00:00,201,22374.113,
2026-09-08T19:31:46.715256+00:00,201,22585.351,
2026-09-08T19:31:11.199077+00:00,201,58156.177,
2026-09-08T19:31:29.884345+00:00,201,39516.517,
2026-09-08T19:32:02.413814+00:00,201,6993.266,
2026-09-08T19:32:04.047062+00:00,201,5440.356,
2026-09-08T19:31:22.495387+00:00,201,47004.128,
2026-09-08T19:31:21.836523+00:00,201,47715.028,
2026-09-08T19:31:22.723473+00:00,201,46840.816,
2026-09-08T19:31:05.077393+00:00,201,64512.093,
2026-09-08T19:31:48.418781+00:00,201,21248.498,
2026-09-08T19:31:26.436319+00:00,201,43246.524,
2026-09-08T19:31:06.655698+00:00,201,63048.251,
2026-09-08T19:31:11.011295+00:00,201,58739.931,
2026-09-08T19:32:04.981313+00:00,201,4808.443,
2026-09-08T19:30:56.362325+00:00,201,73440.547,
2026-09-08T19:31:52.965282+00:00,201,16894.973,
2026-09-08T19:31:28.523702+00:00,201,41381.409,
2026-09-08T19:31:55.515912+00:00,201,14397.632,
2026-09-08T19:32:02.063082+00:00,201,7862.78,
2026-09-08T19:31:35.961845+00:00,201,34035.934,
2026-09-08T19:32:00.643059+00:00,201,9364.377,
2026-09-08T19:32:05.989254+00:00,201,4035.708,
2026-09-08T19:30:33.311493+00:00,201,96716.587,
2026-09-08T19:31:55.981215+00:00,201,14055.089,
2026-09-08T19:31:11.017201+00:00,201,59024.621,
2026-09-08T19:31:18.943428+00:00,201,51138.317,
2026-09-08T19:31:55.769258+00:00,201,14317.871,
2026-09-08T19:32:01.066965+00:00,201,9060.947,
2026-09-08T19:31:03.459892+00:00,201,66675.311,
2026-09-08T19:31:08.891879+00:00,201,61273.973,
2026-09-08T19:31:09.798477+00:00,201,60369.376,
2026-09-08T19:32:00.658027+00:00,201,9512.068,
2026-09-08T19:32:03.367901+00:00,201,6805.344,
2026-09-08T19:31:21.047711+00:00,201,49126.656,
2026-09-08T19:31:36.564815+00:00,201,33615.826,
2026-09-08T19:30:59.111304+00:00,201,71078.793,
2026-09-08T19:31:48.476092+00:00,201,21716.274,
2026-09-08T19:32:03.777841+00:00,201,6425.943,
2026-09-08T19:31:59.448383+00:00,201,10760.736,
2026-09-08T19:30:22.001439+00:00,201,108218.061,
2026-09-08T19:31:57.803282+00:00,201,12429.712,
2026-09-08T19:31:59.281722+00:00,201,10958.236,
2026-09-08T19:31:14.770836+00:00,201,55474.371,
2026-09-08T19:32:01.415129+00:00,201,8831.744,
2026-09-08T19:30:42.970719+00:00,201,87280.834,
2026-09-08T19:31:52.518893+00:00,201,17734.485,
2026-09-08T19:31:28.784000+00:00,201,41474.145,
2026-09-08T19:31:43.843414+00:00,201,26415.995,
2026-09-08T19:32:02.155865+00:00,201,8114.467,
2026-09-08T19:31:03.250918+00:00,201,67047.304,
2026-09-08T19:31:21.313767+00:00,201,48987.917,
2026-09-08T19:31:43.809871+00:00,201,26499.639,
2026-09-08T19:30:48.968099+00:00,201,81352.862,
2026-09-08T19:31:33.019466+00:00,201,37304.679,
2026-09-08T19:31:49.141135+00:00,201,21197.088,
2026-09-08T19:32:04.908066+00:00,201,5431.193,
2026-09-08T19:31:21.550067+00:00,201,48792.265,
2026-09-08T19:31:20.995745+00:00,201,49364.869,
2026-09-08T19:31:42.812279+00:00,201,27549.921,
2026-09-08T19:32:10.209143+00:00,201,172.219,
2026-09-08T19:31:45.568763+00:00,201,24840.308,
2026-09-08T19:31:45.714491+00:00,201,24702.397,
2026-09-08T19:31:55.774056+00:00,201,14653.391,
2026-09-08T19:32:04.966559+00:00,201,5467.127,
2026-09-08T19:30:46.777758+00:00,201,83665.47,
2026-09-08T19:31:15.152719+00:00,201,55295.216,
2026-09-08T19:32:01.725151+00:00,201,8723.85,
2026-09-08T19:31:33.506746+00:00,201,36950.113,
2026-09-08T19:31:44.588285+00:00,201,25880.674,
2026-09-08T19:31:50.205918+00:00,201,20285.155,
2026-09-08T19:31:39.063984+00:00,201,31432.468,
2026-09-08T19:31:53.406559+00:00,201,17090.832,
2026-09-08T19:31:52.713844+00:00,201,17786.313,
2026-09-08T19:31:29.800042+00:00,201,40715.93,
2026-09-08T19:32:06.276695+00:00,201,4241.717,
2026-09-08T19:31:54.624840+00:00,201,15897.012,
2026-09-08T19:32:00.681222+00:00,201,9847.72,
2026-09-08T19:30:49.237927+00:00,201,81299.849,
2026-09-08T19:32:03.771272+00:00,201,6769.806,
2026-09-08T19:32:10.409117+00:00,201,142.194,
2026-09-08T19:30:52.218368+00:00,201,78342.415,
2026-09-08T19:31:51.727159+00:00,201,18842.073,
2026-09-08T19:31:59.124705+00:00,201,11448.679,
2026-09-08T19:31:07.265549+00:00,201,63309.035,
2026-09-08T19:31:55.112941+00:00,201,15477.941,
2026-09-08T19:32:02.435981+00:00,201,8163.061,
2026-09-08T19:31:02.095139+00:00,201,68517.196,
2026-09-08T19:31:47.611794+00:00,201,23003.031,
2026-09-08T19:31:54.695282+00:00,201,15925.56,
2026-09-08T19:31:12.266824+00:00,201,58357.994,
2026-09-08T19:31:44.614366+00:00,201,26025.264,
2026-09-08T19:31:49.783915+00:00,201,20869.632,
2026-09-08T19:31:36.710883+00:00,201,33945.96,
2026-09-08T19:31:29.831980+00:00,201,40831.324,
2026-09-08T19:32:02.684013+00:00,201,7993.903,
2026-09-08T19:31:47.507822+00:00,201,23176.188,
2026-09-08T19:32:02.447177+00:00,201,8241.686,
2026-09-08T19:31:07.293413+00:00,201,63398.183,
2026-09-08T19:31:09.376209+00:00,201,61316.716,
2026-09-08T19:31:02.936758+00:00,201,67770.735,
2026-09-08T19:31:28.454422+00:00,201,42255.088,
2026-09-08T19:31:27.167686+00:00,201,43556.863,
2026-09-08T19:30:20.023851+00:00,201,110703.05,
2026-09-08T19:32:01.012766+00:00,201,9719.274,
2026-09-08T19:32:06.142161+00:00,201,4591.502,
2026-09-08T19:32:04.151891+00:00,201,6592.845,
2026-09-08T19:31:58.441081+00:00,201,12305.191,
2026-09-08T19:31:07.164365+00:00,201,63584.346,
2026-09-08T19:32:07.958330+00:00,201,2791.6,
2026-09-08T19:31:40.796488+00:00,201,29974.376,
2026-09-08T19:31:53.998013+00:00,201,16778.72,
2026-09-08T19:31:48.005651+00:00,201,22777.025,
2026-09-08T19:31:45.927225+00:00,201,24880.626,
2026-09-08T19:31:59.130581+00:00,201,11679.068,
2026-09-08T19:32:04.707817+00:00,201,6130.52,
2026-09-08T19:31:17.962264+00:00,201,52882.488,
2026-09-08T19:32:05.313208+00:00,201,5532.771,
2026-09-08T19:30:32.981678+00:00,201,97865.738,
2026-09-08T19:31:05.505495+00:00,201,65344.669,
2026-09-08T19:31:33.606800+00:00,201,37246.638,
2026-09-08T19:31:14.455261+00:00,201,56399.213,
2026-09-08T19:31:38.650294+00:00,201,32215.027,
2026-09-08T19:31:09.129924+00:00,201,61737.172,
2026-09-08T19:32:04.311004+00:00,201,6559.144,
2026-09-08T19:31:34.929854+00:00,201,35951.561,
2026-09-08T19:32:10.727065+00:00,201,163.083,
2026-09-08T19:31:11.621274+00:00,201,59276.142,
2026-09-08T19:31:21.764692+00:00,201,49144.055,
2026-09-08T19:32:10.776765+00:00,201,144.902,
2026-09-08T19:31:43.058524+00:00,201,27867.605,
2026-09-08T19:30:54.729953+00:00,201,76197.872,
2026-09-08T19:32:08.792778+00:00,201,2136.181,
2026-09-08T19:30:49.524134+00:00,201,81409.242,
2026-09-08T19:31:42.727837+00:00,201,28211.032,
2026-09-08T19:31:04.030059+00:00,201,66913.692,
2026-09-08T19:31:58.765307+00:00,201,12182.99,
2026-09-08T19:31:18.641483+00:00,201,52310.6,
2026-09-08T19:32:08.508977+00:00,201,2459.397,
2026-09-08T19:32:07.446808+00:00,201,3523.732,
2026-09-08T19:31:59.427923+00:00,201,11543.513,
2026-09-08T19:31:52.513796+00:00,201,18463.551,
2026-09-08T19:31:13.453682+00:00,201,57536.88,
2026-09-08T19:32:02.626294+00:00,201,8385.433,
2026-09-08T19:31:57.662489+00:00,201,13355.166,
2026-09-08T19:31:21.852886+00:00,201,49185.072,
2026-09-08T19:31:30.742724+00:00,201,40297.158,
2026-09-08T19:32:03.736105+00:00,201,7313.013,
2026-09-08T19:31:53.261584+00:00,201,17789.592,
2026-09-08T19:31:08.965337+00:00,201,62128.816,
2026-09-08T19:31:12.149095+00:00,201,58946.304,
2026-09-08T19:31:53.115060+00:00,201,17981.275,
2026-09-08T19:31:44.855738+00:00,201,26241.49,
2026-09-08T19:30:59.094389+00:00,201,72003.698,
2026-09-08T19:31:52.814540+00:00,201,18284.634,
2026-09-08T19:31:40.798906+00:00,201,30301.273,
2026-09-08T19:30:56.008508+00:00,201,75092.699,
2026-09-08T19:32:07.491167+00:00,201,3611.328,
2026-09-08T19:31:55.583253+00:00,201,15520.644,
2026-09-08T19:31:18.938789+00:00,201,52166.414,
2026-09-08T19:31:52.239014+00:00,201,18867.698,
2026-09-08T19:31:22.921576+00:00,201,48205.948,
2026-09-08T19:30:47.435804+00:00,201,83697.01,
2026-09-08T19:31:56.396342+00:00,201,14738.804,
2026-09-08T19:31:56.705155+00:00,201,14465.249,
2026-09-08T19:31:08.095909+00:00,201,63083.548,
2026-09-08T19:31:21.913608+00:00,201,49268.544,
2026-09-08T19:31:54.987879+00:00,201,16206.357,
2026-09-08T19:31:59.131690+00:00,201,12068.359,
2026-09-08T19:31:59.963493+00:00,201,11268.153,
2026-09-08T19:30:40.928551+00:00,201,90310.113,
2026-09-08T19:32:04.695996+00:00,201,6555.697,
2026-09-08T19:31:27.716676+00:00,201,43536.295,
2026-09-08T19:32:02.214568+00:00,201,9053.268,
2026-09-08T19:32:11.049137+00:00,201,225.961,
2026-09-08T19:31:34.263748+00:00,201,37014.305,
2026-09-08T19:31:05.359425+00:00,201,65949.692,
2026-09-08T19:31:39.244284+00:00,201,32068.925,
2026-09-08T19:31:51.972841+00:00,201,19344.512,
2026-09-08T19:31:52.783656+00:00,201,18541.828,
2026-09-08T19:31:33.246823+00:00,201,38092.01,
2026-09-08T19:31:58.241453+00:00,201,13105.754,
2026-09-08T19:32:10.342406+00:00,201,1020.858,
2026-09-08T19:31:47.055238+00:00,201,24310.078,
2026-09-08T19:32:04.701566+00:00,201,6675.687,
2026-09-08T19:31:52.987918+00:00,201,18393.513,
2026-09-08T19:31:15.563050+00:00,201,55824.6,
2026-09-08T19:31:58.721493+00:00,201,12675.209,
2026-09-08T19:31:12.048554+00:00,201,59354.06,
2026-09-08T19:31:07.093169+00:00,201,64318.856,
2026-09-08T19:31:55.663183+00:00,201,15755.508,
2026-09-08T19:31:46.627880+00:00,201,24812.906,
2026-09-08T19:30:57.931060+00:00,201,73512.332,
2026-09-08T19:30:35.198507+00:00,201,96260.798,
2026-09-08T19:31:42.832693+00:00,201,28628.924,
2026-09-08T19:32:03.991084+00:00,201,7475.733,
2026-09-08T19:32:11.231671+00:00,201,238.59,
2026-09-08T19:31:45.684411+00:00,201,25792.347,
2026-09-08T19:31:13.482568+00:00,201,58004.573,
2026-09-08T19:31:54.697635+00:00,201,16814.441,
2026-09-08T19:31:47.442555+00:00,201,24078.094,
2026-09-08T19:31:51.671710+00:00,201,19857.022,
2026-09-08T19:32:04.507857+00:00,201,7031.759,
2026-09-08T19:31:22.712991+00:00,201,48828.565,
2026-09-08T19:31:11.527246+00:00,201,60047.119,
2026-09-08T19:32:04.976268+00:00,201,6603.218,
2026-09-08T19:32:05.046233+00:00,201,6538.149,
2026-09-08T19:30:23.959525+00:00,201,107638.318,
2026-09-08T19:32:04.406697+00:00,201,7217.069,
2026-09-08T19:30:40.849300+00:00,201,90775.921,
2026-09-08T19:32:03.504595+00:00,201,8139.182,
2026-09-08T19:31:35.912023+00:00,201,35733.154,
2026-09-08T19:31:38.939342+00:00,201,32710.479,
2026-09-08T19:32:10.656898+00:00,201,1008.056,
2026-09-08T19:31:14.686254+00:00,201,56987.575,
2026-09-08T19:31:26.546561+00:00,201,45151.021,
2026-09-08T19:31:22.988594+00:00,201,48719.7,
2026-09-08T19:31:58.474837+00:00,201,13247.922,
2026-09-08T19:32:03.647547+00:00,201,8076.723,
2026-09-08T19:31:55.616251+00:00,201,16126.187,
2026-09-08T19:32:01.319891+00:00,201,10424.658,
2026-09-08T19:31:08.932855+00:00,201,62817.746,
2026-09-08T19:31:59.255196+00:00,201,12505.015,
2026-09-08T19:31:47.249705+00:00,201,24517.969,
2026-09-08T19:32:03.433285+00:00,201,8338.212,
2026-09-08T19:31:44.439816+00:00,201,27354.774,
2026-09-08T19:30:42.659570+00:00,201,89141.978,
2026-09-08T19:31:54.843134+00:00,201,16965.037,
2026-09-08T19:31:57.527532+00:00,201,14296.638,
2026-09-08T19:31:07.261276+00:00,201,64584.677,
2026-09-08T19:31:11.270251+00:00,201,60610.645,
2026-09-08T19:32:05.068701+00:00,201,6814.816,
2026-09-08T19:32:03.165053+00:00,201,8727.408,
2026-09-08T19:31:13.098057+00:00,201,58817.378,
2026-09-08T19:31:30.146512+00:00,201,41770.544,
2026-09-08T19:31:44.622896+00:00,201,27300.223,
2026-09-08T19:32:11.697653+00:00,201,239.041,
2026-09-08T19:32:08.081256+00:00,201,3861.487,
2026-09-08T19:32:04.698097+00:00,201,7248.23,
2026-09-08T19:30:38.225520+00:00,201,93724.725,
2026-09-08T19:31:09.692878+00:00,201,62275.047,
2026-09-08T19:31:02.623900+00:00,201,69352.575,
2026-09-08T19:30:51.471695+00:00,201,80519.443,
2026-09-08T19:32:08.151756+00:00,201,3853.735,
2026-09-08T19:31:40.374388+00:00,201,31638.405,
2026-09-08T19:31:15.143170+00:00,201,56873.948,
2026-09-08T19:31:35.941701+00:00,201,36103.538,
2026-09-08T19:32:03.071736+00:00,201,8980.269,
2026-09-08T19:32:03.464942+00:00,201,8598.734,
2026-09-08T19:32:02.485951+00:00,201,9581.12,
2026-09-08T19:32:10.537898+00:00,201,1531.555,
2026-09-08T19:31:20.999152+00:00,201,51072.066,
2026-09-08T19:30:38.750241+00:00,201,93342.396,
2026-09-08T19:31:26.682419+00:00,201,45419.14,
2026-09-08T19:30:36.406947+00:00,201,95697.616,
2026-09-08T19:30:42.107869+00:00,201,90001.061,
2026-09-08T19:31:49.001011+00:00,201,23152.195,
2026-09-08T19:32:04.260056+00:00,201,7906.404,
2026-09-08T19:31:21.180617+00:00,201,50999.715,
2026-09-08T19:30:39.270530+00:00,201,92932.281,
2026-09-08T19:31:59.741370+00:00,201,12463.957,
2026-09-08T19:31:08.822851+00:00,201,63393.896,
2026-09-08T19:31:59.014692+00:00,201,13205.23,
2026-09-08T19:31:45.645861+00:00,201,26597.981,
2026-09-08T19:30:50.724667+00:00,201,81534.821,
2026-09-08T19:32:04.453670+00:00,201,7811.102,
2026-09-08T19:31:26.261384+00:00,201,46071.23,
2026-09-08T19:30:43.649880+00:00,201,88685.756,
2026-09-08T19:32:03.833099+00:00,201,8507.158,
2026-09-08T19:31:46.552466+00:00,201,25796.341,
2026-09-08T19:32:02.469379+00:00,201,9881.923,
2026-09-08T19:32:00.786250+00:00,201,11574.3,
2026-09-08T19:31:52.465608+00:00,201,19905.79,
2026-09-08T19:31:16.445513+00:00,201,55942.499,
2026-09-08T19:30:58.046980+00:00,201,74366.932,
2026-09-08T19:32:04.721997+00:00,201,7706.153,
2026-09-08T19:31:06.496918+00:00,201,65949.004,
2026-09-08T19:32:10.496505+00:00,201,1953.606,
2026-09-08T19:32:07.637570+00:00,201,4824.425,
2026-09-08T19:31:39.494346+00:00,201,33005.292,
2026-09-08T19:31:58.692067+00:00,201,13809.733,
2026-09-08T19:31:58.699937+00:00,201,13809.089,
2026-09-08T19:31:28.845960+00:00,201,43666.903,
2026-09-08T19:32:12.332689+00:00,201,215.714,
2026-09-08T19:30:34.455412+00:00,201,98098.847,
2026-09-08T19:31:47.031308+00:00,201,25524.562,
2026-09-08T19:31:18.121737+00:00,201,54439.622,
2026-09-08T19:31:45.481313+00:00,201,27139.208,
2026-09-08T19:32:04.593763+00:00,201,8030.208,
2026-09-08T19:32:05.576737+00:00,201,7056.726,
2026-09-08T19:32:04.776802+00:00,201,7859.637,
2026-09-08T19:32:00.569566+00:00,201,12072.018,
2026-09-08T19:31:59.630906+00:00,201,13013.488,
2026-09-08T19:31:21.041200+00:00,201,51628.774,
2026-09-08T19:31:55.836197+00:00,201,16836.403,
2026-09-08T19:32:10.321085+00:00,201,2379.679,
2026-09-08T19:32:04.461720+00:00,201,8246.1,
2026-09-08T19:30:29.897769+00:00,201,102821.262,
2026-09-08T19:32:10.782716+00:00,201,1941.778,
2026-09-08T19:31:53.609123+00:00,201,19122.084,
2026-09-08T19:31:45.191746+00:00,201,27566.441,
2026-09-08T19:32:03.938732+00:00,201,8824.379,
2026-09-08T19:31:17.546748+00:00,201,55225.264,
2026-09-08T19:32:12.548412+00:00,201,233.68,
2026-09-08T19:31:41.209296+00:00,201,31579.637,
2026-09-08T19:31:45.900356+00:00,201,26907.587,
2026-09-08T19:31:42.323330+00:00,201,30487.18,
2026-09-08T19:31:52.220747+00:00,201,20598.818,
2026-09-08T19:31:15.544559+00:00,201,57331.792,
2026-09-08T19:32:02.172644+00:00,201,10714.442,
2026-09-08T19:31:04.855507+00:00,201,68035.191,
2026-09-08T19:32:02.813911+00:00,201,10081.999,
2026-09-08T19:31:36.549046+00:00,201,36363.769,
2026-09-08T19:32:10.677936+00:00,201,2245.51,
2026-09-08T19:31:45.810445+00:00,201,27121.902,
2026-09-08T19:31:28.867756+00:00,201,44072.256,
2026-09-08T19:31:52.760908+00:00,201,20181.725,
2026-09-08T19:32:01.244231+00:00,201,11703.029,
2026-09-08T19:32:10.173261+00:00,201,2779.707,
2026-09-08T19:31:16.758286+00:00,201,56196.125,
2026-09-08T19:31:37.036469+00:00,201,35924.445,
2026-09-08T19:31:38.094748+00:00,201,34871.25,
2026-09-08T19:31:39.197405+00:00,201,33770.175,
2026-09-08T19:31:38.686985+00:00,201,34289.437,
2026-09-08T19:31:56.054322+00:00,201,16961.265,
2026-09-08T19:31:14.030455+00:00,201,58986.445,
2026-09-08T19:32:03.691683+00:00,201,9329.027,
2026-09-08T19:31:22.076729+00:00,201,50964.974,
2026-09-08T19:32:12.807987+00:00,201,238.723,
2026-09-08T19:31:26.509152+00:00,201,46543.179,
2026-09-08T19:32:04.197123+00:00,201,8858.97,
2026-09-08T19:32:11.102507+00:00,201,1969.116,
2026-09-08T19:32:02.407688+00:00,201,10668.54,
2026-09-08T19:31:46.678235+00:00,201,26413.264,
2026-09-08T19:31:14.973472+00:00,201,58119.961,
2026-09-08T19:30:43.515146+00:00,201,89581.696,
2026-09-08T19:31:30.243304+00:00,201,42869.981,
2026-09-08T19:32:07.116806+00:00,201,6008.65,
2026-09-08T19:30:41.470768+00:00,201,91666.33,
2026-09-08T19:31:22.099730+00:00,201,51040.251,
2026-09-08T19:31:21.654825+00:00,201,51497.576,
2026-09-08T19:31:51.697646+00:00,201,21502.905,
2026-09-08T19:32:03.380018+00:00,201,9827.306,
2026-09-08T19:31:40.994293+00:00,201,32216.412,
2026-09-08T19:32:11.238798+00:00,201,1973.409,
2026-09-08T19:31:28.688877+00:00,201,44528.112,
2026-09-08T19:31:16.568401+00:00,201,56676.223,
2026-09-08T19:32:11.579502+00:00,201,1676.799,
2026-09-08T19:32:00.102033+00:00,201,13158.596,
2026-09-08T19:32:07.470734+00:00,201,5807.124,
2026-09-08T19:32:08.020031+00:00,201,5259.29,
2026-09-08T19:31:53.476039+00:00,201,19806.876,
2026-09-08T19:31:40.953489+00:00,201,32339.47,
2026-09-08T19:31:21.849733+00:00,201,51449.113,
2026-09-08T19:30:18.988764+00:00,201,114312.853,
2026-09-08T19:31:21.117370+00:00,201,52202.994,
2026-09-08T19:31:21.888238+00:00,201,51447.903,
2026-09-08T19:31:48.334128+00:00,201,25009.526,
2026-09-08T19:31:07.472545+00:00,201,65884.25,
2026-09-08T19:31:52.388727+00:00,201,20989.665,
2026-09-08T19:31:58.106582+00:00,201,15273.614,
2026-09-08T19:31:24.423435+00:00,201,48989.864,
2026-09-08T19:31:20.301534+00:00,201,53130.186,
2026-09-08T19:31:22.874463+00:00,201,50563.67,
2026-09-08T19:32:13.200590+00:00,201,248.683,
2026-09-08T19:31:57.817660+00:00,201,15670.32,
2026-09-08T19:32:12.101629+00:00,201,1393.48,
2026-09-08T19:31:39.520630+00:00,201,33981.207,
2026-09-08T19:31:29.363166+00:00,201,44144.361,
2026-09-08T19:31:16.378451+00:00,201,57135.616,
2026-09-08T19:31:36.828084+00:00,201,36693.367,
2026-09-08T19:31:56.414760+00:00,201,17110.415,
2026-09-08T19:32:02.815310+00:00,201,10712.848,
2026-09-08T19:30:35.916962+00:00,201,97612.56,
2026-09-08T19:31:04.772454+00:00,201,68771.676,
2026-09-08T19:31:53.306447+00:00,201,20244.047,
2026-09-08T19:31:06.317017+00:00,201,67235.651,
2026-09-08T19:31:52.098804+00:00,201,21559.083,
2026-09-08T19:32:10.744751+00:00,201,2941.631,
2026-09-08T19:31:30.672891+00:00,201,43017.741,
2026-09-08T19:32:01.834331+00:00,201,11886.542,
2026-09-08T19:31:39.965485+00:00,201,33758.98,
2026-09-08T19:30:47.604238+00:00,201,86136.243,
2026-09-08T19:32:02.831083+00:00,201,10912.115,
2026-09-08T19:31:36.168568+00:00,201,37591.209,
2026-09-08T19:31:58.407116+00:00,201,15355.84,
2026-09-08T19:31:32.169127+00:00,201,41600.002,
2026-09-08T19:32:01.278962+00:00,201,12508.505,
2026-09-08T19:32:01.458605+00:00,201,12330.298,
2026-09-08T19:31:29.866871+00:00,201,43925.968,
2026-09-08T19:31:45.637862+00:00,201,28163.002,
2026-09-08T19:31:39.623907+00:00,201,34207.019,
2026-09-08T19:31:41.769401+00:00,201,32066.261,
2026-09-08T19:31:54.720519+00:00,201,19140.037,
2026-09-08T19:31:42.014413+00:00,201,31863.2,
2026-09-08T19:31:39.674732+00:00,201,34210.076,
2026-09-08T19:32:04.972877+00:00,201,8924.969,
2026-09-08T19:31:10.566584+00:00,201,63347.98,
2026-09-08T19:31:47.500452+00:00,201,26415.553,
2026-09-08T19:32:02.308755+00:00,201,11609.327,
2026-09-08T19:31:14.809368+00:00,201,59115.645,
2026-09-08T19:32:03.725162+00:00,201,10217.243,
2026-09-08T19:31:21.938943+00:00,201,52029.483,
2026-09-08T19:32:01.330387+00:00,201,12642.692,
2026-09-08T19:31:51.267847+00:00,201,22713.598,
2026-09-08T19:31:53.826317+00:00,201,20160.899,
2026-09-08T19:32:00.092589+00:00,201,13899.132,
2026-09-08T19:31:36.813939+00:00,201,37198.576,
2026-09-08T19:31:01.102377+00:00,201,72923.074,
2026-09-08T19:32:04.112620+00:00,201,9935.638,
2026-09-08T19:32:12.180410+00:00,201,1880.426,
2026-09-08T19:31:15.164465+00:00,201,58903.211,
2026-09-08T19:32:05.772241+00:00,201,8313.186,
2026-09-08T19:31:55.467411+00:00,201,18625.781,
2026-09-08T19:32:01.546221+00:00,201,12559.577,
2026-09-08T19:31:52.808165+00:00,201,21305.806,
2026-09-08T19:32:00.914211+00:00,201,13210.326,
2026-09-08T19:30:52.770845+00:00,201,81358.734,
2026-09-08T19:32:01.400284+00:00,201,12735.861,
2026-09-08T19:31:41.759311+00:00,201,32389.391,
2026-09-08T19:31:45.198779+00:00,201,28956.552,
2026-09-08T19:31:42.631189+00:00,201,31530.426,
2026-09-08T19:31:56.763031+00:00,201,17401.289,
2026-09-08T19:31:41.234702+00:00,201,32951.069,
2026-09-08T19:31:58.205595+00:00,201,15984.668,
2026-09-08T19:31:59.507289+00:00,201,14703.139,
2026-09-08T19:30:42.996680+00:00,201,91218.002,
2026-09-08T19:31:41.211887+00:00,201,33011.437,
2026-09-08T19:31:42.762425+00:00,201,31506.081,
2026-09-08T19:31:45.110615+00:00,201,29162.165,
2026-09-08T19:32:01.874535+00:00,201,12402.286,
2026-09-08T19:31:55.291046+00:00,201,18999.863,
2026-09-08T19:31:14.365685+00:00,201,59946.726,
2026-09-08T19:32:11.476803+00:00,201,2838.184,
2026-09-08T19:32:00.031535+00:00,201,14308.605,
2026-09-08T19:32:02.569765+00:00,201,11778.325,
2026-09-08T19:31:42.138576+00:00,201,32251.297,
2026-09-08T19:30:44.010527+00:00,201,90392.17,
2026-09-08T19:31:43.415273+00:00,201,30998.049,
2026-09-08T19:31:52.990722+00:00,201,21463.652,
2026-09-08T19:31:57.842734+00:00,201,16631.325,
2026-09-08T19:32:11.412122+00:00,201,3121.642,
2026-09-08T19:31:02.388619+00:00,201,72147.275,
2026-09-08T19:31:55.182354+00:00,201,19372.093,
2026-09-08T19:30:42.459372+00:00,201,92096.563,
2026-09-08T19:32:13.690699+00:00,201,878.271,
2026-09-08T19:31:02.748928+00:00,201,71822.19,
2026-09-08T19:31:42.547244+00:00,201,32033.992,
2026-09-08T19:31:28.826144+00:00,201,45756.6,
2026-09-08T19:32:14.340166+00:00,201,255.04,
2026-09-08T19:31:51.795265+00:00,201,22811.336,
2026-09-08T19:31:53.829040+00:00,201,20794.173,
2026-09-08T19:30:54.908331+00:00,201,79727.25,
2026-09-08T19:32:11.750697+00:00,201,2889.238,
2026-09-08T19:30:53.963429+00:00,201,80677.884,
2026-09-08T19:32:11.170432+00:00,201,3477.339,
2026-09-08T19:32:05.183763+00:00,201,9483.274,
2026-09-08T19:30:44.638541+00:00,201,90031.78,
2026-09-08T19:31:51.311939+00:00,201,23361.759,
2026-09-08T19:32:01.419725+00:00,201,13266.931,
2026-09-08T19:31:54.997695+00:00,201,19691.232,
2026-09-08T19:31:40.662638+00:00,201,34040.218,
2026-09-08T19:32:11.443502+00:00,201,3300.098,
2026-09-08T19:31:49.230836+00:00,201,25530.434,
2026-09-08T19:31:58.618979+00:00,201,16193.824,
2026-09-08T19:30:35.625261+00:00,201,99190.196,
2026-09-08T19:31:18.194848+00:00,201,56638.41,
2026-09-08T19:32:14.048281+00:00,201,786.709,
2026-09-08T19:31:45.586123+00:00,201,29259.221,
2026-09-08T19:31:13.457892+00:00,201,61424.677,
2026-09-08T19:31:48.965086+00:00,201,25934.3,
2026-09-08T19:30:44.233840+00:00,201,90667.738,
2026-09-08T19:32:05.341412+00:00,201,9563.231,
2026-09-08T19:32:09.997838+00:00,201,4912.209,
2026-09-08T19:31:18.839762+00:00,201,56093.151,
2026-09-08T19:32:01.006846+00:00,201,13942.994,
2026-09-08T19:30:59.584705+00:00,201,75367.87,
2026-09-08T19:31:07.091326+00:00,201,67864.13,
2026-09-08T19:31:38.352210+00:00,201,36613.765,
2026-09-08T19:31:05.917636+00:00,201,69077.115,
2026-09-08T19:32:02.608252+00:00,201,12389.354,
2026-09-08T19:31:27.849576+00:00,201,47151.293,
2026-09-08T19:31:54.585127+00:00,201,20421.722,
2026-09-08T19:30:41.304626+00:00,201,93737.142,
2026-09-08T19:31:59.736447+00:00,201,15311.043,
2026-09-08T19:31:54.103094+00:00,201,20988.144,
2026-09-08T19:31:41.526923+00:00,201,33566.99,
2026-09-08T19:32:13.743219+00:00,201,1356.287,
2026-09-08T19:31:58.471741+00:00,201,16634.931,
2026-09-08T19:32:14.899432+00:00,201,222.276,
2026-09-08T19:32:09.487434+00:00,201,5648.376,
2026-09-08T19:31:45.011501+00:00,201,30151.166,
2026-09-08T19:31:46.986167+00:00,201,28178.87,
2026-09-08T19:31:21.002284+00:00,201,54176.663,
2026-09-08T19:32:05.109810+00:00,201,10071.326,
2026-09-08T19:31:41.051227+00:00,201,34145.58,
2026-09-08T19:31:30.761868+00:00,201,44438.85,
2026-09-08T19:31:36.727098+00:00,201,38478.877,
2026-09-08T19:32:10.028225+00:00,201,5184.38,
2026-09-08T19:32:05.140308+00:00,201,10076.977,
2026-09-08T19:32:12.623988+00:00,201,2599.463,
2026-09-08T19:31:28.535381+00:00,201,46692.602,
2026-09-08T19:32:02.011701+00:00,201,13227.307,
2026-09-08T19:31:54.249939+00:00,201,21001.366,
2026-09-08T19:31:58.231833+00:00,201,17024.382,
2026-09-08T19:30:59.680203+00:00,201,75581.727,
2026-09-08T19:31:59.226105+00:00,201,16039.429,
2026-09-08T19:32:04.514777+00:00,201,10755.519,
2026-09-08T19:31:56.097889+00:00,201,19186.739,
2026-09-08T19:31:09.491698+00:00,201,65795.933,
2026-09-08T19:32:08.859489+00:00,201,6463.526,
2026-09-08T19:32:01.959333+00:00,201,13386.065,
2026-09-08T19:32:15.121715+00:00,201,237.731,
2026-09-08T19:31:22.308214+00:00,201,53058.596,
2026-09-08T19:30:33.600237+00:00,201,101798.051,
2026-09-08T19:30:39.460782+00:00,201,95975.978,
2026-09-08T19:31:29.507502+00:00,201,45931.859,
2026-09-08T19:32:12.554406+00:00,201,2895.502,
2026-09-08T19:31:51.597182+00:00,201,23855.303,
2026-09-08T19:30:41.860733+00:00,201,93596.859,
2026-09-08T19:32:13.800909+00:00,201,1665.945,
2026-09-08T19:31:08.997836+00:00,201,66475.787,
2026-09-08T19:31:58.111532+00:00,201,17363.585,
2026-09-08T19:31:09.438116+00:00,201,66061.371,
2026-09-08T19:31:18.496104+00:00,201,57005.163,
2026-09-08T19:31:00.679574+00:00,201,74831.496,
2026-09-08T19:31:48.906732+00:00,201,26608.66,
2026-09-08T19:32:13.835714+00:00,201,1684.442,
2026-09-08T19:31:14.779811+00:00,201,60743.49,
2026-09-08T19:32:02.256966+00:00,201,13284.838,
2026-09-08T19:32:10.024976+00:00,201,5536.789,
2026-09-08T19:31:11.423377+00:00,201,64149.269,
2026-09-08T19:31:12.515190+00:00,201,63084.638,
2026-09-08T19:31:56.058714+00:00,201,19547.593,
2026-09-08T19:31:07.717121+00:00,201,67896.743,
2026-09-08T19:31:01.226093+00:00,201,74403.627,
2026-09-08T19:30:46.793706+00:00,201,88853.556,
2026-09-08T19:32:14.641435+00:00,201,1008.503,
2026-09-08T19:31:50.502184+00:00,201,25155.074,
2026-09-08T19:32:05.187720+00:00,201,10473.611,
2026-09-08T19:31:55.600093+00:00,201,20068.692,
2026-09-08T19:31:22.824604+00:00,201,52859.368,
2026-09-08T19:31:29.583987+00:00,201,46115.406,
2026-09-08T19:31:32.424744+00:00,201,43280.796,
2026-09-08T19:31:49.132361+00:00,201,26582.458,
2026-09-08T19:31:41.552814+00:00,201,34166.282,
2026-09-08T19:31:21.905722+00:00,201,53822.637,
2026-09-08T19:31:59.099951+00:00,201,16634.578,
2026-09-08T19:32:13.449282+00:00,201,2292.37,
2026-09-08T19:31:50.351705+00:00,201,25399.991,
2026-09-08T19:31:22.445475+00:00,201,53309.453,
2026-09-08T19:31:49.951837+00:00,201,25815.709,
2026-09-08T19:31:10.581201+00:00,201,65211.408,
2026-09-08T19:32:00.753020+00:00,201,15045.907,
2026-09-08T19:31:43.477497+00:00,201,32325.834,
2026-09-08T19:32:06.982658+00:00,201,8834.83,
2026-09-08T19:31:59.990297+00:00,201,15842.545,
2026-09-08T19:31:12.285927+00:00,201,63566.832,
2026-09-08T19:31:10.624395+00:00,201,65229.614,
2026-09-08T19:32:01.814348+00:00,201,14051.375,
2026-09-08T19:31:22.051445+00:00,201,53823.307,
2026-09-08T19:32:03.184355+00:00,201,12706.017,
2026-09-08T19:30:31.582323+00:00,201,104309.357,
2026-09-08T19:31:37.575062+00:00,201,38334.272,
2026-09-08T19:31:21.311814+00:00,201,54624.016,
2026-09-08T19:31:55.399268+00:00,201,20548.58,
2026-09-08T19:31:04.207066+00:00,201,71746.392,
2026-09-08T19:31:43.127003+00:00,201,32850.469,
2026-09-08T19:31:43.130100+00:00,201,32853.431,
2026-09-08T19:32:10.574682+00:00,201,5414.26,
2026-09-08T19:31:53.286156+00:00,201,22710.716,
2026-09-08T19:31:18.854052+00:00,201,57153.836,
2026-09-08T19:32:10.251682+00:00,201,5758.179,
2026-09-08T19:31:58.517143+00:00,201,17506.332,
2026-09-08T19:32:07.836887+00:00,201,8198.64,
2026-09-08T19:31:08.874195+00:00,201,67177.505,
2026-09-08T19:31:45.218451+00:00,201,30841.136,
2026-09-08T19:32:01.627556+00:00,201,14436.101,
2026-09-08T19:32:10.127934+00:00,201,5937.743,
2026-09-08T19:30:43.470191+00:00,201,92603.309,
2026-09-08T19:32:03.339238+00:00,201,12769.427,
2026-09-08T19:31:48.301464+00:00,201,27810.078,
2026-09-08T19:30:53.214056+00:00,201,82902.996,
2026-09-08T19:32:01.836988+00:00,201,14283.132,
2026-09-08T19:31:59.376679+00:00,201,16750.995,
2026-09-08T19:31:52.348732+00:00,201,23780.071,
2026-09-08T19:31:42.463550+00:00,201,33674.844,
2026-09-08T19:31:06.065696+00:00,201,70082.402,
2026-09-08T19:30:42.428107+00:00,201,93739.512,
2026-09-08T19:32:05.157407+00:00,201,11013.365,
2026-09-08T19:31:42.086151+00:00,201,34086.896,
2026-09-08T19:31:21.228480+00:00,201,54953.193,
2026-09-08T19:30:48.027560+00:00,201,88164.272,
2026-09-08T19:32:11.649876+00:00,201,4552.72,
2026-09-08T19:30:49.377688+00:00,201,86829.527,
2026-09-08T19:31:50.972774+00:00,201,25242.011,
2026-09-08T19:31:41.419554+00:00,201,34809.912,
2026-09-08T19:30:40.971069+00:00,201,95266.163,
2026-09-08T19:32:03.167303+00:00,201,13086.388,
2026-09-08T19:30:43.602497+00:00,201,92658.208,
2026-09-08T19:32:04.437257+00:00,201,11826.466,
2026-09-08T19:32:00.664573+00:00,201,15602.741,
2026-09-08T19:32:02.420305+00:00,201,13850.894,
2026-09-08T19:31:06.829877+00:00,201,69453.272,
2026-09-08T19:31:15.507463+00:00,201,60784.571,
2026-09-08T19:31:30.246697+00:00,201,46047.94,
2026-09-08T19:31:46.039279+00:00,201,30258.538,
2026-09-08T19:31:59.494073+00:00,201,16814.208,
2026-09-08T19:32:03.509969+00:00,201,12799.604,
2026-09-08T19:32:16.148205+00:00,201,174.626,
2026-09-08T19:31:42.977693+00:00,201,33346.22,
2026-09-08T19:31:44.970859+00:00,201,31356.737,
2026-09-08T19:31:10.024202+00:00,201,66310.515,
2026-09-08T19:32:07.072572+00:00,201,9271.132,
2026-09-08T19:31:52.801633+00:00,201,23543.438,
2026-09-08T19:32:11.402704+00:00,201,4958.15,
2026-09-08T19:31:19.476048+00:00,201,56889.072,
2026-09-08T19:31:29.403704+00:00,201,46993.392,
2026-09-08T19:31:45.657080+00:00,201,30744.948,
2026-09-08T19:31:46.442897+00:00,201,29971.137,
2026-09-08T19:31:53.444051+00:00,201,22986.865,
2026-09-08T19:31:44.311416+00:00,201,32129.449,
2026-09-08T19:31:44.359512+00:00,201,32091.396,
2026-09-08T19:31:57.238507+00:00,201,19224.721,
2026-09-08T19:30:56.364830+00:00,201,80116.98,
2026-09-08T19:31:21.864529+00:00,201,54626.74,
2026-09-08T19:32:15.520164+00:00,201,972.763,
2026-09-08T19:31:19.711507+00:00,201,56787.561,
2026-09-08T19:31:29.931756+00:00,201,46575.31,
2026-09-08T19:31:46.398167+00:00,201,30124.189,
2026-09-08T19:31:12.853918+00:00,201,63676.653,
2026-09-08T19:31:54.866732+00:00,201,21670.411,
2026-09-08T19:31:01.403706+00:00,201,75138.906,
2026-09-08T19:31:37.292339+00:00,201,39273.972,
2026-09-08T19:31:28.802642+00:00,201,47766.243,
2026-09-08T19:31:12.233522+00:00,201,64338.01,
2026-09-08T19:31:10.963850+00:00,201,65621.415,
2026-09-08T19:31:29.496592+00:00,201,47094.023,
2026-09-08T19:31:37.288269+00:00,201,39316.293,
2026-09-08T19:32:13.320444+00:00,201,3285.222,
2026-09-08T19:32:04.538515+00:00,201,12070.804,
2026-09-08T19:32:16.430955+00:00,201,179.569,
2026-09-08T19:30:59.394318+00:00,201,77226.099,
2026-09-08T19:32:16.440918+00:00,201,181.341,
2026-09-08T19:32:16.481930+00:00,201,160.778,
2026-09-08T19:32:00.445022+00:00,201,16227.341,
2026-09-08T19:31:39.117646+00:00,201,37571.897,
2026-09-08T19:31:46.091055+00:00,201,30600.651,
2026-09-08T19:32:11.381463+00:00,201,5312.573,
2026-09-08T19:31:48.710594+00:00,201,27993.419,
2026-09-08T19:32:10.688881+00:00,201,6016.243,
2026-09-08T19:32:16.537180+00:00,201,173.609,
2026-09-08T19:32:13.686395+00:00,201,3027.316,
2026-09-08T19:31:41.828477+00:00,201,34891.255,
2026-09-08T19:31:07.223189+00:00,201,69513.579,
2026-09-08T19:31:39.924223+00:00,201,36820.08,
2026-09-08T19:31:52.824960+00:00,201,23920.476,
2026-09-08T19:32:15.251344+00:00,201,1500.607,
2026-09-08T19:32:00.160734+00:00,201,16593.795,
2026-09-08T19:31:03.335451+00:00,201,73445.089,
2026-09-08T19:32:15.106702+00:00,201,1684.403,
2026-09-08T19:31:57.622709+00:00,201,19170.205,
2026-09-08T19:32:03.445697+00:00,201,13349.59,
2026-09-08T19:32:11.883531+00:00,201,4915.166,
2026-09-08T19:31:41.044856+00:00,201,35761.012,
2026-09-08T19:32:01.052937+00:00,201,15762.156,
2026-09-08T19:32:01.099504+00:00,201,15716.829,
2026-09-08T19:31:42.302101+00:00,201,34520.706,
2026-09-08T19:32:14.623250+00:00,201,2201.197,
2026-09-08T19:31:52.529125+00:00,201,24299.784,
2026-09-08T19:32:00.033863+00:00,201,16797.14,
2026-09-08T19:32:04.482199+00:00,201,12385.785,
2026-09-08T19:31:42.664568+00:00,201,34217.644,
2026-09-08T19:32:07.484955+00:00,201,9400.179,
2026-09-08T19:31:30.703506+00:00,201,46187.214,
2026-09-08T19:31:13.555520+00:00,201,63341.358,
2026-09-08T19:30:55.450871+00:00,201,81454.86,
2026-09-08T19:31:50.541660+00:00,201,26380.945,
2026-09-08T19:32:11.039945+00:00,201,5889.614,
2026-09-08T19:31:14.187783+00:00,201,62745.067,
2026-09-08T19:31:43.336962+00:00,201,33597.977,
2026-09-08T19:32:16.754561+00:00,201,187.909,
2026-09-08T19:31:56.688099+00:00,201,20256.753,
2026-09-08T19:31:59.408758+00:00,201,17548.783,
2026-09-08T19:32:06.373125+00:00,201,10594.445,
2026-09-08T19:31:42.916446+00:00,201,34062.402,
2026-09-08T19:32:02.928359+00:00,201,14054.811,
2026-09-08T19:31:06.812487+00:00,201,70182.404,
2026-09-08T19:32:11.625360+00:00,201,5378.267,
2026-09-08T19:31:44.680053+00:00,201,32326.921,
2026-09-08T19:31:42.278003+00:00,201,34731.999,
2026-09-08T19:31:57.319620+00:00,201,19697.924,
2026-09-08T19:32:02.243097+00:00,201,14786.285,
2026-09-08T19:31:46.254258+00:00,201,30788.548,
2026-09-08T19:32:00.165374+00:00,201,16880.131,
2026-09-08T19:32:02.000139+00:00,201,15053.572,
2026-09-08T19:31:39.482273+00:00,201,37579.33,
2026-09-08T19:31:31.155238+00:00,201,45914.81,
2026-09-08T19:32:03.640535+00:00,201,13434.301,
2026-09-08T19:32:16.929574+00:00,201,152.791,
2026-09-08T19:32:01.116789+00:00,201,15967.133,
2026-09-08T19:31:58.323688+00:00,201,18767.713,
2026-09-08T19:32:16.922647+00:00,201,172.234,
2026-09-08T19:31:11.818020+00:00,201,65288.991,
2026-09-08T19:32:11.744571+00:00,201,5369.29,
2026-09-08T19:32:03.221155+00:00,201,13901.711,
2026-09-08T19:31:31.125780+00:00,201,45999.471,
2026-09-08T19:32:04.119784+00:00,201,13007.766,
2026-09-08T19:31:11.357355+00:00,201,65783.501,
2026-09-08T19:32:04.516216+00:00,201,12633.651,
2026-09-08T19:32:03.542622+00:00,201,13612.367,
2026-09-08T19:32:11.099206+00:00,201,6061.866,
2026-09-08T19:31:00.453663+00:00,201,76715.836,
2026-09-08T19:31:13.359964+00:00,201,63812.32,
2026-09-08T19:32:02.437861+00:00,201,14739.853,
2026-09-08T19:30:56.115023+00:00,201,81065.318,
2026-09-08T19:32:04.280310+00:00,201,12904.902,
2026-09-08T19:30:52.411396+00:00,201,84776.574,
2026-09-08T19:31:53.123113+00:00,201,24075.128,
2026-09-08T19:32:01.439342+00:00,201,15762.623,
2026-09-08T19:32:11.132939+00:00,201,6071.405,
2026-09-08T19:31:22.750792+00:00,201,54468.702,
2026-09-08T19:32:16.932947+00:00,201,310.431,
2026-09-08T19:31:43.364235+00:00,201,33912.422,
2026-09-08T19:31:58.875907+00:00,201,18408.535,
2026-09-08T19:32:05.037497+00:00,201,12260.262,
2026-09-08T19:31:37.618882+00:00,201,39685.599,
2026-09-08T19:31:39.312920+00:00,201,38000.323,
2026-09-08T19:31:45.318174+00:00,201,32004.222,
2026-09-08T19:31:51.967577+00:00,201,25357.315,
2026-09-08T19:31:02.061412+00:00,201,75290.492,
2026-09-08T19:31:05.919274+00:00,201,71448.539,
2026-09-08T19:32:03.716770+00:00,201,13667.107,
2026-09-08T19:31:53.993906+00:00,201,23396.32,
2026-09-08T19:31:56.831757+00:00,201,20565.922,
2026-09-08T19:32:16.167760+00:00,201,1232.744,
2026-09-08T19:32:02.970230+00:00,201,14432.541,
2026-09-08T19:31:46.005590+00:00,201,31401.106,
2026-09-08T19:32:16.059641+00:00,201,1355.905,
2026-09-08T19:32:17.243389+00:00,201,182.026,
2026-09-08T19:31:09.422765+00:00,201,68004.768,
2026-09-08T19:32:12.932390+00:00,201,4509.016,
2026-09-08T19:31:58.056103+00:00,201,19388.491,
2026-09-08T19:31:22.721482+00:00,201,54729.996,
2026-09-08T19:31:45.876214+00:00,201,31591.708,
2026-09-08T19:31:42.388764+00:00,201,35085.346,
2026-09-08T19:32:13.041782+00:00,201,4440.84,
2026-09-08T19:31:55.778264+00:00,201,21726.32,
2026-09-08T19:31:17.242479+00:00,201,60273.301,
2026-09-08T19:31:28.592919+00:00,201,48932.039,
2026-09-08T19:32:11.103925+00:00,201,6424.606,
2026-09-08T19:32:13.282952+00:00,201,4254.819,
2026-09-08T19:32:03.668332+00:00,201,13876.522,
2026-09-08T19:32:09.014983+00:00,201,8534.109,
2026-09-08T19:30:52.920267+00:00,201,84631.977,
2026-09-08T19:30:41.379200+00:00,201,96195.659,
2026-09-08T19:31:34.973643+00:00,201,42607.318,
2026-09-08T19:32:02.954699+00:00,201,14637.435,
2026-09-08T19:32:11.539634+00:00,201,6066.162,
2026-09-08T19:32:04.607951+00:00,201,13004.926,
2026-09-08T19:31:22.352789+00:00,201,55274.982,
2026-09-08T19:31:35.830349+00:00,201,41811.489,
2026-09-08T19:30:29.113850+00:00,201,108540.802,
2026-09-08T19:31:22.561841+00:00,201,55096.192,
2026-09-08T19:31:40.399909+00:00,201,37266.013,
2026-09-08T19:31:19.924547+00:00,201,57748.924,
2026-09-08T19:30:56.339478+00:00,201,81349.028,
2026-09-08T19:32:16.795314+00:00,201,911.028,
2026-09-08T19:31:30.153829+00:00,201,47554.401,
2026-09-08T19:32:02.147958+00:00,201,15572.715,
2026-09-08T19:31:55.713149+00:00,201,22021.633,
2026-09-08T19:32:14.667056+00:00,201,3090.676,
2026-09-08T19:31:52.521624+00:00,201,25243.474,
2026-09-08T19:31:00.212453+00:00,201,77561.828,
2026-09-08T19:31:14.313269+00:00,201,63468.233,
2026-09-08T19:30:27.959119+00:00,201,109831.088,
2026-09-08T19:32:06.774785+00:00,201,11016.839,
2026-09-08T19:32:11.923164+00:00,201,5870.229,
2026-09-08T19:32:15.909395+00:00,201,1886.223,
2026-09-08T19:31:15.288404+00:00,201,62514.465,
2026-09-08T19:31:55.416921+00:00,201,22392.487,
2026-09-08T19:32:10.135306+00:00,201,7678.691,
2026-09-08T19:31:43.585831+00:00,201,34235.694,
2026-09-08T19:32:04.534515+00:00,201,13297.984,
2026-09-08T19:31:38.195662+00:00,201,39647.283,
2026-09-08T19:32:04.541424+00:00,201,13308.831,
2026-09-08T19:31:56.018992+00:00,201,21834.748,
2026-09-08T19:30:49.089685+00:00,201,88780.482,
2026-09-08T19:32:14.129701+00:00,201,3756.929,
2026-09-08T19:30:50.951851+00:00,201,86970.5,
2026-09-08T19:32:02.220178+00:00,201,15704.558,
2026-09-08T19:32:03.918121+00:00,201,14018.253,
2026-09-08T19:31:30.001414+00:00,201,47950.185,
2026-09-08T19:32:00.649234+00:00,201,17306.761,
2026-09-08T19:32:01.179356+00:00,201,16786.734,
2026-09-08T19:32:14.276845+00:00,201,3697.522,
2026-09-08T19:32:10.970554+00:00,201,7007.205,
2026-09-08T19:32:04.967655+00:00,201,13017.913,
2026-09-08T19:31:53.896904+00:00,201,24108.488,
2026-09-08T19:31:23.505349+00:00,201,54501.568,
2026-09-08T19:31:20.036835+00:00,201,57979.51,
2026-09-08T19:31:53.132778+00:00,201,24894.024,
2026-09-08T19:32:16.181759+00:00,201,1852.055,
2026-09-08T19:31:03.083311+00:00,201,74961.503,
2026-09-08T19:31:17.050557+00:00,201,60995.797,
2026-09-08T19:32:02.828923+00:00,201,15224.687,
2026-09-08T19:31:49.748366+00:00,201,28309.626,
2026-09-08T19:32:01.476919+00:00,201,16585.401,
2026-09-08T19:32:16.792948+00:00,201,1284.554,
2026-09-08T19:32:15.728442+00:00,201,2355.305,
2026-09-08T19:32:16.780663+00:00,201,1308.209,
2026-09-08T19:32:03.302719+00:00,201,14799.043,
2026-09-08T19:31:52.379254+00:00,201,25723.761,
2026-09-08T19:31:53.507738+00:00,201,24606.14,
2026-09-08T19:31:22.804096+00:00,201,55311.359,
2026-09-08T19:30:56.682994+00:00,201,81442.252,
2026-09-08T19:31:01.596770+00:00,201,76535.338,
2026-09-08T19:32:09.300646+00:00,201,8832.797,
2026-09-08T19:32:03.194251+00:00,201,14966.226,
2026-09-08T19:31:52.080461+00:00,201,26086.477,
2026-09-08T19:31:43.489281+00:00,201,34690.992,
2026-09-08T19:31:22.884466+00:00,201,55316.365,
2026-09-08T19:31:35.464239+00:00,201,42740.73,
2026-09-08T19:32:04.175314+00:00,201,14039.404,
2026-09-08T19:31:52.346515+00:00,201,25875.485,
2026-09-08T19:31:07.312589+00:00,201,70926.603,
2026-09-08T19:31:17.708245+00:00,201,60534.785,
2026-09-08T19:32:12.264789+00:00,201,5991.025,
2026-09-08T19:32:02.163130+00:00,201,16093.778,
2026-09-08T19:31:21.113474+00:00,201,57151.667,
2026-09-08T19:32:11.623785+00:00,201,6642.669,
2026-09-08T19:32:11.991262+00:00,201,6291.633,
2026-09-08T19:32:13.137236+00:00,201,5160.846,
2026-09-08T19:32:16.816362+00:00,201,1490.894,
2026-09-08T19:31:07.743630+00:00,201,70565.59,
2026-09-08T19:32:12.371433+00:00,201,5954.111,
2026-09-08T19:31:55.949884+00:00,201,22385.692,
2026-09-08T19:31:38.694444+00:00,201,39648.149,
2026-09-08T19:32:00.320317+00:00,201,18028.274,
2026-09-08T19:31:07.073109+00:00,201,71277.924,
2026-09-08T19:32:10.990650+00:00,201,7364.384,
2026-09-08T19:32:01.311037+00:00,201,17055.795,
2026-09-08T19:31:59.860789+00:00,201,18518.289,
2026-09-08T19:31:01.062331+00:00,201,77336.54,
2026-09-08T19:32:12.672629+00:00,201,5739.719,
2026-09-08T19:32:17.045535+00:00,201,1375.446,
2026-09-08T19:32:05.118413+00:00,201,13304.904,
2026-09-08T19:31:38.244517+00:00,201,40189.024,
2026-09-08T19:31:16.264473+00:00,201,62171.113,
2026-09-08T19:32:13.046719+00:00,201,5390.224,
2026-09-08T19:31:59.992849+00:00,201,18453.064,
2026-09-08T19:31:14.610228+00:00,201,63842.384,
2026-09-08T19:32:03.926055+00:00,201,14539.107,
2026-09-08T19:31:37.173657+00:00,201,41294.685,
2026-09-08T19:31:36.683363+00:00,201,41819.019,
2026-09-08T19:32:04.053697+00:00,201,14451.305,
2026-09-08T19:32:17.007027+00:00,201,1503.754,
2026-09-08T19:32:09.789770+00:00,201,8733.879,
2026-09-08T19:31:44.307334+00:00,201,34217.597,
2026-09-08T19:31:58.462035+00:00,201,20066.25,
2026-09-08T19:32:12.428169+00:00,201,6123.176,
2026-09-08T19:31:56.488496+00:00,201,22080.256,
2026-09-08T19:32:13.762983+00:00,201,4815.345,
2026-09-08T19:32:18.398989+00:00,201,180.614,
2026-09-08T19:31:41.697905+00:00,201,36883.43,
2026-09-08T19:30:51.975057+00:00,201,86625.498,
2026-09-08T19:31:07.623186+00:00,201,70996.139,
2026-09-08T19:32:02.802777+00:00,201,15837.062,
2026-09-08T19:31:54.151179+00:00,201,24495.225,
2026-09-08T19:31:40.970369+00:00,201,37713.837,
2026-09-08T19:32:10.180694+00:00,201,8505.513,
2026-09-08T19:31:16.565737+00:00,201,62140.62,
2026-09-08T19:31:32.841040+00:00,201,45887.453,
2026-09-08T19:31:54.578895+00:00,201,24155.585,
2026-09-08T19:31:15.923961+00:00,201,62822.68,
2026-09-08T19:32:17.161085+00:00,201,1594.66,
2026-09-08T19:31:50.298284+00:00,201,28464.981,
2026-09-08T19:32:00.234969+00:00,201,18560.311,
2026-09-08T19:31:20.187415+00:00,201,58616.035,
2026-09-08T19:32:04.711247+00:00,201,14094.727,
2026-09-08T19:31:30.118495+00:00,201,48693.482,
2026-09-08T19:31:11.922372+00:00,201,66892.716,
2026-09-08T19:32:10.036330+00:00,201,8785.265,
2026-09-08T19:31:06.580543+00:00,201,72243.133,
2026-09-08T19:32:03.424076+00:00,201,15407.838,
2026-09-08T19:32:12.012848+00:00,201,6825.741,
2026-09-08T19:32:01.998066+00:00,201,16846.31,
2026-09-08T19:31:43.973703+00:00,201,34877.848,
2026-09-08T19:32:14.743611+00:00,201,4148.348,
2026-09-08T19:32:02.100801+00:00,201,16816.878,
2026-09-08T19:30:52.337073+00:00,201,86600.783,
2026-09-08T19:31:38.360812+00:00,201,40589.145,
2026-09-08T19:31:46.384546+00:00,201,32570.297,
2026-09-08T19:32:18.803541+00:00,201,152.664,
2026-09-08T19:31:21.116037+00:00,201,57851.927,
2026-09-08T19:32:04.137458+00:00,201,14833.313,
2026-09-08T19:32:00.575999+00:00,201,18397.627,
2026-09-08T19:31:30.123226+00:00,201,48852.578,
2026-09-08T19:31:54.058977+00:00,201,24918.657,
2026-09-08T19:32:12.788983+00:00,201,6198.413,
2026-09-08T19:32:02.776571+00:00,201,16240.206,
2026-09-08T19:31:59.328718+00:00,201,19694.178,
2026-09-08T19:31:39.346591+00:00,201,39682.41,
2026-09-08T19:31:55.062468+00:00,201,23994.004,
2026-09-08T19:32:09.667317+00:00,201,9391.236,
2026-09-08T19:31:30.221432+00:00,201,48858.899,
2026-09-08T19:31:07.976916+00:00,201,71105.058,
2026-09-08T19:32:12.890802+00:00,201,6193.995,
2026-09-08T19:31:27.659489+00:00,201,51429.029,
2026-09-08T19:32:10.087155+00:00,201,9006.914,
2026-09-08T19:31:58.088060+00:00,201,21009.499,
2026-09-08T19:32:15.262047+00:00,201,3837.464,
2026-09-08T19:32:08.323887+00:00,201,10787.992,
2026-09-08T19:32:03.236769+00:00,201,15882.963,
2026-09-08T19:30:52.346329+00:00,201,86788.922,
2026-09-08T19:31:41.605065+00:00,201,37535.587,
2026-09-08T19:31:52.736606+00:00,201,26407.329,
2026-09-08T19:32:14.272830+00:00,201,4878.345,
2026-09-08T19:31:21.972646+00:00,201,57183.675,
2026-09-08T19:31:59.885627+00:00,201,19281.991,
2026-09-08T19:31:59.875365+00:00,201,19318.276,
2026-09-08T19:31:38.353141+00:00,201,40877.928,
2026-09-08T19:32:14.635706+00:00,201,4600.789,
2026-09-08T19:32:11.179555+00:00,201,8061.198,
2026-09-08T19:31:39.339989+00:00,201,39901.945,
2026-09-08T19:31:50.428314+00:00,201,28830.063,
2026-09-08T19:31:57.042947+00:00,201,22220.559,
2026-09-08T19:32:08.173695+00:00,201,11092.094,
2026-09-08T19:32:15.647394+00:00,201,3633.153,
2026-09-08T19:31:22.110299+00:00,201,57173.367,
2026-09-08T19:30:42.965535+00:00,201,96331.0,
2026-09-08T19:31:35.419148+00:00,201,43906.635,
2026-09-08T19:31:42.885741+00:00,201,36444.647,
2026-09-08T19:31:48.835964+00:00,201,30503.524,
2026-09-08T19:31:50.923451+00:00,201,28423.338,
2026-09-08T19:31:50.975918+00:00,201,28373.5,
2026-09-08T19:32:02.318228+00:00,201,17042.696,
2026-09-08T19:31:23.998023+00:00,201,55366.192,
2026-09-08T19:32:13.918106+00:00,201,5453.511,
2026-09-08T19:31:57.566192+00:00,201,21806.483,
2026-09-08T19:32:17.795628+00:00,201,1601.793,
2026-09-08T19:32:03.810827+00:00,201,15593.295,
2026-09-08T19:32:16.978907+00:00,201,2427.852,
2026-09-08T19:31:59.306365+00:00,201,20122.736,
2026-09-08T19:31:45.431007+00:00,201,34000.923,
2026-09-08T19:31:29.341964+00:00,201,50102.815,
2026-09-08T19:31:45.904991+00:00,201,33541.53,
2026-09-08T19:30:54.779673+00:00,201,84686.821,
2026-09-08T19:31:06.809895+00:00,201,72658.012,
2026-09-08T19:31:00.589132+00:00,201,78881.455,
2026-09-08T19:31:12.141308+00:00,201,67331.224,
2026-09-08T19:30:49.979803+00:00,201,89516.211,
2026-09-08T19:31:50.557635+00:00,201,28943.2,
2026-09-08T19:32:07.677721+00:00,201,11834.794,
2026-09-08T19:32:04.996818+00:00,201,14535.503,
2026-09-08T19:32:18.968052+00:00,201,574.907,
2026-09-08T19:32:13.210758+00:00,201,6336.123,
2026-09-08T19:32:03.762936+00:00,201,15789.105,
2026-09-08T19:31:00.706780+00:00,201,78848.495,
2026-09-08T19:31:41.872398+00:00,201,37696.836,
2026-09-08T19:31:52.319570+00:00,201,27251.556,
2026-09-08T19:31:40.624596+00:00,201,38947.537,
2026-09-08T19:32:19.056514+00:00,201,536.572,
2026-09-08T19:31:16.162622+00:00,201,63431.588,
2026-09-08T19:32:00.047574+00:00,201,19550.95,
2026-09-08T19:32:05.150421+00:00,201,14456.341,
2026-09-08T19:31:53.416509+00:00,201,26215.498,
2026-09-08T19:31:49.498710+00:00,201,30136.943,
2026-09-08T19:31:05.221313+00:00,201,74415.617,
2026-09-08T19:31:57.158424+00:00,201,22495.174,
2026-09-08T19:32:04.974568+00:00,201,14686.622,
2026-09-08T19:32:15.270318+00:00,201,4395.822,
2026-09-08T19:32:04.061884+00:00,201,15607.718,
2026-09-08T19:32:04.798195+00:00,201,14876.26,
2026-09-08T19:30:55.331094+00:00,201,84345.558,
2026-09-08T19:32:13.380225+00:00,201,6307.054,
2026-09-08T19:32:15.200785+00:00,201,4489.327,
2026-09-08T19:31:40.695907+00:00,201,39009.969,
2026-09-08T19:32:11.794635+00:00,201,7925.34,
2026-09-08T19:31:59.147850+00:00,201,20573.453,
2026-09-08T19:31:39.269891+00:00,201,40474.554,
2026-09-08T19:31:14.478882+00:00,201,65272.76,
2026-09-08T19:32:03.142718+00:00,201,16610.724,
2026-09-08T19:31:59.934514+00:00,201,19822.708,
2026-09-08T19:31:58.635611+00:00,201,21123.745,
2026-09-08T19:32:18.222044+00:00,201,1543.153,
2026-09-08T19:31:20.712463+00:00,201,59067.287,
2026-09-08T19:32:10.324209+00:00,201,9456.54,
2026-09-08T19:31:37.761321+00:00,201,42023.249,
2026-09-08T19:32:04.391008+00:00,201,15395.553,
2026-09-08T19:32:11.106746+00:00,201,8687.361,
2026-09-08T19:32:17.313305+00:00,201,2487.517,
2026-09-08T19:31:47.111264+00:00,201,32691.6,
2026-09-08T19:31:02.374928+00:00,201,77430.232,
2026-09-08T19:32:01.675740+00:00,201,18131.745,
2026-09-08T19:32:00.609578+00:00,201,19200.831,
2026-09-08T19:32:14.673736+00:00,201,5155.431,
2026-09-08T19:31:44.145828+00:00,201,35707.095,
2026-09-08T19:30:58.948508+00:00,201,80909.532,
2026-09-08T19:31:39.756021+00:00,201,40108.192,
2026-09-08T19:31:10.059913+00:00,201,69814.875,
2026-09-08T19:31:37.057346+00:00,201,42828.911,
2026-09-08T19:32:05.191810+00:00,201,14702.663,
2026-09-08T19:31:29.997000+00:00,201,49903.026,
2026-09-08T19:31:44.181195+00:00,201,35725.799,
2026-09-08T19:32:11.808203+00:00,201,8103.928,
2026-09-08T19:32:14.702912+00:00,201,5220.907,
2026-09-08T19:30:56.515050+00:00,201,83412.69,
2026-09-08T19:32:19.744514+00:00,201,189.217,
2026-09-08T19:31:52.968732+00:00,201,26977.693,
2026-09-08T19:32:18.812054+00:00,201,1172.75,
2026-09-08T19:31:50.434559+00:00,201,29560.677,
2026-09-08T19:31:40.307054+00:00,201,39689.287,
2026-09-08T19:32:03.974138+00:00,201,16023.334,
2026-09-08T19:32:14.124564+00:00,201,5874.099,
2026-09-08T19:31:48.367452+00:00,201,31632.445,
2026-09-08T19:32:11.892480+00:00,201,8109.239,
2026-09-08T19:31:58.698757+00:00,201,21304.645,
2026-09-08T19:30:26.814947+00:00,201,113190.363,
2026-09-08T19:31:53.056672+00:00,201,26950.157,
2026-09-08T19:32:18.528319+00:00,201,1479.968,
2026-09-08T19:32:02.860823+00:00,201,17149.008,
2026-09-08T19:31:12.629360+00:00,201,67381.881,
2026-09-08T19:31:28.972913+00:00,201,51039.897,
2026-09-08T19:30:42.163110+00:00,201,97851.243,
2026-09-08T19:32:11.309219+00:00,201,8706.785,
2026-09-08T19:32:11.325518+00:00,201,8692.075,
2026-09-08T19:32:10.707600+00:00,201,9311.616,
2026-09-08T19:32:01.128948+00:00,201,18891.929,
2026-09-08T19:32:18.325560+00:00,201,1697.178,
2026-09-08T19:32:17.094886+00:00,201,2929.776,
2026-09-08T19:31:49.436928+00:00,201,30592.16,
2026-09-08T19:31:00.540270+00:00,201,79505.77,
2026-09-08T19:31:58.259251+00:00,201,21816.301,
2026-09-08T19:30:41.645367+00:00,201,98445.548,
2026-09-08T19:31:12.828772+00:00,201,67285.928,
2026-09-08T19:31:45.443935+00:00,201,34674.41,
2026-09-08T19:32:07.828466+00:00,201,12299.216,
2026-09-08T19:32:15.649943+00:00,201,4497.607,
2026-09-08T19:31:39.437450+00:00,201,40717.361,
2026-09-08T19:32:11.724287+00:00,201,8434.993,
2026-09-08T19:32:10.865372+00:00,201,9311.425,
2026-09-08T19:31:48.379468+00:00,201,31830.329,
2026-09-08T19:30:36.569295+00:00,201,103651.172,
2026-09-08T19:31:16.818572+00:00,201,63409.51,
2026-09-08T19:32:13.987251+00:00,201,6256.401,
2026-09-08T19:31:08.278873+00:00,201,71967.006,
2026-09-08T19:32:05.124472+00:00,201,15136.381,
2026-09-08T19:31:36.628876+00:00,201,43649.114,
2026-09-08T19:30:49.171268+00:00,201,91110.824,
2026-09-08T19:32:10.449018+00:00,201,9838.631,
2026-09-08T19:30:58.278054+00:00,201,82013.865,
2026-09-08T19:32:11.767718+00:00,201,8538.228,
2026-09-08T19:32:18.755757+00:00,201,1570.624,
2026-09-08T19:32:15.891835+00:00,201,4465.017,
2026-09-08T19:32:19.829182+00:00,201,544.958,
2026-09-08T19:32:17.383904+00:00,201,2993.206,
2026-09-08T19:32:03.544081+00:00,201,16835.998,
2026-09-08T19:32:12.243884+00:00,201,8150.989,
2026-09-08T19:31:48.508171+00:00,201,31888.846,
2026-09-08T19:32:00.981571+00:00,201,19433.266,
2026-09-08T19:31:45.654747+00:00,201,34762.688,
2026-09-08T19:31:44.060431+00:00,201,36403.367,
2026-09-08T19:32:16.590691+00:00,201,3897.688,
2026-09-08T19:31:21.259275+00:00,201,59238.678,
2026-09-08T19:31:36.473789+00:00,201,44032.031,
2026-09-08T19:30:51.813466+00:00,201,88700.558,
2026-09-08T19:32:17.003642+00:00,201,3562.676,
2026-09-08T19:31:11.323643+00:00,201,69265.622,
2026-09-08T19:32:16.704060+00:00,201,3897.414,
2026-09-08T19:31:15.360137+00:00,201,65294.131,
2026-09-08T19:31:56.939495+00:00,201,23738.185,
2026-09-08T19:30:30.117133+00:00,201,110565.371,
2026-09-08T19:32:00.806365+00:00,201,19890.09,
2026-09-08T19:31:15.419691+00:00,201,65283.108,
2026-09-08T19:31:22.543004+00:00,201,58172.753,
2026-09-08T19:31:14.230710+00:00,201,66492.658,
2026-09-08T19:31:08.902866+00:00,201,71840.094,
2026-09-08T19:32:13.207348+00:00,201,7545.679,
2026-09-08T19:32:11.824195+00:00,201,8966.558,
2026-09-08T19:31:28.976577+00:00,201,51833.909,
2026-09-08T19:32:20.463860+00:00,201,363.173,
2026-09-08T19:32:04.812969+00:00,201,16042.915,
2026-09-08T19:32:19.111902+00:00,201,1756.955,
2026-09-08T19:32:14.997630+00:00,201,5892.934,
2026-09-08T19:31:59.480726+00:00,201,21432.922,
2026-09-08T19:31:46.939677+00:00,201,34005.443,
2026-09-08T19:30:55.210288+00:00,201,85754.056,
2026-09-08T19:31:57.125158+00:00,201,23845.559,
2026-09-08T19:32:19.852983+00:00,201,1121.872,
2026-09-08T19:31:19.905107+00:00,201,61079.901,
2026-09-08T19:31:59.176863+00:00,201,21814.423,
2026-09-08T19:32:17.188097+00:00,201,3813.857,
2026-09-08T19:31:43.747871+00:00,201,37257.332,
2026-09-08T19:32:15.705607+00:00,201,5305.912,
2026-09-08T19:30:43.082253+00:00,201,97956.374,
2026-09-08T19:31:57.520903+00:00,201,23527.524,
2026-09-08T19:32:14.952687+00:00,201,6112.467,
2026-09-08T19:32:00.961088+00:00,201,20107.231,
2026-09-08T19:31:36.700140+00:00,201,44370.305,
2026-09-08T19:32:00.502186+00:00,201,20593.122,
2026-09-08T19:32:11.528769+00:00,201,9573.28,
2026-09-08T19:31:12.929138+00:00,201,68184.425,
2026-09-08T19:32:17.402799+00:00,201,3738.161,
2026-09-08T19:32:13.860592+00:00,201,7298.817,
2026-09-08T19:32:02.663367+00:00,201,18505.506,
2026-09-08T19:32:13.550531+00:00,201,7632.767,
2026-09-08T19:31:23.145604+00:00,201,58040.873,
2026-09-08T19:31:46.171084+00:00,201,35021.191,
2026-09-08T19:31:15.409561+00:00,201,65799.812,
2026-09-08T19:30:37.236378+00:00,201,103978.203,
2026-09-08T19:31:32.384395+00:00,201,48876.421,
2026-09-08T19:32:14.136167+00:00,201,7151.444,
2026-09-08T19:31:20.137785+00:00,201,61177.375,
2026-09-08T19:31:41.298371+00:00,201,40057.127,
2026-09-08T19:32:18.088898+00:00,201,3285.007,
2026-09-08T19:31:50.098485+00:00,201,31298.256,
2026-09-08T19:31:09.083635+00:00,201,72315.314,
2026-09-08T19:31:38.468410+00:00,201,42967.258,
2026-09-08T19:31:36.055888+00:00,201,45397.107,
2026-09-08T19:32:16.868011+00:00,201,4613.204,
2026-09-08T19:31:22.164961+00:00,201,59334.541,
2026-09-08T19:31:46.163013+00:00,201,35343.202,
2026-09-08T19:32:21.183314+00:00,201,335.27,
2026-09-08T19:31:43.062282+00:00,201,38467.954,
2026-09-08T19:32:15.599925+00:00,201,5978.472,
2026-09-08T19:30:59.991338+00:00,201,81590.593,
2026-09-08T19:31:44.230508+00:00,201,37372.421,
2026-09-08T19:32:16.745477+00:00,201,4859.753,
2026-09-08T19:32:02.600846+00:00,201,19022.939,
2026-09-08T19:31:59.961087+00:00,201,21666.601,
2026-09-08T19:32:17.010063+00:00,201,4626.652,
2026-09-08T19:31:43.241735+00:00,201,38458.578,
2026-09-08T19:31:48.082660+00:00,201,33649.099,
2026-09-08T19:32:10.881472+00:00,201,10853.452,
2026-09-08T19:31:29.100711+00:00,201,52675.405,
2026-09-08T19:30:34.161048+00:00,201,107636.427,
2026-09-08T19:32:17.172384+00:00,201,4631.41,
2026-09-08T19:32:14.904663+00:00,201,6928.799,
2026-09-08T19:32:21.192333+00:00,201,648.784,
2026-09-08T19:31:37.566006+00:00,201,44293.718,
2026-09-08T19:31:44.931167+00:00,201,36933.941,
2026-09-08T19:31:27.200460+00:00,201,54681.76,
2026-09-08T19:32:14.389928+00:00,201,7512.737,
2026-09-08T19:32:10.518428+00:00,201,11388.435,
2026-09-08T19:32:20.127712+00:00,201,1787.662,
2026-09-08T19:31:14.777716+00:00,201,67149.594,
2026-09-08T19:31:50.750050+00:00,201,31204.889,
2026-09-08T19:31:55.977978+00:00,201,25981.319,
2026-09-08T19:32:11.946342+00:00,201,10054.433,
2026-09-08T19:31:53.383617+00:00,201,28631.242,
2026-09-08T19:32:00.890226+00:00,201,21159.145,
2026-09-08T19:31:56.497818+00:00,201,25565.025,
2026-09-08T19:31:37.732034+00:00,201,44338.526,
2026-09-08T19:32:04.446618+00:00,201,17639.975,
2026-09-08T19:31:30.782323+00:00,201,51313.643,
2026-09-08T19:31:56.428086+00:00,201,25687.852,
2026-09-08T19:31:06.563959+00:00,201,75555.236,
2026-09-08T19:31:50.023147+00:00,201,32121.918,
2026-09-08T19:30:38.370746+00:00,201,103815.105,
2026-09-08T19:31:56.037348+00:00,201,26171.791,
2026-09-08T19:32:15.366890+00:00,201,6861.225,
2026-09-08T19:31:00.718935+00:00,201,81543.074,
2026-09-08T19:32:15.452526+00:00,201,6841.809,
2026-09-08T19:32:00.433469+00:00,201,21866.047,
2026-09-08T19:32:05.112606+00:00,201,17197.315,
2026-09-08T19:30:37.550883+00:00,201,104771.593,
2026-09-08T19:32:14.290941+00:00,201,8035.195,
2026-09-08T19:31:59.435472+00:00,201,22892.92,
2026-09-08T19:32:14.114006+00:00,201,8230.148,
2026-09-08T19:32:17.612905+00:00,201,4767.118,
2026-09-08T19:32:19.810445+00:00,201,2617.676,
2026-09-08T19:31:51.646628+00:00,201,30800.337,
2026-09-08T19:32:11.459448+00:00,201,11007.22,
2026-09-08T19:32:06.596135+00:00,201,15908.944,
2026-09-08T19:31:30.711724+00:00,201,51811.451,
2026-09-08T19:32:05.133756+00:00,201,17391.66,
2026-09-08T19:31:52.851448+00:00,201,29683.344,
2026-09-08T19:32:05.515697+00:00,201,17025.391,
2026-09-08T19:31:23.059628+00:00,201,59484.682,
2026-09-08T19:32:18.053637+00:00,201,4493.094,
2026-09-08T19:32:19.080408+00:00,201,3470.758,
2026-09-08T19:32:18.950022+00:00,201,3640.145,
2026-09-08T19:31:00.881817+00:00,201,81719.183,
2026-09-08T19:31:50.683710+00:00,201,31922.479,
2026-09-08T19:31:57.601987+00:00,201,25031.174,
2026-09-08T19:31:39.174276+00:00,201,43464.866,
2026-09-08T19:32:05.251083+00:00,201,17390.236,
2026-09-08T19:32:15.817507+00:00,201,6827.003,
2026-09-08T19:32:18.266471+00:00,201,4405.814,
2026-09-08T19:32:03.898422+00:00,201,18788.933,
2026-09-08T19:31:40.451349+00:00,201,42270.527,
2026-09-08T19:31:55.348175+00:00,201,27394.179,
2026-09-08T19:32:18.435680+00:00,201,4313.897,
2026-09-08T19:31:06.592794+00:00,201,76165.034,
2026-09-08T19:32:11.574457+00:00,201,11199.441,
2026-09-08T19:32:18.510792+00:00,201,4265.813,
2026-09-08T19:31:33.399629+00:00,201,49384.793,
2026-09-08T19:32:03.225924+00:00,201,19589.898,
2026-09-08T19:31:10.487005+00:00,201,72346.407,
2026-09-08T19:32:15.475147+00:00,201,7360.372,
2026-09-08T19:32:20.154881+00:00,201,2689.27,
2026-09-08T19:32:22.505107+00:00,201,368.317,
2026-09-08T19:30:57.676873+00:00,201,85203.316,
2026-09-08T19:31:50.164910+00:00,201,32749.184,
2026-09-08T19:32:15.041907+00:00,201,7874.532,
2026-09-08T19:31:42.846384+00:00,201,40074.799,
2026-09-08T19:32:22.186009+00:00,201,762.82,
2026-09-08T19:32:19.349463+00:00,201,3608.113,
2026-09-08T19:31:49.238727+00:00,201,33748.885,
2026-09-08T19:32:16.905852+00:00,201,6084.196,
2026-09-08T19:31:21.385870+00:00,201,61623.186,
2026-09-08T19:31:44.864807+00:00,201,38183.765,
2026-09-08T19:31:59.090439+00:00,201,23960.531,
2026-09-08T19:32:12.446023+00:00,201,10626.525,
2026-09-08T19:30:55.188688+00:00,201,87887.235,
2026-09-08T19:31:46.428928+00:00,201,36671.938,
2026-09-08T19:31:52.802920+00:00,201,30360.616,
2026-09-08T19:32:20.016022+00:00,201,3155.288,
2026-09-08T19:32:10.850264+00:00,201,12331.003,
2026-09-08T19:31:59.924972+00:00,201,23295.323,
2026-09-08T19:32:01.989873+00:00,201,21255.356,
2026-09-08T19:32:18.578341+00:00,201,4672.657,
2026-09-08T19:32:02.439827+00:00,201,20818.658,
2026-09-08T19:32:01.829352+00:00,201,21456.466,
2026-09-08T19:31:56.905443+00:00,201,26431.828,
2026-09-08T19:32:16.609342+00:00,201,6753.926,
2026-09-08T19:32:14.214818+00:00,201,9180.663,
2026-09-08T19:31:22.996712+00:00,201,60444.777,
2026-09-08T19:32:21.776199+00:00,201,1690.688,
2026-09-08T19:32:19.995286+00:00,201,3478.31,
2026-09-08T19:32:17.185240+00:00,201,6291.834,
2026-09-08T19:31:40.194366+00:00,201,43293.41,
2026-09-08T19:32:12.499693+00:00,201,11007.412,
2026-09-08T19:32:12.555915+00:00,201,10961.204,
2026-09-08T19:31:16.084353+00:00,201,67456.431,
2026-09-08T19:32:15.212618+00:00,201,8348.543,
2026-09-08T19:31:01.554075+00:00,201,82019.299,
2026-09-08T19:32:19.088597+00:00,201,4492.021,
2026-09-08T19:32:12.348849+00:00,201,11271.627,
2026-09-08T19:30:57.792981+00:00,201,85836.496,
2026-09-08T19:32:01.185913+00:00,201,22449.758,
2026-09-08T19:32:21.355566+00:00,201,2291.042,
2026-09-08T19:31:01.732613+00:00,201,81939.417,
2026-09-08T19:31:36.207046+00:00,201,47478.325,
2026-09-08T19:30:54.628637+00:00,201,89060.107,
2026-09-08T19:31:22.082858+00:00,201,61619.829,
2026-09-08T19:31:05.377001+00:00,201,78372.168,
2026-09-08T19:32:20.374148+00:00,201,3399.458,
2026-09-08T19:31:58.961525+00:00,201,24823.28,
2026-09-08T19:32:01.120486+00:00,201,22680.599,
2026-09-08T19:32:04.854565+00:00,201,18955.109,
2026-09-08T19:31:51.287990+00:00,201,32559.348,
2026-09-08T19:31:45.020734+00:00,201,38837.325,
2026-09-08T19:32:04.438990+00:00,201,19437.166,
2026-09-08T19:32:05.146996+00:00,201,18736.147,
2026-09-08T19:32:10.190204+00:00,201,13715.589,
2026-09-08T19:32:17.552370+00:00,201,6360.14,
2026-09-08T19:32:20.377122+00:00,201,3553.82,
2026-09-08T19:30:54.603481+00:00,201,89356.913,
2026-09-08T19:32:02.533745+00:00,201,21430.962,
2026-09-08T19:31:43.462051+00:00,201,40503.719,
2026-09-08T19:31:50.071194+00:00,201,33915.771,
2026-09-08T19:32:05.121395+00:00,201,18867.906,
2026-09-08T19:31:30.820682+00:00,201,53179.184,
2026-09-08T19:32:17.390269+00:00,201,6630.559,
2026-09-08T19:30:49.679988+00:00,201,94344.157,
2026-09-08T19:31:53.189138+00:00,201,30843.567,
2026-09-08T19:31:20.663154+00:00,201,63389.543,
2026-09-08T19:31:58.396968+00:00,201,25695.53,
2026-09-08T19:31:42.663210+00:00,201,41432.878,
2026-09-08T19:31:38.745172+00:00,201,45351.993,
2026-09-08T19:32:16.035545+00:00,201,8080.129,
2026-09-08T19:32:23.749288+00:00,201,367.826,
2026-09-08T19:32:03.406090+00:00,201,20740.755,
2026-09-08T19:32:19.757258+00:00,201,4396.238,
2026-09-08T19:32:19.687295+00:00,201,4471.301,
2026-09-08T19:32:06.069280+00:00,201,18096.537,
2026-09-08T19:31:00.835579+00:00,201,83331.253,
2026-09-08T19:32:20.287669+00:00,201,4006.806,
2026-09-08T19:32:13.830983+00:00,201,10472.847,
2026-09-08T19:31:12.395346+00:00,201,71914.521,
2026-09-08T19:31:13.743092+00:00,201,70605.298,
2026-09-08T19:31:57.338149+00:00,201,27016.753,
2026-09-08T19:31:56.335207+00:00,201,28038.638,
2026-09-08T19:32:14.536003+00:00,201,9847.176,
2026-09-08T19:30:43.196243+00:00,201,101217.289,
2026-09-08T19:32:11.363270+00:00,201,13085.148,
2026-09-08T19:30:40.175220+00:00,201,104290.955,
2026-09-08T19:32:21.954989+00:00,201,2518.152,
2026-09-08T19:32:15.755008+00:00,201,8761.893,
2026-09-08T19:31:02.313614+00:00,201,82204.534,
2026-09-08T19:32:20.743068+00:00,201,3776.525,
2026-09-08T19:32:00.715976+00:00,201,23822.67,
2026-09-08T19:32:00.997271+00:00,201,23596.722,
2026-09-08T19:31:51.524200+00:00,201,33090.289,
2026-09-08T19:32:21.882305+00:00,201,2751.156,
2026-09-08T19:32:07.107043+00:00,201,17546.405,
2026-09-08T19:31:56.085318+00:00,201,28605.931,
2026-09-08T19:31:13.842446+00:00,201,70856.832,
2026-09-08T19:31:41.764821+00:00,201,42966.122,
2026-09-08T19:31:06.730286+00:00,201,78030.635,
2026-09-08T19:32:14.268557+00:00,201,10500.598,
2026-09-08T19:32:17.924764+00:00,201,6858.079,
2026-09-08T19:32:16.397174+00:00,201,8387.806,
2026-09-08T19:31:22.174443+00:00,201,62611.523,
2026-09-08T19:32:17.627858+00:00,201,7184.783,
2026-09-08T19:32:16.023508+00:00,201,8802.567,
2026-09-08T19:31:55.574625+00:00,201,29258.16,
2026-09-08T19:30:37.574807+00:00,201,107279.628,
2026-09-08T19:31:39.351288+00:00,201,45517.185,
2026-09-08T19:32:02.503883+00:00,201,22371.566,
2026-09-08T19:31:44.162282+00:00,201,40734.307,
2026-09-08T19:31:12.531376+00:00,201,72369.687,
2026-09-08T19:31:14.289943+00:00,201,70612.325,
2026-09-08T19:31:57.264841+00:00,201,27638.982,
2026-09-08T19:32:20.414874+00:00,201,4496.81,
2026-09-08T19:31:37.367787+00:00,201,47546.188,
2026-09-08T19:32:20.654369+00:00,201,4284.19,
2026-09-08T19:32:19.466625+00:00,201,5477.167,
2026-09-08T19:32:00.119529+00:00,201,24839.227,
2026-09-08T19:32:16.620539+00:00,201,8403.777,
2026-09-08T19:30:35.332228+00:00,201,109705.101,
2026-09-08T19:31:38.990429+00:00,201,46054.414,
2026-09-08T19:31:38.661811+00:00,201,46389.411,
2026-09-08T19:31:45.783409+00:00,201,39268.889,
2026-09-08T19:32:10.170116+00:00,201,14897.072,
2026-09-08T19:31:45.024942+00:00,201,40055.022,
2026-09-08T19:32:17.140957+00:00,201,7941.595,
2026-09-08T19:31:44.653391+00:00,201,40440.649,
2026-09-08T19:32:05.153938+00:00,201,19945.889,
2026-09-08T19:32:22.428130+00:00,201,2680.503,
2026-09-08T19:31:41.276788+00:00,201,43832.925,
2026-09-08T19:32:14.012577+00:00,201,11101.347,
2026-09-08T19:32:21.731816+00:00,201,3386.613,
2026-09-08T19:31:58.645969+00:00,201,26479.492,
2026-09-08T19:31:58.202477+00:00,201,26924.61,
2026-09-08T19:31:43.227404+00:00,201,41904.943,
2026-09-08T19:31:14.716256+00:00,201,70455.214,
2026-09-08T19:31:56.565831+00:00,201,28619.601,
2026-09-08T19:31:58.433915+00:00,201,26754.274,
2026-09-08T19:31:46.401325+00:00,201,38787.926,
2026-09-08T19:31:46.740746+00:00,201,38455.608,
2026-09-08T19:32:05.143601+00:00,201,20057.089,
2026-09-08T19:31:56.533224+00:00,201,28692.366,
2026-09-08T19:32:21.902688+00:00,201,3323.806,
2026-09-08T19:32:13.260656+00:00,201,11974.117,
2026-09-08T19:31:22.274507+00:00,201,62970.3,
2026-09-08T19:32:00.750655+00:00,201,24509.053,
2026-09-08T19:31:23.046954+00:00,201,62222.385,
2026-09-08T19:31:14.692226+00:00,201,70587.912,
2026-09-08T19:31:27.708868+00:00,201,57582.453,
2026-09-08T19:31:57.726259+00:00,201,27568.326,
2026-09-08T19:32:20.945173+00:00,201,4353.458,
2026-09-08T19:32:16.111586+00:00,201,9191.397,
2026-09-08T19:32:13.740610+00:00,201,11584.42,
2026-09-08T19:32:04.823024+00:00,201,20503.238,
2026-09-08T19:32:05.488343+00:00,201,19843.975,
2026-09-08T19:30:37.915751+00:00,201,107416.993,
2026-09-08T19:32:02.331581+00:00,201,23003.609,
2026-09-08T19:32:02.640421+00:00,201,22698.323,
2026-09-08T19:31:02.001415+00:00,201,83349.065,
2026-09-08T19:32:16.967595+00:00,201,8384.648,
2026-09-08T19:31:54.023312+00:00,201,31342.39,
2026-09-08T19:31:24.723985+00:00,201,60651.675,
2026-09-08T19:32:10.933498+00:00,201,14444.787,
2026-09-08T19:32:19.431988+00:00,201,5948.029,
2026-09-08T19:30:58.473041+00:00,201,86941.088,
2026-09-08T19:32:00.109941+00:00,201,25308.07,
2026-09-08T19:31:44.265683+00:00,201,41155.066,
2026-09-08T19:32:15.473725+00:00,201,9949.168,
2026-09-08T19:31:20.793415+00:00,201,64639.014,
2026-09-08T19:32:11.101322+00:00,201,14334.839,
2026-09-08T19:30:57.642964+00:00,201,87793.532,
2026-09-08T19:31:57.097276+00:00,201,28361.369,
2026-09-08T19:32:20.589371+00:00,201,4874.963,
2026-09-08T19:31:08.158373+00:00,201,77314.647,
2026-09-08T19:32:15.890399+00:00,201,9590.408,
2026-09-08T19:31:14.215822+00:00,201,71265.449,
2026-09-08T19:31:31.611610+00:00,201,53874.307,
2026-09-08T19:31:37.701913+00:00,201,47785.56,
2026-09-08T19:31:27.133189+00:00,201,58356.896,
2026-09-08T19:32:17.091436+00:00,201,8406.449,
2026-09-08T19:31:21.330397+00:00,201,64168.409,
2026-09-08T19:32:04.631204+00:00,201,20873.494,
2026-09-08T19:32:16.831032+00:00,201,8675.391,
2026-09-08T19:31:05.547238+00:00,201,79973.316,
2026-09-08T19:31:20.903842+00:00,201,64622.039,
2026-09-08T19:31:40.511703+00:00,201,45018.062,
2026-09-08T19:32:12.644417+00:00,201,12896.782,
2026-09-08T19:32:20.397071+00:00,201,5154.801,
2026-09-08T19:32:03.797281+00:00,201,21760.65,
2026-09-08T19:32:18.044928+00:00,201,7520.301,
2026-09-08T19:31:21.241944+00:00,201,64327.635,
2026-09-08T19:31:45.037393+00:00,201,40536.89,
2026-09-08T19:31:57.220781+00:00,201,28369.74,
2026-09-08T19:31:42.493212+00:00,201,43101.918,
2026-09-08T19:31:04.280900+00:00,201,81315.698,
2026-09-08T19:32:12.166481+00:00,201,13440.958,
2026-09-08T19:32:06.792345+00:00,201,18815.46,
2026-09-08T19:32:03.486200+00:00,201,22122.785,
2026-09-08T19:32:14.155378+00:00,201,11455.364,
2026-09-08T19:32:18.795318+00:00,201,6817.214,
2026-09-08T19:31:45.070569+00:00,201,40548.07,
2026-09-08T19:32:07.186107+00:00,201,18452.893,
2026-09-08T19:32:00.426510+00:00,201,25225.363,
2026-09-08T19:31:27.651771+00:00,201,58001.004,
2026-09-08T19:32:17.791645+00:00,201,7868.551,
2026-09-08T19:30:56.953286+00:00,201,88708.989,
2026-09-08T19:31:09.847409+00:00,201,75832.541,
2026-09-08T19:31:13.219337+00:00,201,72468.05,
2026-09-08T19:30:38.329843+00:00,201,107365.294,
2026-09-08T19:32:17.219579+00:00,201,8488.803,
2026-09-08T19:31:44.896470+00:00,201,40813.127,
2026-09-08T19:32:10.041913+00:00,201,15675.094,
2026-09-08T19:32:11.880990+00:00,201,13845.875,
2026-09-08T19:31:43.835535+00:00,201,41892.825,
2026-09-08T19:31:09.390346+00:00,201,76343.083,
2026-09-08T19:32:11.038037+00:00,201,14701.5,
2026-09-08T19:32:17.406745+00:00,201,8342.364,
2026-09-08T19:32:03.120827+00:00,201,22629.094,
2026-09-08T19:31:54.325732+00:00,201,31432.896,
2026-09-08T19:31:44.360905+00:00,201,41400.968,
2026-09-08T19:31:17.249259+00:00,201,68517.486,
2026-09-08T19:31:47.815379+00:00,201,37960.837,
2026-09-08T19:32:03.943591+00:00,201,21835.258,
2026-09-08T19:32:21.700375+00:00,201,4078.903,
2026-09-08T19:32:22.525445+00:00,201,3260.351,
2026-09-08T19:32:19.784638+00:00,201,6013.424,
2026-09-08T19:32:21.865168+00:00,201,3943.982,
2026-09-08T19:31:48.561095+00:00,201,37252.426,
2026-09-08T19:31:37.094865+00:00,201,48719.093,
2026-09-08T19:32:13.277871+00:00,201,12547.847,
2026-09-08T19:31:28.107931+00:00,201,57719.38,
2026-09-08T19:31:06.114725+00:00,201,79721.523,
2026-09-08T19:31:59.411248+00:00,201,26432.363,
2026-09-08T19:32:00.918586+00:00,201,24946.12,
2026-09-08T19:32:16.689610+00:00,201,9179.824,
2026-09-08T19:32:15.091278+00:00,201,10780.661,
2026-09-08T19:32:08.670056+00:00,201,17209.887,
2026-09-08T19:32:06.898252+00:00,201,18988.424,
2026-09-08T19:32:04.303810+00:00,201,21583.305,
2026-09-08T19:32:23.258518+00:00,201,2633.648,
2026-09-08T19:31:54.896878+00:00,201,30999.042,
2026-09-08T19:31:22.149202+00:00,201,63750.205,
2026-09-08T19:32:19.258426+00:00,201,6644.224,
2026-09-08T19:30:36.560492+00:00,201,109355.492,
2026-09-08T19:31:15.613708+00:00,201,70302.736,
2026-09-08T19:32:22.833521+00:00,201,3087.255,
2026-09-08T19:31:46.330628+00:00,201,39602.503,
2026-09-08T19:32:05.440951+00:00,201,20496.676,
2026-09-08T19:32:16.828952+00:00,201,9112.985,
2026-09-08T19:31:53.161278+00:00,201,32812.267,
2026-09-08T19:32:10.443352+00:00,201,15531.534,
2026-09-08T19:32:15.977525+00:00,201,10005.821,
2026-09-08T19:32:16.207347+00:00,201,9781.596,
2026-09-08T19:32:23.847392+00:00,201,2142.651,
2026-09-08T19:32:17.425427+00:00,201,8566.876,
2026-09-08T19:31:22.947508+00:00,201,63051.908,
2026-09-08T19:31:45.417860+00:00,201,40585.526,
2026-09-08T19:32:20.114809+00:00,201,5891.897,
2026-09-08T19:32:13.884864+00:00,201,12125.816,
2026-09-08T19:32:05.919072+00:00,201,20099.202,
2026-09-08T19:31:58.514330+00:00,201,27546.056,
2026-09-08T19:32:16.323967+00:00,201,9737.383,
2026-09-08T19:32:01.398708+00:00,201,24663.622,
2026-09-08T19:31:56.473924+00:00,201,29607.733,
2026-09-08T19:32:05.168379+00:00,201,20928.829,
2026-09-08T19:31:15.266832+00:00,201,70836.94,
2026-09-08T19:32:17.482638+00:00,201,8622.583,
2026-09-08T19:31:20.871608+00:00,201,65234.938,
2026-09-08T19:31:54.064343+00:00,201,32044.763,
2026-09-08T19:31:43.108546+00:00,201,43007.148,
2026-09-08T19:31:46.559871+00:00,201,39577.377,
2026-09-08T19:32:10.733675+00:00,201,15414.206,
2026-09-08T19:32:17.198282+00:00,201,8972.111,
2026-09-08T19:32:11.645234+00:00,201,14531.285,
2026-09-08T19:32:13.096979+00:00,201,13083.178,
2026-09-08T19:31:42.652042+00:00,201,43529.84,
2026-09-08T19:31:12.501341+00:00,201,73685.144,
2026-09-08T19:32:16.542727+00:00,201,9649.196,
2026-09-08T19:32:00.372779+00:00,201,25848.71,
2026-09-08T19:32:21.506274+00:00,201,4716.715,
2026-09-08T19:32:04.638126+00:00,201,21598.12,
2026-09-08T19:32:21.833480+00:00,201,4404.223,
2026-09-08T19:32:15.523393+00:00,201,10722.993,
2026-09-08T19:31:58.644659+00:00,201,27608.051,
2026-09-08T19:31:52.940538+00:00,201,33319.495,
2026-09-08T19:32:19.263547+00:00,201,7007.941,
2026-09-08T19:31:45.199918+00:00,201,41091.639,
2026-09-08T19:31:40.119534+00:00,201,46172.874,
2026-09-08T19:31:15.091216+00:00,201,71206.336,
2026-09-08T19:31:52.018738+00:00,201,34281.369,
2026-09-08T19:32:17.575004+00:00,201,8729.571,
2026-09-08T19:32:18.282911+00:00,201,8022.733,
2026-09-08T19:32:02.897679+00:00,201,23413.386,
2026-09-08T19:32:14.533775+00:00,201,11784.199,
2026-09-08T19:32:01.488283+00:00,201,24830.154,
2026-09-08T19:31:29.796907+00:00,201,56523.581,
2026-09-08T19:32:04.474269+00:00,201,21868.323,
2026-09-08T19:31:05.169013+00:00,201,81176.253,
2026-09-08T19:31:04.366401+00:00,201,81995.184,
2026-09-08T19:32:19.802919+00:00,201,6568.86,
2026-09-08T19:31:04.043407+00:00,201,82335.714,
2026-09-08T19:31:46.545879+00:00,201,39836.404,
2026-09-08T19:30:31.565978+00:00,201,114820.082,
2026-09-08T19:31:21.239331+00:00,201,65148.093,
2026-09-08T19:31:44.534312+00:00,201,41860.408,
2026-09-08T19:32:11.512107+00:00,201,14889.899,
2026-09-08T19:31:42.593305+00:00,201,43817.038,
2026-09-08T19:31:57.381797+00:00,201,29035.075,
2026-09-08T19:32:01.866132+00:00,201,24558.625,
2026-09-08T19:31:04.372269+00:00,201,82060.175,
2026-09-08T19:31:51.808720+00:00,201,34636.655,
2026-09-08T19:31:53.878341+00:00,201,32571.926,
2026-09-08T19:32:16.345110+00:00,201,10106.865,
2026-09-08T19:32:10.516037+00:00,201,15944.922,
2026-09-08T19:32:18.823786+00:00,201,7642.5,
2026-09-08T19:32:19.635702+00:00,201,6838.948,
2026-09-08T19:30:56.732456+00:00,201,89742.586,
2026-09-08T19:31:47.580886+00:00,201,38894.78,
2026-09-08T19:32:21.734947+00:00,201,4748.047,
2026-09-08T19:32:14.688959+00:00,201,11794.984,
2026-09-08T19:32:17.886642+00:00,201,8612.711,
2026-09-08T19:32:02.556389+00:00,201,23959.764,
2026-09-08T19:32:16.294708+00:00,201,10237.999,
2026-09-08T19:31:58.667628+00:00,201,27866.288,
2026-09-08T19:31:21.584431+00:00,201,64949.943,
2026-09-08T19:32:03.231683+00:00,201,23322.004,
2026-09-08T19:32:17.774400+00:00,201,8784.672,
2026-09-08T19:31:11.700958+00:00,201,74868.995,
2026-09-08T19:31:38.993417+00:00,201,47586.367,
2026-09-08T19:32:01.919794+00:00,201,24664.37,
2026-09-08T19:32:11.976579+00:00,201,14608.85,
2026-09-08T19:30:51.660214+00:00,201,94930.62,
2026-09-08T19:31:59.754836+00:00,201,26839.176,
2026-09-08T19:32:19.500882+00:00,201,7100.001,
2026-09-08T19:32:13.759837+00:00,201,12853.82,
2026-09-08T19:31:38.565009+00:00,201,48057.787,
2026-09-08T19:30:41.565848+00:00,201,105067.224,
2026-09-08T19:32:13.431803+00:00,201,13202.98,
2026-09-08T19:32:01.726251+00:00,201,24912.44,
2026-09-08T19:32:16.063687+00:00,201,10579.483,
2026-09-08T19:31:53.380578+00:00,201,33267.437,
2026-09-08T19:30:58.977802+00:00,201,87670.651,
2026-09-08T19:31:15.224562+00:00,201,71434.304,
2026-09-08T19:32:03.053449+00:00,201,23616.654,
2026-09-08T19:32:11.396726+00:00,201,15274.663,
2026-09-08T19:32:03.881260+00:00,201,22798.343,
2026-09-08T19:32:13.973104+00:00,201,12728.828,
2026-09-08T19:31:38.644770+00:00,201,48059.637,
2026-09-08T19:30:42.716374+00:00,201,103995.459,
2026-09-08T19:32:20.991321+00:00,201,5724.156,
2026-09-08T19:32:11.097272+00:00,201,15621.84,
2026-09-08T19:32:16.791115+00:00,201,9938.442,
2026-09-08T19:31:19.447472+00:00,201,67291.808,
2026-09-08T19:30:50.291832+00:00,201,96457.737,
2026-09-08T19:32:19.241999+00:00,201,7508.08,
2026-09-08T19:31:15.777880+00:00,201,70979.736,
2026-09-08T19:31:37.598833+00:00,201,49160.87,
2026-09-08T19:31:35.983393+00:00,201,50777.921,
2026-09-08T19:30:29.845089+00:00,201,116943.015,
2026-09-08T19:32:10.845996+00:00,201,15947.383,
2026-09-08T19:31:53.691567+00:00,201,33105.04,
2026-09-08T19:31:46.896553+00:00,201,39902.86,
2026-09-08T19:32:01.550955+00:00,201,25250.843,
2026-09-08T19:32:02.733530+00:00,201,24085.552,
2026-09-08T19:31:57.916849+00:00,201,28904.117,
2026-09-08T19:32:14.223378+00:00,201,12599.324,
2026-09-08T19:31:41.195966+00:00,201,45629.762,
2026-09-08T19:30:57.490233+00:00,201,89339.939,
2026-09-08T19:32:23.171320+00:00,201,3660.353,
2026-09-08T19:32:02.216161+00:00,201,24619.025,
2026-09-08T19:32:17.284474+00:00,201,9567.92,
2026-09-08T19:32:05.127498+00:00,201,21738.743,
2026-09-08T19:31:05.012639+00:00,201,81857.631,
2026-09-08T19:31:54.298705+00:00,201,32572.02,
2026-09-08T19:31:45.784352+00:00,201,41102.964,
2026-09-08T19:32:17.515879+00:00,201,9372.347,
2026-09-08T19:32:11.017683+00:00,201,15882.972,
2026-09-08T19:32:12.561441+00:00,201,14351.587,
2026-09-08T19:32:12.067093+00:00,201,14849.352,
2026-09-08T19:32:01.976186+00:00,201,24940.959,
2026-09-08T19:32:03.692799+00:00,201,23239.59,
2026-09-08T19:32:04.753203+00:00,201,22182.223,
2026-09-08T19:30:36.184147+00:00,201,110751.498,
2026-09-08T19:32:19.676777+00:00,201,7261.211,
2026-09-08T19:31:57.199359+00:00,201,29745.972,
2026-09-08T19:32:14.571232+00:00,201,12389.432,
2026-09-08T19:30:59.332658+00:00,201,87629.688,
2026-09-08T19:31:07.444085+00:00,201,79522.186,
2026-09-08T19:31:58.135668+00:00,201,28842.604,
2026-09-08T19:32:19.907053+00:00,201,7075.69,
2026-09-08T19:31:39.807225+00:00,201,47179.338,
2026-09-08T19:31:56.433800+00:00,201,30564.547,
2026-09-08T19:32:02.419061+00:00,201,24579.69,
2026-09-08T19:32:14.454410+00:00,201,12546.588,
2026-09-08T19:31:06.288811+00:00,201,80727.688,
2026-09-08T19:32:04.988358+00:00,201,22045.262,
2026-09-08T19:31:50.539513+00:00,201,36497.383,
2026-09-08T19:32:15.741662+00:00,201,11298.623,
2026-09-08T19:32:17.397718+00:00,201,9651.373,
2026-09-08T19:32:05.078252+00:00,201,21972.233,
2026-09-08T19:32:02.276990+00:00,201,24777.008,
2026-09-08T19:32:00.485056+00:00,201,26573.86,
2026-09-08T19:31:58.064731+00:00,201,29001.964,
2026-09-08T19:31:14.684417+00:00,201,72390.385,
2026-09-08T19:32:19.800832+00:00,201,7284.296,
2026-09-08T19:31:46.594793+00:00,201,40504.88,
2026-09-08T19:31:09.144066+00:00,201,77959.034,
2026-09-08T19:32:17.525037+00:00,201,9593.333,
2026-09-08T19:31:22.079931+00:00,201,65043.906,
2026-09-08T19:31:40.738662+00:00,201,46391.993,
2026-09-08T19:31:11.672454+00:00,201,75464.842,
2026-09-08T19:32:18.706453+00:00,201,8438.581,
2026-09-08T19:30:43.646557+00:00,201,103504.72,
2026-09-08T19:31:10.329013+00:00,201,76825.139,
2026-09-08T19:31:14.234809+00:00,201,72923.709,
2026-09-08T19:32:21.102067+00:00,201,6065.412,
2026-09-08T19:31:54.210825+00:00,201,32957.61,
2026-09-08T19:31:52.955881+00:00,201,34221.787,
2026-09-08T19:31:29.668264+00:00,201,57510.966,
2026-09-08T19:31:59.117683+00:00,201,28068.101,
2026-09-08T19:32:19.933742+00:00,201,7253.163,
2026-09-08T19:31:54.630548+00:00,201,32556.863,
2026-09-08T19:32:08.954438+00:00,201,18236.95,
2026-09-08T19:32:02.228934+00:00,201,24971.347,
2026-09-08T19:30:53.150893+00:00,201,94052.267,
2026-09-08T19:31:37.347435+00:00,201,49858.797,
2026-09-08T19:32:13.093523+00:00,201,14120.775,
2026-09-08T19:32:01.750429+00:00,201,25464.998,
2026-09-08T19:32:19.894500+00:00,201,7329.545,
2026-09-08T19:31:39.317186+00:00,201,47920.415,
2026-09-08T19:32:04.971317+00:00,201,22283.415,
2026-09-08T19:31:37.394035+00:00,201,49868.424,
2026-09-08T19:31:37.350418+00:00,201,49930.417,
2026-09-08T19:32:05.835197+00:00,201,21475.337,
2026-09-08T19:31:14.978683+00:00,201,72332.857,
2026-09-08T19:31:50.361898+00:00,201,36966.674,
2026-09-08T19:32:21.518593+00:00,201,5841.285,
2026-09-08T19:30:50.882577+00:00,201,96487.675,
2026-09-08T19:31:09.133240+00:00,201,78244.23,
2026-09-08T19:31:44.644030+00:00,201,42735.443,
2026-09-08T19:30:50.845636+00:00,201,96534.283,
2026-09-08T19:32:02.002482+00:00,201,25382.795,
2026-09-08T19:32:00.479330+00:00,201,26919.603,
2026-09-08T19:32:16.117176+00:00,201,11285.128,
2026-09-08T19:32:20.228179+00:00,201,7187.446,
2026-09-08T19:31:07.508531+00:00,201,79912.53,
2026-09-08T19:32:16.491353+00:00,201,10953.504,
2026-09-08T19:32:00.885746+00:00,201,26569.534,
2026-09-08T19:31:57.119684+00:00,201,30353.888,
2026-09-08T19:31:40.280970+00:00,201,47198.509,
2026-09-08T19:32:18.734521+00:00,201,8755.472,
2026-09-08T19:32:10.258212+00:00,201,17239.854,
2026-09-08T19:32:18.103059+00:00,201,9406.179,
2026-09-08T19:31:15.611266+00:00,201,71908.228,
2026-09-08T19:32:04.198218+00:00,201,23356.75,
2026-09-08T19:32:15.323035+00:00,201,12233.274,
2026-09-08T19:32:02.039978+00:00,201,25520.895,
2026-09-08T19:30:49.607897+00:00,201,97957.044,
2026-09-08T19:32:21.373918+00:00,201,6192.643,
2026-09-08T19:32:02.769736+00:00,201,24805.638,
2026-09-08T19:31:41.137396+00:00,201,46438.904,
2026-09-08T19:32:00.581271+00:00,201,26996.974,
2026-09-08T19:31:36.282849+00:00,201,51296.948,
2026-09-08T19:31:41.992441+00:00,201,45588.376,
2026-09-08T19:31:11.849064+00:00,201,75732.152,
2026-09-08T19:30:49.241270+00:00,201,98352.205,
2026-09-08T19:32:15.439433+00:00,201,12176.044,
2026-09-08T19:32:02.424645+00:00,201,25196.568,
2026-09-08T19:31:43.355587+00:00,201,44267.068,
2026-09-08T19:32:13.720897+00:00,201,13907.855,
2026-09-08T19:31:02.810067+00:00,201,84821.873,
2026-09-08T19:31:58.312011+00:00,201,29359.533,
2026-09-08T19:32:15.657301+00:00,201,12019.519,
2026-09-08T19:32:04.005338+00:00,201,23675.783,
2026-09-08T19:31:57.032298+00:00,201,30649.922,
2026-09-08T19:31:53.036116+00:00,201,34647.008,
2026-09-08T19:32:12.501826+00:00,201,15181.798,
2026-09-08T19:31:25.188646+00:00,201,62499.94,
2026-09-08T19:32:01.513132+00:00,201,26182.919,
2026-09-08T19:32:06.659753+00:00,201,21039.7,
2026-09-08T19:32:14.161666+00:00,201,13542.002,
2026-09-08T19:32:00.394415+00:00,201,27309.799,
2026-09-08T19:31:57.027448+00:00,201,30680.809,
2026-09-08T19:30:48.844551+00:00,201,98868.503,
2026-09-08T19:31:53.712163+00:00,201,34004.776,
2026-09-08T19:31:52.224291+00:00,201,35503.01,
2026-09-08T19:31:01.123096+00:00,201,86610.839,
2026-09-08T19:31:48.427302+00:00,201,39312.101,
2026-09-08T19:32:15.714863+00:00,201,12030.877,
2026-09-08T19:30:56.684337+00:00,201,91081.35,
2026-09-08T19:31:59.610776+00:00,201,28160.138,
2026-09-08T19:32:18.937988+00:00,201,8837.74,
2026-09-08T19:31:49.710266+00:00,201,38070.418,
2026-09-08T19:32:21.627730+00:00,201,6165.25,
2026-09-08T19:32:10.927940+00:00,201,16878.997,
2026-09-08T19:31:57.113999+00:00,201,30700.612,
2026-09-08T19:32:10.339275+00:00,201,17489.056,
2026-09-08T19:31:58.541417+00:00,201,29290.751,
2026-09-08T19:31:25.104094+00:00,201,62739.617,
2026-09-08T19:32:22.544399+00:00,201,5307.685,
2026-09-08T19:32:18.335618+00:00,201,9521.927,
2026-09-08T19:32:03.929950+00:00,201,23943.193,
2026-09-08T19:32:02.234495+00:00,201,25643.477,
2026-09-08T19:31:06.535777+00:00,201,81347.674,
2026-09-08T19:31:52.805289+00:00,201,35083.586,
2026-09-08T19:32:15.006883+00:00,201,12884.046,
2026-09-08T19:32:10.968388+00:00,201,16935.239,
2026-09-08T19:32:15.798953+00:00,201,12111.221,
2026-09-08T19:32:02.176419+00:00,201,25737.928,
2026-09-08T19:31:03.350896+00:00,201,84574.401,
2026-09-08T19:30:43.011460+00:00,201,104927.915,
2026-09-08T19:32:22.672297+00:00,201,5269.054,
2026-09-08T19:32:07.392146+00:00,201,20551.419,
2026-09-08T19:31:11.799442+00:00,201,76147.91,
2026-09-08T19:31:52.812356+00:00,201,35140.841,
2026-09-08T19:32:11.801681+00:00,201,16171.994,
2026-09-08T19:32:22.757943+00:00,201,5217.852,
2026-09-08T19:31:51.644012+00:00,201,36344.319,
2026-09-08T19:30:43.197525+00:00,201,104791.07,
2026-09-08T19:31:44.785161+00:00,201,43219.76,
2026-09-08T19:32:12.340277+00:00,201,15672.391,
2026-09-08T19:31:40.946710+00:00,201,47072.282,
2026-09-08T19:32:10.948321+00:00,201,17079.305,
2026-09-08T19:31:37.420063+00:00,201,50617.64,
2026-09-08T19:32:03.298998+00:00,201,24744.507,
2026-09-08T19:32:23.685443+00:00,201,4365.564,
2026-09-08T19:32:11.365359+00:00,201,16686.7,
2026-09-08T19:32:22.921247+00:00,201,5135.569,
2026-09-08T19:31:53.108280+00:00,201,34948.944,
2026-09-08T19:31:58.655875+00:00,201,29412.296,
2026-09-08T19:31:46.669755+00:00,201,41401.328,
2026-09-08T19:31:35.969530+00:00,201,52113.735,
2026-09-08T19:31:11.368967+00:00,201,76717.964,
2026-09-08T19:31:55.012979+00:00,201,33078.109,
2026-09-08T19:32:01.653938+00:00,201,26460.943,
2026-09-08T19:31:31.818711+00:00,201,56302.635,
2026-09-08T19:32:03.738849+00:00,201,24385.681,
2026-09-08T19:31:48.714944+00:00,201,39418.71,
2026-09-08T19:31:22.557116+00:00,201,65581.736,
2026-09-08T19:32:23.477088+00:00,201,4662.634,
2026-09-08T19:31:07.244796+00:00,201,80896.078,
2026-09-08T19:31:22.056472+00:00,201,66087.661,
2026-09-08T19:31:24.763059+00:00,201,63381.545,
2026-09-08T19:32:04.182695+00:00,201,23976.418,
2026-09-08T19:31:27.027167+00:00,201,61138.292,
2026-09-08T19:31:24.597555+00:00,201,63570.064,
2026-09-08T19:32:11.278111+00:00,201,16894.002,
2026-09-08T19:32:11.267855+00:00,201,16915.842,
2026-09-08T19:31:53.687380+00:00,201,34501.573,
2026-09-08T19:31:07.519840+00:00,201,80671.928,
2026-09-08T19:31:47.767732+00:00,201,40426.274,
2026-09-08T19:31:14.307102+00:00,201,73903.202,
2026-09-08T19:31:41.772250+00:00,201,46447.011,
2026-09-08T19:31:11.808492+00:00,201,76421.399,
2026-09-08T19:31:38.981377+00:00,201,49255.631,
2026-09-08T19:32:22.294349+00:00,201,5949.395,
2026-09-08T19:32:19.912149+00:00,201,8335.793,
2026-09-08T19:32:21.038774+00:00,201,7240.324,
2026-09-08T19:31:28.991394+00:00,201,59288.698,
2026-09-08T19:32:10.167945+00:00,201,18117.372,
2026-09-08T19:32:16.751959+00:00,201,11539.565,
2026-09-08T19:31:14.977514+00:00,201,73317.226,
2026-09-08T19:32:15.988955+00:00,201,12324.82,
2026-09-08T19:32:18.505028+00:00,201,9814.18,
2026-09-08T19:31:01.694392+00:00,201,86625.068,
2026-09-08T19:32:22.551180+00:00,201,5769.251,
2026-09-08T19:32:10.749942+00:00,201,17572.162,
2026-09-08T19:32:19.779842+00:00,201,8548.164,
2026-09-08T19:32:02.800276+00:00,201,25531.483,
2026-09-08T19:32:18.133464+00:00,201,10206.942,
2026-09-08T19:32:10.853500+00:00,201,17490.907,
2026-09-08T19:31:22.982826+00:00,201,65370.393,
2026-09-08T19:31:03.827366+00:00,201,84546.148,
2026-09-08T19:32:18.831946+00:00,201,9549.726,
2026-09-08T19:31:35.749899+00:00,201,52636.632,
2026-09-08T19:31:37.946831+00:00,201,50442.271,
2026-09-08T19:32:23.163586+00:00,201,5232.515,
2026-09-08T19:31:53.341338+00:00,201,35058.809,
2026-09-08T19:31:12.954566+00:00,201,75450.374,
2026-09-08T19:31:37.326118+00:00,201,51081.369,
2026-09-08T19:30:53.212679+00:00,201,95195.586,
2026-09-08T19:31:59.824217+00:00,201,28586.105,
2026-09-08T19:31:39.528214+00:00,201,48889.1,
2026-09-08T19:32:04.774521+00:00,201,23656.478,
2026-09-08T19:31:30.156337+00:00,201,58277.32,
2026-09-08T19:31:36.900723+00:00,201,51537.794,
2026-09-08T19:32:18.125371+00:00,201,10314.308,
2026-09-08T19:31:45.355369+00:00,201,43088.059,
2026-09-08T19:31:21.983952+00:00,201,66465.868,
2026-09-08T19:32:16.713724+00:00,201,11744.983,
2026-09-08T19:31:39.026202+00:00,201,49435.179,
2026-09-08T19:31:33.141940+00:00,201,55326.931,
2026-09-08T19:31:58.394781+00:00,201,30096.1,
2026-09-08T19:32:16.736877+00:00,201,11754.439,
2026-09-08T19:31:07.475241+00:00,201,81018.128,
2026-09-08T19:32:14.312507+00:00,201,14181.802,
2026-09-08T19:32:08.635747+00:00,201,19872.39,
2026-09-08T19:32:03.675659+00:00,201,24840.711,
2026-09-08T19:31:47.235965+00:00,201,41287.572,
2026-09-08T19:32:17.029411+00:00,201,11495.253,
2026-09-08T19:32:03.202275+00:00,201,25336.318,
2026-09-08T19:31:56.173193+00:00,201,32371.382,
2026-09-08T19:32:04.850435+00:00,201,23701.315,
2026-09-08T19:32:02.191351+00:00,201,26373.226,
2026-09-08T19:32:00.531881+00:00,201,28039.937,
2026-09-08T19:32:12.763130+00:00,201,15811.651,
2026-09-08T19:32:19.751741+00:00,201,8839.16,
2026-09-08T19:32:13.152482+00:00,201,15448.19,
2026-09-08T19:31:21.429558+00:00,201,67174.207,
2026-09-08T19:31:43.743897+00:00,201,44868.653,
2026-09-08T19:31:07.361432+00:00,201,81252.232,
2026-09-08T19:31:46.530203+00:00,201,42094.616,
2026-09-08T19:31:15.457942+00:00,201,73180.116,
2026-09-08T19:31:11.352158+00:00,201,77292.015,
2026-09-08T19:32:22.742405+00:00,201,5906.849,
2026-09-08T19:32:15.449918+00:00,201,13200.434,
2026-09-08T19:32:19.864281+00:00,201,8790.992,
2026-09-08T19:32:09.751321+00:00,201,18931.365,
2026-09-08T19:31:55.969305+00:00,201,32716.321,
2026-09-08T19:32:02.070885+00:00,201,26615.447,
2026-09-08T19:31:59.044382+00:00,201,29648.377,
2026-09-08T19:31:23.937176+00:00,201,64762.718,
2026-09-08T19:31:59.000703+00:00,201,29700.789,
2026-09-08T19:32:10.416929+00:00,201,18286.658,
2026-09-08T19:32:16.214830+00:00,201,12492.284,
2026-09-08T19:32:00.021159+00:00,201,28692.887,
2026-09-08T19:31:59.146711+00:00,201,29580.778,
2026-09-08T19:31:56.672681+00:00,201,32056.281,
2026-09-08T19:32:10.007457+00:00,201,18724.207,
2026-09-08T19:30:51.425976+00:00,201,97311.637,
2026-09-08T19:31:36.602987+00:00,201,52143.845,
2026-09-08T19:32:18.166986+00:00,201,10585.732,
2026-09-08T19:31:56.152309+00:00,201,32608.146,
2026-09-08T19:31:58.206828+00:00,201,30564.205,
2026-09-08T19:32:10.624912+00:00,201,18146.44,
2026-09-08T19:31:58.773034+00:00,201,30006.399,
2026-09-08T19:32:11.135173+00:00,201,17654.834,
2026-09-08T19:32:05.778192+00:00,201,23021.355,
2026-09-08T19:32:11.095488+00:00,201,17707.237,
2026-09-08T19:32:15.854107+00:00,201,12949.402,
2026-09-08T19:32:16.822866+00:00,201,11981.743,
2026-09-08T19:32:12.887107+00:00,201,15922.816,
2026-09-08T19:32:02.497519+00:00,201,26314.178,
2026-09-08T19:32:21.481231+00:00,201,7330.935,
2026-09-08T19:32:02.964069+00:00,201,25858.278,
2026-09-08T19:31:58.227704+00:00,201,30599.699,
2026-09-08T19:32:00.258351+00:00,201,28578.181,
2026-09-08T19:30:25.976040+00:00,201,122870.721,
2026-09-08T19:32:10.838353+00:00,201,18015.209,
2026-09-08T19:30:45.420666+00:00,201,103435.276,
2026-09-08T19:32:10.338260+00:00,201,18520.478,
2026-09-08T19:32:10.381374+00:00,201,18480.934,
2026-09-08T19:32:00.844741+00:00,201,28034.551,
2026-09-08T19:32:10.497424+00:00,201,18382.949,
2026-09-08T19:32:07.617142+00:00,201,21264.07,
2026-09-08T19:31:39.700702+00:00,201,49180.902,
2026-09-08T19:31:54.706545+00:00,201,34178.907,
2026-09-08T19:31:49.897990+00:00,201,38994.32,
2026-09-08T19:31:14.119174+00:00,201,74781.967,
2026-09-08T19:32:04.050448+00:00,201,24854.063,
2026-09-08T19:32:04.990293+00:00,201,23917.908,
2026-09-08T19:31:56.503315+00:00,201,32405.976,
2026-09-08T19:32:17.802965+00:00,201,11114.458,
2026-09-08T19:32:05.684321+00:00,201,23234.826,
2026-09-08T19:31:51.220011+00:00,201,37700.093,
2026-09-08T19:31:56.839179+00:00,201,32121.95,
2026-09-08T19:32:10.203801+00:00,201,18767.595,
2026-09-08T19:32:12.782100+00:00,201,16192.601,
2026-09-08T19:31:23.994107+00:00,201,64981.814,
2026-09-08T19:32:10.427476+00:00,201,18553.873,
2026-09-08T19:30:32.371774+00:00,201,116613.458,
2026-09-08T19:31:07.398283+00:00,201,81591.635,
2026-09-08T19:31:47.503547+00:00,201,41486.877,
2026-09-08T19:32:16.571634+00:00,201,12441.549,
2026-09-08T19:31:01.144714+00:00,201,87880.177,
2026-09-08T19:31:34.795343+00:00,201,54229.941,
2026-09-08T19:31:41.513628+00:00,201,47515.566,
2026-09-08T19:31:54.853228+00:00,201,34186.669,
2026-09-08T19:31:58.806924+00:00,201,30237.663,
2026-09-08T19:31:37.597813+00:00,201,51464.264,
2026-09-08T19:31:46.249207+00:00,201,42813.239,
2026-09-08T19:31:18.837273+00:00,201,70227.69,
2026-09-08T19:31:13.574161+00:00,201,75497.011,
2026-09-08T19:31:13.881345+00:00,201,75194.637,
2026-09-08T19:31:08.317705+00:00,201,80783.611,
2026-09-08T19:32:04.284318+00:00,201,24820.806,
2026-09-08T19:32:10.847563+00:00,201,18257.902,
2026-09-08T19:32:09.551627+00:00,201,19571.335,
2026-09-08T19:31:40.023595+00:00,201,49105.47,
2026-09-08T19:32:18.619433+00:00,201,10518.441,
2026-09-08T19:32:15.239033+00:00,201,13899.819,
2026-09-08T19:31:11.089404+00:00,201,78061.529,
2026-09-08T19:31:15.391275+00:00,201,73760.765,
2026-09-08T19:31:08.146493+00:00,201,81006.708,
2026-09-08T19:31:56.253503+00:00,201,32902.81,
2026-09-08T19:32:23.441581+00:00,201,5721.76,
2026-09-08T19:32:15.947893+00:00,201,13230.264,
2026-09-08T19:32:00.532909+00:00,201,28646.138,
2026-09-08T19:32:00.313416+00:00,201,28865.913,
2026-09-08T19:31:44.892176+00:00,201,44294.821,
2026-09-08T19:32:16.815122+00:00,201,12379.364,
2026-09-08T19:32:23.561181+00:00,201,5648.849,
2026-09-08T19:31:48.461509+00:00,201,40749.454,
2026-09-08T19:31:49.065774+00:00,201,40147.406,
2026-09-08T19:31:15.334094+00:00,201,73881.948,
2026-09-08T19:32:22.987666+00:00,201,6260.245,
2026-09-08T19:30:30.365053+00:00,201,118884.673,
2026-09-08T19:31:47.157305+00:00,201,42095.404,
2026-09-08T19:30:09.476902+00:00,201,139778.828,
2026-09-08T19:32:19.084811+00:00,201,10175.094,
2026-09-08T19:30:42.245028+00:00,201,107020.53,
2026-09-08T19:32:03.610724+00:00,201,25664.223,
2026-09-08T19:32:14.949864+00:00,201,14330.508,
2026-09-08T19:30:49.345029+00:00,201,99937.678,
2026-09-08T19:31:22.268249+00:00,201,67015.994,
2026-09-08T19:31:53.287648+00:00,201,36014.238,
2026-09-08T19:32:14.834998+00:00,201,14470.359,
2026-09-08T19:31:09.651269+00:00,201,79657.531,
2026-09-08T19:31:37.855641+00:00,201,51462.952,
2026-09-08T19:32:09.704045+00:00,201,19621.201,
2026-09-08T19:32:19.690124+00:00,201,9637.445,
2026-09-08T19:32:03.285840+00:00,201,26044.148,
2026-09-08T19:32:18.973658+00:00,201,10377.52,
2026-09-08T19:31:57.635933+00:00,201,31717.482,
2026-09-08T19:31:41.966584+00:00,201,47394.915,
2026-09-08T19:32:12.912873+00:00,201,16449.528,
2026-09-08T19:32:01.365876+00:00,201,27998.666,
2026-09-08T19:32:00.959714+00:00,201,28405.304,
2026-09-08T19:32:17.592163+00:00,201,11777.321,
2026-09-08T19:31:38.500618+00:00,201,50871.598,
2026-09-08T19:32:04.463090+00:00,201,24910.229,
2026-09-08T19:32:12.071298+00:00,201,17304.269,
2026-09-08T19:32:04.287086+00:00,201,25092.035,
2026-09-08T19:31:59.459833+00:00,201,29926.746,
2026-09-08T19:31:20.509838+00:00,201,68904.064,
2026-09-08T19:32:11.917121+00:00,201,17514.658,
2026-09-08T19:32:13.343694+00:00,201,16088.547,
2026-09-08T19:32:16.450960+00:00,201,12984.316,
2026-09-08T19:32:17.793406+00:00,201,11651.457,
2026-09-08T19:32:16.934997+00:00,201,12510.67,
2026-09-08T19:32:13.125471+00:00,201,16322.346,
2026-09-08T19:31:42.075774+00:00,201,47383.398,
2026-09-08T19:32:17.843012+00:00,201,11627.413,
2026-09-08T19:31:37.207353+00:00,201,52267.767,
2026-09-08T19:32:19.231134+00:00,201,10252.222,
2026-09-08T19:32:01.180619+00:00,201,28303.069,
2026-09-08T19:31:46.342258+00:00,201,43141.771,
2026-09-08T19:32:02.004858+00:00,201,27479.618,
2026-09-08T19:31:45.996713+00:00,201,43488.196,
2026-09-08T19:31:02.327860+00:00,201,87160.962,
2026-09-08T19:32:11.520689+00:00,201,17990.715,
2026-09-08T19:32:07.066987+00:00,201,22444.931,
2026-09-08T19:32:02.925206+00:00,201,26587.244,
2026-09-08T19:32:15.719150+00:00,201,13813.665,
2026-09-08T19:32:20.488391+00:00,201,9045.986,
2026-09-08T19:32:03.466092+00:00,201,26068.865,
2026-09-08T19:32:20.292052+00:00,201,9267.192,
2026-09-08T19:32:04.328984+00:00,201,25230.834,
2026-09-08T19:31:20.751002+00:00,201,68809.389,
2026-09-08T19:31:40.390188+00:00,201,49170.873,
2026-09-08T19:31:58.805765+00:00,201,30755.926,
2026-09-08T19:31:40.986292+00:00,201,48576.044,
2026-09-08T19:30:56.851542+00:00,201,92711.451,
2026-09-08T19:31:46.472718+00:00,201,43091.088,
2026-09-08T19:32:21.530297+00:00,201,8034.256,
2026-09-08T19:32:09.802986+00:00,201,19770.335,
2026-09-08T19:32:18.728572+00:00,201,10848.687,
2026-09-08T19:30:59.208426+00:00,201,90374.836,
2026-09-08T19:32:01.295298+00:00,201,28289.995,
2026-09-08T19:31:55.563513+00:00,201,34024.508,
2026-09-08T19:32:12.414026+00:00,201,17179.9,
2026-09-08T19:31:31.416381+00:00,201,58201.171,
2026-09-08T19:31:08.603142+00:00,201,81051.794,
2026-09-08T19:32:11.200072+00:00,201,18459.75,
2026-09-08T19:32:03.085994+00:00,201,26575.276,
2026-09-08T19:31:30.465055+00:00,201,59196.968,
2026-09-08T19:32:20.278060+00:00,201,9388.1,
2026-09-08T19:32:19.022931+00:00,201,10652.673,
2026-09-08T19:31:49.651355+00:00,201,40029.689,
2026-09-08T19:32:22.534840+00:00,201,7162.416,
2026-09-08T19:31:57.752318+00:00,201,31966.777,
2026-09-08T19:31:59.855186+00:00,201,29865.448,
2026-09-08T19:32:01.420834+00:00,201,28308.271,
2026-09-08T19:31:38.864723+00:00,201,50865.178,
2026-09-08T19:32:16.283256+00:00,201,13471.695,
2026-09-08T19:31:56.490238+00:00,201,33273.236,
2026-09-08T19:31:44.882251+00:00,201,44903.137,
2026-09-08T19:31:10.935592+00:00,201,78868.243,
2026-09-08T19:30:42.713158+00:00,201,107096.264,
2026-09-08T19:31:14.521163+00:00,201,75290.958,
2026-09-08T19:31:34.864805+00:00,201,54980.158,
2026-09-08T19:31:36.546340+00:00,201,53304.504,
2026-09-08T19:32:01.872414+00:00,201,27985.312,
2026-09-08T19:31:48.826159+00:00,201,41060.316,
2026-09-08T19:31:21.361799+00:00,201,68530.873,
2026-09-08T19:32:10.521881+00:00,201,19372.567,
2026-09-08T19:31:58.843724+00:00,201,31055.343,
2026-09-08T19:31:53.842528+00:00,201,36057.328,
2026-09-08T19:32:19.923834+00:00,201,10004.66,
2026-09-08T19:32:08.620798+00:00,201,21315.247,
2026-09-08T19:31:37.333853+00:00,201,52610.894,
2026-09-08T19:31:15.840864+00:00,201,74117.281,
2026-09-08T19:30:49.482658+00:00,201,100518.072,
2026-09-08T19:31:28.726433+00:00,201,61282.203,
2026-09-08T19:32:19.330447+00:00,201,10683.029,
2026-09-08T19:31:13.067476+00:00,201,76954.815,
2026-09-08T19:32:04.821463+00:00,201,25203.214,
2026-09-08T19:30:55.813178+00:00,201,94212.269,
2026-09-08T19:32:22.115981+00:00,201,7910.428,
2026-09-08T19:32:03.425142+00:00,201,26602.939,
2026-09-08T19:30:13.061172+00:00,201,136974.184,
2026-09-08T19:31:59.310020+00:00,201,30746.26,
2026-09-08T19:32:01.731144+00:00,201,28327.382,
2026-09-08T19:32:18.007005+00:00,201,12053.106,
2026-09-08T19:31:41.503804+00:00,201,48562.021,
2026-09-08T19:32:10.809673+00:00,201,19278.705,
2026-09-08T19:31:10.231305+00:00,201,79892.865,
2026-09-08T19:32:08.354563+00:00,201,21775.409,
2026-09-08T19:31:08.521036+00:00,201,81610.724,
2026-09-08T19:30:38.046948+00:00,201,112118.023,
2026-09-08T19:31:09.828594+00:00,201,80339.221,
2026-09-08T19:31:35.635065+00:00,201,54548.985,
2026-09-08T19:31:07.778917+00:00,201,82424.12,
2026-09-08T19:30:49.423188+00:00,201,100781.331,
2026-09-08T19:30:46.282217+00:00,201,103933.971,
2026-09-08T19:31:57.735258+00:00,201,32489.849,
2026-09-08T19:32:07.858681+00:00,201,22374.567,
2026-09-08T19:32:05.095494+00:00,201,25154.174,
2026-09-08T19:32:14.060844+00:00,201,16194.287,
2026-09-08T19:32:00.507836+00:00,201,29763.515,
2026-09-08T19:31:44.768195+00:00,201,45505.012,
2026-09-08T19:31:10.589380+00:00,201,79690.253,
2026-09-08T19:30:58.941841+00:00,201,91339.371,
2026-09-08T19:32:00.331701+00:00,201,29979.964,
2026-09-08T19:32:18.838608+00:00,201,11491.221,
2026-09-08T19:31:44.210740+00:00,201,46120.701,
2026-09-08T19:32:23.337315+00:00,201,6997.008,
2026-09-08T19:32:11.387740+00:00,201,18965.745,
2026-09-08T19:32:22.328431+00:00,201,8033.59,
2026-09-08T19:32:21.168906+00:00,201,9210.52,
2026-09-08T19:31:37.285133+00:00,201,53099.471,
2026-09-08T19:32:09.860289+00:00,201,20555.578,
2026-09-08T19:32:15.629836+00:00,201,14786.742,
2026-09-08T19:32:04.378949+00:00,201,26043.025,
2026-09-08T19:31:59.932310+00:00,201,30504.915,
2026-09-08T19:32:14.105822+00:00,201,16341.665,
2026-09-08T19:32:00.218157+00:00,201,30234.354,
2026-09-08T19:32:20.220621+00:00,201,10233.042,
2026-09-08T19:32:13.056112+00:00,201,17401.691,
2026-09-08T19:30:58.663235+00:00,201,91821.94,
2026-09-08T19:32:21.113666+00:00,201,9380.598,
2026-09-08T19:32:01.605578+00:00,201,28902.526,
2026-09-08T19:31:05.920871+00:00,201,84598.396,
2026-09-08T19:32:03.450329+00:00,201,27070.676,
2026-09-08T19:32:03.328300+00:00,201,27200.675,
2026-09-08T19:31:14.042642+00:00,201,76487.13,
2026-09-08T19:31:58.678682+00:00,201,31880.964,
2026-09-08T19:32:11.664965+00:00,201,18899.589,
2026-09-08T19:32:04.786497+00:00,201,25779.334,
2026-09-08T19:32:17.853782+00:00,201,12720.05,
2026-09-08T19:32:07.267201+00:00,201,23309.214,
2026-09-08T19:31:28.303255+00:00,201,62285.149,
2026-09-08T19:31:59.748255+00:00,201,30845.064,
2026-09-08T19:31:18.726230+00:00,201,71870.052,
2026-09-08T19:32:13.113353+00:00,201,17484.051,
2026-09-08T19:31:47.527613+00:00,201,43072.072,
2026-09-08T19:32:10.943852+00:00,201,19670.178,
2026-09-08T19:32:07.695321+00:00,201,22931.488,
2026-09-08T19:31:46.775954+00:00,201,43854.816,
2026-09-08T19:32:17.814015+00:00,201,12858.91,
2026-09-08T19:31:58.436097+00:00,201,32245.234,
2026-09-08T19:32:19.082083+00:00,201,11642.099,
2026-09-08T19:31:14.219282+00:00,201,76505.629,
2026-09-08T19:31:30.814933+00:00,201,59936.496,
2026-09-08T19:32:13.521512+00:00,201,17231.747,
2026-09-08T19:31:39.549933+00:00,201,51209.599,
2026-09-08T19:31:02.615126+00:00,201,88162.284,
2026-09-08T19:31:51.521119+00:00,201,39289.526,
2026-09-08T19:31:55.072456+00:00,201,35746.569,
2026-09-08T19:32:16.983196+00:00,201,13852.544,
2026-09-08T19:31:15.692941+00:00,201,75143.527,
2026-09-08T19:32:17.444628+00:00,201,13410.318,
2026-09-08T19:31:47.428620+00:00,201,43439.269,
2026-09-08T19:31:31.254243+00:00,201,59614.459,
2026-09-08T19:30:38.580718+00:00,201,112292.494,
2026-09-08T19:31:41.542819+00:00,201,49341.257,
2026-09-08T19:31:22.136904+00:00,201,68753.767,
2026-09-08T19:32:01.078281+00:00,201,29817.198,
2026-09-08T19:31:52.263492+00:00,201,38639.124,
2026-09-08T19:32:20.243667+00:00,201,10700.967,
2026-09-08T19:30:53.720311+00:00,201,97228.234,
2026-09-08T19:32:14.314998+00:00,201,16638.413,
2026-09-08T19:32:16.622268+00:00,201,14345.798,
2026-09-08T19:32:11.742469+00:00,201,19236.103,
2026-09-08T19:32:10.174441+00:00,201,20806.058,
2026-09-08T19:31:59.866366+00:00,201,31154.173,
2026-09-08T19:32:10.528962+00:00,201,20516.484,
2026-09-08T19:31:57.051501+00:00,201,34007.169,
2026-09-08T19:31:43.833858+00:00,201,47227.507,
2026-09-08T19:31:49.964440+00:00,201,41117.284,
2026-09-08T19:31:21.291360+00:00,201,69793.396,
2026-09-08T19:32:01.207699+00:00,201,29891.819,
2026-09-08T19:31:46.019103+00:00,201,45091.226,
2026-09-08T19:32:07.667144+00:00,201,23487.271,
2026-09-08T19:32:01.964271+00:00,201,29205.349,
2026-09-08T19:32:18.298098+00:00,201,12879.535,
2026-09-08T19:32:16.585366+00:00,201,14611.428,
2026-09-08T19:32:02.383580+00:00,201,28814.064,
2026-09-08T19:32:15.751738+00:00,201,15453.076,
2026-09-08T19:32:00.787806+00:00,201,30420.741,
2026-09-08T19:31:46.373003+00:00,201,44853.142,
2026-09-08T19:32:19.016807+00:00,201,12214.351,
2026-09-08T19:31:37.569056+00:00,201,53671.186,
2026-09-08T19:31:41.702783+00:00,201,49545.615,
2026-09-08T19:30:59.135034+00:00,201,92115.206,
2026-09-08T19:32:00.449606+00:00,201,30814.344,
2026-09-08T19:31:06.064072+00:00,201,85200.701,
2026-09-08T19:31:04.775004+00:00,201,86518.452,
2026-09-08T19:32:17.641906+00:00,201,13663.24,
2026-09-08T19:31:15.032026+00:00,201,76279.497,
2026-09-08T19:32:12.976476+00:00,201,18344.445,
2026-09-08T19:31:36.961898+00:00,201,54378.453,
2026-09-08T19:32:04.892923+00:00,201,26449.509,
2026-09-08T19:31:20.788145+00:00,201,70562.86,
2026-09-08T19:31:59.816014+00:00,201,31559.422,
2026-09-08T19:31:08.407712+00:00,201,82968.531,
2026-09-08T19:32:16.566374+00:00,201,14826.338,
2026-09-08T19:32:19.397430+00:00,201,12014.749,
2026-09-08T19:32:10.233023+00:00,201,21197.02,
2026-09-08T19:31:30.114044+00:00,201,61317.522,
2026-09-08T19:32:22.322636+00:00,201,9111.786,
2026-09-08T19:32:00.857373+00:00,201,30604.222,
2026-09-08T19:32:13.657928+00:00,201,17846.218,
2026-09-08T19:32:22.466692+00:00,201,9092.107,
2026-09-08T19:31:55.480972+00:00,201,36085.984,
2026-09-08T19:32:07.411497+00:00,201,24162.797,
2026-09-08T19:32:23.672155+00:00,201,7930.91,
2026-09-08T19:30:30.747571+00:00,201,120858.528,
2026-09-08T19:32:10.938918+00:00,201,20693.143,
2026-09-08T19:31:56.333568+00:00,201,35306.461,
2026-09-08T19:31:30.121691+00:00,201,61526.53,
2026-09-08T19:32:11.771516+00:00,201,19879.561,
2026-09-08T19:32:10.362246+00:00,201,21300.12,
2026-09-08T19:31:32.222279+00:00,201,59442.963,
2026-09-08T19:31:37.724788+00:00,201,53969.579,
2026-09-08T19:31:29.749256+00:00,201,61945.944,
2026-09-08T19:31:58.968665+00:00,201,32755.486,
2026-09-08T19:32:03.962040+00:00,201,27763.059,
2026-09-08T19:32:12.942667+00:00,201,18823.48,
2026-09-08T19:30:53.024329+00:00,201,98746.382,
2026-09-08T19:32:05.115508+00:00,201,26673.504,
2026-09-08T19:31:36.143330+00:00,201,55647.445,
2026-09-08T19:32:03.940364+00:00,201,27852.295,
2026-09-08T19:32:08.156137+00:00,201,23647.138,
2026-09-08T19:31:39.905696+00:00,201,51901.298,
2026-09-08T19:32:19.099522+00:00,201,12711.192,
2026-09-08T19:32:13.438216+00:00,201,18382.509,
2026-09-08T19:32:00.882446+00:00,201,30941.184,
2026-09-08T19:31:59.235881+00:00,201,32594.011,
2026-09-08T19:31:17.891006+00:00,201,73972.693,
2026-09-08T19:31:30.473135+00:00,201,61407.401,
2026-09-08T19:30:40.095790+00:00,201,111796.465,
2026-09-08T19:31:21.788453+00:00,201,70107.369,
2026-09-08T19:32:02.080283+00:00,201,29844.813,
2026-09-08T19:32:00.511578+00:00,201,31433.856,
2026-09-08T19:31:51.773331+00:00,201,40179.265,
2026-09-08T19:30:32.894326+00:00,201,119066.633,
2026-09-08T19:32:02.089979+00:00,201,29898.695,
2026-09-08T19:32:19.193675+00:00,201,12802.462,
2026-09-08T19:30:51.868263+00:00,201,100145.101,
2026-09-08T19:31:22.634608+00:00,201,69420.067,
2026-09-08T19:31:25.736174+00:00,201,66327.407,
2026-09-08T19:32:13.488010+00:00,201,18593.253,
2026-09-08T19:32:04.766751+00:00,201,27316.246,
2026-09-08T19:32:11.194268+00:00,201,20892.496,
2026-09-08T19:31:57.420289+00:00,201,34671.683,
2026-09-08T19:31:13.501673+00:00,201,78594.432,
2026-09-08T19:32:22.145117+00:00,201,9972.121,
2026-09-08T19:31:34.840463+00:00,201,57277.504,
2026-09-08T19:31:49.815369+00:00,201,42313.292,
2026-09-08T19:31:59.074864+00:00,201,33058.438,
2026-09-08T19:31:59.639082+00:00,201,32499.659,
2026-09-08T19:32:22.957588+00:00,201,9226.586,
2026-09-08T19:31:45.419949+00:00,201,46771.193,
2026-09-08T19:31:36.140790+00:00,201,56052.21,
2026-09-08T19:31:54.603374+00:00,201,37590.586,
2026-09-08T19:32:06.422634+00:00,201,25780.027,
2026-09-08T19:31:45.176130+00:00,201,47049.061,
2026-09-08T19:32:20.417492+00:00,201,11810.565,
2026-09-08T19:32:20.498044+00:00,201,11732.002,
2026-09-08T19:31:22.486183+00:00,201,69767.206,
2026-09-08T19:31:45.980537+00:00,201,46290.01,
2026-09-08T19:31:46.543648+00:00,201,45734.817,
2026-09-08T19:32:18.101788+00:00,201,14201.403,
2026-09-08T19:31:15.522949+00:00,201,76790.107,
2026-09-08T19:32:18.975879+00:00,201,13340.855,
2026-09-08T19:31:43.417385+00:00,201,48926.533,
2026-09-08T19:31:53.072587+00:00,201,39285.561,
2026-09-08T19:32:21.001964+00:00,201,11365.388,
2026-09-08T19:32:02.238203+00:00,201,30147.059,
2026-09-08T19:32:20.001738+00:00,201,12398.472,
2026-09-08T19:32:21.582054+00:00,201,10834.196,
2026-09-08T19:31:59.088157+00:00,201,33340.864,
2026-09-08T19:31:54.352215+00:00,201,38090.965,
2026-09-08T19:32:00.294310+00:00,201,32165.056,
2026-09-08T19:31:57.072052+00:00,201,35403.057,
2026-09-08T19:31:29.589399+00:00,201,62904.311,
2026-09-08T19:32:16.805924+00:00,201,15690.518,
2026-09-08T19:32:02.222228+00:00,201,30276.911,
2026-09-08T19:31:24.732016+00:00,201,67797.209,
2026-09-08T19:32:02.926761+00:00,201,29615.945,
2026-09-08T19:32:04.054742+00:00,201,28500.852,
2026-09-08T19:31:14.307974+00:00,201,78281.556,
2026-09-08T19:31:43.580062+00:00,201,49029.224,
2026-09-08T19:30:54.893184+00:00,201,97742.769,
2026-09-08T19:32:15.668819+00:00,201,16976.591,
2026-09-08T19:32:19.236514+00:00,201,13422.708,
2026-09-08T19:31:21.926941+00:00,201,70747.097,
2026-09-08T19:31:44.697762+00:00,201,47981.222,
2026-09-08T19:32:20.006877+00:00,201,12680.885,
2026-09-08T19:32:15.047518+00:00,201,17646.805,
2026-09-08T19:31:44.940345+00:00,201,47773.249,
2026-09-08T19:32:10.298325+00:00,201,22416.503,
2026-09-08T19:32:18.307264+00:00,201,14410.844,
2026-09-08T19:31:47.549655+00:00,201,45171.414,
2026-09-08T19:31:59.625875+00:00,201,33109.07,
2026-09-08T19:32:20.505889+00:00,201,12231.536,
2026-09-08T19:32:08.300182+00:00,201,24475.985,
2026-09-08T19:31:58.347119+00:00,201,34451.217,
2026-09-08T19:31:43.957216+00:00,201,48850.179,
2026-09-08T19:31:09.964954+00:00,201,82843.386,
2026-09-08T19:32:12.351324+00:00,201,20468.137,
2026-09-08T19:31:28.060261+00:00,201,64786.219,
2026-09-08T19:31:37.890157+00:00,201,54962.908,
2026-09-08T19:31:45.222227+00:00,201,47631.827,
2026-09-08T19:32:15.345426+00:00,201,17526.204,
2026-09-08T19:32:20.723470+00:00,201,12150.295,
2026-09-08T19:31:22.909593+00:00,201,69971.566,
2026-09-08T19:31:45.782458+00:00,201,47155.059,
2026-09-08T19:30:44.502663+00:00,201,108438.98,
2026-09-08T19:32:11.722783+00:00,201,21231.493,
2026-09-08T19:31:36.874838+00:00,201,56097.112,
2026-09-08T19:31:03.413208+00:00,201,89574.447,
2026-09-08T19:32:19.156411+00:00,201,13839.328,
2026-09-08T19:31:00.935208+00:00,201,92075.26,
2026-09-08T19:31:43.351501+00:00,201,49679.645,
2026-09-08T19:31:04.068420+00:00,201,88969.919,
2026-09-08T19:32:20.003446+00:00,201,13046.982,
2026-09-08T19:30:53.371360+00:00,201,99688.309,
2026-09-08T19:32:16.944886+00:00,201,16142.445,
2026-09-08T19:31:52.093339+00:00,201,41024.984,
2026-09-08T19:31:30.809373+00:00,201,62315.558,
2026-09-08T19:30:42.756020+00:00,201,110369.818,
2026-09-08T19:32:16.237374+00:00,201,16891.751,
2026-09-08T19:31:11.483449+00:00,201,81658.051,
2026-09-08T19:30:54.863826+00:00,201,98289.628,
2026-09-08T19:31:44.305317+00:00,201,48860.832,
2026-09-08T19:31:42.821014+00:00,201,50357.249,
2026-09-08T19:30:57.148517+00:00,201,96033.984,
2026-09-08T19:32:03.855442+00:00,201,29352.914,
2026-09-08T19:32:01.951633+00:00,201,31262.034,
2026-09-08T19:32:19.135381+00:00,201,14110.989,
2026-09-08T19:32:02.255091+00:00,201,30993.355,
2026-09-08T19:32:03.656301+00:00,201,29593.209,
2026-09-08T19:32:18.851609+00:00,201,14400.217,
2026-09-08T19:32:17.673559+00:00,201,15581.547,
2026-09-08T19:32:17.053738+00:00,201,16210.412,
2026-09-08T19:32:19.805280+00:00,201,13495.882,
2026-09-08T19:30:59.586897+00:00,201,93761.659,
2026-09-08T19:32:05.041714+00:00,201,28312.759,
2026-09-08T19:32:17.149891+00:00,201,16205.614,
2026-09-08T19:32:01.379019+00:00,201,31992.141,
2026-09-08T19:31:59.154564+00:00,201,34244.139,
2026-09-08T19:31:49.454513+00:00,201,44006.147,
2026-09-08T19:31:53.437863+00:00,201,40032.652,
2026-09-08T19:32:11.418722+00:00,201,22070.755,
2026-09-08T19:32:12.202951+00:00,201,21318.963,
2026-09-08T19:31:13.797154+00:00,201,79731.045,
2026-09-08T19:32:12.967636+00:00,201,20568.81,
2026-09-08T19:32:19.532348+00:00,201,14016.006,
2026-09-08T19:32:16.896975+00:00,201,16661.115,
2026-09-08T19:31:53.435633+00:00,201,40124.366,
2026-09-08T19:32:17.720705+00:00,201,15852.714,
2026-09-08T19:31:08.150159+00:00,201,85437.372,
2026-09-08T19:32:16.308312+00:00,201,17296.633,
2026-09-08T19:32:17.083950+00:00,201,16522.919,
2026-09-08T19:30:39.192090+00:00,201,114461.097,
2026-09-08T19:31:01.869247+00:00,201,91802.135,
2026-09-08T19:32:23.517139+00:00,201,10159.989,
2026-09-08T19:32:18.763326+00:00,201,14919.42,
2026-09-08T19:31:58.151555+00:00,201,35535.351,
2026-09-08T19:31:52.860040+00:00,201,40829.635,
2026-09-08T19:32:01.720120+00:00,201,32020.893,
2026-09-08T19:31:22.881716+00:00,201,70861.06,
2026-09-08T19:31:02.487284+00:00,201,91264.885,
2026-09-08T19:30:42.661501+00:00,201,111093.842,
2026-09-08T19:32:11.011749+00:00,201,22757.554,
2026-09-08T19:32:02.650145+00:00,201,31159.398,
2026-09-08T19:32:19.594307+00:00,201,14225.892,
2026-09-08T19:31:28.888933+00:00,201,64938.007,
2026-09-08T19:31:18.746661+00:00,201,75094.012,
2026-09-08T19:31:15.695477+00:00,201,78147.407,
2026-09-08T19:32:17.427637+00:00,201,16431.954,
2026-09-08T19:31:46.547088+00:00,201,47318.63,
2026-09-08T19:30:45.945017+00:00,201,107921.571,
2026-09-08T19:32:18.115539+00:00,201,15777.754,
2026-09-08T19:31:46.050875+00:00,201,47853.034,
2026-09-08T19:32:19.900130+00:00,201,14009.943,
2026-09-08T19:31:30.111674+00:00,201,63809.301,
2026-09-08T19:32:19.653637+00:00,201,14278.493,
2026-09-08T19:31:46.962743+00:00,201,46973.442,
2026-09-08T19:31:51.969646+00:00,201,41970.631,
2026-09-08T19:32:01.084044+00:00,201,32858.524,
2026-09-08T19:31:47.256570+00:00,201,46691.754,
2026-09-08T19:31:00.400904+00:00,201,93554.012,
2026-09-08T19:31:26.107319+00:00,201,67855.003,
2026-09-08T19:31:37.999883+00:00,201,55994.276,
2026-09-08T19:31:14.229063+00:00,201,79778.793,
2026-09-08T19:31:12.618944+00:00,201,81427.229,
2026-09-08T19:31:03.016924+00:00,201,91032.198,
2026-09-08T19:31:01.517298+00:00,201,92537.969,
2026-09-08T19:31:56.247657+00:00,201,37812.94,
2026-09-08T19:32:00.559470+00:00,201,33538.018,
2026-09-08T19:32:20.790774+00:00,201,13333.068,
2026-09-08T19:32:15.613969+00:00,201,18512.892,
2026-09-08T19:31:45.201504+00:00,201,48940.12,
2026-09-08T19:31:52.058427+00:00,201,42123.36,
2026-09-08T19:31:36.817437+00:00,201,57375.411,
2026-09-08T19:31:04.916408+00:00,201,89318.494,
2026-09-08T19:32:19.780771+00:00,201,14474.318,
2026-09-08T19:32:01.162633+00:00,201,33100.767,
2026-09-08T19:31:40.866534+00:00,201,53401.537,
2026-09-08T19:32:16.051802+00:00,201,18217.224,
2026-09-08T19:32:09.407096+00:00,201,24878.478,
2026-09-08T19:32:13.301787+00:00,201,21001.633,
2026-09-08T19:32:20.810565+00:00,201,13500.461,
2026-09-08T19:32:11.338893+00:00,201,22985.986,
2026-09-08T19:32:10.456918+00:00,201,23878.26,
2026-09-08T19:32:02.901124+00:00,201,31449.743,
2026-09-08T19:32:02.509577+00:00,201,31846.503,
2026-09-08T19:31:40.765044+00:00,201,53600.334,
2026-09-08T19:31:22.525356+00:00,201,71897.064,
2026-09-08T19:31:43.099146+00:00,201,51355.251,
2026-09-08T19:32:19.097595+00:00,201,15376.667,
2026-09-08T19:32:15.767592+00:00,201,18722.054,
2026-09-08T19:30:28.617671+00:00,201,125874.007,
2026-09-08T19:31:45.635002+00:00,201,48864.712,
2026-09-08T19:32:20.022750+00:00,201,14478.637,
2026-09-08T19:31:22.877998+00:00,201,71628.2,
2026-09-08T19:32:23.051008+00:00,201,11465.877,
2026-09-08T19:32:22.835534+00:00,201,11690.575,
2026-09-08T19:31:57.276189+00:00,201,37250.582,
2026-09-08T19:32:10.620871+00:00,201,23910.551,
2026-09-08T19:32:16.530671+00:00,201,18007.628,
2026-09-08T19:32:23.285857+00:00,201,11270.355,
2026-09-08T19:32:19.404153+00:00,201,15154.76,
2026-09-08T19:31:12.743881+00:00,201,81821.847,
2026-09-08T19:32:20.260880+00:00,201,14319.336,
2026-09-08T19:31:53.578934+00:00,201,41010.956,
2026-09-08T19:32:04.970056+00:00,201,29626.386,
2026-09-08T19:32:15.179031+00:00,201,19427.458,
2026-09-08T19:32:10.301760+00:00,201,24309.893,
2026-09-08T19:31:15.665453+00:00,201,78961.758,
2026-09-08T19:32:10.908824+00:00,201,23724.776,
2026-09-08T19:32:17.082372+00:00,201,17554.282,
2026-09-08T19:32:20.005477+00:00,201,14635.559,
2026-09-08T19:32:19.325855+00:00,201,15320.921,
2026-09-08T19:31:40.988396+00:00,201,53660.38,
2026-09-08T19:32:15.684054+00:00,201,18973.135,
2026-09-08T19:31:35.856017+00:00,201,58804.018,
2026-09-08T19:31:21.451278+00:00,201,73214.363,
2026-09-08T19:32:06.112768+00:00,201,28561.345,
2026-09-08T19:32:01.721742+00:00,201,32974.447,
2026-09-08T19:32:22.070631+00:00,201,12631.685,
2026-09-08T19:32:07.749604+00:00,201,26954.816,
2026-09-08T19:31:21.540893+00:00,201,73164.25,
2026-09-08T19:31:47.746493+00:00,201,46962.525,
2026-09-08T19:31:37.309813+00:00,201,57414.397,
2026-09-08T19:32:15.541830+00:00,201,19194.727,
2026-09-08T19:31:13.247839+00:00,201,81497.783,
2026-09-08T19:31:55.896398+00:00,201,38858.141,
2026-09-08T19:31:34.006584+00:00,201,60750.029,
2026-09-08T19:30:42.280172+00:00,201,112484.643,
2026-09-08T19:32:00.594271+00:00,201,34186.846,
2026-09-08T19:32:08.812803+00:00,201,25982.263,
2026-09-08T19:31:43.428310+00:00,201,51374.46,
2026-09-08T19:31:48.297672+00:00,201,46506.661,
2026-09-08T19:31:07.583317+00:00,201,87228.037,
2026-09-08T19:32:18.113920+00:00,201,16717.593,
2026-09-08T19:31:58.449992+00:00,201,36382.544,
2026-09-08T19:32:15.606341+00:00,201,19235.406,
2026-09-08T19:30:58.466828+00:00,201,96385.177,
2026-09-08T19:31:46.863310+00:00,201,47992.455,
2026-09-08T19:32:23.620502+00:00,201,11259.516,
2026-09-08T19:32:02.867745+00:00,201,32025.99,
2026-09-08T19:32:15.996913+00:00,201,18899.983,
2026-09-08T19:32:14.901716+00:00,201,19997.908,
2026-09-08T19:30:48.195881+00:00,201,106705.37,
2026-09-08T19:30:40.453525+00:00,201,114449.483,
2026-09-08T19:32:12.636457+00:00,201,22272.555,
2026-09-08T19:32:03.185589+00:00,201,31724.512,
2026-09-08T19:31:42.166327+00:00,201,52766.935,
2026-09-08T19:31:58.531811+00:00,201,36402.342,
2026-09-08T19:31:07.989246+00:00,201,86967.68,
2026-09-08T19:32:02.369707+00:00,201,32591.784,
2026-09-08T19:32:05.175936+00:00,201,29788.059,
2026-09-08T19:32:20.868867+00:00,201,14097.392,
2026-09-08T19:32:20.985102+00:00,201,13981.716,
2026-09-08T19:31:59.358101+00:00,201,35610.472,
2026-09-08T19:32:01.292056+00:00,201,33681.029,
2026-09-08T19:31:56.544714+00:00,201,38430.082,
2026-09-08T19:32:01.095384+00:00,201,33879.955,
2026-09-08T19:31:26.663945+00:00,201,68342.258,
2026-09-08T19:32:10.500188+00:00,201,24507.802,
2026-09-08T19:32:18.412363+00:00,201,16597.627,
2026-09-08T19:31:56.661239+00:00,201,38358.903,
2026-09-08T19:31:59.367182+00:00,201,35654.83,
2026-09-08T19:32:05.137071+00:00,201,29886.543,
2026-09-08T19:32:16.522408+00:00,201,18510.207,
2026-09-08T19:32:10.551320+00:00,201,24511.063,
2026-09-08T19:31:44.625646+00:00,201,50457.733,
2026-09-08T19:31:59.615166+00:00,201,35468.689,
2026-09-08T19:30:56.023356+00:00,201,99060.836,
2026-09-08T19:32:19.167653+00:00,201,15926.192,
2026-09-08T19:31:36.198395+00:00,201,58899.786,
2026-09-08T19:30:50.289440+00:00,201,104813.662,
2026-09-08T19:32:11.182227+00:00,201,23937.776,
2026-09-08T19:31:02.684276+00:00,201,92439.901,
2026-09-08T19:32:03.145759+00:00,201,31979.506,
2026-09-08T19:32:20.356866+00:00,201,14777.526,
2026-09-08T19:31:24.083040+00:00,201,71058.446,
2026-09-08T19:31:56.094094+00:00,201,39050.968,
2026-09-08T19:32:11.094248+00:00,201,24051.388,
2026-09-08T19:31:53.352963+00:00,201,41799.236,
2026-09-08T19:31:46.340408+00:00,201,48824.967,
2026-09-08T19:31:58.444547+00:00,201,36723.108,
2026-09-08T19:32:15.162718+00:00,201,20011.767,
2026-09-08T19:31:22.450024+00:00,201,72732.8,
2026-09-08T19:31:34.094937+00:00,201,61090.891,
2026-09-08T19:32:20.075590+00:00,201,15111.656,
2026-09-08T19:31:57.011133+00:00,201,38189.92,
2026-09-08T19:32:01.521580+00:00,201,33686.372,
2026-09-08T19:32:19.058576+00:00,201,16156.354,
2026-09-08T19:32:13.877664+00:00,201,21345.424,
2026-09-08T19:31:23.826729+00:00,201,71408.469,
2026-09-08T19:31:46.137283+00:00,201,49110.116,
2026-09-08T19:31:42.343054+00:00,201,52905.768,
2026-09-08T19:32:06.011664+00:00,201,29241.809,
2026-09-08T19:31:22.662010+00:00,201,72594.598,
2026-09-08T19:31:44.047527+00:00,201,51218.203,
2026-09-08T19:32:04.984736+00:00,201,30301.022,
2026-09-08T19:31:58.878925+00:00,201,36408.238,
2026-09-08T19:31:08.115192+00:00,201,87178.154,
2026-09-08T19:31:41.990406+00:00,201,53306.92,
2026-09-08T19:30:53.769789+00:00,201,101532.212,
2026-09-08T19:31:15.590359+00:00,201,79713.334,
2026-09-08T19:31:49.242434+00:00,201,46077.638,
2026-09-08T19:31:01.195971+00:00,201,94143.088,
2026-09-08T19:32:20.209849+00:00,201,15134.041,
2026-09-08T19:32:19.240771+00:00,201,16109.526,
2026-09-08T19:31:58.327782+00:00,201,37023.024,
2026-09-08T19:32:14.474091+00:00,201,20888.181,
2026-09-08T19:32:19.512539+00:00,201,15858.215,
2026-09-08T19:31:15.902833+00:00,201,79468.281,
2026-09-08T19:32:03.506333+00:00,201,31877.537,
2026-09-08T19:32:16.322839+00:00,201,19080.898,
2026-09-08T19:31:52.983968+00:00,201,42428.023,
2026-09-08T19:32:03.582405+00:00,201,31830.575,
2026-09-08T19:32:16.138449+00:00,201,19290.827,
2026-09-08T19:32:03.774999+00:00,201,31655.322,
2026-09-08T19:32:10.469001+00:00,201,24968.058,
2026-09-08T19:32:21.435736+00:00,201,14005.429,
2026-09-08T19:32:13.052404+00:00,201,22397.649,
2026-09-08T19:30:55.454617+00:00,201,100003.363,
2026-09-08T19:32:18.005434+00:00,201,17452.982,
2026-09-08T19:31:47.405117+00:00,201,48055.259,
2026-09-08T19:32:19.765203+00:00,201,15702.326,
2026-09-08T19:32:03.649772+00:00,201,31818.685,
2026-09-08T19:31:49.494072+00:00,201,45990.633,
2026-09-08T19:32:17.658118+00:00,201,17831.102,
2026-09-08T19:31:44.052895+00:00,201,51438.052,
2026-09-08T19:32:22.014908+00:00,201,13487.122,
2026-09-08T19:31:59.723244+00:00,201,35785.757,
2026-09-08T19:32:01.821575+00:00,201,33688.515,
2026-09-08T19:32:02.208183+00:00,201,33302.682,
2026-09-08T19:32:11.643797+00:00,201,23871.83,
2026-09-08T19:31:02.807636+00:00,201,92714.906,
2026-09-08T19:31:30.687646+00:00,201,64840.703,
2026-09-08T19:32:19.598560+00:00,201,15935.355,
2026-09-08T19:32:00.339814+00:00,201,35218.855,
2026-09-08T19:31:06.467670+00:00,201,89096.884,
2026-09-08T19:32:01.428336+00:00,201,34137.857,
2026-09-08T19:32:16.309597+00:00,201,19263.241,
2026-09-08T19:32:10.748812+00:00,201,24848.371,
2026-09-08T19:32:12.670054+00:00,201,22930.768,
2026-09-08T19:32:07.604330+00:00,201,27998.611,
2026-09-08T19:31:18.160096+00:00,201,77443.491,
2026-09-08T19:32:19.705941+00:00,201,15898.856,
2026-09-08T19:30:39.516836+00:00,201,116093.406,
2026-09-08T19:31:20.836886+00:00,201,74790.79,
2026-09-08T19:31:21.949025+00:00,201,73679.0,
2026-09-08T19:32:17.605812+00:00,201,18030.837,
2026-09-08T19:32:18.205037+00:00,201,17434.453,
2026-09-08T19:31:00.449433+00:00,201,95192.619,
2026-09-08T19:31:18.435666+00:00,201,77207.136,
2026-09-08T19:32:19.265812+00:00,201,16385.094,
2026-09-08T19:32:02.536190+00:00,201,33118.18,
2026-09-08T19:31:38.003637+00:00,201,57653.789,
2026-09-08T19:31:56.161046+00:00,201,39497.676,
2026-09-08T19:32:02.609285+00:00,201,33052.994,
2026-09-08T19:31:59.531045+00:00,201,36131.65,
2026-09-08T19:32:09.682911+00:00,201,26000.064,
2026-09-08T19:31:57.093157+00:00,201,38599.349,
2026-09-08T19:32:03.013761+00:00,201,32680.003,
2026-09-08T19:32:19.661219+00:00,201,16034.885,
2026-09-08T19:31:49.715556+00:00,201,45982.717,
2026-09-08T19:31:00.101927+00:00,201,95600.79,
2026-09-08T19:31:44.286113+00:00,201,51422.209,
2026-09-08T19:32:20.029142+00:00,201,15682.022,
2026-09-08T19:31:53.621601+00:00,201,42090.473,
2026-09-08T19:31:53.186201+00:00,201,42529.691,
2026-09-08T19:31:47.330006+00:00,201,48394.572,
2026-09-08T19:32:13.514155+00:00,201,22229.92,
2026-09-08T19:32:18.646447+00:00,201,17109.456,
2026-09-08T19:31:43.786199+00:00,201,51974.408,
2026-09-08T19:30:44.362168+00:00,201,111405.366,
2026-09-08T19:32:16.694049+00:00,201,19074.046,
2026-09-08T19:31:53.018196+00:00,201,42755.531,
2026-09-08T19:32:01.748424+00:00,201,34028.492,
2026-09-08T19:32:18.160511+00:00,201,17629.166,
2026-09-08T19:32:22.049409+00:00,201,13747.176,
2026-09-08T19:31:00.906869+00:00,201,94894.17,
2026-09-08T19:30:49.948814+00:00,201,105857.998,
2026-09-08T19:31:54.621897+00:00,201,41187.376,
2026-09-08T19:31:04.805890+00:00,201,91006.1,
2026-09-08T19:32:22.309950+00:00,201,13505.473,
2026-09-08T19:32:20.974864+00:00,201,14846.269,
2026-09-08T19:30:58.343551+00:00,201,97479.899,
2026-09-08T19:32:21.159430+00:00,201,14679.902,
2026-09-08T19:32:10.560903+00:00,201,25278.778,
2026-09-08T19:32:04.544003+00:00,201,31306.752,
2026-09-08T19:31:56.664382+00:00,201,39200.243,
2026-09-08T19:32:14.402836+00:00,201,21463.584,
2026-09-08T19:32:11.708368+00:00,201,24171.936,
2026-09-08T19:31:43.781838+00:00,201,52101.826,
2026-09-08T19:32:20.245990+00:00,201,15638.316,
2026-09-08T19:31:09.457227+00:00,201,86432.805,
2026-09-08T19:31:38.601569+00:00,201,57293.567,
2026-09-08T19:30:49.678470+00:00,201,106218.594,
2026-09-08T19:32:10.724618+00:00,201,25177.845,
2026-09-08T19:31:50.906376+00:00,201,45001.137,
2026-09-08T19:31:59.718182+00:00,201,36193.653,
2026-09-08T19:32:15.792712+00:00,201,20120.42,
2026-09-08T19:31:37.180805+00:00,201,58733.243,
2026-09-08T19:32:06.052483+00:00,201,29866.394,
2026-09-08T19:32:15.561783+00:00,201,20357.659,
2026-09-08T19:31:45.879532+00:00,201,50048.1,
2026-09-08T19:32:16.994996+00:00,201,18934.924,
2026-09-08T19:31:45.896909+00:00,201,50044.008,
2026-09-08T19:31:59.349767+00:00,201,36597.366,
2026-09-08T19:31:41.308633+00:00,201,54647.514,
2026-09-08T19:32:15.953566+00:00,201,20004.598,
2026-09-08T19:31:13.619031+00:00,201,82346.693,
2026-09-08T19:31:35.742485+00:00,201,60227.454,
2026-09-08T19:32:18.433604+00:00,201,17543.717,
2026-09-08T19:32:03.867017+00:00,201,32117.269,
2026-09-08T19:32:11.100227+00:00,201,24884.422,
2026-09-08T19:32:11.127602+00:00,201,24858.904,
2026-09-08T19:32:01.596210+00:00,201,34399.779,
2026-09-08T19:32:19.572196+00:00,201,16427.101,
2026-09-08T19:32:19.927868+00:00,201,16090.914,
2026-09-08T19:31:41.571685+00:00,201,54452.661,
2026-09-08T19:31:50.452273+00:00,201,45572.503,
2026-09-08T19:31:36.462049+00:00,201,59567.145,
2026-09-08T19:32:10.926178+00:00,201,25112.946,
2026-09-08T19:32:01.118362+00:00,201,34933.106,
2026-09-08T19:31:51.914721+00:00,201,44139.118,
2026-09-08T19:32:22.262132+00:00,201,13793.385,
2026-09-08T19:31:03.306989+00:00,201,92757.519,
2026-09-08T19:31:50.151020+00:00,201,45919.447,
2026-09-08T19:31:22.992540+00:00,201,73078.339,
2026-09-08T19:32:10.309556+00:00,201,25764.084,
2026-09-08T19:32:01.498232+00:00,201,34578.062,
2026-09-08T19:31:44.485932+00:00,201,51594.576,
2026-09-08T19:31:56.733351+00:00,201,39348.934,
2026-09-08T19:31:46.481841+00:00,201,49608.55,
2026-09-08T19:31:52.754421+00:00,201,43343.846,
2026-09-08T19:32:12.810559+00:00,201,23294.633,
2026-09-08T19:31:08.859942+00:00,201,87253.907,
2026-09-08T19:31:53.948598+00:00,201,42166.04,
2026-09-08T19:31:08.155499+00:00,201,87962.249,
2026-09-08T19:31:46.310381+00:00,201,49810.701,
2026-09-08T19:31:35.508836+00:00,201,60617.038,
2026-09-08T19:31:39.275234+00:00,201,56863.378,
2026-09-08T19:32:02.940305+00:00,201,33200.717,
2026-09-08T19:31:54.464475+00:00,201,41689.303,
2026-09-08T19:31:57.863666+00:00,201,38291.209,
2026-09-08T19:31:27.665268+00:00,201,68495.967,
2026-09-08T19:32:16.271224+00:00,201,19900.531,
2026-09-08T19:32:21.499598+00:00,201,14674.364,
2026-09-08T19:31:57.161256+00:00,201,39019.82,
2026-09-08T19:32:19.984816+00:00,201,16202.158,
2026-09-08T19:32:10.246891+00:00,201,25943.052,
2026-09-08T19:32:11.347233+00:00,201,24845.938,
2026-09-08T19:31:20.805617+00:00,201,75396.143,
2026-09-08T19:31:19.587829+00:00,201,76616.934,
2026-09-08T19:32:05.130607+00:00,201,31074.658,
2026-09-08T19:31:57.713956+00:00,201,38495.361,
2026-09-08T19:32:03.048623+00:00,201,33164.867,
2026-09-08T19:31:59.711888+00:00,201,36503.843,
2026-09-08T19:31:58.355055+00:00,201,37861.086,
2026-09-08T19:31:58.960296+00:00,201,37258.735,
2026-09-08T19:32:18.062352+00:00,201,18158.092,
2026-09-08T19:32:12.104707+00:00,201,24132.332,
2026-09-08T19:32:09.564363+00:00,201,26673.041,
2026-09-08T19:32:04.501863+00:00,201,31748.695,
2026-09-08T19:32:20.019238+00:00,201,16239.206,
2026-09-08T19:31:36.097016+00:00,201,60162.16,
2026-09-08T19:32:20.091065+00:00,201,16170.241,
2026-09-08T19:32:12.633481+00:00,201,23631.163,
2026-09-08T19:31:58.742510+00:00,201,37528.243,
2026-09-08T19:32:17.127576+00:00,201,19156.322,
2026-09-08T19:31:31.511168+00:00,201,64772.966,
2026-09-08T19:31:30.826406+00:00,201,65475.994,
2026-09-08T19:32:04.986508+00:00,201,31321.552,
2026-09-08T19:31:49.278731+00:00,201,47036.057,
2026-09-08T19:31:15.552912+00:00,201,80766.886,
2026-09-08T19:32:10.844832+00:00,201,25475.432,
2026-09-08T19:32:11.275107+00:00,201,25048.806,
2026-09-08T19:32:15.359453+00:00,201,20966.192,
2026-09-08T19:31:46.544738+00:00,201,49782.252,
2026-09-08T19:32:18.954895+00:00,201,17382.958,
2026-09-08T19:32:00.336704+00:00,201,36009.43,
2026-09-08T19:32:10.165946+00:00,201,26189.964,
2026-09-08T19:32:22.773924+00:00,201,13582.383,
2026-09-08T19:31:28.733662+00:00,201,67625.715,
2026-09-08T19:31:42.366243+00:00,201,53994.978,
2026-09-08T19:32:11.466836+00:00,201,24911.569,
2026-09-08T19:31:39.145339+00:00,201,57249.503,
2026-09-08T19:31:57.651323+00:00,201,38749.979,
2026-09-08T19:32:19.029067+00:00,201,17373.498,
2026-09-08T19:32:12.388099+00:00,201,24024.669,
2026-09-08T19:32:17.790376+00:00,201,18632.739,
2026-09-08T19:31:43.029336+00:00,201,53403.049,
2026-09-08T19:31:46.818773+00:00,201,49616.633,
2026-09-08T19:32:02.639360+00:00,201,33805.818,
2026-09-08T19:31:46.789020+00:00,201,49656.943,
2026-09-08T19:32:17.544881+00:00,201,18903.816,
2026-09-08T19:32:19.555393+00:00,201,16903.762,
2026-09-08T19:31:55.270338+00:00,201,41190.073,
2026-09-08T19:31:54.083599+00:00,201,42379.429,
2026-09-08T19:31:28.026943+00:00,201,68438.567,
2026-09-08T19:31:53.505001+00:00,201,42974.605,
2026-09-08T19:32:19.674482+00:00,201,16824.614,
2026-09-08T19:32:12.952976+00:00,201,23547.597,
2026-09-08T19:31:06.876759+00:00,201,89624.093,
2026-09-08T19:31:58.889079+00:00,201,37619.127,
2026-09-08T19:31:30.076106+00:00,201,66436.023,
2026-09-08T19:31:45.803771+00:00,201,50709.826,
2026-09-08T19:31:09.221486+00:00,201,87299.349,
2026-09-08T19:32:11.950385+00:00,201,24572.691,
2026-09-08T19:31:11.063998+00:00,201,85471.102,
2026-09-08T19:31:20.311458+00:00,201,76225.47,
2026-09-08T19:31:36.736198+00:00,201,59804.155,
2026-09-08T19:31:15.800629+00:00,201,80741.371,
2026-09-08T19:31:03.642011+00:00,201,92907.897,
2026-09-08T19:32:01.025435+00:00,201,35550.55,
2026-09-08T19:32:20.677719+00:00,201,15907.172,
2026-09-08T19:31:58.352651+00:00,201,38237.076,
2026-09-08T19:32:14.085449+00:00,201,22507.527,
2026-09-08T19:32:04.319219+00:00,201,32280.978,
2026-09-08T19:30:46.152658+00:00,201,110456.893,
2026-09-08T19:31:41.478332+00:00,201,55132.039,
2026-09-08T19:31:10.235431+00:00,201,86377.372,
2026-09-08T19:32:17.985591+00:00,201,18628.589,
2026-09-08T19:32:19.470705+00:00,201,17146.503,
2026-09-08T19:31:01.336268+00:00,201,95298.137,
2026-09-08T19:32:00.629802+00:00,201,36009.234,
2026-09-08T19:32:17.367921+00:00,201,19286.351,
2026-09-08T19:32:04.364228+00:00,201,32290.714,
2026-09-08T19:32:17.070118+00:00,201,19586.546,
2026-09-08T19:32:17.042855+00:00,201,19621.515,
2026-09-08T19:31:14.680435+00:00,201,81987.088,
2026-09-08T19:32:20.601485+00:00,201,16067.092,
2026-09-08T19:32:01.307873+00:00,201,35370.075,
2026-09-08T19:32:01.193604+00:00,201,35485.531,
2026-09-08T19:30:53.351529+00:00,201,103334.395,
2026-09-08T19:32:16.260845+00:00,201,20432.708,
2026-09-08T19:32:21.959344+00:00,201,14734.578,
2026-09-08T19:31:44.403349+00:00,201,52292.914,
2026-09-08T19:31:21.277297+00:00,201,75425.324,
2026-09-08T19:30:54.980468+00:00,201,101729.898,
2026-09-08T19:31:26.122694+00:00,201,70599.462,
2026-09-08T19:32:08.580065+00:00,201,28152.349,
2026-09-08T19:32:04.604994+00:00,201,32130.985,
2026-09-08T19:31:44.338798+00:00,201,52408.661,
2026-09-08T19:32:18.465188+00:00,201,18299.01,
2026-09-08T19:32:00.446240+00:00,201,36324.407,
2026-09-08T19:32:22.776619+00:00,201,13994.419,
2026-09-08T19:32:17.936401+00:00,201,18835.814,
2026-09-08T19:32:10.639677+00:00,201,26135.647,
2026-09-08T19:32:11.253039+00:00,201,25524.979,
2026-09-08T19:32:01.043036+00:00,201,35741.848,
2026-09-08T19:31:03.391259+00:00,201,93398.012,
2026-09-08T19:30:40.881003+00:00,201,115910.882,
2026-09-08T19:31:53.388638+00:00,201,43407.26,
2026-09-08T19:31:15.275264+00:00,201,81535.37,
2026-09-08T19:32:02.184936+00:00,201,34626.575,
2026-09-08T19:32:14.955558+00:00,201,21858.054,
2026-09-08T19:31:47.876385+00:00,201,48940.823,
2026-09-08T19:32:12.966052+00:00,201,23857.559,
2026-09-08T19:32:21.841124+00:00,201,14986.263,
2026-09-08T19:32:16.327647+00:00,201,20500.988,
2026-09-08T19:31:57.966641+00:00,201,38869.311,
2026-09-08T19:32:03.701484+00:00,201,33136.166,
2026-09-08T19:31:18.437845+00:00,201,78415.606,
2026-09-08T19:30:55.086723+00:00,201,101773.235,
2026-09-08T19:31:23.820675+00:00,201,73045.345,
2026-09-08T19:32:13.942425+00:00,201,22932.471,
2026-09-08T19:31:59.786755+00:00,201,37091.691,
2026-09-08T19:32:04.149542+00:00,201,32729.243,
2026-09-08T19:32:22.815857+00:00,201,14063.308,
2026-09-08T19:31:55.877876+00:00,201,41002.705,
2026-09-08T19:31:16.169890+00:00,201,80713.082,
2026-09-08T19:32:23.009151+00:00,201,13876.884,
2026-09-08T19:31:55.827730+00:00,201,41060.941,
2026-09-08T19:32:13.378430+00:00,201,23524.499,
2026-09-08T19:31:53.512457+00:00,201,43403.283,
2026-09-08T19:32:22.873432+00:00,201,14052.266,
2026-09-08T19:31:30.148859+00:00,201,66778.794,
2026-09-08T19:31:45.406798+00:00,201,51537.124,
2026-09-08T19:32:17.581028+00:00,201,19365.972,
2026-09-08T19:32:10.952164+00:00,201,25997.042,
2026-09-08T19:32:12.947286+00:00,201,24007.783,
2026-09-08T19:31:59.371830+00:00,201,37594.417,
2026-09-08T19:31:44.072137+00:00,201,52896.425,
2026-09-08T19:30:43.332434+00:00,201,113637.625,
2026-09-08T19:32:10.890156+00:00,201,26088.529,
2026-09-08T19:32:05.723752+00:00,201,31267.458,
2026-09-08T19:31:21.328636+00:00,201,75672.938,
2026-09-08T19:32:16.642715+00:00,201,20362.015,
2026-09-08T19:32:11.942758+00:00,201,25063.688,
2026-09-08T19:32:11.313262+00:00,201,25694.912,
2026-09-08T19:31:49.450392+00:00,201,47560.157,
2026-09-08T19:32:19.946471+00:00,201,17067.028,
2026-09-08T19:32:03.139302+00:00,201,33884.745,
2026-09-08T19:32:18.256936+00:00,201,18772.393,
2026-09-08T19:31:58.084943+00:00,201,38947.185,
2026-09-08T19:31:14.667601+00:00,201,82365.946,
2026-09-08T19:32:08.941100+00:00,201,28097.327,
2026-09-08T19:31:29.795907+00:00,201,67252.935,
2026-09-08T19:32:09.589586+00:00,201,27467.671,
2026-09-08T19:31:14.825064+00:00,201,82234.053,
2026-09-08T19:32:07.552026+00:00,201,29511.313,
2026-09-08T19:32:20.514158+00:00,201,16553.449,
2026-09-08T19:32:03.249054+00:00,201,33820.046,
2026-09-08T19:31:30.747388+00:00,201,66322.428,
2026-09-08T19:31:38.647029+00:00,201,58430.795,
2026-09-08T19:32:04.979628+00:00,201,32103.858,
2026-09-08T19:32:02.512076+00:00,201,34573.298,
2026-09-08T19:32:03.090724+00:00,201,33998.477,
2026-09-08T19:31:06.248006+00:00,201,90844.759,
2026-09-08T19:32:01.906389+00:00,201,35187.172,
2026-09-08T19:32:18.200918+00:00,201,18894.707,
2026-09-08T19:31:53.581676+00:00,201,43514.288,
2026-09-08T19:31:51.868587+00:00,201,45232.743,
2026-09-08T19:31:09.168305+00:00,201,87935.426,
2026-09-08T19:32:08.691521+00:00,201,28414.568,
2026-09-08T19:31:52.330886+00:00,201,44779.431,
2026-09-08T19:32:10.245294+00:00,201,26869.774,
2026-09-08T19:32:16.885153+00:00,201,20232.736,
2026-09-08T19:32:02.978382+00:00,201,34146.693,
2026-09-08T19:31:23.051811+00:00,201,74092.411,
2026-09-08T19:31:29.025413+00:00,201,68124.752,
2026-09-08T19:32:16.890791+00:00,201,20260.728,
2026-09-08T19:32:22.380038+00:00,201,14775.746,
2026-09-08T19:32:04.968818+00:00,201,32196.81,
2026-09-08T19:32:01.679465+00:00,201,35491.41,
2026-09-08T19:31:21.831440+00:00,201,75340.974,
2026-09-08T19:32:22.447014+00:00,201,14740.532,
2026-09-08T19:31:44.315973+00:00,201,52873.01,
2026-09-08T19:31:04.707328+00:00,201,92489.014,
2026-09-08T19:31:01.490921+00:00,201,95707.854,
2026-09-08T19:31:42.690118+00:00,201,54509.206,
2026-09-08T19:32:19.571172+00:00,201,17636.817,
2026-09-08T19:30:30.760709+00:00,201,126454.287,
2026-09-08T19:32:01.669820+00:00,201,35556.68,
2026-09-08T19:32:22.228132+00:00,201,14999.859,
2026-09-08T19:30:18.271723+00:00,201,138962.174,
2026-09-08T19:32:00.007679+00:00,201,37228.655,
2026-09-08T19:31:57.861983+00:00,201,39378.07,
2026-09-08T19:32:23.773621+00:00,201,13475.973,
2026-09-08T19:31:13.177558+00:00,201,84074.26,
2026-09-08T19:32:23.245266+00:00,201,14010.905,
2026-09-08T19:31:10.224136+00:00,201,87034.154,
2026-09-08T19:32:19.372714+00:00,201,17889.301,
2026-09-08T19:32:15.165085+00:00,201,22100.665,
2026-09-08T19:31:46.004207+00:00,201,51272.307,
2026-09-08T19:32:04.072282+00:00,201,33205.683,
2026-09-08T19:32:22.721945+00:00,201,14566.993,
2026-09-08T19:32:18.423340+00:00,201,18884.004,
2026-09-08T19:31:40.937441+00:00,201,56382.478,
2026-09-08T19:31:11.290405+00:00,201,86036.44,
2026-09-08T19:30:29.321657+00:00,201,128017.17,
2026-09-08T19:32:16.691757+00:00,201,20650.557,
2026-09-08T19:32:17.061667+00:00,201,20282.088,
2026-09-08T19:31:58.996170+00:00,201,38349.285,
2026-09-08T19:31:17.906972+00:00,201,79439.602,
2026-09-08T19:32:10.663373+00:00,201,26689.593,
2026-09-08T19:31:07.944886+00:00,201,89408.351,
2026-09-08T19:32:10.569271+00:00,201,26786.035,
2026-09-08T19:31:28.869157+00:00,201,68492.287,
2026-09-08T19:32:04.934229+00:00,201,32427.671,
2026-09-08T19:31:11.822342+00:00,201,85557.056,
2026-09-08T19:31:12.164627+00:00,201,85216.54,
2026-09-08T19:32:02.782214+00:00,201,34600.529,
2026-09-08T19:31:09.632204+00:00,201,87752.476,
2026-09-08T19:31:12.627431+00:00,201,84759.127,
2026-09-08T19:32:18.821617+00:00,201,18566.724,
2026-09-08T19:32:03.624559+00:00,201,33764.37,
2026-09-08T19:32:10.573407+00:00,201,26820.148,
2026-09-08T19:31:39.851967+00:00,201,57561.554,
2026-09-08T19:32:23.580628+00:00,201,13834.458,
2026-09-08T19:32:11.470269+00:00,201,25951.801,
2026-09-08T19:31:56.399007+00:00,201,41023.434,
2026-09-08T19:31:59.587894+00:00,201,37837.177,
2026-09-08T19:31:21.188119+00:00,201,76240.93,
2026-09-08T19:32:11.317385+00:00,201,26126.154,
2026-09-08T19:31:01.261124+00:00,201,96185.405,
2026-09-08T19:31:14.998744+00:00,201,82456.148,
2026-09-08T19:31:46.047206+00:00,201,51421.181,
2026-09-08T19:32:20.009864+00:00,201,17461.77,
2026-09-08T19:31:55.275669+00:00,201,42198.953,
2026-09-08T19:32:18.917711+00:00,201,18567.643,
2026-09-08T19:32:10.928970+00:00,201,26557.812,
2026-09-08T19:32:02.695591+00:00,201,34792.975,
2026-09-08T19:32:02.423174+00:00,201,35071.302,
2026-09-08T19:32:18.016433+00:00,201,19487.378,
2026-09-08T19:32:22.523257+00:00,201,14989.156,
2026-09-08T19:31:56.393142+00:00,201,41122.356,
2026-09-08T19:32:15.265562+00:00,201,22251.179,
2026-09-08T19:31:07.439043+00:00,201,90090.535,
2026-09-08T19:32:15.935915+00:00,201,21598.811,
2026-09-08T19:31:16.319861+00:00,201,81222.284,
2026-09-08T19:32:05.088925+00:00,201,32456.505,
2026-09-08T19:31:22.682747+00:00,201,74872.657,
2026-09-08T19:32:06.958755+00:00,201,30605.19,
2026-09-08T19:32:08.977515+00:00,201,28587.209,
2026-09-08T19:32:15.217305+00:00,201,22348.293,
2026-09-08T19:32:00.790231+00:00,201,36781.881,
2026-09-08T19:32:12.450121+00:00,201,25137.203,
2026-09-08T19:32:18.058037+00:00,201,19534.779,
2026-09-08T19:32:18.815191+00:00,201,18785.788,
2026-09-08T19:31:41.563091+00:00,201,56048.612,
2026-09-08T19:30:43.350151+00:00,201,114265.358,
2026-09-08T19:32:15.865749+00:00,201,21755.55,
2026-09-08T19:32:04.209885+00:00,201,33414.845,
2026-09-08T19:32:02.834615+00:00,201,34796.724,
2026-09-08T19:32:14.093223+00:00,201,23539.314,
2026-09-08T19:31:15.690445+00:00,201,81954.51,
2026-09-08T19:32:02.167140+00:00,201,35486.841,
2026-09-08T19:31:15.826610+00:00,201,81827.655,
2026-09-08T19:32:11.915525+00:00,201,25739.192,
2026-09-08T19:31:45.765376+00:00,201,51895.01,
2026-09-08T19:31:45.835771+00:00,201,51827.045,
2026-09-08T19:32:16.292128+00:00,201,21386.91,
2026-09-08T19:32:19.496148+00:00,201,18183.728,
2026-09-08T19:31:07.252057+00:00,201,90432.015,
2026-09-08T19:31:14.342801+00:00,201,83344.564,
2026-09-08T19:30:40.770757+00:00,201,116922.738,
2026-09-08T19:32:04.065893+00:00,201,33634.422,
2026-09-08T19:31:53.943080+00:00,201,43761.547,
2026-09-08T19:32:04.536454+00:00,201,33173.119,
2026-09-08T19:32:18.551361+00:00,201,19161.992,
2026-09-08T19:32:02.445325+00:00,201,35268.764,
2026-09-08T19:31:50.715040+00:00,201,47011.086,
2026-09-08T19:31:29.560514+00:00,201,68180.536,
2026-09-08T19:31:41.826293+00:00,201,55917.208,
2026-09-08T19:31:59.301416+00:00,201,38443.169,
2026-09-08T19:32:00.148957+00:00,201,37611.232,
2026-09-08T19:32:20.012891+00:00,201,17748.384,
2026-09-08T19:31:59.393534+00:00,201,38374.299,
2026-09-08T19:31:20.205603+00:00,201,77563.537,
2026-09-08T19:30:59.967760+00:00,201,97801.687,
2026-09-08T19:32:22.948839+00:00,201,14822.914,
2026-09-08T19:32:20.017611+00:00,201,17757.985,
2026-09-08T19:32:20.964473+00:00,201,16814.495,
2026-09-08T19:30:55.872213+00:00,201,101912.481,
2026-09-08T19:31:03.176876+00:00,201,94623.412,
2026-09-08T19:31:04.342164+00:00,201,93461.983,
2026-09-08T19:31:54.075216+00:00,201,43730.584,
2026-09-08T19:32:02.083881+00:00,201,35727.671,
2026-09-08T19:31:56.770390+00:00,201,41059.795,
2026-09-08T19:32:00.552951+00:00,201,37278.636,
2026-09-08T19:32:22.749588+00:00,201,15088.471,
2026-09-08T19:32:07.671327+00:00,201,30178.0,
2026-09-08T19:32:02.951166+00:00,201,34899.19,
2026-09-08T19:31:11.096880+00:00,201,86768.402,
2026-09-08T19:32:21.048466+00:00,201,16827.099,
2026-09-08T19:31:43.803240+00:00,201,54074.191,
2026-09-08T19:31:30.654664+00:00,201,67227.708,
2026-09-08T19:31:39.409223+00:00,201,58476.114,
2026-09-08T19:31:52.327784+00:00,201,45569.764,
2026-09-08T19:30:33.721913+00:00,201,124188.1,
2026-09-08T19:31:20.842153+00:00,201,77069.295,
2026-09-08T19:32:04.706576+00:00,201,33205.962,
2026-09-08T19:32:18.579613+00:00,201,19335.425,
2026-09-08T19:32:03.562037+00:00,201,34357.806,
2026-09-08T19:31:55.304264+00:00,201,42617.669,
2026-09-08T19:32:16.605680+00:00,201,21323.373,
2026-09-08T19:31:20.893942+00:00,201,77036.849,
2026-09-08T19:32:05.107095+00:00,201,32834.26,
2026-09-08T19:32:03.303818+00:00,201,34639.117,
2026-09-08T19:32:10.897507+00:00,201,27057.926,
2026-09-08T19:30:28.775636+00:00,201,129184.43,
2026-09-08T19:32:08.371684+00:00,201,29590.155,
2026-09-08T19:32:01.345577+00:00,201,36619.065,
2026-09-08T19:31:22.707665+00:00,201,75259.475,
2026-09-08T19:31:57.684806+00:00,201,40291.742,
2026-09-08T19:31:15.640344+00:00,201,82345.015,
2026-09-08T19:31:52.710360+00:00,201,45283.646,
2026-09-08T19:32:03.733551+00:00,201,34266.051,
2026-09-08T19:32:02.190214+00:00,201,35811.381,
2026-09-08T19:30:50.754005+00:00,201,107249.67,
2026-09-08T19:31:01.871162+00:00,201,96137.773,
2026-09-08T19:32:19.339538+00:00,201,18672.54,
2026-09-08T19:32:10.854561+00:00,201,27159.301,
2026-09-08T19:32:22.639209+00:00,201,15380.156,
2026-09-08T19:31:22.525920+00:00,201,75498.27,
2026-09-08T19:32:04.585265+00:00,201,33444.972,
2026-09-08T19:32:23.220337+00:00,201,14814.554,
2026-09-08T19:32:14.686682+00:00,201,23352.684,
2026-09-08T19:30:53.764591+00:00,201,104278.859,
2026-09-08T19:30:59.734157+00:00,201,98310.981,
2026-09-08T19:32:15.803386+00:00,201,22248.813,
2026-09-08T19:32:00.365891+00:00,201,37691.303,
2026-09-08T19:30:43.015030+00:00,201,115042.439,
2026-09-08T19:32:14.185826+00:00,201,23883.851,
2026-09-08T19:32:03.460592+00:00,201,34610.06,
2026-09-08T19:31:38.307523+00:00,201,59770.828,
2026-09-08T19:31:08.673048+00:00,201,89406.649,
2026-09-08T19:32:12.620570+00:00,201,25462.16,
2026-09-08T19:31:42.067673+00:00,201,56037.253,
2026-09-08T19:32:05.500363+00:00,201,32605.468,
2026-09-08T19:31:51.398959+00:00,201,46711.882,
2026-09-08T19:31:15.041250+00:00,201,83070.265,
2026-09-08T19:32:07.193529+00:00,201,30918.407,
2026-09-08T19:32:15.287730+00:00,201,22835.417,
2026-09-08T19:32:05.881327+00:00,201,32243.998,
2026-09-08T19:31:50.273236+00:00,201,47857.157,
2026-09-08T19:32:21.859799+00:00,201,16273.52,
2026-09-08T19:31:01.763346+00:00,201,96377.619,
2026-09-08T19:31:28.200497+00:00,201,69941.221,
2026-09-08T19:32:01.080940+00:00,201,37063.521,
2026-09-08T19:31:57.934502+00:00,201,40214.56,
2026-09-08T19:31:22.493279+00:00,201,75662.85,
2026-09-08T19:31:37.548996+00:00,201,60607.584,
2026-09-08T19:32:12.216844+00:00,201,25944.531,
2026-09-08T19:31:44.763266+00:00,201,53401.79,
2026-09-08T19:31:15.955288+00:00,201,82210.044,
2026-09-08T19:31:20.838813+00:00,201,77329.867,
2026-09-08T19:31:03.857431+00:00,201,94318.776,
2026-09-08T19:31:57.401022+00:00,201,40780.343,
2026-09-08T19:31:22.666072+00:00,201,75523.327,
2026-09-08T19:32:05.080780+00:00,201,33116.887,
2026-09-08T19:32:11.096367+00:00,201,27122.138,
2026-09-08T19:31:58.815928+00:00,201,39405.616,
2026-09-08T19:30:57.980766+00:00,201,100243.683,
2026-09-08T19:31:50.493939+00:00,201,47732.212,
2026-09-08T19:31:03.665977+00:00,201,94570.637,
2026-09-08T19:31:28.740846+00:00,201,69496.893,
2026-09-08T19:31:46.409229+00:00,201,51831.138,
2026-09-08T19:32:11.936701+00:00,201,26312.864,
2026-09-08T19:30:58.535348+00:00,201,99716.831,
2026-09-08T19:32:23.629608+00:00,201,14625.399,
2026-09-08T19:30:39.129985+00:00,201,119135.911,
2026-09-08T19:32:23.540888+00:00,201,14728.643,
2026-09-08T19:31:50.676641+00:00,201,47593.353,
2026-09-08T19:32:05.385448+00:00,201,32899.294,
2026-09-08T19:31:23.782535+00:00,201,74506.668,
2026-09-08T19:31:08.386959+00:00,201,89905.527,
2026-09-08T19:31:51.660842+00:00,201,46636.321,
2026-09-08T19:32:22.916458+00:00,201,15387.798,
2026-09-08T19:31:05.293688+00:00,201,93020.807,
2026-09-08T19:32:01.115621+00:00,201,37200.647,
2026-09-08T19:32:12.017206+00:00,201,26307.994,
2026-09-08T19:31:40.468507+00:00,201,57858.571,
2026-09-08T19:32:20.008296+00:00,201,18321.518,
2026-09-08T19:31:09.701201+00:00,201,88646.038,
2026-09-08T19:31:46.229648+00:00,201,52125.713,
2026-09-08T19:32:23.883174+00:00,201,14477.57,
2026-09-08T19:31:13.672133+00:00,201,84690.557,
2026-09-08T19:31:06.230100+00:00,201,92137.399,
2026-09-08T19:32:23.635711+00:00,201,14740.251,
2026-09-08T19:31:58.712035+00:00,201,39673.03,
2026-09-08T19:30:59.926191+00:00,201,98460.31,
2026-09-08T19:32:16.202609+00:00,201,22185.101,
2026-09-08T19:32:00.741041+00:00,201,37651.793,
2026-09-08T19:31:50.789499+00:00,201,47612.267,
2026-09-08T19:32:20.282230+00:00,201,18128.036,
2026-09-08T19:32:11.251707+00:00,201,27165.5,
2026-09-08T19:31:55.655969+00:00,201,42764.132,
2026-09-08T19:31:48.392130+00:00,201,50029.136,
2026-09-08T19:31:58.015423+00:00,201,40406.238,
2026-09-08T19:31:56.030056+00:00,201,42397.775,
2026-09-08T19:31:45.546621+00:00,201,52884.703,
2026-09-08T19:32:04.539494+00:00,201,33894.684,
2026-09-08T19:32:01.008453+00:00,201,37430.289,
2026-09-08T19:31:54.643766+00:00,201,43800.59,
2026-09-08T19:32:13.212215+00:00,201,25233.52,
2026-09-08T19:31:47.415846+00:00,201,51040.546,
2026-09-08T19:32:01.322949+00:00,201,37134.829,
2026-09-08T19:31:59.486456+00:00,201,38977.459,
2026-09-08T19:32:10.192403+00:00,201,28286.833,
2026-09-08T19:31:36.409662+00:00,201,62077.266,
2026-09-08T19:32:22.880317+00:00,201,15611.566,
2026-09-08T19:32:03.696001+00:00,201,34799.948,
2026-09-08T19:32:12.045302+00:00,201,26452.536,
2026-09-08T19:31:29.119714+00:00,201,69384.94,
2026-09-08T19:32:21.287627+00:00,201,17219.284,
2026-09-08T19:32:21.906885+00:00,201,16603.941,
2026-09-08T19:32:01.031539+00:00,201,37483.664,
2026-09-08T19:32:22.606240+00:00,201,15916.701,
2026-09-08T19:32:17.474167+00:00,201,21056.425,
2026-09-08T19:32:23.473609+00:00,201,15057.832,
2026-09-08T19:31:48.988677+00:00,201,49555.372,
2026-09-08T19:32:21.209478+00:00,201,17343.928,
2026-09-08T19:31:20.752104+00:00,201,77801.627,
2026-09-08T19:31:06.154096+00:00,201,92408.339,
2026-09-08T19:31:55.867564+00:00,201,42707.969,
2026-09-08T19:32:22.299555+00:00,201,16279.073,
2026-09-08T19:32:12.153246+00:00,201,26427.761,
2026-09-08T19:30:49.090753+00:00,201,109501.628,
2026-09-08T19:32:00.458738+00:00,201,38134.935,
2026-09-08T19:32:17.467974+00:00,201,21131.958,
2026-09-08T19:31:14.626709+00:00,201,83975.485,
2026-09-08T19:32:21.915389+00:00,201,16692.196,
2026-09-08T19:31:29.429450+00:00,201,69187.894,
2026-09-08T19:32:12.052026+00:00,201,26566.393,
2026-09-08T19:32:12.876448+00:00,201,25745.531,
2026-09-08T19:31:15.706088+00:00,201,82921.354,
2026-09-08T19:31:53.486438+00:00,201,45142.3,
2026-09-08T19:32:01.497192+00:00,201,37135.64,
2026-09-08T19:32:01.637025+00:00,201,37008.096,
2026-09-08T19:31:37.407417+00:00,201,61238.895,
2026-09-08T19:31:51.530941+00:00,201,47132.534,
2026-09-08T19:31:00.743457+00:00,201,97923.786,
2026-09-08T19:31:58.684647+00:00,201,39984.446,
2026-09-08T19:32:03.891784+00:00,201,34777.744,
2026-09-08T19:31:46.600742+00:00,201,52069.839,
2026-09-08T19:31:14.738861+00:00,201,83933.564,
2026-09-08T19:31:21.151884+00:00,201,77524.875,
2026-09-08T19:31:54.748344+00:00,201,43938.708,
2026-09-08T19:32:11.760234+00:00,201,26931.78,
2026-09-08T19:31:51.376734+00:00,201,47320.265,
2026-09-08T19:32:02.788682+00:00,201,35910.171,
2026-09-08T19:30:59.114334+00:00,201,99592.94,
2026-09-08T19:32:18.502452+00:00,201,20206.885,
2026-09-08T19:31:52.013988+00:00,201,46699.836,
2026-09-08T19:31:37.205643+00:00,201,61524.255,
2026-09-08T19:31:45.402708+00:00,201,53330.805,
2026-09-08T19:32:02.774194+00:00,201,35964.661,
2026-09-08T19:32:14.164352+00:00,201,24576.264,
2026-09-08T19:32:08.918381+00:00,201,29825.194,
2026-09-08T19:32:20.855916+00:00,201,17889.497,
2026-09-08T19:31:23.671464+00:00,201,75077.267,
2026-09-08T19:31:13.734564+00:00,201,85014.462,
2026-09-08T19:32:12.205352+00:00,201,26545.85,
2026-09-08T19:31:56.272356+00:00,201,42488.008,
2026-09-08T19:32:23.702781+00:00,201,15057.862,
2026-09-08T19:32:12.005503+00:00,201,26756.354,
2026-09-08T19:32:19.283756+00:00,201,19483.028,
2026-09-08T19:32:11.487230+00:00,201,27284.368,
2026-09-08T19:31:20.425194+00:00,201,78351.562,
2026-09-08T19:32:18.436958+00:00,201,20350.533,
2026-09-08T19:32:02.837885+00:00,201,35963.512,
2026-09-08T19:31:01.779012+00:00,201,97022.885,
2026-09-08T19:31:49.177098+00:00,201,49638.143,
2026-09-08T19:31:51.702679+00:00,201,47114.311,
2026-09-08T19:31:48.795427+00:00,201,50025.554,
2026-09-08T19:32:18.033824+00:00,201,20792.059,
2026-09-08T19:32:19.346836+00:00,201,19490.467,
2026-09-08T19:32:01.534948+00:00,201,37302.614,
2026-09-08T19:31:55.040040+00:00,201,43807.762,
2026-09-08T19:32:15.457733+00:00,201,23393.048,
2026-09-08T19:30:39.830687+00:00,201,119021.537,
2026-09-08T19:32:16.824458+00:00,201,22028.211,
2026-09-08T19:30:50.191330+00:00,201,108669.407,
2026-09-08T19:31:53.332728+00:00,201,45530.014,
2026-09-08T19:32:02.698370+00:00,201,36164.801,
2026-09-08T19:32:19.632053+00:00,201,19234.484,
2026-09-08T19:30:38.815853+00:00,201,120058.783,
2026-09-08T19:32:20.014499+00:00,201,18862.177,
2026-09-08T19:32:17.832527+00:00,201,21050.839,
2026-09-08T19:32:12.707837+00:00,201,26189.125,
2026-09-08T19:30:41.546987+00:00,201,117351.708,
2026-09-08T19:31:21.199047+00:00,201,77703.712,
2026-09-08T19:32:13.279338+00:00,201,25629.271,
2026-09-08T19:31:57.856233+00:00,201,41058.057,
2026-09-08T19:32:06.665752+00:00,201,32249.492,
2026-09-08T19:32:22.687390+00:00,201,16236.256,
2026-09-08T19:31:37.112181+00:00,201,61812.071,
2026-09-08T19:32:13.544234+00:00,201,25380.51,
2026-09-08T19:32:10.612442+00:00,201,28313.74,
2026-09-08T19:32:17.966123+00:00,201,20962.981,
2026-09-08T19:31:58.535991+00:00,201,40399.464,
2026-09-08T19:31:26.020486+00:00,201,72924.721,
2026-09-08T19:31:18.669190+00:00,201,80276.335,
2026-09-08T19:31:50.698140+00:00,201,48249.907,
2026-09-08T19:31:58.473037+00:00,201,40475.306,
2026-09-08T19:32:17.297782+00:00,201,21665.011,
2026-09-08T19:32:14.413373+00:00,201,24554.345,
2026-09-08T19:32:17.765139+00:00,201,21206.606,
2026-09-08T19:31:07.313476+00:00,201,91660.793,
2026-09-08T19:32:10.081827+00:00,201,28903.675,
2026-09-08T19:30:55.076302+00:00,201,103912.826,
2026-09-08T19:32:03.001750+00:00,201,35993.391,
2026-09-08T19:31:41.339744+00:00,201,57665.437,
2026-09-08T19:31:43.560984+00:00,201,55448.288,
2026-09-08T19:32:16.463261+00:00,201,22552.477,
2026-09-08T19:32:16.263751+00:00,201,22764.258,
2026-09-08T19:31:28.736425+00:00,201,70294.798,
2026-09-08T19:32:17.870302+00:00,201,21162.44,
2026-09-08T19:31:53.907757+00:00,201,45125.314,
2026-09-08T19:32:22.990063+00:00,201,16044.352,
2026-09-08T19:31:16.437047+00:00,201,82599.984,
2026-09-08T19:31:00.438935+00:00,201,98606.015,
2026-09-08T19:32:18.600687+00:00,201,20448.349,
2026-09-08T19:32:06.058513+00:00,201,32994.73,
2026-09-08T19:30:32.428277+00:00,201,126627.193,
2026-09-08T19:32:14.148761+00:00,201,24912.022,
2026-09-08T19:32:14.845393+00:00,201,24215.71,
2026-09-08T19:32:13.528178+00:00,201,25541.538,
2026-09-08T19:31:16.082087+00:00,201,83000.024,
2026-09-08T19:32:01.274839+00:00,201,37808.763,
2026-09-08T19:32:01.192100+00:00,201,37898.196,
2026-09-08T19:31:38.537726+00:00,201,60553.303,
2026-09-08T19:32:18.026846+00:00,201,21066.385,
2026-09-08T19:32:21.797638+00:00,201,17306.208,
2026-09-08T19:30:51.311788+00:00,201,107793.312,
2026-09-08T19:32:20.682671+00:00,201,18422.908,
2026-09-08T19:31:30.139806+00:00,201,68977.86,
2026-09-08T19:31:13.914239+00:00,201,85206.183,
2026-09-08T19:31:53.070396+00:00,201,46052.363,
2026-09-08T19:32:19.759392+00:00,201,19370.578,
2026-09-08T19:32:22.641349+00:00,201,16490.666,
2026-09-08T19:32:00.264224+00:00,201,38875.964,
2026-09-08T19:32:01.225347+00:00,201,37923.394,
2026-09-08T19:32:04.305580+00:00,201,34843.627,
2026-09-08T19:30:54.783567+00:00,201,104375.492,
2026-09-08T19:31:44.554980+00:00,201,54606.404,
2026-09-08T19:32:04.469794+00:00,201,34692.462,
2026-09-08T19:32:19.360957+00:00,201,19810.592,
2026-09-08T19:31:59.589577+00:00,201,39583.503,
2026-09-08T19:32:14.812831+00:00,201,24363.116,
2026-09-08T19:32:18.445945+00:00,201,20737.348,
2026-09-08T19:31:48.672197+00:00,201,50514.13,
2026-09-08T19:32:01.759190+00:00,201,37431.48,
2026-09-08T19:30:52.509238+00:00,201,106691.587,
2026-09-08T19:31:22.498194+00:00,201,76710.734,
2026-09-08T19:31:52.023531+00:00,201,47193.315,
2026-09-08T19:31:55.159387+00:00,201,44066.841,
2026-09-08T19:32:10.746295+00:00,201,28485.154,
2026-09-08T19:32:17.528545+00:00,201,21705.085,
2026-09-08T19:32:01.690388+00:00,201,37544.849,
2026-09-08T19:31:53.957897+00:00,201,45278.162,
2026-09-08T19:32:20.305967+00:00,201,18955.124,
2026-09-08T19:32:19.094087+00:00,201,20167.353,
2026-09-08T19:31:40.650474+00:00,201,58618.684,
2026-09-08T19:32:19.997500+00:00,201,19294.055,
2026-09-08T19:31:55.082902+00:00,201,44221.761,
2026-09-08T19:32:04.542950+00:00,201,34764.724,
2026-09-08T19:32:23.181291+00:00,201,16133.586,
2026-09-08T19:31:47.764031+00:00,201,51552.587,
2026-09-08T19:31:28.944158+00:00,201,70372.883,
2026-09-08T19:31:37.869117+00:00,201,61453.629,
2026-09-08T19:32:04.096394+00:00,201,35230.235,
2026-09-08T19:31:59.029732+00:00,201,40300.332,
2026-09-08T19:31:07.295440+00:00,201,92036.169,
2026-09-08T19:31:20.034235+00:00,201,79306.582,
2026-09-08T19:31:30.832224+00:00,201,68512.023,
2026-09-08T19:31:16.975545+00:00,201,82370.778,
2026-09-08T19:32:12.092778+00:00,201,27261.241,
2026-09-08T19:32:12.719185+00:00,201,26639.737,
2026-09-08T19:32:17.781600+00:00,201,21577.846,
2026-09-08T19:32:21.065167+00:00,201,18301.665,
2026-09-08T19:32:01.773131+00:00,201,37595.582,
2026-09-08T19:31:49.698467+00:00,201,49671.132,
2026-09-08T19:32:00.562680+00:00,201,38813.083,
2026-09-08T19:31:20.125298+00:00,201,79253.188,
2026-09-08T19:32:18.746744+00:00,201,20648.112,
2026-09-08T19:32:03.219746+00:00,201,36194.009,
2026-09-08T19:32:10.433699+00:00,201,28994.101,
2026-09-08T19:32:15.734559+00:00,201,23693.894,
2026-09-08T19:32:03.597350+00:00,201,35836.012,
2026-09-08T19:31:28.955621+00:00,201,70492.396,
2026-09-08T19:32:20.147565+00:00,201,19309.183,
2026-09-08T19:32:16.009874+00:00,201,23451.819,
2026-09-08T19:32:05.622798+00:00,201,33839.645,
2026-09-08T19:32:10.590912+00:00,201,28876.486,
2026-09-08T19:32:13.501893+00:00,201,25968.716,
2026-09-08T19:32:03.436052+00:00,201,36042.966,
2026-09-08T19:32:00.654383+00:00,201,38828.607,
2026-09-08T19:32:16.343723+00:00,201,23147.909,
2026-09-08T19:31:51.119530+00:00,201,48381.566,
2026-09-08T19:31:54.528258+00:00,201,44976.712,
2026-09-08T19:32:19.637043+00:00,201,19868.854,
2026-09-08T19:32:08.525505+00:00,201,30991.498,
2026-09-08T19:32:23.573497+00:00,201,15944.244,
2026-09-08T19:31:22.481918+00:00,201,77046.227,
2026-09-08T19:31:45.170810+00:00,201,54358.764,
2026-09-08T19:31:30.724553+00:00,201,68806.077,
2026-09-08T19:32:15.256245+00:00,201,24284.141,
2026-09-08T19:31:30.798275+00:00,201,68745.006,
2026-09-08T19:32:15.196862+00:00,201,24352.287,
2026-09-08T19:30:55.045150+00:00,201,104508.281,
2026-09-08T19:31:53.023518+00:00,201,46535.649,
2026-09-08T19:31:53.005477+00:00,201,46560.091,
2026-09-08T19:32:22.644527+00:00,201,16922.515,
2026-09-08T19:32:03.158308+00:00,201,36412.414,
2026-09-08T19:31:54.469940+00:00,201,45108.548,
2026-09-08T19:31:00.546024+00:00,201,99043.268,
2026-09-08T19:31:44.656111+00:00,201,54936.755,
2026-09-08T19:32:19.874895+00:00,201,19722.303,
2026-09-08T19:32:03.455463+00:00,201,36144.176,
2026-09-08T19:32:03.470310+00:00,201,36144.167,
2026-09-08T19:32:15.181155+00:00,201,24434.937,
2026-09-08T19:31:58.729043+00:00,201,40894.666,
2026-09-08T19:32:02.862360+00:00,201,36764.578,
2026-09-08T19:31:19.637940+00:00,201,79989.735,
2026-09-08T19:31:04.066717+00:00,201,95567.506,
2026-09-08T19:32:01.293853+00:00,201,38340.907,
2026-09-08T19:31:01.434914+00:00,201,98201.292,
2026-09-08T19:32:00.424905+00:00,201,39221.57,
2026-09-08T19:31:48.087424+00:00,201,51565.425,
2026-09-08T19:30:42.925036+00:00,201,116729.537,
2026-09-08T19:32:17.324936+00:00,201,22349.789,
2026-09-08T19:32:00.091362+00:00,201,39587.7,
2026-09-08T19:32:02.400756+00:00,201,37284.392,
2026-09-08T19:32:01.740344+00:00,201,37947.462,
2026-09-08T19:32:00.129582+00:00,201,39558.634,
2026-09-08T19:31:39.522293+00:00,201,60166.854,
2026-09-08T19:32:23.858123+00:00,201,15834.374,
2026-09-08T19:31:53.312186+00:00,201,46384.073,
2026-09-08T19:31:41.981907+00:00,201,57717.532,
2026-09-08T19:31:53.538244+00:00,201,46172.885,
2026-09-08T19:30:54.666796+00:00,201,105044.63,
2026-09-08T19:32:10.709579+00:00,201,29003.491,
2026-09-08T19:32:07.331815+00:00,201,32397.205,
2026-09-08T19:31:32.124448+00:00,201,67614.237,
2026-09-08T19:31:56.289814+00:00,201,43465.633,
2026-09-08T19:31:51.753605+00:00,201,48003.254,
2026-09-08T19:31:52.117057+00:00,201,47644.857,
2026-09-08T19:31:58.999176+00:00,201,40763.945,
2026-09-08T19:32:02.738291+00:00,201,37036.81,
2026-09-08T19:30:58.807506+00:00,201,100975.387,
2026-09-08T19:31:51.662029+00:00,201,48125.52,
2026-09-08T19:32:15.511184+00:00,201,24277.581,
2026-09-08T19:31:45.124915+00:00,201,54668.135,
2026-09-08T19:32:13.787490+00:00,201,26007.305,
2026-09-08T19:31:58.614609+00:00,201,41186.754,
2026-09-08T19:31:55.104463+00:00,201,44707.155,
2026-09-08T19:32:01.967708+00:00,201,37847.022,
2026-09-08T19:32:04.445513+00:00,201,35377.277,
2026-09-08T19:32:07.478706+00:00,201,32345.47,
2026-09-08T19:32:05.035388+00:00,201,34793.827,
2026-09-08T19:31:57.742169+00:00,201,42089.271,
2026-09-08T19:30:41.303448+00:00,201,118548.317,
2026-09-08T19:31:54.819754+00:00,201,45037.628,
2026-09-08T19:32:16.334818+00:00,201,23530.621,
2026-09-08T19:32:01.789044+00:00,201,38076.717,
2026-09-08T19:32:05.104432+00:00,201,34762.875,
2026-09-08T19:30:49.144613+00:00,201,110724.18,
2026-09-08T19:32:15.466867+00:00,201,24405.796,
2026-09-08T19:31:48.199726+00:00,201,51682.237,
2026-09-08T19:31:04.762458+00:00,201,95121.276,
2026-09-08T19:32:14.761313+00:00,201,25129.957,
2026-09-08T19:32:15.499589+00:00,201,24403.906,
2026-09-08T19:32:19.406770+00:00,201,20499.247,
2026-09-08T19:31:44.330716+00:00,201,55576.985,
2026-09-08T19:32:16.073639+00:00,201,23838.447,
2026-09-08T19:30:18.325992+00:00,201,141589.807,
2026-09-08T19:32:00.173226+00:00,201,39748.352,
2026-09-08T19:31:11.490210+00:00,201,88431.624,
2026-09-08T19:32:19.119762+00:00,201,20807.514,
2026-09-08T19:31:41.041592+00:00,201,58888.128,
2026-09-08T19:31:59.569352+00:00,201,40367.462,
2026-09-08T19:32:01.570747+00:00,201,38371.55,
2026-09-08T19:32:22.344171+00:00,201,17605.84,
2026-09-08T19:32:20.380109+00:00,201,19574.282,
2026-09-08T19:32:19.569298+00:00,201,20397.784,
2026-09-08T19:32:21.186564+00:00,201,18781.991,
2026-09-08T19:32:01.495391+00:00,201,38473.463,
2026-09-08T19:30:38.618714+00:00,201,121351.401,
2026-09-08T19:32:22.000796+00:00,201,17985.019,
2026-09-08T19:32:18.686225+00:00,201,21299.899,
2026-09-08T19:31:37.841817+00:00,201,62154.331,
2026-09-08T19:32:14.910066+00:00,201,25086.503,
2026-09-08T19:31:52.708609+00:00,201,47289.463,
2026-09-08T19:31:54.034096+00:00,201,45964.32,
2026-09-08T19:32:05.039606+00:00,201,34968.44,
2026-09-08T19:32:20.715846+00:00,201,19292.989,
2026-09-08T19:30:30.315675+00:00,201,129699.96,
2026-09-08T19:32:01.957670+00:00,201,38059.206,
2026-09-08T19:32:23.251012+00:00,201,16777.761,
2026-09-08T19:31:51.574024+00:00,201,48455.609,
2026-09-08T19:32:03.573307+00:00,201,36464.379,
2026-09-08T19:30:36.607639+00:00,201,123434.013,
2026-09-08T19:31:22.380114+00:00,201,77671.73,
2026-09-08T19:31:46.657918+00:00,201,53399.914,
2026-09-08T19:32:20.827043+00:00,201,19234.192,
2026-09-08T19:31:29.113425+00:00,201,70951.102,
2026-09-08T19:31:20.505935+00:00,201,79559.498,
2026-09-08T19:32:18.524984+00:00,201,21547.597,
2026-09-08T19:31:12.652489+00:00,201,87432.333,
2026-09-08T19:32:13.015617+00:00,201,27071.106,
2026-09-08T19:31:51.928981+00:00,201,48162.112,
2026-09-08T19:32:16.672393+00:00,201,23426.3,
2026-09-08T19:31:20.666927+00:00,201,79443.902,
2026-09-08T19:32:19.858162+00:00,201,20266.108,
2026-09-08T19:30:48.970190+00:00,201,111159.43,
2026-09-08T19:32:12.063696+00:00,201,28070.311,
2026-09-08T19:31:42.140081+00:00,201,57997.596,
2026-09-08T19:31:47.460066+00:00,201,52679.384,
2026-09-08T19:31:07.268776+00:00,201,92883.254,
2026-09-08T19:32:17.201993+00:00,201,22950.445,
2026-09-08T19:32:19.666152+00:00,201,20505.495,
2026-09-08T19:32:03.773855+00:00,201,36400.015,
2026-09-08T19:31:59.285268+00:00,201,40892.67,
2026-09-08T19:32:20.394890+00:00,201,19786.486,
2026-09-08T19:32:22.086625+00:00,201,18101.294,
2026-09-08T19:31:26.792946+00:00,201,73402.832,
2026-09-08T19:31:56.539582+00:00,201,43658.197,
2026-09-08T19:32:16.942476+00:00,201,23256.492,
2026-09-08T19:31:56.819549+00:00,201,43385.178,
2026-09-08T19:32:14.067765+00:00,201,26138.018,
2026-09-08T19:30:42.586810+00:00,201,117619.249,
2026-09-08T19:31:52.853900+00:00,201,47359.155,
2026-09-08T19:32:13.413376+00:00,201,26801.852,
2026-09-08T19:31:09.583930+00:00,201,90655.503,
2026-09-08T19:32:19.606788+00:00,201,20633.114,
2026-09-08T19:31:38.965132+00:00,201,61277.527,
2026-09-08T19:31:30.120123+00:00,201,70124.907,
2026-09-08T19:32:10.977379+00:00,201,29279.298,
2026-09-08T19:32:17.688630+00:00,201,22571.806,
2026-09-08T19:31:23.161467+00:00,201,77101.454,
2026-09-08T19:32:23.876191+00:00,201,16390.929,
2026-09-08T19:32:10.653586+00:00,201,29619.106,
2026-09-08T19:32:00.125732+00:00,201,40147.697,
2026-09-08T19:31:26.197664+00:00,201,74076.895,
2026-09-08T19:31:49.892055+00:00,201,50407.346,
2026-09-08T19:32:12.259612+00:00,201,28040.886,
2026-09-08T19:32:12.335768+00:00,201,27965.083,
2026-09-08T19:32:19.542972+00:00,201,20759.057,
2026-09-08T19:31:51.680416+00:00,201,48626.979,
2026-09-08T19:32:07.543702+00:00,201,32770.808,
2026-09-08T19:32:18.379111+00:00,201,21942.972,
2026-09-08T19:32:07.338765+00:00,201,32991.92,
2026-09-08T19:32:04.003385+00:00,201,36336.02,
2026-09-08T19:31:46.072922+00:00,201,54268.027,
2026-09-08T19:31:54.215930+00:00,201,46132.876,
2026-09-08T19:31:59.287339+00:00,201,41062.6,
2026-09-08T19:31:21.573186+00:00,201,78778.867,
2026-09-08T19:31:55.598410+00:00,201,44754.717,
2026-09-08T19:32:14.932998+00:00,201,25428.516,
2026-09-08T19:31:56.722516+00:00,201,43643.622,
2026-09-08T19:31:58.760941+00:00,201,41620.137,
2026-09-08T19:31:39.201563+00:00,201,61189.705,
2026-09-08T19:32:20.970758+00:00,201,19423.002,
2026-09-08T19:32:12.940083+00:00,201,27457.853,
2026-09-08T19:32:02.707682+00:00,201,37698.862,
2026-09-08T19:32:17.441420+00:00,201,22970.524,
2026-09-08T19:31:49.292836+00:00,201,51144.387,
2026-09-08T19:31:30.131781+00:00,201,70307.017,
2026-09-08T19:32:14.348113+00:00,201,26092.432,
2026-09-08T19:32:22.541116+00:00,201,17904.113,
2026-09-08T19:30:57.244781+00:00,201,103205.944,
2026-09-08T19:31:55.202575+00:00,201,45249.083,
2026-09-08T19:32:10.770913+00:00,201,29689.992,
2026-09-08T19:32:06.214060+00:00,201,34253.376,
2026-09-08T19:32:18.568790+00:00,201,21899.029,
2026-09-08T19:32:04.341747+00:00,201,36133.977,
2026-09-08T19:32:10.360691+00:00,201,30119.431,
2026-09-08T19:32:20.176817+00:00,201,20306.507,
2026-09-08T19:32:06.872363+00:00,201,33623.896,
2026-09-08T19:32:17.352019+00:00,201,23149.584,
2026-09-08T19:31:59.620466+00:00,201,40881.488,
2026-09-08T19:31:59.745882+00:00,201,40762.834,
2026-09-08T19:31:56.954508+00:00,201,43562.43,
2026-09-08T19:32:18.523672+00:00,201,22003.578,
2026-09-08T19:32:16.957578+00:00,201,23570.14,
2026-09-08T19:31:23.064354+00:00,201,77468.761,
2026-09-08T19:32:20.890578+00:00,201,19651.337,
2026-09-08T19:31:29.071859+00:00,201,71470.766,
2026-09-08T19:32:02.933172+00:00,201,37612.566,
2026-09-08T19:32:11.673918+00:00,201,28884.752,
2026-09-08T19:31:48.109334+00:00,201,52463.948,
2026-09-08T19:32:16.065696+00:00,201,24512.225,
2026-09-08T19:32:19.753471+00:00,201,20831.309,
2026-09-08T19:32:02.507234+00:00,201,38080.256,
2026-09-08T19:31:01.819028+00:00,201,98774.265,
2026-09-08T19:32:10.693022+00:00,201,29906.991,
2026-09-08T19:31:01.735805+00:00,201,98878.913,
2026-09-08T19:32:20.566330+00:00,201,20051.345,
2026-09-08T19:32:18.214747+00:00,201,22406.207,
2026-09-08T19:32:05.160929+00:00,201,35460.42,
2026-09-08T19:31:15.784110+00:00,201,84841.222,
2026-09-08T19:31:21.297508+00:00,201,79336.698,
2026-09-08T19:30:43.138084+00:00,201,117508.428,
2026-09-08T19:32:07.740726+00:00,201,32913.795,
2026-09-08T19:31:40.742248+00:00,201,59916.754,
2026-09-08T19:32:22.546747+00:00,201,18126.513,
2026-09-08T19:31:23.779333+00:00,201,76898.707,
2026-09-08T19:31:05.532834+00:00,201,95150.201,
2026-09-08T19:31:55.512490+00:00,201,45173.131,
2026-09-08T19:32:04.977968+00:00,201,35711.425,
2026-09-08T19:32:17.304544+00:00,201,23385.946,
2026-09-08T19:32:03.909509+00:00,201,36781.351,
2026-09-08T19:32:13.016992+00:00,201,27674.303,
2026-09-08T19:31:42.782181+00:00,201,57924.106,
2026-09-08T19:30:49.435729+00:00,201,111274.429,
2026-09-08T19:31:54.392983+00:00,201,46321.543,
2026-09-08T19:31:35.971482+00:00,201,64750.03,
2026-09-08T19:31:36.116747+00:00,201,64612.58,
2026-09-08T19:31:29.765818+00:00,201,70979.955,
2026-09-08T19:32:09.243015+00:00,201,31520.381,
2026-09-08T19:31:51.992262+00:00,201,48774.718,
2026-09-08T19:31:20.957092+00:00,201,79816.547,
2026-09-08T19:32:12.960971+00:00,201,27814.972,
2026-09-08T19:32:17.974379+00:00,201,22805.049,
2026-09-08T19:31:48.918231+00:00,201,51862.47,
2026-09-08T19:32:17.107111+00:00,201,23676.338,
2026-09-08T19:32:02.594873+00:00,201,38188.984,
2026-09-08T19:31:02.066341+00:00,201,98719.303,
2026-09-08T19:32:00.721542+00:00,201,40067.238,
2026-09-08T19:31:06.650616+00:00,201,94138.906,
2026-09-08T19:32:07.130602+00:00,201,33668.089,
2026-09-08T19:32:20.046160+00:00,201,20756.329,
2026-09-08T19:32:20.118408+00:00,201,20698.285,
2026-09-08T19:32:13.298927+00:00,201,27524.095,
2026-09-08T19:32:18.243122+00:00,201,22581.844,
2026-09-08T19:32:18.806001+00:00,201,22021.973,
2026-09-08T19:30:51.320432+00:00,201,109516.128,
2026-09-08T19:32:04.397049+00:00,201,36440.382,
2026-09-08T19:32:16.007974+00:00,201,24832.252,
2026-09-08T19:31:41.104594+00:00,201,59737.041,
2026-09-08T19:32:05.172181+00:00,201,35670.7,
2026-09-08T19:30:47.120234+00:00,201,113723.315,
2026-09-08T19:32:22.601126+00:00,201,18244.653,
2026-09-08T19:31:01.137628+00:00,201,99723.772,
2026-09-08T19:32:23.930954+00:00,201,16935.335,
2026-09-08T19:31:12.856818+00:00,201,88012.714,
2026-09-08T19:31:15.250744+00:00,201,85624.193,
2026-09-08T19:32:17.169617+00:00,201,23725.835,
2026-09-08T19:31:49.742378+00:00,201,51170.069,
2026-09-08T19:32:16.744361+00:00,201,24175.553,
2026-09-08T19:32:16.492933+00:00,201,24429.881,
2026-09-08T19:32:22.633204+00:00,201,18293.82,
2026-09-08T19:31:59.889320+00:00,201,41041.878,
2026-09-08T19:32:18.956213+00:00,201,21980.532,
2026-09-08T19:31:42.258608+00:00,201,58682.057,
2026-09-08T19:31:42.437795+00:00,201,58503.69,
2026-09-08T19:31:43.806359+00:00,201,57136.416,
2026-09-08T19:31:01.377171+00:00,201,99578.417,
2026-09-08T19:32:04.143017+00:00,201,36816.554,
2026-09-08T19:31:21.620596+00:00,201,79341.297,
2026-09-08T19:32:18.468410+00:00,201,22496.701,
2026-09-08T19:31:38.953047+00:00,201,62024.625,
2026-09-08T19:31:31.384255+00:00,201,69594.343,
2026-09-08T19:31:44.031425+00:00,201,56947.475,
2026-09-08T19:32:21.315256+00:00,201,19672.901,
2026-09-08T19:32:17.708303+00:00,201,23291.873,
2026-09-08T19:32:08.251933+00:00,201,32748.836,
2026-09-08T19:32:18.077511+00:00,201,22929.519,
2026-09-08T19:32:19.794126+00:00,201,21215.443,
2026-09-08T19:31:50.394560+00:00,201,50618.447,
2026-09-08T19:32:18.348628+00:00,201,22670.056,
2026-09-08T19:31:01.891047+00:00,201,99136.63,
2026-09-08T19:31:36.996929+00:00,201,64036.332,
2026-09-08T19:32:02.379444+00:00,201,38654.983,
2026-09-08T19:31:54.496574+00:00,201,46539.184,
2026-09-08T19:32:13.991747+00:00,201,27045.792,
2026-09-08T19:32:20.326395+00:00,201,20712.102,
2026-09-08T19:32:15.515439+00:00,201,25524.534,
2026-09-08T19:32:12.772096+00:00,201,28272.314,
2026-09-08T19:32:10.807896+00:00,201,30236.966,
2026-09-08T19:32:17.665982+00:00,201,23388.286,
2026-09-08T19:32:02.259085+00:00,201,38795.864,
2026-09-08T19:32:12.731242+00:00,201,28330.592,
2026-09-08T19:31:48.134884+00:00,201,52928.146,
2026-09-08T19:32:16.108690+00:00,201,24955.125,
2026-09-08T19:32:19.296678+00:00,201,21780.921,
2026-09-08T19:32:11.105282+00:00,201,29979.202,
2026-09-08T19:30:59.074235+00:00,201,102013.959,
2026-09-08T19:32:14.647783+00:00,201,26449.582,
2026-09-08T19:32:04.048541+00:00,201,37049.084,
2026-09-08T19:32:18.452708+00:00,201,22648.999,
2026-09-08T19:31:54.068771+00:00,201,47034.072,
2026-09-08T19:31:52.100869+00:00,201,49011.121,
2026-09-08T19:31:59.097045+00:00,201,42016.746,
2026-09-08T19:31:52.266990+00:00,201,48847.911,
2026-09-08T19:31:55.465661+00:00,201,45658.733,
2026-09-08T19:31:59.070525+00:00,201,42056.898,
2026-09-08T19:31:24.782751+00:00,201,76345.248,
2026-09-08T19:31:40.116359+00:00,201,61015.478,
2026-09-08T19:32:15.572743+00:00,201,25565.288,
2026-09-08T19:32:01.138456+00:00,201,39999.867,
2026-09-08T19:32:04.104294+00:00,201,37045.075,
2026-09-08T19:32:22.209181+00:00,201,18945.064,
2026-09-08T19:30:38.854404+00:00,201,122304.611,
2026-09-08T19:30:42.781403+00:00,201,118378.337,
2026-09-08T19:32:11.377268+00:00,201,29786.31,
2026-09-08T19:32:14.639944+00:00,201,26525.793,
2026-09-08T19:31:57.763233+00:00,201,43422.057,
2026-09-08T19:32:15.000942+00:00,201,26184.942,
2026-09-08T19:32:20.696488+00:00,201,20494.854,
2026-09-08T19:31:42.306994+00:00,201,58884.634,
2026-09-08T19:32:03.318351+00:00,201,37874.137,
2026-09-08T19:32:21.605241+00:00,201,19589.893,
2026-09-08T19:31:55.429999+00:00,201,45766.694,
2026-09-08T19:31:45.868509+00:00,201,55331.709,
2026-09-08T19:30:25.129436+00:00,201,136071.777,
2026-09-08T19:31:01.495260+00:00,201,99709.388,
2026-09-08T19:32:20.753044+00:00,201,20456.167,
2026-09-08T19:31:53.077838+00:00,201,48131.707,
2026-09-08T19:32:16.191967+00:00,201,25024.126,
2026-09-08T19:31:58.229468+00:00,201,42993.784,
2026-09-08T19:32:12.641608+00:00,201,28587.483,
2026-09-08T19:32:14.568978+00:00,201,26661.462,
2026-09-08T19:32:19.998677+00:00,201,21239.028,
2026-09-08T19:31:39.631761+00:00,201,61606.322,
2026-09-08T19:31:42.747377+00:00,201,58496.815,
2026-09-08T19:32:17.654814+00:00,201,23613.78,
2026-09-08T19:32:12.895929+00:00,201,28373.656,
2026-09-08T19:32:10.867192+00:00,201,30404.498,
2026-09-08T19:32:15.436905+00:00,201,25842.654,
2026-09-08T19:31:10.103904+00:00,201,91181.381,
2026-09-08T19:30:58.701577+00:00,201,102586.681,
2026-09-08T19:32:17.734822+00:00,201,23561.505,
2026-09-08T19:31:54.318547+00:00,201,46982.692,
2026-09-08T19:31:23.042008+00:00,201,78260.009,
2026-09-08T19:31:40.365555+00:00,201,60941.307,
2026-09-08T19:32:10.448022+00:00,201,30862.402,
2026-09-08T19:31:59.203944+00:00,201,42109.592,
2026-09-08T19:31:53.336688+00:00,201,47993.528,
2026-09-08T19:32:17.180462+00:00,201,24152.98,
2026-09-08T19:31:56.135122+00:00,201,45199.049,
2026-09-08T19:32:02.890348+00:00,201,38444.192,
2026-09-08T19:31:49.540613+00:00,201,51796.939,
2026-09-08T19:30:37.715836+00:00,201,123624.227,
2026-09-08T19:32:21.011535+00:00,201,20339.111,
2026-09-08T19:32:17.113873+00:00,201,24244.062,
2026-09-08T19:32:22.326154+00:00,201,19041.778,
2026-09-08T19:32:17.017584+00:00,201,24354.311,
2026-09-08T19:31:30.752076+00:00,201,70620.491,
2026-09-08T19:32:06.697181+00:00,201,34686.922,
2026-09-08T19:32:04.635611+00:00,201,36756.568,
2026-09-08T19:31:57.342204+00:00,201,44053.752,
2026-09-08T19:32:06.918095+00:00,201,34479.064,
2026-09-08T19:31:43.403647+00:00,201,57995.857,
2026-09-08T19:32:19.472636+00:00,201,21932.943,
2026-09-08T19:31:08.967744+00:00,201,92439.384,
2026-09-08T19:32:01.552085+00:00,201,39855.512,
2026-09-08T19:32:17.922484+00:00,201,23492.412,
2026-09-08T19:31:49.550261+00:00,201,51865.435,
2026-09-08T19:31:10.415954+00:00,201,91001.013,
2026-09-08T19:32:03.512233+00:00,201,37927.378,
2026-09-08T19:31:54.787788+00:00,201,46652.681,
2026-09-08T19:32:15.983583+00:00,201,25458.461,
2026-09-08T19:32:01.003578+00:00,201,40440.32,
2026-09-08T19:32:10.971461+00:00,201,30474.641,
2026-09-08T19:32:01.408666+00:00,201,40044.399,
2026-09-08T19:32:21.636729+00:00,201,19833.49,
2026-09-08T19:31:03.028899+00:00,201,98444.087,
2026-09-08T19:32:03.887047+00:00,201,37589.603,
2026-09-08T19:32:01.146740+00:00,201,40331.034,
2026-09-08T19:31:56.964816+00:00,201,44533.551,
2026-09-08T19:31:45.573713+00:00,201,55927.784,
2026-09-08T19:31:48.171249+00:00,201,53336.167,
2026-09-08T19:31:59.682488+00:00,201,41834.858,
2026-09-08T19:32:03.413094+00:00,201,38121.072,
2026-09-08T19:32:13.020728+00:00,201,28518.52,
2026-09-08T19:32:14.210455+00:00,201,27329.515,
2026-09-08T19:31:20.274298+00:00,201,81266.337,
2026-09-08T19:32:20.702902+00:00,201,20842.682,
2026-09-08T19:32:01.079554+00:00,201,40476.565,
2026-09-08T19:31:44.605865+00:00,201,56953.364,
2026-09-08T19:31:42.696057+00:00,201,58865.393,
2026-09-08T19:31:54.941320+00:00,201,46628.483,
2026-09-08T19:31:09.125312+00:00,201,92447.015,
2026-09-08T19:32:12.509051+00:00,201,29067.934,
2026-09-08T19:32:13.914661+00:00,201,27662.712,
2026-09-08T19:31:30.135633+00:00,201,71442.115,
2026-09-08T19:32:01.383867+00:00,201,40194.384,
2026-09-08T19:32:16.365206+00:00,201,25214.98,
2026-09-08T19:30:55.030291+00:00,201,106555.781,
2026-09-08T19:31:43.410240+00:00,201,58184.728,
2026-09-08T19:31:44.994361+00:00,201,56602.955,
2026-09-08T19:32:09.905177+00:00,201,31713.521,
2026-09-08T19:30:55.322702+00:00,201,106298.466,
2026-09-08T19:32:17.125326+00:00,201,24504.236,
2026-09-08T19:31:41.558902+00:00,201,60071.209,
2026-09-08T19:31:52.277672+00:00,201,49361.045,
2026-09-08T19:31:55.984540+00:00,201,45656.407,
2026-09-08T19:31:53.289987+00:00,201,48357.162,
2026-09-08T19:32:16.173102+00:00,201,25477.745,
2026-09-08T19:31:56.756802+00:00,201,44894.755,
2026-09-08T19:31:52.363813+00:00,201,49290.431,
2026-09-08T19:32:00.939966+00:00,201,40719.0,
2026-09-08T19:31:37.085311+00:00,201,64584.554,
2026-09-08T19:32:19.719993+00:00,201,21953.607,
2026-09-08T19:31:52.136441+00:00,201,49539.333,
2026-09-08T19:31:38.543532+00:00,201,63135.198,
2026-09-08T19:31:45.811863+00:00,201,55870.067,
2026-09-08T19:32:04.350035+00:00,201,37336.101,
2026-09-08T19:31:07.100038+00:00,201,94596.547,
2026-09-08T19:31:16.572901+00:00,201,85124.362,
2026-09-08T19:32:04.965521+00:00,201,36738.058,
2026-09-08T19:31:41.929365+00:00,201,59779.723,
2026-09-08T19:31:57.137975+00:00,201,44578.734,
2026-09-08T19:32:00.121050+00:00,201,41597.38,
2026-09-08T19:32:18.844406+00:00,201,22880.189,
2026-09-08T19:31:46.838200+00:00,201,54890.859,
2026-09-08T19:31:44.942668+00:00,201,56790.627,
2026-09-08T19:30:45.100647+00:00,201,116647.046,
2026-09-08T19:32:00.942257+00:00,201,40810.328,
2026-09-08T19:31:59.886685+00:00,201,41866.221,
2026-09-08T19:31:56.935360+00:00,201,44822.57,
2026-09-08T19:30:46.192017+00:00,201,115566.187,
2026-09-08T19:30:55.326229+00:00,201,106433.02,
2026-09-08T19:30:23.515115+00:00,201,138255.782,
2026-09-08T19:32:23.646621+00:00,201,18126.933,
2026-09-08T19:32:00.563744+00:00,201,41212.014,
2026-09-08T19:32:21.623821+00:00,201,20156.949,
2026-09-08T19:32:19.446575+00:00,201,22341.295,
2026-09-08T19:31:51.715578+00:00,201,50078.267,
2026-09-08T19:31:44.988553+00:00,201,56809.997,
2026-09-08T19:32:19.721337+00:00,201,22077.649,
2026-09-08T19:31:38.376321+00:00,201,63426.358,
2026-09-08T19:32:01.261634+00:00,201,40542.052,
2026-09-08T19:32:23.100924+00:00,201,18704.122,
2026-09-08T19:31:06.393784+00:00,201,95417.612,
2026-09-08T19:32:00.998975+00:00,201,40821.737,
2026-09-08T19:31:41.678775+00:00,201,60154.916,
2026-09-08T19:31:57.539615+00:00,201,44294.452,
2026-09-08T19:32:13.356899+00:00,201,28486.021,
2026-09-08T19:32:13.217061+00:00,201,28629.666,
2026-09-08T19:31:26.293942+00:00,201,75553.159,
2026-09-08T19:31:52.994034+00:00,201,48854.018,
2026-09-08T19:31:06.624534+00:00,201,95224.364,
2026-09-08T19:31:56.841484+00:00,201,45016.423,
2026-09-08T19:31:08.384507+00:00,201,93473.729,
2026-09-08T19:31:24.048203+00:00,201,77818.509,
2026-09-08T19:31:39.282165+00:00,201,62588.341,
2026-09-08T19:32:21.399059+00:00,201,20478.604,
2026-09-08T19:31:40.471729+00:00,201,61409.905,
2026-09-08T19:32:14.670455+00:00,201,27212.521,
2026-09-08T19:32:15.699468+00:00,201,26189.51,
2026-09-08T19:32:22.914147+00:00,201,18979.339,
2026-09-08T19:32:17.415556+00:00,201,24483.112,
2026-09-08T19:31:55.298204+00:00,201,46608.015,
2026-09-08T19:31:58.102752+00:00,201,43808.912,
2026-09-08T19:32:13.091541+00:00,201,28822.69,
2026-09-08T19:31:49.518551+00:00,201,52398.135,
2026-09-08T19:32:18.351142+00:00,201,23580.003,
2026-09-08T19:31:47.400055+00:00,201,54532.924,
2026-09-08T19:31:16.728444+00:00,201,85207.119,
2026-09-08T19:31:40.785668+00:00,201,61164.23,
2026-09-08T19:32:02.875207+00:00,201,39086.927,
2026-09-08T19:31:37.023915+00:00,201,64956.358,
2026-09-08T19:30:18.777311+00:00,201,143207.955,
2026-09-08T19:31:58.451950+00:00,201,43536.917,
2026-09-08T19:30:51.476042+00:00,201,110521.605,
2026-09-08T19:31:45.279167+00:00,201,56719.479,
2026-09-08T19:32:18.366861+00:00,201,23645.703,
2026-09-08T19:32:20.011342+00:00,201,22002.705,
2026-09-08T19:31:46.561495+00:00,201,55452.876,
2026-09-08T19:32:17.850280+00:00,201,24165.782,
2026-09-08T19:32:23.466898+00:00,201,18549.595,
2026-09-08T19:30:50.767557+00:00,201,111249.629,
2026-09-08T19:31:23.183228+00:00,201,78839.569,
2026-09-08T19:32:22.119308+00:00,201,19908.57,
2026-09-08T19:31:56.380280+00:00,201,45654.497,
2026-09-08T19:32:12.069463+00:00,201,29972.769,
2026-09-08T19:31:46.653555+00:00,201,55391.504,
2026-09-08T19:32:02.403478+00:00,201,39642.81,
2026-09-08T19:31:56.743603+00:00,201,45319.318,
2026-09-08T19:32:13.525207+00:00,201,28547.464,
2026-09-08T19:30:54.996376+00:00,201,107077.513,
2026-09-08T19:31:59.296623+00:00,201,42778.168,
2026-09-08T19:31:50.469027+00:00,201,51610.165,
2026-09-08T19:32:08.265078+00:00,201,33816.745,
2026-09-08T19:31:13.723910+00:00,201,88358.635,
2026-09-08T19:31:49.827871+00:00,201,52259.441,
2026-09-08T19:31:37.344583+00:00,201,64755.842,
2026-09-08T19:30:46.299765+00:00,201,115810.281,
2026-09-08T19:32:03.340285+00:00,201,38777.885,
2026-09-08T19:31:08.309552+00:00,201,93819.531,
2026-09-08T19:32:23.507128+00:00,201,18622.453,
2026-09-08T19:32:18.342658+00:00,201,23788.355,
2026-09-08T19:32:10.870165+00:00,201,31266.094,
2026-09-08T19:32:23.048633+00:00,201,19089.72,
2026-09-08T19:32:04.736459+00:00,201,37404.185,
2026-09-08T19:31:13.829392+00:00,201,88313.221,
2026-09-08T19:32:01.038073+00:00,201,41105.0,
2026-09-08T19:32:00.895878+00:00,201,41251.765,
2026-09-08T19:31:55.171170+00:00,201,46980.967,
2026-09-08T19:30:39.695890+00:00,201,122459.899,
2026-09-08T19:32:23.912525+00:00,201,18244.311,
2026-09-08T19:31:19.713753+00:00,201,82444.203,
2026-09-08T19:31:59.232716+00:00,201,42928.262,
2026-09-08T19:32:23.072571+00:00,201,19096.898,
2026-09-08T19:31:52.712840+00:00,201,49477.15,
2026-09-08T19:31:22.678454+00:00,201,79515.478,
2026-09-08T19:31:22.959866+00:00,201,79235.657,
2026-09-08T19:31:11.395971+00:00,201,90807.068,
2026-09-08T19:31:21.747504+00:00,201,80464.783,
2026-09-08T19:32:23.784846+00:00,201,18436.757,
2026-09-08T19:30:55.742256+00:00,201,106482.39,
2026-09-08T19:31:23.642912+00:00,201,78582.501,
2026-09-08T19:32:19.280561+00:00,201,22952.164,
2026-09-08T19:31:38.838492+00:00,201,63394.628,
2026-09-08T19:32:15.501356+00:00,201,26734.602,
2026-09-08T19:31:47.303912+00:00,201,54933.629,
2026-09-08T19:32:04.954164+00:00,201,37299.255,
2026-09-08T19:32:00.583226+00:00,201,41672.326,
2026-09-08T19:31:42.602940+00:00,201,59653.997,
2026-09-08T19:32:23.905820+00:00,201,18362.413,
2026-09-08T19:32:13.256309+00:00,201,29018.034,
2026-09-08T19:31:23.795915+00:00,201,78480.909,
2026-09-08T19:31:14.094205+00:00,201,88183.273,
2026-09-08T19:31:45.824183+00:00,201,56455.053,
2026-09-08T19:32:21.927412+00:00,201,20354.669,
2026-09-08T19:32:11.541633+00:00,201,30742.856,
2026-09-08T19:31:54.887197+00:00,201,47402.409,
2026-09-08T19:32:23.363284+00:00,201,18937.827,
2026-09-08T19:31:07.800923+00:00,201,94508.155,
2026-09-08T19:31:54.915334+00:00,201,47397.479,
2026-09-08T19:32:11.098196+00:00,201,31214.979,
2026-09-08T19:30:52.853878+00:00,201,109461.098,
2026-09-08T19:32:11.846053+00:00,201,30470.954,
2026-09-08T19:31:04.505665+00:00,201,97816.414,
2026-09-08T19:32:16.229527+00:00,201,26099.774,
2026-09-08T19:32:03.820930+00:00,201,38514.358,
2026-09-08T19:31:18.439909+00:00,201,83898.058,
2026-09-08T19:31:36.151480+00:00,201,66189.289,
2026-09-08T19:30:50.608904+00:00,201,111742.457,
2026-09-08T19:31:13.385998+00:00,201,88967.71,
2026-09-08T19:32:03.781608+00:00,201,38583.34,
2026-09-08T19:32:18.684272+00:00,201,23686.207,
2026-09-08T19:31:23.717128+00:00,201,78657.247,
2026-09-08T19:32:19.886325+00:00,201,22488.498,
2026-09-08T19:32:13.724524+00:00,201,28659.208,
2026-09-08T19:31:55.188516+00:00,201,47197.521,
2026-09-08T19:31:45.237192+00:00,201,57151.01,
2026-09-08T19:31:50.004128+00:00,201,52384.472,
2026-09-08T19:32:19.364299+00:00,201,23027.27,
2026-09-08T19:32:06.377200+00:00,201,36014.82,
2026-09-08T19:30:51.601154+00:00,201,110791.394,
2026-09-08T19:32:04.293573+00:00,201,38102.015,
2026-09-08T19:31:57.809195+00:00,201,44589.537,
2026-09-08T19:31:17.647356+00:00,201,84773.768,
2026-09-08T19:32:00.338283+00:00,201,42088.025,
2026-09-08T19:32:06.131564+00:00,201,36300.911,
2026-09-08T19:32:17.821579+00:00,201,24613.172,
2026-09-08T19:32:12.219946+00:00,201,30217.111,
2026-09-08T19:31:59.010404+00:00,201,43432.049,
2026-09-08T19:32:16.882268+00:00,201,25560.624,
2026-09-08T19:32:08.125780+00:00,201,34324.915,
2026-09-08T19:31:02.564903+00:00,201,99889.392,
2026-09-08T19:32:16.568960+00:00,201,25887.034,
2026-09-08T19:31:29.297335+00:00,201,73159.397,
2026-09-08T19:32:00.262732+00:00,201,42194.952,
2026-09-08T19:31:52.554128+00:00,201,49904.426,
2026-09-08T19:32:04.156086+00:00,201,38308.191,
2026-09-08T19:31:27.233090+00:00,201,75232.81,
2026-09-08T19:32:19.143986+00:00,201,23334.101,
2026-09-08T19:31:39.677123+00:00,201,62806.976,
2026-09-08T19:32:01.629681+00:00,201,40859.205,
2026-09-08T19:32:10.684048+00:00,201,31805.815,
2026-09-08T19:31:45.644482+00:00,201,56856.692,
2026-09-08T19:31:59.170890+00:00,201,43333.181,
2026-09-08T19:31:20.880868+00:00,201,81628.99,
2026-09-08T19:32:03.204182+00:00,201,39308.293,
2026-09-08T19:31:44.640494+00:00,201,57875.179,
2026-09-08T19:32:17.956027+00:00,201,24569.704,
2026-09-08T19:32:19.151187+00:00,201,23380.295,
2026-09-08T19:30:50.118802+00:00,201,112413.705,
2026-09-08T19:31:54.404569+00:00,201,48135.199,
2026-09-08T19:32:17.177740+00:00,201,25369.861,
2026-09-08T19:31:59.165222+00:00,201,43393.198,
2026-09-08T19:32:19.468015+00:00,201,23095.325,
2026-09-08T19:32:14.966032+00:00,201,27598.249,
2026-09-08T19:31:53.605153+00:00,201,48970.951,
2026-09-08T19:31:02.027800+00:00,201,100549.445,
2026-09-08T19:32:04.186195+00:00,201,38391.984,
2026-09-08T19:31:36.058379+00:00,201,66522.805,
2026-09-08T19:32:13.769194+00:00,201,28817.94,
2026-09-08T19:31:45.523487+00:00,201,57064.066,
2026-09-08T19:32:02.822916+00:00,201,39765.092,
2026-09-08T19:32:21.095342+00:00,201,21493.154,
2026-09-08T19:31:03.511274+00:00,201,99089.346,
2026-09-08T19:30:56.314079+00:00,201,106293.076,
2026-09-08T19:31:21.763771+00:00,201,80843.863,
2026-09-08T19:32:22.844163+00:00,201,19773.516,
2026-09-08T19:31:57.961272+00:00,201,44656.86,
2026-09-08T19:31:53.732207+00:00,201,48888.856,
2026-09-08T19:31:36.758524+00:00,201,65863.599,
2026-09-08T19:32:17.977773+00:00,201,24662.148,
2026-09-08T19:31:24.141398+00:00,201,78507.496,
2026-09-08T19:32:18.355050+00:00,201,24294.317,
2026-09-08T19:32:21.005262+00:00,201,21644.574,
2026-09-08T19:31:15.919282+00:00,201,86730.863,
2026-09-08T19:32:03.924264+00:00,201,38729.32,
2026-09-08T19:32:11.051207+00:00,201,31612.109,
2026-09-08T19:31:58.165833+00:00,201,44501.255,
2026-09-08T19:31:58.887357+00:00,201,43786.082,
2026-09-08T19:30:50.606511+00:00,201,112068.154,
2026-09-08T19:32:05.523611+00:00,201,37160.195,
2026-09-08T19:30:55.129223+00:00,201,107557.495,
2026-09-08T19:32:14.025563+00:00,201,28670.216,
2026-09-08T19:31:41.609419+00:00,201,61087.716,
2026-09-08T19:31:28.623847+00:00,201,74075.344,
2026-09-08T19:32:19.786594+00:00,201,22923.576,
2026-09-08T19:31:59.091853+00:00,201,43627.461,
2026-09-08T19:31:05.932829+00:00,201,96787.504,
2026-09-08T19:32:16.402078+00:00,201,26320.522,
2026-09-08T19:32:13.495117+00:00,201,29228.897,
2026-09-08T19:32:08.746664+00:00,201,33981.041,
2026-09-08T19:30:46.316705+00:00,201,116422.432,
2026-09-08T19:31:19.964410+00:00,201,82784.746,
2026-09-08T19:31:28.297792+00:00,201,74457.49,
2026-09-08T19:31:55.784865+00:00,201,46975.097,
2026-09-08T19:31:07.579636+00:00,201,95187.725,
2026-09-08T19:31:46.432180+00:00,201,56338.506,
2026-09-08T19:30:56.095561+00:00,201,106675.979,
2026-09-08T19:31:46.369061+00:00,201,56403.88,
2026-09-08T19:31:17.133576+00:00,201,85645.159,
2026-09-08T19:31:59.195239+00:00,201,43585.101,
2026-09-08T19:32:13.336222+00:00,201,29445.076,
2026-09-08T19:32:04.665537+00:00,201,38126.784,
2026-09-08T19:31:28.839064+00:00,201,73953.637,
2026-09-08T19:31:58.211455+00:00,201,44589.15,
2026-09-08T19:31:11.917300+00:00,201,90884.192,
2026-09-08T19:31:10.009931+00:00,201,92793.071,
2026-09-08T19:31:53.517712+00:00,201,49288.338,
2026-09-08T19:32:16.127707+00:00,201,26696.103,
2026-09-08T19:32:03.770188+00:00,201,39054.547,
2026-09-08T19:32:09.400927+00:00,201,33437.03,
2026-09-08T19:30:28.644357+00:00,201,134206.491,
2026-09-08T19:32:15.852860+00:00,201,26998.792,
2026-09-08T19:31:51.778972+00:00,201,51074.465,
2026-09-08T19:31:06.039679+00:00,201,96816.935,
2026-09-08T19:32:14.815603+00:00,201,28049.774,
2026-09-08T19:32:03.121912+00:00,201,39745.927,
2026-09-08T19:30:52.755757+00:00,201,110114.273,
2026-09-08T19:32:13.925104+00:00,201,28948.958,
2026-09-08T19:31:59.351292+00:00,201,43525.148,
2026-09-08T19:30:56.170929+00:00,201,106706.76,
2026-09-08T19:31:28.373029+00:00,201,74516.243,
2026-09-08T19:31:57.761239+00:00,201,45133.814,
2026-09-08T19:31:35.440744+00:00,201,67455.97,
2026-09-08T19:32:05.799303+00:00,201,37098.535,
2026-09-08T19:31:34.898821+00:00,201,68001.834,
2026-09-08T19:31:57.971778+00:00,201,44946.476,
2026-09-08T19:32:13.792907+00:00,201,29151.947,
2026-09-08T19:32:16.705139+00:00,201,26245.087,
2026-09-08T19:32:23.076053+00:00,201,19876.602,
2026-09-08T19:31:30.716003+00:00,201,72241.544,
2026-09-08T19:31:29.670473+00:00,201,73288.71,
2026-09-08T19:31:20.540236+00:00,201,82425.198,
2026-09-08T19:32:10.239984+00:00,201,32726.534,
2026-09-08T19:30:58.527185+00:00,201,104439.696,
2026-09-08T19:32:10.921675+00:00,201,32047.916,
2026-09-08T19:32:02.271862+00:00,201,40700.133,
2026-09-08T19:32:16.507142+00:00,201,26465.426,
2026-09-08T19:32:17.549115+00:00,201,25435.772,
2026-09-08T19:31:22.319445+00:00,201,80677.553,
2026-09-08T19:31:14.350235+00:00,201,88656.326,
2026-09-08T19:32:18.180331+00:00,201,24826.925,
2026-09-08T19:32:15.832873+00:00,201,27177.878,
2026-09-08T19:31:58.612189+00:00,201,44402.101,
2026-09-08T19:31:46.835637+00:00,201,56182.628,
2026-09-08T19:32:04.860980+00:00,201,38163.916,
2026-09-08T19:31:03.657925+00:00,201,99372.759,
2026-09-08T19:32:10.219662+00:00,201,32813.075,
2026-09-08T19:32:18.891975+00:00,201,24144.33,
2026-09-08T19:31:43.379711+00:00,201,59657.472,
2026-09-08T19:32:19.552071+00:00,201,23505.536,
2026-09-08T19:31:14.835827+00:00,201,88224.492,
2026-09-08T19:32:10.491111+00:00,201,32570.913,
2026-09-08T19:32:06.090357+00:00,201,36973.641,
2026-09-08T19:32:15.284662+00:00,201,27801.251,
2026-09-08T19:32:03.297575+00:00,201,39791.299,
2026-09-08T19:32:02.225772+00:00,201,40865.961,
2026-09-08T19:32:15.135830+00:00,201,27961.125,
2026-09-08T19:32:03.018310+00:00,201,40085.338,
2026-09-08T19:32:09.925881+00:00,201,33178.268,
2026-09-08T19:32:16.297865+00:00,201,26807.032,
2026-09-08T19:31:45.374977+00:00,201,57730.362,
2026-09-08T19:32:23.801123+00:00,201,19324.093,
2026-09-08T19:31:19.941752+00:00,201,83191.023,
2026-09-08T19:32:16.719788+00:00,201,26415.091,
2026-09-08T19:32:18.046447+00:00,201,25093.36,
2026-09-08T19:32:10.253409+00:00,201,32889.599,
2026-09-08T19:32:14.595211+00:00,201,28550.059,
2026-09-08T19:32:18.132223+00:00,201,25019.046,
2026-09-08T19:32:12.758234+00:00,201,30399.863,
2026-09-08T19:31:24.282005+00:00,201,78876.472,
2026-09-08T19:31:41.019529+00:00,201,62151.678,
2026-09-08T19:32:16.128843+00:00,201,27043.408,
2026-09-08T19:32:14.882664+00:00,201,28290.569,
2026-09-08T19:31:12.427462+00:00,201,90746.807,
2026-09-08T19:32:12.819604+00:00,201,30365.226,
2026-09-08T19:32:22.784501+00:00,201,20405.643,
2026-09-08T19:31:59.882998+00:00,201,43317.179,
2026-09-08T19:31:23.628300+00:00,201,79579.263,
2026-09-08T19:31:12.788943+00:00,201,90433.217,
2026-09-08T19:30:56.000421+00:00,201,107222.746,
2026-09-08T19:30:55.412368+00:00,201,107814.551,
2026-09-08T19:31:55.407036+00:00,201,47822.098,
2026-09-08T19:31:27.370387+00:00,201,75860.921,
2026-09-08T19:32:17.757747+00:00,201,25481.849,
2026-09-08T19:32:10.541093+00:00,201,32701.114,
2026-09-08T19:31:54.560359+00:00,201,48682.673,
2026-09-08T19:32:16.499153+00:00,201,26745.886,
2026-09-08T19:30:26.590883+00:00,201,136663.157,
2026-09-08T19:31:00.892276+00:00,201,102366.573,
2026-09-08T19:31:24.355608+00:00,201,78906.384,
2026-09-08T19:31:46.932381+00:00,201,56340.088,
2026-09-08T19:32:02.585081+00:00,201,40689.83,
2026-09-08T19:32:00.475650+00:00,201,42819.272,
2026-09-08T19:32:15.093967+00:00,201,28206.347,
2026-09-08T19:32:18.265229+00:00,201,25039.042,
2026-09-08T19:32:11.461663+00:00,201,31844.235,
2026-09-08T19:32:14.606645+00:00,201,28703.218,
2026-09-08T19:32:03.322620+00:00,201,39992.555,
2026-09-08T19:32:13.140060+00:00,201,30176.539,
2026-09-08T19:31:52.283050+00:00,201,51036.518,
2026-09-08T19:32:12.512934+00:00,201,30808.074,
2026-09-08T19:32:18.970802+00:00,201,24350.666,
2026-09-08T19:30:39.743531+00:00,201,123582.679,
2026-09-08T19:31:58.234275+00:00,201,45104.797,
2026-09-08T19:31:45.357598+00:00,201,57986.92,
2026-09-08T19:32:10.270352+00:00,201,33087.028,
2026-09-08T19:32:17.322455+00:00,201,26042.837,
2026-09-08T19:31:56.175353+00:00,201,47194.053,
2026-09-08T19:32:08.558956+00:00,201,34811.089,
2026-09-08T19:32:16.253716+00:00,201,27119.102,
2026-09-08T19:31:58.300561+00:00,201,45077.508,
2026-09-08T19:31:58.487632+00:00,201,44895.359,
2026-09-08T19:30:40.227038+00:00,201,123158.751,
2026-09-08T19:30:55.370612+00:00,201,108015.674,
2026-09-08T19:32:05.059630+00:00,201,38334.36,
2026-09-08T19:30:40.565834+00:00,201,122832.964,
2026-09-08T19:31:09.195857+00:00,201,94210.741,
2026-09-08T19:31:23.799264+00:00,201,79610.059,
2026-09-08T19:30:59.251030+00:00,201,104160.996,
2026-09-08T19:30:43.623536+00:00,201,119799.763,
2026-09-08T19:31:39.861585+00:00,201,63563.254,
2026-09-08T19:31:26.396190+00:00,201,77038.955,
2026-09-08T19:32:04.982998+00:00,201,38461.893,
2026-09-08T19:31:58.670180+00:00,201,44775.222,
2026-09-08T19:32:18.309328+00:00,201,25154.211,
2026-09-08T19:32:05.164671+00:00,201,38301.675,
2026-09-08T19:32:03.170554+00:00,201,40297.576,
2026-09-08T19:31:56.390374+00:00,201,47087.269,
2026-09-08T19:30:50.423397+00:00,201,113071.401,
2026-09-08T19:32:19.429137+00:00,201,24066.65,
2026-09-08T19:32:02.252215+00:00,201,41245.474,
2026-09-08T19:31:49.985302+00:00,201,53516.602,
2026-09-08T19:30:28.593209+00:00,201,134914.905,
2026-09-08T19:32:04.241684+00:00,201,39271.973,
2026-09-08T19:32:02.727948+00:00,201,40788.65,
2026-09-08T19:32:11.440832+00:00,201,32084.009,
2026-09-08T19:31:14.948648+00:00,201,88581.812,
2026-09-08T19:31:05.081440+00:00,201,98450.834,
2026-09-08T19:32:17.504623+00:00,201,26031.791,
2026-09-08T19:31:53.256589+00:00,201,50287.936,
2026-09-08T19:32:16.798710+00:00,201,26747.835,
2026-09-08T19:32:21.602991+00:00,201,21956.486,
2026-09-08T19:31:42.859011+00:00,201,60701.791,
2026-09-08T19:32:14.581287+00:00,201,28987.05,
2026-09-08T19:31:50.089054+00:00,201,53481.052,
2026-09-08T19:31:50.861651+00:00,201,52708.944,
2026-09-08T19:31:49.110313+00:00,201,54460.731,
2026-09-08T19:31:52.774505+00:00,201,50813.095,
2026-09-08T19:32:17.706349+00:00,201,25888.295,
2026-09-08T19:31:59.627845+00:00,201,43979.558,
2026-09-08T19:30:37.922109+00:00,201,125688.746,
2026-09-08T19:31:16.149815+00:00,201,87462.503,
2026-09-08T19:31:14.176865+00:00,201,89436.009,
2026-09-08T19:32:12.109065+00:00,201,31504.957,
2026-09-08T19:32:16.414086+00:00,201,27215.877,
2026-09-08T19:31:48.027949+00:00,201,55603.421,
2026-09-08T19:32:00.027995+00:00,201,43605.466,
2026-09-08T19:32:22.096045+00:00,201,21537.972,
2026-09-08T19:32:13.244711+00:00,201,30395.987,
2026-09-08T19:32:05.043961+00:00,201,38599.945,
2026-09-08T19:32:01.614282+00:00,201,42030.812,
2026-09-08T19:31:45.416840+00:00,201,58230.827,
2026-09-08T19:31:58.870367+00:00,201,44779.762,
2026-09-08T19:31:46.482930+00:00,201,57168.037,
2026-09-08T19:32:21.578414+00:00,201,22074.291,
2026-09-08T19:32:17.951677+00:00,201,25742.348,
2026-09-08T19:32:06.760910+00:00,201,36936.049,
2026-09-08T19:31:03.563723+00:00,201,100139.328,
2026-09-08T19:31:52.298649+00:00,201,51408.478,
2026-09-08T19:32:16.170792+00:00,201,27537.167,
2026-09-08T19:31:00.941952+00:00,201,102768.349,
2026-09-08T19:32:13.071631+00:00,201,30640.06,
2026-09-08T19:30:55.762243+00:00,201,107949.759,
2026-09-08T19:32:14.556073+00:00,201,29161.753,
2026-09-08T19:32:03.481757+00:00,201,40246.324,
2026-09-08T19:32:14.190292+00:00,201,29538.625,
2026-09-08T19:32:22.062887+00:00,201,21669.775,
2026-09-08T19:32:09.913572+00:00,201,33822.086,
2026-09-08T19:32:04.247319+00:00,201,39497.831,
2026-09-08T19:32:12.700777+00:00,201,31045.835,
2026-09-08T19:32:14.994855+00:00,201,28761.38,
2026-09-08T19:31:43.156970+00:00,201,60600.58,
2026-09-08T19:31:10.839809+00:00,201,92919.932,
2026-09-08T19:32:15.398443+00:00,201,28362.874,
2026-09-08T19:31:18.366859+00:00,201,85403.332,
2026-09-08T19:30:18.177991+00:00,201,145595.921,
2026-09-08T19:32:12.724502+00:00,201,31064.105,
2026-09-08T19:31:48.229408+00:00,201,55560.656,
2026-09-08T19:32:12.360575+00:00,201,31430.62,
2026-09-08T19:32:00.029334+00:00,201,43773.799,
2026-09-08T19:31:59.266376+00:00,201,44541.365,
2026-09-08T19:31:38.235589+00:00,201,65572.508,
2026-09-08T19:32:13.897865+00:00,201,29911.159,
2026-09-08T19:31:51.876665+00:00,201,51940.864,
2026-09-08T19:31:18.913927+00:00,201,84904.799,
2026-09-08T19:31:51.619416+00:00,201,52204.257,
2026-09-08T19:30:36.036958+00:00,201,127787.059,
2026-09-08T19:31:13.418287+00:00,201,90406.294,
2026-09-08T19:31:53.068272+00:00,201,50758.579,
2026-09-08T19:32:09.499588+00:00,201,34341.478,
2026-09-08T19:31:54.504409+00:00,201,49342.224,
2026-09-08T19:31:51.835471+00:00,201,52013.471,
2026-09-08T19:31:21.440097+00:00,201,82411.802,
2026-09-08T19:32:06.187814+00:00,201,37670.162,
2026-09-08T19:32:04.619772+00:00,201,39242.592,
2026-09-08T19:31:11.120860+00:00,201,92748.331,
2026-09-08T19:31:28.246181+00:00,201,75625.531,
2026-09-08T19:31:21.265971+00:00,201,82606.184,
2026-09-08T19:32:13.076248+00:00,201,30796.463,
2026-09-08T19:31:50.078387+00:00,201,53798.76,
2026-09-08T19:32:23.688877+00:00,201,20194.03,
2026-09-08T19:30:51.407998+00:00,201,112477.023,
2026-09-08T19:31:38.248844+00:00,201,65645.374,
2026-09-08T19:31:57.188556+00:00,201,46706.678,
2026-09-08T19:32:19.996407+00:00,201,23909.745,
2026-09-08T19:32:01.540328+00:00,201,42370.678,
2026-09-08T19:31:49.561991+00:00,201,54350.792,
2026-09-08T19:32:17.809445+00:00,201,26112.751,
2026-09-08T19:31:21.947756+00:00,201,81977.084,
2026-09-08T19:31:57.001747+00:00,201,46931.671,
2026-09-08T19:32:00.017719+00:00,201,43926.917,
2026-09-08T19:32:14.833347+00:00,201,29112.68,
2026-09-08T19:32:06.342039+00:00,201,37604.549,
2026-09-08T19:30:52.520168+00:00,201,111440.857,
2026-09-08T19:32:18.239304+00:00,201,25722.792,
2026-09-08T19:31:13.191164+00:00,201,90777.923,
2026-09-08T19:31:59.926856+00:00,201,44047.67,
2026-09-08T19:32:03.534725+00:00,201,40444.017,
2026-09-08T19:31:38.887221+00:00,201,65092.056,
2026-09-08T19:31:44.803342+00:00,201,59180.381,
2026-09-08T19:31:44.860955+00:00,201,59128.158,
2026-09-08T19:31:49.115227+00:00,201,54884.206,
2026-09-08T19:32:22.590179+00:00,201,21409.785,
2026-09-08T19:32:17.276714+00:00,201,26724.862,
2026-09-08T19:31:51.575630+00:00,201,52426.955,
2026-09-08T19:32:21.214739+00:00,201,22792.298,
2026-09-08T19:32:19.593096+00:00,201,24418.055,
2026-09-08T19:32:02.392539+00:00,201,41631.904,
2026-09-08T19:31:59.311093+00:00,201,44721.968,
2026-09-08T19:32:04.479203+00:00,201,39563.63,
2026-09-08T19:30:35.957611+00:00,201,128086.905,
2026-09-08T19:31:05.010272+00:00,201,99047.109,
2026-09-08T19:31:30.128132+00:00,201,73933.251,
2026-09-08T19:31:48.222206+00:00,201,55841.287,
2026-09-08T19:31:30.398707+00:00,201,73666.763,
2026-09-08T19:32:18.977677+00:00,201,25088.626,
2026-09-08T19:32:07.929675+00:00,201,36137.231,
2026-09-08T19:31:16.015265+00:00,201,88068.271,
2026-09-08T19:31:28.542388+00:00,201,75546.402,
2026-09-08T19:31:57.466735+00:00,201,46622.949,
2026-09-08T19:31:08.164189+00:00,201,95926.44,
2026-09-08T19:31:21.567805+00:00,201,82531.449,
2026-09-08T19:30:58.652441+00:00,201,105448.659,
2026-09-08T19:31:36.964985+00:00,201,67140.555,
2026-09-08T19:32:17.400514+00:00,201,26708.154,
2026-09-08T19:31:53.658329+00:00,201,50450.752,
2026-09-08T19:31:07.687800+00:00,201,96437.854,
2026-09-08T19:31:53.024514+00:00,201,51106.931,
2026-09-08T19:31:51.707237+00:00,201,52424.751,
2026-09-08T19:32:23.487845+00:00,201,20645.98,
2026-09-08T19:30:53.249865+00:00,201,110887.837,
2026-09-08T19:31:15.834625+00:00,201,88314.061,
2026-09-08T19:32:01.781189+00:00,201,42372.144,
2026-09-08T19:32:21.260898+00:00,201,22894.048,
2026-09-08T19:32:17.074863+00:00,201,27089.48,
2026-09-08T19:32:17.122892+00:00,201,27041.938,
2026-09-08T19:32:13.916049+00:00,201,30260.735,
2026-09-08T19:32:21.140973+00:00,201,23037.673,
2026-09-08T19:31:45.857006+00:00,201,58328.096,
2026-09-08T19:32:04.885966+00:00,201,39300.141,
2026-09-08T19:30:54.904745+00:00,201,109282.243,
2026-09-08T19:32:18.255830+00:00,201,25933.377,
2026-09-08T19:32:12.923457+00:00,201,31280.127,
2026-09-08T19:32:20.913685+00:00,201,23291.306,
2026-09-08T19:32:18.639872+00:00,201,25575.857,
2026-09-08T19:30:24.666966+00:00,201,139551.487,
2026-09-08T19:32:20.020910+00:00,201,24200.577,
2026-09-08T19:30:47.774264+00:00,201,116448.424,
2026-09-08T19:32:16.610530+00:00,201,27616.658,
2026-09-08T19:31:54.817017+00:00,201,49420.658,
2026-09-08T19:32:19.444860+00:00,201,24800.89,
2026-09-08T19:32:02.175090+00:00,201,42072.357,
2026-09-08T19:32:19.140714+00:00,201,25107.574,
2026-09-08T19:31:01.594687+00:00,201,102663.745,
2026-09-08T19:32:11.584394+00:00,201,32678.523,
2026-09-08T19:31:39.797529+00:00,201,64468.969,
2026-09-08T19:32:13.552770+00:00,201,30717.552,
2026-09-08T19:32:17.537785+00:00,201,26734.589,
2026-09-08T19:32:15.661351+00:00,201,28612.335,
2026-09-08T19:31:29.030626+00:00,201,75246.011,
2026-09-08T19:32:17.204358+00:00,201,27076.092,
2026-09-08T19:31:22.802535+00:00,201,81483.784,
2026-09-08T19:32:18.083757+00:00,201,26203.604,
2026-09-08T19:32:15.223459+00:00,201,29065.937,
2026-09-08T19:32:05.179878+00:00,201,39121.837,
2026-09-08T19:32:10.614864+00:00,201,33687.511,
2026-09-08T19:31:44.353275+00:00,201,59961.64,
2026-09-08T19:32:01.554570+00:00,201,42769.097,
2026-09-08T19:32:15.228054+00:00,201,29102.762,
2026-09-08T19:30:49.195273+00:00,201,115136.142,
2026-09-08T19:32:20.024670+00:00,201,24310.558,
2026-09-08T19:30:55.019933+00:00,201,109316.854,
2026-09-08T19:32:23.395501+00:00,201,20943.438,
2026-09-08T19:32:02.135371+00:00,201,42207.319,
2026-09-08T19:31:45.513533+00:00,201,58830.783,
2026-09-08T19:32:23.809714+00:00,201,20547.485,
2026-09-08T19:31:40.903672+00:00,201,63456.171,
2026-09-08T19:31:21.447530+00:00,201,82926.788,
2026-09-08T19:31:48.238584+00:00,201,56142.474,
2026-09-08T19:31:55.552465+00:00,201,48844.665,
2026-09-08T19:31:44.435240+00:00,201,59970.385,
2026-09-08T19:32:16.710798+00:00,201,27696.097,
2026-09-08T19:31:49.759063+00:00,201,54648.312,
2026-09-08T19:31:51.737374+00:00,201,52676.454,
2026-09-08T19:31:53.350461+00:00,201,51065.586,
2026-09-08T19:32:19.546896+00:00,201,24884.287,
2026-09-08T19:32:05.021435+00:00,201,39412.298,
2026-09-08T19:32:02.554922+00:00,201,41880.686,
2026-09-08T19:32:21.396793+00:00,201,23045.014,
2026-09-08T19:31:40.851639+00:00,201,63592.998,
2026-09-08T19:31:51.309782+00:00,201,53142.488,
2026-09-08T19:32:13.968507+00:00,201,30490.688,
2026-09-08T19:32:01.022291+00:00,201,43441.163,
2026-09-08T19:32:17.451563+00:00,201,27027.001,
2026-09-08T19:31:53.594936+00:00,201,50884.768,
2026-09-08T19:32:01.512051+00:00,201,42972.967,
2026-09-08T19:32:07.785510+00:00,201,36702.988,
2026-09-08T19:32:13.981484+00:00,201,30508.181,
2026-09-08T19:31:58.845824+00:00,201,45648.973,
2026-09-08T19:32:04.797247+00:00,201,39704.335,
2026-09-08T19:32:09.355343+00:00,201,35148.673,
2026-09-08T19:31:53.592821+00:00,201,50921.533,
2026-09-08T19:30:56.915096+00:00,201,107600.742,
2026-09-08T19:31:24.627976+00:00,201,79889.663,
2026-09-08T19:31:48.094145+00:00,201,56438.389,
2026-09-08T19:31:38.603744+00:00,201,65929.446,
2026-09-08T19:32:12.954496+00:00,201,31579.571,
2026-09-08T19:32:16.360866+00:00,201,28177.794,
2026-09-08T19:31:55.207870+00:00,201,49336.382,
2026-09-08T19:32:14.554480+00:00,201,29996.669,
2026-09-08T19:30:32.333396+00:00,201,132225.867,
2026-09-08T19:31:41.016057+00:00,201,63547.595,
2026-09-08T19:32:12.462010+00:00,201,32117.775,
2026-09-08T19:32:09.141967+00:00,201,35442.696,
2026-09-08T19:31:36.392128+00:00,201,68193.059,
2026-09-08T19:32:17.155017+00:00,201,27441.72,
2026-09-08T19:31:12.191725+00:00,201,92407.066,
2026-09-08T19:32:20.159299+00:00,201,24441.956,
2026-09-08T19:32:00.622347+00:00,201,43987.156,
2026-09-08T19:32:19.807517+00:00,201,24805.929,
2026-09-08T19:32:21.803807+00:00,201,22810.24,
2026-09-08T19:32:13.293013+00:00,201,31330.134,
2026-09-08T19:32:13.507596+00:00,201,31125.124,
2026-09-08T19:31:48.372124+00:00,201,56267.38,
2026-09-08T19:32:04.992248+00:00,201,39653.786,
2026-09-08T19:31:38.454028+00:00,201,66193.034,
2026-09-08T19:32:16.120157+00:00,201,28531.584,
2026-09-08T19:32:19.999951+00:00,201,24660.669,
2026-09-08T19:32:05.814147+00:00,201,38848.235,
2026-09-08T19:31:25.501011+00:00,201,79168.769,
2026-09-08T19:31:50.829146+00:00,201,53847.22,
2026-09-08T19:32:15.206034+00:00,201,29475.059,
2026-09-08T19:31:57.956220+00:00,201,46726.087,
2026-09-08T19:30:42.137914+00:00,201,122550.403,
2026-09-08T19:32:14.582817+00:00,201,30110.923,
2026-09-08T19:32:18.987410+00:00,201,25709.18,
2026-09-08T19:32:00.428255+00:00,201,44270.962,
2026-09-08T19:32:13.529667+00:00,201,31174.406,
2026-09-08T19:32:18.420989+00:00,201,26285.248,
2026-09-08T19:31:59.705920+00:00,201,45010.079,
2026-09-08T19:32:16.604625+00:00,201,28117.242,
2026-09-08T19:32:04.056859+00:00,201,40668.139,
2026-09-08T19:31:55.093347+00:00,201,49640.692,
2026-09-08T19:30:31.915651+00:00,201,132818.78,
2026-09-08T19:31:52.568880+00:00,201,52166.167,
2026-09-08T19:31:53.963865+00:00,201,50771.822,
2026-09-08T19:31:56.848347+00:00,201,47894.55,
2026-09-08T19:32:21.453068+00:00,201,23294.316,
2026-09-08T19:30:35.415262+00:00,201,129340.145,
2026-09-08T19:32:21.068353+00:00,201,23694.972,
2026-09-08T19:31:44.553320+00:00,201,60214.211,
2026-09-08T19:30:59.283301+00:00,201,105484.668,
2026-09-08T19:31:54.944502+00:00,201,49824.173,
2026-09-08T19:32:05.784753+00:00,201,38990.613,
2026-09-08T19:31:58.579820+00:00,201,46196.196,
2026-09-08T19:31:40.075716+00:00,201,64712.485,
2026-09-08T19:32:19.371633+00:00,201,25421.988,
2026-09-08T19:31:36.661435+00:00,201,68138.435,
2026-09-08T19:32:15.874835+00:00,201,28925.68,
2026-09-08T19:30:06.075163+00:00,201,158732.863,
2026-09-08T19:31:14.808599+00:00,201,90000.146,
2026-09-08T19:32:18.581398+00:00,201,26241.004,
2026-09-08T19:32:01.873445+00:00,201,42951.874,
2026-09-08T19:31:39.018799+00:00,201,65807.108,
2026-09-08T19:31:47.130012+00:00,201,57700.868,
2026-09-08T19:32:11.598001+00:00,201,33233.537,
2026-09-08T19:32:06.592237+00:00,201,38244.757,
2026-09-08T19:32:13.788926+00:00,201,31056.648,
2026-09-08T19:31:20.699118+00:00,201,84148.613,
2026-09-08T19:31:39.385198+00:00,201,65466.808,
2026-09-08T19:32:19.669631+00:00,201,25186.434,
2026-09-08T19:32:04.124565+00:00,201,40740.255,
2026-09-08T19:32:11.968021+00:00,201,32899.522,
2026-09-08T19:32:10.259454+00:00,201,34610.669,
2026-09-08T19:32:16.267342+00:00,201,28607.397,
2026-09-08T19:32:10.691693+00:00,201,34184.919,
2026-09-08T19:32:10.732059+00:00,201,34146.246,
2026-09-08T19:32:21.070514+00:00,201,23809.589,
2026-09-08T19:32:04.739110+00:00,201,40141.866,
2026-09-08T19:32:03.260531+00:00,201,41624.195,
2026-09-08T19:31:05.929528+00:00,201,98962.564,
2026-09-08T19:31:02.283405+00:00,201,102611.539,
2026-09-08T19:31:17.956085+00:00,201,86940.322,
2026-09-08T19:32:10.599062+00:00,201,34300.049,
2026-09-08T19:30:51.120778+00:00,201,113779.489,
2026-09-08T19:32:02.977283+00:00,201,41923.799,
2026-09-08T19:32:15.099513+00:00,201,29802.264,
